id,Y1,Y2
1,0.6130316953000943,-0.24498710047808062
2,-0.19885142123030475,-0.5703494016678727
3,-0.2881919848051059,-0.1636994579276118
4,-0.3793565533252454,0.08540528387747699
5,-1.1292166745558934,0.44501482283974353
6,0.27972080919240877,0.5782165018494747
7,1.3883776239287875,0.7113777800551074
8,-0.28131904298044796,-0.2010371684830613
9,-0.9648624837757596,-0.06053841584203622
10,-1.433390749920105,-0.1634321121357832
11,-1.5521091372003828,1.3885814391325904
12,0.03524240417982491,0.09671969817294147
13,-0.8088409991571098,0.5551195541468502
14,-0.31730257090298214,-0.34842551298062663
15,-0.11764179995686734,-0.18442986585175972
16,1.6567776460393782,-0.08376100427256868
17,1.0730758604836044,0.09140241468033222
18,1.2789552471324974,0.46343157152667647
19,-0.49436195728650145,-0.14349517410423657
20,-0.9624805774759958,0.07218557412537795
21,0.808262593321334,0.17879858115978783
22,0.9734188842931591,0.33148412682421696
23,-1.0096696640478382,-0.13560314594300968
24,0.9215747462510145,-0.3625412278630182
25,1.7689605393135928,1.222398930300853
26,1.3912261571635185,2.5830164071849726
27,-0.7941213274477484,0.5508517099288276
28,-0.43636402487469017,-0.21452709171184173
29,-3.19245645563861,2.2153520309559354
30,2.5954132922641455,2.6210866706890736
31,3.5349629811762715,2.1817411902306207
32,-1.905625821066093,1.4624320887386948
33,1.8043465212710188,1.7654789381758853
34,1.3607358042117021,1.3743470496611672
35,-0.29851821111261667,0.8657418857863252
36,1.1923863435848054,1.3736173937474025
37,-0.6281464607716173,0.5064151796272212
38,-0.40966865704570804,0.04586620903828458
39,-0.4696488690250601,0.21380998425394393
40,1.5707650377292777,-0.3139261231446765
41,-0.9818295014473639,-0.05311352784540396
42,-0.5257643792220698,0.06759584839125168
43,1.1417260893234937,-0.3796372436302912
44,-0.7455407773265946,-0.08526667137464354
45,-3.258893178985102,1.251870630452506
46,0.13940216564233768,0.5468924202856799
47,1.5572913085080566,0.2295806867671803
48,0.8847818244651374,-0.21120157966888492
49,0.49651390559312875,0.017548790792941853
50,-0.4017788631477877,-0.3590731128037854
51,0.4260749843137449,-0.21466586798875884
52,-1.504841984183505,-0.14701177871117266
53,-0.43610218229287606,-0.41087023470534784
54,-1.6796933502456788,0.2222075874747509
55,1.0964062142725255,-0.270950341874403
56,0.5614198860471735,-0.3561572154982606
57,-0.3055867714196767,-0.525027768988936
58,-1.4953791875712463,-0.0663231734411046
59,1.352490066715283,-0.3879358354223807
60,-0.2389263334660816,-0.48605004520508877
61,0.2747767888298658,-0.5550431835376499
62,-0.4895462985442764,-0.5014873771055673
63,-0.8889140680449835,-0.29049502470945593
64,-0.415386268106822,-0.3349840209086393
65,0.20375584185021028,-0.4773734781961246
66,0.5353987728603576,-0.4629146119278308
67,0.9180198740283964,-0.05100697304704219
68,-0.908861736810291,-0.03815313348694537
69,0.49007467282260575,-0.4050696592904901
70,0.05965646750219321,-0.44399599544282115
71,0.18916564563207688,0.0247737437517353
72,0.8552707795517001,-0.27355513011613003
73,0.11430249254532357,-0.3065902644500979
74,-0.12275791413558217,0.42716122565118664
75,-0.6653518660978252,-0.3954300683241828
76,0.818740118974011,-0.24330728199397234
77,-0.9266396976740975,-0.16499476220069373
78,0.6623518243464948,-0.5330175578714393
79,1.0903877335577878,-0.34730325203154994
80,0.2104370003067806,-0.18471426507876243
81,0.3430647342087964,-0.4781983623293215
82,0.9437266006737246,-0.1406603417797448
83,0.401336915410561,-0.4138803910132644
84,-0.6307018508165013,0.03903591092986742
85,-0.3050904710034387,-0.2333303153954494
86,-0.04290687261210349,-0.4653253623190392
87,-0.28056877440239897,-0.5419430902505081
88,0.3054095255854901,-0.6205589945508827
89,0.6992870577542585,-0.3896658026418199
90,0.03921206944165794,-0.2760166760956685
91,0.6101669036118973,-0.3502069442970193
92,0.6660642785295455,0.1256562939407913
93,-0.8466951593327777,-0.4278257939939925
94,-1.0403447422643048,-0.36460960981231233
95,0.19155469117944882,-0.4993379018874542
96,0.6152662743772568,-0.37293196615645924
97,1.0804332072758214,-0.2416060193699315
98,0.257363562555662,-0.4675736581870399
99,0.10036534969929396,-0.2282145217317365
100,-0.38071445838818685,-0.31548273640402413
101,0.30166431456865334,-0.4555362478563742
102,-0.5322843822369988,-0.25237261397693295
103,1.667107828907327,0.38067126255046707
104,1.6915220993924687,1.375335455931775
105,0.09386769780694874,1.4757940319943337
106,0.9063491229447889,1.1159792994139774
107,-0.01949560769889988,0.7322199422009893
108,0.358698347775307,0.3357725979909981
109,0.5490730476496697,-0.13238485626180868
110,0.13548002056883632,-0.4806065832750576
111,-0.8147522793403978,0.1301949788840006
112,0.03451950427567527,-0.35475698018104296
113,-1.5189163758230007,0.5158632484942027
114,-0.555076121702763,-0.19887208777826004
115,-0.4804363877410507,1.267139410180127
116,-0.16508328175373724,0.025848560537999745
117,-0.7127269488121061,0.4919251960551978
118,0.08772406152992947,-0.20074957246765557
119,1.133574258195952,0.016714317097676158
120,-0.34068016088698333,0.061628509269822995
121,-1.5584553802427437,0.36466442394728293
122,0.2607697105529541,0.33474679149990477
123,0.8186226020186842,-0.1180133215322074
124,0.16017442775674448,-0.1766029062994715
125,0.0917525595424152,0.515348146391464
126,1.1125363051079293,1.2182408511220277
127,-3.5752674954170818,4.308962649242464
128,0.5707892414807467,2.3904714486750427
129,2.0712273408675754,2.1641660777477782
130,1.7034353467838619,2.569382602294138
131,2.7953717168959757,2.532080463726757
132,-0.3229867797704711,3.847052982698746
133,1.234617041571467,2.1015541749135913
134,-0.0062327212585629975,1.0761007361944956
135,-0.9101686619829948,1.367378030928366
136,-1.1168940722744722,0.588873826233035
137,-0.1428992851158406,0.26655026657060615
138,0.3837331535280429,0.21446236264424343
139,-0.2394144941247059,0.1825358352861031
140,-0.23879370365169592,0.11643663896459797
141,-0.11981343596648311,-0.4673177386647097
142,-0.10171841972005254,-0.21698918389455688
143,-1.338590435960217,0.2082381356709202
144,0.02230232945719204,-0.2269250640323713
145,0.7552716683023729,-0.29815204785373
146,-0.2436585096897634,-0.020223393646072306
147,-0.03980084001597545,-0.44111790469226747
148,-0.9539917687755927,-0.3802132544194648
149,0.3831260284494276,-0.23018523873756158
150,0.08842144367990223,-0.3587009577668353
151,0.11767476711406623,-0.4034942467068018
152,-0.7046941278361908,-0.31373680117038055
153,0.5861024815461404,-0.5707543896646791
154,1.2984198012397248,-0.26086323158218777
155,0.4779487488743309,-0.5083773378238114
156,-0.458987975031302,-0.5740958680604468
157,0.3320650988791126,-0.4319643229594227
158,-0.6112862954665129,-0.5093219192305204
159,0.7498637810761171,-0.34467909587506745
160,0.01925170872064155,-0.3640211532554449
161,0.01845191828701852,-0.31974294406833226
162,-0.477446330989811,-0.31650083250677774
163,-0.6278323427668201,-0.23323531442331283
164,1.481143129843683,-0.3181543747509873
165,-0.22852969381697882,-0.21196704888206944
166,-0.4859025388285469,-0.472863575624016
167,-0.771061292596385,-0.37321774160511334
168,-0.3449418264073669,-0.3548632669866117
169,-0.17578980591083312,-0.2705994185390268
170,-0.4323725022073219,-0.4391523590839645
171,-0.7116278029739933,-0.0014709766493054225
172,0.13726004310433898,-0.3754696543730855
173,1.1264369467518907,-0.31961338743960377
174,-0.3247840873428185,-0.1627639404354064
175,-2.7942745321522424,0.957976383274568
176,0.5569620459344912,0.2737634773027309
177,-0.4937876014903937,-0.24055378086630128
178,0.3649559625795151,-0.1960636401698464
179,1.0733053100545336,-0.31516848487287663
180,-0.29626645049842726,-0.4915293573805813
181,-0.5607872167237061,-0.14318576768181604
182,-0.4405239482766224,-0.4494469748098173
183,0.7518283117022622,-0.36098000244373635
184,-0.05872141069643464,-0.521572820899721
185,-1.0317287428162736,-0.18952370554152723
186,0.8283281700914951,-0.26388668272772325
187,-1.404550232085563,-0.1524730721053022
188,-0.9875880729644996,-0.06561198013593757
189,0.01795507158925723,0.028393510714890925
190,-0.6645715934916545,-0.12905615670294288
191,0.24691700670464994,-0.1767221509187045
192,0.6273449183827418,-0.018073288784157485
193,0.7855939996346959,-0.21976600962994713
194,-1.2638986709279192,-0.2925231858764362
195,0.23490136929860958,-0.482594769349525
196,0.3430079042522359,-0.16764008680172388
197,0.6670879476406855,0.6098627733318772
198,0.8607311312605874,0.09836379001740647
199,-0.271954991952339,-0.20871176310358935
200,1.550532589680488,0.012996808106506318
201,0.33952330969320876,-0.20773138395808688
202,-0.25431239795852106,-0.3229600899572087
203,2.901506996172137,0.6960555414376414
204,-1.220528373940135,0.09040589464253597
205,-0.39844303914587237,-0.272203148207809
206,0.11744268840254797,-0.37622577978978805
207,0.20045397532793033,-0.15207498437236452
208,-0.04124775152650897,-0.2849460201066553
209,-0.58383747889684,-0.4875668284477054
210,-0.6584218832365603,-0.497289590580821
211,0.11005690386167612,-0.4978124778301682
212,-0.23538693589086918,-0.471621578927158
213,-0.3587414306557691,-0.4933507514521511
214,-0.8568396464902158,-0.4096715128331137
215,0.41433324875926186,0.1559791392633449
216,-1.0517774420180825,0.006671613248184643
217,1.917088376786317,0.3716813779788364
218,0.6614559883336474,-0.3631161394785514
219,-1.2109953727563394,-0.020695672833412164
220,-1.0549217330148102,-0.2867902146566997
221,3.3023343296891707,1.2913611970709102
222,-0.818269957180323,2.3756835029283296
223,0.3549395523781939,1.431438597426912
224,1.4596768257295252,0.33690583682924874
225,-0.5507980921866912,-0.21544917519960236
226,1.137757895500469,0.07855925477033676
227,2.3095187530398205,2.520630035425484
228,0.7722066747505977,1.0867720196573742
229,3.8551430235520407,7.691524040291511
230,-2.427718237705136,9.53453491520579
231,0.4742424291640768,2.015775624540857
232,-0.03519454793952964,0.38084612711600896
233,-0.40961582897289794,0.6240216330957042
234,-0.02455648416021128,0.18642361772398758
235,0.548836599188637,1.7440168976910109
236,-2.671781487154818,1.0253836655367312
237,-0.7984919440139221,1.0230476214746769
238,0.2168332389794479,-0.013867786297204485
239,-0.19741912523830366,-0.18992498961344764
240,-0.40865727571294846,-0.4265680190268948
241,1.5990861625246473,-0.03345884017724157
242,-0.8734170595151031,-0.3400269814432558
243,0.10049861902357828,-0.23247993684675314
244,0.05486278005341839,-0.36699358731204723
245,0.21246228936856756,-0.34808732374480555
246,1.4092559102756554,0.18161495825136575
247,4.061947100015552,5.096995332187959
248,-6.027808206053982,11.676176969260025
249,-2.8801906692182793,4.387913123397862
250,1.670701327331057,1.773192947430097
251,-4.657961002507198,2.865143517005384
252,-0.26639160183082156,1.1895950103598443
253,1.2310045442327644,-0.05533153965374303
254,0.40022573496384145,0.04435318712740353
255,-5.739199099414052,3.366771835797444
256,-1.6171698738024565,2.039404579020491
257,-5.453577094388792,4.345343067625211
258,0.6330799303608161,2.4191465486519634
259,0.7364614313502076,2.3844413999728533
260,0.7785223765756883,0.8739828657935896
261,-0.13097123661998164,1.3645592472602779
262,-0.9790064023478914,0.466758879182321
263,1.4306691670392637,2.267362038768681
264,0.9775904001102053,2.220394289302758
265,1.3823547600765895,1.102335163813635
266,0.41584585446349015,-0.1277547727706183
267,0.5656090804118394,0.3861526357748785
268,0.338265683881156,0.28789288889586717
269,0.48180329017688833,0.42694329223183963
270,0.21021742896558263,0.871425579511815
271,-0.24795497700130148,0.4250066563410013
272,-0.2613063942418536,0.8069043169172204
273,0.6292538412626908,0.8586869089640834
274,0.4970723758509502,0.08277773598972377
275,-1.527464309023763,-0.04886513759388118
276,0.48941856408911666,0.02651090753867501
277,-1.0163271782041097,-0.04899391895575024
278,0.6718822682180984,0.08750250634341555
279,-0.014488490137368127,-0.3772876314800752
280,-0.4479548837302243,-0.2997794252273442
281,2.0753234684115816,0.38030178738168935
282,-0.5711968111369492,-0.5019962485671489
283,0.18631152822963612,-0.09656511024971874
284,-0.5436104011042936,-0.4642486928310281
285,-0.0034604086931117202,-0.3540388825723349
286,-1.0742236881850071,-0.31349065373981017
287,-0.05534940885488366,-0.3551763688098606
288,-0.14979382012977857,-0.4329984626671903
289,-0.7351176843418561,0.4348744648880807
290,-0.8240560413802015,0.34571193761923785
291,-0.05008169415791164,0.34772970753047505
292,1.352143805246085,0.9231965370301235
293,-1.109268272541113,0.04262806748860694
294,0.7170630071097035,-0.3555495908817993
295,0.6873023230620876,0.20291524561637972
296,-0.4319970910147929,-0.10786217566695244
297,0.26790023668262025,0.09941237074483217
298,0.0688930678786301,-0.17432862898241483
299,-0.5298554032785521,-0.10397929026768511
300,0.0040247997102201135,-0.46996689310847006
301,0.8031157622012279,-0.2232927922215928
302,-1.4423976389815316,0.07884445064265602
303,0.3254028663035979,-0.12380836049940559
304,-1.9438241445093951,0.35941303645724476
305,-0.08336837744958091,1.8390459957180787
306,-1.0037262705262842,0.49532854926147835
307,1.0120885785699019,0.43012540773658026
308,-1.170126759804786,-0.20307523811653969
309,0.4734366153739837,-0.38250707259118155
310,-0.46041458739828744,-0.35686654331698325
311,-0.13693036542100495,0.4918728530801395
312,-2.4573222279019022,1.1218532200589888
313,-1.9818664069623981,2.535433697722335
314,-2.2840283981446485,4.176096193040442
315,-0.005830180801738115,2.0680852350377275
316,0.7666136266269332,1.1205079659679407
317,2.376146749881388,3.271685089846005
318,0.4448585435623487,1.033467785844075
319,-3.5869121781408273,2.3466792379701347
320,2.4652827379887903,1.3492312826492447
321,-2.47029200485253,1.367153256423504
322,-1.6701415720101924,2.8619396036662046
323,1.6098045908215064,1.85103250559334
324,0.7902661526434489,0.349088300626346
325,1.637728650324865,0.4590325422803634
326,-0.06339993955393784,0.6014634036854096
327,0.4401133381525534,0.8095955991452002
328,0.8225651622226663,0.19188561733982906
329,-1.1544410861456638,0.06715783861043904
330,-0.859686666304032,0.062166242428913866
331,0.3723548763728837,-0.4100432878918873
332,-0.24795635309307767,-0.3604093273287563
333,1.5365603990490082,-0.021967739903237856
334,-1.259725017722081,-0.15993921359438465
335,-0.8507232829587407,-0.1440188081739873
336,0.6220642016803613,-0.21807111226072057
337,2.3687724109670523,0.11182457291959186
338,-0.20402753072570012,-0.38413971399234664
339,0.6213127082102294,-0.013441517399260425
340,-1.427745258202506,0.10080437983935647
341,1.0192055110955789,-0.21891781837545443
342,-0.7042891831266169,-0.1525990507844939
343,0.2380336145473434,-0.26664337578055575
344,-1.1502548093218732,-0.19805683524967993
345,1.0742571132717254,-0.266160351776785
346,1.3005453319660363,0.03409661056488685
347,0.35598319883089535,-0.24739536468379789
348,0.18193319165960717,-0.5034220237139854
349,0.15461870042126752,-0.3236170044624348
350,1.3904744143617132,-0.31587133341462725
351,-0.2419090955454746,-0.2639217557326479
352,-0.12019910717165921,-0.3245234877819033
353,0.04582733188643613,-0.40928643524370056
354,0.1940875172085943,-0.5234634211114346
355,-1.14399051531691,-0.38440020722662155
356,0.9400973673471724,-0.49600968518186817
357,0.4081209556134553,-0.33421606039148943
358,1.3951808769348508,0.09339266032273036
359,-0.613658857005523,-0.03805353942067729
360,1.2331865230844343,0.1245933216198882
361,-0.29023018830538583,-0.2860279049123288
362,-1.512336098539326,-0.3374711865615305
363,0.7447807205238389,-0.314014958127323
364,-0.4158188068817862,-0.3691776652852378
365,-0.8384387205966831,-0.34293594145745027
366,-1.705618557519928,0.11173683490299216
367,3.441458645441108,0.12756593179764938
368,-0.6422784175732233,-0.32965975307575107
369,0.16672636336858532,-0.5505063434324616
370,-0.1256590445757356,-0.557324274264302
371,-0.37581699413426484,-0.5432139774678791
372,0.5325122625052817,-0.5299584286133967
373,-0.46219813824715444,-0.26867639090132317
374,0.3660469636449403,-0.4330368216177512
375,-0.6549700296877122,-0.42665036890058006
376,0.5183753925549246,-0.47953838889227185
377,-0.3513206994697454,-0.2773590887550208
378,-0.19543136711663278,-0.4100239065331107
379,0.6572693683653522,-0.24785485218153727
380,1.418316324121882,-0.32028051237141597
381,0.9114816579756656,-0.18164318819463854
382,0.07722939579958239,-0.28608083321145283
383,0.2233064643728787,0.2131694056390745
384,0.09014929792201262,-0.42389006335035334
385,-1.0480419073266494,-0.4285224550239008
386,-0.3044418068076193,-0.5295113987504
387,2.5127718642250234,0.10639214803443325
388,0.3376036224200602,0.42547041180530426
389,0.5325555068973209,-0.12982342198311161
390,1.1696116491305928,0.5621119245852447
391,1.0393797148950314,0.49703372207024277
392,0.19856437637722751,0.12528071757058915
393,0.5768881435102651,-0.2508817668977688
394,-0.3752631868955383,0.048532397344727495
395,-0.003605671795634444,0.00792663137407615
396,-0.21185998480166904,-0.2867708048123191
397,0.7673105646916214,0.3457347607970994
398,0.07867126257242717,-0.39480644526575076
399,-2.9356778528223177,1.0618190079985808
400,-3.234363645948317,2.264800031731317
401,-0.7976748860295904,0.6893921072553361
402,-1.1619990964753661,1.8419673821825506
403,-1.481795013960492,1.3355656759148895
404,-2.4519687108406463,1.5523767886515065
405,0.6166813725492757,1.2236379277584044
406,3.313285446077494,0.7140041833554198
407,-0.6530457399622204,0.3533470022727292
408,0.032659834571846805,0.35143328122364625
409,1.973299239531912,5.072602697754652
410,0.7136352024045121,0.24497139961358746
411,0.026356864383678066,0.8790190765395662
412,-1.600563578465195,0.4909000875853859
413,-1.1014137885473196,0.8932208489911877
414,5.44545038970358,2.6167488896143913
415,-1.4360145689362949,2.0175674816819424
416,-0.5610724229808588,1.4711371164595062
417,-1.312605597516372,1.3509657465684675
418,1.4544829241931105,1.9573861339103609
419,4.680633050157026,3.7825973978540444
420,-1.0982621540301118,3.0418977277808774
421,-2.389963342796831,2.8236850057348293
422,-0.1654096919057867,0.7283834587867496
423,1.7904936876835456,2.1316977069532803
424,-2.1514910376108416,0.5264071094469465
425,0.2339268445079759,0.5352970634343964
426,1.42524499218461,0.43571410774264424
427,-1.4546842494043437,0.32326408702983195
428,1.5543931518971417,-0.07841941894250601
429,2.1032301448275312,1.034570397871874
430,1.4678649860006971,1.3881887824255867
431,-1.9247752140154688,0.3485952971320284
432,-0.14870662527543535,-0.20947233725231593
433,-0.5459739719669805,-0.2191488408061909
434,-0.09269048869658193,-0.3023589949377647
435,1.4175354560280449,0.0002453113941995281
436,-0.4200492782903895,-0.31971325184228333
437,0.10511800776418832,-0.34820676452834104
438,-0.6463325495315557,-0.23001021224391266
439,-0.3566196224505021,-0.2940233710636421
440,-0.20492856328153752,-0.46283164021298046
441,1.3478181230877628,-0.15344003350582272
442,0.3105408609574912,-0.5271328598055054
443,0.4602603203599751,-0.49916407110319544
444,-0.24859247408898996,-0.3393879933983291
445,1.2744311160415327,-0.4117579856237429
446,-0.841492194396094,-0.37858151131549905
447,-0.04663565799206702,-0.36388222712217055
448,0.11045904398483425,-0.5623904523418773
449,-0.34294614077260516,-0.5577516508394668
450,-0.11637802666857287,-0.6267759809266648
451,-1.090384159542924,-0.3926066899559873
452,-0.5879535086737904,-0.25836343108538357
453,0.1574008489109006,-0.4523499701957436
454,0.5029455341159239,-0.5919199069636834
455,-0.7195329669732458,-0.44097399181552904
456,-0.051332652292909994,-0.4956989717850202
457,-0.7878648518074831,-0.24653183206828713
458,1.6909335125214395,-0.4111593586218237
459,0.4284227896615051,-0.34050098436077675
460,0.807843300098924,-0.481805100380196
461,-0.5037179284207486,-0.5404700258491221
462,-0.4787532866568333,-0.43991802268650687
463,-0.517158685535552,-0.4431129241461859
464,-0.4637558062611582,-0.4724033617115082
465,1.0861737505822429,-0.4532939544663879
466,-0.5667760093746269,-0.5281824838297361
467,-0.666624754784454,-0.5114079241074465
468,-0.5802540115293934,-0.45779660992025717
469,-0.00022839911619446896,-0.4862043693115342
470,-0.3529875735636863,-0.543941720083979
471,0.8265449178721278,-0.4137598552401445
472,0.19817362575829078,-0.5957114829807189
473,-0.6294258186186185,-0.3824638885849334
474,-0.33995952607722624,-0.546396328824013
475,0.29556901831425214,-0.574128006151236
476,0.5837002217602535,-0.540229049406398
477,-0.5750346052756878,-0.42291916125688195
478,-0.2773539233308443,-0.6082812132280923
479,0.034062305348418156,-0.641733787717273
480,-0.2445914495786233,-0.6013490027358702
481,-1.1084847369227624,-0.2628962913176959
482,0.43720982761052324,-0.4857083203073426
483,-0.371028819152264,-0.3294355408411289
484,0.8163204979233278,-0.47022917486378357
485,0.01735270599828238,-0.524759247562054
486,0.2515556949201981,-0.5016752269529301
487,-0.20980400300994725,-0.5849968691557947
488,-0.4471247492802215,-0.5823124214891958
489,0.7184980252904959,-0.39654629145372683
490,-0.10756372504330591,-0.5667811948472616
491,0.9795912418873701,-0.30005444695994393
492,-0.16199139301146392,-0.5023659141891879
493,0.24575347138658718,-0.5347542754326463
494,0.2754124645972444,-0.5099654956204112
495,0.19641436471004375,-0.37961921417411126
496,-0.37730263605135556,-0.496528767885948
497,-0.7285975238634129,-0.48525395884072536
498,0.0736287540151198,-0.6202668879825499
499,-0.6183704697804007,-0.35535655409320194
500,0.5017929212780884,-0.41261454910314294
501,-0.4518579975144717,-0.5102863320189494
502,-0.04862334499898554,-0.5458672716813792
503,-0.048724486852097855,-0.4277904724373152
504,-0.21938825852956517,-0.5010936256577789
505,-1.2253463074647042,0.10966486557518637
506,0.3596708756807529,-0.045360133165057805
507,-1.0225518943906435,-0.3699976068229974
508,-1.0930262250557696,0.7775773946689446
509,-0.7222886573785775,-0.12121589052144505
510,0.06421313575829178,-0.0027434147173781708
511,0.2466436234405077,0.22141646787997257
512,0.39673294707418444,-0.2775966198476793
513,0.1004598833400556,-0.1915547215599888
514,-0.2259667617558979,-0.5306169987833753
515,-0.9935070888117544,-0.36164113624365296
516,-0.2605445331339529,-0.48686932925921245
517,-1.1841951568155105,-0.0487699235718108
518,1.1255925481655173,-0.23540957578922
519,0.5503444878313429,-0.5173720000278906
520,-0.20421623090673777,-0.485584246755617
521,0.537672882579492,-0.5217587133291238
522,-0.2604197533965082,-0.5765133418107615
523,0.07772933811878778,-0.5796626122945298
524,1.050798409850982,-0.5516573341877407
525,0.27443329612337225,-0.5762517419643469
526,-0.5827919421691582,-0.5040240774887429
527,1.1265149936655143,-0.4740685004127987
528,-0.41620610428467253,-0.39322570468895457
529,0.16610063696564728,-0.5494271145283652
530,0.23745828778042036,-0.6477165963056627
531,0.014733220727270107,-0.4459130699006726
532,-0.14978723347845482,-0.519138907299475
533,-0.5054993387404457,-0.5524913043267744
534,-0.4674888990345578,-0.5494870791695251
535,0.5428866324716443,-0.4964397767494466
536,0.33640252701412066,-0.5914586360050911
537,-0.04501090423733835,-0.4700729159909002
538,0.07909049545470509,-0.5690480678509837
539,0.21557036009065028,-0.47525501387171415
540,0.3305390487805849,-0.5119343424115516
541,-0.7866217017975986,-0.4230292301792136
542,-0.5469115928064784,-0.5263731408855753
543,0.6887861595622496,-0.46482534106207235
544,-0.33793294840901267,-0.5522580181549775
545,0.44318149414218105,-0.5563571133182466
546,0.45125716545259426,-0.5707481164417757
547,0.1838417868840569,-0.5226151213975508
548,-0.10403777069886136,-0.40282295637090404
549,0.7985837279676488,-0.5529816230383695
550,0.7280761461988019,-0.3862293041195826
551,-0.482745639057553,-0.3821372199616497
552,0.5846135868807876,-0.5018917347165891
553,0.09944896143958681,-0.5200987893094661
554,-0.17483823037512494,-0.5694722949785537
555,0.044123468726130224,-0.6145564078453455
556,0.5497348815590425,-0.42260074358046623
557,-0.9319125348201496,-0.36159403099025955
558,-0.2826155714369807,-0.4923689308558579
559,-0.3429777568468681,-0.5820020313550743
560,-0.1172375882365653,-0.519909731844668
561,-0.09193448335411859,-0.6313256347102474
562,-0.3698328848177461,-0.46049674170844135
563,0.20418377621334013,-0.48855712876694546
564,-0.36697962036447285,-0.5160930309300844
565,0.044894822689535596,-0.5040342524930643
566,0.4622441335320368,-0.486015332591735
567,-0.4221483842576839,-0.49686496644399114
568,0.33485745957258367,-0.34682195254200876
569,0.08932008498954587,-0.6078169545664646
570,0.38540197536923065,-0.5398271732235533
571,-0.2418896309908138,-0.48253892215797073
572,0.5320546254145784,-0.5307522164894825
573,-0.39277251186708034,-0.3608888663500141
574,0.4760132892103798,-0.543145114202036
575,-0.3112964549392216,-0.49154604635444316
576,0.025807564524187653,-0.5622530756112674
577,-0.8673410144713259,-0.2361658877190048
578,-0.6545428483598886,-0.37835479513593934
579,0.14434663922597857,-0.4127888215640855
580,-0.5709498572533196,-0.3566969391693877
581,-0.16542644248242908,-0.4557595928859618
582,-0.24834129921843032,-0.4010641528320845
583,-0.646073945803111,-0.34657779732024147
584,-0.43899663046096316,-0.331519700733433
585,1.1722201664682808,-0.10381251233398721
586,0.3734437802365217,-0.5798695153931103
587,-0.6185345680479111,-0.4066086665765315
588,0.9160115265477075,-0.4712312207355439
589,-0.1725822492745779,-0.5849923805275401
590,-0.2617047688011539,-0.6285172818577337
591,-0.6244378028477436,-0.5462745638190416
592,-0.4395893878327926,-0.46923160502976624
593,-0.05930732782153861,-0.5602892073033978
594,0.529133121250215,-0.42859220361056893
595,-0.9295276217156955,-0.4574887778690348
596,0.3041349942190002,-0.41849690630585024
597,0.050458226027924394,-0.30738432587710623
598,0.2783148449140483,-0.47472552839823245
599,-0.1495682190835018,-0.4627464029544555
600,-0.0566082904049436,-0.5514176005044471
601,-0.937822522051326,-0.2772682189693926
602,-0.5261108544430962,-0.4338592348519528
603,-0.06208025695080047,-0.2344038034393866
604,-1.656526079464289,0.3857330852217737
605,-0.6606237528623228,0.5909853409426983
606,-1.0957893062570945,1.574093073490031
607,2.2524543267770403,0.5306881062713221
608,-1.4681095621246085,0.1014484703892115
609,1.236896753753634,-0.12966182203288792
610,0.7900994139297396,-0.40707751542168724
611,-0.8350245491776429,0.055362038364537715
612,-0.8851200798342221,-0.057233786696547814
613,1.1353262645947642,-0.40481296337687656
614,-0.4294459106197038,-0.49070785321343163
615,-0.7775370237685383,-0.24774737026593516
616,0.06506097253199693,-0.21145426146855906
617,-1.160635406804499,-0.1487002483414044
618,-0.9445864667047529,0.5078196385644086
619,-1.3429789039140574,0.7391428909564964
620,-0.46851723684100544,0.8106237375402404
621,-2.852261140548874,3.462802834253786
622,-1.455379508465567,3.191093962475287
623,-1.910091918933276,3.545654327912279
624,-4.7562201134870605,6.426500768975259
625,-1.3904071550936292,3.6413103466351324
626,-0.26115935626264436,4.804192079958685
627,1.208465385421228,2.9483246518471553
628,0.6107058426248492,2.6091902166863137
629,-0.05124723800512065,1.3767731189084866
630,0.595032170220354,1.4717180944709343
631,-0.8238820332655167,0.8061158850616484
632,-0.387991215209108,0.4634641963401847
633,-0.43526451478018124,5.965554719165442
634,-2.7452749385887567,1.9596360166771307
635,2.736251156410164,1.8590597973534586
636,-0.30427476949146504,1.5892396492388712
637,-0.17468816432048237,0.6130397593781947
638,-0.9853059593314111,-0.0976783649693049
639,1.1544477510393014,5.318499382000961
640,-1.164672415090165,1.3879976832847436
641,-4.076027473200875,1.3880770467177639
642,-0.39901541365525356,2.6520769603155863
643,-1.3501570099936206,4.0502246968324425
644,-2.578124418310428,4.119681450806147
645,6.448066387034323,3.5033472539250914
646,0.11632305232193564,1.5755831248397232
647,-3.781260100238396,2.5044799669486526
648,3.750757992995594,2.2463030713090433
649,-2.3082551498285144,1.1202543218535335
650,1.7183988373956391,1.3115251454583607
651,3.5263906088805745,2.3279282308612914
652,1.6128860504603775,3.7028566267271903
653,-2.487949500108533,1.3254257825161169
654,2.181959107214733,1.0116234378208253
655,-0.8389650449166184,0.42281152049594367
656,-2.319602027840499,1.3354658334955534
657,-1.012211765334732,0.373763960027584
658,-0.0919710056948812,0.31022916170990933
659,-2.3871360651216875,0.7421334223333811
660,0.7039594464374059,1.8756083872366378
661,-7.095611835020899,6.443715633810765
662,2.098374874372055,3.247181406484456
663,-1.0385777698959946,2.234369942582118
664,1.0586331068389319,1.8280468849927096
665,-3.8658713319990072,1.7838485545012512
666,1.1382436633557338,2.6064001162178045
667,0.5892455864687041,2.30081699735206
668,0.14117626419399792,1.3238814097857114
669,-1.972484253087008,1.9843698758459454
670,-0.3173852056547172,1.6354570086251659
671,-0.5688617304801564,1.053151730965039
672,-6.121625969132728,7.4689457023586625
673,-4.829613533678288,9.165851435196698
674,-4.03371223983719,13.169429419433028
675,2.2270418542338075,6.717373248479569
676,0.1761571416483406,4.584411042961706
677,1.3955565420039324,3.8280020109923094
678,-1.9914573778349212,2.348542900578549
679,2.3389388512134928,4.5845893458561795
680,5.9716423743879785,6.635235331277277
681,2.9738493728854993,8.1035682608313
682,-2.264501933906276,3.4466823906771205
683,-1.1489804114992825,1.8188137713935812
684,0.8492872011881132,2.178138233438986
685,2.21640784215908,1.9765009681145733
686,-2.260586704865765,2.5240875367624414
687,4.258410926440394,2.506719218766282
688,0.7365628434912145,3.7802167780091502
689,0.26150629354901683,2.5449856909509507
690,-2.491114026795336,1.459382034142671
691,1.1009166267502262,1.2324429324037462
692,-0.5328551346139389,0.7957549684563574
693,-2.9652742344252596,1.8164238309177936
694,0.6151800138603428,0.33192336707773346
695,0.42681466842370114,0.9087434183112404
696,5.266949723311751,4.598932042157849
697,-2.902985080453817,3.79915649422546
698,2.9136473836368277,3.606863528267764
699,-0.8525836123271417,2.058199578382292
700,-2.148226416711924,1.9455890776792433
701,-3.7193041690933644,4.812172940742718
702,10.807755259479505,11.749573096995503
703,6.185195078355736,11.42925184203857
704,-6.248969348844009,16.743377173359523
705,0.187300054639961,11.632588822579716
706,2.2753659633270553,5.1066470251722444
707,-5.136720891801509,6.249370797373901
708,-0.6402283877669821,5.246573934642474
709,4.907982498547529,3.329104094670067
710,-2.444937088425997,0.9667589338848053
711,-1.0024605842678824,0.723203568821475
712,-0.07937544516805597,1.8144347733005477
713,-1.8476393339661596,1.3751507132380665
714,-2.7831495438293103,1.4422839710542184
715,5.215225892388892,4.676059935465684
716,1.918704813362825,0.9237504496095341
717,2.251589561369488,1.077455627810686
718,-0.03198719438308045,1.8345027904987785
719,-1.4565896953376931,0.2967610957322184
720,-1.0415539336236175,1.0963644698432022
721,1.4124187109803816,0.10405602810297528
722,-2.5102050764690294,0.585839619197153
723,-0.8362804056911496,0.9900986147325361
724,-0.3877523899604858,0.48777191607931936
725,-0.022834719718186344,0.42278759061307236
726,-0.19079552681279457,0.36406695894723995
727,0.9732026698305543,0.04375124127520209
728,2.80387635224476,0.2794060061355017
729,2.642935281228701,0.6183290602703664
730,-1.06549948388547,-0.022265686951171048
731,0.17932051765274817,0.11598655661774596
732,-0.9933980724767273,-0.04110546814204423
733,-0.013452252008064774,-0.45745982461169227
734,1.241851455165743,-0.21192428110000985
735,1.911568418922019,0.3663264952790352
736,1.0499300915849512,-0.10595303412504394
737,-0.025808117785278094,0.15160471482074678
738,-0.3694757198690046,-0.17118705253661273
739,-0.9828178443892139,-0.10392992340829123
740,-0.4991735972816801,-0.05456715624680456
741,-2.022587726103318,0.21385424758507485
742,-0.2489773272798504,-0.04162041942262595
743,1.9148396598543138,0.6065421947642515
744,-0.9711848108303451,-0.082642531181024
745,-0.20276883173803595,-0.2909866391663394
746,-1.8557594561573398,0.22794076484448464
747,1.2135272316345778,-0.015969399872453164
748,2.7773099650229267,0.7268357420215764
749,4.214204404698151,2.0675227554890796
750,0.629804079735071,0.52675426053249
751,1.1398203753126137,1.0321838803591996
752,-0.7735068642969062,0.25575499366023463
753,-0.9931591776293258,0.4187064815637864
754,-0.8150543380145264,0.0566166534153563
755,0.16966494821347863,-0.36502151403306293
756,0.5749714687149983,0.4134088631332491
757,-1.800866790762237,-0.05179893686246459
758,0.2833641270398798,-0.20750973496925407
759,0.8311068781257047,-0.4222212042936206
760,0.9487639486454499,-0.37120713807811045
761,-0.2439292408597249,0.08760936988761579
762,0.21225819066555057,-0.16106874573115568
763,-2.6211376454958315,0.3314868618545146
764,-1.4355329646904458,0.27621780424086023
765,0.542381572363982,-0.47118781929712267
766,0.5790454048391698,-0.19413987648127107
767,-2.3820264668207667,1.4014241184807608
768,-0.28633409281836936,-0.3359945344019418
769,0.3893529343581547,0.22932279942937273
770,-0.7937123625801966,-0.2334036531242353
771,-0.011624284444232313,-0.04259758219258796
772,0.7354159267786528,-0.10109988260478481
773,-0.39056595433687996,0.13515928756510867
774,0.3037235894175572,0.20676769638715284
775,-2.3130173803880356,0.421357591400433
776,-0.41952879791557457,0.6228259733346294
777,1.5953644309470025,0.3864126116930424
778,-0.08744971976301513,-0.3700524494619903
779,0.12238378304604812,-0.0778616689785272
780,-1.061762819928506,-0.07395904038768321
781,1.6540369382021742,0.1179179513418779
782,-1.2729927670218113,0.08354766299262348
783,0.1543681382204961,-0.3864921776571822
784,0.40957752463742086,-0.49870287305908007
785,0.5332049237876183,-0.20412819233530663
786,-0.5189040178558413,-0.3932957533409116
787,0.943034462808602,0.1988099111802161
788,1.8951070696941372,0.6713517754549089
789,1.5659615711680042,1.7911820469505528
790,1.9732860323232306,1.6784808882804945
791,-0.43513696193718854,1.1782381990310467
792,-0.8030869894013085,1.2105864712951075
793,-1.2641253231652516,0.534786062877181
794,0.7325432145447546,0.41243649028615714
795,0.72247629689275,1.5764263177142708
796,0.8198602613768993,0.5726274922188532
797,-2.115744249322955,3.4758097211826313
798,0.43778970802088024,1.6762381125063963
799,0.6207471694713451,1.4044552060639626
800,-2.5225756607874184,1.3074569294278486
801,-2.285660355256592,1.6654635067305654
802,-2.97263544275257,2.734616696450755
803,-0.45018250257632736,0.29172962895161136
804,-0.610531930243455,0.9439102892811692
805,1.5417200382542005,0.8943248539090987
806,-0.5865316220002924,0.1366431603477165
807,-1.392784815319806,0.5846979233435018
808,-0.29488463114649766,1.3935976632190634
809,-4.157402262029153,2.2942291762858917
810,-0.9573431690698746,2.3838419042528822
811,-2.657041987057488,2.7709538663693842
812,-2.324946255087113,2.329441905560551
813,4.208740913576771,4.727200031514201
814,0.5082306304007479,1.0149420568062804
815,-1.0982700303582296,0.6529336070065445
816,1.1849484612644343,0.22776776446553593
817,-0.25001891317061253,2.2049212056914835
818,-0.6549088441258905,0.23781144827472475
819,-2.870895729892088,1.2669344556974669
820,0.5219942211146302,0.5975033656026493
821,-2.782438442190528,1.3892410585050559
822,1.3187236919574674,2.186391989880224
823,0.3253387600156196,0.09210688930872887
824,-0.8198891434273508,-0.1541001513651081
825,3.2432248038220246,0.26649665760269536
826,-0.40357067776478966,0.1576507367901955
827,-0.9052908435796396,-0.1020262105752157
828,-1.0088381675305151,0.24262085592381716
829,1.7200439418464666,-0.17971719002503184
830,0.23377007383452872,-0.4192458556451233
831,-2.3147950749026007,0.45938426895320983
832,-0.3416040924199533,0.5294692326752012
833,-1.040021057710507,0.22417846861588916
834,1.2185674540256524,-0.17445773427062755
835,-1.6014742131247761,0.2321489763418961
836,-0.45401118931261497,0.2391099337940589
837,0.04228306256997463,-0.23018994828319742
838,0.12573553265036272,0.3079713497925265
839,1.0181059339233025,1.1718342594814972
840,0.06502006644956006,1.2334060492200623
841,-0.5324260223477296,0.3214632772353276
842,-0.7711424085833771,0.00042232464717441835
843,-6.129238825622152,3.5479200861740403
844,-4.128136459425974,6.8023039598639725
845,7.011792224057835,4.765830715487606
846,3.4394608251427203,3.087949211890161
847,0.9142343818768554,2.1306826216939627
848,-2.277989007788001,1.1855963198371628
849,-1.1091340790397288,0.7010860091281856
850,-0.039414836718280596,0.8849461638431266
851,0.2888370086468852,0.604547255819354
852,-1.863392332085092,0.38938467099227214
853,-0.43550860615704734,0.9809702729875877
854,-0.3795923405092897,0.47063231604730554
855,3.829213085576158,2.7149450591449362
856,-0.6858608986529487,0.6245844163791824
857,4.268533692674645,2.736236787737745
858,-0.983232201949555,0.6251964095383218
859,0.3993072155777127,0.5408073841719573
860,1.2305428905412907,0.6220051603021096
861,-0.4844341117398091,0.35893105885782417
862,0.5018869215903016,-0.1482841365667572
863,3.1606441374269996,0.8886166497943632
864,-2.455725411975843,0.4967042921556421
865,1.0554559415815388,0.21464779786279126
866,-1.5465554696459811,0.26338597741661135
867,4.408007320062243,4.105834278309203
868,0.3594781007866581,0.41198755255611724
869,1.0432385829515725,0.7696832472086624
870,-1.0270530349576399,-0.055659468111624026
871,-1.397446484613533,0.4529277917854791
872,0.11382295272914107,0.13341165387482318
873,-0.31629368607882685,0.3016439746301284
874,0.572826213587567,0.06127240611415742
875,0.23999897966891678,-0.3212634208139191
876,-0.9118205173840995,-0.06580829011890275
877,0.49387103044075265,-0.31223723605348874
878,0.07777058409975668,-0.22378353934605338
879,0.2428708800938285,-0.09947721570741794
880,-0.9923351510031526,-0.11961849271094313
881,-0.6695800037586145,0.14406321112849504
882,0.8972412311830276,0.8974859880090007
883,-3.464128914451871,5.683783908269774
884,-0.39620693059753836,1.224979513352956
885,-4.347684016341733,2.0783754973761246
886,1.1293232022073736,2.613219292476586
887,1.3027725259613145,0.0841379347863895
888,-1.4349570029070786,0.3316173304888225
889,1.4128671548733125,0.3894721776993482
890,1.5772352217319177,1.402183039804026
891,0.6871478532796338,1.4403126162674416
892,-0.9110476884075385,0.40619101150281844
893,4.129766195246582,5.404583572686398
894,1.1908950154512872,1.8509679562278722
895,-1.7782234361298022,2.4713088889388626
896,1.4494595097383725,1.0724454277598916
897,-0.47704782666762363,1.028937259038314
898,-2.6945100793213506,1.780956794547953
899,2.578772329306951,0.587624405052356
900,0.12922015350865335,0.3730597048530652
901,-1.5672467591552748,0.30747244723926753
902,0.6849956602417113,-0.26127314610459834
903,2.705552514934415,0.7124219447455913
904,-0.9653419505471091,0.04557539876298315
905,1.4175379028310906,0.5073881739408194
906,1.7794203012283258,1.5751882347117836
907,0.7295130512612197,2.44252588098141
908,9.310263656756472,16.079774956299723
909,0.4104600117786934,12.318352392457744
910,7.071116010642762,9.851651606050662
911,0.2203828163798029,6.1209883327001835
912,0.5774018545853463,5.691149702799652
913,-2.5401254863992726,4.59335931296272
914,-1.7085899633832702,3.5495565684425405
915,2.3359135302595524,3.023307760625155
916,0.5426991342158276,0.8468696361869696
917,-0.5305512089173512,0.32405473501687315
918,0.03975879116727459,1.0120692057562017
919,-0.04918211513781795,1.0681519556422265
920,-0.5284363996796418,0.4790212952476393
921,2.1133934750889543,1.4472470050420936
922,2.060265528340894,1.3393002571532833
923,1.0576562008231376,2.0332960556854576
924,-0.8315208613696172,1.12932345611636
925,-2.048416930370059,1.4161017507894935
926,1.6411351984651323,0.7391226060093735
927,-0.3390433716708063,0.6111303519286229
928,0.4648971226333067,-0.2496413881799708
929,-1.5843523771905395,0.5050584099272781
930,0.13642824633924636,-0.14530345756090307
931,-0.6588786140799902,0.5450148206768682
932,-0.5028791207848825,0.7339587991790338
933,-0.1211599931819886,0.15424761974266707
934,-0.726014396343765,0.17429143461772756
935,-0.9750086256079645,0.3446982095736397
936,-0.5804510027684294,0.18250301209284905
937,-2.2209684815942485,1.6454840845025762
938,1.653560378672013,0.5347650257329044
939,0.10173217605002907,0.10577893811691459
940,-0.8025652803651829,-0.18746261050566593
941,-0.394466116816966,0.026314654854150424
942,-0.10024271535161834,0.08800198831819686
943,1.1523151806378853,0.14152123347310205
944,-0.3551658492310994,0.16011434957705173
945,-0.5544731068783687,-0.2877431815131752
946,-0.7126635054949397,0.4795301566146395
947,-2.964775917384594,1.218303105545567
948,-0.8475527317894774,1.5667854861197652
949,0.7627008229988628,0.45935065079365006
950,0.46028824467125523,-0.1443333445721385
951,-0.4566843312329313,0.09649288590473731
952,-0.4982853279047606,-0.3289751038718281
953,0.8913428063186579,-0.06816403109527656
954,1.1316126171846965,-0.038086513524247974
955,0.6893541757833597,-0.04386846445336393
956,0.9058021800566778,0.12924065650019914
957,0.07113643556288812,-0.2952447733293145
958,-0.1942538919879888,-0.17586517342604122
959,0.7056712162804579,0.15484306701226833
960,-0.6444547518784479,-0.2762112955662935
961,-0.9628683500471567,-0.0843121718591094
962,0.7625964670410019,-0.12588355304138316
963,0.018204594898395317,-0.26024180725705937
964,-0.9576537158339727,-0.05644829168014656
965,-1.7092338446560307,1.4635098682954035
966,0.24611322743681305,-0.10526550850583472
967,0.5357873283590057,0.47416861740721733
968,-0.20410406549478285,-0.15477148565795087
969,-1.0017068455002707,0.13890409661151706
970,-0.2641584747593788,-0.27491105392840837
971,-0.14661024300954448,-0.24674547667407637
972,1.0484411356003562,0.35701745318574607
973,-0.0005902635096146433,-0.043516993171848956
974,0.9769433149392963,0.2368459857891822
975,-0.0629297929931919,-0.011781478976899558
976,-1.6911500138934485,0.2542418783742701
977,-0.482017588276591,0.1727093871070925
978,1.256416924943112,0.574231604102453
979,-1.5775804268372107,0.3522923239598753
980,0.23413052425968453,-0.15594550144029343
981,0.8890390010213745,-0.0737940058193855
982,0.3397316137374938,0.21280180670403007
983,-0.4806503504109294,2.0317401650505165
984,2.3624241080986033,1.811548627439067
985,-1.1853418604766486,4.645555207586298
986,-0.8128924495674049,0.7249739306288495
987,-0.6149332638828314,0.4097113293611156
988,1.2164363522592445,0.47498452518513273
989,-4.2274461309701525,2.785988530990561
990,0.4600835019078626,0.4061978371978011
991,0.39130281646904763,1.3696627635122633
992,1.2423267063439785,0.6480268774749566
993,1.5109854482078047,0.6068104143464614
994,-2.287794862057932,0.5204719861760618
995,-2.5272335249570723,1.0397947702370998
996,-3.3495887304008063,2.5423466384773943
997,-3.6447304223497703,4.506157743469882
998,-1.1269292928561863,3.5292106599462443
999,1.0587553205800686,2.565963433410073
1000,-1.2030261011142578,1.9425393491634013
1001,2.0632586461076876,2.0256746885714305
1002,1.0729860679986012,0.43021626434106475
1003,-2.0547130879202546,1.6616878092749827
1004,1.8032768056320387,0.6493023015758161
1005,0.4298787811303062,0.011678499032703276
1006,0.01802840098714836,-0.17080808792624005
1007,-0.17255985121693096,-0.23153712256141576
1008,2.1179260819310946,0.21380561932578926
1009,0.2464755410687626,0.02123252059010932
1010,-0.5275963226746677,-0.1184590832443186
1011,0.13911190020202915,-0.38559452169356795
1012,-1.020457287261633,0.1349403939024487
1013,0.0752026002456201,-0.4190010578387607
1014,1.399820788881728,0.4331104281712179
1015,1.413262956483829,-0.04636008226818015
1016,-1.2559155554761108,-0.004964498753682928
1017,1.5510322377025108,0.017242032438706627
1018,0.33759005286941535,-0.28348875834397946
1019,-0.3206788812256252,-0.2973724424141221
1020,-0.5891241527973529,-0.24882379267336566
1021,0.1829977517684332,-0.26486769268049704
1022,-0.5294398105118647,-0.5117239318311549
1023,0.24510806643376087,-0.3393431300258025
1024,0.031092765190925374,-0.5270564477112126
1025,0.9624201407399114,-0.22259213821283888
1026,-0.7841762292531922,-0.32391795397976136
1027,-0.6130673935391495,-0.4934944250087913
1028,-0.2636021660554005,-0.3591172137142116
1029,0.9058088587448373,-0.28233364848047426
1030,-0.19632508909683188,-0.3160316602559696
1031,0.8832615719639388,0.2591639281187148
1032,-0.9648826223558676,-0.18772166996623227
1033,-0.09862496336904268,-0.0863915674341691
1034,-1.5448129771947965,0.3841187146053687
1035,2.1870589299061316,0.4395489633237359
1036,0.5373065669321038,0.019517303228963206
1037,0.9125250680205901,0.6554496397338876
1038,2.645048617858175,0.9778467917213098
1039,-0.7891071643020435,-0.10829063507018212
1040,2.06070308804371,0.5267393138197212
1041,-1.4640488274898218,0.41738077418346986
1042,-0.5432646704415385,-0.07407691458328268
1043,0.8748738067565406,-0.12027896690946842
1044,0.8044645022092546,-0.13038784987700022
1045,0.44202452218050925,0.2504078897637845
1046,-0.008639722799443117,-0.4386157186233271
1047,0.8778826111377608,0.02385117504582539
1048,-0.0578231710277811,-0.26678816848476683
1049,-0.7650269519032536,-0.27544205997051374
1050,0.2996037107924617,-0.5239866817775827
1051,-1.2262502973131302,-0.03409529133106755
1052,0.6787623285855288,-0.20843323787408297
1053,-0.4121778031054409,-0.39589911388134025
1054,0.6964712491586863,-0.11271466824020336
1055,1.5493151938038243,0.9844353633496095
1056,-0.719337824169137,-0.07455901698183412
1057,0.44960721583635116,0.15671202713797092
1058,-0.20087482624023217,-0.159382073967576
1059,-0.4550324665213662,-0.31432678030500233
1060,-0.6386161951015834,-0.17815806528222913
1061,1.7398725708235836,0.4259213395139741
1062,-0.5202070712183896,-0.2572460550885399
1063,0.25663551559994485,2.101172978765129
1064,-0.6419263060115995,0.1609249973118244
1065,0.9257554986152873,0.15384821181531025
1066,0.10962225498561981,-0.07811170300461254
1067,-0.7058459607539493,0.07081596638073515
1068,2.2419334781118074,0.35548489813222883
1069,0.5948774294673163,0.8223967509537646
1070,0.8733033408953043,0.06723141539554234
1071,-0.6392405893229866,0.11026453438529578
1072,1.5776868877024444,1.140658501035682
1073,-0.18633009473709622,0.9836585873612025
1074,-0.04810816029965615,-0.17772499140757272
1075,-0.5487828529908116,-0.035620027917881984
1076,-0.9648888466889585,0.9032119634291322
1077,-0.32561328344689333,0.17474456213055453
1078,-0.38524448446074444,-0.32807665615069354
1079,-0.6032296714340453,-0.20457982150546766
1080,0.8876285480983735,-0.19075771681827777
1081,0.25369721212380864,1.1759393693318716
1082,-0.8979091002987202,-0.08148381789871256
1083,-0.6445223321768041,0.3154795963423663
1084,0.5113531780114212,0.11538306927851617
1085,3.1051301047296693,2.470943551237485
1086,0.18910469728873805,0.726574529067537
1087,-1.0612350468683214,3.0166727034130822
1088,-3.36587425713152,1.8457308600324178
1089,2.497295956938826,0.7066663143769767
1090,-0.34825332189095554,0.5394243619083701
1091,-0.282067981572958,0.8753591730966228
1092,0.8690750310679566,0.20207125661259628
1093,1.3476769307891594,0.22963597977297479
1094,0.023585071373612144,-0.4656613596310714
1095,-1.187134978977695,-0.0854688431922395
1096,0.04888802293586248,-0.4166118614873563
1097,2.6077212915319157,0.1265992350737665
1098,-0.8316446034823589,0.03382160278216486
1099,0.6480963152135103,-0.20923069420915874
1100,-0.14136928929881692,-0.2642563571731464
1101,3.8563103269268484,2.291833793201543
1102,-0.21528949497720892,0.39070568970579395
1103,0.4799052063098349,1.0975287609828488
1104,0.2188214608080311,-0.1109113116840456
1105,-0.6869561962367198,-0.2746852060877714
1106,-1.4214238347050283,0.020042898084718812
1107,1.0797324062107296,0.17260412951727888
1108,-0.59961484032632,-0.2524424643074712
1109,0.1916702677634761,-0.5234831203636888
1110,-0.035350491397000666,-0.5309631970860564
1111,-0.2700130500662265,-0.5074219898583762
1112,0.9738991969296136,-0.37246900385262677
1113,0.2577526128012227,-0.17201317822875703
1114,-0.48606772102201645,-0.43906822788817723
1115,0.45083310579652114,-0.4704413839865646
1116,-0.18431464324879832,-0.3497689177976632
1117,-0.949598267525684,-0.28549143717541803
1118,0.016135326635852012,-0.45923130559727937
1119,-0.2879149926173459,-0.24320524056328355
1120,0.058135881030532535,-0.3854836089490245
1121,-0.5185491552780612,-0.46146358061595527
1122,-0.03455186793150804,-0.4953532808353558
1123,-1.1876101034405124,-0.40884394518541584
1124,-0.45433824153900365,-0.32111140085179873
1125,0.9628254933658608,-0.28394498744389945
1126,0.014066672698581424,-0.4616839259911206
1127,-0.8202382505869029,-0.1563226408677717
1128,0.5059299327967973,-0.29295670602501156
1129,0.6077684930613247,-0.4329561740924312
1130,-0.8476501705688888,-0.4237217828745164
1131,-0.048609786301088746,-0.557493009426526
1132,-0.9102272102973572,-0.20517346454730256
1133,0.6141547285382157,-0.5167623249818875
1134,-0.26478632980683586,-0.6071744313778457
1135,-0.376572134867324,-0.5403330943249107
1136,0.3864848574363264,-0.5484616353682997
1137,0.001572738096342061,-0.5424844438336367
1138,-1.9826720580370245,0.007182605601599929
1139,0.6071807976383031,-0.44409843338489247
1140,0.4643683102281445,-0.570986714852732
1141,0.4788613146742229,-0.4174449583184273
1142,-0.5516371223100885,-0.43715369058929643
1143,-0.06063614158678495,-0.4522369118853424
1144,1.3522182712030404,-0.18765612517789176
1145,-0.16838505225536782,0.4454377099612356
1146,0.6117175123946371,-0.25627301120951557
1147,0.48616073070153387,-0.44154873531801264
1148,0.290643348296955,-0.24058885455810355
1149,0.03105083348828758,-0.36176560675561087
1150,-0.01487540208744757,-0.5631826160834349
1151,0.9311955161703186,0.10596190944787502
1152,0.1315716116609056,-0.44211578199488805
1153,0.5887088453349834,-0.2135292917530307
1154,-1.0107606201577375,0.011104986877487984
1155,0.3127319999188667,-0.4087255078567653
1156,-0.10902351350105408,-0.31876967432560904
1157,0.7544542521037333,0.27192576091230275
1158,-0.057446627643830975,-0.06303976137982223
1159,1.6017892480996525,0.9037136895397588
1160,-2.1034520406321495,0.5038627416111167
1161,0.2141552092623357,-0.3001690715998876
1162,-0.2984261794689695,-0.4703921651483518
1163,-0.42098157485524723,-0.4122168226300957
1164,0.11997701510440478,-0.37201250738939956
1165,0.5542989023769013,-0.382671580971305
1166,-0.13948443892488765,-0.487381800974922
1167,-0.24133818850936745,-0.48935234095691527
1168,-0.06793596186174165,-0.3474332839985084
1169,-0.9586982149790191,-0.3976574945200157
1170,0.5635600335888061,-0.4981111276387086
1171,0.6326201607654419,-0.4687487468238069
1172,0.3496216669095709,-0.46918647110422806
1173,-0.5320853889228988,-0.48684638533932795
1174,0.0022786284927997793,-0.5588123900495018
1175,0.589065990474702,-0.3095251174862048
1176,0.28484936319418086,-0.4823261692425639
1177,0.39618671027905267,-0.033539371307304965
1178,0.11710870090093341,-0.4430824748242635
1179,1.1438753966394524,1.0862198159888943
1180,-0.48603931899735225,0.5407565314710338
1181,1.3640457527645478,2.1613173687388976
1182,1.5247026874342342,3.220288345758973
1183,0.9722588687543297,2.8417357873346294
1184,1.5296126823752865,2.9152652345904033
1185,0.048134933008887965,2.4874940330405027
1186,-0.21927197812526114,1.1113684614037995
1187,-0.9699140853155706,0.8750017066570506
1188,2.4921309219298453,1.1379860169526732
1189,0.39663233913563223,1.0421830400440848
1190,-1.6090617688157172,0.6244493442759493
1191,-0.5667482947115824,0.6145493872129539
1192,0.3733819009080351,0.2249979831019073
1193,-1.443200644983953,0.6556837324913396
1194,0.1912046201022072,0.5674029048651607
1195,-1.4703163540428272,0.5838612153940693
1196,0.5972372813709922,-0.1697046184175902
1197,0.8526565028384586,-0.23207949171071152
1198,-0.5897703623399203,-0.43420337600108505
1199,0.6114881719765115,-0.3845462481630302
1200,1.134418561915118,-0.24059081626000234
1201,0.2244670856862792,-0.5711067990855693
1202,0.5467984390368342,-0.2278195562311204
1203,-0.2047952302118858,-0.2514866922936793
1204,-0.5212696168207149,0.4853147242682028
1205,-0.41427887885616776,-0.36216564644657784
1206,0.14794431695303908,-0.38042235136896624
1207,0.7636038964466396,-0.22747187190118628
1208,0.6096217949335229,-0.45184945304445534
1209,2.1801662899159786,0.6738000418052679
1210,-1.109501412105419,0.34166351592129607
1211,-0.1188328953259842,-0.08756941338669182
1212,-0.19060364270338004,-0.3562083731436822
1213,0.44003591638966605,-0.2729848358922397
1214,-0.3511733241287852,-0.42553092155891564
1215,0.7430678066972985,-0.4311301836038273
1216,-0.1617544302663605,-0.48116868469781354
1217,0.4011701470085507,-0.4228599412682978
1218,-1.14438805988089,-0.3536540968188521
1219,-0.6015074436102793,-0.20309208291429862
1220,-0.058086731898668274,-0.3311645902926003
1221,0.8338269640520611,-0.4146379532726737
1222,0.019419141189763383,-0.4817016554482545
1223,0.7628962429062448,-0.3913701269341035
1224,-1.478689127604845,0.015966840919008237
1225,0.445780701223387,-0.1959348663398853
1226,0.8838462446640419,-0.18146823726562952
1227,0.7055592217254539,-0.21480900225531926
1228,-0.018071073192699565,-0.46327753800398735
1229,-0.6427774554026949,-0.049960116010643894
1230,-2.511569879352774,0.6228032455699307
1231,-0.1890603302508329,-0.18300922046446655
1232,-1.1154104024928186,-0.005888859771100616
1233,1.3091622469045698,-0.08285243266824226
1234,0.6117473254884418,-0.04798430559127337
1235,0.10890530385326508,-0.036011775839108015
1236,-0.5959676263683487,-0.30054803107458894
1237,1.0998364808688224,-0.2997890594304973
1238,0.12908548091382366,-0.15737308350831386
1239,-1.1136949570870223,-0.1124368501360054
1240,-0.07297765577565188,-0.46442502966204535
1241,-1.0719510625771431,0.3312131636208582
1242,-0.9459729691587627,0.47457672942649676
1243,-1.128117583516151,0.22528472487076967
1244,1.074524540441596,-0.013071340223838861
1245,0.48346826681910354,-0.03876247625417324
1246,-0.7900253125160344,-0.442514264555351
1247,0.5663151895488493,-0.47283840929802484
1248,0.15199978787904772,-0.39259629589007844
1249,0.18055590617945458,-0.48791123894756844
1250,-0.7217975212503728,-0.3463985202530125
1251,0.7870645324661615,-0.4008862810997439
1252,-0.5795420174482685,-0.47494977119089876
1253,-1.1367784894049815,-0.15154092624251392
1254,0.01144074443153474,-0.46768735510820336
1255,-0.6829420768330792,-0.3644798973672012
1256,1.5162394301667526,0.09565562202627459
1257,0.09596496429043369,-0.36343415817706215
1258,0.7550229397468582,-0.02360492317370837
1259,-0.32692493045621623,-0.3480635150764679
1260,1.12311954810092,-0.00027790315667177465
1261,0.4614100913938682,-0.2510171567643387
1262,1.1132610736466437,1.0003826215645943
1263,-0.9457888385185211,0.017152271550011557
1264,-1.1887248414184992,0.07759703869968473
1265,0.23540394264644102,0.03719839573807345
1266,0.5810111089336734,-0.22911280831302486
1267,-0.20684049348882808,-0.11405713423370276
1268,-1.3059249524624146,0.5195750415404622
1269,-0.34419097751017874,-0.07884113433520733
1270,0.27509668671808973,0.13425234801034663
1271,0.4739999710313107,0.04263057238181189
1272,-2.086547441645243,0.6787531370312581
1273,0.3712564675071676,-0.38814784467753427
1274,0.4665212532050923,-0.4213545211498855
1275,0.5595529798985146,-0.23932633466470862
1276,-2.490720013913117,1.0260786804386293
1277,-1.4082679972623269,0.9122777337043079
1278,-1.0073195871258005,1.8078162920628897
1279,0.7874018970035525,0.6946794219184337
1280,0.2673994804863165,-0.01667623981740667
1281,0.8628138422427739,0.012142589490439688
1282,0.3106368866173843,-0.19248828674383095
1283,-1.1331571770014652,0.22974283838723564
1284,-0.06495844426439507,-0.2678240394647599
1285,-0.24452482195864944,-0.24152020690232712
1286,0.8559778599084241,-0.34837427744440147
1287,0.9085995965040261,0.00943580731314421
1288,0.9337321998688027,0.3306708002471393
1289,-0.6487605181096638,-0.15397653660174235
1290,0.356930209818535,-0.501728270998646
1291,1.2136511970139872,-0.2267259424597862
1292,1.3039005005104338,1.9439399939112714
1293,0.7445023500923883,0.21770304470823604
1294,0.23637951425998555,-0.08060446808943895
1295,0.3341313696950627,0.44983040653289263
1296,-1.0251832752197785,-0.16913279268112316
1297,1.291659877213532,0.19188971429836432
1298,-0.8224770774057321,-0.41943577953191946
1299,-1.2421045365392898,0.06844063332429944
1300,-0.39229348942382125,-0.3282618078196383
1301,-5.5146749502337995,3.352463631215144
1302,1.7409885294465888,1.2854898343898116
1303,1.7461528817799228,0.7306183053865438
1304,-0.4499918703532805,-0.3460909271333385
1305,-2.8535090564273746,0.9170286470758606
1306,0.20342223508328738,-0.07572954131810736
1307,-0.43316419203804374,0.5050615393955269
1308,0.9444877844862801,-0.10273298073139063
1309,-1.9928438377372426,0.2657041430137054
1310,1.5979400946782314,0.08971955740972228
1311,-0.9253010867997417,-0.024715458249583537
1312,0.4104084584185852,-0.38700776792790476
1313,-0.9497396314737426,-0.10423459038313264
1314,0.023167619293536293,-0.4925086531780816
1315,1.1240219666751132,0.339189976013784
1316,0.6615732808622534,-0.5108100233257101
1317,-1.0179064782582885,-0.27765105343330226
1318,1.11590010405844,0.10897468427875107
1319,1.8448499613694098,0.2366809269767184
1320,3.156562676193376,2.559376351908463
1321,-0.11644359995349994,-0.13213200111384354
1322,-2.0474041046303104,0.24864452711282897
1323,0.34778270115567506,-0.17414175470403
1324,0.5053037540857428,-0.445150211238797
1325,-0.4145614008335,-0.32296752534353096
1326,-0.6063884505768535,-0.029090499292909147
1327,0.5801579211717289,-0.3227273227370634
1328,3.0235059762187673,1.1648683953542698
1329,0.8419147325817967,2.3412290439916914
1330,-0.8002931066932487,0.7770203075303651
1331,-1.5981711200878654,0.9294292038370712
1332,-0.12026846077369815,0.007688667332439594
1333,-0.1461336138915983,-0.24101795799466183
1334,-0.5968062674905391,-0.25132363016308074
1335,-0.10434342668770669,0.025984335898084084
1336,1.7554649453685476,0.4124369532008938
1337,0.7290238761534127,0.12385247406042822
1338,-0.2869197614749978,-0.33476669141873155
1339,-0.5555266659367564,-0.05158485609939929
1340,-0.16332500366887287,-0.46044642849548056
1341,-2.0590651613980597,0.2748284376838888
1342,0.9463943511112126,-0.36337017761350754
1343,-0.9111335643325034,-0.08132657839501614
1344,-0.4712442147268485,-0.5134046164919828
1345,0.7824827924776248,-0.37830696176042855
1346,-0.28775952057654564,-0.3257177257051948
1347,-1.5753904522679194,0.6392786282676995
1348,1.0024566703799893,0.46332917596947376
1349,-0.06477690030019254,-0.3207028208566676
1350,0.8785915110238781,-0.38896334995690435
1351,-0.4077694929665052,-0.23138747226926787
1352,0.5698901193230317,-0.4258661158366179
1353,0.9402323409616278,-0.29581972648867627
1354,-0.30701047023973427,-0.3787779627847051
1355,0.5619875226942432,-0.353067593992041
1356,-1.9874008523420836,0.009201551996939424
1357,-0.7267801439094598,-0.41385228314583766
1358,0.42740500965648454,-0.3548204573778924
1359,0.1849786133163609,0.1260088980630048
1360,1.3711099169266971,0.5471398621703707
1361,1.194628013720487,0.744495284689086
1362,-0.13601458409233994,-0.2773409187600493
1363,0.7138794096235734,0.5142793204053505
1364,-0.1232870429566598,0.18003618328434273
1365,0.033239006287276086,-0.3582914295146003
1366,0.6197620631173415,-0.43114056892239055
1367,-0.862958318305973,0.588788615409842
1368,1.0730256400287845,0.07896678874877298
1369,0.1280719481641893,-0.3512452315056262
1370,-0.004734277041431383,-0.2516390363952845
1371,0.1288711974348918,0.1713641626328215
1372,-0.7524279322973908,-0.07301318699457054
1373,-2.937694816510525,1.6741648375668288
1374,-0.25919261940234106,0.5854022831693864
1375,0.8154769677145791,0.6464812322280732
1376,1.3316881710586703,0.05229253861960814
1377,1.7713542282775345,0.5926094426166949
1378,-0.1626070299323924,0.39276533445464273
1379,-3.0500209258127264,2.200118626847701
1380,-0.49166127864742026,0.004981747528921667
1381,-1.38036543261982,2.5103691284191454
1382,-1.2076144358773302,1.8226170566389641
1383,-0.3884231745439586,1.1189923374597204
1384,-0.11935657518685476,0.357014311103139
1385,2.1869058206519494,1.0977526039075773
1386,-1.736699142596239,-0.008183221863885388
1387,0.7097945058536146,0.3660101048819874
1388,0.6732975427976864,0.04415017884349851
1389,-0.2666175324447226,-0.4284592360741036
1390,1.1873571092468311,-0.1924806630368314
1391,0.3110827808652573,-0.3778431674219337
1392,-0.21968302714482554,-0.4616416169331961
1393,-0.11878021458342294,-0.3417940067417665
1394,0.42019700435153784,-0.2793079651588179
1395,0.5848642558293601,-0.16266543212937531
1396,-0.4213040584739025,-0.4473801219709093
1397,-0.002661286067186537,-0.4070085658774613
1398,-0.7204214179870293,-0.2278243570224638
1399,-0.11113011437819126,-0.3133602035160393
1400,-1.1851356125515518,-0.1495456878614412
1401,0.038845408446431244,-0.5707570447245609
1402,0.6324099527660707,-0.33712458665432776
1403,0.15837982350195573,-0.4866242465991221
1404,-0.8210896077697819,-0.3793929209395721
1405,-0.9913919109500325,-0.16818438984988757
1406,0.9846459822461033,-0.3539343815963136
1407,-0.5324818568042389,-0.3067831767860549
1408,-0.4401218237824308,-0.3562470688319713
1409,0.887665196890159,-0.3966469294873483
1410,-0.5745245638695227,-0.4053199701620053
1411,0.3739908633674101,-0.27711251763372013
1412,-0.2943525233183075,-0.504901300607009
1413,-0.8737026416365361,-0.41182167071115344
1414,0.584447387279253,-0.4541360115170021
1415,-0.9718714162045877,-0.30103131762523455
1416,1.0234516512959595,-0.3357503064239359
1417,0.9526479113337798,-0.3468960900782019
1418,-0.003929006463823944,-0.3882263845521746
1419,-1.5245058663197553,0.0884847133934297
1420,1.9476395543288438,0.0020489704554285046
1421,0.2724577282636027,-0.3908144032743075
1422,0.18096327029411804,-0.42302516000084023
1423,0.5694918911829073,-0.2446942153541318
1424,-1.9026135674331612,0.062487373773198525
1425,-0.10504184320835432,-0.3751670540808853
1426,1.2777492715458711,-0.0887070970326181
1427,-0.2561296935833441,-0.24910421654165246
1428,0.673875495982454,-0.27949112577776675
1429,0.3940635593821057,-0.28036205223757626
1430,0.5828959668049025,-0.14219398905761668
1431,-0.9832280796029551,-0.06726605086194005
1432,-0.5708270501176138,-0.32592204320442997
1433,0.7726507415250737,-0.4670015729810452
1434,0.9378424437204725,0.24357833965802567
1435,0.5011782829664083,-0.3565506865582633
1436,-0.4894405279251102,-0.34901081120440186
1437,1.054145188894087,-0.0602453352844567
1438,-1.0928041246441118,-0.13883616631167198
1439,-0.37674616612010897,-0.3640654784274182
1440,0.18064670830496304,-0.5393450040169021
1441,-0.03311049853797833,-0.5694612204532453
1442,-0.5991226992394734,-0.34823312236856496
1443,0.9214426221124677,-0.37702971029215815
1444,0.9247001556705866,-0.34379547544079303
1445,-0.11853274101333518,-0.3288528624242529
1446,0.10282483893663043,-0.5850031795124025
1447,0.6717539280408336,0.12601716767897403
1448,-0.25603871452204074,-0.279789600322253
1449,-0.13627621927752176,-0.21493185164823794
1450,-0.06539186630314434,-0.3629529206766223
1451,0.8575872725460617,0.4554411217033378
1452,-0.054673050980458784,-0.15429021163639756
1453,-0.68433875399103,-0.02911746384199991
1454,0.9912921847797274,0.1822257578778523
1455,-1.0786120023393235,0.19293716009560777
1456,-0.2860628239422936,0.19060385360802012
1457,-1.4123862243083263,0.764659137917505
1458,0.8180635113746824,-0.17807709527914803
1459,-0.43683323646382377,-0.07802402851243521
1460,-0.019502360292249186,-0.30191833861727496
1461,-0.06749524876745973,-0.4903411865356523
1462,0.19224501394962837,-0.4791777322553444
1463,0.5983528876755047,-0.20042742767880095
1464,-1.300069686345982,0.1025627660565963
1465,0.26331170321394637,-0.5467933182811953
1466,1.1832085400182262,-0.35065496498534826
1467,0.025382537992043618,-0.19956173855242307
1468,0.24951605387713846,-0.3259072377752491
1469,1.0622224862275003,1.3514813662412448
1470,-2.122897305892329,2.4292939469139583
1471,0.3465458786776729,0.6991763454980794
1472,-3.634414699893211,3.054369507538363
1473,1.5508491542603486,0.7991828945398256
1474,-0.6520891413294223,0.2495447414414894
1475,0.7191674625709568,0.6324340356639876
1476,-0.054301433351006186,-0.416504771189011
1477,-1.7350225724132873,0.5405310381586083
1478,-0.05268098762507199,1.0641715724512213
1479,0.41611218876656425,0.07618594242879513
1480,0.37327081214985136,-0.23612971494597246
1481,-0.25619994838683313,-0.4698373784504796
1482,-0.7720007422823914,-0.4167780138895755
1483,0.7555346160288999,-0.4151933366528635
1484,-1.911084425914702,0.01232316744052061
1485,0.5935566755814674,-0.16927508708095892
1486,-1.388674098889828,0.4778790407468306
1487,-0.03572234774699375,-0.37405453477991196
1488,-0.7778830585040385,0.6778486323815683
1489,1.1921619017798768,-0.20654704138338195
1490,-0.7674718715082203,-0.3041271097668135
1491,0.20183487059058153,-0.2484807582206994
1492,-0.49093906911893165,-0.2964831632569506
1493,0.05062085929900725,-0.45195031391189644
1494,-0.23901801715575405,-0.4374713669089719
1495,0.8912617978123835,-0.33322187361513395
1496,-0.501459676701837,-0.27457754015308733
1497,0.07797739895128732,-0.48498898233399945
1498,-0.6698802832282361,0.45012684781616114
1499,0.021030195093903192,-0.24875928591983495
1500,0.5198143099822786,-0.3514059131280538
1501,0.35539008426854757,-0.4797555562677989
1502,-0.042934663359244854,-0.5757356694805453
1503,-1.5464288841748397,-0.05166628750627893
1504,-0.28659020440826855,-0.3985956819861935
1505,-0.16104533470369223,-0.4535348930350801
1506,-0.6687766469565056,0.3670653688134248
1507,-0.09132208018528994,-0.33139091437588547
1508,0.0011735302520932429,-0.5105010635275208
1509,-0.8855750712571655,0.12181008025051068
1510,-0.032643781381987966,-0.08991379335094417
1511,-1.647443799947818,1.19267611380496
1512,1.722244827929449,1.0742737696123512
1513,-0.8735143490305572,-0.1011363830926417
1514,-1.139535435051327,-0.046513592034153325
1515,1.0406424284741937,-0.09500196357992458
1516,1.5452921529591563,0.48876374127979677
1517,-0.4002264965341912,-0.34817208190411314
1518,0.9680889088649831,-0.4652426220347065
1519,0.5339108680942963,-0.3357574379265131
1520,0.11265774584816496,-0.13779126947873835
1521,-1.1469221208265314,-0.41757967289691467
1522,0.9858796891156816,-0.4576037300852632
1523,0.4856293507764386,-0.3896338435226226
1524,-0.582761697906229,-0.5280390797257857
1525,-0.40522821262657355,-0.5453213101123517
1526,-0.24158846238653445,-0.42084807852829914
1527,-0.018063504851070458,-0.46831102348242354
1528,-0.7528013796783893,-0.21217987075851366
1529,-0.5839577576147545,-0.07990948962524534
1530,0.9960992532564704,-0.010498845212692466
1531,0.8283531022892143,-0.3289043130929317
1532,-2.3750839506441763,1.1678885046629002
1533,0.34458970544200795,-0.1216039976492517
1534,-0.4608000286027686,-0.18193952425772972
1535,0.6219224744094936,-0.14970098779575744
1536,-0.1584685221378785,-0.3343512042361695
1537,0.41488049417880396,-0.4128098792181473
1538,0.10146537472692753,-0.4174679828152174
1539,-0.5918749568140856,-0.47540883194691247
1540,-1.031159373293078,-0.3683332000296179
1541,0.06541944181731822,-0.48573924623043163
1542,-0.4011521383947328,-0.4595286894474009
1543,-1.2459037395410646,0.1171873321516558
1544,2.019947392909517,0.8148587547548922
1545,1.5528569873643798,0.530978610856394
1546,-0.633484135927704,-0.17606081848620575
1547,0.3277599955613872,-0.29543677806570007
1548,-0.45243748086822555,-0.2089068776617666
1549,-0.34337161178125136,-0.4796859857385955
1550,-1.1189637369417498,-0.2059354672980382
1551,1.0465010615953203,-0.29932781687476145
1552,0.8566755296139618,-0.21669428385860712
1553,-0.17600142096600316,-0.3798275592051811
1554,0.3274385422719003,-0.5561421498292541
1555,0.12623373343615635,-0.4305912755735205
1556,-0.7802145347934786,-0.43274448267804966
1557,0.8902059060713727,-0.2950968889479628
1558,0.32979570943426995,-0.148144712479097
1559,-0.3350814728422924,-0.51712998768126
1560,1.164839466867102,-0.001580296539060539
1561,-1.4432777711074187,-0.02302637381334452
1562,-0.7960515320534504,-0.11458511885957863
1563,0.034067877346420104,-0.1781903181375384
1564,-0.338833096856805,-0.08864247959575652
1565,1.6089043385690172,0.8714825641580645
1566,-1.7138750888309564,0.2337256718268054
1567,1.3024584867412108,0.04287185669078104
1568,2.3458040177998694,0.9311700087863671
1569,1.4626074959703945,1.122624503275763
1570,-0.4608905086224475,0.5199040354781534
1571,0.6119274434960561,-0.03119823915427733
1572,1.4493142173995985,1.7231065367885483
1573,-0.8588817052168598,0.4916600991184308
1574,-0.8449717329483555,-0.11146730178283314
1575,0.7072005121376459,-0.2822350418802108
1576,-1.1372965565456774,-0.04388010803919641
1577,-0.3659457676409742,-0.22103698801683633
1578,1.354463722507635,0.08863946319089143
1579,0.629965768752182,-0.40479362375104394
1580,0.9549113834791164,0.001845423469231074
1581,-4.583172267876946,3.2699419334419777
1582,-5.2756273767126505,4.442857779458575
1583,4.7544133666671184,4.643588211098692
1584,1.0853827798798308,0.9391758488352857
1585,-2.6984329472933886,0.562715939326915
1586,1.155327080421587,0.053691040581465066
1587,0.6914257629407662,-0.35240981661681686
1588,-1.870392270656267,0.2372854967817942
1589,1.64123042588489,-0.2617355862791896
1590,1.8486822693840148,2.2423275573974033
1591,0.46257332831111,-0.31777772725324704
1592,0.7404843487717406,0.22401715727506913
1593,-1.2655360427669538,-0.2781191743021691
1594,-0.9104140439973143,-0.33961411425345095
1595,1.0424849365935365,0.2805608156297408
1596,0.8170375526733676,-0.2408755833081734
1597,-0.48205137629284767,-0.3873407581914975
1598,0.38624150874095986,-0.49628523110049116
1599,-0.8962607427023731,-0.4305214586084593
1600,-0.2762471659302722,-0.47176553757922435
1601,0.7746470786670427,-0.5445231141728913
1602,-0.4494945828441382,-0.6003391827922194
1603,-1.031290339673412,-0.32101700220672374
1604,-0.4572098080173358,-0.5385126686003222
1605,-0.6658909038381471,-0.40244811409320247
1606,0.13348414407858303,-0.5048670830227222
1607,-0.03672719941787384,-0.32874591638452694
1608,0.0374227275321393,-0.25514134335065486
1609,-0.14883678869448652,-0.4001171665661954
1610,0.6301289287119141,-0.5064883081443214
1611,0.6076643890064893,-0.48980219637715766
1612,0.5092687437235716,-0.5477451148949963
1613,-0.320967934699025,-0.42176954123441784
1614,0.33024229640336455,-0.3351370816739468
1615,-1.183637533795787,-0.3360624113729947
1616,0.28164627238509604,-0.4495057340227765
1617,-0.6274119066874486,-0.4484076069430577
1618,0.8101504816604153,-0.5334001196843977
1619,-0.4833238926652613,-0.49605172944936193
1620,-1.915773661234482,-0.21958437372130224
1621,0.4097618497754685,-0.5626519537436111
1622,0.5719302483023633,-0.5256050883675618
1623,-0.4776454449491197,-0.5216824395757231
1624,0.46522677085254827,-0.39422879995680876
1625,0.2548899186043845,-0.41989456467947545
1626,0.924058270754499,-0.19317946122502233
1627,0.3938549961764317,-0.37662012998417693
1628,0.22285845245497823,-0.3682486125793073
1629,1.177529847495292,-0.4074065600191187
1630,-0.26157376978202623,-0.48363735339799013
1631,0.056482005082380625,-0.33649372101465563
1632,1.3375076940545811,-0.017005057511780424
1633,0.27997521013310117,0.2816037053518344
1634,0.0333548919295868,-0.10294731185188903
1635,-0.4271564378901219,-0.4451718460196217
1636,1.29086302049309,0.008189072565656846
1637,-0.7839197155463092,-0.09847156628375674
1638,-0.2051716836927987,-0.525930372118094
1639,0.1838178873167618,-0.3738733029885601
1640,-0.781544921591853,-0.41505983430129306
1641,-0.14525516557923346,-0.5188332836905711
1642,-0.777051524349489,-0.44468982116223177
1643,-0.052359608459820954,-0.4677250766520067
1644,-0.38596052681297044,-0.4045298469897314
1645,0.8991968728089493,-0.42858083161264643
1646,-0.2801844057348766,-0.4910197647629989
1647,-1.350619029409543,-0.4351551946615839
1648,0.6988907048112151,-0.4596522807384081
1649,-0.40498645406717776,-0.5981376383125309
1650,0.47664325255564116,-0.42129076354657263
1651,-0.26481775300079186,-0.44040244101726134
1652,0.866677332104174,-0.4665963573002541
1653,0.7495051318465231,-0.566747427377964
1654,-0.44790069451259956,-0.24435663037967567
1655,0.35155643256986013,0.39135965121254057
1656,0.6151680856446655,-0.3834888973373184
1657,-0.03946420897155217,-0.219124924497581
1658,0.005627829632367167,-0.37066172508168727
1659,-0.7841629492903681,0.08724588022242431
1660,0.021621957617547875,-0.46270191219327733
1661,-0.26515359228044866,-0.2710520496366952
1662,-0.35361167469477095,-0.38104637162254723
1663,-1.4958208377140978,0.396168047256341
1664,-0.9880916305700158,-0.0035361774390224357
1665,0.43341051316725887,1.429758003092898
1666,-0.5112052543860685,-0.20561515031580768
1667,2.47832249113111,1.3549612370594237
1668,-0.8694390335138064,0.10718196027157004
1669,1.144517676722341,-0.05784888978842859
1670,0.06688924267363326,-0.38544378422738823
1671,0.525631807800304,1.4735201004505107
1672,1.790912739116941,0.8572832520233215
1673,-0.9697990005033201,0.901012106234147
1674,1.0940915668853466,0.08104291844476584
1675,0.30347688675267537,-0.21845031073074828
1676,0.01239209933114892,-0.4293127143874857
1677,0.3271267926720647,-0.34635662032748454
1678,0.17656961814191205,-0.44457730404767243
1679,0.45303550206153953,-0.3902048499266706
1680,-0.0706572279572547,-0.3712365206649088
1681,0.3370420195088181,-0.5364146156557843
1682,-2.1874191059524084,0.24588863290252894
1683,-0.3215588984373128,-0.3630785980593022
1684,-1.5409332743762232,0.4505011474512314
1685,0.40503475213054685,-0.014049115719935801
1686,0.5029399861067835,-0.35730278895863754
1687,1.067487991922521,-0.3248576578561224
1688,-0.062368673041621255,-0.4280887484494046
1689,-0.2524287274362224,-0.4611902132051045
1690,0.3877858675365779,-0.4539772768393966
1691,-0.2703055187138013,-0.4443136420656709
1692,-0.5126171990034819,-0.21291487363912168
1693,0.27918366234543496,-0.41436909513813636
1694,0.3091245599678985,-0.5963237319326744
1695,0.24817563760065758,-0.3965506035545235
1696,-0.42154537293258737,-0.5296806730869433
1697,-0.5259792851745994,-0.5510832332749724
1698,-1.18156932519142,-0.31995998929608166
1699,1.072858084347113,-0.28258617548017034
1700,0.430384364679269,-0.5180476381895109
1701,-0.5068212325156596,-0.4880236187727421
1702,0.2587411819372748,-0.4546475163632309
1703,-0.18025728783931566,-0.47751708687126204
1704,-0.10782433980906896,-0.43747188717307445
1705,-0.5651613241390978,-0.45547133005492674
1706,-0.3578606289889224,-0.13522779709494898
1707,1.4854631409681427,-0.06216889035096943
1708,0.3742448376256242,-0.38782803313894837
1709,-1.0350670465232976,-0.2601891425354088
1710,-0.07718129970518924,-0.5245507786959605
1711,-0.6290607281305894,-0.4968281234796236
1712,0.9492965500287811,-0.47259586741841253
1713,-0.022862340161820954,-0.557137673836347
1714,-0.06526131191770886,-0.35151340405654635
1715,-0.5671592190948868,-0.5144356256737846
1716,-0.21074596061583098,-0.523705712814663
1717,0.7036347130992896,-0.46677141494890334
1718,-0.14928130965156725,-0.6231556424741962
1719,-1.01259843408159,-0.20747233201896348
1720,0.55468503975678,-0.4353176093899058
1721,-0.018688150243652776,-0.4524840845682558
1722,-0.007989106851491803,-0.4408261039726828
1723,-0.4513475050571187,-0.47328651571268093
1724,-0.3361251668359972,-0.5000241054814352
1725,0.5473170158710327,-0.47626037313181985
1726,0.56588176265664,-0.5490691679750078
1727,0.0819816124979095,-0.40616321797378485
1728,-0.27287378293054115,-0.3334283096805713
1729,-0.33454502273080544,-0.40521502318296726
1730,0.3714728303841036,-0.4383136651073382
1731,-0.704274874865549,-0.41668494900489866
1732,0.15797975802897674,-0.2893093319440503
1733,0.5976844087438172,-0.43095661267458674
1734,0.08906499372538765,-0.5332628718723679
1735,0.5367412692438447,-0.3705257376484781
1736,0.13494747156705808,-0.5053386650464506
1737,0.0005921727815336544,-0.5032377876991901
1738,-0.7460287180848749,-0.40737251932106217
1739,-0.39545033348130365,-0.34793861465610726
1740,0.07782125941080019,-0.46682680121372
1741,0.32217524008514864,-0.4416939637524687
1742,-0.19104469011708516,-0.49110809374627473
1743,-0.10800748505648781,-0.4478419930358187
1744,0.1455497108606117,-0.4158902793072021
1745,-0.4413845192768062,-0.5133385778647322
1746,-0.17568082212098385,-0.588943590606779
1747,0.49401590897038117,0.06155525951140814
1748,-0.37568591010821983,-0.5220050456097456
1749,0.3368397268834598,-0.5423579929996748
1750,0.5977016725404481,-0.3885855160031169
1751,-0.1292345893380709,-0.5588295008549194
1752,0.22692717323794045,-0.47179234256965275
1753,0.6467226774469905,-0.41597661103951994
1754,-0.36022042870728227,-0.40603037182321106
1755,-0.7174826059369125,-0.38421899163221074
1756,0.19274841662331435,-0.48705556620339585
1757,-0.27053008079373064,-0.4202411907065811
1758,0.644062885581151,-0.5311325998487824
1759,-0.2538852543615639,-0.4686556544722219
1760,-0.23257660862105867,-0.3377176107107264
1761,0.4593968692838122,-0.4825098799618576
1762,-0.06125877486123366,-0.3326112638834303
1763,-0.6896980756400377,-0.012000542435331924
1764,-0.4086887150834129,-0.4426309883304065
1765,0.17339466191525665,-0.32954227098747857
1766,0.1944599209878078,-0.5756280003012098
1767,0.4193170836663708,-0.5422636083504364
1768,0.06702009635282238,-0.4266077112718538
1769,0.02697335273660113,-0.5463490311749158
1770,0.10908407406696195,-0.6474823128920921
1771,0.21304424374427114,-0.5403083655753197
1772,-0.32542490161601584,-0.4794465471805181
1773,0.7531607832378382,-0.3718235117405468
1774,0.20576902897236388,-0.44594073381335436
1775,0.2719791295052864,-0.44763617232230796
1776,0.2699771024819369,-0.37065814886590004
1777,0.18765080286311456,-0.4516687717109198
1778,-0.3262902861269535,-0.5728904226623871
1779,-0.08213347958206406,-0.6231462800361047
1780,0.014869212322138019,-0.5058417315726792
1781,-0.3633999156624233,-0.43848290104942833
1782,0.1594289781948673,-0.6168425069049462
1783,-0.07368377447967134,-0.4347887743864494
1784,0.008503567498457494,-0.5310374864818029
1785,-0.275845122597949,-0.46837750156426416
1786,0.3831450517514813,-0.4799600892280015
1787,0.007926703463570233,-0.4097251845188922
1788,0.014439164337045738,-0.6160427726831641
1789,1.0161088365666495,-0.2996936304539904
1790,-0.07321684479131374,-0.6012041200629947
1791,-0.4494943915699587,-0.44354111814509334
1792,-0.32717919583931704,-0.5374247797344658
1793,0.13778047785489925,-0.4945958731559988
1794,0.3241805047639271,-0.47754613372878835
1795,-0.45496213281350634,-0.2812956837024264
1796,-0.002615736805543404,-0.49621461941711165
1797,0.4709489451436694,-0.5951283020972669
1798,-0.17804131890088237,-0.5317823877705127
1799,-0.16832677903590937,-0.4949497869165053
1800,-0.2377502538872078,-0.40893761519928234
1801,0.40339075606577873,-0.6213047343876524
1802,0.5615541417444835,0.23393608606942407
1803,0.7943013874904117,-0.3831332077210068
1804,0.48367852647317,-0.49828477214037054
1805,-0.3066177022892785,-0.41491475247304704
1806,0.21172277822258834,-0.5697700982427856
1807,0.6811161233248054,-0.16930071649874118
1808,0.2962797417979865,-0.40293322726373026
1809,-0.4958710266098977,-0.45548829803066304
1810,0.6201731914232347,-0.46735218172169946
1811,0.37550649285927373,-0.3608512100141205
1812,0.13623396546240119,-0.517780062110082
1813,-0.5074502328008367,-0.3131146934592129
1814,0.6612024577391007,-0.5771733158834551
1815,0.27338707152525327,-0.49385255670639117
1816,0.8411628632545158,-0.23521488784962602
1817,0.00449525024964535,-0.2237100908241195
1818,-0.9849724121086891,-0.4021578614470649
1819,-0.06017592364116461,-0.5352547505317953
1820,0.6321663157103105,-0.40444343589819787
1821,-0.4798432991378533,-0.522260212781061
1822,-0.2379763320624807,-0.5479952285168644
1823,-0.4618295619511481,-0.3867392250938364
1824,0.080173155754922,-0.6226063820633698
1825,-0.5788719845706556,-0.4333637100216441
1826,0.07735550360984184,-0.5864031256318273
1827,0.32384872457458047,-0.5969463326770263
1828,0.5374600399695961,-0.3523221271633816
1829,0.3124997936732231,-0.5095640270526433
1830,-0.1761416340611358,-0.3724524284312053
1831,-0.4681852795640512,-0.4533099791835678
1832,0.49982925125383065,-0.4637394111909015
1833,0.2580443931929075,-0.5276331948781842
1834,-0.053124358956775426,-0.5422400093904403
1835,0.31715974908355116,-0.4109077814570018
1836,-0.3443357309427241,-0.522730214881523
1837,-0.02922630031914203,-0.5570057306617977
1838,-0.23855082156698856,-0.4761677627263301
1839,-0.29909350262050904,-0.38060533894185306
1840,-0.3497852995329995,-0.3700572304764485
1841,0.05128727025539113,-0.5425629810681372
1842,0.18309196439848008,-0.41765615782911814
1843,-0.09345111036595259,-0.592487481631146
1844,-0.1843376833691302,-0.5362758730010616
1845,0.0816020111770478,-0.42512191120555093
1846,0.11258272788053254,-0.6173517951284464
1847,0.09859391382729987,-0.5300935898040836
1848,0.1663891399131786,-0.43941463676489745
1849,-0.3078093152160332,-0.5026776235013797
1850,0.18435645693786934,-0.6286647058823631
1851,0.2448058382155361,-0.42913235132140337
1852,0.2268509091180056,-0.55855175956728
1853,-0.16374244233876165,-0.6315991564873241
1854,0.39735780914064517,-0.411762830155136
1855,-0.3684209187442528,-0.5065941321820222
1856,0.09240716888552943,-0.39096246198482004
1857,-0.5604787376211013,-0.5648324725696714
1858,0.3419581709151403,-0.5075863807494462
1859,0.1786949533329411,-0.5970504754950807
1860,0.5331367726416216,0.22392602207958875
1861,-1.243866256724863,0.10335381391003083
1862,-0.2879980654215733,-0.36878882179354366
1863,0.2340647722979999,-0.4560284182941014
1864,-0.6835375249036655,-0.16682426595947425
1865,-0.4486020806559993,-0.27338228943546516
1866,-0.6275235120080797,-0.276301799997788
1867,0.5424674339175249,-0.3014964498692694
1868,0.3397095250642066,-0.4868966865323122
1869,0.7473811222886345,-0.38798935681311186
1870,0.3316909954625262,-0.39661861878171933
1871,0.41356531800567536,-0.3120462926668637
1872,-0.18898787839609424,-0.3553560144527487
1873,-0.27738805030833125,-0.3219881120759801
1874,-0.21967868824884626,-0.30429404855699604
1875,-0.013315851528783545,-0.622126692561318
1876,-0.03473420622039804,-0.5326075456238548
1877,-0.0005210397014997197,-0.5720725887983461
1878,-0.07719825174707624,-0.588943271935171
1879,-0.03840041200717597,-0.5223394742707052
1880,0.4407342516788752,-0.6133845178292707
1881,0.3836455614210161,-0.6162173537647616
1882,-0.15899997865625864,-0.5320215305993289
1883,0.739134589606533,-0.3580241651380461
1884,0.10561539037262985,-0.5680960425549586
1885,0.08470040524135017,-0.5283694505066894
1886,0.1842148959461354,-0.5901188056932462
1887,0.13015019994661312,-0.5044150896779691
1888,-0.24272262354407412,-0.4805616008256386
1889,0.373381680888471,-0.48421436696143244
1890,0.02155521035898926,-0.6027296747534857
1891,-0.4277873470024653,-0.5169550287078415
1892,-0.21475710252240082,-0.5348817639978792
1893,0.17631496482501405,-0.6210842211194356
1894,0.0858449166836574,-0.5795303221411408
1895,0.9881810203456742,-0.12136313612567914
1896,-0.05366186450771137,-0.32905577091538873
1897,-0.622041071512753,-0.43837802179000224
1898,0.05118764864873476,-0.43075110510170345
1899,0.6897235246553453,-0.4021837523978568
1900,-0.07815413833352872,-0.5586907155093963
1901,0.23048669949516615,-0.46217180823795256
1902,0.4785156690858117,-0.416794198962765
1903,-0.37873614253885257,-0.5288337601849137
1904,-0.3517767761013443,-0.5175320807274078
1905,0.6427101517993093,-0.37385921278397793
1906,-0.5010275427972872,-0.4774365080167708
1907,-0.053613400840455204,-0.5830874171793509
1908,-0.24554434217061982,-0.622232187890508
1909,-0.02899553042675125,-0.44790812672303143
1910,0.40452121841324856,-0.5310440403873893
1911,-0.04428041106304083,-0.37264655091730575
1912,0.40138013124691896,-0.5760078700210852
1913,0.4595863324263219,-0.4725060207685454
1914,-0.26768762614302527,-0.34724477456409236
1915,-0.14771008639553973,-0.4001121594868117
1916,0.06652397831362172,-0.6028204118752098
1917,-0.11614520764981534,-0.46513944202926316
1918,-0.15351165799725613,-0.5812063443810739
1919,0.2982211088162634,-0.38157662631984074
1920,-0.40223468046567196,-0.5199646888367236
1921,-0.3678322529848903,-0.4677538039834098
1922,-0.26085403270775126,0.12387980256362614
1923,-0.5972340972981364,-0.1988559302408565
1924,-0.6624638956562237,0.12235023334384433
1925,0.15984703121702096,-0.2261878054613329
1926,0.40569282450907423,-0.5652071076567622
1927,-0.08291213328368875,-0.3066070080518321
1928,-0.25688233079762973,-0.5094492276773414
1929,0.11704508188825337,-0.4894884910426538
1930,-0.421374379538798,-0.4414984223371914
1931,0.028374250514243287,-0.5616613778202536
1932,-0.13810113180751374,-0.5324797280324488
1933,-0.5732301120148523,-0.22620932985654887
1934,0.33614119383113217,-0.4439493558298518
1935,-0.24427035430639016,-0.49444732700805677
1936,-0.09711184683955866,-0.26265649728253754
1937,-0.8594291774446682,0.5158830888373453
1938,-0.8512153140411924,1.1282331190452937
1939,0.27589412974271654,-0.4240106234717781
1940,-0.9588826495747576,-0.15582444444527013
1941,0.01770816651200367,-0.2703901650093496
1942,0.2475247865596519,-0.2262971274599369
1943,0.8507043802243677,0.004369411878575396
1944,0.28037718820839386,-0.5330934053729305
1945,-0.11748428481553465,-0.4127143614612251
1946,-0.04698051983546886,-0.480950446348797
1947,-0.7944826097043582,-0.4354481148660056
1948,0.6656255719650086,-0.31990336318063156
1949,0.3938567776050395,-0.42931986706263653
1950,-0.3497916826773326,-0.4825339582619641
1951,1.0227326665118939,-0.22007877807537976
1952,-0.1760729241493209,-0.4772148895321498
1953,0.05359056048053971,-0.5001572142173464
1954,0.3044382333118275,-0.5475766993477174
1955,-0.5214153925886673,-0.35166354177606124
1956,-0.9824917134589143,-0.3797090834048214
1957,0.5352139975976643,-0.48706995448492524
1958,-0.8540495054419621,0.018273941936274737
1959,0.5901962746052158,-0.24108071992327315
1960,0.4746527273685045,-0.33755402357473163
1961,0.16173103706605443,-0.5377242755213151
1962,0.502307567403609,-0.424629108495235
1963,-0.9985599194192972,-0.290739998945782
1964,0.05190174210386289,-0.638348767620574
1965,0.18576393906249614,-0.5688320004831499
1966,0.1879317267923268,-0.6332985895552316
1967,0.13105760951410922,-0.5809368676851332
1968,-0.14553504092809286,-0.6055568349856318
1969,-0.30495391347332257,-0.43141524757811983
1970,0.2443464668622618,-0.6260382517883267
1971,-0.3096015544074184,-0.58350379990783
1972,0.13753255604614145,-0.598098061661031
1973,0.32657740095871435,-0.5876923623035273
1974,0.5470332257756175,-0.03563883371672711
1975,1.3966715691871654,-0.03820197075401992
1976,0.5713822946046102,-0.08420552093827961
1977,-0.1630287493130872,-0.13007220571141243
1978,-0.4217035506291455,-0.5267570758857332
1979,-0.48925903377090985,-0.2933006007898145
1980,0.24407724934779138,-0.5604776646696893
1981,0.4477975193148265,-0.4518391393980226
1982,-0.31762090510576013,-0.5113554172326676
1983,-0.8309399603510934,-0.37883993506647723
1984,-0.8871727358127588,-0.2988720706882629
1985,0.5068536937644093,-0.3327735600029488
1986,0.15077179498307716,-0.5123405515520372
1987,1.3150611287548453,-0.35408509745299216
1988,-0.3459269330954457,-0.3386468406408359
1989,0.1599574792743361,-0.5913623836075815
1990,0.1856536136312612,-0.4698763705982167
1991,1.0060632924297608,-0.04384740197337261
1992,3.8862008990706327,2.598499874718405
1993,1.9636839647501672,3.384053547314536
1994,-0.4696009509825707,1.3545642408778107
1995,0.5617654129718213,0.8763856127763401
1996,0.559262309425775,-0.1434102471393456
1997,0.8676561108396866,0.15828685008534596
1998,0.09343986242286106,0.6738587587020074
1999,-0.12289729012536753,0.38422788277510933
2000,0.44126016301015747,0.18514811077984325
2001,-1.1562633198507555,0.10612738523357093
2002,0.7807312759775928,-0.15884380286855482
2003,0.3197684884805256,-0.17183246918786263
2004,-0.41221151322935534,-0.14341464221233258
2005,-0.22485035589642188,0.0387035879781378
2006,-0.13327384933063424,-0.018272318593272097
2007,0.3058353205446224,-0.009587843857410773
2008,-0.46193766910377393,-0.20611790935345792
2009,0.3111087493632115,-0.33279354164932545
2010,0.7121864156415588,-0.07069275870167674
2011,-0.08913308835784542,-0.2699474747351188
2012,0.5106443423683705,-0.2759428131692794
2013,-0.06998833377534729,-0.27379262938638904
2014,0.7154090436558763,0.8113276435219393
2015,0.2740194382147487,-0.21215862210991396
2016,0.10137904950137648,0.19043294323981189
2017,-0.5411736221466972,-0.12864842133910634
2018,0.10092696450579343,-0.4635052561168338
2019,0.05004113113347353,-0.12072667036409722
2020,-0.4869925258709795,0.08327258628504536
2021,0.6413734062430104,-0.39398948307489684
2022,-0.47033365596632243,-0.5045478435122838
2023,0.5011891864200164,-0.20844073536005667
2024,0.20842412484176143,-0.15301250671015995
2025,-0.27102657421106385,-0.4329562552144175
2026,0.10012885619583,-0.5787407308132175
2027,-0.4110665770177772,0.06608974296564243
2028,-0.5417670007906449,-0.17639085340232538
2029,0.020979840830854666,-0.37005055785917207
2030,0.37108761637822085,-0.290351908512748
2031,-0.41306773456153373,-0.3123288947385132
2032,-0.7093551884521041,-0.406680296222168
2033,-0.04689046520264867,-0.21989508921321185
2034,0.2944054026307775,-0.36479968746169256
2035,-0.9665163681371206,-0.2760357391550651
2036,-1.4317798904755956,1.0711762263374507
2037,0.4849981680810187,-0.40983967177662695
2038,-0.0016253184335601066,-0.28655127315488516
2039,1.2872860508611628,0.08219433625635954
2040,-0.12912192253606133,-0.2532194433562547
2041,-0.6136194423367057,-0.12141311279493204
2042,0.4833572892786601,-0.10743027903401808
2043,-0.2961901695398305,-0.13883290265306553
2044,1.0488264658774133,-0.3395322805544534
2045,0.35797277844185144,0.2888628837777293
2046,-1.8561043472451275,0.17035846788799897
2047,2.3853065798149826,0.5139474713031029
2048,2.773952803196811,1.9125152671848824
2049,-1.2292699310592041,1.392321730700303
2050,0.21290243593199204,0.02849475815907366
2051,-1.5268056018798717,0.3097846694872108
2052,0.9723537375864615,-0.11950016813969554
2053,-0.6776782440666805,-0.17119179669232182
2054,-0.5377350938097051,0.16381099124728085
2055,0.3114239172781235,0.07119117723697882
2056,-1.6808519331847038,0.24368917188965802
2057,-0.5275006636011286,-0.06883416182045861
2058,-2.413473298949196,1.9205495138510835
2059,-0.9820699752288459,3.181373980850647
2060,0.9473421580830683,0.7325951841531311
2061,-0.9419609782897123,0.12708420312984975
2062,-0.06792901892692539,0.1890955196749497
2063,0.10406569504586798,-0.05774902942396695
2064,-0.3853179391584471,-0.3274718506470127
2065,0.30601175725109414,-0.3105070652417448
2066,0.5176281726110644,-0.09303178035188646
2067,1.1698349686781704,-0.18608983712045848
2068,1.0686488481624998,0.049141391357859526
2069,-0.09545728931818484,-0.257580107064987
2070,0.43101945903316347,-0.2577814798755663
2071,-1.1853496401133015,-0.10569596240016536
2072,-0.21376622935635306,-0.5669547428773338
2073,0.7157236883142134,-0.4385204101989077
2074,0.25654383863174757,-0.5317220178495882
2075,-0.7296914670777969,-0.4281431162795645
2076,-0.24753868841163584,-0.523826461638934
2077,0.2500194532231466,-0.36447940963708986
2078,0.3218854302894725,-0.5345182535919404
2079,-0.7297246468690024,-0.29770744774953356
2080,-0.43262434247814674,-0.4851100118277883
2081,0.5668908787858153,-0.4134182964984696
2082,0.13422632025469208,-0.5032349364900769
2083,-0.09161401199014882,-0.2991721161159448
2084,0.5622317136868774,-0.4688955764267946
2085,-0.357159084679094,-0.5300475530272601
2086,1.1558425061453284,-0.07672993021298677
2087,-0.2530022725451514,-0.4293763963725363
2088,0.49539580775429287,-0.4723057270620639
2089,-1.0027615291613579,1.1539001734087702
2090,1.3929933710264546,-0.2849083752350875
2091,0.4145091578595437,-0.14410071151632686
2092,1.9511703041155783,2.2188544080071733
2093,0.5034505893303309,0.08742422360791866
2094,-0.26254745374543426,-0.2744574289147141
2095,-0.4525943445743324,-0.2538369139431605
2096,-1.0729235828499726,0.0712727763208943
2097,-0.646933556828394,-0.40732178208277775
2098,0.9440518980153381,-0.2006365421497387
2099,-0.8893899040583555,-0.02255882546819577
2100,0.6017057091302,-0.3021982037527244
2101,0.4133259602134595,-0.22175677610144917
2102,-0.12739335240635247,-0.5742166529238135
2103,0.20656470589511786,-0.016764301925133916
2104,-0.1222089106081545,-0.3483909866440643
2105,-0.06183137817483431,-0.520483900401089
2106,-0.9054553888681899,-0.33968049211906787
2107,-0.18651989754552023,-0.3779192677266265
2108,0.5866227872337837,-0.47075053013379453
2109,0.6780818805754206,-0.36910554672978696
2110,0.23025844974680737,-0.34934171875061726
2111,-0.37602812602563956,-0.152820723055833
2112,-0.6986876720146749,0.20323710580136423
2113,-0.028561350197241542,-0.1715140534252187
2114,1.0718709085377747,-0.36745494322867095
2115,-0.24557087430264898,-0.3401251876895062
2116,0.9993260401163973,-0.044682447986815206
2117,1.2137874016010726,1.9858819550521318
2118,0.03217571131057464,0.09523472646169788
2119,0.6370255678987464,0.5156539550929186
2120,-0.9436878625798251,-0.06515792404409046
2121,-0.001583356907325129,-0.295974020446655
2122,0.2553415662744228,-0.3392200714094269
2123,-0.326821312220945,-0.24985736404996048
2124,0.965199062213234,-0.08374834650123728
2125,-0.2344584130729839,-0.4517583783046916
2126,-0.16605497015585705,-0.33088861154155963
2127,0.3803540809891834,-0.11931079804962645
2128,-1.0467246879090484,-0.07903748237763038
2129,1.0836667845273544,-0.22927398619688114
2130,0.053071623461130514,-0.49881236407503887
2131,-0.033155479067837064,-0.299796121203256
2132,0.7151076526269348,0.007630119767041199
2133,-0.7680410613543716,0.08827804779506562
2134,0.4207584276732463,-0.2793787302523408
2135,-0.09255787466285513,-0.3343502169775852
2136,0.6483717251869904,0.3942804285176361
2137,-0.48421765408219486,-0.2144657305095756
2138,0.9386616912085674,0.47419602642128567
2139,2.357647282312597,1.9988861031542524
2140,-0.7602004096304147,1.1593665307684493
2141,1.9976209530232818,2.6465405402849247
2142,0.5931303192265385,4.310868387312509
2143,0.9469795785552612,3.1755022576478322
2144,-0.5476398308893416,1.9719179929618136
2145,2.7544695617972303,3.0118168099663905
2146,0.6446654656869388,2.965278642495281
2147,2.592986675953667,5.455445860457747
2148,-1.7582698470978992,2.6066366142699806
2149,-2.5635233255683234,3.6725742616947867
2150,2.0973539408701223,1.1890065239835328
2151,-0.42110277620172953,1.1035930711653608
2152,-0.46161932303329994,0.7643038493857384
2153,0.22539003147230344,0.001440507281556734
2154,-0.4904541022829652,-0.2248631111612475
2155,0.40543223367247994,-0.013302701329841862
2156,0.21716134996021486,0.25332330285060256
2157,0.7345718606249677,0.14645138364929777
2158,0.4206155925109157,-0.17504566107850758
2159,-0.623691329975593,0.2819042330589428
2160,0.045847189204474836,-0.4315769847635994
2161,0.6520571983516341,-0.3233239979017377
2162,0.12334201075580627,-0.30826933889522484
2163,-0.052518782618580846,-0.434938052610318
2164,0.07664799106243157,-0.35745687328482134
2165,-1.633161309574406,0.2713571733308412
2166,1.0136091681075576,-0.32497917708474044
2167,-0.49431174887044227,-0.3543172345415054
2168,0.01576374777946853,-0.4495725239102686
2169,0.13321969533968966,-0.5201558472194651
2170,-0.13833633403236476,-0.406754852017099
2171,-0.04175241813826319,-0.3750860574128469
2172,1.277040553841135,0.4363108403292551
2173,1.6091499602041108,0.8538737312661608
2174,4.611674029827308,7.320184991106064
2175,-0.6850993078077805,2.141445422305228
2176,0.09958053198006225,0.22868406070777442
2177,-0.5201511396901696,0.6464368410777315
2178,0.2961502026491487,-0.029477039711893666
2179,1.282164575937841,1.471175482424239
2180,0.7024670330708008,1.5913842882508
2181,0.057628701710299164,1.1145357747244473
2182,-0.10814914009698272,0.37828666351897006
2183,0.5433236508635917,1.1008672925018281
2184,0.7050222756866605,0.7351274264703349
2185,-1.487955095815513,0.6912743766876318
2186,-0.8685169365988542,1.0141021955550285
2187,1.5005258436971938,1.1839351559068068
2188,0.5101130439685471,0.15594530079529048
2189,-1.4213985888027987,0.1730831480482885
2190,-1.6407837490338144,1.0255950703443588
2191,0.9698904732200139,0.2797397419020365
2192,0.6753028898215325,0.7799701644042881
2193,0.11332650902306908,0.3628373172082074
2194,-0.056430675939949014,0.3179501357373282
2195,-0.7976727758470306,0.031853459125078004
2196,0.9079552653466038,0.033549855900164266
2197,0.6650118229412403,0.15044962499217637
2198,0.5078353704291243,-0.10995678833373579
2199,-0.12756119320757914,-0.11857417863038261
2200,-0.6086112241692192,0.06520031275459467
2201,0.7193118041980405,-0.290969856108381
2202,2.2486081321682367,2.142735980505814
2203,-0.860112149247438,1.3527908858685749
2204,-0.5109263759499532,0.4125021629786326
2205,0.14430951764475206,-0.16901305930647978
2206,-0.6764217906102762,0.45696322253503247
2207,0.9823173274493833,0.022120293542003743
2208,0.04442683020380624,-0.011382350371535111
2209,0.11780895946504646,-0.2903593792961791
2210,-0.17572016558490114,-0.41461768839064383
2211,-0.6981172036245723,0.4845456425679225
2212,0.3752969604265053,-0.32862383297760306
2213,0.1257749562734422,-0.17217534515024413
2214,1.8652489429068986,0.6117472338354384
2215,0.8995837473251357,1.0584958285899484
2216,-0.4684766013870355,0.6082538963218059
2217,0.9517459356625657,0.735562298053422
2218,-0.09395707285993736,0.7564234654691299
2219,0.44502912670802,0.21795380859023442
2220,-1.0390225508282431,0.24293070884014792
2221,-0.4535610806627611,0.13137876403085974
2222,-0.8874345806115861,-0.15405377477663224
2223,-2.3142071403246103,2.6264424650811184
2224,1.2502354274683167,0.5621420457466675
2225,-0.2177467283596597,0.03582238595196411
2226,1.0637342646568817,0.6220420468235015
2227,-0.0338209727273592,-0.09059872880442023
2228,0.24973553769475632,0.08585039214771767
2229,-0.9572651477924138,-0.06499592407373793
2230,-0.18905816429992323,-0.29247636159168205
2231,1.52470498436733,0.6059310742731674
2232,-0.28616956302916,-0.363366826266293
2233,-0.38369609545188227,0.1318368556921294
2234,0.661988158772156,-0.19910361576110228
2235,1.0927175603225252,0.14163938972503917
2236,0.08293562846016908,0.5509964213398771
2237,-3.192801533556131,6.34685722692836
2238,-2.70578984829364,4.25870735112885
2239,1.3845344682436058,2.427553476515781
2240,-0.5798334889725503,2.3880915269395158
2241,0.49686423009736813,1.1212651891898129
2242,-1.4370048251943404,0.23431924445108868
2243,-1.5591724565264156,2.6850658849163143
2244,-2.373507041329506,6.147402390093523
2245,1.6871944086731514,2.1288286899011286
2246,2.2294731044957956,1.076774956367739
2247,-0.42668903707598754,0.8694268997531281
2248,0.330961674225131,1.0225153219327605
2249,1.2158317425098955,1.746177507581994
2250,0.11493395857335977,-0.022191338469141002
2251,1.436641969318995,1.4903788841478935
2252,-0.7980361559122219,-0.11765241530061873
2253,-0.033972507173235134,-0.48248846337095025
2254,0.6866345808312561,-0.17044413577856643
2255,0.9843057131069277,0.08194830415219784
2256,-0.4610104886546878,-0.022770808112636185
2257,-1.0948899511817103,-0.25072948393935646
2258,-0.26632825357571704,-0.3808817421902692
2259,-1.8746249387890948,0.27659227763710487
2260,-1.0887301040029302,0.1198792650236066
2261,1.458576925392589,0.09858198852176905
2262,-0.13609312026076098,0.15831951133552655
2263,0.33349918681228974,-0.3810401141826039
2264,0.7087417401743261,-0.20923613891712753
2265,-0.11050095589066838,-0.46919019733915973
2266,0.060433663389391025,-0.4552183762111942
2267,0.2384375502967166,-0.3827755180310825
2268,-0.22867743899792753,-0.5309077855455919
2269,-0.9002356522248416,-0.2602266413648775
2270,0.292481177322362,-0.37924813687899855
2271,-0.7698587345911643,-0.3019675639057735
2272,0.7172271878134587,-0.4291191122462935
2273,1.165323940121155,-0.2806109625987957
2274,0.35031533081602495,-0.5102779668503865
2275,0.05174956331994597,-0.5880461378985434
2276,-0.40602718189493214,-0.4830116178921758
2277,-0.564741111832282,-0.3854771673279933
2278,0.20450839799719572,-0.5628756688346904
2279,-0.8504882660501515,-0.19703796486929007
2280,-1.0286248008710694,0.03518652719301397
2281,1.3248548543858116,-0.2399513289568326
2282,-1.2328835558608702,-0.17088284638717482
2283,-0.9019313947691555,-0.13859503184831778
2284,-0.06781473759064591,0.14389563337445704
2285,0.884592728998433,-0.47730076515387027
2286,0.32669527701144335,-0.33373623451859113
2287,0.5676302774018114,-0.23848591006083195
2288,-0.009597572737901362,-0.4662837256097394
2289,-1.5047423055122584,-0.07800356845621072
2290,-1.0922532162211662,0.3581433605443914
2291,0.36785398855523327,-0.16588798265377397
2292,1.2517008230634665,-0.08151518217245586
2293,-2.633878290123864,1.0265614425265215
2294,-1.0379641125380652,0.5742365697984679
2295,0.32979287973125637,0.6315594210362078
2296,0.23735774581496272,-0.13805189718265587
2297,-0.28260832792927026,-0.054263351457070105
2298,0.6412553894442656,-0.26389421386444617
2299,0.8993338099227413,-0.08715733310917823
2300,-1.3919724712672605,-0.2514076534519851
2301,0.29165446985995286,-0.3468066745705501
2302,-0.14975830928488731,-0.49722773041142954
2303,-0.003869184740056485,-0.15874463853784343
2304,0.8489677583781761,0.006096428489165832
2305,-1.1178869708506218,-0.12216102521943159
2306,-0.3838333974956685,-0.3244174374510795
2307,1.3738277614716783,0.3739678475213958
2308,-1.201603336720148,-0.013212383247668914
2309,-0.9259798146453453,0.2863467244416344
2310,-0.2970372714998589,-0.17231926226371475
2311,-0.4218483803357289,0.4140929492405449
2312,-0.8118556342864734,0.6479328102285019
2313,-0.730750231685842,2.3746559854867333
2314,0.5011460477803296,1.8765025071668782
2315,1.4377550703997164,0.6382893778838502
2316,0.37504648645214705,0.026840653733838787
2317,0.15128016155514673,-0.3606395466752312
2318,0.4960255182465207,-0.1809284554127553
2319,0.6956038967632285,-0.332907120421983
2320,0.8170081743642587,-0.12636661719886794
2321,0.31212286221464425,-0.4289053051061715
2322,0.0035838950596328283,-0.21086082316226815
2323,-1.1028519870756426,0.06255343207664356
2324,0.3587035655337103,-0.5203383967171598
2325,-0.32834798761530876,0.3339972011377446
2326,0.798644722303558,-0.4498559778709585
2327,-0.19509716729423576,-0.445770261196934
2328,0.10539408247238173,0.016737782592216078
2329,0.2620850047720139,-0.11757776239498037
2330,0.71075142724521,-0.2276710857553014
2331,-0.22693104851995172,-0.20474182128470475
2332,0.4326909688870746,-0.5101189628000166
2333,0.2265517145612711,2.231390549685627
2334,-0.2555206642177066,0.43315182655199824
2335,0.7001167061714613,2.4352081341930307
2336,-0.11921204307509409,1.4282472463470546
2337,1.4759011523674193,0.9967837970918022
2338,0.08901097204235467,1.343953921921652
2339,2.4298521175658747,1.7375367443974823
2340,-0.9012029441049331,1.9087688010038288
2341,0.29199326681628224,0.7349318470621852
2342,-0.39672481760648515,0.5242971585820322
2343,1.1450231187470143,0.3525043633468903
2344,0.7414464973492684,0.9966209138691571
2345,0.043621390951671626,0.6441442423263081
2346,-0.46831860776523865,1.099057917035782
2347,-2.363363700841913,0.7126653241982834
2348,0.2738838217243804,1.0898565742748292
2349,-1.3111495823813135,0.21111906879488845
2350,1.281243310549494,0.13950474094741624
2351,1.4639048492355076,0.1665825877587832
2352,-0.8002913381202479,0.1100169570171107
2353,0.527954270841423,-0.16118740207180637
2354,0.29495946638205484,-0.1866316108333372
2355,-0.8520917269487709,0.06660956388511846
2356,1.208563514946318,-0.26817834631491494
2357,0.20794279031185783,-0.5241410265884684
2358,-0.029879502152676023,-0.38605323639456357
2359,-0.24999353655500547,0.34441172477565785
2360,0.03313631303493539,-0.4820948412581585
2361,-0.09751779774195678,-0.30049410098446416
2362,-0.15485028305510898,-0.4572595287295609
2363,0.28079863279726436,0.0074111626501731035
2364,-1.7502764171456695,0.2441839757577128
2365,0.3118203992289889,-0.42725665506745797
2366,0.9477223507474131,-0.4117408415897676
2367,0.5998606218058138,-0.503216763202979
2368,0.12895727065155713,-0.4969865713838741
2369,-0.2988382921283575,-0.5522703342722133
2370,-0.4184718062999559,-0.17183896603028795
2371,0.42900218717971667,-0.3802808111564922
2372,1.2771786548407806,0.19883234935414365
2373,0.7735651438731873,0.1371777509427527
2374,0.14163398414657455,-0.03248557844432182
2375,-0.9809807526872011,0.624296770775813
2376,0.010711105700027236,-0.011384402467164626
2377,0.9521204224348294,-0.17869461256743002
2378,-0.2247423956323922,-0.29964247139311156
2379,1.5829704121782142,0.73349825462349
2380,-1.9144572847027066,0.6012016612905838
2381,0.7365086423265151,-0.17171209806172097
2382,-0.9492134037181496,-0.029529065304898034
2383,-0.6074400036494496,-0.2449193974870083
2384,-1.2793964973297485,0.7167607558256095
2385,-0.4749334116376038,0.32242758926603254
2386,-0.9819618231670473,0.473148519898153
2387,0.5166170797928924,0.17620112880523264
2388,0.1160136984917993,-0.1251465307141302
2389,0.9767325095369115,-0.1609101627651911
2390,0.06331811962060528,-0.53976146630286
2391,0.9958915296080949,-0.19461015400583462
2392,-1.0712887055126206,-0.23501222831631544
2393,0.22745531785210446,-0.14939341437945572
2394,-0.7973646154336063,-0.27019727302066826
2395,1.2620816874724226,-0.09206143415540818
2396,0.49903487119750184,-0.24580350637907272
2397,-0.7137387660987765,-0.30036924609223914
2398,-0.05885592216867433,-0.3640963302052485
2399,0.8262167448569773,-0.18981467643092537
2400,0.48417923509324196,-0.09246250551690909
2401,0.44135788214401944,0.26760202710030034
2402,0.1528326321746442,0.17004147721841423
2403,0.026762625250095037,0.6521041564240201
2404,-0.4646041132691464,-0.24503718588527107
2405,0.5050843497544437,0.06540718687041007
2406,0.5299586900856933,0.3898678285438421
2407,-0.6852083786638061,0.44432185378793815
2408,0.6586565197144357,0.22280099667718983
2409,-0.1432672067288686,-0.250853062521064
2410,0.191072707692381,0.09611937670687727
2411,-0.3100340893808182,0.04635169124974783
2412,-0.2233029826416167,-0.4562021991090288
2413,-0.014939980034033318,-0.3617930413546111
2414,0.9067960108424838,-0.07825877471748349
2415,-0.5555602653732962,-0.2035556594606457
2416,-0.5001547378951763,-0.09787766118201977
2417,-0.4276190593953387,-0.25565000237565544
2418,-0.12818691117278025,-0.16622783536718527
2419,1.6038400389634344,0.4610498999950727
2420,0.11130098387968289,0.5823469255818211
2421,-0.2180823127431462,0.12197119971987141
2422,1.4902620310025523,0.6395779809376647
2423,1.279770863276716,1.4427221595489554
2424,-2.098678378422086,2.1339170108988714
2425,0.916391682314747,0.2586060198477531
2426,-2.262122640331693,1.3197669307799582
2427,-0.17947334608815954,0.47511867689856274
2428,-0.9598042449501787,0.48540586041208067
2429,1.1346225938334407,1.1801261622067425
2430,-0.42568239573173977,0.6003377854095641
2431,3.5319531879414687,2.5232919028564464
2432,-2.3851501823196486,1.4958425558449007
2433,2.1805044700919445,1.3084997273344974
2434,0.42992136626210187,2.853888991110115
2435,0.077748687167437,1.5126167175144714
2436,-0.6945148007292554,1.1113320331920347
2437,-1.388533839964977,1.8989189559622874
2438,0.4316659479106463,0.13654301748758765
2439,-1.0469814287272563,0.7858186850275878
2440,0.764634684531075,0.35207305364824354
2441,1.3478017055139395,0.6225851912541122
2442,-0.3900537809062684,-0.1855615843022497
2443,0.7353257712366175,0.41254287206594376
2444,-0.25485752811160445,-0.5149391445954413
2445,-2.5020166843993623,1.117055693468406
2446,-0.9623022844090813,0.6467790196471354
2447,0.5488658335518669,-0.19747688757153073
2448,0.9070411382640563,-0.4113317010126888
2449,0.8071175998831789,-0.08448874201614016
2450,-1.1175067401716898,-0.20519387042738269
2451,-0.34705361555627395,-0.3069982040848674
2452,0.35726422480601205,-0.3434179774919877
2453,0.22481678126025217,-0.4849084222659254
2454,0.6562448726715694,-0.27589991462530516
2455,-0.6214668229949899,-0.1660359383163636
2456,-0.17485105625454048,-0.3738417545549818
2457,-0.23222368988643335,-0.3055651572383815
2458,0.34724744475639335,-0.3918200014838312
2459,0.5943452093315288,-0.42717093196626416
2460,-1.225864442069663,-0.0732841900205914
2461,0.044310050540751246,-0.3896631315468847
2462,-0.751773461317615,0.23275537236120172
2463,1.0094176007103484,-0.2922529423438416
2464,0.3974897753874077,-0.42243116637846145
2465,0.6888609682313839,-0.48814494294030936
2466,-0.2323646404269186,-0.48010272081046473
2467,-0.1736772819849645,-0.2867190029729659
2468,-0.34676608717976243,-0.520584415496413
2469,0.18201185896635744,-0.6114502351741901
2470,-0.3773392449157663,-0.5035260203436405
2471,1.0584309297457588,-0.21912110697356527
2472,0.0830453566838394,-0.21886715641199614
2473,-0.6265266760136217,-0.32669907635402007
2474,1.3323451680023974,0.23338018705219946
2475,-0.5149740194268598,0.17260662161276613
2476,0.947661350693872,-0.10680764517431945
2477,1.271765372610073,0.8912327585864851
2478,0.341456910514954,-0.03276185806528083
2479,-1.1914719515966907,0.0647085314908705
2480,0.36393025679004704,-0.20818314695951629
2481,0.6487767864959877,-0.15255730841000453
2482,-0.4150531118467185,-0.2305264440276853
2483,-0.12904404732311045,-0.11436422262569988
2484,-1.0239137139777366,-0.17646214548468125
2485,0.015541351097237094,-0.46914646333894283
2486,-0.04182202754245407,-0.3490707370875586
2487,0.10196261091871045,-0.3901103784983903
2488,-0.6645649663954679,-0.27622700974135317
2489,-0.09331126613383525,-0.4653430930186793
2490,-0.6317074103237166,-0.39662081121187304
2491,-0.05110686568055553,-0.19933162352888095
2492,0.534617012715831,-0.3179375008714301
2493,0.3644802598701862,-0.3706804203843077
2494,0.016805032536159357,-0.6169508247820581
2495,0.49622344958228004,-0.5128336973181442
2496,-0.07836597173864404,-0.5875951006236573
2497,0.3997247885903509,-0.04441226441373452
2498,0.11563393123851307,-0.49371633194694475
2499,0.7805450890099553,-0.12989496912823276
2500,-0.11278282626103064,-0.43325181013526287
2501,-0.028735362150558733,-0.47774753640179307
2502,-0.9940015300869546,0.02390614956377551
2503,0.2038076361037194,-0.39542926125659283
2504,0.9489297708011892,-0.33228970815461056
2505,-1.5072684554409614,0.6289476697878428
2506,-0.49463675588617867,0.2773302049995261
2507,0.23914825157916383,-0.16415174838726698
2508,-0.7136093486812451,-0.3406784758680994
2509,-0.6775949464178146,0.49707903297239514
2510,0.646672175961878,-0.31183145531694434
2511,-0.16548583030919511,-0.2716598964137329
2512,0.3252781473513726,-0.42104422821598364
2513,0.5855019612679258,-0.4779784660915298
2514,-1.0470195837855254,-0.35852678989426634
2515,-0.4458354783818091,-0.1770373654976861
2516,-0.2905333860848879,-0.4538509129141502
2517,-0.5074865164338367,0.40895559293445355
2518,0.061746257116458245,0.17279579433214265
2519,0.6405877925778656,-0.11778314624794592
2520,0.2658702267467705,-0.2675313662135868
2521,-0.4407628404099727,-0.420695945826399
2522,-0.14981705739764803,-0.47753765506030904
2523,0.24735862013629545,-0.4126609739095961
2524,-0.9456330434239903,-0.2661992855072461
2525,-0.434199570000579,0.2834336737543367
2526,0.9899176104463087,-0.10007552991334255
2527,-0.3411846674460973,-0.04976347365182844
2528,0.2415111014596854,-0.38082038573717225
2529,0.8195684970484386,-0.3706996570724963
2530,-0.255053552387893,-0.09341783866562518
2531,0.6711319660493945,-0.32230279395197514
2532,0.45224057415412816,-0.12006496094645411
2533,-0.4735412664371047,-0.38096414385276617
2534,0.36689479418566934,-0.4523511151030871
2535,-0.49291540811854373,-0.294874388339077
2536,0.49590839941008064,-0.5113808827895102
2537,-1.1149928146252828,-0.11700641479343801
2538,0.5469128182873666,-0.4429345951475903
2539,-0.3150418172417249,-0.4993843489419794
2540,0.6317890997319927,-0.46182758041039995
2541,0.006263241143246373,-0.6060490271566393
2542,-0.3110293004321273,-0.5813950402856471
2543,-0.5561021366898528,-0.5286206128642397
2544,0.41540868378357426,-0.4715804444695318
2545,-0.30833629711856264,-0.5892462075571543
2546,-0.5408947332759004,-0.49067377602360873
2547,-0.07138567880330979,-0.629658416043402
2548,0.37015435684242576,-0.5708530817947841
2549,0.1784392307498272,-0.6373683662073881
2550,0.252738838533405,-0.6139063706256479
2551,-0.40973307305787826,-0.576773142415416
2552,-0.23566199049777362,-0.4444978417924564
2553,-0.1917022896120019,-0.5789447638857574
2554,-0.6089262640038894,-0.5472339963596867
2555,1.116744791780108,-0.3896138165463951
2556,-0.23936543335122829,-0.628227450357
2557,0.07083059773843424,-0.5227884717396605
2558,-0.14341100791460143,-0.5623825170386965
2559,1.1259864021634327,-0.24599898361413366
2560,0.10850712640011896,-0.367409778862205
2561,0.42759853316856333,-0.5177594139517392
2562,-0.16712372475252033,-0.45289943156849266
2563,-0.603058281510499,-0.4369687962240508
2564,0.2402647545670886,-0.5243034057660215
2565,-0.15839480916311438,-0.47513329859896986
2566,0.016867115326730266,-0.5929996762781146
2567,0.5959668533353838,-0.48277652824540557
2568,0.9850315503677568,0.13143893111680116
2569,-0.07943761358273409,-0.4635506941719375
2570,-0.43150705067671735,-0.35101103950096907
2571,0.4511728626569893,0.006373411193436556
2572,-2.579662970589062,1.7187181217977123
2573,-0.9639327266098098,0.7407113950509909
2574,-2.500133908002722,0.9871220449105523
2575,1.6806850042253052,0.3536375685289894
2576,-0.24664759524853117,-0.4548689714266009
2577,-0.3750144103124783,-0.4721643503854035
2578,0.2903390221176212,-0.4340232178035272
2579,0.15712951501751501,-0.5748368471448471
2580,-0.47767160335616365,-0.564465312204615
2581,0.4957805956570735,-0.5763991081514112
2582,-0.1440677360624202,-0.4843098959452531
2583,0.2784960223368102,-0.5249897722500791
2584,-0.5371408412416327,-0.5316023121494802
2585,-1.0744043810337964,-0.2212672627245137
2586,-0.436656880698791,-0.2573478064929114
2587,0.28871317125768015,-0.2746448547538747
2588,-1.573506362803815,0.6209607802865432
2589,0.8768452000114753,-0.20268826913472526
2590,0.08694378868345895,-0.4717643401726736
2591,0.5631018704298683,-0.4616499267558788
2592,0.12337497997136224,-0.4067278870517761
2593,-0.25815106668951965,-0.5885392505035346
2594,0.279105380911768,-0.48231324720635377
2595,-0.0632363407780072,-0.46814329703580543
2596,0.5030626560893423,-0.5973428846605408
2597,-0.032492376677108394,-0.48926832312275176
2598,0.006555823394426968,-0.35403636620990636
2599,0.2812183245016366,-0.3366431455354374
2600,0.35242039783936024,-0.3170543944161926
2601,0.4767460093418463,-0.38070170427512673
2602,-0.08076200438566827,-0.3442008232468682
2603,-0.5706734935678976,-0.5717340975811778
2604,0.1387096213648834,-0.5828965403668516
2605,0.6104631125303256,-0.51466601566657
2606,-0.34119219665721673,-0.5226849434153692
2607,-0.3354720368837941,-0.5893061275920308
2608,-0.412362669166427,-0.5204524328458119
2609,0.09912595798262588,-0.3617196183653655
2610,0.0667578958044807,-0.5709338476529543
2611,-0.3610941723242547,-0.5616535716826749
2612,0.039467843874070194,-0.6399096529890365
2613,-0.24958732320670987,-0.5028171070692261
2614,-0.1083861587538133,-0.478587123247452
2615,-0.6045245177343129,-0.2043820126902204
2616,-0.2099865363815671,-0.5308877897355796
2617,0.5186055411416428,0.4694151437778267
2618,-0.48745272293723063,0.025144828992252694
2619,0.5883084366063747,0.061867316882133885
2620,-0.07280832619166605,-0.4347755115255061
2621,1.019697831577712,-0.20978994439590823
2622,0.3329942937471133,-0.1321473596006093
2623,-0.5850370165428614,-0.4102519779109442
2624,0.7019375802032479,-0.27333873537404735
2625,0.06437529208312538,-0.5432233373037416
2626,-0.27041948800984633,-0.40458711187660684
2627,-0.7204522506290499,0.07454278269172938
2628,-0.6046713887272586,-0.416266056831351
2629,0.28890983116490454,-0.4476148993889336
2630,0.2685696119268412,-0.5691413930913434
2631,0.1396669968998488,-0.4957597486174307
2632,-0.808111414186596,0.0655945382822933
2633,0.27405399943986153,-0.22673312574141477
2634,-0.13795221173391578,-0.47238635017705355
2635,1.0250975704868652,-0.20771352183230513
2636,-0.2374119705627311,-0.45518701467091693
2637,0.1930510880345387,-0.5448372647896731
2638,0.10290430916627823,-0.510924362191551
2639,0.8120614253521551,-0.29849882731530747
2640,0.14520609669334184,-0.38490797844324115
2641,0.8085097680555573,-0.3089207176685283
2642,-0.2846091406773109,-0.42413040179280825
2643,0.48530368059087203,-0.4047525110809302
2644,0.6621283804208301,-0.2092839310608413
2645,-0.13276858226174706,-0.3375888343962365
2646,0.4816511555859378,-0.3967201281297559
2647,-0.5607150472683712,-0.2860263358082748
2648,-0.4252644728783242,-0.44716412115426335
2649,0.18147894443281853,-0.22455278526400366
2650,-0.31646518493116715,-0.30599326294207
2651,-0.34375877138769095,-0.43099621661045806
2652,0.9139280422636126,-0.5263940159934315
2653,0.3647295458503767,-0.22260524656400452
2654,-0.4631317222479873,-0.47963186573927413
2655,-1.599581919101271,-0.1927245459407016
2656,-0.3047755008678759,-0.1764650182591281
2657,0.5371086144226476,-0.3156442513830543
2658,-0.2747089346882592,-0.4083428313895718
2659,-0.941548716482831,-0.27321838888449007
2660,0.30719385072614097,-0.4499922402720403
2661,-0.34011062491659755,-0.5460365834540208
2662,-0.07205719855949333,-0.5628063205450388
2663,-1.484200576645513,1.2411160972276831
2664,0.9232631168009795,-0.0370457643516009
2665,0.2911800836457128,-0.34964691362612893
2666,-0.9979380456112402,-0.36064691937322657
2667,-0.48724474171200466,0.014444156092580214
2668,-1.6660798310819558,0.49254093444479163
2669,-1.3783162999122773,1.5664690291794185
2670,0.2791981315293051,0.35591233736326544
2671,0.6147017741807627,0.33391077940502983
2672,1.1997500857632037,0.18385144567665865
2673,0.39359733806883956,-0.48149085487389426
2674,0.6868149544920592,-0.3734560674750554
2675,-0.2599082926318165,-0.44403462394187837
2676,1.2836884311535632,0.09823568614873686
2677,1.1363699229321644,0.1867525748957436
2678,-0.1326549829501813,-0.5082857697579561
2679,0.6472134602000816,-0.2827382930144498
2680,0.988094883607153,-0.11913406400703472
2681,-0.7483742783210997,-0.2260156179646826
2682,-0.18904209621773194,-0.3493907003755433
2683,0.38855215606315113,-0.31141004425004293
2684,-0.06799362634949058,-0.49376627150157437
2685,0.07197703960228242,-0.33660237749389715
2686,0.40109659816621474,-0.16803586763488965
2687,0.9203405590734491,-0.40829722826696285
2688,-0.035111871427749505,-0.3563448049276999
2689,1.200764385101541,0.39943372414745054
2690,-0.3197376303095293,0.015740480820785285
2691,-0.3057402453349971,-0.10798934340899619
2692,0.8919716922548407,0.2067553425723777
2693,0.03720394398878723,0.12004305625112825
2694,-0.21260221374684515,-0.1714796899389003
2695,0.4729391667900623,-0.05762080659662717
2696,0.03327289008178287,-0.23113678205352445
2697,-0.47134031341176696,0.0433470624758675
2698,-0.1765931417067215,-0.26700446442913983
2699,-0.13215750465637743,0.002404762897797015
2700,0.2496198349446043,-0.33156177958003913
2701,0.42239329954556715,-0.2930502873098399
2702,-0.6663960146634509,-0.1507655241584224
2703,-0.24713591202332888,0.5670929993566511
2704,-0.647136229499913,0.8969172333503351
2705,2.690751401613173,1.6902191071299175
2706,-0.8353921342926047,-0.03723899783035682
2707,0.20042614239452242,0.23052928024789132
2708,1.2656538278096903,0.21673656473588074
2709,-0.3251894368528007,0.7031847419253066
2710,-0.39626897120610305,-0.18059729755094284
2711,-1.1073770355586074,0.10788114340738637
2712,0.5560489478027263,-0.26156435511243
2713,0.723956585845669,0.06600729394339591
2714,-0.9381692339432226,0.0932506918824387
2715,-0.292044361388088,0.06808971202783401
2716,-1.0730188304947545,-0.12776383585416792
2717,-1.0208570522846483,0.9894434774900945
2718,-2.9623269652480597,1.8670411341655289
2719,1.9153659028517016,0.6731431366257162
2720,0.1813082621323243,-0.09144239667400865
2721,-0.17780574855690223,0.03741368967293262
2722,-1.1213254281173626,0.395718184348864
2723,-1.5943304980977056,-0.11189148120645502
2724,-2.109522150403112,1.3564563601336443
2725,-0.24797425677032905,0.09646164624228878
2726,0.68488355698076,0.44906719633019176
2727,-1.3383537751735897,0.6461471688830142
2728,0.8703018997928698,0.6559718352552587
2729,1.5922353695688019,0.03122036374766006
2730,-1.426318733460339,0.14741972757510569
2731,-0.35006744444238935,0.029018758615779964
2732,-0.19488073988897206,-0.4099195669962284
2733,1.2587245147634327,-0.339884838002467
2734,1.0492255639359902,-0.2084554506578126
2735,-1.4101702224227224,-0.11455991836307469
2736,0.40882866590614114,-0.4584602484874218
2737,0.5569252775159211,-0.4054858664553572
2738,0.7169465124969101,-0.38475136654368514
2739,1.0913990425172861,0.20452465807247858
2740,1.112759409069282,0.17817080483686049
2741,0.9134493746603896,-0.40188723080237265
2742,-0.544767997627207,-0.15970139807545342
2743,-1.0874224575042455,-0.1913944629090626
2744,0.6450955612611114,-0.39347230827591895
2745,-1.1401765975241327,-0.404267408658837
2746,0.14919916440938752,-0.3115119001728721
2747,-0.33720197750572434,-0.4503394455739286
2748,0.179249459497653,-0.5401578537582801
2749,-0.014992832315933475,-0.5045459819217569
2750,0.8782325269269347,-0.40305183295065306
2751,0.20570656609830074,-0.43543383667514135
2752,-0.6562569792034604,-0.48847772452776284
2753,0.46563995864985874,-0.5669213919398777
2754,0.5504594630396968,-0.38360806009058024
2755,0.06490735427195053,-0.4150172734547801
2756,0.08745007484771167,-0.41539248513644833
2757,0.5781485915227226,-0.3787313612982073
2758,-0.28756627598430873,-0.5590258925915267
2759,-0.24539008524107567,-0.1677950622716267
2760,0.7122520385819557,-0.33952010996867826
2761,0.8959915907831769,-0.38220045723053303
2762,-0.2369590100710438,-0.32142867330704555
2763,-0.3728120612197761,-0.16293755078042643
2764,-0.06521321919413416,-0.4132038027687144
2765,0.717150250959361,-0.23749611974186255
2766,-1.2102899863198135,0.10014456405971778
2767,-0.42870527182992163,0.04707796449375233
2768,-0.2331945841077652,-0.3934466889920115
2769,-0.2715626625232187,-0.49596339264306394
2770,-0.46828245537953644,-0.3754046287029166
2771,0.1438105922216528,-0.1659995439580434
2772,0.9495673666799864,-0.40837931916919396
2773,0.13628400622087297,-0.3605658442710927
2774,-0.18447356278851124,-0.43279940416817747
2775,0.48157640239056715,-0.40607259561562736
2776,0.30160032376374796,-0.3704863825289687
2777,-1.601309151206233,-0.11467852529533595
2778,-0.7788238236019838,0.0036909199625252
2779,-0.27750093385485736,-0.2771413507259859
2780,0.5794939600211123,-0.2182701683791871
2781,-0.15391602302839916,-0.16118055272264428
2782,-0.02122626664736722,-0.375940613560785
2783,1.1219373190538948,-0.23746742968303375
2784,1.0307857689025075,-0.03632154016836088
2785,-0.1919421844506061,-0.11482359262337091
2786,0.7334450505601461,0.008967215036111332
2787,-0.16812720105219836,-0.33500847381865523
2788,0.5306039695414421,-0.37465955424030484
2789,-0.4978636253491332,-0.36621150136782427
2790,0.4003706196929368,-0.2041469212175442
2791,0.23881778394829964,0.06513330615249352
2792,-0.3173741334921151,0.14721438594539998
2793,-0.3322444650854464,0.041170608267749584
2794,0.7593718355090788,-0.0011889643751031857
2795,-0.7412488202898163,-0.27891275530176096
2796,0.31044043038844854,-0.470183787323834
2797,-0.09454389609737475,-0.01212841933544058
2798,0.4203003649983297,-0.39957834719546453
2799,0.026981666225602666,-0.26651929181535655
2800,-0.4542084433594887,-0.28488161970125925
2801,-0.5530563659352549,-0.4375576150034138
2802,-0.24433784073562526,-0.1283720188257799
2803,1.8935573796855214,0.2911151400691178
2804,-0.16457122141868957,0.3227315291399019
2805,-0.7277945994510321,-0.21098270113252435
2806,0.39355058606183996,-0.42132593766843773
2807,-0.25798168213405603,-0.32781066345814397
2808,-0.8704264521966364,0.19029532911774477
2809,0.6274854591901516,-0.04571477820034041
2810,-1.1891560598058204,-0.0011816021531949902
2811,-0.02223997288933907,-0.21372032743723549
2812,0.06625174685600164,0.4587321766645629
2813,0.1525478716252524,0.1631402343491766
2814,0.04093340247061362,0.24209068230248562
2815,0.38457235963019865,1.3048668463623891
2816,-0.49487503460093757,0.27853188079153685
2817,1.6265206761622093,0.5096320179214209
2818,-0.3697617391612514,-0.37115959794670755
2819,-0.4607661895173378,-0.43783690103612605
2820,-0.48443534055046666,-0.40594121810581435
2821,0.5157972070615573,-0.10565480826742794
2822,-0.40655298649178534,-0.1921429577050947
2823,0.3855919746291962,-0.33744454756748765
2824,0.776515874623257,-0.22305209760769168
2825,1.3481634252375687,0.7204375235408138
2826,-1.9620407141486904,0.3326179688197784
2827,-0.03630363442194468,0.44739922739014254
2828,0.520979425295591,-0.4122328684333434
2829,-0.08402809754139949,-0.29089055663594315
2830,0.0822102377050851,-0.09257054874615069
2831,-0.360140326532773,-0.03203003668287936
2832,0.8508702825707185,0.02309690949699508
2833,0.041332532421692235,-0.37785359046206873
2834,-0.06045905436687098,-0.4552583422228069
2835,-0.21346375686022037,-0.4471419204581374
2836,-0.18564127854382814,-0.3381638487325887
2837,-0.4380354387000682,-0.5087375029809963
2838,0.09291658351800357,-0.4509861831275804
2839,-0.9035056929259854,-0.4866143494652961
2840,-0.7508435279139769,-0.16060603191693107
2841,-0.02009410337883987,-0.04967596447768635
2842,-0.2254098836033736,-0.4684058588128699
2843,-0.9582489597481211,-0.12006209436166165
2844,-0.5437790344668615,0.9471384499614218
2845,0.3492160764242353,0.5533964377574268
2846,0.3370557583185493,-0.359169250236226
2847,-1.5361618638273014,0.2948300415153508
2848,-0.4006921551794432,-0.06638635860988981
2849,-0.5392874885382681,0.011043717602530118
2850,0.4177288150596255,-0.5384318699016928
2851,-1.5865692314055515,0.7359160769015984
2852,0.3242581293605767,-0.0028243379791020842
2853,1.107994896187657,0.05866260503436389
2854,0.6756114419526235,-0.09383966061684518
2855,0.558335714802558,0.2779617416467562
2856,-0.15118989192031115,-0.15113303619357668
2857,0.4879643214973572,-0.08410311109709939
2858,0.05303395189540586,-0.5334327881593665
2859,-1.149725085976004,-0.2549538593669149
2860,0.8056091143146032,-0.27063217803246253
2861,-1.0600494317462181,-0.2313607022567473
2862,0.9188142688749371,-0.17905142148389946
2863,0.34867696957342403,-0.3487678631423097
2864,0.00653300228036109,-0.2375640736660815
2865,1.047273751777053,-0.32428398807485076
2866,-0.2815939703777337,-0.3441180913271759
2867,-0.039723444498473495,-0.37398046955875147
2868,0.2251537612970088,-0.5473149775062546
2869,0.17549716820411812,-0.4003183532877873
2870,1.1499329716119258,-0.1881809736979756
2871,-0.22735481653865564,-0.41414829941841524
2872,-0.3543197191542474,-0.30773623609914047
2873,0.07608644585714833,-0.573172539832226
2874,0.6720796463408371,-0.46749078443087216
2875,-0.4644392397635572,-0.42387400618446325
2876,-0.15654540087540286,-0.4364323439909972
2877,0.0819510610573719,-0.5899676660338257
2878,-0.37368737746958636,-0.29087129155869385
2879,0.10168055697579566,-0.5619441432580057
2880,0.29859565070252797,-0.46637810920615386
2881,-0.9161034088006919,-0.42070654602068097
2882,-0.22686774939658608,-0.3766845388171969
2883,0.14954445354667978,-0.46873939219126864
2884,-0.33485212632368927,-0.31323025750021344
2885,-0.935318396563768,0.16916525455185272
2886,0.2649434597707668,-0.39627302103200485
2887,0.408713617135067,-0.3975331055910364
2888,-0.811878660712174,-0.13401903000313264
2889,0.37329146572887506,-0.5164246767513638
2890,0.15032993480226914,-0.5036846017407911
2891,0.15927195146184497,-0.46585836847184753
2892,0.5064676564062456,-0.555011889386751
2893,0.5925429187232408,-0.20807354029950523
2894,-0.18320871513790715,-0.4966479637769629
2895,-0.056887576345567924,-0.027367828762874184
2896,-0.14354210122103844,-0.6064490050225441
2897,0.44417204255325815,-0.580028841676004
2898,0.0925608097622124,-0.4244054724497787
2899,0.1285268452415036,-0.5429739937775664
2900,0.36492707555823944,-0.42476627029016306
2901,0.04924599558333049,-0.4332059483619418
2902,0.1727449930921484,-0.4599103954574321
2903,-0.34012835025442273,-0.4161649971189955
2904,-1.2579079052501414,0.03973613803328523
2905,-2.3578582418370426,3.002390246614715
2906,0.09536503203057083,1.8253374589021514
2907,-2.1408643398250273,1.3649957979803509
2908,1.5645123475258134,1.2199166835545203
2909,-2.62173695730603,4.147698932912235
2910,-3.4816316262929137,3.283919947863189
2911,2.397192774506546,3.8836149624495606
2912,2.6287567918656727,2.7931610140777554
2913,-0.23848704406624768,0.9056074127525003
2914,-1.213994348643098,0.4182688201151505
2915,0.8038304947041177,-0.0945917910392641
2916,-0.24955074748117778,0.35642558604622165
2917,0.9998102544270188,0.14352970222533498
2918,-0.9343557754292289,-0.36101976654520007
2919,-1.1199058739663488,0.13142980184927866
2920,0.12813081003589488,-0.1859652725771112
2921,1.3874365832268463,-0.1792950283169199
2922,-0.16270486710156107,-0.3217927140852819
2923,-0.7838930902500313,-0.30632715711112735
2924,1.0307586857020286,-0.30711980436900055
2925,1.3199757283151143,0.09131033968346242
2926,-0.2870862757674813,-0.12426364043826392
2927,1.0158964631288014,0.42395203183935243
2928,-0.8122742611155518,-0.19639909433373434
2929,-0.37296044265656975,-0.4323104295868624
2930,0.07676055827962501,-0.5662295539399674
2931,-0.04149216384583873,-0.5214504688574503
2932,-1.4875955752227399,-0.3014977632693749
2933,0.9498608328593087,-0.44738079670330855
2934,0.8548320566191507,-0.3353831025132851
2935,2.237422814889412,0.434487166807177
2936,0.25971434529544607,0.11845244496110864
2937,-0.4580868529864257,-0.4679437399215371
2938,-0.22137004401568852,-0.4909061032595166
2939,-0.12330539652203917,-0.4753303889192634
2940,0.3328710358367873,-0.5695367158021148
2941,-0.4925025205607265,-0.4617353620872407
2942,-0.48888756197721706,-0.5591418542112817
2943,0.853408522780192,-0.47070164205510684
2944,-0.7640778821940858,-0.3405090719853233
2945,-0.32387192858356295,-0.40860085709463106
2946,0.049767357971122285,-0.3775382925877258
2947,0.6950817315108813,-0.3724490633573926
2948,-0.12678837549436245,-0.6065513887483353
2949,-0.3054454367924031,-0.49388425124342605
2950,-0.20725931692741878,-0.5558156886680582
2951,0.5451965368707314,-0.44536637821437003
2952,0.12451069042991254,-0.5357037144419016
2953,0.06096777714306532,-0.3840492880435023
2954,0.39078430059549935,-0.43753958378545077
2955,0.6480477222856105,-0.27721731417314815
2956,0.23391453260697023,-0.2955677219096218
2957,0.28981954126176157,-0.45950569580824907
2958,0.034085019071329145,-0.5535027194256736
2959,0.1643924039550745,-0.22392379948188249
2960,0.9333509877025117,-0.18195162085435787
2961,-0.15403378825114653,-0.5096666268456501
2962,-0.6355423373845058,-0.2815387245459608
2963,-0.016663185154582587,-0.049740287063728926
2964,0.2138949469183606,-0.4666374743509108
2965,0.13838052228838604,-0.16460633267882424
2966,-0.47958715333001467,-0.2975003405075344
2967,0.06700427601204925,-0.5193608465563441
2968,-0.7225824230131686,-0.5285284103536776
2969,0.4245063287678699,-0.3959180846267515
2970,0.46145176375509156,-0.551553405994886
2971,0.47066355643032487,-0.5530573984621452
2972,-0.11409720261478555,-0.5189317656565057
2973,0.7254754975269025,-0.24475421014895785
2974,0.0003606302992407487,-0.40405400005622466
2975,-0.3822442064504965,-0.30973410588123185
2976,-0.10172162045035946,-0.5382925562432477
2977,-0.5386274924535461,-0.41867412262844605
2978,0.16714646506125613,-0.4674800940151887
2979,0.37576032062483056,-0.43610891796676116
2980,0.21543413407450748,-0.5448676526633176
2981,0.268512896705905,-0.449244797912008
2982,-0.09364080976165473,-0.3200846931593918
2983,0.20981331470712852,-0.5779860037797483
2984,0.7913984877677187,-0.3358190948070249
2985,-0.20971600444558802,-0.2953812267520581
2986,0.6303318168149552,-0.41707252431107245
2987,-0.2050563003407486,-0.5222872976442832
2988,0.4098693918498961,-0.41912664668689437
2989,0.47814700282554723,0.012810048965577171
2990,0.24661085096992613,0.1944805321373429
2991,0.5970118154132295,-0.31279922205451816
2992,2.297152195596818,2.1719586254706513
2993,-0.8951545144907468,0.3740342208825291
2994,0.18480346480680263,-0.3079469853520472
2995,0.22303037752968424,0.1558965998719753
2996,-0.9709265588935695,-0.15868725051794166
2997,0.7023994228607733,-0.1798701004670443
2998,0.3539574781911916,-0.2949581370135401
2999,0.2663727486110416,-0.22693897815347214
3000,-0.4917217621599186,-0.16037841908037184
3001,0.66470277022104,0.21806094504798812
3002,-0.2998553682371101,-0.4846999025402561
3003,0.5296588001643711,-0.14289910369137826
3004,0.1315504458513617,0.10551373891280309
3005,-2.07787863112703,1.740775713676797
3006,-1.6272316377171667,0.6689793043342787
3007,1.7770483231876122,1.667953435642009
3008,0.75921179725449,0.33254506272409634
3009,-0.21369624136504362,0.13432392415149583
3010,1.8113067070897735,0.5444603888901659
3011,1.941809543087783,1.1179883427056552
3012,-1.0163717973121098,1.353672881242833
3013,-0.8029891796801354,0.15966363481083237
3014,-0.8067589582696878,0.19285793488640615
3015,0.9788026593268426,0.39963300107670924
3016,0.24408763727021593,-0.3184537471675828
3017,0.7782615525166736,0.22142133111852894
3018,-1.581365049583474,0.07698604829514703
3019,0.3211608417807158,-0.2839122904049378
3020,-0.5481562453355666,-0.06058437523002879
3021,-1.3194681103519323,0.09567919082274683
3022,0.6459661639213067,-0.2904761518553397
3023,-1.1146472365775963,-0.16656892846622748
3024,-0.10994853701388661,-0.4528470429120037
3025,1.1281865925790857,-0.11408814155612602
3026,0.596137750653564,-0.0016612259887248935
3027,-1.1401213302932824,-0.346585100448332
3028,0.527194206361706,-0.3923631391896961
3029,-0.3430675675275548,-0.5211025353968478
3030,-0.1249703551529428,-0.3936976785954917
3031,0.7125096721026257,-0.1954439419093945
3032,-0.06891695587537736,-0.4833494760115184
3033,-0.4087068032062065,-0.28993436146479834
3034,-0.12360709601206545,-0.43117469723980606
3035,1.3681260418180172,-0.22302696610466394
3036,-0.5120840721390885,-0.5298859586846175
3037,0.6020588592954058,-0.45053433210879845
3038,-0.8588319237739421,-0.26310557007000795
3039,0.5460670938349692,-0.268736296619611
3040,-0.5670936114476371,-0.5924468073085181
3041,-0.5820203031396671,-0.45654093833473647
3042,-0.20119605331743248,-0.43310789391641247
3043,-0.3676353547701639,-0.5023446179703388
3044,0.4292962002666493,-0.31827222446947845
3045,-0.6852480555801184,-0.2702625696988746
3046,0.671986399881073,-0.5229373085298024
3047,-0.0305636372120268,-0.12963268122188748
3048,1.3774854246599808,0.03404851946372782
3049,-0.3473015450225033,-0.20237161877864165
3050,0.8781637199493059,-0.26881903494001275
3051,-0.045679218711117665,-0.01666940543227029
3052,-0.21550480201158642,-0.3282293902397554
3053,-0.7048278623322,-0.27938732127952914
3054,0.49349537985425507,-0.4595600564721107
3055,-0.13668517666114474,-0.29766832751576844
3056,0.8023705647866816,-0.1791896191705331
3057,-0.05386456167981519,-0.07133634755696582
3058,0.35781562806195577,-0.27189817596435834
3059,0.898541113559105,0.317213966522156
3060,-1.0155729231692145,0.05889333764617003
3061,0.31803776617272056,-0.32365470420187703
3062,-0.47768597473713525,-0.4134061799995347
3063,-0.16985455774960054,-0.3631303404827086
3064,-0.22601082312212506,-0.4644606695809566
3065,-0.9840035967300973,-0.13484390174410396
3066,0.15501220154671985,-0.4714095715373943
3067,0.09442895111140237,-0.5208885977422337
3068,-0.6230187362745813,-0.29388602725964674
3069,-0.24836737625370034,-0.4723097691851163
3070,-0.3489749127608099,0.11907622322716109
3071,0.08650417319154316,-0.47856660615688906
3072,0.4779058896853221,-0.1857667511760867
3073,-0.9759936699536845,-0.10081409511762535
3074,0.5165212433573495,-0.5401514301608886
3075,-0.8100203446455925,0.2660208802391079
3076,0.2500107418303749,-0.1616320732908537
3077,-0.5998264063809429,0.15218318820195473
3078,-0.43639764223328986,-0.3212949190873905
3079,1.4475475973648713,-0.20217996234653066
3080,0.3451829874064174,-0.21512191624031735
3081,0.12426310277231528,-0.4451981242777687
3082,-0.16131169683052615,-0.5343537650968073
3083,0.6344563911937932,-0.353469533233409
3084,-0.28388323007597943,-0.5098708771257304
3085,-0.5676518229131179,-0.4064712718040376
3086,0.09050743394720463,-0.6230514954745859
3087,0.7083338904653164,-0.5092647476524682
3088,-0.11425657390818887,-0.33732721852302355
3089,0.11512823662826138,-0.4290560300772551
3090,-0.13040783687569096,-0.5874960926151925
3091,0.689931984290072,-0.07336013120908086
3092,-0.12512167878697147,-0.29555927374260615
3093,-0.09845174373462023,-0.5042694727377319
3094,-0.3913550916450674,-0.35496986834215954
3095,-0.4280932100623992,-0.49673716658018396
3096,-0.16885302017537263,-0.32825379242930847
3097,0.6349148678162602,1.5627942358175961
3098,1.2777943131749014,-0.142689579794118
3099,-1.3211269554564191,0.0005154606487269893
3100,0.4738109267433963,-0.42548616817948115
3101,-0.11838171355117491,-0.08696695612961243
3102,-0.446463761799807,-0.20236292944066128
3103,0.40824204091694394,-0.07609094524428087
3104,1.0941678707391305,-0.013428241660888697
3105,0.45889506645353173,0.5380604209805987
3106,1.0655377943351754,0.022580732472424207
3107,-1.0758551851137248,0.07559328366994249
3108,-1.5439545978155627,0.21620252890365724
3109,1.2467720815919048,-0.1460919433306717
3110,-0.4548820028611059,-0.44064293218422484
3111,1.6540192831109948,0.614391135892305
3112,-0.28281745954416426,-0.03515123170528116
3113,0.22322299159527126,-0.3860210230005033
3114,-1.2436009387133575,-0.15651723290833547
3115,-0.7594019490152877,-0.12438890803570471
3116,0.21481634135457245,-0.2925113737131569
3117,-0.4377665227348976,-0.4815367107115598
3118,0.33264115496859037,-0.29644919052850194
3119,0.46196096300179734,-0.4188244687361851
3120,-0.5201104851935445,-0.46789928373439976
3121,0.5369820155232171,-0.5042838687754393
3122,-1.187315952645959,-0.330253092508151
3123,-0.6433655285913412,0.12335532423279084
3124,0.23706403800078954,-0.37882829546379876
3125,-0.8395053697442642,-0.39452434447832385
3126,-0.07210493250524098,-0.3504049111272396
3127,0.36169419435510475,-0.45956422400519087
3128,-0.06215145032571111,-0.4759583960734931
3129,0.25978273977793837,-0.6031879851117181
3130,-0.023496065786627725,-0.5197047889025788
3131,0.480454109253585,-0.5598163772574021
3132,-0.3059030731616838,-0.4803120812217082
3133,-0.5613088853473395,-0.4925293684351377
3134,-0.6196569012997902,-0.36552590009080854
3135,-0.21534534294825147,-0.4365717001141756
3136,0.2308812111236061,-0.46451574473796864
3137,-0.2756668901857631,-0.435865295396095
3138,0.16008067041991317,-0.584834810322878
3139,0.3296628677966715,-0.4614290588845005
3140,-0.10769242516561287,-0.4190891963972154
3141,0.37231829589830917,-0.6217165537358543
3142,0.17493281789831258,-0.41524151042333124
3143,-0.3068961194114717,-0.33894746687430766
3144,-0.2375960254919455,-0.4976322110807073
3145,-0.5654716490013781,-0.5790985888097242
3146,0.05232966136649884,-0.4257789430990653
3147,-0.6650323797671638,-0.44843870686846765
3148,0.10415190146782306,-0.29943779319534625
3149,-0.33286384864955837,-0.40601515743736216
3150,0.38556961182414257,-0.5630259985248218
3151,0.7357040721623097,-0.4959657131144613
3152,0.48853350699368303,-0.5487004490783196
3153,-0.32477171811324707,-0.5215925811811836
3154,0.11944854519089884,-0.6016002250200122
3155,-0.009186258415139327,-0.5842217447472208
3156,-0.4154659933035836,-0.44221332459134655
3157,0.122825768772011,-0.5953376029013712
3158,0.03303060730494854,-0.45581413284733663
3159,0.3989203206644874,-0.5917475600123311
3160,0.025428744320547866,-0.34534483642280944
3161,0.3430155719801438,-0.6005665541906379
3162,-0.1389160263409447,-0.6692773792691435
3163,-0.5777319227913934,-0.5211074301542543
3164,0.4030789895309367,-0.5801370958823595
3165,0.4209766770130625,-0.529550574638407
3166,-0.5551315827704382,-0.4192468670417094
3167,-0.488501943442031,-0.2581332540576407
3168,-0.6357711658121691,-0.3115197760920311
3169,0.5765002986671107,-0.527380354377582
3170,-0.37061094471134903,-0.5053039784933421
3171,0.16088810613061658,-0.4263416722942194
3172,-0.2905123832937346,-0.5837570340250567
3173,0.5707217428865371,-0.4702998100938244
3174,-0.008147337686703627,-0.5245942654948289
3175,-0.7405566055354756,-0.28603971474457185
3176,0.7157664309981255,-0.27769707662315296
3177,0.361398897671166,-0.30306834821930867
3178,-0.29209395849679864,-0.5165377677855375
3179,-0.34692850537487335,-0.40452039853476873
3180,0.42142007871957293,-0.4721286442568362
3181,-0.3254600466584103,-0.38535186359635376
3182,0.03653565641945395,-0.4649503772536778
3183,-0.5069104528337465,-0.3315870188541928
3184,-0.04014495643625953,-0.5831838608208331
3185,-0.7422206242336351,-0.1786689720702792
3186,-0.4767938192004436,-0.1595194571620102
3187,0.470854516610677,-0.39573098071962404
3188,0.4089919231294284,-0.47553038865486036
3189,-0.30577283994338816,-0.48608193791845705
3190,-0.016465162873917825,-0.5344529829476615
3191,0.20677440014098172,-0.35733120059831436
3192,0.7004898866053223,-0.3918823632969367
3193,0.39782211410829205,-0.5187482800026992
3194,-0.20604191793376375,-0.5652147898778997
3195,0.43380037647872066,-0.45841673660722076
3196,0.3430803651429391,-0.3880304882433986
3197,-0.19507115909634645,-0.3520766316120991
3198,0.2643261962081693,-0.49665970452508273
3199,-0.16658133317292265,-0.3826889942867944
3200,0.08132337317809867,-0.5104764249338548
3201,0.2964225990854163,-0.4849428041854382
3202,0.11198722265746272,-0.11255158095935369
3203,0.4555774848099159,-0.5127774073370769
3204,-0.28325783382494335,-0.48904829335200417
3205,0.018365458422944746,-0.4728764693320806
3206,-0.13351456009207036,-0.38080800456773517
3207,-0.547476562949377,-0.3438698173885456
3208,-0.11349024170463945,-0.28830288317158026
3209,-0.7368742883343408,0.5164842736943189
3210,0.27257439277854784,-0.33388831286478493
3211,-1.0373430579407183,0.9718974907502616
3212,0.37252839252943803,0.008353508800209762
3213,-0.45019002074418396,-0.4107167742973588
3214,0.8918469890978851,-0.23849606435304993
3215,0.23541355397200261,-0.5508423477900443
3216,-0.1313316650560327,-0.5526840402219962
3217,-1.066801139506056,-0.38087020048270187
3218,0.1687290964323577,-0.5349840776090856
3219,0.32956625354004665,-0.5391598481059832
3220,0.7144858848939256,-0.5910925433977979
3221,0.015534544015969732,-0.6192810801686729
3222,0.3616454078676685,-0.5081759160923836
3223,-0.2659946284301887,-0.5622299235513412
3224,0.1356528114745064,-0.5180236857017384
3225,-0.43172895434045994,-0.36959858248449895
3226,0.038136881039631636,-0.6195751225204353
3227,-0.5398583568749132,-0.3911996603956097
3228,1.115108297812314,-0.3086635344701314
3229,-0.6207887502584415,-0.4905542578373271
3230,-0.3010034963450867,-0.43517395433088957
3231,-0.2584915036959481,-0.5213125447923405
3232,0.0966906922836572,-0.6715566035110506
3233,0.5311680070485,-0.3102202070417635
3234,-0.5505030572137829,-0.4298107108028983
3235,-0.30932752911438466,-0.30995371924377446
3236,-0.7914598270638237,-0.36813009111289635
3237,0.20225679435584573,-0.4982405278892239
3238,-0.322074273399974,-0.5444227258856147
3239,0.5597229070857705,-0.332592092237086
3240,-0.5785365989187685,-0.485532836479002
3241,-0.43099810856758947,0.25398996920826633
3242,0.29234959001620836,-0.3503358443246003
3243,0.5763673662528858,-0.37959391903473755
3244,0.2679594404719158,-0.5053907291755338
3245,-1.079197043368411,-0.17261303504262043
3246,1.3202596836219755,0.5946885297151321
3247,1.1096424192791836,0.0500765881350162
3248,-0.316738658978412,-0.434312786065335
3249,-1.374385178089557,-0.21402635145630308
3250,-0.13747382494157137,-0.638160474424135
3251,-0.8515033597574977,-0.3284638398317396
3252,0.47499375617624945,-0.3979873725781566
3253,0.13872643841894192,-0.39305932643021274
3254,-0.6829142797719143,-0.45867776655405
3255,0.37722751426507567,-0.2695379326260355
3256,0.10310345810222742,-0.3952207306722018
3257,-0.756991192404987,-0.15822983380289496
3258,0.0008213699965667659,-0.3848226626991536
3259,0.7415019720705643,-0.30841956225386824
3260,0.3231421594556879,-0.42810449512397875
3261,0.130438916627127,-0.500412250851311
3262,0.488198188910833,-0.015867582350858948
3263,-0.30674012523131994,-0.3516159892300484
3264,-0.5657898315217357,-0.4446191051123823
3265,0.43225254540258073,-0.4200002999028121
3266,-0.04687826823467291,-0.6155498308181447
3267,0.30882325427423063,-0.4140861815594041
3268,-0.560211030041797,-0.35565430475321796
3269,-0.5048235999381828,-0.4821330602942081
3270,0.46220046719242935,-0.14890644648125043
3271,-0.06432011199444242,-0.43954585008527675
3272,-0.6612291447429653,-0.31830606151284896
3273,-0.7313948632597983,0.3481634020074519
3274,0.06399448741793294,-0.5258923298437326
3275,-0.26618505955597516,-0.26078024605366396
3276,-0.6875576554220273,-0.3997627570669225
3277,0.04326274582706489,-0.5566406573963715
3278,-0.11770606068170211,-0.5807766595241984
3279,-0.08798656102066732,-0.4729657434559296
3280,0.4633752748093499,-0.3183245955906105
3281,0.22843769238159442,-0.4382142171509345
3282,-0.30601467285902967,-0.46834779494577494
3283,0.30968144548583343,-0.24326138396332903
3284,0.2276276522049528,-0.40210047988180864
3285,-0.19585025389433147,-0.3281647191162335
3286,-0.31919960157774513,-0.3996541525345346
3287,0.3825031545329236,-0.43198487932373786
3288,-0.3464436601500182,-0.4013617600119658
3289,0.2109577311177944,-0.6254746318191687
3290,-0.431140697919243,-0.5368147284119511
3291,-0.14386641907936604,-0.662986630712028
3292,-0.4804280827140572,0.06351879913476145
3293,-0.8547747926143335,-0.1837757039279481
3294,0.6742537256019604,-0.39376774369314693
3295,0.5460680410108649,-0.2591456260221789
3296,0.6067348220270762,-0.45786753387836565
3297,-0.14362928769794028,-0.39299810680081726
3298,0.22205801836243344,-0.33513850054749894
3299,0.2514224301088414,-0.336658890415142
3300,-0.5234346656029479,-0.04623323156766013
3301,-0.8047527358129792,-0.157741063599519
3302,0.26914659658133927,-0.3595181036292586
3303,-0.18151021788105534,-0.40597881843587347
3304,0.13569256626815815,-0.3880891933571916
3305,-1.1766977506571143,-0.20462156880570911
3306,0.06939859030803731,-0.2633773243197164
3307,0.4890365279154001,-0.38546353749920576
3308,-0.8805629633119003,-0.3824107308459171
3309,0.22286704873560517,-0.197067324988439
3310,0.2983540427725795,-0.426542900981878
3311,-0.3452258533773274,-0.3944011846136576
3312,0.6066689095791865,-0.46126187134943974
3313,-0.13632196607580255,-0.5314133351082947
3314,-0.4707421583893359,-0.5289773959935248
3315,0.0023515491390271857,-0.5068089612773977
3316,0.3934303328975426,-0.49033853111495224
3317,0.8746544450291975,-0.3455657014323887
3318,-0.3094961335615007,-0.5713579079236941
3319,0.2867479505534414,-0.5201763925688478
3320,0.6246422929577119,-0.5668080601457364
3321,-0.16434262429414143,-0.5993014720176596
3322,0.1759798034545199,-0.6218175638384078
3323,-0.9822275506996273,-0.4818727578943494
3324,0.464866388970115,-0.5162151240650492
3325,0.2931913403668724,-0.5299095419830381
3326,-0.08756534173467004,-0.6292970804606
3327,-2.286799991159994,1.0055501207914674
3328,-0.1715960838080729,-0.4607005693711033
3329,-1.159547693814077,0.31431640133226435
3330,0.6102817225759133,-0.4557579093947385
3331,-0.5792543501023776,0.012881366381510459
3332,-1.2647868683348238,0.4344826112169844
3333,-0.3873571492465654,0.19520916068272476
3334,0.5415019485590847,-0.27072360707211895
3335,0.7547092221466041,0.3528502697319266
3336,1.162088381818041,0.0446068272677609
3337,-0.2655858414401796,-0.27961699172943916
3338,0.42730145564685557,-0.5646345441108052
3339,-0.9194511931398335,-0.44259643144434896
3340,-1.1171380502757713,-0.03110442840338052
3341,-1.1444729282472084,2.085392472136182
3342,0.031336247396762155,-0.4582608309668808
3343,0.6301373924614162,1.040624760183154
3344,1.2325488798134934,0.07238878595656095
3345,0.15828900334681237,-0.13147790280229343
3346,-0.10257974083546723,-0.5199565051654942
3347,-0.5568680418967841,-0.4366345913847873
3348,-0.2728230553473163,-0.41974070049525375
3349,0.7518652470926901,-0.3729087713046949
3350,-0.7554741992378277,-0.3717628083967354
3351,0.5059522924810529,0.1400391229227793
3352,0.8474076538299725,-0.2991940082846019
3353,0.584145957569671,-0.353315383607281
3354,0.039766846482396104,-0.5282508785902698
3355,-0.4042163448589409,-0.16665259347252956
3356,0.5598626514345109,-0.5126016261721931
3357,0.07292365902877453,-0.4980581331991835
3358,1.468025468553501,0.10523479975274339
3359,-0.5469146866681507,-0.2894836854501922
3360,-0.11376344359714612,-0.5258948814049358
3361,0.15334985326727701,-0.49488916975086295
3362,0.14128241871545022,-0.41004095371963284
3363,-0.3909864066895375,-0.35394401445947865
3364,-0.05196767935501114,-0.37464304436227996
3365,0.5226771755183914,-0.39369143173723764
3366,0.08663243090404976,-0.571831925375482
3367,-0.2527356469727494,-0.33697235949623516
3368,-0.32135372837260257,-0.31664519647485473
3369,-0.0027306184634849095,-0.4874984640148393
3370,-0.09906926282281286,-0.32754795080717636
3371,-0.1238097437079701,-0.45151685281310316
3372,0.5511309648739731,-0.4196654201019799
3373,-0.22854307525768933,-0.5005521974177455
3374,-0.3176441065193471,-0.29518379466122674
3375,-0.8100208887000958,0.1254696404669825
3376,-0.7927334483974476,-0.21943133034031417
3377,-0.7762026798809343,0.4015996565553126
3378,-0.1543372174132945,-0.1348531205782849
3379,0.5152817327881556,0.1745065657961738
3380,-1.1956405056107817,0.6069089540957447
3381,-0.2864429299577607,0.6285719946144906
3382,0.42868755654772,-0.31070593145365677
3383,0.8125448821374768,0.19658343014164842
3384,0.3507718417985535,-0.06886589986649111
3385,-0.10697789178608243,-0.3338033576605257
3386,-0.09529990226791428,-0.5001546061106783
3387,-0.7004861110143922,0.23495727705690836
3388,-0.22079260341461657,-0.3502112040868223
3389,-1.2193916020984865,0.8827109847382891
3390,1.440753462293806,0.289431449012031
3391,-0.71872702562891,0.5445646158409098
3392,0.02163490815547094,-0.002469566522491524
3393,0.3305733721587851,-0.011873246731485975
3394,-0.5457118220789161,-0.15184826220760334
3395,-0.37695362177686137,-0.2596544902910298
3396,0.12906827555057176,-0.33022897280800584
3397,-0.8770509102559727,-0.24667276165171034
3398,0.1353299560479279,-0.10015668683383976
3399,0.6867069488909028,-0.4327439343260579
3400,1.146523067939545,-0.15492096450519438
3401,0.2210364529232838,-0.3875089617787636
3402,-0.2836339475602418,-0.3229284655494517
3403,-0.4856738164517124,-0.30328033070897714
3404,1.3467787255822898,-0.43645730721805703
3405,0.6021362185954331,0.04741803927001649
3406,0.28045533931939226,-0.5538264724041501
3407,0.6129972281636742,-0.4349333952845082
3408,-0.38007797298298274,-0.2879445134982616
3409,1.097802084961441,0.15867931648240743
3410,-0.3224998712559466,-0.5259212348836149
3411,0.2543722805844615,-0.41665517658143914
3412,-0.6539223053398003,-0.3828894484324319
3413,-0.7622697269417504,-0.42453124460541336
3414,-0.46692351246956143,-0.313831423980253
3415,-0.7062976891134866,-0.20412963223685054
3416,-0.11554037432001796,-0.5545902279447706
3417,-1.30289375365987,-0.08527231700699087
3418,0.936244836557384,-0.4634063902326623
3419,1.5049806935894945,-0.19677667098455404
3420,0.26539568751957904,-0.5134769236770693
3421,-0.45216703989004947,-0.5685042708556769
3422,0.7925018815807429,-0.3823318852973596
3423,0.6261631216098641,-0.5766036138397358
3424,0.21504138086352112,-0.512380064708848
3425,1.3033532123642675,-0.3535537188704508
3426,-0.4858055548296923,-0.5459935597720121
3427,-0.27207326860246467,-0.5357219244741828
3428,-0.4977133808817699,-0.37839281177753503
3429,-0.29552980039899795,-0.6148466617873942
3430,-0.4830751822062323,-0.2923730009283479
3431,-0.07434174546880973,0.20754296400109445
3432,0.41951058717185713,-0.47788576208547856
3433,-1.27241108743552,-0.25042863166387225
3434,0.7029124074577957,-0.5054155469955322
3435,0.6364561082506888,-0.47542496978327403
3436,0.264250931016099,-0.3608758819321947
3437,-1.743147308209529,-0.3323872711152241
3438,-0.3515656491607181,-0.37997450319589143
3439,-0.3668043666978737,-0.31319598684132915
3440,-0.9399479063213191,0.4746564390279651
3441,0.47782817371314273,-0.34392009483961966
3442,1.0876893824668594,-0.20363992784293858
3443,-0.48745303705155807,-0.47649858430567166
3444,0.9017794818934829,-0.3419864900364048
3445,0.5314190327308908,-0.30146148773843645
3446,-0.0661213546489645,-0.4334408940320161
3447,-0.29573109563910255,-0.5774289132670861
3448,0.8344099844111547,-0.43088242302672297
3449,-0.32792342150934795,-0.34363514760092395
3450,0.307817500387127,-0.34722006256091625
3451,-0.23555522150185562,-0.4107380444832379
3452,-0.7350001473828778,-0.237504972307426
3453,-0.38038971214929096,-0.5711327477877036
3454,-0.23374703361540797,-0.3242921583344717
3455,0.5758907477316533,-0.4220246401221152
3456,-0.19030610109230825,-0.5851240798097909
3457,0.3276503159992746,-0.4863959309358621
3458,0.1647798040934284,-0.5689714421415168
3459,0.17585598045545184,-0.38008259720783377
3460,-0.562052401568107,-0.39297438394645257
3461,0.13805812984980317,-0.26462950551288245
3462,0.0546853447467485,-0.39820891146669984
3463,-0.9882749353362427,0.05409718002351179
3464,-0.8954574736745413,0.5585293328807559
3465,1.2262409433658552,-0.11732110229561604
3466,0.43353643946008624,-0.38033495621593294
3467,-0.7494080791335107,-0.47495041336626553
3468,0.14092857266307732,-0.4779668709461993
3469,-0.6846581087906284,-0.25986393393194185
3470,0.6531560397731636,-0.1537716602286169
3471,-0.44075563491608893,-0.23951790444489418
3472,-0.02667965004897793,-0.2372943596377251
3473,-0.8168641744121821,-0.15856893798315405
3474,-0.5964107072218581,0.5651607496920383
3475,0.4813437860223736,-0.4168369287218488
3476,-0.5791531349850803,-0.3264872399774157
3477,-0.1871281988863702,-0.3175210238915751
3478,-0.38629451228996425,0.33721634300000086
3479,0.40872625099861704,-0.35925991847112215
3480,-0.2936711686111155,-0.30541306848792527
3481,0.9646182007220143,-0.341851290408145
3482,0.08745205327397691,-0.39826254523758986
3483,-1.1571570974943168,0.10100277370053676
3484,-0.43630989229783124,-0.18948044331935857
3485,1.2393628960793273,-0.028878072027842806
3486,-1.35778854459277,0.9436756028202115
3487,1.8619243048961647,0.5132073025029561
3488,1.2230776011557898,0.7977797008531972
3489,-0.39961799546547444,-0.2604281909337684
3490,-0.5238879131185606,-0.3041975674787766
3491,0.8058373647778286,-0.4010924055000367
3492,1.0976487009491402,-0.3005349092282548
3493,-0.15976636800275856,-0.07226121792181374
3494,-0.2334105510342862,-0.39821330900385754
3495,0.977984913886845,0.15516929118556266
3496,-0.9763496394237621,-0.3467439851477954
3497,-0.21798406034273768,-0.42104567201340887
3498,-1.1079663722967568,-0.26485659060135336
3499,1.6015130386019183,0.041296969331360185
3500,0.9721253796233013,-0.40412080039242426
3501,-0.6903625279833747,-0.15954962144198742
3502,-0.002275248032674179,-0.5939583093406541
3503,0.6610565727925167,-0.426550017601603
3504,1.4301167524715044,-0.13830127618614732
3505,-0.6021916055972326,-0.514485417161069
3506,1.6384095991107221,0.24702108687635155
3507,-0.2090902390329046,-0.26405054255047106
3508,0.259159454374194,-0.38077352410840937
3509,0.048422280814139955,-0.6004689738227172
3510,-0.6898218087640526,-0.3174533055810494
3511,0.15285165176737847,-0.3306777329262577
3512,-1.111486337905394,-0.3183325281835023
3513,-0.3845014159317712,-0.5737866012503408
3514,0.011049300782745753,-0.5450823072867496
3515,-0.1993719565272357,-0.2514599480598976
3516,-1.2361646376603672,-0.16740554045081832
3517,0.9114346631469439,-0.06047328540161906
3518,0.16990489359475383,-0.2932040106192578
3519,2.8524318475099864,1.4902438306951995
3520,1.4946824850532447,0.37143194527628487
3521,0.4448229875108152,-0.045751065715952215
3522,0.6423889747101172,0.021932623487976522
3523,-0.5410072934956346,-0.0680150960460101
3524,1.4984369298889795,0.15293068454616088
3525,0.9185829809653179,-0.13348355144000446
3526,-0.061057188700204636,0.25024505802074326
3527,0.5701596084446697,0.08725928827753009
3528,1.5033773832967687,1.2267505985558376
3529,-0.17415277351684466,0.08845239230754205
3530,0.3179997067899297,-0.2879551174670492
3531,0.20677756042958992,-0.16239194857006364
3532,0.4917982580870367,-0.21218158404641715
3533,-0.962497981737849,-0.11555022046834489
3534,-0.3723736503447434,-0.3140225312797163
3535,-1.0120197913706883,0.405499470668715
3536,-0.29882365293659285,-0.011361247053164507
3537,-0.8683104689997481,-0.3569896250297299
3538,-0.3173472353909917,-0.18463595737220756
3539,-0.7872751823313118,-0.30047919856005106
3540,0.20650855842665555,-0.23493869747542004
3541,0.22270135290647047,-0.4696744302421479
3542,0.07124890436791118,-0.481427711013357
3543,0.8942406610312033,-0.24712053383043484
3544,-0.5223187197022812,-0.5871327564668127
3545,-0.3410226281932741,-0.42390000746146356
3546,0.2555124329764077,-0.38867815014287355
3547,-0.3934967929306977,-0.34792578369886745
3548,-0.3207789166735124,-0.5502225524638568
3549,-0.2578198477063984,-0.2368518098761155
3550,0.06261125376451403,-0.5037856188588039
3551,1.1768432153279125,-0.20750594939781103
3552,-0.5248372101861891,-0.5089100159248544
3553,-0.21780608323452919,-0.3795171083708044
3554,0.3787692758947446,-0.37041269488959805
3555,0.49815497442574047,-0.45182604614269517
3556,0.6770492128193504,-0.44900622171469506
3557,0.4028085414256599,-0.4557016347532724
3558,0.321703179306373,-0.317671730984737
3559,-0.6825177097608993,-0.43365286645159135
3560,0.3490999062232061,-0.4192465647880823
3561,0.4469171272920947,-0.21277436414293413
3562,0.16186278428218584,-0.5376153561905785
3563,0.049764813863699735,-0.12584363973502627
3564,-0.3064688259625203,-0.48636459528918785
3565,0.46628189963770644,-0.4346253585904924
3566,-0.10328294448376761,-0.4748609553264869
3567,-0.3255211429643193,-0.5391518800523629
3568,-0.6382041403087163,-0.45991075699203454
3569,0.9147660625937932,-0.44776579665161254
3570,-0.005258723795373533,-0.634186628504843
3571,-0.13838599298282744,-0.4329189487657616
3572,-0.3431360085561529,-0.42016689318315215
3573,0.3858668793507613,-0.6085348420762786
3574,0.008201225448599862,-0.45048137558976864
3575,-0.2523347826747814,-0.2393467180924302
3576,-0.2038108732920874,-0.4130712249913329
3577,-0.343894953865761,-0.21768426977094807
3578,0.16643546246138596,-0.4046537516138678
3579,-0.7017099345342135,-0.2610928759868551
3580,-0.42218248992022117,-0.35785030820608305
3581,1.9483468037373919,-0.05435066730914499
3582,-0.89363014120782,0.0006211955326367566
3583,0.37828223682473117,-0.20791803851281243
3584,0.9205075017305879,-0.23650478817466966
3585,-0.610163951316157,-0.24699901844358071
3586,-1.51236233173717,0.11590523684506954
3587,-0.39558140626393484,-0.1758702454784552
3588,-0.023765521258021335,-0.18699772953422664
3589,0.306714985178755,-0.2597330925010407
3590,-0.6905796979542645,-0.4556070374493829
3591,-0.47793466310101024,-0.2569136413055348
3592,-1.2465067467043591,-0.08547376833779766
3593,0.6219216550473863,-0.11391521069434138
3594,1.065176640544556,-0.3311388822737378
3595,-0.20604323322209434,-0.2928991148333012
3596,-0.5737894833779047,-0.500012179935208
3597,-0.13662690016891507,-0.5272110164340823
3598,-0.6020679946190125,0.1022015186922462
3599,-0.2856450122717093,2.0350588551399507
3600,1.375384921328151,0.0676565938261956
3601,-0.44444558105701715,-0.15660445776389556
3602,0.7607154849517639,0.13206062895819032
3603,-0.5809197507956829,-0.19704658778347395
3604,-1.6552337698201953,0.002318458432597021
3605,2.1572046342852884,0.25129726667883157
3606,-1.3401312928367237,-0.031649670432772614
3607,0.5961952045527859,-0.2968852432517438
3608,-0.5691641551732144,-0.4232579500700623
3609,-0.14527970958777817,-0.5203867942307333
3610,1.446768031883505,-0.2545728903166037
3611,0.39672597472504845,-0.5443042614115522
3612,1.490216658732189,-0.17854917193096595
3613,0.06469514834860156,-0.36189994221800964
3614,-0.29042128777649434,-0.5029030196682965
3615,0.54875916954074,-0.35076133346043786
3616,-0.377239706031868,-0.57842127003415
3617,0.8602089349757958,-0.42483076174163825
3618,-0.09050799768721933,-0.4397931657125616
3619,0.7373937972500526,-0.3280046567166161
3620,-0.611525362918903,-0.4219617611960887
3621,-0.48578287602977727,-0.328939335755323
3622,-0.021002270131908238,-0.6034673938655928
3623,0.22100310718153085,-0.5695571233665816
3624,0.29964989150885213,-0.4678907223921991
3625,-1.000196818516572,-0.4065875098225175
3626,3.527349738921264,0.4072405964949843
3627,0.5074678393541261,1.6918081885437852
3628,0.5251819067823054,0.5068378199980993
3629,-0.7238832119186606,-0.1787790027620176
3630,-0.3365997443146791,-0.012805310868379464
3631,0.9474575533042413,0.04858334201869329
3632,2.468361121588077,0.8317995663798488
3633,0.47961329058590685,1.9651807111336304
3634,0.18670825777361394,0.26821642143761504
3635,0.5962939326713336,0.5640963039478034
3636,0.4476819180620898,0.3150553595253714
3637,1.28732678278331,1.0916120573008745
3638,0.47444961582707806,0.973071724548624
3639,0.9179728601110237,3.0749869505820504
3640,0.46959779136799173,0.725794509386788
3641,-1.1123128554987018,0.5163975852963232
3642,-0.7140509459574841,1.7628089095700548
3643,0.23122699319088497,0.5957624554497182
3644,-0.021945673881272224,0.20653694588715807
3645,-0.11809066590162007,-0.31625766161570484
3646,-0.440364000519997,-0.35127933590761096
3647,1.024998983955244,0.4675960576685532
3648,-0.3103254299354903,-0.30074546483187387
3649,0.17695206344195413,-0.13208144058183274
3650,0.3427766705601079,-0.13890385479829143
3651,0.6833870131457672,0.08482229721840821
3652,0.7769042861090671,0.337422715034041
3653,0.23791478415834183,0.7816828764155294
3654,-0.6821862943989819,0.5282816798159728
3655,1.5537673827938239,0.9238991143762677
3656,0.33292770001321853,0.23148789708767425
3657,0.5304497731159237,0.03422323569524924
3658,-0.033602939048872696,0.29049251537889337
3659,0.030959086254480486,0.11343855805980417
3660,0.15416366424758207,-0.3523017922151265
3661,-0.012894364885074486,-0.07573828108441841
3662,1.1218721814729147,0.35481399261557783
3663,-0.15848964072303925,1.4067672747640296
3664,0.4736142562093928,-0.15154123714727954
3665,-0.5199241305097334,0.3468899870175083
3666,0.6030238053171617,0.3868184209564674
3667,-0.7662816185851483,0.36971849829085923
3668,-0.8102962377532494,0.42483628447709587
3669,0.10461898251288711,-0.24109729982127678
3670,-0.11169527435179288,0.21669278619999008
3671,0.17590572069051827,-0.16142930731863475
3672,0.5590095656323056,0.2024235125627255
3673,-0.6658989968872344,0.7324923627478168
3674,-0.13069810604760543,-0.24894400595846572
3675,0.2577035403367565,-0.13247146343181979
3676,0.43212899115763076,-0.26285480912664294
3677,-0.3609985808290809,0.7544978095041647
3678,0.00793749570297787,0.44882148797748495
3679,-0.6232618884374711,0.3542602900984897
3680,1.4342185628961732,0.7908154973088347
3681,0.5461112411559511,0.6486902631795407
3682,-0.31987911673870856,2.2883105407782645
3683,1.4425871583550052,0.20308957859289828
3684,2.581808811523106,4.733183065056223
3685,2.4122531906758793,5.010101050435502
3686,-2.195036759355163,4.715792243459847
3687,0.6771221140877763,2.476189474886304
3688,-0.5266909327733084,1.1555583293498437
3689,1.2410668775753506,1.1852899019984104
3690,0.19374356213390054,0.315415186647633
3691,-0.48307061718167826,0.8235730321153755
3692,1.0619933459147726,1.2284958202213165
3693,-2.0217124714033106,1.1968571367820628
3694,-0.0771330025021196,1.2714996329634478
3695,0.705897751057331,0.4634290581169779
3696,-0.02649054904687093,-0.0628316496697496
3697,0.25166670734305163,-0.14807286214154528
3698,0.08876079923591622,-0.24108195660450296
3699,-0.7199357828096671,-0.16867686199725643
3700,0.5630507323193332,0.9502540559906973
3701,-0.2020640418666153,-0.24711121492478294
3702,1.056333769942032,1.3502021252743073
3703,-0.16852721269181065,0.7879626695393801
3704,1.076687989401916,-0.15194741979982632
3705,2.1608981203955446,3.564122296896434
3706,2.4192331329044676,4.086205292093767
3707,-0.6717647684825516,1.859492006926136
3708,1.832914530607904,4.086646748249548
3709,-1.6480579414735463,2.0926019483627334
3710,0.2528273067080534,0.6393133599271148
3711,-1.1433962373386695,1.1508852917770986
3712,0.5914430202616806,0.5765802712338006
3713,1.1956972755282962,-0.07424440816463125
3714,-0.3877309278503187,-0.1114554487104551
3715,0.014238821129095188,0.3419007148260946
3716,0.5278975620451772,0.2309390215825528
3717,1.3064756013501786,0.0934772034087975
3718,1.1622190328287534,1.1060624858216386
3719,-1.294278365728454,1.6059296515153407
3720,-0.8978908979290376,0.8841224341386245
3721,0.028886978347550465,0.5274818809206628
3722,0.48727816674682933,-0.07837594253096428
3723,0.5547183427638047,0.7414428070888262
3724,-0.02984916968716355,1.153012776082222
3725,0.09302265083193147,-0.17135864885423718
3726,1.1202405377113258,0.4275263378469281
3727,-0.7426082494041244,0.7827107266633182
3728,-0.866655455795255,0.24317323792752688
3729,-0.11201382522703043,0.34255089318237336
3730,0.0830104561778388,0.36412294977227977
3731,1.152335957579525,0.5570964903995437
3732,0.011626242876046957,0.403387197069605
3733,-1.5696209563938301,0.4336432982450142
3734,-0.9425571919295189,0.6712450363560533
3735,1.0635562218577566,0.2375719684892769
3736,-0.503767009331846,0.14044534738400669
3737,-0.20158670875116022,0.044257078792326564
3738,0.4505516567100327,-0.08211592666826195
3739,0.22386204534969245,0.009822953019392367
3740,-0.08379570806361142,-0.22855754437707113
3741,0.6873069067889124,-0.3058277334432111
3742,0.22397922145329155,-0.35271769700839706
3743,0.020687231270132146,0.09215182456015591
3744,1.13901830878224,0.767564159103895
3745,-0.16053452202157947,0.03816884301878118
3746,0.7508309460487598,-0.13262528801181714
3747,1.6990760653435195,2.078751743649186
3748,1.3950778183069652,2.4470337176527037
3749,0.6941495521285526,3.902640322680837
3750,-0.5159345353121505,4.173284132767793
3751,0.434742760013354,2.7720950628778303
3752,3.2688831802818257,4.404293174596206
3753,-6.009214096399557,8.31604578071157
3754,1.7244574624371078,4.402735964537089
3755,-1.6920267604188028,3.4574482428686526
3756,-0.7947670753635587,2.509908106218998
3757,1.297259516316116,1.2555643140841661
3758,0.41152176541851104,0.9776277980488739
3759,1.4680838420514768,1.7724652103260408
3760,0.022300489059146195,1.3927344539523574
3761,1.2101577148234839,0.9168874269400806
3762,1.239594975444351,2.0949257507832204
3763,-0.3411214403529027,2.2988431195076693
3764,-1.0170716230160355,4.684113942306018
3765,0.8801817369089934,1.7296378846409448
3766,-1.2165993039756993,0.06532203356871699
3767,-1.010127379734538,1.4886933615496991
3768,1.2803282247688075,1.1678904287619332
3769,-0.39746186861662447,0.07453674695169069
3770,-0.09691117282819285,-0.01592982683097577
3771,0.8765711674662178,0.7973588708131689
3772,-0.8573085908385151,0.7303959261340516
3773,1.5379109516653846,2.097826278112241
3774,1.042096191449767,2.359231174604766
3775,-0.499107060052427,1.5530061652611842
3776,-4.96142849862756,4.676961509803464
3777,0.8532239579423205,3.131366217498014
3778,0.6354914233894645,1.2306650856045607
3779,0.3440676577468859,0.494427207389319
3780,-1.4325331126220147,0.8049892945167288
3781,0.1730835630965829,0.3449190472212943
3782,0.7504199303024881,0.773816837417271
3783,-0.5638724958965757,0.9024382575551021
3784,-0.36370279464024563,-0.045580381681730134
3785,0.37465759698886164,-0.05471083849357217
3786,-1.7508483443634715,0.7749320402473951
3787,1.5902408341946215,0.45056424610203
3788,1.384161188788369,0.9304738990431248
3789,0.17893769327090045,-0.002928971385595306
3790,0.5491788859607902,-0.2203244355421055
3791,-0.748330050835988,0.285808273823555
3792,0.13928720979997564,-0.43040280946779447
3793,0.06147187393117573,-0.36202722139597276
3794,-0.376442955974393,-0.46125092460642975
3795,-0.3761556858104708,-0.4220652654940579
3796,-0.05793332097758176,-0.39015803775006047
3797,0.1297270847463803,-0.5510935303396071
3798,0.2803523256909531,-0.2948362318159613
3799,0.017883290277835202,-0.2973619912953068
3800,0.44782279716071294,-0.43122329167288814
3801,-0.3992227539028251,-0.3476524913918935
3802,0.7734498897243839,0.08573501528518492
3803,-0.294168752136864,-0.39987755568999295
3804,-0.7032760752039005,0.012626730194817961
3805,-0.2175354979615632,-0.27685946743055173
3806,0.7049368861792253,-0.4656598927236664
3807,-0.13198856461670502,-0.49647509882113705
3808,0.5642758087057252,-0.4833170632241792
3809,-0.08682822717873757,-0.4819672315808348
3810,-0.7694873669174735,-0.17788203449345102
3811,0.4152661148424755,-0.24150867039192558
3812,0.5640672875034326,-0.09215632241522763
3813,-0.3102414121563904,-0.09077493855426008
3814,0.42828599657191035,-0.3627726631156203
3815,1.653419909134289,0.5333006658926374
3816,0.3108051845889345,0.9757473348712986
3817,-0.8699912532929143,0.22263620589382957
3818,-1.5534501396825375,0.38658784504431737
3819,0.6273831670258585,-0.1347644839779312
3820,1.4334560829515153,0.48238541427073817
3821,-0.08617489403773536,-0.27179892688468565
3822,-0.4323686845116335,-0.19714734108010618
3823,0.6744945088822888,-0.3429368498359774
3824,-0.05652152158109022,-0.35923708835178403
3825,1.0055381418478162,-0.019784983090582305
3826,-0.0043449721196467915,-0.26856805392737404
3827,-0.6082368259284708,0.17122995001347116
3828,-0.05018006265148875,-0.13882036831794847
3829,-0.37982786968912335,-0.23849441478370434
3830,0.4849576239031716,0.1134518225641928
3831,-0.7963165511411152,-0.07350447541493348
3832,0.24081176888488207,-0.36447512102396584
3833,0.11160388346568874,-0.4940002464735753
3834,0.45223985120342075,-0.05800672719990055
3835,-0.457829175509889,-0.40499635041734744
3836,0.17182906073131382,-0.09490228481535266
3837,0.41559804571636527,-0.420504136246569
3838,1.1344465315456547,-0.08820139004389227
3839,0.4961434526590486,0.7593292805024275
3840,1.0898681943460315,0.21597699187820096
3841,-0.4443956650324059,0.24299468793066062
3842,1.7800078413466647,0.5441889018156096
3843,-0.904922968314544,0.5331913651900417
3844,-0.41487623845158367,0.2660525034006791
3845,0.1185329980678413,0.26499272715822464
3846,0.6874249351380276,0.05835736468581098
3847,0.22695443039547986,1.4963771498457676
3848,0.8201250825654387,-0.1590188233405009
3849,-0.6780122210226817,0.33668404392568896
3850,-1.055464350367132,1.0210422462018252
3851,-0.8796337749560522,0.8684678480606878
3852,0.73281256523268,-0.32699280296569166
3853,0.7086927073246422,0.5061695160045088
3854,0.6484239811213812,-0.27778956740022576
3855,0.33739860610989264,0.10501659600771308
3856,-0.7530054243314492,-0.0052505309672190095
3857,-0.07262119794680828,0.2406317167872615
3858,-1.6419738645899316,1.0118235401967055
3859,0.9184919397856303,-0.038412729027595
3860,-1.272727476924933,0.3683357567855109
3861,-1.5154164473144442,1.134344392945692
3862,-0.23484318470928303,0.16900153480490107
3863,1.695907256898846,1.0225980639842296
3864,0.5437564825179133,-0.1206870076697874
3865,-1.015030299542326,0.21325838254973722
3866,0.8669425940172121,-0.19722085692561783
3867,0.26727697327631267,-0.2006480625990055
3868,-0.07284558942847025,-0.24627692008871563
3869,0.2778255253344843,-0.009044701437896763
3870,0.021255490633388986,0.17982723393184005
3871,-0.395079307277285,0.32754180967754365
3872,-0.4187098863119966,-0.012103339609252018
3873,0.41001157635829355,-0.44973630868913167
3874,0.371093382199755,-0.39271526692114606
3875,-0.4616064959035646,0.26121725252854405
3876,-0.037487308437717824,-0.1464922391506705
3877,-0.8276581281301746,-0.248828767545715
3878,-0.29238325030333817,0.29036854813577295
3879,0.5549273806946317,-0.09803671142396847
3880,0.7882443430584588,0.6272559594490668
3881,0.604568046008363,0.27700558463417974
3882,0.37752810758502964,-0.30725302315316416
3883,0.41484073327684134,0.9218418624261889
3884,0.7455577467236604,-0.03341083702157556
3885,0.041622233173506086,0.8728735418606091
3886,-1.8201732101177017,2.125476123471615
3887,0.6963862517159722,-0.32959736429081216
3888,-0.7279873411411576,-0.3007316349579018
3889,-0.19675570507469967,0.0469983264221204
3890,0.7832631792244099,0.29053466133388295
3891,-1.0972909833666065,-0.008231993294555514
3892,0.916760339179234,-0.022541644353455518
3893,0.4795559677831855,-0.36807968355986753
3894,-0.35334889690502885,-0.3303822546726772
3895,-0.22341414214504732,-0.32275966679854806
3896,0.31428925154075055,-0.4139222526694907
3897,0.5985122782170372,-0.32815494031617637
3898,0.04139389202490783,-0.2981043797468585
3899,0.3376832348281208,-0.2736950416526432
3900,0.28471677230532955,-0.35234074372759294
3901,0.5937710128668983,-0.21751800709297645
3902,1.1815583674996273,0.19014819015426054
3903,-0.9322202781137781,0.04818329913022974
3904,0.3537555819238103,-0.26660869591808667
3905,1.3311531523507003,0.2974499127198567
3906,-0.10608636399182883,-0.12935585615897188
3907,1.8287450959461458,1.1605987428471476
3908,2.1039028178620485,4.234210591542833
3909,-0.49505312759190157,1.516479200021129
3910,1.6091337478331982,1.2585101344847687
3911,0.6655864956054454,2.605282006359284
3912,-7.978792501316513,5.549022015807527
3913,3.035836280087146,2.176331295236388
3914,0.5373754674535111,0.5950946237636748
3915,0.1279690346990358,0.020072752681125565
3916,-0.8346322573067791,0.4756909946362623
3917,-0.24927772492945408,0.2592783552129971
3918,-1.6223155152297406,1.1112161772272813
3919,0.38692998312289717,0.5037141066541919
3920,0.5191087324582251,-0.3730343186199265
3921,-0.3447734211681733,-0.1143633522903869
3922,-1.8290465267349065,1.300741041424429
3923,0.7261787181455568,0.36398752197881107
3924,1.090663661992171,-0.020743835727268636
3925,0.2444959294817086,-0.06373999112935393
3926,-0.8627560778272639,0.3233656326269201
3927,1.39362851489616,0.3374723249573883
3928,0.06456175359738527,-0.23425853118516732
3929,-0.3578785795977795,0.1607604187669756
3930,0.32994440961537547,-0.3515720444694748
3931,-0.16159665487387642,-0.09385075136870157
3932,-1.0561455901660504,-0.004302672353364921
3933,0.5966312779295139,-0.4058796352546255
3934,-0.9958729106617394,-0.1344151859566178
3935,-0.8358106331993261,0.8388830511521886
3936,1.1707060342075324,-0.12153434499246876
3937,-1.6650682309042488,0.5901837383758601
3938,0.22750574395965042,-0.07996676575648332
3939,-1.3184302145363382,2.2217728351893404
3940,-0.6166039118875778,0.5079880227156703
3941,-1.704079151481057,0.9817524118927006
3942,0.904956396750312,0.6403422118439369
3943,1.7796558880434332,0.31759556641556924
3944,-0.5138135513312172,-0.2422913079545298
3945,-0.03031764803540896,-0.07564252850597541
3946,-0.8063004234402184,-0.306723020957889
3947,2.0948012797408917,0.34190017633378644
3948,0.41825838904408585,-0.09665151614353552
3949,-0.17317817826641313,-0.3950353608249581
3950,0.15590269935608528,-0.3109567662344116
3951,-0.3750691991359387,-0.013933510173604394
3952,1.1546710560084854,0.1795469943962146
3953,-0.7170210581099296,0.10836142115927141
3954,0.9462550996244028,-0.02348122969785663
3955,-0.5192582709569499,0.08067066981803962
3956,0.27607638842177207,-0.4654088400880782
3957,0.18459675858156782,-0.3556440416112297
3958,0.40277931068239353,-0.45053567588499877
3959,0.3660133704513792,0.2019316188855932
3960,-0.9689033523356815,0.10813078782846161
3961,-0.28062434785768003,-0.03310709341868529
3962,0.31290895855019213,-0.31727344559645587
3963,0.22260277662162498,-0.40801958452568415
3964,-2.007099023834538,0.7694749686858132
3965,-0.6325133704819821,1.8383283918143247
3966,-1.9769389503657948,1.7774481644395046
3967,0.7106546214565332,0.27065510951837823
3968,-0.07363447462824378,0.308562747620291
3969,1.2630139848644855,0.2307389033670719
3970,-0.2753910816133557,-0.26248420130457173
3971,1.7247360879564304,0.5054737024014112
3972,-1.0624219956937913,-0.04823053763454571
3973,-0.5507937863604501,-0.4483601771661585
3974,-0.8794204895222624,1.7272716153662404
3975,-0.8470559687880713,0.9135387131345992
3976,1.530156632695766,0.5804638492515197
3977,-0.6210576738237564,-0.32540916535675507
3978,-0.19104840642653392,-0.37247106699086496
3979,0.6227932996477614,0.1546094630938061
3980,-0.030713363805963335,0.2104286583453164
3981,0.974078212900036,-0.12009730892701843
3982,0.4251641871213948,-0.21158055429617648
3983,-0.6002767761733687,-0.3313581687807189
3984,0.028134909258459993,-0.5155466106088097
3985,2.2371013191683367,1.0114420614620894
3986,0.2561583838206568,0.3597255630329585
3987,0.018821662212282368,-0.1021501046253754
3988,0.22531497116092347,-0.28664484997919193
3989,-0.44987697027424767,-0.2557049321391986
3990,-0.3406674300914308,-0.3883090020988455
3991,-0.043889959442363874,-0.29950812371407176
3992,-0.22372826075062144,-0.5390203312629462
3993,-0.41979291171758415,-0.4367011647229097
3994,-0.10839620328585185,-0.5065314818402714
3995,-0.7756983158553511,-0.25475115814133725
3996,0.9069525614559397,-0.3891667508722288
3997,-0.15717083857642472,-0.5644773183313364
3998,1.3303541982053204,-0.30939179784147824
3999,-0.983676479125475,0.4580065679015017
4000,-0.7210780125512017,-0.4232910419979992
4001,-1.457831907396989,0.037282317614900536
4002,1.3113154702969152,-0.43701170632198943
4003,0.568137678302686,-0.12470089360133862
4004,-0.01898516461474578,-0.4507998920607635
4005,-0.010481908517513136,-0.5293708806347598
4006,0.11681745531434794,-0.38013259773089325
4007,1.4835956161270678,0.4894636525948763
4008,0.47317053507857704,0.15191452762827967
4009,0.021660761369841512,1.0680332845263716
4010,0.8894227250684368,0.1497104917100127
4011,0.8641718545566945,1.731197265935657
4012,-2.567920721346189,0.8909681728380725
4013,-1.4435292982404844,1.5799573151641741
4014,0.30911208599122786,0.14784725473711546
4015,0.4018304879627084,0.26176660511580274
4016,0.25548448421287284,-0.05726913646142721
4017,-0.06190321298993825,-0.09845497343699601
4018,-0.028953491927762375,0.31599078265183383
4019,-0.23061075916943452,0.003864433992031544
4020,0.4995079265698896,-0.07959818180511602
4021,0.1623610212101628,-0.2277854825260532
4022,0.8665227738556884,0.0928747260528355
4023,0.22363001008649824,-0.16777867357913506
4024,-0.8684786438177228,0.8634782019612022
4025,1.1424163357887556,-0.016839793550606882
4026,0.11342658305948289,-0.22127674521764495
4027,-0.7431285917538366,0.041862247116545445
4028,-0.7824334637095285,-0.17845669335027287
4029,0.5487284081424444,-0.34228141495943487
4030,-0.3024469279489711,-0.2193165945274635
4031,0.43838336512939546,-0.2877800757471179
4032,1.139608386874643,-0.25313041288219545
4033,0.178030961701984,-0.16623133734411322
4034,0.2912049647653579,-0.07681579460769886
4035,5.2263275336050485,7.84654917146418
4036,1.1301378585001451,4.785083148458896
4037,-2.7846057335235437,5.040465370524684
4038,-1.9545378350471785,3.9357883781400034
4039,-1.3745463452718936,2.029442920756231
4040,0.06590222260408964,0.6119549976684114
4041,1.8664768361000437,0.5366544449491204
4042,0.4878313361094899,1.4236758950765924
4043,-0.40495502007270556,0.9735918864987653
4044,0.34852349804669464,0.2589817814579225
4045,-0.18194710740146863,0.19343540134617565
4046,-0.7863002362959353,-0.00404011089846669
4047,-0.30070193024127706,1.443392719349022
4048,0.28408369553622154,0.4938114203144318
4049,0.5424900881023852,0.0522059747809765
4050,0.6844256254440493,-0.14710106928959996
4051,0.4373264355448472,0.8909827147539842
4052,-0.5299156114535291,0.7161587614005037
4053,-0.889013705914202,0.7651978412094129
4054,-2.0822191786066244,3.3719521380061375
4055,1.8529525274484806,2.369169469625664
4056,0.41944105884383676,1.24590359682888
4057,1.2974668025990774,1.7390432781999572
4058,-0.7934739694665501,2.001175880714874
4059,1.4129323087653443,0.42080925571747024
4060,-0.845988508393378,1.6917089622600918
4061,-2.399343691780338,3.140817325266875
4062,1.6782806294674655,3.3363937152334664
4063,-1.480196319704024,2.8461877989072915
4064,-5.378436713281222,6.390824012065436
4065,2.8030018063250393,5.393264133569172
4066,-3.6347157093802585,2.2067525896745663
4067,0.5873108316125991,5.108086865821508
4068,0.46811575486213414,1.187138082035403
4069,-1.7089678502805539,1.0828308819064696
4070,-0.11904783290117567,1.6764629947862837
4071,0.5240163900725666,1.821624711814047
4072,1.1951604850308093,0.6314956101627801
4073,-0.034939834872744005,0.5121288469422296
4074,0.16550313194652913,0.34391145515941046
4075,0.6478105763757939,0.35356729345989285
4076,-0.7274327804936781,0.6566097994739591
4077,-1.3369244889394416,0.1409989492485037
4078,-1.5102143397166878,0.6499405786770321
4079,-2.6269266860661884,3.4853972946863365
4080,-2.249922756559946,2.0332530792695054
4081,-1.0845668739440175,2.9563125550665443
4082,0.3591195997557038,5.31666906464458
4083,1.5047897224545075,1.7738710015293286
4084,-0.8235524896354044,0.5661380424188928
4085,-0.419952044192576,-0.12457943751094552
4086,1.8520417552639876,0.11315990113147975
4087,-0.6887084113628088,-0.08597276445036758
4088,1.8724831643424773,0.14636057311916928
4089,0.9691708244164855,0.39309169925686804
4090,0.3443427118434769,0.2921100741558859
4091,-0.5549225849260573,-0.03428084830679642
4092,-0.4651680215079682,-0.31809008915915127
4093,1.0800109807796174,-0.24195405799610217
4094,-0.010829254523314838,-0.28207207371711635
4095,-0.13900202615023055,-0.14360650272329295
4096,0.56198579501912,-0.45428110944228733
4097,0.4173848722953481,-0.07288506564582137
4098,-0.042863831471082116,-0.410010836157406
4099,0.08874310256275407,-0.35322669670466317
4100,1.1790305146088556,-0.04194346398951899
4101,-1.0992214509372435,-0.39559962747213145
4102,-0.249291941260296,-0.4535686236743715
4103,-1.608063678014858,0.794001567491866
4104,-0.3952164555335397,0.17826401518902452
4105,-1.5633197380072117,0.16276954112151687
4106,-0.011468193615208434,0.1799148730271913
4107,0.15926320724002177,0.47246497343630767
4108,-0.425401860673038,0.08730922642883435
4109,-1.4724554960293863,0.3319924699121184
4110,0.8827048399478588,-0.21017542062750635
4111,-1.9573104860470847,1.2743856304521186
4112,1.0728222747236789,2.33111205772857
4113,-2.3323424422731733,0.7537184381814787
4114,0.8002808608924635,0.38465862404511575
4115,0.45999918608431256,0.01625974736520289
4116,-2.6460992822925022,1.3839674804577036
4117,1.3010521565654312,0.662700552823106
4118,-1.012635170091147,0.26405178489690845
4119,0.608120077847303,0.5530816746623355
4120,2.4138619786505093,0.8133743764220569
4121,1.1394409646644783,0.7745528472461441
4122,0.8657665533920247,0.18216806376484862
4123,0.04689510439733797,0.04625170544560716
4124,-0.47218525484931556,-0.11372292180086999
4125,-1.1007960424924927,0.0798118931677027
4126,1.0164638775665176,-0.16969997766230238
4127,1.4541231552483616,0.5110289600563246
4128,-1.2742270404253713,0.2395001729028373
4129,0.9693908421106507,-0.3854162885470641
4130,-0.5277336471924261,-0.48258068703466767
4131,0.959197790992784,-0.058236910086132444
4132,0.3486128574169336,-0.33396280033103243
4133,-0.6345972757727867,-0.27963617831333826
4134,0.05554404014872993,-0.21743789238634093
4135,0.6721501627956654,-0.3534225197938659
4136,-1.3682936948425468,0.06721026258630114
4137,0.8937659976728232,-0.30887223561839894
4138,-0.23378852265503017,-0.262557101165814
4139,1.1190716423535558,-0.050970377448378644
4140,1.6145235826762756,0.5978439779289082
4141,-0.0722392454414015,0.16943154627259105
4142,0.589082463213877,0.41542896721119116
4143,-0.5068096798815778,-0.05275281169876827
4144,0.24961270668519714,0.030883393341340062
4145,-0.12067615626595785,-0.13624272250338829
4146,0.4431085728695959,0.0207058817829161
4147,-0.3601437926350247,-0.26085627602538375
4148,0.8108311693113467,-0.33034603460901935
4149,0.5917402223085746,0.7269954757139325
4150,-0.8126192224924187,-0.05443664905028981
4151,-1.0672541341583233,0.17870930911612087
4152,0.22974987896427038,0.09812881625305096
4153,2.3265490082015523,4.987138725412554
4154,-0.1684979710838911,-0.20257164490326882
4155,-0.5882611053787518,-0.14758111523800388
4156,1.4558102938457833,0.6062747576674177
4157,-0.9394271162882634,0.5570343284663885
4158,0.06669436738868105,0.31571083550230555
4159,-2.4760016245895273,1.203385063514381
4160,1.1051019649685385,1.5519786149879002
4161,-1.1834165167571173,-0.06015337992547331
4162,0.05069433496489228,0.43427342719125755
4163,2.341613953297408,0.9721543541698477
4164,0.16164887248626117,0.10147035982399125
4165,-0.04713935990540191,0.11190471897820276
4166,0.4024668459760719,-0.0423622935181388
4167,3.6830338335238357,1.6986313538919988
4168,-0.2001790576163961,0.6416472950070115
4169,-0.8641685977431348,0.9339623203171687
4170,-0.8682212480541088,0.44669119349684916
4171,0.6852571964184982,-0.23970574549764254
4172,0.131874701524868,0.2622462064055435
4173,0.596840003533996,0.05302150963342708
4174,0.24939603526180865,0.3052426661049249
4175,0.5871462587643991,0.17426182465705367
4176,0.025765004741237912,-0.3604381905138488
4177,-0.8832479302310207,0.7788901476369233
4178,1.8634863318095771,0.24678791483847762
4179,-0.4614797496807114,0.545518565246571
4180,2.0361443421963554,1.8207159049528132
4181,1.1345816642652915,2.3127085668126
4182,-1.182033147036482,3.8257468097843397
4183,-1.0850167947552853,1.2151094303716483
4184,0.5373974796215688,0.3746076077516008
4185,-0.0840691521097695,-0.11188420947976822
4186,0.3218747554599598,-0.31654699486267124
4187,-1.390882220036292,-0.1376281830315621
4188,0.9745932295243763,-0.021871837082537485
4189,-0.8742689749062361,-0.1212715963121466
4190,0.6782050612833569,-0.4291790768394332
4191,-0.6884230286395513,-0.10345321630500788
4192,0.24235551711273856,-0.010509505423053523
4193,0.47963103327935447,-0.14038820354224596
4194,-0.5293400302763067,-0.23324173864209696
4195,0.20157364295145797,0.053098216721922484
4196,-0.3272998302090861,-0.28946507397022975
4197,0.8150597883939358,-0.38808358745778443
4198,-0.42712647046516533,-0.11041207779859677
4199,-0.43928596897246297,0.6232026161863675
4200,-0.35233595906202175,0.1301100331261617
4201,-0.42054485333320185,-0.16974295602103587
4202,0.16034952841258035,-0.09241345110428112
4203,0.9687455737850624,0.7822220127049858
4204,-0.3530510908367322,-0.08737986658746894
4205,0.7045233575995575,0.32473897705179283
4206,-2.323970226849397,1.1697296233170678
4207,-0.977392659389174,1.3280111085912778
4208,-0.70833008231755,-0.21772732030403863
4209,1.2848158723369825,-0.32859830428135806
4210,-0.2512782128990398,-0.24209924326089305
4211,-0.16482741186865799,-0.32264389042653
4212,-0.6242542197339909,-0.3065226442316644
4213,0.6637584400341916,-0.24514163428514324
4214,0.1726496690700077,-0.27323298484843683
4215,-0.5647044549983704,-0.5203622475839126
4216,0.6316691928480397,-0.1837097072727053
4217,1.3456486729902057,0.15378914314559106
4218,-0.1283750755122676,-0.41391374242496043
4219,-0.21761833879831674,-0.11415943100751291
4220,0.08400907569097715,-0.560787246730339
4221,0.5177129677814787,-0.37585840996510295
4222,0.48357290772006895,0.34249990140887326
4223,-0.28358765857458657,-0.04548157408448194
4224,-0.25140746051501023,-0.15811013296033952
4225,-0.2463801664658128,-0.22412251512240097
4226,0.3194882027635514,-0.42475408759595507
4227,-0.8477120548536342,0.16023000614357094
4228,-1.272589876104975,0.7101520485629076
4229,0.7929588017589412,-0.009096187815407818
4230,0.06940344833809674,0.6171092667982209
4231,-0.9004406459634496,1.8114715008363378
4232,0.44358025236609205,-0.38823142748808026
4233,0.02318313454959461,0.4056284599887898
4234,-3.5030329606130213,3.143656603526176
4235,1.1683677924134035,2.692838305932438
4236,0.9449597303026389,0.6508993541164132
4237,-0.26298541866481534,-0.10004672790122637
4238,0.9090283562598437,-0.18889465510118272
4239,0.5301951233622524,0.28877840534481103
4240,0.5989415052675664,0.2719087351388226
4241,-0.1789846508828233,-0.3367893702678039
4242,-0.7260903748810644,0.13667017024719275
4243,1.367648350454442,-0.07893337088628823
4244,-0.02380023896817321,-0.5682729448192406
4245,1.0817950600706776,0.28520019866935764
4246,-0.7273080640065408,-0.2131773179292393
4247,0.14513198954773038,-0.4069242582077542
4248,-0.09127027936537029,-0.17078645363796044
4249,-0.17012031072814388,-0.09758973496936332
4250,-0.9687308833909798,-0.13417053878389296
4251,0.17034802892309459,0.5307627472445068
4252,-0.07339884233618121,0.09370847399276042
4253,-2.2815711922602624,1.9150658962795466
4254,1.0175856338737064,2.419110007170557
4255,-2.1737865025422347,0.9047354361600279
4256,-1.652349257912254,2.444537135003081
4257,1.1556614256722852,0.4435970598920432
4258,-0.5088667731757552,0.2362756345114398
4259,0.47982673183251123,0.8391383395422095
4260,-0.6044028215785496,0.30946299241946945
4261,0.13499347878499643,0.007491870936310036
4262,0.42453308584834537,-0.24321680499378423
4263,0.48988393588100954,-0.3930202451297944
4264,-1.001979075723742,-0.27502069715900784
4265,-0.24760756379265575,-0.16257689837853245
4266,-0.07239257070368267,0.3532993550604512
4267,-1.2896513430642158,0.021579710801158905
4268,-0.1420289637266779,0.9861622806548582
4269,1.1830516396460378,-0.08355861716352969
4270,0.6926462432283225,-0.5224899783689089
4271,-0.2763110423819611,-0.48419325452776807
4272,0.3841957908263203,-0.2465462908800471
4273,0.13852481669427036,-0.4924218266392794
4274,0.7947877552382545,-0.30878656356337053
4275,0.10583069093276787,-0.4624091022419242
4276,-0.2135229944509888,-0.31693937834481584
4277,-0.11233677771111963,-0.584657809464889
4278,-0.12216644425745658,-0.3691883257030212
4279,-0.1593960194437344,-0.5638487301241335
4280,0.31611174948890536,-0.4478691917557984
4281,-0.07183429233675104,-0.6287906726293587
4282,-0.09037395623552474,-0.4865220434430628
4283,-1.0642511885830195,-0.3288800316152512
4284,0.6928121178425509,-0.5201716836700011
4285,0.2366789785186199,-0.5229353991411739
4286,0.6282948265075143,-0.595971797874247
4287,-0.9681120790833714,-0.518867764264674
4288,-0.030339394865820175,-0.5232898904619094
4289,-0.5859536441636941,-0.5619071598286597
4290,0.06578236954734061,-0.5283498890230681
4291,0.09837644453857805,-0.3726017733280748
4292,-0.12087381377595377,-0.3218761185906
4293,0.2330787252861944,-0.5545046445515331
4294,0.13333702154958332,-0.5886928206252193
4295,1.1422497758186354,-0.4332033932793994
4296,0.3812950677454886,-0.18855244561472592
4297,0.3004999358691463,-0.37920204696494764
4298,-0.10250787939005526,-0.5852397080657303
4299,-1.1798572314580495,-0.15010619142197096
4300,-0.6893897275125368,-0.28301013882663595
4301,-1.537927144579767,0.009701638068529004
4302,-1.3014758106423179,0.3872756179208439
4303,0.8187361255024451,0.45618757385961584
4304,0.5555326935880278,-0.15711569176077453
4305,-0.39223851285654393,-0.39517693649064195
4306,0.5861085777106766,-0.19786055941063688
4307,-0.42348897878320146,0.05883408724742711
4308,0.44219639281673706,-0.37291561699538234
4309,-0.44801302324174885,-0.49250460536554597
4310,-0.9623851501572342,-0.1540621608637745
4311,0.017279851866637372,0.36435882307851314
4312,0.6143920194831171,-0.5456514080279254
4313,-0.019256114910331686,-0.3486824085658297
4314,0.13706669907553032,-0.543878704470941
4315,-1.1950746481252645,-0.18398268625517877
4316,0.08472327711700506,-0.31269935228507895
4317,-0.42324783827952706,0.01536755533767357
4318,-1.1605054230578133,-0.05376436818189337
4319,1.147937790113971,0.5955274299418479
4320,0.08679514548423907,-0.42007263065786965
4321,-2.747546121711505,0.36631774407018697
4322,1.2952520291377663,0.24759900267158844
4323,-1.4408093733280243,0.4216867640382955
4324,-1.3940523444866613,0.9950929823086736
4325,-0.06137591579633491,1.5628215864183579
4326,-0.6266048261055037,0.8557351241203512
4327,1.5160130630928208,0.6028186172329879
4328,0.7827034269980384,-0.2729819275458698
4329,0.5678175961976004,1.0879872733246885
4330,0.6694365598867099,-0.18289273078385324
4331,-1.707895111972286,0.0445679033163252
4332,0.06615718514701159,-0.5132838426665948
4333,-1.8827870203848298,1.1600158488659713
4334,1.263981247470699,1.4072053961543407
4335,-0.7631764334286584,0.19765078461493177
4336,0.672183472547804,-0.10466759786887957
4337,-1.2492341244054381,-0.16703166699451677
4338,1.0450857918455314,0.14383067170400216
4339,0.6808348719150985,-0.08774168238823948
4340,1.0060572413400024,-0.20464123964034578
4341,-0.13876538576408184,-0.05321154736553601
4342,0.5088622013916162,-0.335126516883228
4343,-0.5507597964609241,0.1443682824640728
4344,0.5507857043737588,0.11745060017216939
4345,1.6605572321234525,2.634879362226029
4346,-1.3423068680994847,0.5492469598086008
4347,0.9004903937901433,0.08428491577319214
4348,-0.9730268988249248,-0.28103514719222056
4349,-1.6904600152287255,1.7985908165838227
4350,-0.7481576912413265,1.7590426258743843
4351,-0.8345180214615876,1.2857184956730179
4352,-0.35163704226090153,0.2597283245290404
4353,-2.2457952785450175,1.8455975982817288
4354,1.6364804445956522,1.8951529878425908
4355,0.48111383526706397,0.8265972124798716
4356,1.971885024917042,0.3174626009831449
4357,2.0634809682971196,1.2647812581004028
4358,1.6026510345659306,1.3764818736168238
4359,-0.9432852369740543,0.3827184856807099
4360,0.2177552167131391,0.26932478847691427
4361,2.30846524033454,0.9517297762308151
4362,1.7180979955085125,1.8452081924524173
4363,-0.905214800112938,0.1784989406914418
4364,1.7106318416623758,0.5607623818160704
4365,-0.02170374046146535,0.2679541090837049
4366,-1.2734099824303093,0.774328314511414
4367,-0.14884620090739006,0.36858925283401534
4368,-2.831975011333295,0.6343033038852612
4369,-1.0053548475319507,1.2469544627965632
4370,-2.6972083299177685,1.5019284510416466
4371,1.7230066442660323,0.3832029727434005
4372,-1.5791033938491523,0.16576474860545337
4373,1.385506190564768,0.36231961116902467
4374,0.3706518006619756,-0.005252564262111004
4375,-1.0576937022151407,1.349583791037868
4376,1.6641128343522429,0.29993220381912866
4377,-0.488376067450215,0.34885359668706695
4378,-0.14819307680622595,-0.5568827233386032
4379,-1.0650078389307873,-0.1903681650386763
4380,-0.9109034576947614,0.03190350329028331
4381,1.0587621722192322,-0.11055864038993424
4382,0.4190063924971691,-0.49338174916212946
4383,1.3172677655953993,0.19967616595357893
4384,-0.2527420827925133,-0.37084791442196935
4385,0.26691779197392856,-0.5535545299424585
4386,-1.7789860376684399,0.5747568109775182
4387,-1.1194849119691028,0.42941023743270096
4388,0.20883492250871288,0.8208086107033785
4389,2.0108082302567984,0.3921063250273323
4390,0.16161649443561568,-0.3785924245245119
4391,1.1581681090721,0.07100889574706688
4392,-0.7795541309425336,-0.0042834037704837
4393,1.604773379377455,0.258383627046524
4394,-1.1046619527432613,-0.09709282056926168
4395,-0.880701645448339,0.49395883679452934
4396,0.7185527955318145,0.3750620761638344
4397,1.626104411651154,0.3597820361614854
4398,0.12916999495844333,-0.1937220803364482
4399,1.7398533024668916,1.8646561676908955
4400,0.09769438529508588,1.3107005241552716
4401,-0.5250033655624192,-0.22290504634655017
4402,0.29787423013205044,-0.44808499064358365
4403,0.018673076241960084,-0.24748366601679955
4404,0.768363725393187,0.3696499778668908
4405,0.3154374751103554,-0.24413821022148063
4406,0.052925886940464455,-0.49875148671664316
4407,0.01633240882019598,-0.06432766299672882
4408,-0.725678171492775,-0.29782390431339845
4409,-0.8609827619797769,0.054852634279184485
4410,0.6873721734224503,-0.49667629822109305
4411,0.7921974506296141,-0.2825400492760557
4412,0.32750444006692975,-0.38749684694180175
4413,0.08547432911105506,-0.29227293585236974
4414,-0.533995767768552,-0.22210240561907335
4415,-0.0781994598988013,-0.34406304860904563
4416,0.17566759279263083,-0.43006811861764305
4417,0.14973598814970981,-0.49406314708208976
4418,0.11506590913268432,-0.33000543866554105
4419,-0.7940615698999843,0.18167435430424725
4420,1.2395349178975517,0.39263204404892493
4421,-1.664423105639774,-0.006138642997509507
4422,-0.0007705398362882352,-0.4589937966404213
4423,-0.6442253779363422,-0.10487733667975034
4424,-1.4159625187642766,0.5171188812008638
4425,-0.23699039502176733,0.6518436927253014
4426,0.3976564792714014,-0.26919902530785333
4427,1.322901882625737,0.41415022872481
4428,0.44226673795295285,-0.5261143003872605
4429,0.12841035961971128,-0.2243684731449637
4430,0.9361182069624246,0.04350729051254161
4431,0.11148996271413933,-0.18740369819089178
4432,-0.5387056928724295,-0.4951433097402873
4433,0.4456247042475929,-0.14393762892792755
4434,0.3653933178903801,-0.3936769923108396
4435,-0.0768751510968053,0.4469569457905809
4436,-1.0313184694152806,0.13485892510501016
4437,-0.43961785027982303,-0.39436306468875587
4438,0.40436472488562913,-0.3860400407448749
4439,0.25443089919394607,-0.4722000277307205
4440,-0.7891935851195375,-0.05437575291310267
4441,0.03943806119251888,-0.5659444268014452
4442,-0.42755313362597624,-0.4684351892366783
4443,1.0823083107652058,-0.3783312101253205
4444,-0.5667866528578588,-0.47483636412557073
4445,0.9206151896716526,-0.09504822348601769
4446,1.003585794692013,0.1270878028549925
4447,-1.5286246211460137,0.6958434421828846
4448,0.5714043113385081,0.522713242189035
4449,-3.132123851396089,0.8898587696952243
4450,0.9399354761080525,-0.3264071062564666
4451,2.2010688721805995,0.4997262266859582
4452,-1.1151079093909484,-0.04272152536608863
4453,0.47931922264244103,0.14368036041788995
4454,0.6724519048752223,-0.4291304129310987
4455,0.11630940465897412,0.07200759294214733
4456,-1.5461731252102262,0.06760993986210416
4457,-0.5440560696487468,0.005331777382921285
4458,1.6706329109543434,-0.14014359121941974
4459,-0.2913900518216824,-0.27783405346992296
4460,0.7166492327653712,-0.34983322593013927
4461,-1.2040159089813567,-0.2968697742400059
4462,-0.7434560032843156,-0.20700155950308746
4463,0.7291333967147715,-0.3384085320989874
4464,-1.0175522137807582,-0.40401200928786263
4465,-0.05777690140308639,-0.4263296377246841
4466,-0.198839387302542,-0.42330053628204783
4467,0.1356485431022741,-0.36526603512349043
4468,0.07667796920433567,-0.48494301464327694
4469,0.03677276955891697,-0.4431853284235161
4470,0.8914061046582182,-0.36028949043539965
4471,-0.5203506318928152,-0.21446558190163406
4472,-0.586575143782278,-0.38382881176860223
4473,-1.9186828184942373,0.3459524500565318
4474,0.5841637294402889,-0.28908460001969283
4475,0.76076296577165,-0.3761417759147108
4476,-1.011240102330859,-0.3112495059083522
4477,0.7372904747412797,-0.29146217088102444
4478,-0.8010455829343157,-0.4151494601725524
4479,-1.138040571499664,-0.0301547370398206
4480,-0.18352390374074848,-0.2998718023602209
4481,-0.20874099760895864,-0.5676651539586924
4482,-0.09612690013546762,-0.014000319800235837
4483,1.3843203303716851,0.06131212546052919
4484,-0.10194082650541784,-0.5953568468471937
4485,-0.3710059738684421,-0.5269226653909097
4486,-0.515471524042102,-0.4234540236278189
4487,0.5966973195273687,-0.23284201971563964
4488,-2.1964494599952604,0.8192923002088571
4489,-0.681707072272927,1.77837492845527
4490,0.5357575507923987,-0.0628911991063864
4491,-2.2146332953451444,1.1159810667082035
4492,0.27296310985255884,0.8994643071323778
4493,-0.5128938233110159,0.30565018664935495
4494,-0.76117116355656,1.536871869543513
4495,-1.04398498895947,0.8933515373662493
4496,3.642317862771895,0.28381597479864856
4497,0.684715104428802,-0.32414515010269057
4498,-0.10175709980371017,-0.30243516995468406
4499,-0.6611921813906312,-0.39918316003029014
4500,0.30993726619773865,-0.3192789309732073
4501,1.0276730530291034,-0.3552730218095188
4502,0.477575354028262,-0.23759674701686723
4503,-0.04398325310434843,-0.43611752673867915
4504,1.0547493977940885,-0.06019115375727977
4505,0.5027452385063804,-0.3884055850038171
4506,-0.3148654684946612,-0.4688865460175851
4507,-0.36239141213433174,-0.3160071546142937
4508,-0.2190794599690061,-0.5029347550702236
4509,-0.5670250347949628,-0.31445560551936513
4510,-0.8664275505811408,-0.2759253541863
4511,1.6874706553982877,-0.01141647548097472
4512,-1.0299462763282727,-0.2920488936060824
4513,0.8330821115230144,-0.36265008090861006
4514,0.26318914643185143,-0.35617632910075725
4515,0.5994942480441205,-0.012930292133116266
4516,0.286110926666503,-0.5109870642577578
4517,-1.1945474215714746,-0.21153810559947284
4518,0.1793867047418562,-0.4477389464270676
4519,-0.49712812137975465,-0.3785308242297687
4520,0.6363370046510743,0.24658614228058903
4521,-0.3555499023557628,-0.5083344077750183
4522,-0.585186684533803,-0.40265968364025295
4523,-0.5224228715669208,-0.20725620360679461
4524,-0.7892960639268833,0.13120060908286332
4525,0.35153053435706466,-0.0898197525041793
4526,-0.07087885691993191,-0.5006175594557074
4527,0.7288856132028352,-0.253470733945938
4528,0.2413918682760752,-0.4580804898681873
4529,-1.1959059643765149,-0.1259471338196034
4530,0.24306920432130955,-0.3681938461532961
4531,-0.6473667516484504,-0.4088234479164627
4532,-0.3019815240667465,-0.309449989393856
4533,1.2876393722196902,-0.38322219788136497
4534,-0.30174165317874246,-0.45053357564479274
4535,-0.4240144991243593,-0.5433488169585039
4536,0.44931333703311177,-0.4432689202783138
4537,-0.25577070642818506,-0.62239580196537
4538,-0.5823814182122116,-0.3928059255537542
4539,0.7459013585517407,-0.1631097570453813
4540,-1.012591913295943,-0.2485616275943626
4541,-0.9404310530238212,-0.19786699555562837
4542,-0.12388035089002598,-0.3314823861482399
4543,1.4163774178432456,0.004649705469137115
4544,0.6938305818648411,-0.18880654485399215
4545,-0.11891387032426974,-0.40321548952722197
4546,0.5230485678175265,-0.4086399719917094
4547,-0.20518092785598616,-0.4590731404251643
4548,0.10213618742914597,-0.4826497418522216
4549,-0.09407797405322121,-0.598350650876859
4550,-1.1331418117632193,-0.30315031731164177
4551,-0.08329764441883813,-0.4599900759251991
4552,-0.5106491392514612,-0.2909152514961494
4553,-1.3212276747064786,0.7632823463949866
4554,0.4441346501975841,0.022003165797805795
4555,0.8013179605441878,-0.3546908089465574
4556,0.721839213385863,-0.4193462842249678
4557,0.04462048376771201,-0.4423885210496868
4558,-1.0162729331257685,-0.3685320033519311
4559,0.9851973922784347,0.024190908574085453
4560,0.6284413117435429,-0.1293421726356261
4561,-0.9008951110319151,-0.18980222398681734
4562,-1.099020247643421,-0.26101398020369043
4563,0.659755188722495,-0.3855969558406015
4564,-0.1254842955821436,-0.37478952313465025
4565,0.09679749725742856,-0.48171212767390553
4566,-0.4049067501635175,-0.5587084628137615
4567,-0.4381877225490981,-0.5357783648813806
4568,0.7154859486736527,-0.1361784365610358
4569,0.3256951135319742,-0.4124688297375395
4570,1.3992444819016645,0.019722569774773865
4571,-0.6210175564754747,-0.11661647555199488
4572,-0.31027472323537225,-0.23688385211930713
4573,0.10129426734317734,-0.5372633514157551
4574,0.1737467727094311,-0.5861332513331554
4575,-2.2325709675011285,0.5154632710392131
4576,-0.8788144446626706,-0.23448445906753967
4577,1.4061991339077655,-0.28503777215986753
4578,-0.06352732463415547,-0.4986043052761717
4579,0.7482922904910053,-0.4162837416854976
4580,0.6493848821263959,-0.42269949473210133
4581,-0.2705313759366684,-0.480959177487514
4582,0.17446977052413978,-0.5160122505334709
4583,0.5214494092248834,-0.4184721005622876
4584,-0.005785596948754044,-0.5190960411602968
4585,-0.44005821022520974,-0.42793094976328716
4586,1.4662029733631932,-0.3087473511800566
4587,-0.5672963383031783,-0.39801148430398586
4588,-0.1033882180913891,-0.5039140582860947
4589,-0.020235472879904643,-0.6140797036613297
4590,1.0393463211536076,-0.5398906312410332
4591,0.2668687705306975,-0.6117689819072473
4592,-0.29798547340037385,-0.45116169448828825
4593,-0.29683925252949167,-0.5425180061939798
4594,0.36028115043133224,-0.5497707479329661
4595,-0.1343030820386939,0.0835144261361876
4596,-0.9979785347770418,-0.23106504743299322
4597,1.1361397459684561,-0.2956546460691988
4598,-0.2959505305342022,-0.4810286701342387
4599,0.8338035517619742,-0.5169590785594247
4600,0.029979146512186954,-0.5955224692559852
4601,0.5947498415684267,-0.45942893380409117
4602,-0.170425616838021,-0.469581851858002
4603,0.6305885196448167,-0.38153472033412844
4604,0.7193422732889423,-0.13726504829418235
4605,-0.06156301296342294,-0.46787841461537133
4606,1.1296466384651709,0.18319083538784142
4607,-0.15745582733801608,-0.4729538290065222
4608,-0.744942783366869,-0.336606358649376
4609,-0.05557349295188226,-0.3162534002477683
4610,-0.250058597872656,-0.509906140415244
4611,0.6181174424966648,-0.4003663013998205
4612,0.3620863239637675,-0.3993207177294737
4613,-0.19212304894186485,-0.6332353618858743
4614,1.177432719023451,-0.07349364718789322
4615,0.44831857097911815,0.03546004584975839
4616,0.8225368913484556,0.08900475968430728
4617,-0.5933190671020215,-0.2768034088110025
4618,0.24108559216449893,-0.4686772566465931
4619,0.5027587397692322,-0.38463492904012964
4620,-0.632774949069911,-0.11117820221353708
4621,-1.003454201043915,-0.4142475997126804
4622,0.07665270033746037,-0.4345585151789482
4623,0.5368943224627231,-0.5510777743639806
4624,-0.7436660246681394,-0.29804902858539506
4625,0.0734803074500221,-0.6587363488387262
4626,0.44570008820659035,-0.5421715473432532
4627,0.07888553573401903,-0.5510191154010958
4628,0.051205111180774344,-0.6213659613173992
4629,-0.5295094060400316,-0.5133504947142444
4630,-0.11141700587106965,-0.40647457024143424
4631,-0.3095000582655373,-0.5033876325981007
4632,0.7477065429135872,-0.42229411190030547
4633,-0.1296656010979286,-0.6128871272972604
4634,0.6802498502897973,-0.5148620075460838
4635,-0.2729321717647327,-0.5690240417894272
4636,0.059171683692459266,-0.5576715380758082
4637,1.7528381333948533,0.5269042787715174
4638,1.1904790037456436,0.5894550043601048
4639,-0.8682246495079143,0.29859315304139156
4640,0.9246177213263375,0.08710218143163101
4641,1.5699173056249762,2.0765348781057873
4642,0.44191416646665543,2.13632127493989
4643,-0.2727951989553,0.6640655361919807
4644,0.9810056352297944,0.3411714879255019
4645,0.9555903608691322,-0.0077662840977168945
4646,0.6895716724411509,0.8265694207376886
4647,-0.17083393749177533,0.16129988681815385
4648,-0.4491315091431722,0.8107573509372971
4649,-0.1895584694673454,0.19821606460274804
4650,0.8380341195541229,0.18508853835419986
4651,-0.17818737347549513,-0.2835635733438178
4652,-1.2486069302765432,0.4852998005333635
4653,-0.49698963329899704,1.2950027388211738
4654,-3.2596640705375544,1.535668836647002
4655,-2.6977196121339952,3.1575266632842363
4656,1.1060306430475075,2.490648318464817
4657,-0.503934637015474,0.12459112768838874
4658,-0.47682499662254973,-0.14968399881259628
4659,0.5062869001454287,-0.3365675072137693
4660,-0.32402446276325464,-0.31262942559421975
4661,-1.8327176555330527,0.47903930828401575
4662,-1.8890684831271682,0.9168465837280453
4663,-2.210806190682545,6.266311001802331
4664,1.1852085933981398,1.2003992283244922
4665,1.8533196130975633,0.741891353168904
4666,-0.06679893677121765,-0.17052247397562675
4667,1.4456535815585247,0.0934314626049587
4668,0.6335000732773485,-0.3339265442021809
4669,-0.039246421910980156,-0.22584310963898815
4670,-1.372584237879418,-0.19880440399400703
4671,-0.7908668645960986,0.046100500904914236
4672,3.1772141876708395,0.4408069582783361
4673,0.8978286022458033,0.28322941878886
4674,2.564855390891902,0.6203142474577418
4675,-1.002353262232685,0.23565015098834152
4676,1.4164845717120533,0.2119331969757611
4677,0.2655435401595907,0.23811472714779486
4678,2.626223440733364,2.5138622869263676
4679,-0.50994177033777,0.9837494303239243
4680,-2.4966843319876495,1.6834246186180717
4681,-2.0913055162810856,1.1854544883340679
4682,-0.6949171385647519,0.05030866913225656
4683,-1.0043694535118275,0.2877792853950004
4684,-0.15326442274187105,0.3117673322734345
4685,-0.5455974389242246,-0.24909163012362942
4686,0.41663205950076865,-0.3523462687675175
4687,-2.509455163115663,1.018941089527148
4688,1.6171146797227023,0.23747848686037462
4689,-0.5193177248349968,-0.2802598867890291
4690,-0.4847950894403422,-0.334306659558812
4691,-2.0532076878560255,0.46597914749397046
4692,0.3078504383838581,-0.21127122229682851
4693,-1.5320222950110598,0.6142651595996286
4694,-0.26829716291095,0.7227270941481452
4695,0.7870599010294463,1.4156935466468088
4696,-1.7576595114329512,0.37769742612201346
4697,-0.4018856538822316,0.9028529283201571
4698,-1.2482099763480914,1.3021005321330037
4699,0.06058974941154595,1.3664990820184695
4700,-0.6464473819892654,-0.048331001760595564
4701,1.3078279902899135,1.3415992098330003
4702,-0.2081686789669629,-0.29459783791526106
4703,0.9267718435181377,0.49642715642106694
4704,-2.107126655030176,0.4551833653547622
4705,-1.7425841282140793,1.7890264186741467
4706,-1.4978916888214218,1.3337077135062654
4707,2.8460516237548124,1.6930879793119773
4708,0.97267254782111,0.4503414060327268
4709,1.2079152268924807,0.39750677463691175
4710,-0.3632325724987997,-0.21602453995967796
4711,-0.5613739006051547,0.9409190331237894
4712,0.1804990245533257,-0.23346004717025398
4713,-0.9525804322965179,-0.10783683960023464
4714,1.081177740203053,0.050922941331561125
4715,-0.552460422410976,1.0780389504294126
4716,0.7762059553275513,-0.3822820550689448
4717,0.2342176824988385,-0.3538700325046937
4718,-0.8013072917740375,-0.34478520350504227
4719,-1.0433679397789912,0.1622791590343423
4720,1.094580045420108,0.2609800726915165
4721,0.02793602097404787,-0.2854013931150497
4722,-0.15096827552375114,-0.4974885942012058
4723,-0.3340436510851481,-0.20507500404877274
4724,0.5688372567666503,-0.3686585859089081
4725,0.7422937155765386,-0.17724269903035386
4726,-0.3689356673905811,-0.48500925696997926
4727,-1.378626763282072,-0.041564749876568066
4728,-0.06719806633549716,-0.24504384225603504
4729,-1.0244731974209353,0.28303897146597345
4730,0.1353339242038023,0.21550773851719135
4731,-0.35550964377746314,-0.10088096793695014
4732,1.1044956712057796,-0.3096172544641316
4733,2.560576733135678,1.537982372230004
4734,0.10597034304748489,1.0654817318775909
4735,0.45749273691090997,0.27066978040241213
4736,0.056142456767153924,0.14414338050181022
4737,1.189296413270336,0.2275657779520585
4738,1.3706374215514356,0.38525598361798125
4739,1.1259871331023896,0.1844121898277778
4740,-0.9762317745177694,0.15227932506130706
4741,1.5406018572504894,0.41244951968654836
4742,-0.48538905231169993,-0.2960168564070089
4743,-1.3351518962281,0.2991765022004947
4744,2.3366412394631952,0.6728583158273622
4745,-0.5004602944900671,-0.19539571494219843
4746,1.7643096579994033,1.0630800392759272
4747,-0.5807834748072859,1.754483381685698
4748,0.6132855097052756,0.1902259415663875
4749,-0.17718615840008292,0.13011255919022102
4750,0.050162185281601095,-0.31957605940139056
4751,-0.2912818606676648,-0.4260979399021228
4752,-0.7711816950036756,-0.04951068364332737
4753,0.36023131331360836,0.6112934540936913
4754,-0.7139981818004074,-0.38302039563011275
4755,0.4342948710612052,-0.3705219289716975
4756,0.10227627162714645,-0.16086545978352365
4757,1.3053618916727912,0.11280132645801659
4758,0.31774927139783443,-0.13373646229003777
4759,-0.7510763308610878,-0.20984143838960925
4760,1.702242123536575,-0.18461702031222588
4761,-1.264943179850161,-0.3661139630202803
4762,0.15764813051589865,-0.3333628320348353
4763,0.21795629444884415,-0.34275615093318995
4764,-1.6793424190790986,-0.2606345654205673
4765,1.173440279248267,-0.31793337558646284
4766,0.6796673329568486,-0.40674627354516735
4767,-0.6954503686759447,-0.21971614411360404
4768,-0.6916333887509987,-0.09666548601678855
4769,0.942577610251586,-0.1330900807327271
4770,0.30399255609259346,-0.39587296365507013
4771,0.5676493475948199,-0.2453441083656767
4772,-0.6645646107273079,-0.37132569845326024
4773,0.7762874471203836,-0.4083156860312351
4774,-0.10702142862412217,-0.6386771386815072
4775,1.6536919448845675,0.089951445930655
4776,-1.4593874315053994,1.3796973482499852
4777,0.40607379545954925,-0.04428957065242111
4778,-0.8489516279750685,-0.17419854205551524
4779,0.641043632720788,-0.050182276825934936
4780,1.0680896018914752,0.049976583184396996
4781,1.2118247121523644,0.6484983987160448
4782,0.3399993639863933,-0.03795709100816551
4783,1.4953700443104454,0.37703371381398654
4784,-0.8441140601666294,0.6697421075828528
4785,-0.571298664811052,0.8613352071569033
4786,-0.6988053809644301,-0.17044153305249685
4787,-0.6233857916218402,0.19324986274776418
4788,0.369567099506848,-0.10384688983812454
4789,-1.6598259553887902,0.3692018146291522
4790,0.2699860985648411,-0.4318227013745724
4791,-0.7966436646517442,-0.3698889771211199
4792,-0.11255783461062759,-0.4982381029789943
4793,0.6003935280402235,-0.5351430314645526
4794,1.585904672156015,0.22672145493510718
4795,0.5162336299166498,-0.38106341313256475
4796,-0.05883045925556982,-0.31477850887029396
4797,-0.8223600068161007,-0.06146879077869504
4798,-0.17237155763119746,-0.4877234437852622
4799,-1.2353358895519089,-0.342417583843498
4800,-0.9296557554714103,0.3678294853981147
4801,0.16954157774088666,-0.209739079781567
4802,-0.009144562620286732,-0.4348207893394288
4803,0.18672590620582297,0.28324926643765325
4804,-0.6800496161781445,-0.2891244361232058
4805,-1.3739524581458202,0.201946819428801
4806,-0.4385691717517249,-0.2317052297448726
4807,-0.6974854793813231,0.06720625019246412
4808,-0.05793048742928347,-0.1477713330288016
4809,1.2136857908135252,-0.09320548602544597
4810,0.24531313556808654,-0.31179005968003176
4811,0.15290772391657143,-0.4891263399564925
4812,-0.2588977715680713,-0.30415934707590264
4813,0.32667959414056225,-0.44698520466337177
4814,-0.4946496923418262,-0.3327771777079508
4815,-0.2392121918334357,-0.027851190046709547
4816,-0.24728063344133241,-0.43213399781245043
4817,-0.23343793939247034,-0.21367583759319336
4818,-0.34930985211316146,-0.4280290225970531
4819,-0.7590136755660694,-0.2724219485030079
4820,0.6139114932349875,-0.10737206481398226
4821,0.8320460041356277,-0.3467101247431781
4822,-0.49740753447248054,-0.3991037638468643
4823,-0.5913956554272893,-0.2689373968503736
4824,-0.7810599123661939,-0.14024763225399675
4825,-0.36103867682401986,0.19108192894908388
4826,0.5482371584811095,-0.4519026636232429
4827,-0.7090415374550478,-0.053310234399169126
4828,0.4440117740096567,-0.19360879541054762
4829,-1.199445886086686,0.4931258577202664
4830,0.2598895901140647,0.3927408022915712
4831,-0.06443168497840872,0.01080013554481545
4832,0.7314262413182007,-0.2682811239547534
4833,0.4694620068338395,-0.2452252372251827
4834,-0.9153243044155902,-0.11748935220001776
4835,1.0865210905912783,-0.1433630442446609
4836,1.211198122826559,-0.20227519954306428
4837,-0.08220261518616329,0.26393538224845015
4838,0.5798753242651524,-0.2133191427888807
4839,-0.889636039596755,-0.093135588219429
4840,-0.0013722156380538756,-0.308023593733086
4841,0.5616292574499857,-0.4808872903793557
4842,-0.7784901784087026,-0.3545746051002856
4843,2.875925398911694,0.6243161349142772
4844,0.13202780888246082,-0.35231379895809795
4845,0.4302397183660722,-0.4616886087281989
4846,-0.0062067216103130025,0.2417294589866607
4847,0.10970234138087284,-0.42144956674720496
4848,-2.5572265225177215,0.47386147965986974
4849,-0.17336698397379402,0.1682340690454413
4850,-1.9087113994486948,0.15076674695289352
4851,2.0531826798239377,0.03626193791293143
4852,1.6391856931130642,0.01011348073195242
4853,0.6276081150211689,-0.24096204533245943
4854,1.9270618121426553,1.56623446344669
4855,-0.652131283539938,0.7618138333216975
4856,0.3464768825824235,-0.3186348188738107
4857,0.39561129339538087,-0.21329730830557703
4858,0.894619577255815,0.1767764120360039
4859,-1.1540542689169166,0.7521368431355278
4860,-0.41104800429679855,-0.33193045536006516
4861,0.7104979336268454,-0.22091633534018829
4862,0.40927144464318244,-0.4791778154857607
4863,-0.9621570699063234,-0.24257055569487657
4864,-0.14228644067597895,0.03135994011752608
4865,0.4325227363441215,-0.4602616264086358
4866,0.6954833879134682,-0.4731538904799324
4867,0.7087555172944462,-0.43030254289468944
4868,0.25829083722228247,0.264771901647051
4869,-1.1034840849442844,-0.08376386175306255
4870,0.4940670418694275,-0.3423759060067801
4871,0.5971471720021367,-0.0991966344429699
4872,-1.287849084648521,0.37772396631387894
4873,-0.021918784077603393,-0.042986383817263614
4874,0.1860978796476229,-0.4782592344670175
4875,0.8169256692037336,-0.14418850360714341
4876,-0.4530044409989933,-0.35723168593672433
4877,0.17173129916479188,-0.3394855255020397
4878,-1.1562573130377174,-0.021297177133744603
4879,-0.48981213968345,0.6188811790087311
4880,0.32305653739163637,-0.09591770017416894
4881,1.1545862746471303,-0.34143293866092916
4882,0.552114495395987,-0.2620806274266036
4883,0.8977697993635413,0.002019328484084065
4884,0.3317605245977204,0.13456938423914985
4885,0.19682618856691478,1.04080559359716
4886,-0.49381320780272575,-0.07752493301341265
4887,0.17169926545912492,0.17276240423034217
4888,-0.36131147046010603,-0.2788637935421957
4889,2.5491973190982002,2.095303179870009
4890,-1.0869171287583128,0.38865115261066124
4891,0.4561137800536261,0.30740124797858764
4892,0.7053471799534643,0.788924705961352
4893,-0.4782323758459291,-0.1377912880480944
4894,0.18952148783497294,0.11796036920372754
4895,-0.8659758094304443,0.2848641006470541
4896,1.6158099279781022,0.3832858779216047
4897,0.14185656950368483,0.21923219600194663
4898,-0.7893293891404285,-0.05920622873393254
4899,-1.4141344117709458,0.3058539623049995
4900,-1.9452338464134373,1.5736876795793564
4901,-1.0427078822118225,1.013326538539773
4902,-0.35134632125918225,-0.08570918751737082
4903,1.0109894502405772,0.24143115378535193
4904,-1.3551709345217304,0.07289734998770123
4905,-0.21978810797567022,-0.25355464154281454
4906,-0.389773715524464,-0.2195951393338545
4907,-0.24669191709324426,0.3130938842648417
4908,0.04108459499983288,-0.3990922017024581
4909,-0.8166879006084677,-0.2354093512851792
4910,0.3801037753276677,-0.3075708022018935
4911,0.8039998225838183,-0.2239652010585809
4912,-0.6131074912528677,-0.401212665647086
4913,0.677995298491008,-0.2776635824227125
4914,-0.08332165656877767,-0.20409845226344445
4915,1.064164242575571,0.1174214809967334
4916,0.5680713716930483,-0.05303605226533228
4917,-0.48962241906614634,-0.24437990562952994
4918,-0.18138010046475805,-0.20639461689782268
4919,-0.27729612176596974,-0.4700001755192065
4920,1.5438086455518365,0.24776995691629522
4921,-0.9032900162976449,-0.18593692696268305
4922,-0.2885340292967235,-0.3491086902125735
4923,-1.019272042076089,-0.1413075087785299
4924,0.24287407534439098,-0.560079352135055
4925,2.4591172126886147,0.6152754349569244
4926,-0.013243615074872194,0.7255456678220676
4927,0.5671022764610252,0.2567022408992745
4928,-0.27807266778267664,0.1622933946199254
4929,0.8390561845908812,0.13898311873684832
4930,4.431151904860867,3.263469701635487
4931,-0.6354524221789738,3.7967212839092075
4932,0.5225814814450369,2.1186295069135066
4933,-0.31417155739235064,2.546327358600866
4934,0.32981198680559515,1.2919197179132655
4935,0.5535139742974802,0.6416246994908293
4936,0.719082556817846,0.6805386787392004
4937,2.2951883567710403,4.411467673256929
4938,-1.8293705640235607,2.04288663063953
4939,-0.7807799636901734,2.1940745581153798
4940,-7.191622920197824,7.35511660644722
4941,-0.7004471597414293,6.562221846100508
4942,-0.041869589300517616,3.197587852392943
4943,1.4753941886944255,1.8778926969165606
4944,-0.8507858843785873,0.2568512977891762
4945,2.7588919532875016,1.3193794182197194
4946,-1.8126232461790004,0.7259112864234005
4947,0.264854474250389,-0.004435081708432817
4948,0.19258699140548236,-0.3835948314605101
4949,2.888190240962156,0.7427000283987268
4950,1.6531246320123296,0.449902936812087
4951,-1.096461951760357,0.0917142825011419
4952,0.1548567793474862,-0.31537677807816594
4953,-0.8028500967891438,-0.40172934027229273
4954,0.9200083110486054,-0.00048594137083057294
4955,0.34322762903343146,-0.30542145300066764
4956,-1.0950495974153949,-0.2825588466027817
4957,1.0075749754988463,-0.2506871237708524
4958,-0.13289495676257168,-0.32866112609692244
4959,0.06552189813267831,-0.3239195035047712
4960,1.1001122520353215,-0.26395260770537016
4961,0.7898480854398545,0.2652125948688206
4962,0.05405093971802529,0.2500423150521958
4963,1.0203053774730708,0.5073022408461231
4964,2.159945122460127,3.3655559050879194
4965,-0.49738698677129234,1.1175711748565968
4966,-0.39078759213024,0.5726200800645999
4967,1.4472687089320952,1.272464722522225
4968,-0.011591454457271597,0.5928214868556714
4969,-1.095617559557669,0.8563103563601085
4970,2.6037453746870454,0.5496063099441795
4971,0.5200657024167807,1.2863535206020684
4972,-0.2647930297336668,0.08495557733769979
4973,-1.1035474935399032,0.4969327859510276
4974,0.36355911514337796,-0.24488463222632958
4975,0.6473150439310048,0.18760924146791658
4976,1.0206250386098237,0.1791922077185589
4977,0.0832925534696098,0.6816817158044789
4978,0.09219127347990633,0.18608129458514536
4979,-0.08726414250227711,-0.022405365427175118
4980,1.2057464391502366,1.0364369007371579
4981,1.879968883654554,1.634708257779847
4982,0.9939235781606285,2.8487607173914626
4983,-0.7666889365053413,1.0632404722231965
4984,0.11376239006627088,0.057120531484967395
4985,0.9288334813167274,0.25608065723251605
4986,-0.49676237540121965,0.15719458637853304
4987,-0.7494420242336699,0.4686902896197381
4988,0.7118460792117584,0.20746418030607156
4989,-0.3711351474289837,0.16434138238435175
4990,-2.1811200887234192,0.8120800597933889
4991,0.4706921497408386,0.10247223513769796
4992,-0.6850504523473802,0.764652757372107
4993,0.26855409965869864,0.21833469813646858
4994,-0.627997459717397,0.5223275641047654
4995,0.9055267203180484,0.25299968184144295
4996,-0.35712423122244674,0.28210846664807454
4997,1.0178782678771596,0.6380920797883838
4998,0.6001841657736627,0.5666467119725392
4999,0.339942622105226,0.38815685395902105
5000,-0.09181327326905868,1.2594192313863364
5001,-0.6290793418952005,1.1781636545527199
5002,-0.07271804594709559,0.49211777061900897
5003,0.43564796084996654,0.9161376623830514
5004,1.5182106474186605,1.3044391244529925
5005,-0.7692321236281068,0.8657416188514346
5006,0.18398408347835477,0.2439466856918094
5007,-0.5524410975863391,0.7546750126845354
5008,0.6202502593587409,-0.17669093839775424
5009,-0.1991026686575495,-0.049264412233514306
5010,-0.4054117356369228,0.24592822742877687
5011,-0.4386915303014286,0.6763639222252186
5012,-0.6890119673637106,0.08670913767532863
5013,1.0040915814755575,-0.14036351140949144
5014,0.5436275470102231,0.5435357029649422
5015,-0.7864940327849778,0.15179828453154762
5016,1.5563544626518677,0.17326081277133346
5017,0.1649253085714471,1.1682986082568667
5018,0.5844523878739767,-0.13425178438684107
5019,-1.3624374003857929,0.639159244191843
5020,0.6986928212433692,0.08368668001531947
5021,-0.42501696855027005,0.9990800732524016
5022,-1.1268878765991153,0.632191590451887
5023,0.16062848943114577,0.28167103786045505
5024,1.5110070885687947,0.6976155214339145
5025,-0.4365212347473071,1.2296481826897372
5026,-0.34936081798351026,0.845899471233013
5027,0.2827330844784732,-0.08444172209481997
5028,0.3954341199965512,0.5745902868891943
5029,0.9102080637185924,-0.11139216645737246
5030,-1.0021020059838335,0.3416247973098755
5031,0.8654065094241696,0.08348433103827106
5032,-1.2845669233656223,0.48050826921001394
5033,0.8492752923277367,-0.030995443970978944
5034,-0.9474383011499422,-0.061421583681772224
5035,0.2648956698770258,-0.4610375385340748
5036,1.2686092297238016,0.14542051608988216
5037,0.08772244767581087,-0.32374176532117704
5038,-0.6223601094741492,-0.3339266688007178
5039,-0.19902216068935555,-0.2424234868494454
5040,0.8916410586813891,-0.13236955663984115
5041,-0.12343842932786704,-0.3208710936895555
5042,-0.14607156030738272,-0.45761529880329643
5043,-0.019680563134177403,-0.33802784441256917
5044,-0.0016436262712356017,-0.3453071968859813
5045,-1.4260070000758212,0.024286554014006416
5046,-0.3549860375502072,0.1863570908376651
5047,0.6249130129965987,-0.2960233048334171
5048,-0.6696179774143285,-0.08346843993122287
5049,0.17468467147755387,-0.13394528403817751
5050,-0.10533319257564039,-0.07263882162073433
5051,-0.3031589691673286,-0.3307208802834402
5052,-0.8930569133000756,-0.13042978604805827
5053,0.90104617953755,-0.5359639196174966
5054,-0.2888031365262915,-0.5115600000248428
5055,1.0331688627383884,-0.16819315201089732
5056,0.05938653983977354,-0.4353806562386625
5057,0.45040876009356084,-0.3697623199228403
5058,-0.9310537889064793,-0.3236333210573561
5059,1.0218533141592718,-0.21624635815259796
5060,0.20731279482713202,-0.537371695185409
5061,0.5357036800180425,-0.3215920058943791
5062,0.7273897732545342,-0.09268914719479476
5063,0.6496968391091656,1.032817620259483
5064,-1.0430465963076674,0.4062119390003453
5065,-0.04684827979270297,-0.23240762120567784
5066,0.5421926502283353,0.14112393575189155
5067,-0.38334140661320526,0.01143308800629707
5068,0.6178247523566899,0.5291418273692111
5069,0.3186312471314145,0.4379570353793469
5070,0.36775259169239016,0.21729994963251278
5071,1.1558813947439814,0.30231302233203
5072,0.43223567217610775,0.3310249159259166
5073,-0.3757229246976586,1.1038471519808906
5074,-0.4376918429842562,1.053265460604467
5075,0.2234902517694577,-0.11638605326150488
5076,-0.5088935834595386,0.24861350619468137
5077,0.44058740286709996,-0.39695028537841265
5078,0.07345773686247804,0.015333226400246779
5079,-0.7844331438265851,0.13340851250232433
5080,-0.9155725969252265,1.3560028527588062
5081,-1.0037792349747525,1.3232374493983299
5082,1.1796623792507543,0.2896680368705166
5083,0.216169541976087,-0.1918271136601613
5084,-1.3269243755918807,0.38756622013475317
5085,0.41902200852943416,0.5357808762366297
5086,0.5035961268415609,-0.24104856176747458
5087,-1.2571240438233127,0.6266961388295835
5088,-0.5359213456585513,0.8477867953805783
5089,-0.06498808970899524,0.5939228762115243
5090,-0.8636135580964593,1.6890111720543943
5091,1.4677791051459648,0.3313054836720103
5092,0.20176346629624445,-0.20636390140526348
5093,-0.5102579518162934,0.07539563842042514
5094,-0.4709512076017457,0.4857535275342717
5095,0.7586761043217574,-0.3804322581071671
5096,0.34689866352561405,-0.17867145522221625
5097,0.723344132507945,-0.023248715358403376
5098,-0.14417279722466336,-0.4256832713700664
5099,0.5847475429195984,-0.01817860291191224
5100,0.2534674015461022,0.6602552247638168
5101,0.27444255719455174,-0.4363871185177362
5102,0.5435834322760064,-0.4183595482881465
5103,-2.0854792426122435,0.43712061516947825
5104,0.18898555090029023,-0.3400191376899201
5105,0.016923715495628447,-0.2114788376725841
5106,0.00982826778989367,-0.5402759744956229
5107,-0.7822584122779602,-0.21734476912553344
5108,-0.5550239917378301,0.8675822531989693
5109,-1.9306482618898055,1.5645285551924037
5110,-6.114558151650972,10.485470918433869
5111,-3.7838687525893726,9.325661014283128
5112,0.8974082675812763,8.383919308128378
5113,0.8001097719258408,3.629370852157524
5114,-0.3282075717186537,2.03381023193419
5115,0.03683082715012684,2.6236425292579284
5116,1.300637689443875,1.5404273569363713
5117,1.6290807053342102,3.950908295440685
5118,2.158197146170918,2.4162610186700477
5119,0.7536855052499222,1.8493272780844952
5120,-0.9722153680670697,0.36011163967826704
5121,0.7928750309648349,0.8987180276479655
5122,0.002409139191301765,0.6453416575475707
5123,-1.691571934636646,1.1416954382410478
5124,0.9952313713993286,0.19486794232233023
5125,0.14985820670702515,0.14824168823398798
5126,-2.396758741231197,0.5599321955260596
5127,-0.8752948750926256,1.050968148699535
5128,0.5657356867567649,1.9636492841653335
5129,-0.7875478272702578,0.1397478628099359
5130,1.7718805602739351,0.2515179655644737
5131,1.3297238384432226,0.805529137744085
5132,0.846391913768625,-0.03768470587231269
5133,-1.7505056680956008,0.011113977093228714
5134,0.6295497844222441,-0.01003261344231003
5135,-0.6149259646804254,-0.20454162165732515
5136,-0.6503190847239451,-0.045876293102409024
5137,-0.34184777243586756,-0.3937612265066192
5138,-0.9275185022101049,1.044066038238538
5139,1.3240417176541306,0.34347110067569475
5140,-0.8311889357824942,-0.25222073795113603
5141,0.18985317444834102,-0.46567456433330795
5142,-1.0370841950314142,-0.04848980558834817
5143,-1.2031451462227594,0.13828311044543523
5144,0.9325848163057127,-0.38851070284759337
5145,-1.4403313687364483,0.08016480539893679
5146,-0.4337110045838139,-0.13118848880249726
5147,0.2807134878408851,-0.042118361021789834
5148,0.4988146149655811,0.6360485117073724
5149,-0.23920970124552457,-0.282051216294351
5150,-0.741471083144367,-0.09842706006605413
5151,0.966109096862244,0.042588624502487724
5152,-0.8446911933028336,-0.3932264420609449
5153,-1.4937014185955049,-0.03962415521446752
5154,-0.7622382692230336,0.3451549121360829
5155,-0.45187740066925164,0.9871116313662743
5156,-1.5145409111592019,0.305954997907412
5157,-1.724989067709497,2.1635959784485674
5158,0.6687835080240008,1.4240606635390707
5159,1.1209961113277258,0.8678659889851378
5160,-0.7699726068806532,0.6236418111885541
5161,0.8806374658205915,0.31673660989097907
5162,-0.9447503049264419,-0.11692747043737092
5163,1.0187129875983505,-0.018039453748150372
5164,0.7900880663470035,-0.385443357074763
5165,-0.1677908699127635,-0.2989275722830139
5166,-0.6337444438561778,-0.40376428209053594
5167,0.8029543187213471,0.03356109812054396
5168,0.4868395135169474,-0.3064875998321983
5169,0.4622488655379147,-0.4779900736817748
5170,-0.07588595025547963,-0.5618003366678782
5171,0.9063159069974345,0.07039771106459307
5172,0.7056659614260445,-0.18869273731638092
5173,-0.7943925847494421,-0.1774429319422765
5174,0.536015314659636,-0.5205978895400789
5175,-0.09032190357503708,-0.2868565155750676
5176,0.5296623926717079,-0.15917055518627837
5177,0.1855760294071054,-0.5414164199289706
5178,0.09612569153849622,-0.4536040512665374
5179,-0.8303530177464679,-0.09655742574121225
5180,-0.060739908182061965,-0.39799011198746426
5181,-0.4115418909926478,-0.47006533871697037
5182,0.17134308950013993,-0.5158980818813248
5183,-0.004526104011752026,-0.46240347175884033
5184,-0.2662856154678568,-0.5986043899047829
5185,-0.8938571889311341,0.04422939215338725
5186,0.3321058660669302,-0.4740432986890419
5187,0.8997148699970559,-0.10493173489129168
5188,0.14233403071442366,-0.38663349636051186
5189,-1.018217039961098,-0.2766884595400748
5190,-0.5048164409747598,-0.12496682809159686
5191,0.5481277039097663,-0.1278140054982794
5192,-0.13547362488760545,-0.23462123893103168
5193,0.7282411778877956,-0.5657950253255917
5194,0.9552915707335317,-0.32240012985430394
5195,-0.22761601058395303,-0.257882972034172
5196,0.6381059944619575,-0.49401919722070586
5197,-0.29009170056877037,-0.5589399055296675
5198,-0.45159304680709683,-0.45870951521645054
5199,0.05270542427181093,-0.3988375185661697
5200,1.0546088982082829,-0.021178602458868764
5201,1.5916167582072434,0.6042409095650492
5202,0.38109647477169817,0.14623646508073404
5203,0.26535326667721576,0.587085402177472
5204,-0.0422886310172216,-0.151653770078154
5205,-0.6992107065734515,-0.26513008480656525
5206,0.0483455700855622,-0.4976434488728546
5207,-0.8142276645868386,0.03891554430957776
5208,0.02219815645169289,-0.34700536076927463
5209,-0.09926704005631917,-0.5635598931895739
5210,-0.05755248362010538,-0.4447082521754923
5211,-0.6439813732080595,-0.4039976397650452
5212,0.5639360080746991,-0.3156773210690338
5213,-0.5656268674697053,-0.19063754854311926
5214,-0.603123304993132,-0.1863118057810431
5215,0.6001011414027944,-0.3541606743505176
5216,-0.3006940553758415,-0.5062202172192009
5217,0.6644241814533344,-0.3339136339476006
5218,0.4834438358305234,-0.5168124372120221
5219,0.3933669010284978,-0.34043060527382185
5220,-0.9675362208358319,-0.3960295163765075
5221,-0.2895275413986685,-0.38917099109989267
5222,0.31874218961389394,-0.5217414850219926
5223,-1.1634091598361753,-0.2227191251487852
5224,0.245260886726096,-0.4415054703785504
5225,0.43803357278062516,-0.442986622026131
5226,0.538863116387697,-0.38764975239641636
5227,0.6321317339289576,-0.06787075609237467
5228,-0.4462461375914821,-0.4444960903817728
5229,0.08007213470729589,-0.5652871968047785
5230,0.15086340569985596,-0.5272403813942551
5231,0.673605124017772,-0.552456436040586
5232,-0.1349078238770428,-0.5480349609205287
5233,-0.6000272598235687,-0.4838316752959328
5234,-0.5790905130387678,-0.4068686563418241
5235,0.08280489510861062,-0.42213916686888103
5236,0.04298589730437354,-0.5737391464549152
5237,0.1029475148878265,-0.5937601367616147
5238,0.3607997887677772,-0.6006745096606485
5239,0.17093053458922544,-0.39808424625148026
5240,-0.16238521178903362,-0.6135411839621645
5241,-0.054162811343603276,-0.6493225279461236
5242,-0.30370645693826687,-0.4012428653571583
5243,-0.3029407907759954,-0.33547843676529476
5244,-0.7526955968474353,-0.24719392873116483
5245,0.3692383928241059,-0.5110398544827541
5246,0.355489726246208,-0.5270849144174093
5247,-0.665877424733092,-0.4314433078794659
5248,-0.6243823814657349,-0.14264395256025272
5249,-0.5185568529054921,-0.36129431609788343
5250,-0.43654145142737133,-0.3461785658969766
5251,-0.3132853864016611,0.10733547448271122
5252,0.20256229550053162,-0.2898381510080685
5253,-0.9154301758496916,-0.13189267733336169
5254,0.42016499851901595,-0.10439937922828116
5255,-0.016857864456424225,0.15434362743976365
5256,0.3371779456297332,-0.4919342032146552
5257,-3.0376231506442153,1.827301286654961
5258,-0.2911195687664439,0.787835099393468
5259,-0.6805960570791331,0.4698940220242926
5260,2.0000353422482626,1.2302577626439157
5261,0.44485513139235316,-0.1710450512755561
5262,-1.176826463205703,-0.37313411679988057
5263,-0.48423306687279477,-0.07523394753612503
5264,0.8829051259195267,-0.39087960570064106
5265,-0.25753354304846865,-0.19369319923434822
5266,1.0364537681014432,-0.4400778187500533
5267,0.8540631245846165,-0.3440790038886955
5268,0.01594159812346185,-0.5107165169750073
5269,0.3533360643241261,-0.5081129613693801
5270,-0.41518618283934344,-0.5392197526537437
5271,-0.7481255965188681,-0.42053331765495544
5272,0.14082515444997581,-0.5428588055999752
5273,0.8611297959443649,-0.5088182080765422
5274,0.5356939626486978,-0.5058106567999552
5275,-0.5121310127067299,-0.5172114510710379
5276,-0.10752739760465974,-0.6341728625501802
5277,-0.3339942480577997,-0.4687390924958251
5278,0.489625479209368,-0.5858227477558001
5279,-0.5815823719662088,-0.4542829239358471
5280,-0.04951601831001049,-0.5541368625594231
5281,-0.17816953873848856,-0.6420524122113587
5282,-0.06589869071443315,-0.4425530701330306
5283,-1.1218526909268527,-0.2716640155522969
5284,-0.7306239805950338,0.24996874870013774
5285,0.22522177490224896,-0.36088361370031813
5286,0.2578985484107027,-0.5267820391591207
5287,-1.075163706197327,-0.37098944325858746
5288,-0.3491326213039514,0.11134678723538315
5289,-0.28430742666648956,-0.27573463321509634
5290,-0.8586332542854459,1.3978970014492664
5291,0.32668962634825116,0.2000644206024407
5292,0.09964909159528958,0.1712203025708808
5293,-0.876060978079543,-0.015269343294003007
5294,0.997398746248962,-0.2797638009724966
5295,0.19071134779736615,-0.20899626777125505
5296,-0.47008137548542117,-0.49561510503618883
5297,0.4547271423730636,-0.42535213704023134
5298,-0.7746245631109411,-0.072934679325689
5299,1.011552936629127,-0.20115380116496287
5300,0.19960092666066528,-0.40911150695436715
5301,-0.5191618820914908,-0.43199042651623937
5302,0.48668839274040127,-0.5435215907023351
5303,-0.022426082423461398,-0.34126538986564875
5304,0.7283074622777435,-0.28020767296342003
5305,-0.0021076122190569185,-0.5113432105601935
5306,0.47027731351140795,-0.3852187890539781
5307,-0.7278180136419501,-0.10540342817898042
5308,0.8241691744139739,-0.43553431877783916
5309,0.37954641355855323,-0.35559213908307924
5310,-0.46188880056108184,0.02441233777286921
5311,-0.17311032651729127,-0.4375892640529706
5312,0.2705692358305174,-0.41611111359072694
5313,-2.1719957306784936,0.22887858572588146
5314,0.46576476253234167,-0.11525742920076898
5315,-0.8090138838444157,-0.010851258368103621
5316,-1.9125350262985554,1.6455269364972376
5317,1.7390972652095311,1.4380447056317989
5318,-0.2394340490295289,-0.0428792563990905
5319,-0.3817690368969188,-0.16383043984785947
5320,-1.1438350448843841,-0.09996005570217772
5321,1.831722264569756,0.11087123043145654
5322,0.16045675969964648,-0.35584222497315376
5323,0.5403526403319583,-0.2524784263342257
5324,0.0460459291352392,-0.5350905422149455
5325,-0.3037662275185662,-0.5394418619365547
5326,0.3212410656309443,-0.5716808165156594
5327,0.34878141334078505,-0.5730556968287921
5328,0.738945826366169,-0.3946988945668886
5329,-0.5684465454376124,-0.5088489513376154
5330,0.0557106151878728,-0.5872863163351665
5331,0.10707253822049462,-0.4847977840185016
5332,0.7052564009518558,-0.5883585717330639
5333,0.24398955912311876,-0.5094678965772939
5334,0.14833245480480423,-0.39139949200817437
5335,-0.7350678882760948,-0.3703161992768463
5336,0.17996121161699977,-0.3332231652784458
5337,0.320891968469952,-0.5994028519029425
5338,-0.3756111483140775,-0.5817040284289843
5339,0.856471413143988,-0.47392764487584726
5340,-1.5110848205455196,-0.3324330218377297
5341,-0.22138456014640578,-0.297221875061029
5342,-0.00025094245944143806,-0.535239708677935
5343,2.9742358028014513,0.9519750134809772
5344,0.3603369792878883,0.8334297308287897
5345,1.322075589108851,-0.03551061955822765
5346,1.2039108406856722,0.5744167565084121
5347,-0.6944114507280316,-0.1266801778442441
5348,-0.754973766185324,0.15025033354587936
5349,1.311132309262424,-0.02477146450960157
5350,0.1897443668871963,-0.23885501048142108
5351,-0.5335753602177441,-0.3195351273822621
5352,-0.16835502945614217,-0.2755944880563487
5353,1.5319269445612447,0.2848570055508681
5354,1.3477374501304682,0.49515030833466384
5355,-0.9000672034139865,0.03913394758492952
5356,-0.17341891803476464,-0.20355115935004753
5357,1.1379498706207323,-0.2228458961057829
5358,0.971382543324574,-0.3867571537872587
5359,-0.24938601445884634,-0.04992517115588504
5360,0.0225507513896904,-0.47126436895499946
5361,-0.7686320461594576,-0.32283294748273966
5362,0.26171434814250993,-0.34273177111690767
5363,-0.16344918044522677,-0.5909358738692748
5364,0.8190645135915595,-0.2500415788961278
5365,0.352296726217471,0.0254097651209755
5366,0.026468353551540875,0.09506023654576838
5367,-0.20505744394647,-0.4094098419449921
5368,0.3290619383537416,-0.46711473276701787
5369,-0.2850430839485217,-0.5440709048047108
5370,-0.12368276248136391,-0.36803173758403296
5371,-0.3606654169814496,-0.4426668164547585
5372,0.5216753044850861,-0.2461638971362671
5373,-0.160125441544337,-0.2670906675614466
5374,0.17861518809548377,-0.5989981720759097
5375,-0.14701997821431528,-0.5081634668289355
5376,0.4789495650079938,-0.2651145062254384
5377,-0.5516588238655821,-0.20412371843359012
5378,1.1685151562870595,-0.00699139046227075
5379,0.012731477381635383,0.4406405339602056
5380,-0.1458429055845549,-0.07820678720798553
5381,0.5192026887146542,0.10663446515019116
5382,0.43116957567929426,-0.3463730142846464
5383,-0.4172374753994517,0.12687775694800407
5384,-0.5293411397066686,-0.24512787726020807
5385,-0.5406119672785996,-0.05597115821632915
5386,-0.253991462433492,-0.19280147175083504
5387,0.6822595087851615,-0.4136379270822646
5388,-0.0009087919015647066,-0.42784173371274653
5389,-0.8975748006920686,-0.0512034771380708
5390,0.04041027404065005,-0.3116549002567045
5391,0.08881123681244146,-0.533021227321804
5392,0.4344490266982135,-0.580108562562077
5393,-0.14608580898392426,-0.6553025418087884
5394,-0.8518422547906125,-0.40398479452935665
5395,-0.001011693355843122,-0.5146521385839018
5396,0.1144081570468049,-0.5359050617028899
5397,0.17265808889205608,-0.41936597867984365
5398,-0.14067360424475542,-0.4922234121487243
5399,-0.4124927303667938,-0.5286824874817811
5400,0.26523421671300224,-0.5094395107760551
5401,0.2704705349904552,-0.3843442290856229
5402,0.533218500598843,-0.3646705270121351
5403,-0.3482320761613848,-0.18178809014940817
5404,0.05961952622206437,0.11445659783542039
5405,0.017976045840834155,-0.19463434713292335
5406,-1.3128250142132603,0.9131805774844559
5407,0.7016957474088327,0.09098788230529334
5408,-0.4758470689683099,-0.19633635835065122
5409,-0.5411018998305356,-0.3439247206513262
5410,0.37691811175848716,-0.25237678757086357
5411,-0.27163887152139365,-0.4103667435891079
5412,1.211323796989412,-0.3291374175071607
5413,0.5134347244754845,0.8325510195621818
5414,0.19978869455177925,-0.16446002134377413
5415,0.28545185400542894,-0.05125015111108046
5416,-2.7023348825302085,1.1298333818481425
5417,0.8413501452568085,-0.12946405256164878
5418,-0.5937664445110058,-0.05535655859133581
5419,0.18245108407367577,-0.3750154082046554
5420,-0.5319437224403776,-0.23243640093809997
5421,-0.6690770857135228,-0.17173471831509257
5422,-0.2384285090777187,-0.06835114964660557
5423,0.6640782022920105,-0.34027363549700823
5424,0.22983192461942575,-0.4477592066807467
5425,-0.1631858676747375,-0.5042491129806954
5426,-0.8873995631570476,-0.5207461881569172
5427,0.0965264301205682,-0.4606264746857484
5428,0.2675396281047351,-0.5050081928454953
5429,-0.37790829570465,-0.5903063657469461
5430,0.3003754611732126,-0.6206255004846611
5431,0.6101944939942152,-0.5774870437535757
5432,-0.27301402568509603,-0.5874342568308121
5433,0.8918392456969265,-0.2501686644132512
5434,0.694783137169873,-0.29241721209678356
5435,-0.7887680862093883,-0.4450631470382086
5436,-0.05151389414693304,-0.4943677281735627
5437,-0.36124964561755446,-0.5832603763526457
5438,0.5929305500750506,-0.5949148395348264
5439,1.286739358250674,-0.3074728670308232
5440,-0.9186680210776663,-0.43729277216015316
5441,-0.22326661040627951,-0.5871322060704907
5442,-0.7917739343589195,-0.35883623712113616
5443,0.2601380482514422,-0.5768694623638335
5444,-0.2519272647883233,-0.5317534125792995
5445,0.5335324838532701,-0.5548674923891083
5446,0.3773355103675522,-0.47183326136061504
5447,0.45549615519394,-0.517532889154422
5448,-0.7179829035637413,-0.3794983402649684
5449,-0.6733053127215373,-0.4368943422167716
5450,-0.335884769819666,-0.4976627888641093
5451,-2.3188789367042917,0.9694922672226027
5452,-0.928651757721416,2.729733474310418
5453,-0.12940922864791202,-0.3601739564961578
5454,0.3955166517086448,-0.33632635565601576
5455,0.4613357774857215,-0.27435473497889995
5456,0.8776521054924845,-0.3723196919964695
5457,-0.14767217538048935,-0.36175406540119526
5458,-0.6888368009893422,-0.13911307650518298
5459,1.7962046322029217,0.40610070634345136
5460,-0.2497120636801499,-0.3437161474514676
5461,0.22349741306988422,-0.47493409591540986
5462,-0.3047232493863963,-0.5132738459367411
5463,0.19785465757582987,-0.48307571453152814
5464,0.33607863847522657,-0.4782201903466174
5465,0.07317550524926712,-0.4015568591690037
5466,-0.6075927474661071,-0.3013686078024664
5467,-0.19473689274719258,-0.33096189417888533
5468,-0.6452724717997378,-0.27860249263582854
5469,0.6944541980602076,-0.36717232764708524
5470,0.6911008614652517,-0.5090292523414968
5471,1.668378038432512,0.522654544534852
5472,-0.1293026309945449,0.07555184462752802
5473,0.557435825878638,0.05302031148461946
5474,-2.163502139499331,0.6850555533039149
5475,1.1176476972728526,-0.42466702440822507
5476,0.21132139971592004,-0.42599539579212403
5477,1.0814038609058445,0.10758465245908098
5478,0.09404647795585978,-0.22592734718400279
5479,0.7770063845339293,0.51001783850317
5480,0.43493808515534704,-0.06752152761035955
5481,-0.45779794578675403,0.032237603454999236
5482,0.3082242430522859,-0.20440097196088172
5483,0.09991382712903794,-0.37230914320099345
5484,-0.8393735936157837,0.408235463346464
5485,0.3507076167152524,-0.33048342390022317
5486,0.5559695561808441,0.15189278421813754
5487,-0.122133075425784,-0.24385285206481058
5488,0.1617022699306133,-0.36149957296251845
5489,-0.3860452422968178,-0.30364825314666
5490,0.18228000372006609,-0.533050767872452
5491,-0.28887956934960113,-0.20252651280717096
5492,0.09066705670102713,-0.320565832483731
5493,0.1362575184962556,-0.5193816348428962
5494,0.1606436060263491,-0.4678877258779615
5495,-0.13547269038214316,-0.1893806195206545
5496,0.7243853304889378,-0.35862696887367096
5497,-1.2360909319692843,-0.29938071585025194
5498,0.6033327886942774,-0.438669307121414
5499,2.5114279336252947,2.517471098150938
5500,0.23059407734757556,2.033157790926673
5501,-0.9219449372478407,1.425259527187044
5502,-1.1134460229792085,0.6466152004610205
5503,1.1322210919793303,0.9108219629628673
5504,-2.1104125020541984,0.6963159189053056
5505,0.12459367149052943,2.0015599896299348
5506,-0.5568645031924558,0.41365026403077426
5507,0.5140095002261081,0.18999024739388792
5508,0.4879233966814232,-0.05715271048536824
5509,0.9987457273705829,0.09322032598302869
5510,0.39482305430964015,0.06867987288352441
5511,0.05521629384163415,0.01546406063794584
5512,-0.3511499684125622,-0.017092297549770093
5513,1.1777314480592436,-0.058371266506295365
5514,-0.8262436354831193,0.16083892488529908
5515,0.09575960861383179,-0.23639984880224876
5516,-0.26430159722001617,-0.29433583168085004
5517,0.6343504633027965,-0.25208825613073255
5518,-0.3859172647488488,0.19429066979469556
5519,-0.19975714876204564,-0.35495021580929376
5520,-0.6719101565064177,-0.16949336661211045
5521,-0.36286169817883696,-0.36045893580452054
5522,-0.20930859707199714,-0.39219448273346486
5523,-0.1456736463635924,-0.1601221610925496
5524,-0.2860024631657872,-0.5609122872516064
5525,0.42963080642260587,-0.1273001270831149
5526,-0.3372655041753907,-0.5762706914716098
5527,-0.08954866481554877,-0.5403624685517137
5528,0.32339479734792637,-0.5980499496197879
5529,-0.5981108453635516,-0.5042396014501614
5530,-0.09066196435682464,-0.48342099872794886
5531,0.6673232117692685,-0.3955706046572403
5532,-2.0557752776532756,0.06542419186778306
5533,-0.5612681908826377,-0.20225235143307527
5534,0.14328553299826344,-0.5406959654220764
5535,-0.5628099914686839,-0.003927666092182169
5536,0.17919734429715536,-0.4262882072302014
5537,0.346289231722024,-0.4737546122071427
5538,0.05363353191405411,-0.3850717335420256
5539,0.04351571375440028,-0.4872227951905492
5540,-0.5979743159123609,-0.47693385807541017
5541,0.406370210711937,-0.5449414480942044
5542,-0.13170938442308577,-0.5253741519724372
5543,-1.1328976157819497,-0.058232274725522226
5544,1.1911995971576386,-0.1745459605999091
5545,-0.039418147734997064,-0.40714220308801585
5546,0.8568470230378573,-0.22843780649353052
5547,-0.829007876671826,-0.4414324473435425
5548,-0.5267436228197375,-0.4550039366203986
5549,0.0927825864143012,-0.38883965728523673
5550,-1.002180682791783,-0.3976302317538051
5551,-0.19471122413659084,0.10236303874800724
5552,-0.7233514461241188,0.276223890597136
5553,1.0110233915981968,-0.21872628317880463
5554,-0.48236705186224227,-0.5015423353009447
5555,0.5578360499793618,-0.29625999337021014
5556,-0.5312257112502482,-0.4624089861587515
5557,0.5556766731444178,-0.42169702964655087
5558,0.19681762087243188,-0.419993481845939
5559,-0.5000880621228844,-0.3981303369811728
5560,-0.4902233665058984,-0.35624992396566807
5561,1.8537677516450968,-0.34138259960295725
5562,-0.13119445642061928,-0.5199835989495044
5563,-0.7533746049700584,-0.3431600596805163
5564,0.22795462444364567,-0.47635800423263897
5565,-0.017993707432817193,-0.44615764774912037
5566,-0.16149005295208546,-0.5245065760578114
5567,-1.6159921188765876,-0.11827977915425741
5568,0.557949040241347,-0.4088267091275617
5569,-0.2720514566123398,-0.48464500009815203
5570,-0.21801473821287476,-0.5030435287482283
5571,0.6621891946051726,-0.3188533268641935
5572,-0.0743836527607706,-0.5072924282066402
5573,0.6480123633059084,-0.49384738475426176
5574,-0.5402441712457463,-0.21788678926564375
5575,-0.47673722101379956,-0.38611506642674664
5576,0.877413770653379,-0.35463106908808606
5577,0.6411853330243779,-0.3017709071077938
5578,-0.1134839894633503,-0.47395070981053844
5579,-0.8925405298718231,-0.3480598589313287
5580,-0.7706348065539409,-0.3056706920264054
5581,0.5256433629499827,-0.18192358154425475
5582,-0.06592854780232923,-0.39676258239305684
5583,-0.38275857464781077,0.001200566032182352
5584,0.28368251228793806,-0.402782966848923
5585,0.45501160609155517,-0.4272604514370596
5586,0.5349545013697964,-0.2246369738136622
5587,0.09463835869392924,-0.3337679189872284
5588,-0.46603430434631976,-0.43032707505313095
5589,0.6551435739905576,-0.44895229155446037
5590,0.4465495735467412,-0.442260004659763
5591,-0.20707238365317757,-0.451317697917024
5592,0.8456527691328286,-0.28889749712571566
5593,0.23404642388245564,-0.35194910873592455
5594,-0.8075911172261414,-0.24888661139883492
5595,-0.2633990261048789,-0.28083254922470513
5596,-0.3683565217056779,-0.05851518342354984
5597,-0.940233505691978,0.44899774047500823
5598,-1.7662102053929403,0.7393756363151186
5599,-0.7876484373916665,1.1163589955074882
5600,0.20201020835772357,1.4915014531148283
5601,-1.2892262976079434,0.6093407777942992
5602,-0.644416927631257,0.03999908411380302
5603,-1.8840608936281358,1.7809708905428034
5604,0.8938815701861146,0.3098953412497748
5605,0.3967160906544676,-0.09096902831853626
5606,-1.0838228686242732,-0.014902374843719958
5607,0.6748033877473983,0.15548441057056403
5608,0.9877438487443925,0.36500924256743844
5609,-0.46980099722938795,-0.30192603929025563
5610,0.5159873514689659,-0.42981593752830893
5611,1.1010234187803418,0.3391244159864397
5612,-0.41116990594471575,-0.2873539737286138
5613,-0.9372359587341397,-0.15318706591509243
5614,0.8706286264466975,-0.34412603643156897
5615,0.9804500050931569,-0.2715025638135861
5616,-1.2671725871569701,-0.2348181390310318
5617,0.5214699506483121,-0.3788365482527598
5618,-1.1803106811893949,-0.3135397427496274
5619,0.9049239697931516,-0.43848863010466854
5620,-0.7645103418231463,-0.32615159121378745
5621,-1.8388574696281634,0.3400580654015438
5622,-0.33681472069291235,0.3840054192598999
5623,0.5881242787079979,-0.2891951188775681
5624,0.7468176746275912,0.0498353108596115
5625,0.7595628753810802,-0.4830856970180057
5626,0.49477732865756713,-0.5457092846440985
5627,-0.08882970739615419,-0.5620462351797577
5628,0.12047943695650219,-0.45802313845272796
5629,0.5864640337744218,-0.4589749091061912
5630,0.209861740476991,-0.4654259468876613
5631,-1.008564785528751,-0.40013088942607766
5632,-0.29261372999645,-0.45054272034626985
5633,0.2632644508559203,-0.4735684172591293
5634,0.45195527427606574,-0.5049509107813356
5635,1.5793684074208512,0.2228529097182491
5636,0.45737099721801916,0.29608328493832986
5637,-0.092887052863148,-0.3467269177805216
5638,-0.2869436022588938,-0.4891512079115829
5639,-0.7112408921804143,-0.11188789754322921
5640,2.1901860604808663,0.4197958276075615
5641,-0.29040358863063337,-0.31684280200519205
5642,2.0722693651524975,0.5283857969869613
5643,-1.088088199658901,0.5426962996638999
5644,-0.5178460249321283,-0.42688279348112534
5645,0.37204877875497744,-0.3368567033340845
5646,0.2988350921367562,-0.17862822675994322
5647,-0.8983490060448474,-0.3784905364121223
5648,0.8455630922547771,0.28799548673856024
5649,0.6254809913263992,0.9657895540688787
5650,0.993673380498124,0.07714888293122847
5651,-1.046719421934397,0.3961044923595436
5652,0.048154719517362284,-0.49907152037000824
5653,-1.0053178140303778,0.036121913044796346
5654,0.06634574476704973,-0.44141258426695057
5655,-0.6804689616857635,-0.34320898704502284
5656,-0.10125437410424178,-0.3024544573817468
5657,-2.0972824505408676,0.8236055218535006
5658,0.5151353439027935,1.0712863193085256
5659,-0.2043689287470039,-0.19411328239826386
5660,0.39741434536329207,-0.5489496615037956
5661,0.5969112653396931,-0.5448044443513738
5662,-0.42892680963970276,-0.13945433414690336
5663,0.26218108447756416,-0.41473914192315825
5664,0.5834533516775512,-0.4144155885195926
5665,-0.15343730090584473,-0.3255430239425682
5666,0.09794256614228088,-0.623713480313718
5667,0.048176276069430576,-0.2659047107163122
5668,0.23423489841888723,-0.47270225424909873
5669,-0.5406215962039128,-0.5601893377968006
5670,-0.0900554304762625,-0.21815402210674975
5671,0.2645056328702947,-0.307818010725297
5672,0.3409819913936182,-0.14618601805672082
5673,0.07600731347929383,-0.2757318315792247
5674,0.7208098585324665,-0.279457157511183
5675,0.07364269594337981,-0.3291188706407398
5676,-0.14478828668132557,-0.4138880679204964
5677,-0.1311196802363812,-0.37130716054217233
5678,0.37082038892370023,-0.5358983733408199
5679,-0.253578545009575,-0.18824062981650921
5680,-0.10525622557814489,-0.5647134657134507
5681,0.3694599460775799,-0.36765465669053043
5682,0.5819213176161306,-0.1519531940568078
5683,0.12212690316254088,-0.37664956579283504
5684,0.043027587844358166,-0.49875843522638963
5685,-0.29877984411775294,-0.5529237915319528
5686,0.13790295519711734,-0.44750965930124387
5687,-0.7742960686383431,-0.005912216843564206
5688,0.037385295480112116,-0.5393847906307625
5689,-1.226684223284811,-0.08402966433331795
5690,0.22824176588652934,-0.13185180445963607
5691,0.7768116051210086,-0.3732089155563649
5692,-0.6303726537039945,-0.22857032527167734
5693,-2.3856999200639164,0.8838519507729579
5694,0.13601811758439958,-0.11789278375281542
5695,-0.7985080068351892,0.8600757690624867
5696,-1.5992558833019093,1.5793394189369192
5697,0.8552307880087349,0.6239810776567559
5698,1.491713951340166,0.7212735071884767
5699,-0.5551106861823958,-0.26500249029412126
5700,0.17445040717337806,-0.4704517616729
5701,-1.0984641919282976,-0.09433538853457858
5702,-0.5441750094387948,-0.25481774180510147
5703,-0.1663022463116774,-0.22045757732389148
5704,-0.3178743290890788,-0.28060025397591526
5705,-0.09768064035368641,-0.20154626148241506
5706,-0.7845253074816696,0.3152315159368739
5707,0.14918460554508461,-0.39036547454299236
5708,-0.22396005631986285,-0.2877244139990711
5709,-0.5876191039245501,-0.19750350680088843
5710,0.7898378387729473,0.5537334927006824
5711,0.8871480239063989,-0.395281829005748
5712,-0.7528183631602738,-0.035066719209379274
5713,-1.2078678595276273,0.10054123958788767
5714,-0.7185414056657244,-0.12203754113256796
5715,-1.2678018001300257,1.5209619919928015
5716,0.7018530067728634,0.6630985291318203
5717,-0.4060950734117157,0.08079620437677552
5718,0.5028956678133726,-0.26915076027486695
5719,0.5982982382304264,0.5706230273273671
5720,0.7712856490227524,-0.37332598582879484
5721,-0.7367334721768996,-0.4182161422416212
5722,0.8142516131555038,-0.43521720776628026
5723,0.400047747986792,-0.45263619324082466
5724,-0.47101817686533,-0.2794925805464239
5725,0.9977367108353918,-0.4314636660634072
5726,0.6300028233401903,-0.3785466536913146
5727,-0.6519860796381268,-0.29277432764346983
5728,-0.5340815458490035,-0.326433966402876
5729,-0.5229679250780175,-0.3613703869109084
5730,-0.8121266993210675,-0.14436021864837476
5731,0.10466640928256858,-0.44595781213285524
5732,-0.8403635609851656,0.22246299188446922
5733,-0.16346268818669255,-0.5196947261006402
5734,-0.8667284493452326,0.6013229777683715
5735,1.4778438672282919,0.6010736278743897
5736,-0.21979079050552125,-0.1873208806625743
5737,-1.2456214881721412,0.6136509150784007
5738,-6.429007606263032,11.195105889863363
5739,2.153987334354181,3.8976082886692094
5740,1.0803985159771132,1.3498475176280211
5741,0.09404715566671148,0.44614218317696247
5742,-0.7715000442876663,0.12527155431186507
5743,1.3247679574301967,0.4833932370985073
5744,0.3601357363565217,-0.27244725271983067
5745,0.5952890894364689,0.3406623374429488
5746,-0.7878523293212494,0.14450963043218498
5747,0.31051025023846623,-0.15262497103389253
5748,0.5122592670205515,-0.37354849492039505
5749,-0.3638230607099158,-0.39740228379179005
5750,-0.3299321013564342,-0.3997610027786366
5751,-0.4979779192108896,0.1100647468851992
5752,0.015439738252448218,-0.2973254215807355
5753,0.36377835744904835,-0.2199020574853495
5754,0.4362435786551164,-0.42359808524893694
5755,0.010880689772280133,-0.32569413594957913
5756,0.2711915068102092,-0.4560589521299439
5757,0.20383155318133053,-0.3278744428855869
5758,-0.30744770717087344,-0.4678899051982531
5759,-0.9108385943549204,0.20030310119833986
5760,-0.7228146185114257,0.23635230585253944
5761,-0.504188462784255,0.4458509300456684
5762,-0.4412665580420604,0.8063662385825477
5763,-0.8184786254178907,0.8300796141075663
5764,1.124327362043167,0.2412988731813827
5765,-1.1609418173842283,0.39008249274775925
5766,-0.3567777537651581,0.46352240890549573
5767,-0.1443127701190479,0.32398943785003786
5768,0.9841850476263391,0.08471057030778056
5769,-0.07238799172325357,0.034044140218758796
5770,-0.21916579391093058,-0.32411122837768636
5771,-0.3123027086832279,-0.10493002144367175
5772,0.5026157554066537,-0.05165733635303415
5773,-1.2989049443507557,1.2475168277742714
5774,2.209305203625031,0.8280291036596603
5775,-1.1798587999840084,0.18731200191747216
5776,1.5307681363451557,0.13773466863880862
5777,-0.029722253270988465,-0.3020230746867814
5778,0.8343471652119372,-0.25555207033513383
5779,-0.31315071099788777,0.01848765956116782
5780,-0.2741323634769171,-0.27113553488243286
5781,0.08673420446471627,-0.3943181496112373
5782,0.5616496976619375,-0.12536840489376158
5783,-2.394040662816662,0.6504022655177841
5784,0.6550130833176774,0.31646142440229297
5785,1.7856123648663733,0.39327573044513253
5786,-0.7796910332761827,-0.11685987427613176
5787,-0.5124846603701989,-0.25341976359819784
5788,-0.2994714205597155,0.006067317201916073
5789,0.3639501697022761,0.31892256840624444
5790,-2.0472988290703884,0.5390336846950428
5791,0.5737197695447511,0.7782436738213834
5792,-1.1359885496067936,0.4297767594194299
5793,1.465324107471338,0.431960365219837
5794,-0.4907894153570919,-0.18693373713309647
5795,0.9731981385673766,0.2942869771273879
5796,0.704554016461702,-0.30486028880420835
5797,-0.5263960705578582,0.04779702963031737
5798,-1.1178749349775998,-0.10998559886377635
5799,-0.2316484417348229,-0.2383180089545676
5800,-2.7976430839409985,1.1909376414010577
5801,-2.1899206035695613,6.948967320672149
5802,-1.0778574835547148,2.0060583318923575
5803,1.1385698067850298,1.3085504979405944
5804,-0.39398666692970946,0.13808743359775638
5805,0.43198623238552214,0.5363097604922078
5806,0.32324225776475524,0.022334355546072843
5807,0.8983157620079184,0.256342855721389
5808,2.0221490655993137,0.6953866388480349
5809,-0.10938836605275468,-0.2642374852680344
5810,0.5830267708049478,-0.3580200183269022
5811,-0.2597249295420218,-0.37614682790115433
5812,0.3068815055721089,-0.4661913999168117
5813,-0.4815526015298877,-0.5549883335385378
5814,-0.024379644989089712,-0.4381068682705656
5815,-0.9855704367313705,-0.26753512727332485
5816,-0.1778168075991461,-0.5437921596924559
5817,1.0909845597622732,-0.2837888336286748
5818,-0.9666819786410925,-0.26626795807799947
5819,0.5115720130504573,-0.47047995852551916
5820,0.05334264779972986,-0.5616022336116161
5821,-1.083136871076379,-0.405311003664906
5822,-0.03377369894122065,-0.41999623341384273
5823,-0.13731473326883253,-0.42007668948826016
5824,-1.3626593606430055,0.09281001868704235
5825,-2.821390751159232,1.121991275157804
5826,-0.5482123915804246,0.19588275266646885
5827,0.4181712569719398,0.8669687508739226
5828,-0.9720750634684013,1.0681603676359304
5829,0.052879344622024545,0.19006214756607895
5830,0.42371932649592914,-0.2224597136839098
5831,-1.1304860792551608,1.1295867870939347
5832,-1.0151562707588457,1.7517425205609967
5833,3.033276644378892,0.559710187500948
5834,-2.0524357804189437,0.5857472178443311
5835,0.54431659460703,0.031628327378590414
5836,-1.4273372773296062,0.3419446015789312
5837,0.04505506630294203,2.8902603150972146
5838,-0.9927861696668447,1.2449826833358495
5839,1.680678137714812,0.39391871778396476
5840,-0.32216620003812974,0.08747086546394475
5841,-0.816069900678382,-0.2284472658967863
5842,-1.3688395836050005,0.4145494335988399
5843,-0.3426956407959307,0.4576512401651879
5844,0.9813266832849303,0.4980956900608726
5845,0.4582078935274134,-0.002630175416366808
5846,0.6157109319468602,0.05945611614305416
5847,-0.5840019921684383,-0.17773985287194283
5848,1.4231574475623885,0.22348489787116732
5849,0.03635846639313806,-0.012115177102700679
5850,0.5821947625670764,-0.37426967324249377
5851,-0.5088128956436428,-0.3585583914872786
5852,-0.07736951819459918,-0.33596508940093817
5853,0.7557807855938445,-0.40912852848005715
5854,-1.1029693999959689,-0.18222046649158005
5855,0.7526759605621101,-0.32208565359404046
5856,0.5493389765177131,-0.47460404696755853
5857,0.7659007199271949,-0.4085040799891363
5858,-0.4510906115108353,-0.5124854375805379
5859,-0.7755082505641445,-0.29808231071161506
5860,0.4173722554457402,-0.450552852407505
5861,0.005398820582859836,-0.19844876365143038
5862,-0.14875669064340213,-0.3895314103559003
5863,-0.31217843819839186,-0.36194677883818666
5864,0.38420817377184074,-0.3888490413820519
5865,-0.7110075899970056,-0.11183866196730835
5866,0.6982981207043237,-0.1630930655876366
5867,0.04800104393463023,-0.4807261288918261
5868,-1.0516504900052284,-0.2575286964317704
5869,0.5574648911475112,-0.29379077059794534
5870,0.09192350259157617,-0.487014083613336
5871,0.6581150771044214,0.3425054369349915
5872,-0.5698691013254054,-0.333616614164265
5873,-0.8210350594941974,-0.3324391631763493
5874,0.7033463884257758,-0.31299199119267546
5875,-0.6857356100523939,-0.5093969866174507
5876,0.3343260539450042,-0.43700276168794516
5877,0.20187757628296754,-0.5525237539273863
5878,-0.015920375621486706,-0.5812255052592374
5879,1.8782423783351407,0.23853668909481462
5880,-0.34155941548758617,-0.30017620954310464
5881,0.49439087999251874,-0.17540177168704665
5882,1.1660886655133564,-0.11822987792031867
5883,0.5805114085890232,0.4116943316203306
5884,-0.3123204975294031,0.24144955391431006
5885,-0.23497509898757993,-0.4742558017319782
5886,-0.0030880779559598823,-0.49089833194478594
5887,1.2609533768001755,0.4093690643484982
5888,-0.19685067359670272,-0.052852724279718946
5889,0.3427441213959668,-0.2406824182462502
5890,0.370421195722783,-0.24390544058816022
5891,-0.05686948657472674,-0.10699697839675419
5892,1.1524229652631521,0.26630944816786906
5893,-1.3475683753338,0.24246132403493628
5894,-0.08385629727360028,-0.3091604205807112
5895,0.6352112432644376,-0.1572053271368565
5896,0.5318593019942564,-0.4258294449710757
5897,-0.7309434148417656,-0.3267564411280054
5898,0.5913619643786894,-0.5203644311287395
5899,0.1434888887763534,-0.4271726099996729
5900,-0.36582382622620446,-0.4797198358026249
5901,-0.0772762805094638,-0.5767479926427129
5902,-1.042684234331275,0.03863739781785516
5903,0.9106196502471747,-0.47975323937432857
5904,0.17124674475248816,-0.42865061808422317
5905,-0.4732443759829365,-0.48729934237669514
5906,0.3264746897482609,-0.5983095042027041
5907,1.1511819711845608,-0.3720073558568523
5908,0.1806185029086224,-0.5745810666103409
5909,0.04383482494266473,-0.5590594056935164
5910,-0.14661628491359624,-0.5469980909262055
5911,-0.5129626016414005,-0.5236964516197334
5912,0.5119054093172578,-0.5987136016890907
5913,0.12492179423289729,-0.6187373291760871
5914,0.47860988009164673,-0.5540639727224789
5915,-0.2400148374283487,0.008306586839428748
5916,0.3297402073271009,-0.5896630510199563
5917,0.15886736802226398,-0.4442647873451699
5918,-0.01369038913693866,-0.5421197561104971
5919,-0.28381582364253616,-0.5123356766138909
5920,-0.5623905018395973,-0.372071393871979
5921,-0.10398661744926521,-0.6006789305883677
5922,-0.605540271756854,-0.46591251463425554
5923,0.6768495520122048,-0.12326001400424196
5924,-0.7800384142400443,-0.05000664508561582
5925,-0.2069305625028896,-0.5929825271244261
5926,-0.11693412102911546,-0.5609954844195029
5927,-0.7268751681642718,-0.42429639235398836
5928,-0.4427938925902993,-0.15768998225368633
5929,0.5939114604106246,-0.5212596619888986
5930,-0.03688131077193323,-0.6313899686982202
5931,0.3811254414438447,-0.48376804352249503
5932,-0.46159917775735604,-0.3323559327681576
5933,-1.0585368811003448,-0.1117315391342302
5934,-0.4844857150921772,-0.3116978332740869
5935,-1.1111875627979744,0.018198737299890477
5936,1.205740699045605,-0.38823314232890743
5937,0.5041119581490018,-0.34724964640026523
5938,-0.16337395259327447,-0.556703736987253
5939,-0.8454367740600043,-0.17927568835653906
5940,0.1250989674266367,-0.5157954902514043
5941,0.7526928470453933,-0.5209080074965211
5942,0.30267396642705224,-0.5221229779173507
5943,0.011356366393914522,-0.4804784963678983
5944,0.5141526659644937,-0.45036551109663786
5945,0.8845147992406741,-0.33651619396035704
5946,-0.20785623694876995,-0.5079067416238621
5947,0.028179469964453106,-0.5435429889316638
5948,-0.4215653841103487,-0.5141611256051452
5949,-0.20556950482593683,-0.5544546401814495
5950,-0.10909503075780173,-0.6413260884029508
5951,-0.9442160464774858,-0.3261072767711653
5952,-0.13153754010632598,-0.39324267115968203
5953,0.06756787208812982,-0.6795689374027047
5954,-0.3109924316846661,-0.5724462061387895
5955,0.045737544738228726,-0.46522117101033034
5956,0.11538092636551271,-0.6538597181926752
5957,-0.16696068610444303,-0.5891989458194302
5958,0.22815977050861655,-0.5235431332211145
5959,-0.6395422542796877,-0.4788834842392175
5960,-0.22972949202412873,-0.5033707017862613
5961,0.230213817299227,-0.5814138262527531
5962,-0.2191991655482176,-0.3721125468314463
5963,-0.7104539491158405,-0.06916338485402015
5964,-1.0649950029912472,0.39863024654264045
5965,-0.8327244798752429,-0.19736569957438432
5966,0.28972055287605564,0.7720419906586916
5967,0.36205012183798657,-0.4461541530049301
5968,-0.12130682915397706,-0.5045351919090859
5969,-0.4875564131070521,-0.2714999744439648
5970,0.7642632425613939,-0.23296141233506004
5971,-0.3178056876582125,-0.4769196696495882
5972,0.8358042954347605,-0.3388720254461967
5973,0.49876669326408,-0.2732804657212233
5974,-0.2960420102143293,-0.570683275889459
5975,0.21810708660931932,-0.5462146916470701
5976,-0.67251263854108,-0.40023719125177565
5977,-0.8344105588079178,0.00012917251854802574
5978,0.1996500714321395,-0.5177259440935417
5979,1.0478864375884551,-0.43247503764959166
5980,-0.13986484838264562,-0.5978968563387207
5981,0.8622019185443734,-0.4452645269641742
5982,-0.4424682214404813,-0.538189368936663
5983,0.9913987959168629,-0.1526524868981118
5984,1.452338911667412,0.39434961460473644
5985,-0.16912958360817537,0.06973705623655418
5986,-0.45593312644785733,0.04539015728074615
5987,-0.48190400202709743,-0.46889398478725747
5988,1.34260489716139,-0.23670430620493912
5989,-0.12443017230600159,-0.5349997009836107
5990,-0.002907227981570448,-0.5303499796726459
5991,1.9302360896612716,1.2616423535002506
5992,-0.12203912394442609,0.058302993324283146
5993,0.6665057951769175,0.07984162624107609
5994,-0.9588513414489294,0.09345491894410932
5995,-0.15775625619068026,-0.2844715569300892
5996,0.20123813123313156,-0.6314864535606186
5997,-0.18631911778143476,-0.5663265554078003
5998,0.13918435970978804,-0.47339621032716456
5999,-0.5123791983109449,-0.4721661391250702
6000,-1.5005732609753777,-0.1395038771264517
6001,-1.5470216808845796,-0.11307918545295252
6002,2.1394303201873606,0.6622319550827747
6003,-0.01592903660873584,-0.33008933793707074
6004,0.6616869190427032,-0.5833829556331049
6005,0.11279660377314359,-0.5621903929080093
6006,0.5366630653511553,-0.5030972697557525
6007,-0.7553959016639046,-0.29122079361130837
6008,0.81206246417793,-0.5719182193872602
6009,0.6425232926967958,-0.5713487780543621
6010,-1.2535291148823755,-0.4055154785846521
6011,0.6965315717373188,-0.4840183987594041
6012,0.2862346930301843,-0.5291222096612174
6013,0.4130390960032783,-0.2696469223539745
6014,0.49031894478343274,-0.4509368663518287
6015,1.0634991762728907,0.03783202791348236
6016,-1.134751242718715,-0.25956765524032077
6017,-0.14262789575889487,-0.5248080914578921
6018,0.25962672018537464,-0.6135477192778803
6019,1.5132533438392126,0.23674542617094038
6020,-0.5458298999736778,-0.3707064327126243
6021,-0.1388273719431376,-0.6085052395180681
6022,0.04253705598435411,-0.5511146640723683
6023,-0.0003942347035117503,-0.40667828258873867
6024,-0.7904784344925243,-0.23674872897449384
6025,0.5831171516547519,-0.36864855198003305
6026,-0.5132574924595952,-0.5002698126496613
6027,1.361936289585528,-0.31821920091079986
6028,-0.8223984241236731,-0.4503222890039594
6029,-0.6673489629315555,-0.43350520976064943
6030,-0.1540159088076052,-0.5139247260090402
6031,-0.5720516827269687,-0.20630445406589257
6032,0.11508976532985227,-0.42136811202133234
6033,0.04393185264375992,-0.5752997024179939
6034,-1.2580940173411472,-0.3080094080965731
6035,-1.2320383141209117,0.12907441653626672
6036,0.12482195358628216,-0.25915579753285295
6037,0.5116877412993951,-0.4477942793590702
6038,-0.5859780990431189,-0.48253666663244593
6039,0.5372177883420521,-0.35100209928634235
6040,0.008953674818454044,-0.5676846092995331
6041,-0.02197447866673947,-0.42625578498168537
6042,-0.6399800940891084,-0.37177070299166226
6043,0.8958422016833121,-0.4033264850233785
6044,-0.4192601483521825,-0.5147058697139035
6045,-1.0920973647155388,-0.38697277140476316
6046,0.8242968893300864,-0.5216351605934044
6047,-0.21116405486308726,-0.395656118287453
6048,0.7513955879429367,-0.35461996297241216
6049,1.0630991516479114,0.060973886149640125
6050,-0.33733015066219363,-0.5509376985131318
6051,0.8036981028933107,-0.27798575838578565
6052,-0.3795697409968449,-0.4694648457844582
6053,0.3969919072219815,-0.3421677462743966
6054,-0.49383093688343027,-0.5138093931296435
6055,0.2933021431058113,-0.3372988708697012
6056,0.9839480270199006,-0.23645325322948435
6057,-1.3559059189046356,0.19185978320420738
6058,-0.5694225857241112,-0.043563636449022135
6059,-1.6836096093893214,0.6364500867242568
6060,0.14296419754583414,-0.09128934406710054
6061,-0.3188232459336932,-0.5136848755561653
6062,-0.23167239950322885,-0.49181932400314937
6063,0.5966855191625056,0.23161241078254335
6064,-0.9563815989962042,0.38549130120825725
6065,-0.2961983769918019,-0.38769087914906203
6066,0.35632571612884917,-0.40552595016233284
6067,-0.04798862687795749,-0.5216909096337881
6068,-0.4193824196717936,-0.5481628665187155
6069,-0.7283920990008051,-0.37665642365917285
6070,0.1617721221923042,-0.3982020208184671
6071,0.028073541825269444,-0.24314699553556526
6072,0.2682425116066641,-0.3291313687243137
6073,0.9384995743141938,0.07105638310843702
6074,0.03914319522419562,-0.5434041888388806
6075,-0.3181119856450648,-0.26762072262487413
6076,-0.10151241898349023,-0.2137790904683192
6077,0.8226781487702846,0.12402186421851583
6078,-1.9365969962423955,0.16492189424494486
6079,0.9962842012415531,0.4472615568673639
6080,1.5036368641248228,0.39982081302654054
6081,-0.3980965814718672,-0.16262260206865864
6082,-0.3689110216945543,-0.0058192510432954194
6083,-0.1002997644779015,-0.2605211981801421
6084,0.6090779656238614,-0.20344682648755408
6085,0.23161477963455354,-0.47054748883674646
6086,0.0707759781567346,-0.4433215535500933
6087,-0.7680074033086567,-0.07084106048947098
6088,-0.5529154140918636,-0.5067416901465921
6089,0.10115711740454228,-0.5888898816242739
6090,1.0504338253678573,-0.2720310562601105
6091,-0.6368430706411481,-0.16834089878804215
6092,1.1948578850262808,-0.30142384369039354
6093,-0.7644519696705784,-0.2457590581377018
6094,0.8548125779123052,-0.43910803401706344
6095,0.05659068796177492,-0.5657839212548361
6096,0.9477323872432634,-0.28309828539921444
6097,-0.9575150095855863,-0.2960147608545638
6098,0.4335801369198151,-0.17785139542409545
6099,-0.7030407182485652,-0.44994952587085335
6100,0.581939467652976,-0.4387118058519801
6101,-1.17213426945888,-0.18248023990023468
6102,1.468387901585898,-0.3282463615673518
6103,2.3886718363290127,-0.196529764971964
6104,-0.08929625836644917,-0.41772143668228956
6105,-0.16921290152771304,-0.4864817914570524
6106,0.04763037296183278,-0.6008316232689512
6107,1.1031840752440025,0.003997668623024419
6108,-0.7956146988908885,0.2321073388057985
6109,-0.15685841579913637,-0.4637556020053339
6110,1.1482796239466995,-0.4245937173771264
6111,1.1237755720778164,0.3815848463372276
6112,1.446328389293369,0.4313324877267847
6113,-1.2114979093481832,-0.20763378463261467
6114,0.49456580988976867,-0.37217885308417914
6115,0.11628011690580951,-0.3751555915110668
6116,0.5524718384115124,-0.19479656533346124
6117,0.23833886710180352,-0.229841207547752
6118,-0.38647146666443494,-0.27158108157399646
6119,1.3851762660618165,0.4131560098293673
6120,-0.03823492518377784,0.5148341194774577
6121,0.7034869034177375,-0.4096071482841135
6122,0.12417438554931186,-0.39784515922228986
6123,0.02245728429118971,-0.057246162368676315
6124,1.1521346331668991,-0.1423076805774583
6125,0.004342209795832148,-0.23037092757571054
6126,0.6272962475896738,-0.28274691898923165
6127,-0.5583918041787299,0.09099944234636953
6128,-0.8873010173602943,-0.16505646895137913
6129,-0.002402158440477048,-0.22251175990495117
6130,-1.4969537335819998,0.33929941354286186
6131,-0.9661978608009906,0.08680028705112168
6132,-0.030485294215375512,-0.4889304909164353
6133,0.30105718912456675,-0.448838925332674
6134,-0.13193586820056197,-0.5289886567136919
6135,-0.5665420837671119,-0.530206103260537
6136,-0.169267191426089,-0.37572737904943226
6137,-0.20268458292543606,-0.5058552697596206
6138,-0.2727634692121955,-0.5991098011852262
6139,1.0462542998903652,-0.40941408702226145
6140,-0.24135617220381753,-0.4753883877448268
6141,0.42903139606465596,-0.4872424922761562
6142,0.4920300617316668,-0.3654464694899478
6143,-0.38970826586021573,-0.37290714936612457
6144,-0.5563589050011647,-0.5135530499666929
6145,0.39154482917916195,-0.4993956021674884
6146,0.8227447873704842,-0.45418939065132286
6147,-0.3539857930813191,-0.40348671628517396
6148,-0.5297144613504823,-0.30134907698011704
6149,0.19770290942304256,-0.47377518084088116
6150,-0.42265378810335386,-0.2254735993280496
6151,-0.7225894052984427,-0.15174965074552396
6152,-0.388927246084586,-0.38816880561029893
6153,0.04851129886493573,-0.4109219181218201
6154,0.6179489084803875,-0.46728239273758043
6155,0.08871639890127384,-0.6484647249419262
6156,-0.2940677525990607,-0.5556535867226958
6157,1.0792307283570457,-0.29903825856445215
6158,-0.06714772585296949,-0.5048758602900657
6159,0.5049298035519565,-0.5119216988043271
6160,-0.08818346102255364,-0.49180195951593114
6161,-0.1044581469900781,-0.3778708901875437
6162,0.04080910493117579,-0.5370646143287173
6163,0.26289113818520266,-0.3381363522279341
6164,-0.4730544933348915,-0.5085707327095156
6165,-0.2475234730841476,-0.5670588410650597
6166,0.16589281675098466,-0.5281466361953755
6167,0.40017771507238037,-0.43366185496398457
6168,-0.0669041623506775,-0.4046139386377621
6169,-0.31701431862792234,-0.35119641722859735
6170,0.10169645762214909,-0.4683812029203496
6171,0.4489340152879248,-0.4573113933331757
6172,0.32506357297410154,-0.43366701134817875
6173,0.08459489002105179,0.4930817723935952
6174,-0.7253012384494953,-0.2155034397495606
6175,-1.3375245368252762,0.2426255402416743
6176,2.378018589311101,0.588473984504048
6177,1.8842938437134038,0.5928453478612518
6178,1.2073300092437687,1.206497037899395
6179,-0.6899591456312106,0.4020256842769939
6180,1.1555681692157789,0.38623486240429056
6181,-0.12492680284588831,-0.24794545686859337
6182,-0.44175184956156105,-0.12186745499186387
6183,-0.5761444533515999,0.1435947277819317
6184,-0.9073945255658296,0.11114192302837876
6185,0.5129505710784156,-0.27600578703900075
6186,-1.516221597255548,0.16496243325249915
6187,0.4643886492347281,-0.2395923262829266
6188,0.7676927787649712,-0.36346722856085095
6189,-0.8602155381902659,-0.2974875357060253
6190,0.18639737281567342,-0.4731462707827455
6191,-1.1250124712502765,-0.23594060122646146
6192,0.2058597461001135,-0.45974940523595886
6193,0.7554010342392663,-0.1612907996897458
6194,-0.10223020358192969,-0.5983216091261058
6195,0.4612976753196596,-0.5477821548036437
6196,0.9102059160750345,-0.2394405313331411
6197,-0.3179942067627778,-0.547321706624952
6198,-0.10994311841994896,-0.45765657202517457
6199,-1.0626361992596454,-0.24928844524637084
6200,-2.591203424311856,0.4073851790757352
6201,0.9903720882985252,0.4355149260715367
6202,-0.47784771472787274,-0.38606258491115536
6203,-0.5950014466869085,-0.44075497345362874
6204,-0.017607617191121486,-0.4792223329380033
6205,-0.990658694337735,-0.47350788678356603
6206,-0.796366934417107,-0.244730317184448
6207,1.2528210297905094,-0.062080441235296276
6208,0.6613551728544211,-0.5321116281508939
6209,0.46208674480777434,-0.35361875524227837
6210,-0.24873649332293724,-0.4092106226642843
6211,0.0061747378514027075,-0.41994566939445155
6212,-0.9802122065035488,-0.5344987650833919
6213,-0.4089841243428907,-0.45457876187640145
6214,0.30532581969663664,-0.5547259321426128
6215,-0.06391370731303635,-0.46582390161387754
6216,-0.20030265869171815,-0.45370403143529603
6217,-0.16608598996852092,-0.2527462685174543
6218,1.5878810454038064,-0.09084520248770316
6219,1.0799056500375408,-0.1549039653288429
6220,0.19986675206426316,-0.45624214582344236
6221,-0.3164755536725316,-0.3119672626072875
6222,-0.07483059764290775,-0.5686736619841357
6223,0.9013838121815599,-0.11955517126627185
6224,-0.5234013116866001,-0.4174271769560245
6225,-0.5077707026819446,-0.4376238900648157
6226,-0.38905789255973344,-0.6157321273873432
6227,1.3513830433579201,-0.3309567687084038
6228,0.02169054535879812,-0.41138103281030247
6229,-0.014437495476831907,-0.6330419330299576
6230,-0.3937945250463617,-0.49029413858608645
6231,0.352365015935621,-0.45195564588587805
6232,0.07850537578088719,-0.508512155653205
6233,-0.5666405165362514,-0.4976143604209372
6234,-0.20813767744545264,-0.5853213641065369
6235,0.1573971953714098,-0.3218495464464431
6236,-0.4645581836146192,-0.2886580258853065
6237,0.220451477221729,-0.45395353875854144
6238,-0.17503695776094014,-0.43951809436822675
6239,-0.1351131342857055,-0.4307343819897374
6240,-0.15710306090331191,-0.46613322126776235
6241,0.5134771239377546,-0.4665781224949604
6242,-0.37460551201765957,-0.5499432594815354
6243,-0.1369895769647243,-0.5699465399904696
6244,-0.1429195243986983,-0.3582782690652912
6245,-0.11477297084078121,-0.5284495664216274
6246,0.3184197948595842,-0.46865878648066894
6247,0.36655768709434694,-0.43793096647535923
6248,0.3642990317210787,-0.3815028705207917
6249,-0.15799308631021403,-0.496859983448122
6250,-0.2718531423906619,-0.49197103323248426
6251,-0.07658921391516117,-0.5098536896570871
6252,0.039285692261539634,-0.597353630702266
6253,0.6366192711940536,-0.3878628339216595
6254,0.4132653709404508,-0.40992368599136
6255,0.45286727595328674,-0.4308289257675917
6256,-1.2348695215175443,-0.31053615644004734
6257,0.08390049524617045,-0.5532743544958505
6258,-0.3701880888129027,-0.5071149778485365
6259,0.15454568452031692,-0.40912243476110277
6260,-1.0383522281736934,-0.1313947467619069
6261,-0.5720230140812722,-0.18961779766682116
6262,-0.39219950044845653,-0.19456204666076748
6263,0.3566627224011384,-0.3451307701273383
6264,-1.2177015893853649,0.5012799462501095
6265,-0.19623503884545876,0.28950610863413734
6266,0.0216882151350418,-0.49554272301773905
6267,-0.34113238773872867,-0.4410724403894942
6268,0.12459456619565776,-0.42644415366366056
6269,0.6078679600411767,-0.41100086875517766
6270,-0.8665463779013005,-0.3143558566734895
6271,-0.97502739359961,0.9204818399356339
6272,0.3546331039907611,-0.1731673577758945
6273,0.40949080802945204,-0.28278057358840725
6274,1.3776484901983077,0.26499586113356505
6275,0.10870301716555666,-0.2846560825020535
6276,0.9245769012651867,0.2148036759072164
6277,0.20877334858454613,-0.06162145202707046
6278,-0.4144499643094092,-0.11344721926160167
6279,-0.3308186333752316,-0.2006521303641304
6280,-0.450963463654235,-0.415108359834647
6281,0.6005412348738169,-0.4959670254598147
6282,0.2627087348069475,-0.5750761925691692
6283,-0.5842209643906753,-0.2809830111116818
6284,-1.1104487394809,-0.37209017288547863
6285,-0.4011998471318688,-0.01545881288863393
6286,0.3481118135530179,-0.47570310642560654
6287,0.061631468145537695,-0.5950745072869374
6288,0.4919920165780029,-0.5668685559919204
6289,-0.30098094776311324,-0.38359249303928084
6290,-0.7971101245367479,-0.4592584666683551
6291,-0.2779836186938353,-0.56210074136724
6292,-0.021502863981836377,-0.549502860304251
6293,0.6699825567614925,-0.5108625313434477
6294,-0.92222515085235,-0.35981928563883236
6295,-1.1374953328127408,-0.2714601560157218
6296,-0.06981406080558782,0.5503348224369096
6297,0.12882795679260187,-0.49578777066184987
6298,-0.5691615910067976,-0.2128465394167912
6299,0.15968240530699304,-0.23562807048063084
6300,-0.0064956811039539025,-0.4811859606282945
6301,1.0093705171492353,-0.15291610298105887
6302,0.15767559169496387,-0.5221184358457353
6303,-0.44761852852756345,-0.44423038972473655
6304,-0.6848914535369603,-0.521570364526912
6305,0.44619802914331785,-0.4924329962124176
6306,-0.6010944247312321,-0.38831391240161445
6307,-0.3453887201954812,-0.45822697261747525
6308,-0.15204763800674678,-0.3524001441777757
6309,0.6880420297683882,-0.5576147530021035
6310,-0.5843274205135754,-0.33018487140793373
6311,0.18328359449064444,-0.5460142095245692
6312,0.46344577877054144,-0.3409207575964701
6313,0.4827827142787467,-0.430297863924549
6314,0.25758409351610445,-0.4118343133869668
6315,0.4598181307486608,-0.42559146100688267
6316,-0.49941201535000895,-0.397097468090537
6317,-0.30738432481374883,-0.5638831915575228
6318,-0.2562443790599233,-0.5425868519748911
6319,1.1288878263940139,-0.3808248575802146
6320,-0.6703562998361735,-0.5241622343895098
6321,1.0475495980843175,-0.04725730575094333
6322,-0.9819529846595542,-0.41388429140447297
6323,0.04440131178584409,-0.6063098029552817
6324,-0.25095281252289425,-0.6029939554440644
6325,0.3343404635477912,-0.5309923300574974
6326,0.17244859139121435,-0.5792203086415114
6327,0.32764978076362344,-0.41511485591640856
6328,0.024638193475658453,-0.6164612569193963
6329,0.29997151028650443,-0.4746956433109428
6330,0.21069891598122756,-0.5789586212686543
6331,-0.554032815401184,-0.3321503357213531
6332,-0.6354486573010467,-0.34472095971246247
6333,-0.6367328774054986,-0.352655965376896
6334,-0.00510576289011689,-0.1174231840913832
6335,0.05061056646132995,-0.358537406621286
6336,0.47953867931258065,-0.20757397094315846
6337,-1.3703827257533379,-0.22226032511542695
6338,0.14242615870274578,-0.43154940937538666
6339,0.5586986167226815,-0.2855547342568006
6340,0.7163807632561766,-0.2800609658362303
6341,-0.7524779753502979,-0.2935158271525402
6342,-0.053103933894487934,-0.5376872205467156
6343,0.36535051088749637,-0.4416736832363815
6344,0.045225288084392,-0.35315619764431727
6345,-0.2639621108947002,-0.5045551184009663
6346,0.32362210542521086,-0.4716539474435796
6347,0.5626996145219463,-0.40269133271673735
6348,-0.017146919692151923,-0.15634201162477043
6349,0.2618920325808886,-0.5770299886326672
6350,0.28270282053769236,-0.4025944029620967
6351,-0.3855423875922138,-0.43596319577886267
6352,-1.0360177025547244,-0.3603856653812661
6353,-0.4430863611029599,0.07432688815525737
6354,0.5014847503010151,-0.4454107643154668
6355,-0.2419000594007538,-0.4436098126823007
6356,0.7001069282243277,-0.5213418555132295
6357,-0.1769613076862887,-0.5242673490604068
6358,0.3407929647151217,-0.5291517086138923
6359,1.3054109858462886,0.04866956896614768
6360,1.175144698556004,0.1011605210503762
6361,0.10579096452885564,-0.18772093990981145
6362,0.28465122955900224,0.09391507440595588
6363,0.4846963467660368,-0.13117174263627246
6364,-0.2070440078635604,-0.49089233122700426
6365,-1.460603001895576,0.23034362463389915
6366,-2.820359922453851,1.7667234409588257
6367,-0.4038907486814478,0.4141992654810724
6368,-0.42543992913875567,0.8599245222902727
6369,1.3149930494424393,0.9362782479417987
6370,0.295040638775144,0.18953482349553658
6371,-0.9586267960330302,-0.19633758674762866
6372,1.5924121906234237,0.10547468628106436
6373,-0.3002456813708877,-0.5837360014090609
6374,-0.8717557225650573,-0.40156334817352246
6375,-1.1133353925070433,-0.30541918720088024
6376,-1.895722035115044,1.694619663037483
6377,-1.003666129371908,0.7360938231661193
6378,-0.8874572420314121,0.989322033609727
6379,0.5879147557679144,0.23327081600802188
6380,0.2505694465529961,-0.20600561593598
6381,-0.5194838977758527,-0.3775174319803128
6382,-0.19168158204276972,-0.3569519578861277
6383,-2.3252515539025946,1.1518435152827122
6384,2.1468271366690903,0.43425671001487415
6385,-0.6947823405740972,0.011472665270088275
6386,-0.07064077349862871,-0.32854101412759085
6387,-2.175146442931611,0.8597972412727694
6388,-2.936093535351845,10.090697316850173
6389,-0.09459879200228842,1.1837055974690711
6390,-1.0799178795881883,0.4797664444380538
6391,-1.5478313935100643,2.3520540968408175
6392,-1.3817947117108436,6.22053841320115
6393,-4.681821845570094,5.021242719795384
6394,-1.1457098565403119,3.9509017027140922
6395,0.9363232957032211,3.7195453610020928
6396,1.9037583845040793,1.3139133671867635
6397,2.695985881367294,2.4358117724933197
6398,-0.2533955143793611,0.42907203971269064
6399,-2.416633278726103,1.25244125494422
6400,1.0897609700076527,0.360592641374713
6401,1.136755878614541,0.3543028241142012
6402,0.22809939652817307,0.37095133842994665
6403,0.38903907961252765,0.14200999776717305
6404,0.48074668495273926,0.1506829777585861
6405,-0.9380827546589832,0.17106160994956277
6406,-0.3719240963015565,0.03455145311630058
6407,-0.6718977300258719,-0.023372127943719147
6408,0.5442011730494034,0.6752607195271294
6409,1.0050128631814141,-0.1628738450991111
6410,0.5508148529403353,-0.3370302084959231
6411,-0.2619818218415125,-0.3312764798965885
6412,-0.13518005106964057,-0.4034406390153243
6413,0.3777626301146953,-0.2717772981908511
6414,-0.029036962899941107,-0.4743514034001447
6415,-0.2734814211049829,-0.2581330354772015
6416,-0.6003361705835188,-0.4144897887857127
6417,1.1344948355317992,-0.1341699493974018
6418,1.19469101659674,0.034955520759618955
6419,-0.3626631920374046,-0.26193117236994645
6420,1.0482749454477676,0.2680708412746116
6421,0.7822776932587282,0.031599904125668196
6422,0.49985797531212983,-0.2943625968614478
6423,-0.23026706559147958,-0.41904818078003037
6424,-0.06956483640600794,-0.05877905740704091
6425,0.8165152597835935,-0.2760191650305446
6426,-0.05672264717288666,-0.39425633624685896
6427,0.3031313287400818,-0.3155164895750878
6428,-0.9021606463902685,-0.07117323763571493
6429,0.8955256150325326,-0.402713235769563
6430,0.0015852690562053197,-0.4367558520015483
6431,0.9594305664619879,0.10366836801829438
6432,-0.7574084599755012,-0.20944700942826008
6433,-0.2033606090514662,-0.36907682353881427
6434,0.460992389603848,-0.2303172633255809
6435,0.4896131170709976,-0.4083641103350697
6436,0.3948655496933239,0.11292401670047038
6437,-0.8863077370025151,-0.1506865077158227
6438,-0.14384743988713034,-0.5318207389067984
6439,0.6112850431073381,-0.1889192766482605
6440,0.09680770165436349,-0.5594643873283286
6441,0.29307695372274134,-0.44412662322173596
6442,-0.029574672099933006,-0.5398764308144228
6443,0.6286652340407529,-0.0781210441238469
6444,-0.04543083881817226,0.12414068375211001
6445,0.2541753481942552,-0.38799732971144046
6446,-0.42975387567825796,-0.3591849350444267
6447,1.092578030434438,-0.005480691783701897
6448,-0.060163271531332725,-0.47722223012250214
6449,-0.4466210982227115,-0.23851220944722193
6450,0.2835438816009051,-0.4945237302552851
6451,0.47891965413465354,-0.4156579648178638
6452,0.3258870135653508,-0.05259757969378239
6453,0.18645742868033213,-0.35511763085890435
6454,-0.010316608963283319,-0.180802434190841
6455,0.43115537005169235,0.029409062313320054
6456,-0.03825135325065916,-0.20351421942357314
6457,-0.09950483635320446,3.1704821455367593
6458,0.16963109511743443,-0.26652291806559286
6459,1.5173081379054072,0.42961698953065025
6460,-0.15410013710533454,-0.06581101060973245
6461,1.3691653846340233,0.5740973454395071
6462,-0.7904833642152268,0.12721497246771454
6463,0.8076399333737235,0.2200532449226651
6464,0.5196216157363049,-0.10454849563282351
6465,0.4963975101662651,0.04507932087511924
6466,0.14845268260131847,0.6606532946246545
6467,0.9157970027387723,0.048987443418838934
6468,-1.7325140446236194,0.2740077138474896
6469,-0.6425035333010763,0.3559248800789931
6470,1.0896382757292336,-0.3420772294839511
6471,-0.23720910588869662,-0.46841988818387553
6472,0.032706749100160144,-0.3512574714996217
6473,-0.7187070482456028,-0.15106733876212203
6474,-0.5636424229714835,-0.23453109681499013
6475,-0.8009601248123386,0.238365980890634
6476,-0.22799974641180154,-0.09583751245442279
6477,-0.0008801095511580409,-0.4270095668521818
6478,1.3008401043563773,-0.24808770453786874
6479,-0.9396650511483208,-0.22516772121539608
6480,-0.9065420682065185,-0.41731489339657574
6481,0.3008369306040365,-0.39089753531961174
6482,-0.36325800729043606,-0.5114872356704679
6483,0.4076382713664036,-0.4092227767622201
6484,-0.8374887744217949,-0.4210387230830988
6485,0.3914030650798088,-0.39362210290459954
6486,-0.29269938671432905,-0.52166959730067
6487,0.5498168739766713,-0.44871757230833403
6488,0.07234624070368166,-0.6092345631580522
6489,0.6369201920832566,-0.34609030339613345
6490,-0.6132312924203075,-0.5322614046392199
6491,-0.4473328653257376,-0.5015524551298511
6492,-0.005845067199235605,-0.5525384194087541
6493,0.9410166100656293,-0.46358318586348435
6494,-0.37732309992019436,-0.524290871647914
6495,-0.9329455034415293,-0.3774757513323365
6496,0.24455310926569052,-0.4560371644956916
6497,-0.34196539094182765,-0.5190963990940176
6498,0.6115303808127954,-0.43174097162677194
6499,-0.9832803281162659,-0.28908220804614526
6500,0.6194039227692548,-0.45390287166287163
6501,-0.0315787875133887,-0.4818402368719249
6502,-0.3727272230408045,-0.5662374291474725
6503,-1.1857129747277473,-0.33636918482915595
6504,0.47145908826376537,0.04604101930934464
6505,0.914277826633206,-0.2688752562341018
6506,1.1479882557898446,-0.23818210953610505
6507,-0.20631230649414406,-0.4580461816203481
6508,-0.8323073086387843,-0.38141666303847405
6509,-0.03367023524822094,-0.5505935094596975
6510,0.2723191299758794,-0.5593984014585363
6511,-0.04353955789229829,-0.5341968443111441
6512,0.5115132765885314,-0.39395117542207386
6513,0.04690972243171407,-0.4764082383910092
6514,0.5873643243103359,-0.5071289702927388
6515,0.9732170255281457,-0.36411519576236234
6516,-0.06088916776828551,-0.5651478531485962
6517,0.41072750005766984,-0.4403105301149977
6518,0.2752324226628814,-0.5592671218637597
6519,-0.828884754315775,-0.3047963654105479
6520,0.09769245767049985,-0.544445577778777
6521,0.273501269144738,-0.5260392110110169
6522,0.07353446379140693,-0.43768344784551577
6523,0.34028803919288453,-0.4254612842046442
6524,0.17724466460719338,-0.506126219777772
6525,0.795632425863565,-0.3841384450796799
6526,-0.038872845120475515,-0.5864763226498756
6527,-0.39395735118282055,-0.4944273798207646
6528,-0.29077477520946654,-0.5529695341570848
6529,0.8990285986733193,-0.4110163482631739
6530,1.8180692130913996,0.30498987197280225
6531,-0.8998173895769761,-0.3564423924679875
6532,0.3816890596656292,-0.36182195608148887
6533,0.05102682151880595,-0.5153853251718274
6534,-0.27328822394408153,-0.5018576344787502
6535,-0.2513917381521248,-0.4534733958338117
6536,0.3277532503042633,-0.5988144785329784
6537,-0.3937260801192361,-0.5313502181712094
6538,-0.33896885158137924,-0.16415350645148957
6539,0.36485440510697703,-0.5394018831663151
6540,0.14340987892263407,-0.5023471703735548
6541,-0.6986994390637178,-0.4060194956221199
6542,0.23098492818168168,-0.624440188491439
6543,0.6409418388979817,-0.4946252388655358
6544,0.6128275091318378,-0.2941911757294294
6545,-0.4136003066421554,-0.5776663058109702
6546,0.41873756869652745,-0.4410201566014907
6547,0.019616991124608327,-0.6198863140581158
6548,0.4069409862202909,-0.4182774976076348
6549,-0.3313148154762319,-0.3577737784509711
6550,-0.15280078825016846,-0.47494435152344744
6551,0.3671319277723553,-0.4345122324317338
6552,0.18532943490757706,-0.5801157875181582
6553,0.7514244116160332,0.062242796764542585
6554,-0.5932630581658023,-0.5169554317269819
6555,0.19933160644965298,-0.3483125453295252
6556,0.05389333554923754,-0.28196531800256686
6557,0.5915129407356337,-0.34615668401810096
6558,-0.2876821419909093,-0.44071530578931417
6559,-0.14252752638571622,-0.5430213153194767
6560,-0.33980688621454785,-0.2987309368757082
6561,0.37398732548748265,-0.38435174789895576
6562,-0.4365498433389953,-0.6193183515125601
6563,-0.3120168758606096,-0.42753785261497806
6564,0.3236477975162208,-0.20916221495186682
6565,-0.3571509676193266,-0.5515104772373625
6566,0.44023659385415786,-0.4962203382007174
6567,0.1547692710171627,-0.5261045482971217
6568,-0.6250045089426457,-0.4716500554505419
6569,-0.20117699607673,-0.35081061642581557
6570,-0.47300480661624855,-0.32204156503466924
6571,0.5882664236148439,-0.4856028675782237
6572,0.017245126683597418,-0.6484886865686844
6573,-0.3699065869225028,-0.5573776197370199
6574,-0.44306729612808005,-0.5805849072948823
6575,0.8567874847841648,-0.26592724000142814
6576,0.47574537105216236,-0.416807251905409
6577,-0.8558176936637639,-0.42707504542540503
6578,0.276510770802239,-0.595722800051383
6579,0.5305582901104554,-0.42286423972806714
6580,0.5173571267844601,-0.41059902756489985
6581,-0.48323816652597085,-0.47326925338405285
6582,-0.014789617245832264,-0.5389768078320972
6583,0.4862562813443119,-0.5731361050832364
6584,0.0020486062453812007,-0.5337833236894451
6585,-0.42769211851649713,-0.40911925318079545
6586,0.3134960038335519,-0.5195665141690575
6587,0.06835076801568356,-0.45383438706769214
6588,0.1690150204620699,-0.6392156294404063
6589,0.26485280095296604,-0.6527498723932564
6590,-0.2473645759180155,-0.5403131792803482
6591,1.0889157148983803,-0.5691533107924935
6592,0.20203964429374416,-0.6722736925009858
6593,0.31442178198062154,-0.4990697719710275
6594,-0.2544915461896742,-0.5077393861428422
6595,-0.7477365249111436,-0.4041320980584003
6596,-0.050706606231352314,-0.6715904655000652
6597,-0.266366268090301,-0.48377211296013956
6598,-0.0009217855784057892,-0.5148329600457856
6599,-0.8249024025903281,-0.4336541976562948
6600,0.048379438828455974,-0.4671501772725461
6601,-0.06204773936569428,-0.49576957790841053
6602,-0.03763692277832838,-0.6041588152311088
6603,0.11651151984788634,-0.48318399985951754
6604,-0.062121039883856144,-0.596261984373949
6605,0.7239032944774321,-0.40795953831707177
6606,0.35829702782382333,-0.5936364835359427
6607,-0.8797840195290448,-0.38557658595796107
6608,0.028927110640506164,-0.5901830725442034
6609,0.4570292343085779,-0.521506117579481
6610,-0.5903549069196423,-0.4711819267080567
6611,-0.16425529233990016,-0.5845733442724258
6612,0.022977407237930653,-0.5159099209932346
6613,0.39886081378379895,-0.5772876041270834
6614,-0.15820303773130462,-0.571338665522733
6615,0.014993120367052524,-0.6372448326647717
6616,0.19733310911127608,-0.6336428179192017
6617,0.612024271236592,-0.43557803098520026
6618,0.2466630473453789,-0.6226124163491817
6619,-0.5591857695020616,-0.5843017835988783
6620,0.6070745566688709,-0.5293701862718017
6621,-0.4132077166067986,-0.5045561936214842
6622,-0.29673894901011827,-0.49852690896421586
6623,0.7242796366510159,-0.4717560643070964
6624,0.07862575148553624,-0.5763446207080418
6625,-0.21556873258837195,-0.5820614351006836
6626,-0.4558998804223671,-0.3181304797252575
6627,0.2740715620985139,-0.5643853219353199
6628,-0.24207111980206308,-0.5419685600567737
6629,-0.15177337524943024,-0.5685432866277977
6630,-0.1279017979109935,-0.3311648364319698
6631,0.17498537562634417,-0.4554987083676027
6632,-0.20897322743896965,-0.25554316244957187
6633,0.013245934561586126,-0.39234336042131956
6634,-0.15913254610304242,-0.5540364991504678
6635,-0.5985388276825293,-0.03868115034562817
6636,-0.832047445377248,0.4830184435894183
6637,0.08914030857664697,-0.4385197850797852
6638,0.003448412376580847,-0.543238479696647
6639,-0.4699574746445395,-0.4760930030961689
6640,0.2249390409276589,-0.6195378213722903
6641,1.2217431979140214,-0.20249941670332913
6642,0.05383754425031898,-0.4011645532601692
6643,0.4333849756651557,-0.2603641249524756
6644,0.6778724886197574,-0.21542265288621146
6645,0.24832506434831028,-0.5170046462923257
6646,0.2939201080323681,-0.48612658411578674
6647,0.4075366651490882,-0.4701127017182228
6648,-0.5876846385938331,-0.2584060406720103
6649,-0.24329252095614592,-0.3359211026049274
6650,0.6288627521385036,-0.34640676435906187
6651,-0.11777797814832247,-0.5005220022201703
6652,0.23747518236258094,-0.6020257323645445
6653,0.814495399223942,-0.12236077350303516
6654,-1.4043722377233088,0.43739922217065985
6655,0.4326803175954174,-0.2671247456384379
6656,0.1347132749596985,-0.2951232671102682
6657,0.23221261918494276,-0.48188040012944333
6658,0.373075047511674,-0.2962889975906098
6659,0.9070393326672856,0.015706614874801527
6660,-0.08202985537381872,-0.45923443161652405
6661,0.029003305188765618,-0.5869394065438209
6662,-0.21490154107950263,-0.4609713867696786
6663,0.9244359771804864,-0.027003038582999184
6664,-0.1264214863571301,0.045029336854501986
6665,0.26223934627890877,-0.40238261115718793
6666,0.19032100933531607,-0.576917661874605
6667,0.02270671421949148,-0.4857997023938518
6668,0.1518354338935053,-0.5375616355540858
6669,-0.12305981817128539,-0.4031355404667356
6670,-0.5677392411892742,-0.43216766792050754
6671,1.0045458545807353,-0.0628648526940087
6672,-0.06008587036600485,-0.5907522299916748
6673,0.15655805743974852,-0.5321949830894789
6674,0.3059172385937383,-0.5378628601147346
6675,0.09717287497035319,-0.4480978263013468
6676,-0.04358523321686524,-0.5051656028443056
6677,-0.5283378136030317,-0.4499465974141294
6678,0.56727763975942,-0.5883228568587111
6679,0.13827475632122577,-0.4753510849534292
6680,-0.044711537998646515,-0.5407917845071557
6681,-0.12352084775625653,-0.5740800380651956
6682,-0.5518190756232442,-0.5225613287653114
6683,0.44437508840526846,-0.43403643085240395
6684,0.19462745628496222,-0.6388692309299617
6685,-0.08983893428780416,-0.6205964597356666
6686,0.045112260642423664,-0.43093975444914595
6687,-1.5763227092931402,-0.26913602422391913
6688,-0.12265783884529195,-0.47259900456514203
6689,-0.4398894133661579,-0.33348530671864574
6690,-0.5913601889315291,-0.45917230888842125
6691,-0.24327112735826317,-0.42707273438599624
6692,-0.04677681123046842,-0.6004099128825727
6693,0.008894220302864832,-0.48860698893189375
6694,0.17183125521122725,-0.5721842205608769
6695,-0.22501635458373312,-0.4747220998019857
6696,0.08534198115281312,-0.20876675635054084
6697,-0.054153812274987355,-0.4265463482813014
6698,-0.20502062475315772,-0.43849273321482174
6699,-0.5544457003686265,-0.3709515746812887
6700,0.2556801530878364,-0.3732574108421739
6701,-0.5628110534476648,-0.47043486144770424
6702,-0.4000612508979766,-0.45546127862641445
6703,0.6588787879199913,-0.5519029060931252
6704,-0.09211301358955573,-0.6397239940228181
6705,-0.5583590803324183,-0.2669266512455619
6706,0.1032298117776404,-0.6651585036023545
6707,-0.5674511853670258,-0.20097563736261428
6708,0.10484037367273888,-0.45591573287940945
6709,0.41429106676906824,-0.4084938196526836
6710,0.5602468074025343,-0.5713945703796085
6711,-0.09448072440159355,-0.35644141592730744
6712,-0.3942522825807222,-0.4634847311320287
6713,-0.3348292005721583,-0.4368809989489866
6714,-0.4643877670205403,-0.4921870528862314
6715,-0.1990068764892618,-0.4586453942236138
6716,-0.07996110240758217,-0.5965855319906765
6717,-0.29175383872201816,-0.5839789949520485
6718,-0.06750706530365654,-0.5390517638490423
6719,0.013550524254316871,-0.29478167831719176
6720,0.5939233681129211,-0.41491170303026526
6721,0.3486569334306676,-0.4074670164103396
6722,0.5762667361380299,-0.5117917072349524
6723,-0.55294982529688,-0.5559106041454593
6724,-0.19444254070308342,-0.5617038771502367
6725,0.46803538690143087,-0.5451723375477279
6726,-0.03073189030781924,-0.34243398015946946
6727,0.030249092194799005,-0.47921000656719287
6728,-0.32720483809068046,-0.5423633399471972
6729,1.1275336020321889,-0.44274004061542943
6730,0.8504963097843278,-0.3709840673407784
6731,0.04112619502432582,-0.613975411839338
6732,0.6120647995095425,-0.38218712178395553
6733,1.795533413266306,0.4193718455264643
6734,-0.02851374320896509,0.4914961129873052
6735,1.948427168364522,0.7568048126710004
6736,0.025618015123537275,1.1200011314203646
6737,0.3485388337194773,0.39913205707502863
6738,-0.12096473104228674,-0.16273067427672358
6739,0.6073963021431038,-0.07587501923061613
6740,0.1225781835484547,-0.165293953685517
6741,0.7631700672017341,0.17379483420938818
6742,-0.2865673792101494,-0.2657895559847618
6743,-0.9747159847934478,-0.12389462947577393
6744,0.0703027232073929,-0.2069807777919963
6745,1.1942238521048414,-0.09941281453084791
6746,-0.2476885303069993,-0.446190856069034
6747,-0.5436090772332053,0.042085035550733195
6748,-0.5163332633299302,-0.2153368037278731
6749,-0.4716184934061625,0.6292022868820246
6750,-1.2229488346073012,0.5649422819746284
6751,1.2774653398134168,0.18143728845831317
6752,0.2716221190625193,-0.3125117451011193
6753,0.7843835261790363,-0.11095020735338353
6754,-0.6325056979652145,-0.19617307505573714
6755,1.0507523817039692,0.18995301211344734
6756,0.2536295174316073,-0.35443896084965326
6757,-0.7385353309320088,-0.15109749900703323
6758,-0.17585050219826737,-0.4451200777472482
6759,1.0341215082848056,-0.32461325351555487
6760,0.8360825342486974,0.1812688870178234
6761,0.28954598589043856,-0.16499549767865834
6762,-1.0497794432504566,0.049169190771630844
6763,1.9487482228764106,0.4387032522703736
6764,-0.03198364206447513,-0.013687740622615336
6765,-0.2391427087676082,-0.1422166938571074
6766,0.06643421433113722,-0.43195618214560527
6767,0.3468045986808969,-0.014872266978170463
6768,0.16111715711239577,-0.3936977452059782
6769,-0.46409932418843264,-0.3755260992636174
6770,0.3852133610571297,-0.3725501342131119
6771,0.04503277996752886,-0.24895239041716463
6772,0.39444497486327285,-0.41788005668714606
6773,-1.1162249933025994,-0.3011457900121258
6774,0.30332821765086704,-0.4509001076005854
6775,-0.06783412141137307,-0.36214881785522673
6776,0.929240659823072,-0.46759375832040523
6777,-0.02333742169183019,-0.5871248316926183
6778,0.18163579307204772,-0.42268995677738874
6779,2.2979573404758753,1.2578307596883151
6780,4.185953328172192,2.2384078150582156
6781,-1.7341083074033428,2.41464053907743
6782,0.47800400621780276,0.18769062894449562
6783,0.19823681613084293,0.7443230421769463
6784,1.0379238243626892,0.06337563743278063
6785,-0.11544099998165587,1.468500546124915
6786,0.14720021728516422,0.09205225245543314
6787,-1.1113058670413858,0.32520301995598644
6788,0.02646090099904054,0.01615476757939673
6789,1.2821902084091394,0.4812042216489258
6790,-0.2483071589612119,-0.19159750342657564
6791,-0.48280777594697216,0.5816422095494685
6792,1.496163240624696,0.9117055380683394
6793,-0.8451183564212795,0.28986133822468013
6794,-0.23294886376604873,0.1177043309639922
6795,-0.5345746818721289,0.08674888953868994
6796,0.4439719505928206,-0.24248352571983964
6797,0.2203510743388547,0.053369816161912595
6798,-0.4085164512382457,-0.2538768926685028
6799,-0.8929311770546603,0.2343923286779026
6800,0.007056593942718189,-0.32649455827611895
6801,-0.10016593234393786,-0.47686817614312915
6802,-0.06668486102473774,-0.60340355637587
6803,-1.1078846277103762,-0.15239509083267364
6804,-0.009117866010314692,-0.4726190023106224
6805,-0.23423118433909662,-0.49994281805031016
6806,0.2664915294440011,-0.5575921573223159
6807,-0.4953699189727908,-0.39577096405211903
6808,-0.17977718133998902,-0.43678723674853687
6809,0.30597819436592105,-0.3586691974669043
6810,0.08102847268162384,-0.47112338318472136
6811,-0.1299319159927792,-0.50710682384303
6812,-0.8932422926446477,0.029765352139571113
6813,-0.21849513957037456,-0.3584256757361112
6814,-0.2940476009023251,-0.2500975844514446
6815,-1.0830577217153015,-0.17090076959823275
6816,1.126398980774816,-0.30734998903983146
6817,0.6003604001020617,-0.33218870001378314
6818,-0.1887896441702787,-0.5153226357628224
6819,-0.5671146800695768,-0.4354864069428666
6820,0.5862618641680579,-0.4098572017329527
6821,-1.0357318910214528,-0.0030639501610880745
6822,0.27350196650979924,-0.2630021028333437
6823,-0.041062082228774444,-0.3864201266038386
6824,-0.4647541745703573,-0.4241729573870323
6825,0.17779893416024084,-0.3511443714920155
6826,-0.643779724467403,-0.0035740875687721068
6827,0.40187902965348554,0.1923742000440804
6828,0.4501387422484227,-0.17935926826881923
6829,0.31908790359507233,-0.28325001910118447
6830,1.0584510046401183,-0.2941901244867516
6831,0.010183800320743112,-0.42653992346274977
6832,-0.416946156288527,-0.4908465866980258
6833,-1.0783630087781741,0.2467114240486928
6834,0.568767718715319,-0.2626212667676735
6835,0.253269440010801,-0.18555478695372427
6836,2.1715132532809593,1.864078993967588
6837,1.2823996803848048,1.8775847659145448
6838,-0.4512688106614108,0.8132966337320037
6839,-0.5627353761796053,-0.017545971802746373
6840,0.6301905422809383,-0.027768030992645146
6841,0.8398240529632468,0.08616810261408775
6842,0.46613412017882994,0.4312043606882236
6843,0.25795837297839924,-0.15339795250184246
6844,-0.9585751818482707,0.8824315405110826
6845,-3.5148784974841627,2.262899057547719
6846,1.3475228960910073,0.8454097539468163
6847,-0.8068671870424804,0.27193088252119224
6848,-1.0889977351509468,0.2251200780899316
6849,-1.0490097117523804,0.15628996983271642
6850,0.1461143587589685,0.21160295434320547
6851,2.038764418312939,0.7424978421435526
6852,-0.24134060403472218,-0.3505632945994385
6853,-1.147904961524777,1.1129241652380781
6854,1.0812243685536547,-0.2071248035036939
6855,0.8666962095989545,-0.12411902579009584
6856,-0.397267614083968,-0.04706549925386359
6857,-0.3378541037675757,-0.2750809846024395
6858,-0.6190327667627411,-0.1785051711157266
6859,1.1908549414486977,0.05853707303849953
6860,-0.4823833328870932,-0.36653812910681594
6861,-0.008625380992742966,-0.5068780010004248
6862,-0.1640910167120513,-0.46570138124748933
6863,-0.18522723852840015,-0.44618898622602193
6864,0.6243781131236213,-0.4887053699312886
6865,0.881431726240081,-0.5005904543006754
6866,1.4175372092377652,0.21441721379706202
6867,0.5059758664764982,-0.1603689893210498
6868,1.100094751182237,0.4707727792043578
6869,-0.1600159366839495,1.268104557468402
6870,-1.0378140678880576,0.7638342864080108
6871,-0.8626439691886902,0.20087131528866634
6872,0.6635763330809259,-0.2691966486515837
6873,0.5460913543829741,-0.4332869879880067
6874,1.0838422310237183,-0.11867781889230865
6875,-0.5647385273321852,-0.0524618723550255
6876,0.28954056947043316,0.2700442657194831
6877,-0.0954349753193638,-0.369502801697434
6878,-0.1710069551913295,-0.3554382020242093
6879,1.6647968325375713,0.6749741403508455
6880,0.20968914845884465,-0.23161839832936906
6881,-1.0645770497853972,-0.10274262592785476
6882,0.16991679393706743,-0.08421825339161838
6883,0.10007348963485198,-0.24661054203651633
6884,0.6513314358612092,-0.411883374121199
6885,0.9076399676933875,0.06397518046199856
6886,0.25205612772219893,-0.41836723117947455
6887,-0.3866952126911264,-0.1721485340881593
6888,-0.7520417494100584,0.6839126848615449
6889,-0.2463772269447295,-0.302090184253341
6890,-0.46339127575611133,-0.4227854950925505
6891,-0.2763268107697446,0.16107321623899418
6892,-0.4097832312276076,-0.4233639906784601
6893,-0.10262143560280104,-0.3492193637515214
6894,-0.28430559806005273,-0.3879201261649421
6895,0.8896399813690067,-0.3377797553384492
6896,-0.4542429610486372,-0.5246034560257428
6897,-0.0711550998357071,-0.4099235719910544
6898,0.17711430236059353,-0.46877209038123785
6899,0.9189632575132687,-0.32751215948055423
6900,0.1726715786570526,-0.3625217331097815
6901,-0.3026381158089815,-0.2098305792618505
6902,0.21175083362855285,-0.48344324284096335
6903,-0.758907016639853,-0.36703885777319584
6904,0.09263585065248417,-0.475231120768832
6905,-0.1670385104861125,-0.38432982201350396
6906,0.019460776879681643,-0.5226107308912716
6907,-0.4239801275941181,-0.39979936967905094
6908,0.613914156890696,-0.5386214746367911
6909,-0.4936686259105448,-0.43896839345740474
6910,-0.017740012329508042,-0.6414152560405024
6911,0.7097126704440724,-0.37296761962532454
6912,-0.13558317999348873,-0.3891363345681939
6913,-0.0662385548417632,-0.30012115744180556
6914,0.6749925964153316,-0.46128763539686124
6915,0.38772343462236963,0.045799548442568346
6916,-0.4619421725280677,-0.32336777671677586
6917,0.10420773002579817,-0.15440730921490667
6918,-0.09054596056870688,-0.11001297161299496
6919,0.4947593422546692,-0.3494526241462136
6920,-0.4507564327383694,-0.15219820505972828
6921,0.23783620473755576,-0.2866648246244802
6922,-0.30053807745817784,-0.09589037418303357
6923,-0.3011815540892674,-0.21927696721575896
6924,-0.13967029076545612,-0.32833008334577146
6925,-0.7104127308278774,0.13223019286189355
6926,-0.5996916561909561,-0.0059262512785505945
6927,0.13297538000171671,0.10096978415251531
6928,0.024224525452968184,-0.3886611867104122
6929,-0.07030485974757934,-0.47196816899986144
6930,0.3816841024748115,-0.20146603356388898
6931,-0.4390895883853022,-0.43665776071401763
6932,-0.3040366188033145,-0.1995813272406169
6933,-0.34221331462844584,-0.4153962073713969
6934,0.3877211659720212,-0.44083743355390415
6935,0.3035336313504367,0.27571246583850684
6936,-0.6188217431711599,-0.06607360619010956
6937,3.6574494684039855,4.4782796061191705
6938,-0.5920466494353603,0.5212673597102376
6939,-0.24363377771206676,-0.2454084476091717
6940,0.7622324781969081,0.2943469400084152
6941,-0.7592551277482087,0.6045543764552141
6942,-0.2588628923418117,-0.47824573102891255
6943,1.2715841788096327,0.08655991395111798
6944,1.3099335078519239,0.741302875272725
6945,-0.5567312923566308,1.5693824266924365
6946,-0.5169737835719671,-0.13744926875987973
6947,-0.8636089364162314,0.23195195693921106
6948,0.3995735234665371,-0.22723578520115878
6949,-0.009608335001499654,0.11222218278007183
6950,0.20061021453107175,-0.2697316998818578
6951,-1.0198745344452276,0.04352530443088263
6952,0.779081451919352,-0.30383506797521526
6953,-0.5674029763198071,-0.44610316771520403
6954,-0.2970273208983474,-0.14983041783076756
6955,-0.16059065898163524,-0.26389231432617233
6956,0.5717763025139985,-0.44458274731692315
6957,-1.73245996502536,0.38604338009231726
6958,-1.4726764316845544,0.3333420666634027
6959,-0.7902661737622155,0.5228435188269167
6960,-0.13296000363601818,0.9119323194956529
6961,0.6432840485805545,-0.24148543980444273
6962,-0.6598252409886532,-0.3884485353698645
6963,-0.11414332164394378,-0.29840740372608565
6964,0.18723717954106264,-0.39910982889030056
6965,-0.42924340384180387,-0.3340888296787794
6966,-0.32844965183010594,-0.4911856184708007
6967,0.22546225925410682,-0.1488827548890061
6968,0.6487266299763748,-0.41993294606019965
6969,0.13873434164824885,-0.5762814521330768
6970,-0.4007332095941654,-0.35043581772636506
6971,1.3434393590420957,-0.2771554111877361
6972,-1.636909452396183,-0.2311694681430669
6973,-1.0946238032825149,0.10801711137026997
6974,-1.1692436461952485,0.02180202548063546
6975,0.5743780019904496,1.0029012468304865
6976,-1.4693202492195738,0.33940729296611033
6977,0.06279158445604772,-0.23697297471382628
6978,0.45112500405029227,-0.44360927821082113
6979,0.3118033063795027,-0.4161684121123576
6980,0.5761694040591394,-0.3990189823069557
6981,0.2819292005093548,-0.38299647685053323
6982,-0.05345916920014435,-0.560532376911145
6983,-0.13198609193186817,-0.32804693055131334
6984,-0.4151638877789651,-0.3101817356566152
6985,0.7276798070189135,-0.29731368696416854
6986,0.13924654734297578,-0.4905727001438521
6987,-0.4509002282666392,-0.3365891352149965
6988,-0.37268942353629125,-0.37744789595181666
6989,0.29395968988204013,0.20465050282553846
6990,0.3208003999920393,-0.44527349664759713
6991,0.2611937472149545,-0.3165059111668376
6992,-0.41388033401692625,-0.34362171751103715
6993,-0.45319960085170063,-0.5074321534545135
6994,-0.10067481192200826,-0.06651684059060277
6995,-0.26731507097932244,-0.5539098080973063
6996,-1.6632751049557746,0.798179978257961
6997,0.9058910115828921,0.0082575575637924
6998,-0.8537310368886746,-0.22069883240126897
6999,-0.37682868630702965,-0.19617487511947487
7000,-0.013808789247937282,-0.21316488414309845
7001,-0.6210573124980998,-0.15705036968354205
7002,0.9719470194692634,-0.2778166456643706
7003,-0.5196798423656169,-0.4710800956348321
7004,0.8885584539704525,-0.38714148016039707
7005,-0.726166752221984,-0.3015496745009012
7006,0.49921356528278427,-0.591597201623319
7007,-0.23693064889204427,-0.28710208122945824
7008,0.11713931725741125,-0.4660179573829069
7009,0.7658282355806797,-0.33329043399466474
7010,-0.4052464135093037,-0.44444193073748484
7011,-0.08929375237061989,-0.580258469620701
7012,-0.7704233155939121,-0.29410045098482873
7013,-0.5065909609776831,0.14705492766066133
7014,-0.16004291013927807,-0.2527687078374506
7015,0.4261684311989129,0.4179953505727035
7016,0.046233594214202534,-0.02196354931509257
7017,0.0028786684085741004,-0.4041968012910895
7018,0.14369442515840164,-0.5528006541968475
7019,-0.33358243416396216,-0.5007300820993841
7020,-0.018875743674164478,-0.36662133768925104
7021,0.2667530994210715,-0.5027984236532148
7022,-0.22444146246708266,-0.4324868387223757
7023,-0.7624353017631093,-0.3376393690837574
7024,-0.41240181822848854,0.07199109660494206
7025,-0.09449554616444891,-0.5543565113077616
7026,0.28127109012632484,-0.432267194495495
7027,-0.441055808174301,-0.3113413523385671
7028,-1.265048393624825,0.3321063244292341
7029,0.49161690170258937,-0.04159489076161012
7030,-0.691670168601556,-0.38101983566063885
7031,-0.11933915577779577,0.0421904481357603
7032,0.6574227320587511,-0.2527475811356112
7033,1.6064409360463892,0.939355937855237
7034,-1.2126410505531613,-0.12139471685232675
7035,0.39854149684864476,0.00068651301829337
7036,-0.7031823001524239,-0.09144940394754571
7037,1.2211009394075842,0.1191071160357717
7038,-0.2379357719214492,-0.5044559658244332
7039,1.3798849175902625,0.15093915736046376
7040,-0.12056387565030163,-0.2376904724042291
7041,0.3235822395923829,-0.3495588397404395
7042,-0.0006008033214179565,-0.24602965388115747
7043,-0.18472546874798607,-0.35109360359592606
7044,-1.8716413648618775,0.029564961966916544
7045,0.43842230854896413,-0.4116254060437985
7046,-2.039637697656471,0.7371239827511356
7047,1.1997116414236912,0.12191309485588832
7048,1.7427868245453921,0.27706837683228597
7049,-0.21186548505074687,-0.3580820208311586
7050,0.23100967102547307,-0.412415207848495
7051,0.6059326095781701,-0.3520974950777836
7052,0.8200463118276612,-0.18202808691283484
7053,0.6164069170174754,-0.34743515737230685
7054,-0.226376489396417,-0.3277313242574979
7055,-1.1505620076438168,-0.09818396359901799
7056,-1.3094928569741164,0.07264095240174799
7057,-0.7408052429011938,-0.36931776122953364
7058,0.30945272547713637,-0.5079483395877575
7059,0.4881773288543258,-0.3689607593202031
7060,-0.017067255761633673,-0.4834386125975338
7061,-1.1877423810262269,-0.37160917105136715
7062,-2.921469089071897,2.5311785508457665
7063,-0.5938237857841561,0.11564854015023113
7064,1.126833062829121,0.21573385821954455
7065,-3.5708330146172855,2.202521550054929
7066,-0.5242204014695044,2.7416180829524266
7067,0.6426246394293539,1.1316430476390897
7068,1.6425437687101634,0.5374155240638754
7069,-1.018527839837233,0.011597364658531856
7070,-1.1128384392011386,-0.4290685750189432
7071,1.0149069332421976,-0.34953185934642844
7072,-1.039453118162874,-0.3142713051577873
7073,-0.363434771000001,-0.21054673494352355
7074,0.39065023007143185,-0.38712996647677556
7075,-0.27121034737851923,-0.05700939404142167
7076,1.5952038492332656,-0.22787458733166105
7077,-0.030436400428866285,-0.5306724124030012
7078,-1.375648483982028,-0.14894302187873792
7079,-5.987503442737431,8.272712341136673
7080,-2.4155872392325106,4.535872942637773
7081,-0.18378647952277496,8.193928762519187
7082,-0.40660438568835877,2.624209148037336
7083,-5.1688965216980725,6.545875281212792
7084,1.6447717402075241,3.108974892994674
7085,0.8954309074312947,3.6975223382155686
7086,0.3888217525915047,1.4618001404583791
7087,-1.0357505916235805,1.0690093182387632
7088,0.35489365140211565,1.3105101444716571
7089,-2.2305363068039568,2.177036328985075
7090,2.0540414850668802,1.005360424829938
7091,1.5277072094215365,1.225201805211689
7092,0.6056109714538342,0.7268547782589027
7093,0.5005729566057835,0.6093575658315803
7094,0.7478151941733889,1.5134507337862035
7095,-1.6137188354783751,0.38223766178689395
7096,0.4770284188398447,0.31147204979201615
7097,1.6145613716436198,0.0007754391257992158
7098,-0.4054780191260009,-0.3762201115981576
7099,-0.4389228886439489,-0.05171656993011798
7100,0.00547433538919497,-0.3700887346640944
7101,-0.2288523350809976,-0.23369274040918853
7102,-0.4076154727491953,-0.1715712251191608
7103,-0.1068473544222613,-0.45035569535224695
7104,-1.1059550551536639,-0.0022757034413700833
7105,1.012582579327687,-0.22565814552592076
7106,3.324505013149431,1.2638672226256806
7107,-1.0872732026562002,0.43775362785597255
7108,1.242650406034971,0.8711095293470347
7109,-0.028324948278781265,0.30457188385039047
7110,0.24016955914239696,0.6706376909558118
7111,2.684957471703686,1.8923982528915189
7112,-0.9938034893999108,0.632294922556036
7113,-1.1063436827123734,0.2521150321489711
7114,-0.3449223981555784,-0.16461885628120634
7115,-0.19963003417660474,0.9627904190987537
7116,-0.31455395356748334,0.3458774758150171
7117,-0.29223988113928334,0.04230835197062734
7118,0.529846046786996,-0.1499985365045579
7119,-0.21414840337272742,0.29165335795947994
7120,-0.40972593748410696,-0.18371108393723035
7121,0.6778027304778241,0.21048197538269373
7122,0.8067183809817462,-0.30494223428439343
7123,-0.29189901315380024,0.04721859942698871
7124,-0.6589395071561808,-0.057425431996906556
7125,0.888961877493869,-0.36082650876085776
7126,0.7138834283275998,-0.33584189597415587
7127,0.37213102001686565,0.09709560333615566
7128,-0.5016639889937033,-0.0476912336700283
7129,-1.0158743987356929,-0.2101952635121609
7130,-0.28391993540828814,-0.4339926888702261
7131,-0.08717689916407602,-0.273667482251352
7132,0.13516630019933118,-0.22445877460428565
7133,1.6075030787204148,0.596529932120732
7134,-1.9121624619432027,0.39770902519065754
7135,-0.9258183456316205,0.9925398033082992
7136,-1.3961283728614018,0.8573074967938579
7137,2.181603993018062,0.24707711147959843
7138,0.8213934558377558,-0.08982748357457658
7139,1.8141414649553995,0.6004761132422706
7140,0.5703651941882703,0.6370117726957529
7141,0.23655452556436485,0.29765578795385367
7142,-0.8002620542609642,0.23865057300128426
7143,1.8936398869379156,0.7188513002039255
7144,-0.5590050013677709,0.07064348338488727
7145,-0.8517070648764477,-0.18145455383337175
7146,0.7998503227542216,0.26065585953323833
7147,-1.4273176493939221,-0.05904542225678839
7148,-0.9408157233030894,0.15730035027508357
7149,0.2186454379829006,-0.4534079215469516
7150,1.1073381059298228,-0.2587819425131325
7151,-1.8595618222578372,-0.10780349223944381
7152,-0.43639307519865495,-0.050563920245631985
7153,-0.9998556438851967,0.0342539033735412
7154,1.1266376981394148,0.009499642331620253
7155,0.3672264561944926,-0.41845890185752943
7156,-0.816358665649838,-0.2898770389053779
7157,0.04449799365148538,-0.3761923961206051
7158,0.15317251545759242,-0.36363735555111965
7159,1.061662720667363,-0.40739131820752666
7160,-0.030620478301605792,-0.5212151345602997
7161,1.41061757574443,0.03168589178596292
7162,-0.47502880205386033,-0.42738083134347854
7163,-0.3439364980648035,-0.4851928965234004
7164,0.9503524019485102,-0.43180401007766683
7165,0.21132633165955234,-0.5207574524179215
7166,-0.0938844570379598,-0.5056881667433644
7167,0.3322618518710259,-0.5307878181946355
7168,-0.32635482336891214,-0.6015714261236759
7169,-0.13046186775635157,-0.5906003285592614
7170,0.6635420697596729,-0.48659974310021853
7171,0.04850231378994187,-0.4352376283424291
7172,0.48725581703839993,-0.484624142736764
7173,0.44567547827544035,-0.330124725830717
7174,0.14060919172174313,-0.3647013995987226
7175,-0.6990676191341906,-0.4312432891445434
7176,-0.5074082972832474,0.3189988207914702
7177,0.45496415634786863,0.11308996615246208
7178,-0.6097286489100197,-0.10950268623564051
7179,-1.1557974545116234,0.1787559903884139
7180,0.15039953730701952,-0.48939133430202036
7181,0.08054272639474691,-0.3061639908502513
7182,-0.5094482026942065,-0.48599922647908583
7183,0.08119223598676813,-0.4962347899048752
7184,-0.30771845697018174,-0.47526072214010645
7185,-0.40903625372138375,-0.5000524991968425
7186,0.2517991232983272,-0.4896278242628863
7187,-0.04499414680373555,-0.3499809690619834
7188,0.3589141691302837,-0.4833819155676567
7189,-0.098888422838875,-0.6053280416381887
7190,-0.31965567449090854,-0.5577012232307319
7191,0.24573133746954542,-0.48227183695566916
7192,0.27554483446516276,-0.45235651019525286
7193,-0.001661369583155739,-0.487089060714961
7194,-0.14191737528981554,-0.555567406623076
7195,-0.5117634059654914,-0.48621257039373345
7196,0.06861760395020403,-0.5164257955628881
7197,0.37539622185392735,-0.639165729598292
7198,-0.10427066088041777,-0.5566102696067083
7199,-0.4210025345904215,-0.3841844258258481
7200,-0.5083434439845721,0.13554245164821527
7201,0.2645170096092873,-0.5427011935026124
7202,-0.2932050242517514,-0.39207864768001377
7203,-0.8376186224207646,-0.43587951206436354
7204,0.26082920197876464,-0.3374996138491695
7205,0.8842336476682984,-0.4921284956064234
7206,-0.29292403563026603,-0.58595297833005
7207,-0.9440794286240248,-0.4648697265285325
7208,0.5514026721340085,-0.37709757218956835
7209,0.2744435959815773,-0.4343923213688178
7210,0.00493062933746697,-0.6596077875154759
7211,-0.3238000660620105,-0.40636287406657706
7212,-0.2503116506304765,-0.5647269404261135
7213,-0.051450068486613626,-0.6079706258705904
7214,-0.4893919782982449,-0.45137548781981524
7215,0.540714011915644,-0.5762905608724206
7216,0.15426294662609352,-0.620578513237264
7217,0.14058450650329904,-0.5861001222699832
7218,-0.08125622067157333,-0.6511822242918638
7219,-0.06431920820188125,-0.5796625981840399
7220,0.19432886124889304,-0.5728631811170901
7221,-0.2044747330492687,-0.46682979839079064
7222,0.4041681042126877,-0.5017835569955541
7223,-0.5660859753272519,-0.5471352594488219
7224,-0.29830246441153513,-0.5904155315406591
7225,-0.23947035089151764,-0.41224191610570804
7226,1.0226517861524953,-0.5439950428237628
7227,0.12302812000720226,-0.4483877767375019
7228,-0.28271246008255796,-0.5111842490930334
7229,-0.2999549482318362,-0.46602674253804705
7230,0.23629935643506367,-0.47712077782575196
7231,0.08627895415469868,-0.5838527760626664
7232,-0.09262921869144669,-0.4604841635553053
7233,-0.6751971512386198,-0.5002153054106823
7234,-0.012801883155886658,-0.43153826616472213
7235,-0.2559780088909911,-0.6005943274219546
7236,-0.18375566237006313,-0.5202405905048474
7237,-0.8649405761117817,0.27020322339707314
7238,0.5802489668038453,-0.22106459262119713
7239,-0.19699953929280925,-0.4266744883637569
7240,-0.7136288552905959,-0.4727426981913424
7241,-0.5450119987820806,-0.34223759221364725
7242,-0.7618669600374579,0.9462139894987704
7243,1.0635114572522826,-0.32183456577548514
7244,0.5613037977852958,-0.4772042195533974
7245,-0.9253674173742888,-0.40711967550295153
7246,0.4715495095528495,-0.4952953357695437
7247,0.9533090840965921,-0.4312758923249107
7248,-1.8109998136651813,-0.008094115757557828
7249,-0.816152592764553,-0.16495662170053502
7250,1.7583921504864104,-0.15095093586968314
7251,0.329051458705926,-0.46791071946204654
7252,-0.11667814373478999,-0.5702597907922298
7253,0.1642903193537824,-0.5873459400600588
7254,-1.4585536558157846,-0.3465915462612891
7255,-1.1672762952201046,-0.04351602764660487
7256,1.2055706122175602,-0.2902757739690114
7257,0.7736751213533337,-0.5711819014919625
7258,-0.09196364931836086,-0.6205791733261292
7259,0.44445797232415846,-0.3437826678001435
7260,0.9392453629535129,-0.4008935581592052
7261,0.07209805939279154,-0.49853854387170116
7262,0.49408408375881313,-0.34353870114280505
7263,0.35374385246277645,-0.476532418472451
7264,0.0011382092398709179,-0.5653472351306362
7265,-0.8422392279699834,-0.4312849042655324
7266,0.5269737397800074,-0.4412617763710367
7267,0.2375283141134093,-0.504235102401089
7268,-0.04002358894297343,-0.4083189846230472
7269,0.5345818387619027,-0.6040913763611412
7270,-0.3137601579302219,-0.5930499514943284
7271,0.1134057261294067,-0.6008410475016667
7272,0.005117220572111606,-0.531561339487049
7273,0.14267561563525522,-0.597524848416474
7274,0.5961948818529395,-0.4539170316360427
7275,-0.1984764741415246,-0.5425128189404256
7276,-0.6185118001044847,-0.4287518779967217
7277,0.1782476894628637,-0.5905589847693898
7278,-0.20169179074464907,-0.6344141617221332
7279,0.8851224226728038,-0.35627589600310966
7280,0.11791868200847787,-0.647430551807506
7281,-0.306889491761247,-0.5696640204175226
7282,-0.2918176370927119,-0.6185333848134609
7283,0.21444065401681636,-0.6323312735590618
7284,0.15892553581014057,-0.5197782499161719
7285,0.04119298222508282,-0.6674036735848453
7286,-0.31197260952784095,-0.47781047316484077
7287,0.3515855432036093,-0.6156291824863852
7288,0.09544798103648927,-0.6359193710882358
7289,0.16471724186749448,-0.5386316314530077
7290,0.1467844096806778,-0.46016840231751843
7291,-0.37718459372573165,-0.46123054587295426
7292,0.27087063601505923,-0.5173209211418094
7293,0.7071223495250625,-0.45221074624015645
7294,0.6787263948025545,0.035347175720451464
7295,-0.9350386215173933,-0.4805719054133053
7296,-0.7404120050486449,-0.24181810078391688
7297,0.03483460633897043,-0.3779043380361665
7298,-0.32162441563322375,-0.55359099492324
7299,-0.10212430635745409,-0.3474400917761286
7300,-0.5944503790146085,-0.41344976007664
7301,-0.03590893255088635,-0.6050841526744413
7302,0.19814966978398582,-0.6334818220420098
7303,-0.7605768422229066,-0.548493049658794
7304,0.026708082608728898,-0.42174084370660825
7305,-0.018837090211600137,-0.5872267512513284
7306,-0.007447664338372696,-0.646926127274344
7307,-0.8478872034889429,-0.3780516001324807
7308,-0.11257151475865426,-0.31426231849977415
7309,0.08091025359543516,-0.3802708773632999
7310,-0.38373076677065016,-0.4290884861376636
7311,1.2823975711749143,-0.43818883629683086
7312,-0.4645582378488247,-0.5546507656121843
7313,0.6015138247538933,-0.482503130348658
7314,0.13018926847344692,-0.5444938277271988
7315,0.03629336737272898,-0.6263086720041231
7316,-0.5308046258787636,-0.4854572338752407
7317,-0.06668908504454935,-0.406695785182681
7318,0.30326064477104764,-0.5014982776792635
7319,0.4636821556369924,-0.5858130621664892
7320,-0.35518335814722446,-0.5641759403392079
7321,0.259138045017308,-0.5091717809916653
7322,0.9873948419542958,-0.4875823977090948
7323,0.179118104421677,-0.3864137693984973
7324,0.11787135867046059,-0.5678043673045209
7325,0.16377064612182157,-0.4092330245662431
7326,0.14610249431754985,-0.3551472481257743
7327,-0.5784154566655186,-0.09373465124024721
7328,-0.2807341176138922,-0.415608764597737
7329,0.5815970775771013,-0.46471342005169175
7330,0.8500753883104251,0.13515675644059377
7331,-0.3227172758968006,-0.4537715208269184
7332,0.1185413963257316,-0.3678154566687591
7333,-0.36821228973464,-0.41874545262758844
7334,-0.44730091920959625,-0.34196153462634543
7335,-0.113903194430328,-0.5371704609010066
7336,-0.23902919177726673,-0.5014030227675005
7337,0.4575024792241942,-0.5014889489192399
7338,-0.03703887811923732,-0.5355794489981448
7339,-0.5276195423687031,-0.45108716237649554
7340,0.4537853620742573,-0.48514046099304864
7341,0.9612312404887658,-0.36884162104595675
7342,-0.11191793473987667,-0.461385951299291
7343,-0.5877440919882956,-0.5355216156979447
7344,-0.2060741198947615,-0.5335395514353811
7345,0.10255523699900095,-0.4963446091725078
7346,0.054583976279591113,-0.4965032670807287
7347,0.3511466473255972,-0.40020840016421444
7348,-0.29045314122043153,-0.544707400745599
7349,-1.2905085705162065,-0.20091796972835468
7350,0.536907133226456,-0.5787054358835677
7351,-0.9894860693466647,-0.34330503422924646
7352,-0.8590677437898139,-0.44086917093242783
7353,-1.4663492682667956,-0.1846242177823912
7354,0.3342905829742211,-0.340070140590232
7355,-0.7243904740109272,-0.24967586616203968
7356,1.4640533345584792,-0.3926652003137803
7357,-0.5277075051077764,-0.5435943594104549
7358,0.7517101590625055,-0.5383643926764269
7359,1.3823233347062902,0.08135028789594241
7360,0.19064314962156484,-0.08266943716226487
7361,0.06354378059378764,-0.48656875412387735
7362,0.19297814481946624,-0.5281020538966432
7363,-0.16463333698246765,-0.5075016016072147
7364,0.552205865065457,-0.4715580039138354
7365,0.9865665854974709,-0.5696242214232611
7366,-0.1735135125259846,-0.3964588672326995
7367,-0.40516049962937833,-0.44727886479994977
7368,-0.15840743727244821,-0.5523034582233518
7369,0.3223678557944797,-0.5557314572131712
7370,-0.1579176572500456,-0.4228281206772839
7371,-1.4566271571886453,-0.0783787891411083
7372,0.0086112704235706,-0.3930637461051098
7373,1.7805373217157952,0.39826807805394754
7374,1.1770811208856176,0.4420047191324495
7375,0.6135832514898703,0.6438985621742207
7376,-0.6559150020505844,0.18494447544378492
7377,0.13809691401615953,-0.5146224835936329
7378,-0.1534708624641203,-0.47304712401895493
7379,0.200700876619658,-0.5557392029426517
7380,0.2551472128007124,-0.4356082220319689
7381,-0.30749622637319346,-0.5023404051793928
7382,-0.3816494000485571,-0.5482280859293645
7383,0.634592731362785,-0.5027079582554604
7384,0.5345007303157364,0.02294275042119565
7385,0.22185581804576943,-0.5218092201854237
7386,0.03191887289282378,-0.4068928845816293
7387,-0.054020778698445716,-0.2466933040709039
7388,1.2929035941832852,-0.2013973490651329
7389,-0.16222350200389649,0.29250795427087617
7390,0.049585642669590535,-0.25187910161159144
7391,-0.02022792328114821,-0.5793257028746734
7392,-0.03436252574199356,-0.4816469844544997
7393,0.06852349129413698,-0.05930149352841236
7394,-0.24689129457548314,-0.3964516135368004
7395,0.8405517515553436,-0.18028684913354248
7396,0.2642237183791713,-0.4341656102479997
7397,0.8707233889823394,0.20938352249194542
7398,-0.1581958805123023,-0.341621275577669
7399,-0.13375487548765794,-0.4410955474948467
7400,-0.6070652206611514,-0.4497310861324005
7401,0.5584946640775097,-0.38946879406431567
7402,0.13838179472405196,-0.24417553926530972
7403,-0.5289686810226802,-0.3489445845259051
7404,-0.11627921447532906,-0.5319137897673089
7405,0.10825826620096254,-0.5350234853381978
7406,-0.25147498234944865,-0.3930091289724754
7407,0.6089265587364123,-0.2915123686103921
7408,-0.28765181881635243,-0.6172941106208687
7409,-0.737428163172954,-0.4732930842694257
7410,-0.2718974089567152,-0.2834712293023545
7411,-0.4152990511297713,-0.4195169018548953
7412,-0.46020798754014863,-0.10337999802229662
7413,1.2964357876364272,-0.3041814318847925
7414,0.0010949625662460927,-0.47394233650568357
7415,-0.3648348435822271,-0.5140766676988506
7416,-0.42659176730850795,-0.2793291399695728
7417,0.4551079227964386,-0.22201926726675297
7418,-0.13724526543171106,-0.46458430686595326
7419,0.021825882766249798,-0.4320374491685546
7420,-0.057586827760588676,-0.5394518863609223
7421,0.5033053367147852,-0.2574579697147577
7422,1.4102859312468956,0.28350743251565186
7423,-0.525227492415611,0.11530135148951132
7424,1.0020774029998556,0.23555935840253323
7425,0.8599010774504472,1.335611637634283
7426,-0.6396682649274058,0.04061759542347842
7427,0.46031962041969815,0.10498365370997573
7428,-0.5511571964775099,-0.0697395085972229
7429,0.27361832874873293,-0.1724848265683934
7430,-0.6360199361815138,0.04619599108484748
7431,1.3251394573663067,0.14671140781065833
7432,-0.3531359082706882,0.1567916668295653
7433,0.15867984093312498,-0.41625458682369865
7434,0.1700033613368876,-0.4140257753993738
7435,-0.10388515995392326,-0.4946780497411581
7436,0.3737261524118764,-0.4703999937261172
7437,-0.07660219951494265,-0.14640328084512613
7438,-0.4018053927141305,-0.31482800370012853
7439,0.6441701941115179,-0.4650204703809872
7440,0.497035229817595,-0.3400124666505791
7441,-0.0040002576785004166,-0.4024242586388539
7442,0.7129576242312063,-0.3090319111812881
7443,0.656336434034671,-0.05076209835204068
7444,0.5541637272992803,0.1526759841312087
7445,-0.8323461291514115,-0.14292064315703187
7446,0.3487936924820428,-0.326954426495407
7447,-0.3519879708353796,0.6046748813791777
7448,0.14692910371041598,-0.3826911383335832
7449,0.43924071857760355,-0.3970997380201181
7450,-0.08111193215416941,-0.23177459566026296
7451,-0.7243272830397349,-0.519980612744733
7452,0.3322885299489012,-0.5608356602144049
7453,-0.6110465748092303,-0.17182462629628775
7454,0.07307375826863793,-0.5432491142927356
7455,0.6423383409293033,-0.425277142633456
7456,-0.26550164950426197,-0.5053920717749343
7457,-6.006868336024184,2.7707394419114157
7458,0.7087979492684754,2.84978847448172
7459,0.8182082071215262,-0.16328158853745878
7460,-0.787895762443137,0.0011940491601342001
7461,-1.595633532509884,0.36429636515922753
7462,-2.1747206959938916,1.8838199265571032
7463,-2.8864359320279944,3.8720880231464907
7464,3.127704452562834,1.159358392067764
7465,-0.8238341987004236,-0.2760760559825627
7466,3.3613038563265136,1.1062437300797892
7467,-0.5305607972695943,-0.28776098446591936
7468,-0.03866160642649228,-0.5289246996795407
7469,0.24396780378141888,-0.23420457206581052
7470,0.14170756188139846,-0.5086640731523584
7471,-0.15000233968007476,-0.4603071906343905
7472,-1.3364990734693338,0.0038228283528324815
7473,0.7403100565345142,-0.22348679534286855
7474,2.21474456694458,0.364698810994013
7475,0.3668062320046959,-0.1762848897221323
7476,-0.7554995875904751,-0.2366184102847455
7477,0.27610133752957394,-0.5651252441230915
7478,0.239041789016881,-0.3996752832646655
7479,0.010849185181694998,-0.48584113295008935
7480,-0.5369234549297748,-0.3974352362703719
7481,-0.5839805411856125,-0.425464389343157
7482,0.14289699432658262,-0.49252272702205785
7483,-0.0576123648581694,-0.6237237100533419
7484,-0.10293380308092022,-0.5552202560712977
7485,-0.11373876013844494,-0.5010239548113221
7486,-0.37483138375216113,-0.4594920555584887
7487,0.5808393479972238,-0.45007301023134255
7488,-0.8305125974775749,-0.3759750661619733
7489,-0.6041713498173089,-0.25876291140361285
7490,-0.001133174127945293,-0.4780866040281495
7491,-0.2008935673712996,-0.4992512357950843
7492,-0.8232977312269235,-0.13246935908956842
7493,0.5933855761060318,-0.40885140400879477
7494,0.39756883305826995,-0.29848547384324986
7495,0.019734852669211152,-0.48671472272976896
7496,-0.10404858192610095,-0.47954586776834257
7497,-1.4781555032380929,0.08081526986560561
7498,-0.11311101392492585,-0.25373882947767906
7499,0.08284912898176879,-0.19437841935492262
7500,-0.2300005093211376,-0.3197970096384906
7501,-0.45885956428680785,-0.20683895859656723
7502,-0.14439955165001486,-0.23199688492251982
7503,-0.4629835299608432,-0.05537529980172142
7504,0.09423509635701582,-0.2033665069304162
7505,-1.2391768515322232,0.35825019182798584
7506,0.9873416552467553,-0.25775700065710405
7507,-1.1115005073853947,-0.1062233478351119
7508,-0.6284298879757741,-0.09211987236149506
7509,-0.1317658201934401,-0.33657310675651525
7510,0.43689828641320233,-0.4520211629811352
7511,0.7579100839776868,-0.28199487801380174
7512,-0.436455066196735,-0.48608423418450264
7513,0.4426127876839601,-0.21016373580074338
7514,-1.066007584605895,-0.23626819166277843
7515,0.2438371865726786,-0.5251018080783844
7516,0.7262841171975007,0.12005856232002088
7517,-1.3128442159277809,0.3982404785458432
7518,0.15201345499503485,-0.33665458768052947
7519,1.2791263979767047,0.09624907350783807
7520,-1.0923046914352341,-0.4181630562466574
7521,-1.046772410995145,-0.04884401996524083
7522,-1.044480068579288,0.3221863454872427
7523,-0.7469563944869794,1.975689854810556
7524,-2.426226200691484,2.392732570680299
7525,1.0049443218784175,1.4826339660139976
7526,-0.4337566332670011,0.4998339113942033
7527,-0.0001592507484034832,0.7811121906278182
7528,-0.7660388105118758,0.6456518377406633
7529,-0.41393705760865457,0.173916399636494
7530,-2.4531111857509416,2.3906679206966523
7531,0.13301760885502772,1.7591448611717768
7532,1.75844665684293,0.31336709814604596
7533,-0.20814236343120032,0.15100758194122701
7534,-0.4237680376937225,-0.08356062790106028
7535,0.6166304538875504,-0.29966748892369316
7536,-0.8411862379661348,-0.21470416287808292
7537,1.5108410015306124,-0.21075828981878028
7538,1.9793403652287191,0.24825429814439445
7539,1.468687439487456,0.37091774710161796
7540,1.4203264405470541,0.2943129976799464
7541,-0.5313005753373602,-0.1419374731874545
7542,-0.7529421445553611,-0.293139778858
7543,-0.34042185883370557,-0.4571104364837256
7544,-0.07818021588469663,-0.08642155135626858
7545,-0.17583770285073477,-0.6202602076092727
7546,-0.8180462670324244,-0.25061451991285677
7547,-0.4234490504783673,-0.26520118567258033
7548,0.5694307567512275,-0.25544037663348795
7549,0.6458829272912451,-0.3733520756340212
7550,-1.0383448599604639,-0.42150843773533364
7551,0.2704902206330335,-0.4804007222451445
7552,-0.43710384278879116,-0.5210193642040596
7553,-0.3242428540303258,-0.5610918613330539
7554,-1.0252808518258008,-0.2949280360822949
7555,1.0692199561254818,-0.5067396402677017
7556,0.7563048355633921,-0.38167826059815
7557,0.5393566830314354,-0.37957345455399183
7558,-0.8124943297543356,-0.35939680258867945
7559,0.5005448555939563,-0.3684349396219335
7560,-0.7983410787555041,-0.3797822343405355
7561,1.5228832215378665,-0.35095111918518473
7562,0.33512782307043154,-0.5628076831657979
7563,0.6116343884713582,-0.49326359672584075
7564,-0.5983441992403631,-0.44022238147193826
7565,0.05380780377367721,-0.5304814004231458
7566,-0.4436105919075672,-0.4563662581533866
7567,0.10026790138846287,-0.30971617157225906
7568,0.9613450350150844,-0.24578556490091966
7569,-0.7744039706591458,-0.49692522300400843
7570,-0.2539399319616553,-0.4012242666963666
7571,0.4590295960111418,-0.4979080649805482
7572,0.1975673254809844,-0.5900406457174575
7573,0.8089284581723106,-0.2989645022537614
7574,-0.30036432459580154,-0.5899214618646252
7575,0.4703531590087219,-0.5733811329205983
7576,-0.23219470908662584,-0.42813263139969876
7577,0.8574783225960069,-0.5475959500057118
7578,0.26626015407836023,-0.4356032646290371
7579,-0.1725765539540425,-0.40527206933523957
7580,0.23321523890869467,-0.5473807750000338
7581,0.10324306174219351,-0.2690320525924115
7582,-0.46790402274437554,-0.5405353030693663
7583,-0.20313164519253593,-0.2982227995507538
7584,-0.4307907425844176,-0.3951462350742719
7585,-0.860056489917055,-0.49422690863578594
7586,-0.3359851631190543,-0.40242843040893655
7587,-0.44267151388634324,-0.5176451355576179
7588,0.32056241713879907,-0.4370845117918985
7589,0.27522419675111565,-0.3853266527316747
7590,0.20486481777090926,-0.4711565585118419
7591,0.6839146032933946,-0.4331678335502166
7592,-0.8520580045060828,-0.34627264994090623
7593,-1.0729137448407555,-0.199826653705799
7594,0.5470470663050367,-0.5354902409845573
7595,0.1740624552970344,-0.5643929159472388
7596,-0.4042692488119228,-0.46448469833122585
7597,-0.8621307399153301,-0.44427667495379686
7598,-0.2259411361369997,-0.220136105046732
7599,-0.39366426826428863,-0.07200863777870221
7600,-0.8895337206786512,-0.1711802603396454
7601,-0.42065223108405697,-0.20764606951508774
7602,-1.0009990559082407,0.1587658036970185
7603,1.240350743527275,0.18019613381618133
7604,-0.05168919208256995,-0.4444697477867269
7605,0.7045967860954407,-0.3464579772711812
7606,0.4664469966861697,-0.2617239448519682
7607,-0.10924495215078822,-0.47769238591872343
7608,-0.6616917007948598,-0.25675148150309224
7609,-0.9887930867233767,-0.20939770843881586
7610,-0.14138348407804446,-0.5056968301950557
7611,-1.6346671769461056,0.6823532451749827
7612,-1.2352465155697512,2.2349729459052616
7613,1.8732702065194076,1.192782747035018
7614,1.1638799135004299,0.32841017435988573
7615,2.5724119892079895,1.781017060639842
7616,0.34621914107480933,0.11572224745221497
7617,-0.3006613584018774,0.11068119366992189
7618,-2.124300625296686,0.7510474445370519
7619,-0.6864176713557805,0.18140583946123456
7620,0.9838978497655306,0.5710930071299902
7621,0.3938695325313697,-0.11612197456635759
7622,-0.24936106311562892,-0.14947659420911866
7623,-0.7312224569032156,-0.10754814301420136
7624,-1.0094241023119555,-0.013206456270924252
7625,0.5942513165401383,-0.17606846329898307
7626,-0.4709024138661473,-0.377945904630385
7627,-0.8312333547035771,0.24881265719120066
7628,-0.3459014965832384,-0.36356917870438366
7629,1.212780423490728,0.48242476765882064
7630,0.25751494584375706,-0.0875745540063223
7631,-0.4478408771102174,2.2755498273543466
7632,-0.16681725738130457,-0.09288789246987104
7633,1.123112005362683,0.29647872270507186
7634,-3.4099853498640984,1.0343499065641415
7635,2.9569128093636685,1.6066001775909675
7636,-1.7462634559456889,0.4057368827791544
7637,1.2076744800900443,-0.305515837940358
7638,-1.3838894560542525,0.003874210539582099
7639,0.03729170973878339,-0.27176956411300013
7640,1.3958872758467997,-0.21670841404742752
7641,2.2876631956556683,0.3854670669342117
7642,1.2200381188839224,0.6692697193892614
7643,-1.392777870741209,0.09958699704394416
7644,1.0988563133642535,-0.27480974573489514
7645,0.27909048315920315,-0.1741497590417417
7646,0.8020248836510229,-0.23923207856968595
7647,-0.6942074641548855,-0.3563849673555158
7648,0.369254339057938,-0.46373280223844293
7649,-0.4212483288551159,-0.23476320183852634
7650,-0.15483088136549417,-0.5077086611427403
7651,0.34265852475437386,-0.429269499202436
7652,-0.453149084579445,-0.5310744392712616
7653,-0.9812732871207485,-0.014920673900388521
7654,1.113614753088861,-0.2743665989686604
7655,-0.6449980678580101,-0.41682119519835853
7656,1.962140553972667,-0.033032034933905524
7657,0.4542369080902547,0.016911239250527014
7658,-1.0710180167641983,0.12652434887664635
7659,-1.8288520337884755,0.48260268186922445
7660,0.7214796306216756,-0.3510865155073253
7661,-0.8653702810384776,-0.08990347815704658
7662,0.041004594982810394,-0.18687729951915522
7663,-0.16086917368450873,-0.20841068672273852
7664,0.17023537689010104,-0.438869226728915
7665,1.2021220758872757,-0.3546463243851145
7666,-1.2142714490090123,-0.32904031740827777
7667,0.5237942503698109,-0.4465943387995008
7668,0.8792536969812884,-0.5203173358861268
7669,-0.18207910633496993,-0.6021546189065808
7670,0.547203593533539,-0.40293610360637017
7671,-0.010145219936501778,-0.2598621059995144
7672,-0.8032268613416272,-0.4464256044833955
7673,0.2331433463099675,-0.4454594789336599
7674,0.7121100570801211,-0.2609748744131163
7675,-0.04091263616801807,-0.2139057353312043
7676,0.15342338018588716,-0.23390939543123845
7677,-0.4067206847752374,-0.32858252310826525
7678,-0.4652007043457883,-0.45013449499607383
7679,-0.6775869340788216,-0.22901763027515423
7680,-0.3832699747064555,-0.3753791162642368
7681,0.10902615511701073,-0.5056271963408614
7682,-0.09460580615591378,-0.35905462962094736
7683,0.5067517735210805,-0.38382274791263177
7684,-0.22694449949214185,-0.47389597766345753
7685,0.08401106746502192,-0.5747192017853291
7686,-0.3927107829703502,-0.5314283071941642
7687,0.9534084256853028,-0.4232629953271932
7688,0.09338171832748811,-0.4638388422154424
7689,0.08169754393338469,-0.3417980282804311
7690,-0.8640277706598967,-0.45342684079575274
7691,-0.027301279212091942,-0.40673157219968353
7692,0.9440851963121424,-0.42498225257329253
7693,-0.20622806096134497,-0.4168431453733044
7694,0.2534079792424488,-0.11339457221662862
7695,-0.22466994827735312,-0.5450667102820511
7696,0.3798272933706984,-0.3449583811083396
7697,-0.5316956667474514,-0.4853302002790206
7698,-0.3622829510104503,-0.529269481552664
7699,-0.4880364363272538,-0.46529941847080675
7700,-0.20888668040670594,-0.5693442446616056
7701,-0.23211274724544653,-0.5164191002171947
7702,0.1148357462906383,-0.5252454704470129
7703,0.7037806753560392,-0.3818659297299913
7704,-0.22771307082064582,-0.5217684549084488
7705,-0.6904336861681758,-0.33839958552192456
7706,0.4918686787378138,-0.402550285901344
7707,-0.253926310775775,-0.39689560992963197
7708,0.5798501785098206,-0.38382076470758725
7709,-1.0325012614433628,-0.35245075455746366
7710,-1.0959054423282082,0.18361373098683081
7711,0.5422964187741753,-0.2776931136701723
7712,0.5697499637437291,-0.4980184776314336
7713,-1.1600023615347281,-0.20652705034452448
7714,-0.5780230293935001,0.3178383230232821
7715,1.213872410763324,-0.1955839471321665
7716,-0.3698455405492529,-0.3414439298134761
7717,-0.39290600102749923,-0.5165526170381075
7718,-0.3745883251079937,-0.37186576361685536
7719,0.6719841187835015,-0.11509493416676286
7720,0.28273436048216477,-0.33940945766278446
7721,-0.1688463306668794,-0.47305440913535207
7722,-1.1219659473402082,-0.19993828356131305
7723,0.515260835854531,-0.3775110885277274
7724,0.11646028976967185,-0.5764225314746623
7725,2.3466146152351084,0.5261641869844382
7726,-0.3121292563338785,-0.25634268204177807
7727,0.8751166427035836,-0.23237223420004424
7728,-0.6425960441524501,-0.47848468719403014
7729,-0.2864384588707302,-0.5562033440047797
7730,0.47014350473049954,-0.39210284785208066
7731,0.04897577759583787,-0.4885637690239025
7732,-0.3536063200154102,-0.4490305967689562
7733,-0.5621008245166501,-0.4978336119171661
7734,0.32459250424321534,-0.6199972457043845
7735,0.381424797699132,-0.6270087900371013
7736,-0.07589729591892501,-0.5065958882806196
7737,-0.8225234540943984,-0.4924773399175284
7738,0.4896078689524625,-0.6135982478045181
7739,-0.007191322655337191,-0.5922974833794816
7740,0.16448251439140085,-0.40943693243669754
7741,0.1319362002270709,-0.20609565787875622
7742,-0.09900677624211371,-0.646808253816982
7743,0.9395319989527657,-0.44926651941086115
7744,-0.03768536393341702,-0.5284648584849769
7745,0.6448843464412524,-0.4565348387620597
7746,-0.45328751424290714,-0.40300121933655925
7747,0.2833373244288175,-0.5231299050227575
7748,-0.4741883682334621,-0.45067338413451885
7749,0.5088541862314009,-0.5049497717151317
7750,-0.30056896911557873,-0.5956174580084929
7751,0.39787943590876335,-0.49193771874404274
7752,-0.6639600202394478,-0.46765961858085
7753,0.31098841946505085,-0.6352406509842248
7754,0.12036068197167223,-0.5286621247777473
7755,-0.515961045845204,-0.5416404795188497
7756,-0.6659022612541261,-0.5396822682015007
7757,0.7324647319800054,-0.3154919413720691
7758,0.6944487653128841,-0.5526947314385819
7759,-0.5034371017711162,-0.6008943426646812
7760,-0.15612152577084132,-0.6225752959224561
7761,-0.4560828022770235,-0.25834155767250666
7762,0.16849184294116357,-0.5627451883511629
7763,-0.14315813226273513,-0.5429921062013068
7764,0.48131954946799893,-0.5041831119789307
7765,-0.5464065263642945,-0.4438052820306513
7766,-0.06276467906829301,-0.5552973850132394
7767,-0.2507630802692223,-0.5602092310413671
7768,-0.6968828240063248,-0.18878016481862325
7769,-0.5610912249493536,-0.08530358475393311
7770,-0.5162162363501583,-0.3515971796625129
7771,0.43990496564776566,-0.3833152214541061
7772,-0.3411094974193862,-0.4221639575265051
7773,0.8997700502374917,0.03118156090437914
7774,0.32995196449258346,-0.5230978890829905
7775,0.08492329630989752,-0.4941793127945625
7776,0.10930833311242245,-0.5116979600336584
7777,0.31103645257454465,-0.5336219578437568
7778,-0.2710888217031438,-0.3188198120171722
7779,0.1765147953477733,-0.5418064322831364
7780,1.7525561835471704,0.15806673744411132
7781,1.1062845367127392,0.6056303463132823
7782,1.0706992899858836,0.41789208924125854
7783,1.3308627684913683,1.049224609418179
7784,0.1577046576769277,0.18920593240254038
7785,-1.8500576025782631,0.6941655689948716
7786,0.40908253872063005,0.061870201673889055
7787,0.31505784526219505,-0.1805587185149879
7788,-0.7257515070485243,-0.3256091200024809
7789,0.18627869722753068,-0.29800804861400004
7790,-0.015182072862939353,-0.32101834941701757
7791,0.009327162065077776,-0.1761417679678541
7792,0.4804509938922124,-0.27461171789615124
7793,0.4789988449631513,-0.3539100740451604
7794,-0.414361080475888,-0.4583364767867236
7795,-0.14716677972113001,-0.5500639314068143
7796,-0.27406492447823033,-0.5338842122779001
7797,0.36507091051807633,-0.4591042183820552
7798,-0.0034168191816369344,-0.5720480050425202
7799,-0.0006446967689620563,-0.5258188094780438
7800,-0.11854986710931271,-0.5842311652286752
7801,0.31416708038391705,-0.3511493592260276
7802,-0.27987292766120286,-0.4475551989645012
7803,0.3675730942469564,-0.425965764368752
7804,-0.0030548941771613466,-0.37098079219704333
7805,-0.7013659469048585,-0.2834596148240785
7806,-0.9893878118615609,0.5723096093100927
7807,-0.7197157358437993,0.39337946602841256
7808,-0.7945132486910673,0.48185420708652144
7809,-1.39564235565107,0.3894767319552107
7810,-3.0172496449386426,2.799576474068677
7811,1.307044878063561,0.6404313254162793
7812,-0.1619451644012842,0.6966995983765352
7813,1.0954080522082872,0.3306920555721356
7814,-1.6942026006822262,0.3276463107695654
7815,-0.7873344662701209,0.6634174119645783
7816,-0.40275459131327046,0.11445696272685954
7817,-0.39098923695794197,0.2238208223975149
7818,-0.5256659761332629,0.08141557829641073
7819,-0.2547123302178313,-0.12089605789706306
7820,-4.294856554987155,11.41021471106798
7821,0.5872332788779635,3.7606545835464287
7822,1.2324511201093598,3.0606935766382684
7823,0.33004806328145875,1.3991490721038313
7824,-0.47533160374447814,0.33590825592871826
7825,0.21775735853160716,-0.1452725861274805
7826,0.09125599326131224,-0.3742782037792712
7827,-0.9801581969233681,-0.030406462427176824
7828,0.5309135704088865,-0.3667123461762821
7829,0.9686581678055349,-0.34595107999826863
7830,0.28035282437892656,-0.12982243382720635
7831,1.4645015352719666,0.08715546499306477
7832,0.19091927150603175,-0.12660933771631097
7833,0.1900289523406289,-0.32378562113022646
7834,-0.2645008830842606,-0.5572112211576402
7835,-0.668281235081686,-0.355738035998638
7836,-0.39003195625829323,-0.4754516348837622
7837,0.49325607057170334,-0.4375444068511343
7838,-0.6513134906538705,-0.46382632457671713
7839,-0.9772754524374421,-0.03486656680640149
7840,-0.4849599564620745,-0.4834905820063769
7841,-0.15194507936285792,-0.3144764394771839
7842,0.01610651341314298,-0.4695001360458037
7843,-0.3476801576557859,-0.47044348878447095
7844,1.1811952656334954,-0.37781918264220915
7845,0.5821128857550408,-0.42578045651097907
7846,0.0881141991273033,-0.6355910095484029
7847,-0.29163915320676825,-0.3348121350319972
7848,1.0609428447457887,-0.22025292559483292
7849,-0.16159775324583883,-0.4683266707360663
7850,-0.4401349603020922,-0.5319774135866049
7851,0.39608994226554867,-0.43820662586823134
7852,0.32984382578611354,-0.568311890575468
7853,0.6153650145427821,-0.3057267792601259
7854,0.016110492247574958,-0.41361938221128924
7855,-0.7220632051522875,-0.41328113561760654
7856,-0.1699595818235236,-0.6129912065765172
7857,0.3941162851587337,-0.6446102578908253
7858,-0.03873407116344764,-0.6475326963483687
7859,0.2784979173023514,-0.615607433833645
7860,0.4366238565245707,-0.5534479377645961
7861,-0.055938536001572496,-0.562851256801494
7862,-0.2722827312892256,-0.5279401722632253
7863,-0.24224469867316556,-0.552487068193306
7864,-0.010539956213156062,-0.6308894621641465
7865,-0.05737087052376531,-0.5369755402874915
7866,-0.2566392132874594,-0.6369179085899799
7867,-0.17499496213042554,-0.46446626874047153
7868,0.6852726178051753,-0.3388873317010969
7869,-0.44466037111912204,-0.5386165754193997
7870,0.4893167911202245,-0.6278750286714703
7871,0.017007697930397893,-0.6317607934657437
7872,0.1826414741542076,-0.4332431288932436
7873,-0.3282154058548781,-0.5826191812281557
7874,0.20091035966851992,-0.5991583328267366
7875,-0.8938623657613913,-0.17247787219294042
7876,0.3108685636885574,-0.467833371448635
7877,0.03550565530918664,-0.46539162765521047
7878,-0.02215296732360721,-0.5174936401583535
7879,0.11605221585024596,-0.618280865736094
7880,-0.05675366202503733,-0.567030673503487
7881,0.5901132540441796,-0.5258730077922773
7882,0.9008453989837094,-0.14440314127780335
7883,-0.6025365649747285,-0.3142259347845826
7884,0.08675509196109898,-0.4143452072560549
7885,0.26111748835539067,-0.4787335356679061
7886,0.06903642509917582,-0.46422002003057306
7887,0.4386325170615832,-0.391544647511506
7888,0.07058612472523133,-0.49962361696538604
7889,-0.3598148466012328,-0.4784829305857184
7890,1.359431629603919,-0.4486130300011026
7891,0.1903158583561089,-0.3390018185002194
7892,-0.03010037261334753,-0.5698398335856675
7893,0.04205203792855968,-0.4603812426436669
7894,-0.1809909990688853,-0.5717930315871846
7895,0.19871139693978387,-0.5982730494597337
7896,-0.49712971394405964,-0.3701289397801995
7897,-0.47054884524663515,-0.49452664075988
7898,-0.41852533284852134,-0.398325214167101
7899,0.14763005990445885,-0.6056009028627032
7900,0.027154331768392635,-0.5514729627466367
7901,-1.1382665449380307,-0.23379940074726085
7902,-0.6437187513503384,-0.18393482430485583
7903,0.02686710801710585,-0.366832600386
7904,-0.8178810334814542,0.006179983138074328
7905,1.1276734710774758,-0.2524224163328505
7906,-0.8290873882150348,-0.2662407010172446
7907,0.12222548837610378,-0.45096540783204553
7908,-1.0391096191558407,-0.2004215020111905
7909,0.4500694547350647,-0.0879990674209219
7910,0.5106958960377741,-0.39904236602537174
7911,0.010675783707230288,-0.569516955917076
7912,0.46803565134325664,-0.4736045388271467
7913,-1.140536182628515,-0.1666352391759135
7914,0.38330167727710496,-0.462976062256053
7915,0.43016118784665014,-0.383040674273746
7916,-0.9413882754880692,-0.26883778797334007
7917,-0.9378561091980779,-0.13537606662333387
7918,-0.3380167493081891,-0.18956348920742153
7919,0.8205283383299472,-0.34875260549452414
7920,-0.29637927256157176,-0.4436073039283803
7921,0.10003407973739847,-0.3250702824212135
7922,-2.374977015921503,0.984710895487629
7923,-0.1244545570977338,0.35048134527202285
7924,-0.23824919479421264,-0.368065325043139
7925,-0.33380736168858166,0.35370557176819195
7926,-0.7735345586225757,-0.23680056526525145
7927,1.0808931727906388,-0.10835152499654331
7928,-0.2689848301266476,-0.3576449899704502
7929,0.9899507053644797,-0.2540691387655482
7930,0.3887908453563222,-0.13186993109114092
7931,-1.3190154947763053,-0.10696799413674361
7932,-3.3362479225538966,5.635927606337534
7933,-0.8790335131371124,6.495563119561882
7934,-1.628510970254743,0.9248446275840299
7935,2.2384094962016445,1.19177416318154
7936,0.34142473727328654,-0.08068281020620782
7937,-1.1501472340466588,0.028270377956241717
7938,0.4878448686154324,-0.3192596349168656
7939,-0.46422182348261176,0.12098141775198408
7940,-0.7368017288913544,0.00926028752990199
7941,-1.0910633182060812,1.883948695533871
7942,4.356876316175916,4.640144856151667
7943,-0.6826944332867076,1.845068467252688
7944,1.9736466025662867,1.2838117277449004
7945,1.5308385655464856,1.4897256653910051
7946,-0.1956555727548074,0.2834069730195747
7947,-0.01740358593915388,-0.22525957820289366
7948,-1.0321016421133864,0.003379334134307475
7949,-0.45153677486315386,0.4550987112232964
7950,-1.239022304165062,0.1727470372151992
7951,0.07978138763357485,0.039443878800367406
7952,-1.3925199973823577,0.45894539942092655
7953,0.11085528528082636,0.5908846085527358
7954,0.4361555537387352,-0.0915866588703992
7955,0.24788757871054556,-0.27883213778923205
7956,-1.4358138082817633,0.05220989346063165
7957,0.515892651505303,-0.3676618961918947
7958,0.38969851001394856,-0.4038069898543405
7959,1.973622611245783,0.04605984553621258
7960,-0.3939914864337803,-0.4757896090861805
7961,-0.5380865342714806,-0.3905886235801765
7962,0.5748501191969617,-0.4419423997257598
7963,0.7262605894681478,-0.3558479850549467
7964,0.30300073738857997,-0.3420723631846432
7965,-0.8220032127172715,-0.49927180905459406
7966,0.963328563443743,-0.36394273182814385
7967,0.5076823120079724,-0.38057660182613967
7968,-0.3274780940498163,-0.49917628256779994
7969,-0.3275037181700551,-0.5194974416735986
7970,0.2703348057151812,-0.5698977950209525
7971,-0.5094883556567925,-0.5385292281165478
7972,0.017258922440625574,-0.5064675157332291
7973,-1.2392263910453074,0.06438474555778122
7974,0.12380478768341664,-0.3514355209253545
7975,-0.10487609052661703,-0.2544087333289805
7976,0.46381469968956424,-0.4801341327784281
7977,0.10766176126144232,-0.41032034045413085
7978,0.11522804298477957,-0.5251307142821657
7979,0.090482479370448,0.030016854772889255
7980,-2.0622049743986635,0.1857419430917854
7981,0.25264101187220933,0.038232701640915946
7982,-1.596729318432852,0.365068414090677
7983,0.9795243028263452,-0.22532233725497008
7984,0.2066752016430263,-0.11837947876033708
7985,0.7419428383811421,-0.23624732080375846
7986,-0.499572223091463,-0.3035376329595808
7987,0.7387416574750033,-0.395149877901958
7988,0.11821677446742752,-0.306206657112026
7989,-0.3192770063403851,-0.17855100992523096
7990,0.32372089080854394,-0.38303178157780293
7991,-0.015509656962798365,0.01765030580430429
7992,-0.7818189759725167,-0.052403195291887375
7993,-0.44094851326311424,-0.42818886677956874
7994,1.2136660704926228,-0.23949219525518964
7995,-2.5152775408599988,0.9690963056439841
7996,-6.086096886847321,10.255903351590272
7997,-2.8416661000378034,9.049961857287178
7998,2.112851146998303,2.800666130940305
7999,-1.401237451455277,2.436022492116114
8000,-4.54914641183946,7.424517779961654
8001,-0.18699528586959235,5.171933989528867
8002,3.515042693023821,5.035195755084236
8003,-1.1111838980074134,2.123482858721798
8004,-1.3039320382641664,1.078630371417673
8005,-0.3462883569445918,0.3848513842679917
8006,-1.0809136413744103,1.091988065810587
8007,-0.11405525972732106,1.3980893500418665
8008,-0.5315356060920209,0.4446712843286415
8009,0.6378397342202266,1.2094176578009987
8010,2.239944753564413,0.2636307298236155
8011,1.6273235161233968,2.222543384077689
8012,-2.394108109055488,0.7606266574854258
8013,0.9866375072910123,-0.18066948015503542
8014,0.18320495486371874,0.12106580337225706
8015,-0.6340651919504251,0.13781746295835093
8016,0.5621246377054332,-0.15470712402272083
8017,0.16796045275204044,-0.5106220236506951
8018,-1.2031416360428764,-0.008140081520735991
8019,-1.0482464731175363,-0.014262461064910933
8020,-0.30697576334458354,-0.13251159965254844
8021,-0.37337175338231643,-0.2850750182923318
8022,-0.455890200749035,-0.2009133961008727
8023,-4.395984581800347,4.524535544285215
8024,-0.029472622828059864,3.272471502454837
8025,4.001544368105888,1.5387351608948165
8026,1.7630077563522486,1.0083925180184536
8027,0.0659001234564566,0.5740023677822398
8028,-1.780682489441772,0.32518749272653796
8029,0.8800264714740784,-0.11911322181964178
8030,-1.1035094539036407,-0.33396876747584786
8031,4.680484863248593,1.7373730932146432
8032,-0.05359041672359069,0.5656878228109932
8033,3.0061341027259387,0.8603917672688233
8034,0.42545760624770873,0.13705458209641921
8035,-0.6523394461121222,0.3328875286093217
8036,1.0635758109332498,0.3594710978488316
8037,-0.6590493221705161,-0.10225638351790836
8038,0.35070444414917723,0.01241039739865232
8039,-0.3871985227502063,0.5452444831264612
8040,0.5563504007242079,-0.1990147999032887
8041,2.1947613654592644,0.4214852506962765
8042,-1.336936784249071,0.35308865802832595
8043,-0.2510845630248903,-0.3888917482883711
8044,-1.1123339698752317,-0.2801885578656435
8045,1.0263157552529012,-0.35804580141534037
8046,1.8202290835753585,0.07996851524699014
8047,-0.4894430005868301,-0.35792745873946263
8048,0.7242208956048523,-0.46675949618395124
8049,0.038423275781604004,-0.32132843790332394
8050,0.2728397287850616,-0.4834419876412296
8051,0.5460627986144858,0.06644391447059064
8052,-0.6327005703448166,-0.4244345352465088
8053,-0.3893228907512877,-0.38078630381146256
8054,0.512246539574646,-0.48290736549483027
8055,-0.13828857320506838,-0.47076487319996124
8056,0.9883200058688077,0.03543082782652016
8057,-0.3263485657078139,-0.4670225330667823
8058,0.056925374605663444,-0.5043042258854548
8059,0.5477513733748409,-0.25589245207867145
8060,0.28412084069972554,-0.4641874561256633
8061,0.09333328198738781,-0.3746297042908021
8062,1.1443112266560442,0.2773171840672138
8063,0.4952847543079831,-0.08327457624283797
8064,-0.694449563137078,-0.08840062142580722
8065,-0.09223629849775933,0.1724628361696786
8066,0.72669596057517,0.16715938563681573
8067,-0.20812455681995765,0.2013537439523892
8068,-0.5399387567532895,-0.3969685444248923
8069,0.1273658765182699,-0.2967275333551561
8070,0.24862396534720002,-0.37334046880671873
8071,0.4225420757837418,-0.3198588694401208
8072,-0.5059872344491627,-0.5100052685929138
8073,-0.5372864048275682,-0.3661380811753295
8074,0.35714042774346444,-0.495025730712159
8075,-0.5590326863745825,-0.33591164279191915
8076,-0.976895605767125,0.03456407189114442
8077,0.2141490680279521,-0.33314150875355325
8078,0.2380300630055757,-0.4036432756718429
8079,-0.3546147062273332,-0.4064170230923309
8080,-0.7095894714125472,-0.4239145493921098
8081,-0.7248790351200936,-0.3902619174481604
8082,0.8646665826808613,-0.3327887419624231
8083,-0.25124714125831166,-0.2848073733606187
8084,-0.7270239170932691,-0.31800184530287817
8085,0.27959462082861253,-0.4736890385956379
8086,0.3410200432979825,-0.16247081188163526
8087,-0.4155536641121837,-0.34734613961445404
8088,0.013858972676901614,-0.4876533888284061
8089,1.5393473849055253,0.060323539655241905
8090,1.1632092877904023,0.033315986982272824
8091,-2.266189480135074,-0.10825619909012571
8092,-0.5224849843562275,-0.188262705130417
8093,4.751743862885569,4.853267105829545
8094,1.7315686348638017,2.7919794180452957
8095,0.17895029990284528,2.7635575646841093
8096,-2.597924281361946,1.3428483856751972
8097,0.1294546035803199,0.23478237492173715
8098,-0.7992096992045465,-0.2677376884358031
8099,1.451631362842426,-0.0948924884755132
8100,-2.608195847312251,0.38079980140169123
8101,-0.2591909487065218,0.5148594764864501
8102,-0.6924112902766336,0.36527938548531574
8103,-1.4524528767560194,0.7476369724818888
8104,-2.8637365953398626,2.90119708975519
8105,0.8659310507697991,3.2396622414779404
8106,-0.0016494189676175225,1.6680013227799193
8107,2.5759063683787446,1.660397179323432
8108,3.8701911717026234,2.7063920445372043
8109,1.4024454942933788,3.525004420578309
8110,0.10946869431761913,0.3713669964182993
8111,1.8510215427376016,2.4757370242331804
8112,-0.624402459240312,0.7951199829247421
8113,1.4145271128861205,0.8660835631210247
8114,-0.4254660988719981,-0.15461220025245848
8115,0.6008678039445378,0.026074518989156234
8116,-0.39309053271901256,0.07346605974979538
8117,-0.7620924179733568,0.45275569358468637
8118,1.3791135809783661,0.11650218733439478
8119,1.5789595232845162,1.573002949702359
8120,1.858745020331915,3.219284097519677
8121,-0.520058340530663,0.5581868568879926
8122,-0.7558186966833745,0.21012901123227193
8123,0.25017264263443645,0.5316830105736464
8124,-0.3278128095797636,0.6208168199417505
8125,0.06718007150073525,-0.3263722002762566
8126,0.19901968207959633,-0.05307436944521377
8127,7.488683045001758,6.228657773754144
8128,2.6776614527953244,5.073285907511533
8129,-3.0838506123227423,3.133298118167639
8130,1.599166407118736,1.798292240782782
8131,-0.6251760770979664,1.059890719931883
8132,0.036436168585585356,0.8451570266643595
8133,-0.09769958869079333,0.4987778186598623
8134,-0.35821857517306327,0.25734282022633753
8135,-0.35118687025028456,0.01719168238179393
8136,-0.4594958806836246,-0.21644656165573062
8137,-0.07313285091092521,0.22822915097858798
8138,-0.16524689993106992,0.4192927671383239
8139,-0.01110142400691894,-0.5152549104322312
8140,0.38283680754155025,-0.26282222802943495
8141,-0.4746973471452859,-0.38449137231389247
8142,0.7286887231169169,0.06271246769693802
8143,-1.7764956677414068,0.32338400125141525
8144,0.056646289463030484,-0.1832116679375127
8145,0.041377239438121445,-0.3275628287813157
8146,-0.6752519133557977,-0.20345880232546731
8147,0.5677489843410857,-0.18010201093731595
8148,0.6539080955557779,-0.18308619928905595
8149,-0.4279363866040993,-0.430413706137428
8150,0.24271050458726856,-0.41392129764525487
8151,-0.4100276833573031,-0.3801274846975547
8152,0.3464701562708268,-0.5049999530653162
8153,-0.1679710455322182,-0.40437271311539646
8154,0.15248339189490773,-0.5189196264245228
8155,0.9309084622959147,-0.18963504703316003
8156,0.670367058704584,0.4956302504546716
8157,1.077913777472233,0.49449656033454864
8158,0.6131774685288677,0.47077733192263077
8159,-0.5791767289446708,0.13153546813406397
8160,0.49266371400315856,0.017300007421362115
8161,0.8249401216951111,0.6193609750660019
8162,-0.28055442974845174,-0.24982397206421225
8163,-0.6795252102240308,0.22605276458523585
8164,0.23148095822080045,0.3126754178508624
8165,-1.675044658967287,1.6099910468150105
8166,-1.1304643108833246,0.6868090444199932
8167,-0.41209195912333496,0.810440888352131
8168,0.7890563056666668,0.39182191724324983
8169,-0.37821046151387194,0.24979493281692614
8170,-0.11531906556346207,-0.47952938875463796
8171,0.2290230039825527,-0.30452319946770856
8172,1.754234314223119,0.17134423477330307
8173,-0.9160420249356208,0.19165328169349113
8174,-0.47490003919059204,-0.47236951130866023
8175,-0.1721378880604492,-0.38732308263830745
8176,-0.0941387095349833,-0.4871231886595885
8177,0.09766466952173909,-0.27010445492425206
8178,0.2931867375995341,-0.4579947514314739
8179,-0.46479424184921536,-0.06436217133563044
8180,0.8326939570385875,-0.03174109041754338
8181,-0.611829435426411,-0.37475256869365764
8182,0.324935153978684,-0.48820667476503127
8183,0.2943956538881756,-0.3399392384836157
8184,-0.8243412932070946,-0.3059318042916263
8185,0.5728376529557931,-0.2005965892797823
8186,0.01584786023518721,-0.3760548386871299
8187,-0.0019276833722436475,-0.408034977085197
8188,-0.39561604497217256,-0.2477265435950868
8189,-0.10866373059810996,0.3614209077349843
8190,0.1001035120433695,-0.23492802455244213
8191,0.7680221636338769,0.34713935589648537
8192,0.7436108571956741,0.7450295310267274
8193,0.8547263541796628,-0.044168251525379065
8194,-0.7877337152702512,-0.05465858050855786
8195,-0.10535123283665752,-0.10333026267273758
8196,0.3023858005986732,-0.11987385324813465
8197,-1.447847810806567,0.13614717610847288
8198,0.6655376121769911,-0.37349723150529146
8199,-0.020485364349516227,-0.4995001875150849
8200,1.1193349003970243,-0.17840515282826674
8201,1.4252778374488198,0.3473892946160564
8202,1.4218434628875116,1.2330388993767836
8203,-1.7000050023499318,0.7207468741178891
8204,-1.31906230326296,0.2723083554456648
8205,1.22768091027052,-0.34791452755574
8206,-0.16222271427770288,-0.49238210509972125
8207,-1.0753350096705665,-0.3400785557097267
8208,0.17503403546555443,-0.2679327505975468
8209,-0.46607711957901676,-0.4846219310370293
8210,-0.4244230688693434,-0.4571159674865323
8211,-0.5507901762404153,-0.2937681818785704
8212,0.27217571016796843,-0.6216468922984879
8213,-0.1942095537979257,-0.6144176406494173
8214,0.462352419534101,-0.38250432759226594
8215,-0.4502576431302598,-0.4344870065136248
8216,1.291160138113882,-0.5230102244511184
8217,0.2830102248854843,-0.4768458636120664
8218,0.9091148553301506,-0.27782839708855217
8219,-1.0354507165537865,-0.3845603157961376
8220,0.5982366225630954,-0.5797765955908405
8221,-0.19215537833537302,-0.3945313333900042
8222,0.47091586128309754,-0.5234849557499772
8223,-0.6747832734552448,-0.2815206174354562
8224,0.0774067598247205,-0.6348383322907384
8225,0.18777449982144148,-0.6370054887297886
8226,0.3407291932898597,-0.5991369199248076
8227,-0.9277471578156988,-0.4445627282167277
8228,0.00181259920034012,-0.55112225872601
8229,0.5579579456227484,-0.47039874200937476
8230,0.82583540664295,-0.5327108715664466
8231,0.7747105699189911,-0.3000609595249456
8232,-0.8259531822290785,-0.3220890344826742
8233,-1.0060254244919664,-0.23192033742312684
8234,1.9403299198540576,0.04445528723381554
8235,-0.25486502533841815,-0.4319576693959223
8236,-0.806576704100805,-0.22755191094529384
8237,1.2287150825099271,-0.2080960695056423
8238,-0.3151705192215168,-0.517328097629657
8239,1.178787386466682,0.13450664316390207
8240,-0.7187693649468133,-0.31993052894357943
8241,0.03523827526717511,-0.6221710310136077
8242,-0.18447122036728916,-0.45564127577849406
8243,0.18883075852843523,-0.5020211957667312
8244,-0.13024904570007115,-0.44148816746711617
8245,-0.5056209923791165,-0.4901791051175721
8246,-0.5664336771079468,-0.35415930523172057
8247,-0.2733683726353861,-0.46273302181241505
8248,0.3600340540736226,-0.5068340135695135
8249,-0.9821911541553431,-0.2031109854135945
8250,0.22418248488433254,-0.5085901228538061
8251,-0.016271129168672415,-0.46181003482379
8252,-0.13173765955534933,-0.4448452938699742
8253,0.1683613248244839,-0.4540826533936258
8254,-0.08625427671596463,-0.5605150683382681
8255,0.006813124530176028,-0.49984895900005394
8256,0.8449100860835235,-0.35676664517459217
8257,0.1925301471590861,-0.5841196803353551
8258,0.04942629551591884,-0.5789265420776688
8259,-0.24557351063108435,-0.5016187586520721
8260,1.1571471048763766,-0.3457826364814472
8261,-0.09264541960269877,-0.4437525030287061
8262,-0.3145445952607758,-0.23239243623078445
8263,0.020288095333744996,-0.47751367375614323
8264,-1.1716417843972133,-0.045586519260320174
8265,-0.46321933212469374,-0.35953545575754403
8266,0.9427177154952294,-0.05944614187444474
8267,0.5543862174515352,0.1585902587084408
8268,0.16021258578781472,-0.5229545382727845
8269,-2.0506405703425954,0.5040162777630994
8270,0.6605401046810672,-0.38450299853825154
8271,0.14712668110907773,-0.3928441031935583
8272,1.3212794739737115,0.06121890674821253
8273,-0.601533609302801,-0.34224340445246604
8274,0.4093566113047196,-0.5041233099896878
8275,-0.4854774355298471,-0.47710460026056556
8276,0.19254676457642697,-0.25658875100149103
8277,0.9284383745463234,-0.3982550683951576
8278,0.15964310521061806,-0.20627642125439727
8279,-0.8507292377551994,-0.277720454053117
8280,-0.25086948778377066,-0.2776481063830763
8281,0.21980615184835867,-0.2282934076356064
8282,0.44923304447022205,0.12297929476187631
8283,0.7240860097777259,0.1563447225028391
8284,1.614261148330151,0.999704001064456
8285,-0.20007903134709787,0.38976736570706655
8286,0.2751581748634627,0.4177715939904165
8287,-0.6616853179147599,0.03830734572355623
8288,-2.0947955828184677,2.219856139300983
8289,1.171549791422097,0.7367220417115047
8290,-0.3016015343963906,-0.08963391016890644
8291,-0.9147506648071767,0.25619629934404553
8292,-1.7440107857272396,1.6528305173679125
8293,-0.6360953046104058,0.6286321814911611
8294,0.26165851231727044,-0.2359743747812001
8295,0.7739229151535245,-0.1734051819603085
8296,0.2965892476038424,-0.2771930109504127
8297,-0.7685893741111043,-0.13643217561747586
8298,-0.1340021073003145,-0.32011207478205567
8299,1.2517448688575332,-0.2408782815414758
8300,0.6375725096837196,0.0018905883626859758
8301,-1.319264024877437,-0.3043722466477566
8302,1.4307643662516292,-0.486566617017595
8303,-0.14112250817648175,-0.5870724653548661
8304,-0.34987124463760294,-0.4295817270374028
8305,-0.14951624387212098,-0.5338168623488332
8306,-0.05422670959390973,-0.472965427414927
8307,1.2678764268978748,0.13541355268163363
8308,0.6131045444565586,-0.26999619888507503
8309,-0.5838942798565632,-0.3656406235898921
8310,0.2986553698091091,-0.3979810169312942
8311,-0.41144814159970466,-0.6016646193311715
8312,0.11307538353428208,-0.5220321465200051
8313,-0.19807001040853828,-0.5639442402865155
8314,0.7247954067549871,-0.4860215872648008
8315,-0.6290344488851669,-0.3354490444815182
8316,-0.5003681153965213,-0.31211418138210106
8317,-0.08117511554673923,-0.28551150683382936
8318,0.13520353369180865,-0.6263080511858591
8319,-0.5827916681664904,-0.5173232453302017
8320,-0.5255782957425943,-0.4526611946484611
8321,-0.402461936656926,-0.38300636111225106
8322,-0.023435813734436137,-0.5160171066673233
8323,-0.13641078229744397,-0.4838811906434114
8324,-0.2357862282544877,-0.578695628402895
8325,0.426352247136106,-0.5818848263142042
8326,0.2738460355333315,-0.3998571468184402
8327,0.6380984678096887,-0.3151060716233062
8328,-0.29658455778377046,-0.41915602532721274
8329,-0.2455486575053343,-0.5928019877172334
8330,0.04189879652660296,-0.5339966974412248
8331,-0.22616577886360556,-0.5541745407581609
8332,1.0039178169867713,-0.2810292941030954
8333,0.557940069654698,0.8229376567473127
8334,0.20666188225589666,-0.6394227948120191
8335,0.5112635680334785,-0.22566091155824483
8336,-0.3347157302196432,-0.5336006659697814
8337,-0.38597642032958207,-0.5011607095347229
8338,1.6283697538023019,0.8706649907841375
8339,0.22628973833367028,0.7191879978785803
8340,-0.6923158764149021,-0.04155787199432137
8341,-0.21208741475825313,-0.45880439940695805
8342,-0.06333208984760294,-0.3538530753861195
8343,-0.4032110390019276,-0.3406166424586657
8344,-0.4221143295542506,-0.4675741628625866
8345,-0.10722706679851704,-0.39007011083529425
8346,0.49478753209871307,-0.40479750052615393
8347,-0.27719225156950567,-0.36292613342792024
8348,-0.6402455744159782,-0.5392878416744605
8349,-0.37026424636010913,-0.567055143822236
8350,0.40324868086475035,-0.36921608823805346
8351,0.44328703768955496,-0.34302240132090955
8352,0.0031044030542308316,-0.5849816419719754
8353,0.12145999087392018,-0.5601788978943477
8354,-0.01567638282781689,-0.588688281303942
8355,0.35035162934629005,-0.4729495392728306
8356,0.5422542501812454,-0.03863344037446343
8357,0.197552389126709,-0.3119635775498865
8358,-0.7686264407727224,-0.2556100261805891
8359,0.8070133812240226,-0.26073340367522313
8360,-0.7701514154438162,-0.22070303494674887
8361,-0.24806265429631935,-0.3433777965069931
8362,-0.11271995733348476,-0.5956245116292522
8363,-1.629808510016085,0.13730452087027617
8364,0.2393774182595442,0.0006510162292387877
8365,-0.4072721407973089,-0.2684027759040726
8366,-0.37375349536652175,-0.39946588570522185
8367,0.2912941473553275,-0.20289782974614484
8368,-0.13660409968718085,-0.5138032004491304
8369,-0.16938870543886003,-0.21616615408410036
8370,0.07372777893584513,-0.5231090027911631
8371,-0.09597749879103551,-0.6063633493085343
8372,-0.48141275883052176,-0.16732677082582098
8373,-0.1970333498904357,-0.4303158906605257
8374,0.3162282896061074,-0.17612841933963233
8375,-0.34750917821252486,-0.48318833798778227
8376,-0.23055330781865763,-0.39419199946915456
8377,0.4257424554825248,-0.3299589437316038
8378,-1.1988023734706008,0.09977973016499701
8379,-0.4700712948274308,0.13291666568198993
8380,0.24176660526315055,-0.08084164017481078
8381,0.4005205178771698,0.8612987644724883
8382,-1.4125498174900986,1.4420245409370334
8383,0.2638504233271579,-0.079393694737708
8384,0.9841062524372786,0.056312122150936623
8385,1.232284788497764,0.16949427555439373
8386,-0.5940537854174204,-0.30239201949687616
8387,-0.21476823741431092,-0.4167580056409987
8388,-1.3328245507107968,0.332171469125813
8389,0.5414351265552374,1.2644005761074157
8390,0.8549148135017666,-0.21413433970540127
8391,-0.40715204821955614,-0.36835056806840855
8392,0.17557214238630361,-0.3623827908166516
8393,-0.13472302639737951,-0.5244438437708615
8394,-0.16563473541047538,-0.4816066029137872
8395,0.012198722224346545,-0.4122309796433388
8396,0.5042087639088112,-0.3774323020276601
8397,-0.06129162571439644,-0.4143046461506378
8398,-0.6363040902166206,-0.42786349620810493
8399,1.3998981738811338,-0.12452026183153934
8400,-1.0473938827854516,-0.29676200744456577
8401,0.037449245260665794,-0.4984511833624093
8402,0.11924699195528045,-0.5654344534413166
8403,0.03170593497276944,-0.6084662584234987
8404,0.4596595201814659,-0.4812204050964655
8405,0.6309105056960961,-0.46981587690187276
8406,-0.3938841113604366,-0.43791348778118744
8407,0.450368103359849,-0.5010669997961645
8408,0.27610908735224043,-0.5649832446801403
8409,1.756708629864103,0.42399703552786316
8410,-1.1017207947547132,0.03244807584153912
8411,-1.653695979927566,-0.1834543336747849
8412,-0.34052437591713575,-0.21843097691246668
8413,-1.2345716260127966,0.3900608964813283
8414,0.4663593801554247,-0.40533111296015994
8415,-0.4139283473754065,-0.3744635834606875
8416,0.29389832793883613,-0.3437790704428783
8417,-1.1135470793617415,-0.39938645276875734
8418,0.04381835603506079,-0.6393182693369445
8419,-0.40713444994997683,-0.5528832644677021
8420,0.6202755919610675,-0.5120600404734839
8421,-0.20810729452910118,-0.485284619651614
8422,-0.054664939844730975,-0.6166056386606388
8423,0.14186383809333444,-0.5282962808825165
8424,0.5629621154233856,-0.5233311338966843
8425,-1.0020523442737705,-0.08628458905404061
8426,-0.9076770425112027,-0.17135622697650577
8427,1.8255761029753586,0.576861973782754
8428,0.37018029436981936,-0.3132389296698034
8429,0.6148833618660858,-0.3969790523197838
8430,-0.2049547380985275,-0.4402088961175874
8431,0.521141094982782,-0.5338351491567566
8432,0.0013794997502645043,-0.4735497917057577
8433,0.30432124595241616,-0.42446726324609796
8434,0.1070403843614577,-0.389101307344659
8435,-0.5307133644313778,-0.15748058623227015
8436,0.7928073455169283,-0.3592618352710511
8437,0.3390792368900176,-0.6065825708982162
8438,-0.17929824876139894,-0.4353778490637119
8439,-0.25730607960545004,-0.48657070993716395
8440,-0.020077218292879624,-0.47610978423438816
8441,0.1805755766147851,-0.4288450021853681
8442,0.049046850411834014,-0.37736092213470906
8443,0.30680748584128403,-0.5616679920244926
8444,-1.1744834132406217,-0.38089474593551614
8445,-0.5055327228194174,-0.5120669430667322
8446,-0.29230260463979507,-0.47052586868044993
8447,0.3637056948808066,-0.4280927461009315
8448,-0.2234912486510516,-0.5050978014839909
8449,0.9104867310189659,-0.413021066877927
8450,-0.1918803719678214,-0.5520710511281852
8451,0.7605240970382424,-0.5194533444204084
8452,-0.6005771624292812,-0.27328190609231523
8453,-1.4210630060693485,-0.07710979860389074
8454,-0.19953415594173227,-0.19924736709698937
8455,0.4487528383600199,-0.42938918828112055
8456,-0.5993895330092606,-0.3940789100523843
8457,0.7462583319296686,-0.3021067286233654
8458,0.6292292625115549,0.15442690399776368
8459,-0.7392749463049488,-0.36405144764398234
8460,-0.08958575818244228,-0.5046150525997476
8461,0.628933307655126,-0.2561650514044138
8462,0.18054247310400479,-0.16898127647105501
8463,-0.6508657956393092,-0.40044803034450027
8464,0.08894152107333064,-0.4563149506773187
8465,-0.03573063285612777,-0.5753571056238828
8466,-0.22295346694272933,-0.6370184095285982
8467,0.17503018759088854,-0.6192441392135538
8468,-0.4507628401878739,-0.5321716145965911
8469,0.33233236717335285,-0.5020817116038957
8470,0.06532731810410763,-0.6263760395223957
8471,0.060744970700004876,-0.5368207816827633
8472,0.8170040176681367,-0.39261319567184255
8473,-2.08791034617227,0.5712324158017605
8474,-0.37853876567656286,-0.512634575427207
8475,0.5883551238569473,-0.38678784106742914
8476,-0.5261281693357206,-0.3573447398626858
8477,0.5907887518092968,-0.2183340831341601
8478,0.24592841749907934,0.19851112937798304
8479,-0.3028405316798108,-0.0009937650825810136
8480,-0.6984877778882458,-0.019423612344845322
8481,0.2115331166085875,-0.13434103958321866
8482,-0.1887950726847225,-0.1754450404924675
8483,0.10842902117082953,-0.3038914570489235
8484,0.9113637454230267,-0.31113247253312754
8485,1.534987283947925,0.01328121078393743
8486,0.35087169019854314,0.21674572703368156
8487,-0.6308849033533168,-0.3273347820599408
8488,0.716460171781771,-0.3163255322901879
8489,0.5452921161621164,1.2369178099242828
8490,-0.031126751610275564,-0.09925831325551088
8491,-1.4306285244190724,-0.23829654242720172
8492,-0.7902366193951266,-0.3976982837561859
8493,-0.9333819376820959,-0.24371522707530754
8494,0.25789077291202306,0.09335799789366939
8495,-0.5169598483871144,-0.4162804348665595
8496,-0.7908477179742054,-0.2876544468841282
8497,-0.5548103768496997,-0.10070638803748447
8498,0.23571033617234846,-0.43939418089546256
8499,0.932614717730686,-0.21427413353265082
8500,-0.02250787733368353,-0.45244010272451335
8501,0.21756326965138195,-0.5675154793590472
8502,0.10911965566447875,-0.5395187704739446
8503,1.0697175694322039,-0.41357934960469983
8504,0.12388518895532721,-0.6330232679819304
8505,0.4930725764164163,-0.5016367644392331
8506,0.12524743226616836,-0.49206736553323227
8507,0.14086150509931553,-0.3967074341451782
8508,0.5740272035491998,-0.38437765592889794
8509,-0.3527945777375588,-0.09132811928942271
8510,-0.06216816725892567,-0.49939064087212137
8511,0.507101095501926,-0.5381743542087393
8512,0.12029975448180802,-0.4911995261526342
8513,-0.2096614604211099,-0.5379360171132441
8514,0.027669138204506085,-0.5643937340105168
8515,-0.24947340216370642,-0.4347364665403474
8516,-0.6451691451792301,-0.4873676133569745
8517,0.006415996166628373,-0.5514972113382369
8518,0.30239302675877244,-0.5311601539865635
8519,-0.6431998650319631,-0.47851809420091856
8520,0.6930548549734558,-0.5251478547058094
8521,-0.018459011403239273,-0.539062717121454
8522,-0.34287596227733,-0.5686631414183815
8523,-0.3698177522930111,-0.5339058641845001
8524,-0.1696921895164668,-0.4676101068129481
8525,0.6123813423574754,-0.4779700454417594
8526,0.7155077645596927,-0.2972548224437349
8527,-0.033739591904323546,-0.43672656465973064
8528,0.4578755736561099,-0.5396995343602294
8529,-0.13911121945775762,-0.6076940382608352
8530,-0.38695552494244617,-0.4452748699115475
8531,-0.1297514443900464,-0.61658806951093
8532,0.2640437478155459,-0.6126919445473908
8533,0.1900303157016957,-0.6204147380070862
8534,0.1689419165620225,-0.615206704926082
8535,-0.18143779956160783,-0.610815306573008
8536,0.26011388604069047,-0.5945275307062087
8537,-0.13590943395301092,-0.6447248177394137
8538,-0.13365531229485453,-0.58829780225162
8539,0.43764965717985854,-0.4170267799515249
8540,-0.35338975612291895,-0.4324330731431481
8541,-0.06121546435514686,-0.5935267443059854
8542,-0.0024195408857401145,-0.6225041224322185
8543,0.45876306667325506,-0.5390726039597794
8544,0.20352028221671625,-0.39577669260783377
8545,-0.30833229097152764,-0.5854222078001995
8546,0.22788757836637782,-0.5211947878285705
8547,-0.15838274785581008,-0.4652386515418538
8548,0.13391483236173987,-0.37161567135176826
8549,-0.06789930846032878,-0.49471048713341054
8550,0.4348305304993001,-0.5334367162372342
8551,-0.6446494947897983,-0.47791740992715054
8552,0.029168764947776128,-0.495574303360169
8553,-0.20604707783457496,-0.5429303595235389
8554,-0.09607225294028138,-0.6212532720266183
8555,-0.35966867881522435,-0.4064812158577379
8556,0.2484738134460538,-0.5066835557397172
8557,0.43777851381693056,-0.45788128972090253
8558,0.1666569098820343,-0.5576106014688218
8559,-0.02891956156217166,-0.4665470636252634
8560,0.24104942370087462,-0.5923381982838164
8561,-0.30391369343656727,-0.5047380241770055
8562,-0.056961382453470225,-0.5974551686479358
8563,0.09475273855492902,-0.5830584611258839
8564,0.013735266398520808,-0.5665103905776017
8565,-0.12228984467742579,-0.5349241016743014
8566,-0.022176136916482132,-0.5616405396978125
8567,-0.09419678159371865,-0.5623447492346522
8568,-0.42044805737975544,-0.48117408791358607
8569,-0.049316528029011014,-0.6445994860087717
8570,-0.03776307530081176,-0.5579944659353858
8571,0.1557739164806644,-0.5909004536456387
8572,-0.5501544163189779,-0.3501121044352169
8573,-0.03207642928631096,-0.5048974042364227
8574,-0.13308056035252275,-0.6129477500419804
8575,0.392709707386007,-0.4879718736774985
8576,0.3111500413262943,-0.5013345625380778
8577,-0.04326960359534863,-0.5154712588966346
8578,0.15891309857653652,-0.5970004130388838
8579,0.18004638466287073,-0.6483674306807775
8580,-0.24518171831569252,-0.5474721629775883
8581,0.448527968720597,-0.4936327479996723
8582,0.8607341274943231,-0.25861084239948534
8583,0.1647801280926082,-0.33380465988716895
8584,-0.18713950213018665,-0.33627201412204294
8585,-0.23255475358057542,-0.48949862089072727
8586,-0.2528463571925661,-0.5650627662958875
8587,0.33566599138293235,-0.60476086313504
8588,-0.2592448087506467,-0.5553297159776889
8589,0.6378848114722743,-0.49483408122664235
8590,0.7260479661148393,-0.0857213591849561
8591,-0.6189572657115229,-0.4444681709650797
8592,-0.44277031018591645,-0.3318043524011751
8593,-0.006377334996193915,-0.5837821991947355
8594,0.5032784527069989,-0.3476815491650954
8595,-0.1570865398893943,-0.49421535862329796
8596,0.11824169921637871,-0.5197863967114569
8597,-0.2921972607742543,-0.5358242680353792
8598,-0.3904848060929854,-0.49471548141309346
8599,-0.26448652390394184,-0.5484907715901439
8600,0.13754699263917172,-0.5694022992541445
8601,-0.3564479534888043,-0.5023434540923887
8602,-0.19125652877559307,-0.6078501807995874
8603,0.07997086048513717,-0.554395824240655
8604,0.26345168835775523,-0.47003310811869536
8605,0.0313551631410946,-0.6450628279942979
8606,0.6405032621447376,-0.5059722068355371
8607,0.23479160901348894,-0.35374919783471404
8608,0.2035176502716588,-0.6263330851899656
8609,0.25111419275696834,-0.5961425119256017
8610,-0.4085260118315669,-0.49060872622435814
8611,-0.26289188072952957,-0.484617334356278
8612,-0.2775048254733118,-0.6279041928232352
8613,-0.17644590920185935,-0.5847537840866912
8614,0.22754188178957668,-0.6060180709497398
8615,-0.06988576278218274,-0.5154642761660743
8616,0.5000749622055753,-0.3608869676612874
8617,-0.3415932129158614,-0.5754188967871561
8618,0.2392774304746691,-0.5046360831055315
8619,-0.31911698942737887,-0.469682254430035
8620,0.07211766203936665,-0.48555167146254663
8621,-0.5072867698177451,-0.4722302486171498
8622,-0.11894002746561604,-0.5793744343924518
8623,-0.3779289171932433,-0.5020844442392893
8624,-0.06545758302244326,-0.5452705331843536
8625,0.3904396816064273,-0.595113387287425
8626,0.102065047332386,-0.6087483091736282
8627,-0.0704070005513553,-0.5830704956812574
8628,0.16559509794805208,-0.651736212633961
8629,-0.5632685925339492,-0.42961059496589565
8630,-0.10854589133063618,-0.5715009012580665
8631,0.23877248310089685,-0.539032498639297
8632,-0.2593663369170557,-0.48680072885361897
8633,0.10902608538435138,-0.583098248111295
8634,0.134074219686873,-0.6583650728947987
8635,0.002758625827524921,-0.5559685645238451
8636,-0.0887402025952353,-0.5687551293803973
8637,0.18506048871119962,-0.6190165587618154
8638,0.2334846313151801,-0.6215034650572422
8639,0.09729182296905382,-0.4090151352543335
8640,0.10323949054629555,-0.577376209929291
8641,0.07013525086199122,-0.5273844884974139
8642,0.17933060971887257,-0.6277653654352963
8643,0.19646551698431974,-0.6602097460132399
8644,-0.09280207386025065,-0.5892516879841793
8645,-0.23006868246086606,-0.5982649732238472
8646,0.2892221083683661,-0.4554226252110483
8647,0.08700501099612576,-0.5021473370929279
8648,0.04891709767673679,-0.661076077447324
8649,0.8260355940330978,-0.3489748404756188
8650,0.048560810956382136,-0.597938500651055
8651,-0.011339993536388069,-0.43404245229837757
8652,0.26758222886333016,-0.5700339679043309
8653,0.4073225226027296,-0.38213951836998616
8654,-0.3653662449832635,-0.4693614784530201
8655,0.7914364518496821,-0.3566462427808583
8656,-0.14660016230581843,-0.2980557722019809
8657,-0.3573394405534935,-0.29033095432183326
8658,0.4915596448136999,-0.17918019808837224
8659,-0.4117232982264008,-0.4413811983060539
8660,0.16139941369085392,-0.46878512136758743
8661,0.2079568379921864,-0.5516890596930546
8662,0.7471197353924859,-0.2655412669498231
8663,-0.958828086122069,-0.29019765861991603
8664,0.2170001979001274,-0.6163120147963375
8665,-0.5510467661867723,-0.44195925124054874
8666,0.842118732573171,-0.4055439445520128
8667,-0.0993286966460446,-0.5593142749285307
8668,-0.06047927209611876,-0.5761374803399698
8669,-0.13601116909868058,-0.3801363003746229
8670,0.01886078097987181,-0.11696358184522744
8671,0.7091912904029022,-0.40905165693644135
8672,-0.3319437581345025,-0.5018794610592124
8673,-1.2093295467947007,-0.0859220408495645
8674,-0.06596024094673576,-0.1501076355465504
8675,0.10716078945697036,-0.5151565834912001
8676,-0.16885723183617798,-0.4141910857446344
8677,0.09878537825347755,-0.5597144089723741
8678,-0.6273847002121125,-0.3626839486465355
8679,0.1057803165699823,-0.35088652363663714
8680,-0.42257432480803103,-0.27752416992934675
8681,-0.05254960504778235,-0.4751997060542914
8682,0.4107394598195526,-0.4089541876938868
8683,0.01570459457909745,-0.4677917183201917
8684,-0.2743312888158335,-0.4490470825054069
8685,-0.3517654607115326,-0.4451728034467987
8686,0.8040015955224515,-0.5343513472233741
8687,-0.3547873619002745,-0.5579148426396342
8688,0.6495078634785033,-0.48392628463857623
8689,0.2137569787487275,-0.547626068820216
8690,0.06398814953274795,-0.33591546396397554
8691,-0.269279838051233,-0.47820191204229795
8692,0.13690305530244412,-0.43986843184988217
8693,-0.5485376484053216,-0.49646781351607544
8694,0.14910680109423258,-0.5541691901081313
8695,-0.26103874039056846,-0.5926692821009237
8696,0.3301375439431502,-0.6331192533777739
8697,-0.2783049294352064,-0.5867315255381792
8698,-0.31794637251414615,-0.47677798147457695
8699,-0.10079243099924096,-0.3933209418590473
8700,0.6158581024639174,-0.48084051862983096
8701,0.6570457680937454,-0.48639143860011663
8702,-0.22031002922918638,-0.42065209746801435
8703,1.5951922113396189,0.3092565882521705
8704,2.3140302099330774,3.103855388243131
8705,0.19337110436133764,-0.08579972909348536
8706,-0.32806510170513115,0.030877266445957872
8707,-0.1143502968901822,-0.07827734611381289
8708,1.0183763161010924,0.055860749785277
8709,-0.841964065080871,0.39848386018773924
8710,0.1503688977092811,-0.3807174595826665
8711,0.14096588975369598,0.14954157754874606
8712,0.6162491635097116,0.6468144631599688
8713,-0.24229061954250058,0.29011491868735173
8714,-0.15709887731819341,-0.41160262651473073
8715,-1.113736938802749,-0.020876253417508393
8716,0.2250551353918188,-0.4023688836008021
8717,0.47626583111790816,-0.4279093811387665
8718,-0.8848033180196389,-0.42464545087752736
8719,0.24839327483824492,-0.4574382534085106
8720,-0.42826913237812075,-0.4678298176345006
8721,-0.06894816313652322,-0.3334747185554214
8722,-0.5701362050227013,-0.16645608466450637
8723,-0.03264972871248177,-0.6233438878684501
8724,-0.4000179455631276,-0.4078831638504544
8725,0.568573212115828,-0.5848660206611651
8726,-0.20182216129803437,-0.5487822663689039
8727,0.06979999305531324,-0.3867738483100674
8728,-0.4279309869911125,-0.5730160334307998
8729,-0.6083130058089683,-0.19392955841310777
8730,-0.027827537860284322,-0.4698479770723027
8731,0.39165493556115255,-0.564980176183559
8732,-0.45140262018029037,-0.49642727809945564
8733,0.4592171685874084,-0.5392796208308896
8734,0.13219743088715402,-0.567460665353354
8735,-0.056166750404932325,-0.564177078852816
8736,-0.2678333764340072,-0.5813605709000665
8737,-1.2644414885055775,0.08111528152343946
8738,-0.8003176208755117,0.5899040103850145
8739,0.23519689369578017,-0.28490845619353544
8740,0.51875493151515,-0.4170196072271941
8741,-0.027279628812889666,-0.4849754558608016
8742,0.004823348315806007,-0.5748351616760642
8743,-0.27836602511094977,-0.46374537749448547
8744,0.04481115057257329,-0.3055150960496973
8745,-0.5818878627171258,-0.39476675281632834
8746,0.0027675899935451554,-0.40094647903736796
8747,0.45992303806055757,-0.4169871795221494
8748,-0.19691244525856366,-0.6007935463339199
8749,-0.697786054160131,-0.38766329875137845
8750,-0.23966757310177425,-0.46377893224906463
8751,0.07535746085792513,-0.5251045064700601
8752,0.22571597944229213,-0.4841989209289503
8753,0.29059717894565756,-0.5903595818887128
8754,-0.03504400892675391,-0.5230416429699828
8755,0.3799229750868663,-0.448956904427635
8756,0.2725684145419042,-0.40906153005374557
8757,-0.10341686298746473,-0.5688567986207208
8758,-0.42453282953424476,-0.4715887812625035
8759,0.12129793609087318,-0.6145023669805866
8760,-0.2701762405652126,-0.4475878185979398
8761,-0.39259921282103305,-0.4512577640019241
8762,-0.32734028351027594,-0.2943523841702161
8763,0.46662260419286944,-0.470399200289816
8764,1.0280695986149413,-0.11005990506364932
8765,-0.984769672785635,-0.06746714390643617
8766,-0.3572320492474347,-0.3557930609950374
8767,0.05159209601486907,-0.03738297795785908
8768,-0.19773771787302577,0.07229701832578514
8769,0.017681788041114792,-0.17217860586535597
8770,-1.7068728935581383,0.6186917278517782
8771,0.19362777894276173,-0.23788618463453023
8772,1.556938769492986,0.9160133623273308
8773,0.49297734303472157,0.2649656978285832
8774,0.6323590899631139,1.2716929603904308
8775,0.5421489620452986,-0.21253187989641018
8776,-1.4264283433218978,0.34831889879020367
8777,0.7063082346468541,-0.1799821029009699
8778,0.5722625287519661,-0.2234348867595621
8779,0.23182895848528737,-0.02514389296047689
8780,0.011372908593432353,-0.5113346920966528
8781,-0.0919864055548729,-0.5106390631854105
8782,-0.7166331370765248,-0.2802508694755416
8783,-0.48550320081939724,-0.2761271580487673
8784,0.4629615407051708,-0.25296740322265476
8785,-0.4760949312897468,-0.3062126753130092
8786,0.029989378725466025,-0.5454475012374544
8787,0.7492976997552285,-0.45463050997935744
8788,1.0327215696728842,-0.10021790320865422
8789,0.04604342799316161,-0.09626348254453705
8790,1.0366009325234784,0.29878658450200973
8791,-0.8105651598799939,-0.27968549696409045
8792,-0.051985863587050936,-0.2797401230445347
8793,-0.11297229101902623,-0.4935435261360564
8794,-0.09091852389629371,-0.2830157076628255
8795,-0.3922390463347224,-0.1546472977961486
8796,-0.28517323537549777,-0.5018120190155939
8797,0.08032192382738676,-0.4184333731849008
8798,-0.9183705151908717,-0.14329228672359678
8799,-0.1872882879710574,-0.3967910763971756
8800,0.2961775202928482,-0.5304781079585141
8801,0.14296089810942772,-0.5589830334143536
8802,-0.623847895408139,-0.33227254429948094
8803,0.45412722722595217,-0.42820940178565575
8804,-0.47610571421107334,-0.5356930206588563
8805,0.0814552429762251,-0.3691583894152345
8806,-0.27944825536276496,-0.47483683496969675
8807,0.8461842941230819,-0.46090181196526697
8808,-0.8578921865424841,-0.3343742246570188
8809,0.3982178012492958,-0.380592223498434
8810,0.328002603986043,-0.537341507977642
8811,0.6745337831613398,-0.450331369060734
8812,-0.29650595707390986,-0.27334030143536137
8813,-0.3937543117738551,-0.4756563969715364
8814,-0.5893265043190608,-0.37773411533635126
8815,-0.06253214888016846,-0.47568362787390206
8816,0.3841085401995451,-0.49037155821473044
8817,-0.7069128864791847,-0.368139509335332
8818,-0.6676915358599593,-0.22032115193106108
8819,0.0010007856966436194,-0.6089060684091403
8820,0.5604690978528869,-0.48461566603004536
8821,-0.17888369904445633,-0.4114064142995906
8822,0.2512546146248712,-0.37950305445349564
8823,-0.35525331110662184,-0.3605828014545971
8824,-0.49295214746916827,-0.4869058419688301
8825,-0.26839935918771013,-0.5691967815462207
8826,-0.7512977083717254,-0.36677915116162535
8827,-0.3988995394842153,-0.35397950673698747
8828,-0.43166549434734736,-0.30585028368284495
8829,0.08329925925219499,-0.19921918694358903
8830,0.41350242101666307,-0.4043938106598978
8831,-0.5634680585625402,-0.4607279853599807
8832,0.08958190892025818,-0.5895384879600818
8833,0.5677302576995313,-0.5195217411918127
8834,0.028219422650167792,-0.46730462089548425
8835,0.03537106751056427,-0.6050852924364376
8836,-0.28281564647438734,0.2373522494868126
8837,0.06291818640455579,-0.41379512415246755
8838,0.590956646219655,-0.22982412360212928
8839,-1.319591057131916,-0.394427469032962
8840,-0.06101369433003952,-0.3782427514481112
8841,-0.8177802035862423,-0.44271777449715793
8842,-0.10697845396449512,-0.45512838574239023
8843,0.15556988051933562,-0.4814153154287544
8844,0.016984431342594065,-0.2875118330405255
8845,-0.28819851635367627,0.02190298254024224
8846,0.2081870126297043,-0.5386719562122008
8847,-0.14707951879840314,-0.39208577862134153
8848,-0.07345999142774247,-0.4702004030237052
8849,-0.13874763699599815,-0.2538915562108794
8850,0.3625538965923782,-0.4853346167581778
8851,-0.9035703559215269,-0.44442988646301296
8852,0.6799843103333918,-0.45896060502175856
8853,0.1168876357677081,-0.5129699580259828
8854,-0.014136485060414984,-0.4258439262208445
8855,-0.26026021465468396,-0.47941674690554037
8856,-0.5883002614526417,-0.29616663651969954
8857,-0.11287482988225678,-0.3769503538625144
8858,0.11452011535880431,-0.2991490806513404
8859,-0.4685062797220705,0.4047145301173756
8860,0.5654758865690488,0.16293509421912247
8861,-0.7778307644751051,0.8382313432187632
8862,1.3905852398983307,-0.1550140995432399
8863,1.0442333341556063,0.1174370237631899
8864,-2.704283777756223,0.6362454875862643
8865,-1.39581643279497,1.1296005208740656
8866,0.43680476578069016,0.5961419347285686
8867,-0.4985962474147098,0.07327814707540357
8868,0.7303389262260288,-0.3408445698349763
8869,-0.3441821635234307,-0.21633063675039688
8870,0.21743774067667657,-0.6236957380484388
8871,0.8732370775685481,-0.07399712173110548
8872,-0.21679702899370723,-0.5059683827631384
8873,-0.09044709862153924,-0.4129061965898403
8874,-0.0027406663562949928,-0.2622210261195288
8875,0.0006070158412229357,-0.10663555151756078
8876,-0.13450596010880678,-0.5069015852806914
8877,0.10197228153082526,-0.4739234343868318
8878,0.05569948561528383,-0.5397611309279449
8879,-0.48873889617426136,-0.503600608484892
8880,-1.3623549815159315,0.21192331132343736
8881,0.2358968210959587,-0.42956012584764797
8882,-0.5503938117134873,-0.25119681707629815
8883,0.7904677759705379,0.39212334589939235
8884,0.015964524758543083,-0.43631933094421677
8885,-0.7814803606695029,-0.2052697347541505
8886,-0.3287312898822347,-0.5108699433143865
8887,-0.3388705946119884,-0.03813241298592591
8888,1.1021778868440866,-0.2707711023298446
8889,0.3454598096819828,-0.49888801344828937
8890,0.17975938914092066,-0.4636168636770836
8891,-0.198493237178899,-0.5490493373984222
8892,0.7119140368352566,-0.2402095327465025
8893,-0.3464651354296886,-0.5555050644828118
8894,-0.05761635923676714,-0.5977807960594692
8895,-0.1066175592078305,-0.4926300866968907
8896,-0.33898082274676067,-0.5685579974649145
8897,0.5958838359325427,-0.4947529459997173
8898,-0.8603660887811793,-0.3590705176427105
8899,-0.9010164442897138,-0.39387071953612574
8900,0.4244707415207105,-0.536359092411117
8901,0.24577640918277557,-0.6261917299538602
8902,0.29963249158473254,-0.5321214422517572
8903,0.23568360964121576,-0.4415617329221493
8904,-0.006690869509451173,-0.36456785487828064
8905,0.01138207921191175,-0.5310363094931375
8906,-1.044554027492485,-0.4635646535851759
8907,0.06862560626939346,-0.48426784180823984
8908,1.0528646101278052,0.31547699873971446
8909,0.6908154486679035,-0.4151379337536024
8910,-0.10952225715901401,-0.568786068020296
8911,-0.5254435131873613,-0.45932919818491463
8912,0.44290015497635543,-0.5543632206235796
8913,-0.13858011580131993,-0.5129299332663525
8914,0.6330625756007695,-0.4950728640495166
8915,0.6626164048752089,-0.39075992237309415
8916,0.4359928457804699,-0.31204361388195684
8917,0.05517671396930283,-0.4967601477364469
8918,0.11449979966531193,-0.552948265061188
8919,0.0307551948689706,-0.5368869300118612
8920,0.1565076745087524,-0.5050414745753542
8921,0.3805282943211233,-0.586597682390975
8922,0.6141145122688273,-0.5056877557327857
8923,-0.4006872249231063,-0.45749092979815836
8924,0.38239720355743506,-0.2605140162510559
8925,0.20812865985735757,-0.5886586486722816
8926,0.23663586321028945,-0.32696127839549044
8927,0.3743348911420607,-0.3942750102377597
8928,-0.41502900963290484,-0.43617379830400144
8929,1.0777771036712804,-0.30636737814841297
8930,0.4755329269028265,-0.17570536058064973
8931,-0.5463558183379389,-0.21565454590669936
8932,-0.18531920575028038,-0.33435388625567264
8933,0.7955425512674665,-0.27142916199210093
8934,-0.16807336411323529,-0.5842213998625857
8935,0.8304682719133678,-0.13353212908058074
8936,0.5123785398990762,-0.3559235843996949
8937,0.08713102059519556,-0.22253563724320954
8938,-0.12440511363859305,-0.13587400114244946
8939,-0.2591909491390206,-0.12349047887489502
8940,-0.3731844548120442,-0.4469755536412243
8941,0.31090050290328514,-0.42655926638152797
8942,-0.30565881104565834,-0.5531053921368759
8943,-0.03843183337737289,-0.4172355413555761
8944,0.30846813632965253,-0.5722353105527036
8945,0.5068826624077594,-0.3843084054283692
8946,0.06871394335677644,-0.4410007151607053
8947,0.24872386732402918,-0.3790265891915382
8948,-0.3585175831464983,-0.47535115233680514
8949,-0.5831483929524484,-0.23258957482422224
8950,-0.280846027874159,-0.3781979217756835
8951,-0.3002722796988636,-0.4790739559509266
8952,-0.22777542082763405,-0.36340137501588604
8953,-0.5414065758098411,-0.27103856504801854
8954,0.5488178181715875,-0.5514609466335529
8955,1.2796161583531065,-0.149375922877233
8956,-0.5327696306351639,-0.5342388842366838
8957,0.8777757460828355,-0.21854726637880756
8958,-0.037407985384613464,-0.030056367550783936
8959,0.6887812910197442,0.18530695260540175
8960,0.03055979083635219,0.014775249598904841
8961,-0.4773732699212187,-0.20389882512379276
8962,1.4609919349132257,0.15241820005232184
8963,1.3108664680273014,2.3800791667371453
8964,-0.10696592841455034,2.3528605434950793
8965,0.5200185110893554,0.3424978909013375
8966,1.0369410641684818,0.3052954459617513
8967,2.7625839699670514,3.988821470940142
8968,-0.24715097184575152,3.975073143641804
8969,1.09983244652494,2.7147256975910588
8970,0.05121247553630202,2.472278682709009
8971,0.012906328538168503,0.713011692860215
8972,-0.24936298459285314,0.5856552810102401
8973,-1.5261773215039736,2.3567822832101655
8974,-0.061162546882442485,-0.23441561219260887
8975,0.058770451268154854,0.08484070251074621
8976,0.4914751800402562,-0.07098815688767815
8977,-0.037402344072988356,0.014650510271711728
8978,0.3018575368988643,-0.2633037980003041
8979,-0.38601861746220084,0.22935286060060306
8980,0.3289729852190267,-0.30013129706087505
8981,-0.6737663478439536,-0.2719468238153428
8982,1.0835766946061283,0.5151059657379679
8983,-0.21981302634259792,0.04943411873271709
8984,0.3926840578144682,0.22791735930990698
8985,-0.46765163872529175,-0.22964166847338818
8986,-0.7243132755831294,-0.35893911794813926
8987,0.4668336658065916,-0.14705136169880298
8988,-0.4221316501637805,-0.4027151824030794
8989,0.20136519862920257,0.1577080964531567
8990,0.6267846004595496,-0.15575606940314415
8991,-0.3888277672497696,0.22368238606304233
8992,0.0705139566946546,-0.5277414525587585
8993,-0.06877151158494535,0.08647705822291472
8994,-0.3534702777315132,-0.5643228151388334
8995,-0.398516042237214,-0.3950909683438893
8996,-0.6982796112133665,0.3184575547032289
8997,-1.103210058710124,0.12518985581106926
8998,0.31737703027024233,-0.14897475837433233
8999,0.4343280141676055,0.061930000548790075
9000,-0.3386744313961634,0.04032629574364167
9001,1.2072343177398368,-0.20738382099168767
9002,-0.5550467536877937,-0.4997587143626493
9003,-0.10196071640377256,-0.4890171179332687
9004,0.7930473803769821,-0.018158485141778185
9005,-0.24870035573877403,-0.4824094005428215
9006,0.3068078863397025,-0.5061695673444042
9007,-0.774477962756271,-0.45646228918691567
9008,-1.0607923633425154,-0.376380712849999
9009,-0.31982973454390845,-0.5658284858742884
9010,0.9603407195677279,-0.44754604192422676
9011,-0.21653673109792604,-0.5890893045455204
9012,0.515492801495873,-0.4880402739910017
9013,0.22403132860395902,-0.5142482561675912
9014,-0.681211174167291,-0.5221341650711128
9015,0.6939686558210092,-0.41620538294457105
9016,0.3992588272979882,-0.4739807222266293
9017,-0.07734527127232234,-0.522724659098037
9018,0.0455038202698741,-0.4965729069262263
9019,1.214145373106231,-0.08457679342490602
9020,0.5130234464196247,-0.032348362866064906
9021,0.6743299539369618,-0.1254618556423269
9022,0.2471208667231788,-0.11247323090370133
9023,2.276467799585949,0.2995124232398655
9024,0.9569855065435043,-0.10474597670972374
9025,0.08624601708379816,-0.28234291102214265
9026,0.19881106136253993,-0.40899240199308334
9027,-0.7081698645594301,-0.15447466856348732
9028,0.4317225771151683,-0.15684437867303963
9029,0.1553866119281674,-0.18097486772748692
9030,0.07597838372307149,0.02432083615015227
9031,-0.058825146733619896,-0.09876773635210886
9032,0.46777127357001075,-0.23468940081802797
9033,0.039115161828823075,0.1170994299391439
9034,-0.9081026542214653,-0.11649410828528092
9035,0.9635509471051166,-0.21688511262349214
9036,0.5516347645647891,-0.12884263959572342
9037,0.9401999439953531,0.4007097424330637
9038,-0.839967640584824,0.37639794681899347
9039,-0.11865289682890799,-0.43595326533870493
9040,-0.8114618381075452,0.2677004993772387
9041,-0.08735958028379065,-0.025916930807478387
9042,0.11642025556064368,-0.46005746267185554
9043,-0.6126414973713482,-0.10200401958345634
9044,-0.2710310343051568,-0.37053070150403195
9045,0.17416744910907558,-0.4384152791898775
9046,-0.12810224185179744,-0.584868200848309
9047,0.2593631822077469,0.27097270407677604
9048,0.43846554122280434,-0.4417493817117814
9049,-3.287607719626199,3.6258182606147598
9050,0.4763032716711722,0.784321197036009
9051,0.36815250885002865,0.8352039069361602
9052,-0.4102432113091849,-0.007035260513568546
9053,2.7391916427224574,2.0787936053235945
9054,0.5876746770317981,1.1732447723451631
9055,-1.287554887638241,0.8750816299933049
9056,-0.38903071982938126,0.5435709868802255
9057,-0.24743225838265429,1.1024816206445118
9058,-0.460643935613296,-0.34252772047119323
9059,-1.2131390359387537,0.3685516861460835
9060,-0.27812194880084007,-0.22024772545376237
9061,-1.5300751625568088,1.7882330638920338
9062,-0.9932464758510438,0.10016536242099335
9063,1.1725479557564078,0.2826778539967375
9064,-0.6572386163262979,-0.11854763849632222
9065,0.7988149671875429,-0.42375099853409975
9066,0.06703544162701686,0.13100195175865448
9067,1.0820961684614319,-0.24707665876700952
9068,-0.4990159926027144,-0.5110264690829186
9069,0.28286434147462536,-0.5626473790626063
9070,0.2709982063149294,-0.6116849639065214
9071,-0.007405332569889385,-0.28456857705945504
9072,0.5889417956896429,-0.5871611180127929
9073,-0.05412654581396851,-0.5612082026466927
9074,0.14145941832279127,-0.5628816358256037
9075,0.35533745083431745,-0.47429653497147883
9076,0.3406115544499376,-0.5591978542678426
9077,-0.2083333371251265,-0.5605129171626454
9078,-0.14058050185288803,-0.6176763138897424
9079,0.32214284904323764,-0.4237275225311726
9080,0.3798926719112598,-0.5136277288907255
9081,0.1863738585770781,-0.6287154746811899
9082,-0.04740314183308218,-0.5244345361494368
9083,-0.3520900519350742,-0.475498935138245
9084,-0.04995590927284028,-0.5488753386623945
9085,-0.051090803440056225,-0.6087389376582049
9086,0.16255067044760307,-0.5347213047943492
9087,-0.09099414916724367,-0.5770937338452672
9088,-0.2483018332530653,-0.5279920628226146
9089,0.06368520980063286,-0.6115001465853792
9090,0.22079400202747745,-0.593426866335041
9091,-0.3477997345390535,-0.4007772374550547
9092,-0.41380697693695295,-0.4972174105895024
9093,-0.20226591587050866,-0.6271773144646748
9094,0.21509059744758532,-0.5935881789047986
9095,0.25586518532227814,-0.515655761966666
9096,-0.5594949371573044,-0.4225216590479361
9097,0.7510846859067787,-0.5071153039604711
9098,-0.650191480311424,-0.5575395018442524
9099,0.6178954512234681,-0.5841160905967498
9100,0.1798677734184971,-0.579384451983608
9101,-0.4434202004045639,-0.5157191958915902
9102,-0.096113447495733,-0.5936897880549599
9103,-0.5436614009315707,-0.24556031221214009
9104,-0.047498068733020316,-0.23145513437928392
9105,-1.165637824413244,-0.2447672076802927
9106,0.15744538821467324,-0.40013267636515015
9107,0.38841502546383766,-0.45838813462429273
9108,0.5497632554578652,-0.3475769530454785
9109,-0.07116042972098861,-0.6093938392548268
9110,-0.40452795810706454,-0.3436933869663414
9111,0.14046701959915558,-0.6245545881318632
9112,-0.5471066826988816,-0.5805983660665247
9113,-0.713076353647378,-0.36988814375782547
9114,-0.5133916861754946,-0.22590130350862303
9115,0.6323394035294292,-0.3760697981137569
9116,0.08721831899895918,-0.6201588594523657
9117,0.23665384934490266,-0.38605275740194944
9118,-0.4258297286642436,-0.3511076129543941
9119,-1.3971256155153997,-0.15567873430428691
9120,-0.009114951269108178,-0.39709467407649435
9121,0.24150751878178497,-0.47481211371035964
9122,0.15330705956500307,-0.5745933786471948
9123,-0.8535671582859288,-0.11246758689772735
9124,-0.48460607637702396,-0.12341520475678364
9125,-0.05079681047895738,0.15423898722223336
9126,-0.7167252526946375,-0.15663634494844886
9127,-0.8370427732567387,0.3686748854362672
9128,1.5438065482643306,0.15907530106258733
9129,0.7618377173914002,-0.07384385277182372
9130,-0.43407010335139745,-0.5668761207264978
9131,0.5509110713023795,-0.43214889754845276
9132,0.44910801889580343,-0.4132917031667553
9133,0.0488121256176791,-0.45942549018306983
9134,-0.2069553581494104,-0.419369812100378
9135,-0.02355060086290522,-0.6264417726013003
9136,-0.39783622440165517,-0.5488459230889253
9137,-0.21769076641143384,-0.597988322103471
9138,-0.17377061939317748,-0.3958475816582449
9139,0.38310316329141325,-0.4613589793113893
9140,0.48558728460860173,-0.40623241035469887
9141,-0.3149368580399886,-0.6093872047096484
9142,-0.3442808247218328,-0.5388875794904331
9143,0.07155851568622308,-0.5024861961649835
9144,0.15818947790422339,-0.5771184359394483
9145,-0.5812979365530494,-0.4976725556925003
9146,-0.1361733121911581,-0.40648936089085574
9147,-0.6054512322873048,-0.3219300635373135
9148,-0.1870483693269874,0.0438803859640225
9149,-0.7109934179829299,0.15976752800204927
9150,-1.26554734325383,0.44113900813883894
9151,-0.9671434839126412,1.4378428188367167
9152,1.316804635886174,1.1723438630395226
9153,-0.13644869900836043,-0.12970987596422434
9154,-0.7461647494051192,-0.42622943360196536
9155,-0.7050876991517152,-0.07013126170214257
9156,-0.3177816706675305,0.9902038921840611
9157,-0.17552118001222128,0.20634923598083812
9158,-0.31735910396281064,-0.22694018406182223
9159,-0.9655943300304854,1.079272801820969
9160,0.1411078117683971,0.5955164875765414
9161,0.009976829729611881,0.8216842727508682
9162,0.27795571572868083,-0.34579344621114627
9163,0.024572430286617417,-0.19381891732731016
9164,0.1546572400671895,-0.530656801281019
9165,0.2699629322041641,-0.29233996800392736
9166,0.3937081561009142,-0.4136021488390889
9167,-0.6180436400361272,-0.30712051951456504
9168,-0.6340574771905061,-0.4261927989826722
9169,0.396772620213861,-0.5470047880602048
9170,-0.650743164505402,-0.33953039857362033
9171,0.4882244509976563,-0.3572031581626158
9172,-1.2462043561587215,-0.15459887747866283
9173,1.0242806523617118,-0.5244030049796802
9174,-0.32428506396068013,-0.5268214966896503
9175,0.9071364857451217,-0.4368002453702536
9176,0.24253849583818377,-0.4536168305762021
9177,0.4540783589826096,-0.33362031572099726
9178,-0.14881880355932633,-0.5502223647921026
9179,-0.19622264187390615,-0.5711456240364001
9180,0.6753119807367052,-0.4193725616382085
9181,0.007993098806482052,-0.6096872681027529
9182,0.5126623729150475,-0.5428910228827997
9183,0.5614772869858915,-0.38084433280556357
9184,0.24942425899493004,-0.41508290705393036
9185,0.5377016763360833,-0.44888924929429
9186,0.16369690393296352,-0.6172543855436786
9187,-0.6193493158856772,-0.41186501587368574
9188,-0.2649288432036077,-0.46991400180196913
9189,-0.5543458581086466,-0.5122117523219711
9190,0.14561015003903036,-0.5979740352491407
9191,0.4426510554833639,-0.433533904886234
9192,0.357237910371017,-0.4929396415669705
9193,0.39036078211962655,-0.5402659055412545
9194,-0.05453437899971459,-0.5681587237014256
9195,-0.35319620254744993,-0.4385408230334902
9196,-0.5904374755016275,-0.5656004573450064
9197,0.14466791587859423,-0.5099124650508785
9198,0.1804298726292141,-0.6234216071226527
9199,-0.43752328024947434,-0.534418466474246
9200,-0.5748722826110005,-0.4560334275650319
9201,0.4780773588050937,-0.4771234764251833
9202,0.41561360357644295,-0.5682983541172774
9203,0.369029889052661,-0.5934233538567042
9204,0.4205423831578072,-0.4911768502766777
9205,-0.19106563526462675,-0.4024831768415153
9206,0.20202965385682387,-0.4851460202503807
9207,-0.43299994349277526,-0.5270018018453563
9208,1.1042943988309772,-0.34447873091577336
9209,-0.5564036201829714,-0.4608987540125254
9210,-0.6276374805712877,-0.35594348031751055
9211,-0.01691627443604766,-0.6131787828891249
9212,0.16413022110425,-0.6210941321387513
9213,1.406004271688475,-0.5553252474576965
9214,0.4411799400534219,-0.5363162423635347
9215,-0.17321372635330473,-0.6279752650451565
9216,0.6354797439261552,-0.45947381373193213
9217,-0.09194826798216306,-0.5927598063196488
9218,0.3445284755166143,-0.5776580882428337
9219,-0.43434134110800654,-0.2364645343632442
9220,0.0537672654480438,-0.5783688894681044
9221,-0.5095694690906057,-0.5401612951384632
9222,0.0762252879128676,-0.5518673514441612
9223,0.37565668810444647,-0.49476515001593446
9224,-0.3786587697668253,-0.5815050689958877
9225,-0.7718157605558603,-0.456788227673658
9226,0.15668941250128882,-0.4021051113991009
9227,-0.568909966017857,-0.5614962218064646
9228,-0.05736168728229882,-0.618953277573894
9229,0.18213299656805415,-0.6481610649839828
9230,0.9011957455040509,-0.32283400341951285
9231,-0.049354118015501526,-0.4956638391827403
9232,0.2611716298197269,-0.5015105638598191
9233,-0.13971076670327798,-0.642691998460667
9234,-0.4683226143746326,-0.582937618798949
9235,0.23483366161320876,-0.53027205139937
9236,0.37701295203098123,-0.49007059831682487
9237,0.08818663614560734,-0.5939797524762018
9238,-0.575344480550598,-0.49720059212368195
9239,-0.288842099812198,-0.4681739670521343
9240,-0.3210675934063997,-0.49783854644535747
9241,0.32167916463965435,-0.5419058783149626
9242,0.35155368436030277,-0.5931843396533418
9243,-0.2861081937846053,-0.6103367488069059
9244,0.46394328331681267,-0.6041642067136958
9245,-0.33342696833510455,-0.5768282503020193
9246,-0.23120757418836116,-0.5979652100744742
9247,0.02803842624163562,-0.6330115158412769
9248,0.15842524283935316,-0.4963182281830376
9249,-0.33613807182691224,-0.6034572955456243
9250,0.40511723736400507,-0.575512032813316
9251,-0.06098318796549676,-0.5295838916520216
9252,-0.45809362488631666,-0.5869778888568534
9253,-0.05405018255745576,-0.6161558437703347
9254,-0.11346462929354507,-0.5233593980209741
9255,0.18774516435432861,-0.49854138938226533
9256,-0.5022415809258142,-0.48349256815109304
9257,-0.4711843152711767,-0.38296445440771776
9258,0.7995618365085847,-0.42212833263180655
9259,-0.45294001501172565,-0.509037822782639
9260,-0.24241206142796393,-0.599749696900667
9261,0.3276824993920057,-0.5351203371000852
9262,0.15774263764113436,-0.5088052554131219
9263,-0.5317570823214404,-0.48189139430551164
9264,-0.5546114334264455,-0.5233444275070627
9265,0.22316976679496386,-0.6460606179520196
9266,-0.11618657157293688,-0.5423612785862637
9267,-0.21397934357358894,-0.43569092503484375
9268,0.8776571265267515,-0.4652355517914385
9269,0.3178306535144115,-0.6141461954468249
9270,0.18891291378264713,-0.629112544661586
9271,-0.24964968462677328,-0.5018029441401943
9272,-0.27164236505329564,-0.4838754700567402
9273,0.649856628141907,-0.5427600334042487
9274,0.35409427040083824,-0.563435590007966
9275,-0.30646296573391124,-0.5336068413421473
9276,0.29040384885347925,-0.5856899040140702
9277,0.1244982019449419,-0.6516163470587777
9278,0.02758386673092834,-0.6625899598111279
9279,-0.2063256395202459,-0.5614826161401478
9280,0.12236756544376966,-0.6777176042332255
9281,0.23895080355545067,-0.6593485566685513
9282,0.2613328028801377,-0.6595056768280668
9283,0.19701758782743575,-0.6329230945046262
9284,-0.3431064979089919,-0.510689658653021
9285,0.024219763907857052,-0.48992851851265784
9286,-0.10764237561116524,-0.5711422173723358
9287,-0.31792482317576626,-0.4351801857563745
9288,0.21736863550382993,-0.6219551146315816
9289,0.22179904408196335,-0.6599164854298485
9290,0.06873349239085598,-0.6095891922226453
9291,-0.2538278082503474,-0.5754215239161737
9292,-0.3655171192947754,-0.5499126012956788
9293,0.1820994180575409,-0.6002743567326717
9294,0.1315388870922158,-0.6522005382399987
9295,0.20186879475840228,-0.45666288201760147
9296,-0.5519190648026325,-0.5273205432746917
9297,-0.22149603385208463,-0.6261247313475283
9298,-0.3050808743610171,-0.45619196752805835
9299,0.1285002378031325,-0.6194301901443237
9300,-0.15727305918011766,-0.46685771729579756
9301,0.15565171071543593,-0.606174280146359
9302,0.14493673519092537,-0.5985117737593678
9303,0.269939604241196,-0.6251901880663174
9304,-0.49045934216734255,-0.42704609771798285
9305,0.16559915055119492,-0.6510869255431168
9306,-0.05675489049658537,-0.5682011977844265
9307,-0.14372860001809964,-0.545652703653588
9308,0.1775304476414614,-0.6245266383025128
9309,-0.4008368902285122,-0.5681125588517366
9310,0.04740534057284415,-0.6304363714779848
9311,0.47056799527548715,-0.5234301900294528
9312,0.17807996234548662,-0.4755240860597947
9313,0.16174284204133083,-0.4944896030585258
9314,-0.003430064704885647,-0.5037897499140476
9315,0.14482739366031297,-0.565822264852435
9316,0.06067915321108415,-0.5639081431489446
9317,-0.2731546719245627,-0.5987497388614159
9318,-0.07270585108535856,-0.6426237039409045
9319,-0.3595172271174902,-0.5853799556979281
9320,-0.3410205185608754,-0.32917627083468365
9321,0.5822688075617174,-0.413712777264294
9322,0.07964218803408984,-0.5214479876434203
9323,0.1734699530240576,-0.5836621513546855
9324,-0.15159687317887943,-0.6224747760751334
9325,0.15605619213372265,-0.5846712913857735
9326,-0.8271859731803258,-0.3829057036143664
9327,0.18622522875015757,-0.3777547210697231
9328,0.4414126470430217,-0.5038728680063902
9329,0.4170940877590393,-0.3030147452502586
9330,-0.12999646040199034,-0.5403216553559318
9331,-0.16841188615280284,-0.2996628408549331
9332,0.2115447630499771,-0.5283382018494523
9333,0.3060467257866842,-0.5738014384420235
9334,0.29345963905604405,-0.5639749719388821
9335,-0.16937409524735084,-0.3359859835285405
9336,-0.002996177519505383,-0.5700376120424208
9337,0.5736403501456401,-0.5026825126645171
9338,0.5484712481336498,-0.31479093640127576
9339,0.03726271434709187,-0.465354770441346
9340,0.9421591300925187,-0.23284259933599444
9341,1.1659724589027585,1.4643927002273776
9342,0.520145795127102,1.5140872856397471
9343,-0.42414451478546217,0.35204256936601125
9344,0.16458589715361036,-0.3988855181017291
9345,-0.8503596886106117,0.49667521981051654
9346,0.8880981638513781,-0.048855552587075246
9347,0.15468187226778476,0.10148797520874796
9348,-0.34880319074662985,-0.5463864751664196
9349,-0.23161200231754275,-0.27069180548250155
9350,0.3678219236004821,-0.4651297405785417
9351,-0.3510786912628365,-0.2583206659074515
9352,0.30702611020828513,-0.527088923729733
9353,-0.2558872732010089,-0.4725543173989788
9354,0.5465563579450277,-0.4806313194499826
9355,-0.5559515824074872,-0.3556467309460699
9356,0.3261120073310742,-0.545667139407422
9357,0.22092342933613182,-0.4430324564191048
9358,-0.31113047445628916,-0.5434101176112783
9359,-0.37252837662336574,-0.5667863919385483
9360,-1.100507546269033,-0.39875568598070404
9361,-0.7441119161751015,-0.3588834796012633
9362,0.3372149979208279,-0.4299632307890421
9363,0.40268999550684653,-0.5520589244431119
9364,-0.2328283835179342,-0.6083843831924598
9365,-0.5641079374838387,-0.45111874786735306
9366,0.7489129031921337,-0.4755821956672495
9367,1.0331894919879479,-0.4282256433499882
9368,-0.3317045440965479,-0.45098786265571894
9369,0.17789259658578446,-0.44224117249543765
9370,-0.5835039686333361,-0.4971168526816795
9371,0.9657438868403718,-0.43512285859465255
9372,1.1955470282455125,-0.2209677727316641
9373,0.5149371951862419,1.0834984740800728
9374,-1.0275407128474157,-0.03671232404466787
9375,0.9951100423905275,0.33914863742340445
9376,-0.02101150689566853,-0.2725688210462111
9377,-0.4383806415386447,-0.3922887485728212
9378,-0.32242864386043923,-0.5873408126245718
9379,-0.5955552295751915,-0.15990427704589108
9380,-0.7026772614060487,-0.2948242332534443
9381,0.4873685095161137,-0.4206137189717085
9382,0.1303662070119524,-0.6406490603570929
9383,0.16490602381179906,-0.5750797649301111
9384,-1.0419348677891238,-0.3914438014040551
9385,-0.6547240490669921,-0.40749473839035566
9386,0.1820036614276398,-0.46844459642801095
9387,-0.4025339000863665,-0.564228121233295
9388,0.5741981712982658,-0.44064581447927453
9389,0.3440819836279507,-0.6130700011890723
9390,0.10515715584782133,-0.6206481639780824
9391,1.5333328529896253,-0.10574803883422715
9392,0.17936278398594707,-0.37196839975180546
9393,0.4228343948309416,-0.528574042548657
9394,-0.7456269964649901,-0.4769269153068967
9395,0.08126507593850985,-0.5832484005824742
9396,0.7969605216756783,-0.4670163911995197
9397,-0.4545865397562006,-0.45479098135382134
9398,-0.7041432992577947,-0.3226788703944034
9399,0.05932161771359675,-0.5604278205901168
9400,-0.3894844524680197,-0.5002404551282112
9401,-0.2517721600990362,-0.5551613460779873
9402,-0.002329126460186702,-0.6242080250926606
9403,0.10831118931075547,-0.6366772170965809
9404,-0.24745645394539886,-0.6084766789682754
9405,0.1959968262068941,-0.4278307888228062
9406,-0.3458940852568903,-0.5690940869352089
9407,0.04783792444741096,-0.47707702436043486
9408,0.1731986149500419,-0.5332690174473652
9409,-1.3189673548160048,-0.3556628560263473
9410,-0.1589646577402318,-0.40109165079174147
9411,0.46106538389585794,0.007373434980669767
9412,0.08061431117190687,-0.5869473696430032
9413,0.11714443176222773,-0.44317602047434324
9414,0.6217194547767425,-0.3395365483723917
9415,-0.5103261137554633,-0.3898130968934516
9416,-0.08902699375747573,-0.5555305833467634
9417,0.5287943735974567,-0.5721367472077581
9418,-0.11942587171599837,-0.5816322363540748
9419,-0.5221717946273402,-0.4846423248564068
9420,-0.2879306430746339,-0.37804122567640797
9421,0.15925431179598767,-0.5142512846402824
9422,-0.3214554234097571,-0.4498874887337957
9423,-0.10014067261282668,-0.280431378386237
9424,-0.2264572471281923,-0.37373780654085736
9425,0.3354445353241551,-0.4228213764037789
9426,-0.35111510544200275,-0.5360792816484964
9427,0.057933412319877024,-0.33247439344191704
9428,0.2339857927679081,-0.4715276971338499
9429,0.029324702201181187,-0.38166672720975614
9430,-0.3565416588238037,-0.573497016521475
9431,-0.7298415224158689,-0.41407388154772357
9432,-0.5753033401836996,0.05754333657429697
9433,0.3033449568216248,-0.4154838724400143
9434,-0.4153269859003812,-0.5157145726249223
9435,0.03380294683776202,-0.4722796197743221
9436,0.8820186244545213,0.5167909891395258
9437,-0.8470926838550221,-0.3835494382420061
9438,1.5595359940861886,0.06877095180678644
9439,-1.7621344839287794,0.6379194084260266
9440,-0.0195384842065603,-0.26552726294082324
9441,-0.4562571244338923,0.077623945733951
9442,-0.0874576696432473,-0.3045996349037861
9443,0.7924772517859727,-0.09541237838582774
9444,0.12526064067358844,0.10631223358369699
9445,-0.40041540911364004,-0.31384384807272914
9446,-0.5304386601779885,-0.01680512947293388
9447,0.12123239240533178,0.07291027552506091
9448,-1.0449749888572835,1.2331054569921014
9449,0.5315241028198406,-0.3000839579707215
9450,-1.2607842625022914,-0.09879892521428446
9451,0.4096828233874938,-0.3939321162952082
9452,0.12045078731628234,-0.4978440691788202
9453,-0.4228598951645866,-0.39327515990341894
9454,-0.08641786163891177,-0.5128925390627092
9455,0.3862783102300831,-0.4907066136618842
9456,-2.19849943532592,0.8285694822690418
9457,0.7315799178327285,-0.03960793080438215
9458,0.9356712367914333,-0.47170351122502285
9459,0.40048256350629596,-0.15348629418608054
9460,0.5376671034879222,-0.4445016707608389
9461,-0.5575017871889723,-0.4629517052205544
9462,-0.1577513029436435,-0.12764741591534265
9463,-1.081846837294763,-0.3460135789955426
9464,0.09056177783567718,-0.41507331605599096
9465,0.06074919269528098,-0.546222086686203
9466,-0.5350741755229677,-0.4964001306201347
9467,0.11401034682017444,-0.4444191427746091
9468,-1.018354312499045,0.013786194137288274
9469,1.4047038077176606,-0.1282282486099394
9470,0.41851474505474545,-0.4437491970915848
9471,-0.4861748593998834,-0.45743455104861175
9472,-0.47912721721767937,-0.4666905053446749
9473,0.7552476619394484,-0.34330338661915155
9474,-0.2207365770248351,-0.5464486343220465
9475,0.6875002692251698,-0.40601929087620026
9476,-0.05376928144166862,-0.573550030263233
9477,0.20962517862740912,-0.5441272592818486
9478,0.29759799153431277,-0.484072117281155
9479,0.8224423821714189,-0.2199769827318239
9480,0.5753420240999514,-0.38410955670047947
9481,0.12848015434257254,-0.38640694593987995
9482,-1.2058882807064777,0.4711731238276058
9483,-0.45811017750915745,-0.3601438338815375
9484,-0.5352557133425724,-0.4686742502576926
9485,-0.43502273746610687,-0.4826411778292103
9486,-0.33097516890491885,-0.5254866773000455
9487,-0.3019347589684873,-0.14503733274841316
9488,1.0139219054539923,-0.042377962385172455
9489,-0.9204388233662631,0.1242278444331983
9490,0.03138542424033623,-0.5253181212262537
9491,0.5019232096794577,-0.5562133256281199
9492,0.5623778803544959,-0.5450579176822062
9493,0.22504122197328166,-0.576339871625374
9494,-0.11615024949471002,-0.6261754534959385
9495,-0.5603322096293002,-0.5776657248068393
9496,0.11233948595577302,-0.551235114163613
9497,0.4951284740100088,-0.506921457892805
9498,0.16751903323833625,-0.6282110437553092
9499,-0.3930119060714543,-0.5018753729769182
9500,0.48731917479714115,-0.5050121370573821
9501,0.11537423530765714,-0.5706835573548683
9502,0.16097262162165682,-0.5484271297667246
9503,0.07270696973727848,-0.3802224119996615
9504,-0.38823784183957966,-0.4132144674755482
9505,0.5258863669405475,-0.4407616258517479
9506,-0.20744036183516204,-0.41344314894149065
9507,-0.5019500726506163,-0.5320409879888011
9508,0.2255207799619641,-0.5037469851755361
9509,0.2173650676435689,-0.39258377515641346
9510,0.5572435083068497,-0.2754373426476276
9511,0.22366169905448863,-0.3752177400654187
9512,-0.4572257103008551,-0.44714959452749703
9513,-0.518673372289417,-0.43966837529077407
9514,-0.03393044156055559,-0.5006184588836876
9515,0.4243082407919512,-0.5384674184298921
9516,0.2558122000249259,-0.5566448207614615
9517,0.43672105352966817,-0.3858168162640839
9518,-0.17790977180757148,-0.5245055353744149
9519,0.44409831903718283,-0.35215152298639435
9520,0.24444344296179937,-0.34702378979347887
9521,0.8780022854207084,-0.12499904912971076
9522,-0.1226569622309187,-0.43455629660006573
9523,0.5662386685503106,-0.004040654357982694
9524,0.15279299527527992,-0.3648869647700619
9525,0.06100551949611373,-0.3242458381669339
9526,-0.5587619984571944,-0.34590664791071063
9527,0.350973548047454,-0.5299991080357906
9528,-0.4640333127256726,-0.41345862153770974
9529,0.20096201578225442,-0.5268324625657578
9530,0.8309963901176959,-0.3492451830999421
9531,-0.4237702142404452,-0.575323357354794
9532,-0.062098690442003945,-0.4766595983616536
9533,0.2894511333875195,-0.3606646211366761
9534,0.04979464106362708,-0.19026800745058936
9535,-1.4582744736289135,0.2160546217261389
9536,-0.6162867615251317,-0.3640759193025112
9537,0.735037851747001,-0.4701104648653752
9538,-1.4796936784896597,0.153684441042936
9539,0.323200707878159,-0.2663274625909685
9540,-0.6014163093030079,-0.4546792472585998
9541,0.2328452139841166,-0.5283284157619044
9542,-0.2527926205388064,-0.4646914989232467
9543,-0.5006040597210772,-0.5318475275279699
9544,1.382101896593703,-0.31537552749312553
9545,-0.34069146683033924,-0.4951564913967727
9546,0.2680270385120591,-0.580477842799028
9547,1.6805793593464176,0.19099450891711722
9548,0.39112388588096725,0.6946264208569045
9549,-0.6541509010911983,-0.3469280398307778
9550,0.6444480800960735,-0.015139740252513615
9551,0.48118170003513694,-0.44913004625198677
9552,-0.31612007106228623,-0.45820562354768446
9553,-0.013267977937190548,-0.3631454837315833
9554,0.573676476244691,-0.32332178444470694
9555,-0.7703660163462266,-0.36477810301994507
9556,-0.03071998338123054,-0.519544696520946
9557,-0.8182408445660901,-0.40669137687663587
9558,0.059814961316540086,-0.457543058396229
9559,-0.3694186591852024,-0.471434441587186
9560,0.5487328788960715,-0.4160979576979182
9561,-0.5518085844780976,-0.5310905400890528
9562,-1.143651314516395,-0.36185048477081594
9563,0.6330233795576414,-0.4364136940955932
9564,-0.10509500440338462,-0.6029117931320889
9565,0.6372048961824502,-0.4348167571196288
9566,0.10461375320858812,-0.41095092646977677
9567,0.08793071253794961,-0.4095797298167595
9568,0.017991501435657996,-0.6202616038081679
9569,0.2647947690513117,-0.626571405000106
9570,0.1237830627755113,-0.5100862869817593
9571,0.13075668050017641,-0.5844548437684046
9572,-0.5212890714226521,-0.47934335960131835
9573,0.46170973555743444,-0.5065144100272753
9574,-0.06618053672162721,-0.6271427581901668
9575,-0.39661829955857303,-0.5889273745645058
9576,-0.2542600107867487,-0.4580602872047966
9577,0.2768710647831356,-0.6299906400919466
9578,0.13175247463108172,-0.5469488280067666
9579,0.845161963997463,-0.4805416474952154
9580,-1.2487806752910007,-0.4008048022656129
9581,-0.18058251255091246,-0.5149407710086805
9582,0.26041011186899893,-0.6295464622976373
9583,0.4663487163368859,-0.4846212073708807
9584,-0.2966925831181333,-0.6024548834437254
9585,0.2888507821216403,-0.40136001146754774
9586,-0.45799107967175945,-0.5128282302505595
9587,-0.4486530079357304,-0.35646955744567577
9588,-0.02097231286980947,-0.5504347733818088
9589,-0.26544282585003887,-0.4376552552640473
9590,0.0064443764147472755,-0.5398978587248007
9591,-0.1961906714369594,-0.5882270429056977
9592,0.11133967353130313,-0.5428180140492961
9593,0.5805394843841825,-0.5839469654572426
9594,0.3865423122077286,-0.48922617636337073
9595,-0.13719637793871275,0.13346852235186996
9596,0.06227306651176129,-0.597148053218635
9597,2.037274593646281,1.3661678043278942
9598,-0.5265334875271224,-0.038298173542488045
9599,-0.25923770123442075,-0.31687190287111183
9600,-0.061206118128182885,-0.4992575012916413
9601,-0.17683823536130183,-0.5195045342983096
9602,0.6209351513572905,-0.44874407911314923
9603,-0.4561522089650924,-0.30495806621057975
9604,0.17210198342470115,-0.6137041764229291
9605,-0.47013674543251394,-0.5685620051829919
9606,0.47671084852771306,-0.4988111108995645
9607,0.1017930029561761,-0.6235717949182688
9608,-0.06667923689373405,-0.37656541102363206
9609,-0.01258745249660221,-0.612847556102945
9610,-0.46116935372732104,-0.4582223846903236
9611,-0.4848408775663975,-0.4867769229750819
9612,0.23330654629535116,-0.5633357611976196
9613,0.414201665384402,-0.5262817800844404
9614,0.23994624806354395,-0.4779460787393932
9615,0.14295159653369344,-0.521234670018352
9616,0.06747352419945911,-0.5328408043886841
9617,0.6610010383806727,-0.3816790185779729
9618,0.1950896946447807,-0.3627960941059299
9619,0.37652440291263006,-0.09518380556045819
9620,-0.05140015814296206,-0.0440135775988393
9621,0.22570758835826676,-0.2039910863805533
9622,0.09228429168388964,0.4356514127353499
9623,0.946609182597157,0.8832922542089794
9624,0.4711969139812093,0.3866946948616922
9625,0.03647153832982243,0.4688089332250907
9626,-0.5576219261186418,0.32897686441475255
9627,1.4080506070540102,0.3203310714978195
9628,-0.7233070042024514,0.22953213838460068
9629,-0.41045252256755416,0.30072397516476657
9630,-0.8812295465382869,0.7853890451539851
9631,0.33179223871801206,0.31454828062389173
9632,-1.0986372903413726,0.05889906172304773
9633,-0.7737323325702505,1.1679839074658844
9634,0.7880990547815725,0.2734576033232078
9635,-0.3331430476413047,-0.12942700472853885
9636,1.1478380687313994,0.07606377827035403
9637,-0.43329516161520787,0.04837023656811484
9638,0.5855920093187039,-0.3311209883958809
9639,0.43448537076141985,-0.04905998510726317
9640,-0.023842683109562408,-0.42593896978251145
9641,0.24164468447762885,-0.48216464687403005
9642,0.4241151364999241,-0.42579320384357205
9643,-0.5436454971823265,-0.42520329100239057
9644,-0.6965896348298027,-0.24479527508886442
9645,-0.06457911243706047,-0.4493771174005307
9646,0.04383286490093826,0.006388583878716266
9647,1.709430422966638,0.8474511435108699
9648,0.2488713005609184,-0.34643691219583755
9649,-0.81046260814826,-0.15738375254208622
9650,0.2980726442372749,-0.38173960577223753
9651,0.5262941147496775,-0.28038416688022555
9652,2.3810638631461583,1.2312760020648787
9653,1.912015813124752,4.317765456706833
9654,1.4850911186682594,3.556518219600674
9655,-1.438105053813689,2.416217256478625
9656,-0.9575307267432674,0.9394043411268672
9657,0.4537297365971412,1.1337304245739195
9658,-0.7281594367399414,0.3003243335636312
9659,1.3325784634820357,0.6382767970129154
9660,0.3740497751323652,-0.09058365989749742
9661,-0.60859731202657,-0.36158015834120266
9662,-0.40482024555165563,0.12011285801679214
9663,1.8375437093468867,0.3974578215108778
9664,-0.7885335491608705,-0.08529502287131466
9665,0.5921110911637348,-0.4452035785411763
9666,0.2967432003250314,-0.06699566714368665
9667,-0.3710674876240895,-0.37155408499307824
9668,0.22607568855266338,-0.2815336543244664
9669,-0.4392132357825516,-0.3012852001133902
9670,-0.40723689446318834,-0.18279461551643864
9671,0.35070252325001633,-0.30936688748738256
9672,-0.8383564855632069,-0.3017089913735469
9673,-0.5380686968128259,-0.056713831918745655
9674,-0.5445633951833174,-0.3696707413160029
9675,0.5483805743541471,-0.3421118839512378
9676,0.41088023521695,-0.4700837182800258
9677,0.5044677282417103,-0.496031275517018
9678,0.16883235694692453,-0.21714093416437502
9679,0.6455886680563856,-0.2700419543155659
9680,-0.2771682423961837,-0.2676670098961485
9681,-0.35077361726317624,-0.4916446507681716
9682,0.2699645445700592,-0.5083343865507478
9683,-0.26221192369760926,-0.5421070971751919
9684,-0.24399055425924482,-0.5175803941074888
9685,-0.25925481691645963,-0.48160295046952944
9686,0.30998385297796216,-0.47778392024006433
9687,-0.7996395826632416,-0.36826071222983137
9688,0.6084090572111605,-0.5501847113973796
9689,0.7855210893920487,-0.4192777634199588
9690,0.13068602940473198,-0.5431694300229019
9691,-0.4998776087179836,-0.45939545988921243
9692,0.14231325240735368,-0.39439832596715024
9693,-0.5296077932948705,-0.4715359211961395
9694,0.3187455596997663,-0.11392304960383302
9695,-0.10486953312275712,-0.45932651581096595
9696,0.5090985127490756,-0.4534193263771385
9697,-0.5137778565860266,-0.18244415990114388
9698,0.5849391138952228,-0.25967670715041036
9699,0.955758131597379,0.672833217894907
9700,-0.035766623943489846,0.29701963972023104
9701,-0.030568324482652853,0.22787000346589925
9702,-0.4111658594891843,-0.19692128322051974
9703,-0.25985381338073305,-0.3269901014726345
9704,0.5899865491647238,-0.46411853452134744
9705,0.5081874123066409,-0.24685928985257333
9706,-0.37921336064403643,-0.28192679525989267
9707,-0.29952874221793974,-0.39830387874772155
9708,-0.10335967060015176,-0.1542731730537252
9709,-0.26403332262371754,-0.15710178704612665
9710,-0.2023067223413716,-0.5207135939612297
9711,-0.7110871853893141,-0.1858763659768898
9712,0.1849570023446588,-0.47865972504537513
9713,0.20856273443806037,-0.38800757362865956
9714,0.4601023329895305,-0.3005682027617923
9715,-0.31455299212413235,-0.16078071702072189
9716,0.3049051073173274,-0.4689880386046814
9717,-0.23816012710685236,-0.45913734606495565
9718,-0.12778003797940254,-0.5364886650835936
9719,-0.6866689163273413,-0.3824681738061706
9720,0.45002928796327807,-0.1485085732538365
9721,-0.6100550508198126,-0.35241124547829156
9722,0.4021829566705503,-0.4759372359549818
9723,0.27162089971166564,-0.3822021548466653
9724,0.7089710456186685,-0.3406582373183284
9725,-0.9257618009658177,0.6113090849075702
9726,-0.24899486739412177,-0.345435534384323
9727,0.5001019409044791,0.2379199186682208
9728,-1.1311255386589296,0.35886639376210694
9729,0.6377706594159448,-0.22851441698529557
9730,0.681875305117689,-0.41424666521335873
9731,-1.0741949754238387,-0.23478387002666606
9732,1.1987315296363725,-0.20975772828999775
9733,0.3192893466630723,0.1602660379172034
9734,0.5024729154321086,-0.3033023550161956
9735,-0.017383357012695135,-0.32852459527112504
9736,3.4370536598488837,2.437255315599914
9737,1.0289484737243118,1.523231106187333
9738,-0.20196047768154984,0.7328542693833264
9739,2.6589123836812916,1.4382006034749377
9740,-0.0027082800607392816,0.6455909134072441
9741,0.9956667732148838,0.6784858935147479
9742,0.4739671888351637,1.2180673797039387
9743,-1.1062583900882574,0.49197652843515305
9744,-0.6568361308905535,1.5370609555970305
9745,-0.6766069669209072,1.2235099953291
9746,1.1936357250974539,0.6311524930770276
9747,1.059599261159886,0.4263826141595779
9748,-1.0645995374392347,0.06371853253921958
9749,-0.22868089230148825,-0.3745030530136842
9750,0.06309508248753642,-0.20884162405928344
9751,0.6382379880059021,0.024538969074516116
9752,0.02169747720472507,-0.31534279028058104
9753,0.3661667012539598,-0.37918270543196264
9754,-0.0539049899301188,-0.11844942116971291
9755,0.672670680308479,-0.04133516456897578
9756,4.07538470960574,9.577019239287509
9757,2.6652993498401707,4.43304049764308
9758,-0.12969795537443102,3.0150951187443353
9759,-0.018683391800330153,1.7283352908675482
9760,-0.28659676034015374,1.6949662918003277
9761,0.41279350397933084,0.39727232825248804
9762,0.3569262298443419,0.1722611139865704
9763,0.08362942156537755,1.043251221527417
9764,-0.9384382602508464,0.3843799475736234
9765,-0.36433625611409104,0.7950252306832926
9766,0.9256102211706919,0.08522178326539005
9767,-0.6585606484144817,0.441135771111269
9768,-1.8564837076280585,2.0008185956773796
9769,0.411736388032652,0.7839707003270516
9770,0.8112610132145951,-0.33747839196211354
9771,0.7568736789725343,0.5527179793971496
9772,1.5937012756000062,0.6085956507505631
9773,0.14250546727195157,-0.1642694572567977
9774,-0.002376233906103271,0.9358288226502468
9775,0.22666097230912122,0.1700050276602879
9776,0.7834315152417072,0.4618837212884856
9777,-0.005659780161734684,0.4548413908066145
9778,0.5484950793666701,0.4355333978541438
9779,-0.7355265776160809,0.48426692186676296
9780,0.17340048192945035,-0.18926080874333967
9781,-0.03330173108016519,-0.010528709461571917
9782,0.6165978890977357,0.07296292896010032
9783,-0.9525635919748139,0.3966519022822578
9784,0.0032569809256083556,-0.11878327869514951
9785,0.061927463940355344,0.3894393523716
9786,1.388108296651267,0.606722163868587
9787,1.063528466807179,0.8457253067047429
9788,0.31832965883998204,1.4518508181199172
9789,0.7126154940085929,2.909839920374364
9790,-0.7052043709677598,2.559348878894441
9791,0.6924151154859461,1.2171269816072967
9792,0.12826419948091572,0.15170091979693265
9793,-1.3720600724033731,0.8637024463417692
9794,-1.5632580306908024,2.4327799604154716
9795,-1.2874181621903888,2.042568826037767
9796,2.111445869377991,1.886236128898402
9797,0.13285919967561133,0.7205281483067821
9798,-1.4347794758329746,1.2324801825474718
9799,0.9522936966412087,0.4653924032173286
9800,0.7912912223240741,0.3031024151544507
9801,0.4455995743055234,0.38800612036944443
9802,-0.19810766684044284,0.19883702449898438
9803,0.45733601291848336,0.11121923382172708
9804,0.9247485720509252,0.5847511485652878
9805,0.654327809581252,1.104271580918226
9806,-0.05002710831211712,0.6246005215795746
9807,-0.4024266042665281,0.5412884285562686
9808,0.8815163275238584,0.578444098315679
9809,-0.5754888894046754,0.21885749383550127
9810,0.0468910789363321,0.21507882295092054
9811,-1.0304621546433035,0.6086247461331018
9812,0.06446135246424017,0.29866310848330035
9813,-0.01746380474576949,0.1962186245824184
9814,0.18393813035722803,0.476200901511977
9815,1.1754150358960338,0.44259824745559984
9816,-1.79580592469562,0.39958391384672504
9817,0.504984731481769,0.055419415392270965
9818,1.2388892649419512,0.7055769941710311
9819,0.21671256457467178,2.74453973667665
9820,-0.4403226058858381,0.8178658722813139
9821,-0.5638396922320063,1.2325407300392253
9822,3.0861332767468728,2.5348036617061354
9823,-0.06756212966543648,1.2640140292105981
9824,0.9010123042315547,1.706176553469331
9825,0.3000355791667165,0.5009844329236212
9826,-0.8049664156247012,1.819165593442073
9827,-0.7274588120390543,1.6068203950691315
9828,1.4721967159794338,1.0852620422963606
9829,-1.5932427957905317,1.3110701679851178
9830,-4.591663129883755,6.180625595013698
9831,0.428347959480115,2.266388166307314
9832,1.4911716125032002,0.7473823040598143
9833,-0.3470740249220093,0.07190671698300762
9834,0.8879592823692014,0.810168929992055
9835,0.4130691136109339,1.2402849129074365
9836,0.8979503683715376,0.2731392056105416
9837,-0.49585086374042886,0.0030050888115192554
9838,0.9051037292500161,0.22126512336134008
9839,0.3897946338055355,-0.17907549699331368
9840,-1.210005809983676,0.2604766379175639
9841,0.9296320089659788,-0.142743118885497
9842,0.1674915088413563,0.09802153277524815
9843,-0.5602623399928014,0.11747777883434131
9844,0.28169598320643435,0.3207740860411505
9845,0.07781692760549909,-0.1707196320689887
9846,0.8698900745465646,0.5961824463860902
9847,-0.7256603647035289,0.1472317046595839
9848,-0.5771316084793743,0.377843822903764
9849,-1.0958715336842133,0.3740963435286491
9850,-1.0221600688046206,0.002932909554624994
9851,-0.37374579284257803,0.22931809499636532
9852,1.053882147479641,-0.18604587625188707
9853,-2.3577938901258606,1.313284423067706
9854,1.04871947869075,-0.0768486431202155
9855,-1.0886460648192784,0.0876760005563099
9856,-1.7946313685978688,0.9254283163644677
9857,0.5183256540328259,1.595363116839127
9858,1.2989196800817382,-0.09556588396333827
9859,1.1202338612759128,-0.02066143913687352
9860,-0.1390803968296008,-0.2156472754490946
9861,-0.19168622430137428,-0.39988464430152565
9862,0.020319180459217163,-0.45819525813310746
9863,0.1664591307166555,-0.15800977506708722
9864,-0.2506507265921094,-0.038532815415018365
9865,-1.6375541558407705,1.014138807905989
9866,1.7277895693692464,-0.2753826451580313
9867,2.061141425693288,0.3862472618654871
9868,0.27932183222237855,-0.1630473847429121
9869,-0.15783230215053004,-0.09645984134344854
9870,0.11889046173420936,-0.3903286628554526
9871,0.44927295750958746,-0.2371829301290624
9872,0.3448541607906691,-0.4723276391150277
9873,-0.025830681865914747,-0.25942676958629635
9874,-0.8992823127882006,-0.21268132337178958
9875,0.7497896802523553,-0.28522896410427045
9876,0.19424178536576395,-0.28219719344023564
9877,-0.40404822077356867,-0.38137456518200913
9878,0.04299683332650546,-0.02199280818762533
9879,0.4140604633591247,-0.09035946990119262
9880,-0.1937762295273388,-0.3004662141948848
9881,-0.7208296854172448,-0.0809031818496343
9882,-0.6028237186464241,-0.012883237144242417
9883,-0.8107883396991107,-0.10340885229400205
9884,1.005801852293318,-0.029594367384955186
9885,0.29792174100602764,-0.3440301676473918
9886,0.16965976899778598,-0.4462492261324567
9887,-0.4381722305310418,0.06831793237574714
9888,0.860194656014606,-0.39217478074328543
9889,0.8526049931773362,-0.22587894389457208
9890,-0.28771241037635853,-0.43888975168851774
9891,0.36832003231578136,-0.28449404228059655
9892,-0.27140689963479475,-0.17503284739028607
9893,-0.9437474905321241,-0.33158845852478797
9894,0.17924259219133368,-0.4125272452950869
9895,0.20639422177336442,-0.24634912281819607
9896,-0.2097841309986456,-0.5137742314952417
9897,-0.17786665059214593,-0.27932954165085666
9898,0.2633088032953599,0.23857674879252477
9899,0.00793432741660525,-0.4097789323657311
9900,0.3133709803143058,-0.33200211072073704
9901,0.8135021686426387,-0.31288812542263034
9902,0.0846441891058223,-0.31563962180379873
9903,-0.6259588955792392,-0.29300749952152716
9904,0.12665356233023284,-0.2578447511886438
9905,0.6443082525639482,-0.3282071082272359
9906,-0.14812524951731681,-0.24729202073476575
9907,-0.534059501013938,-0.37443777264417627
9908,0.0731460039658218,-0.5451520516465029
9909,-1.208343448260845,0.5246158250048906
9910,0.09775265265460831,-0.3531825283660315
9911,-0.6152401094191736,-0.12281949233233243
9912,-0.7828041278098135,-0.08349761898394811
9913,-1.0299361642449978,0.6502655826625883
9914,0.3016641768078121,2.110098964050418
9915,-0.3738400760117318,0.9274748813021494
9916,-1.0416284312910467,0.09189734368350659
9917,-0.3252628368609966,0.4174075630215847
9918,1.3266785859763315,0.3935536136834956
9919,0.5552473563657241,-0.16373984468379388
9920,0.09030670266139712,-0.3546012560415239
9921,-1.1716803079453064,-0.2186684199352106
9922,-0.8750374271332334,-0.17589286980174756
9923,-0.4516946512183359,0.056066786584387344
9924,-0.6473587679254708,1.0776566591766867
9925,-1.5346205059009004,1.8676582774494412
9926,0.4019596189318084,0.6039689855044242
9927,1.4966771795229112,0.9215422656830928
9928,0.15269505829466182,-0.054260260991707526
9929,0.08981231661218428,-0.5474052725241573
9930,-0.6639541950623428,-0.3428101313975529
9931,0.9951495838308039,0.04033830517603755
9932,0.8153436765177337,-0.20680167065515756
9933,-0.029839046632763325,-0.3108414438578761
9934,0.13826517910681804,-0.46359007804116376
9935,-0.1472923277332079,-0.17266165999935035
9936,-0.17930575074670785,-0.5626324352156357
9937,0.11628043314671598,-0.5529714635143498
9938,0.2485042565523088,-0.37868505772309796
9939,0.4196582217932159,-0.3335869362590521
9940,-0.7165457382828315,-0.3866336088730243
9941,0.7103932536711689,-0.4958585154641199
9942,0.018472148337378293,-0.5474667879434085
9943,-0.8946842005319738,-0.44001141594392157
9944,-0.12091295583556155,-0.6079678130330477
9945,-0.618795793696592,-0.437094799733321
9946,-1.3650979837610675,-0.2945477709864248
9947,0.44808191564820665,-0.20073857110471688
9948,1.475964894397991,-0.49519905000510117
9949,0.7925484210663977,-0.4335202624301008
9950,-0.0890875980029311,-0.5671454609139898
9951,-0.3410206500800718,-0.5137978673172348
9952,0.17709572866499343,-0.625862561935645
9953,-0.042897895858544886,-0.597649683623761
9954,0.12223953763794056,-0.624699934924019
9955,-0.6623659928504013,-0.5320481553092916
9956,0.33705646348097984,-0.5644376449397749
9957,-0.2207972432346558,-0.46681322448804563
9958,0.8131809664949327,-0.37166954708683697
9959,-0.1729566787800373,-0.4872257194876994
9960,0.6052182069640851,-0.29212020440962844
9961,0.07643945878972701,-0.30186438878067995
9962,-0.6746679469123144,-0.5022003767897949
9963,0.20648136870240755,-0.6000867655170106
9964,0.08270358339579903,-0.5547811605697667
9965,0.5820349039260894,-0.15237594655491604
9966,0.1574336109839373,-0.45398490574376266
9967,-0.4593693329066312,-0.4515571645627456
9968,-0.4245823844238718,-0.46944325605245707
9969,0.5188530745578611,-0.5026788737126608
9970,0.5635744855127418,-0.3567622511799577
9971,-0.67105333653469,-0.32700715766432364
9972,0.6544126490942835,-0.34028201736598435
9973,0.16487315753748488,-0.5111017404361374
9974,-0.12917691485554247,-0.5772968021320969
9975,-0.07447298241490816,-0.48432743109754306
9976,-0.271185981411093,-0.42689767933828493
9977,0.44231513464821715,-0.24258636904041012
9978,0.4900537562659052,-0.3533823654303517
9979,-0.1990501575009886,-0.2394166555852551
9980,-0.1333880295935228,-0.6016362094484897
9981,0.10755540436769077,-0.5912590909032077
9982,-0.5141036402208652,-0.3014047297142966
9983,0.6137022829933722,-0.1872564787607734
9984,0.34412154580957993,-0.2919241943224552
9985,0.43431828664710814,-0.16436693260651028
9986,-0.6280078994622406,-0.3029225267105683
9987,0.26558370973935963,-0.224158933829743
9988,0.30421611396190196,-0.2728546485303748
9989,0.05547203527245626,0.06803273643924851
9990,0.3029810464113425,-0.2899063530428234
9991,0.05832815031285162,-0.24367738955471818
9992,-0.30486967134759113,-0.28431312159850747
9993,-0.348750488652375,-0.417831252810076
9994,-0.015023984309552754,-0.4505599985984026
9995,-0.05055369650616909,-0.5075823652226703
9996,-0.228916938391492,-0.30982423959008015
9997,-0.4322329579874576,-0.4127683497879124
9998,-0.28541966284062814,-0.38905782930382493
9999,0.599165775885143,-0.49924599546242887
10000,-0.191511331810026,-0.5804635238888586
10001,-0.1924805580217135,-0.45950843839798766
10002,-0.477083201646807,-0.37475839496798674
10003,0.9911304179581908,-0.37781463118835823
10004,0.24274356983396667,-0.23040553754060997
10005,-0.375969287078776,-0.44306310035648244
10006,0.3961585322661397,-0.4943655458349467
10007,7.364781173506513e-05,-0.5308399483540776
10008,0.6999609150806173,0.12903847835686919
10009,-0.07608725635692004,0.05774678848954501
10010,0.7321487900588436,0.5324957606035834
10011,-0.9730449887516457,0.4589643773089034
10012,0.5296697570587116,-0.1896123518239245
10013,0.9972808364446939,0.1831667982637501
10014,0.023172793386422655,0.19476185489142298
10015,0.2650323229307505,0.2643821503213128
10016,1.9693245159299788,4.720649342164699
10017,-1.7450988618075527,1.3636072868885958
10018,-0.2905001629441916,0.5710112521230069
10019,1.1436539678054989,0.4069377989918269
10020,-0.35032179477609465,0.3079466240547856
10021,-1.362740648754681,0.7773338379520469
10022,0.16037357817428385,-0.024307317858985752
10023,0.3963797361723249,-0.03463536958097943
10024,0.203080391519987,-0.27028974207482537
10025,-0.3372941614060475,-0.4943143598627615
10026,-1.2763852655108072,0.35654810608926263
10027,0.29858039773632655,-0.17872234212176705
10028,0.48520259977923963,-0.4387051661937928
10029,0.5433553529592235,-0.24705020904146832
10030,-0.09054601468609047,-0.4649986568648121
10031,0.16712492171864132,-0.36962540522336884
10032,1.0754094594623615,-0.244899631118313
10033,-0.25753236313290273,-0.4194715051029527
10034,0.23044563352440672,-0.39328252173579786
10035,0.08955275928271886,-0.5701844414860286
10036,0.6425308916433676,-0.08234878183223855
10037,-0.79406772192129,0.022717506922937704
10038,-0.5528788683285557,-0.3310110105566658
10039,-0.11174524533243953,-0.4665957871478229
10040,0.9355931050444233,-0.3108216605359955
10041,-0.4785639805693148,-0.551261671044962
10042,0.03496543124876191,-0.5633176092676073
10043,-1.0407296715547025,-0.45889128518365896
10044,0.1626201596358527,-0.3568885991253025
10045,-1.528200121222174,0.4115331671927873
10046,-0.13087230635504307,-0.2908967533439261
10047,-0.5708487012036901,-0.019332725956910296
10048,-0.5415905540369965,0.4554862005102107
10049,1.8015266960408953,0.006008995638837964
10050,-0.917422430352195,-0.3871323004798394
10051,0.26676102554301145,-0.41257506538826727
10052,0.005453203644283614,-0.32612842861570124
10053,0.2576774954717371,-0.5485622578515104
10054,1.0465930282417817,-0.17173021256208224
10055,0.39958552899212446,-0.37787449159939396
10056,0.3565543037488279,-0.056104104420843744
10057,0.5950492158595723,-0.08834348344038447
10058,-1.1395565740911417,0.24420266584275313
10059,-0.06873973932411495,-0.4522975069765229
10060,0.12324515136096956,-0.3678328060029942
10061,0.5226625123743613,-0.08248885571828793
10062,-0.08028197080632285,-0.3747473494213641
10063,0.4588850622985719,0.23406562525147445
10064,1.8788276315578145,1.315911167869622
10065,-0.09901732577620403,-0.055463754537570915
10066,-0.2919995584860345,0.5889453239326123
10067,1.165121045910443,0.7376715754432323
10068,0.2268369202680124,-0.03589727817496907
10069,3.5352419760624545,4.672873186792448
10070,-1.1844982474995636,3.0966529275785803
10071,0.4317652623268161,1.4123308041149942
10072,0.5668286670441715,0.5527995677194271
10073,0.4589782502512758,1.6190015322820277
10074,0.6892280279749085,0.6917984788872525
10075,0.30791705809261694,0.8527381744034571
10076,1.8987521297936523,3.232284357276562
10077,-2.0012912898205197,1.954757676264332
10078,-0.4711367220819514,2.793689554574555
10079,-1.2595874315706321,1.9639758011696142
10080,1.2855781854543822,0.441604458016615
10081,-0.8439273384630647,0.5545789144674664
10082,0.5433509294207414,0.19742525323350935
10083,1.088457601299176,0.7160390981156813
10084,0.5729219977044104,0.473699146648159
10085,1.4141773168270793,2.8689598555107025
10086,-0.30325271611094673,1.6578135533021192
10087,-1.3130575227514825,1.013217829458245
10088,-0.5514866638124705,0.5699073317850791
10089,0.7834130123321357,0.0943194308187894
10090,0.2526544298479275,0.6692280122923899
10091,-0.8124803833372842,0.3036571748351401
10092,0.17508740434948575,0.6289862309154898
10093,0.5152630415921782,0.83141399778762
10094,-0.6984818241483344,0.4294521596872575
10095,-0.9188480195593296,0.994423386264325
10096,0.5673971418611022,-0.0796198733321155
10097,0.5816820807536651,0.16045564215049068
10098,-0.13064224709399586,-0.4094325640890465
10099,-0.5311749110388944,0.3123565816342905
10100,-0.9290305218325444,1.1922196855470066
10101,0.33945051813916743,-0.08573816059582241
10102,-0.7089076096483006,0.4350332540000462
10103,0.8080764485049514,0.10690420899914128
10104,-0.40261384341112516,0.4115019542256842
10105,0.138339439759294,0.006770599185118405
10106,0.2895359997119719,-0.15244297102422852
10107,-0.060372594225976205,0.1485730717365884
10108,-0.6232644852503326,0.5749577281254015
10109,0.25111466975704483,0.6136039034839451
10110,0.340755924459938,1.224871425507728
10111,0.20389081738051948,0.7629023472485487
10112,-1.6842336952685737,1.4606963970903655
10113,-2.488623174765184,2.8995421103487917
10114,1.0803306731721354,1.1605222604798497
10115,-1.7463344261553129,1.5034146767459737
10116,-0.6287137496575417,1.3250733236655747
10117,-0.8623635968427358,0.7302899212153791
10118,-1.687530806790524,3.0447025830956633
10119,-1.759494249309041,1.5174637010475949
10120,3.223163372620488,1.5672893153836343
10121,-0.4173134863911944,0.6399797474066087
10122,1.0977321411141072,0.706437741255683
10123,-0.38263959443591633,-0.1011527850738791
10124,-1.1043073919508244,0.2952331338447938
10125,-0.6193900404284213,0.2911835259595951
10126,0.4370672712298407,-0.3132585227963036
10127,-0.7605254870509616,0.08759532538405244
10128,0.8820633967817543,-0.22214399737168242
10129,-0.6221677397263623,-0.09430961847462294
10130,-1.4304153127847656,0.37246783502344855
10131,0.2739202912629819,0.1755039186347722
10132,0.20077910811680802,-0.34735360723778985
10133,0.11962181863687593,-0.2214792170194356
10134,0.04535745517830458,0.19856755079889665
10135,-1.6749471975656924,0.5444721086850077
10136,1.2155370820098155,0.8005427531422895
10137,1.0275923437718677,-0.2936825863924957
10138,-0.14675997364416737,0.013842882326116837
10139,-0.9454731518907107,-0.2674226073854645
10140,0.5982788845160107,-0.34151084033711515
10141,0.1922538226626266,-0.28796813870658405
10142,0.15867747289391299,-0.4935929340985305
10143,-0.36095356047767807,-0.22267236711552796
10144,0.28759571639232484,-0.5364905697971744
10145,-0.08709429884261037,-0.4108320362322364
10146,-0.21610709714595372,-0.563221329115298
10147,-0.43483754079998466,-0.5587280647002583
10148,-0.5979540809025872,-0.4770813285351283
10149,0.3909948207871841,-0.40345254307652495
10150,0.0018911084062918602,-0.5465731493517821
10151,-0.9194314956717029,-0.09680264077411718
10152,1.8683542403722633,0.04784340574034802
10153,-2.5994389406460936,0.42569225941688504
10154,-0.35734234489906214,0.17299928409038712
10155,-1.2235033671085165,0.5760876551318403
10156,-0.35883273542336164,0.5541597220574437
10157,1.5807771882594193,0.5458392276579355
10158,-2.297163344286993,0.3970157172537492
10159,-0.2815977804871618,0.1471433708711763
10160,-2.3095925130720976,1.928325561486595
10161,1.4019856970469131,1.1389954605686998
10162,-0.35250731078575326,0.16540192202784484
10163,-2.8646714623852896,2.713475065560792
10164,-0.23963631402388055,2.2298587123311044
10165,-0.31687889731346214,1.0428348876707951
10166,-0.06937399628626718,0.4551277181084015
10167,-0.3345900749854244,0.6049406290453766
10168,1.576531456241604,0.679218329907414
10169,0.3880387992948026,0.06404714915204097
10170,0.06845883062232332,-0.4457568688189048
10171,0.6724984545063019,-0.04968871494575474
10172,-0.31105377930406347,-0.11556658529860474
10173,-1.0016221055652217,-0.05304756378279932
10174,0.5181114216713689,-0.41884272802850453
10175,-0.17182645620826043,-0.08380169886519005
10176,1.0350993195918605,-0.3543890938897803
10177,-0.15346928579699778,-0.3264364084868903
10178,0.18223971177894246,-0.22864307116095572
10179,-0.2682994010778863,-0.19673822327959806
10180,0.10605194056093442,-0.3400416252104335
10181,-0.8150566579010081,0.19268957867738717
10182,-0.44509404785006645,-0.13772247214211444
10183,-0.2537107349579904,-0.11265262153000265
10184,0.37177385506541427,0.29407652439708876
10185,0.10801774099741891,0.07918408700559007
10186,-0.3504806894625856,-0.39197070408288126
10187,1.3814864919362237,0.022840673779483525
10188,0.6615641115293713,-0.0006696819722669553
10189,-0.4508114119504456,-0.07379421040383354
10190,-0.39681331294122546,-0.5252920851932035
10191,0.09405731780928182,-0.30785716194944
10192,0.9929154254783589,0.3685657135411366
10193,0.23966700734819993,-0.03369681377126046
10194,-0.08831257090368806,-0.25032616451568684
10195,-0.4515620070527989,0.2985782001231758
10196,-1.2770719104658481,0.29362719353759936
10197,0.6466710646377535,-0.36100877842335255
10198,1.173039729644343,0.019517615440042498
10199,-0.32684849434159957,0.24139124953191277
10200,-0.46555047428632235,0.008681265061332688
10201,-1.3936502610087185,3.3167021426799796
10202,2.9931236808526154,0.9101797125996294
10203,2.685796136134179,2.3273502346442942
10204,-1.064338199200952,0.6600855458692629
10205,0.8874392352179005,1.0894044938576126
10206,0.2082344241453015,0.9766404289367641
10207,1.264161658686442,0.617656989707226
10208,-2.5243638333365066,0.7441883872349765
10209,-2.7874412959271826,2.6601717618101044
10210,-3.1658919534218497,3.722312702186032
10211,0.7780752520807639,1.6596249982404891
10212,0.36528464218718254,0.4873038115648889
10213,1.0078505449292925,0.48834486967097196
10214,0.7835315865737736,0.6445557219466522
10215,1.479226880982666,0.9218885313300061
10216,-0.09341363992804184,0.14269683086580645
10217,2.3674915509270256,0.41600989185183207
10218,-1.4943564121706585,0.8936691181228023
10219,0.4195893032783808,-0.28026514860611673
10220,1.5873101397811529,-0.04134801798490565
10221,0.30388262946026795,0.2132632971560444
10222,0.6884834898081722,0.395901805584677
10223,-0.8747389615903728,0.9559912746575723
10224,-1.0733400729264675,1.326159086782883
10225,-2.3954113156400423,2.1401793025876636
10226,0.7404193550888164,0.13916868148559164
10227,1.2758660683349095,0.18474718428632306
10228,-0.8430124245259147,-0.006917231647398789
10229,-2.3131687979259863,0.3847204835651253
10230,-0.7837168311999613,0.819401792683283
10231,1.0672356098906104,0.14413389694224496
10232,-0.10071482538221561,-0.10599590304181984
10233,0.10499910669951597,-0.4954850415326294
10234,-0.4947969655046978,-0.30451959411942076
10235,2.0483305546911095,0.010959157908819515
10236,0.33649356583833995,-0.406933696451513
10237,1.593200750852891,0.18687878427373833
10238,-0.09193992048111929,-0.4771696211575234
10239,-0.39039889901065794,-0.41724526318683497
10240,0.2063557483122468,-0.5082938196624837
10241,0.5840034865637891,-0.16168981805517327
10242,0.4886994094729731,-0.4460156403739495
10243,1.1097844204907714,0.29424570965451136
10244,-0.383394084199685,-0.2775116619420058
10245,0.639289844460856,0.2703819707821319
10246,-0.1548363920714744,-0.36413504630612803
10247,-1.382706677960689,0.2950827285023867
10248,1.042260173702466,-0.09578373062036924
10249,1.5840057735642548,0.00997646485925549
10250,0.24615081382432086,0.07645597471472357
10251,-0.699156675698101,-0.031023159176522985
10252,-0.3141684186313172,-0.09885251138648138
10253,-0.2448551490765554,-0.20185779356358619
10254,-0.11066570442426504,-0.23693156029900284
10255,-1.0250106230140044,-0.09101054667322907
10256,-1.5649464705313323,0.7214754703228897
10257,-0.9512174360431583,-0.33747090354105386
10258,1.1201879646251411,-0.2878488656060761
10259,-0.36333617497967474,-0.39810979267513824
10260,0.5238758721557871,-0.4740829244599502
10261,0.5967289405608326,-0.25989401920142036
10262,-0.37216053848086295,-0.5508714072455383
10263,-1.1613281464590475,-0.0230391086271638
10264,1.3172179337022252,-0.45128705027628563
10265,0.1855307073091047,-0.5934909255898254
10266,0.22174029267722847,-0.5108475248894804
10267,1.2517418108356018,0.1727687701091802
10268,-0.4252849198317503,-0.3989851922815393
10269,0.5239016146678559,-0.4382220360613512
10270,-0.5334992817996606,-0.006753314916901011
10271,-0.5543705290196365,-0.2016783634738031
10272,1.135113864270133,-0.3476422681413664
10273,0.8689576524673105,-0.2918932193150937
10274,0.2030000971572897,-0.11781009734133774
10275,-0.6301493812073414,-0.42529675615063883
10276,0.8305221456336579,-0.4184434142639751
10277,0.15277345265622455,-0.1306867387332682
10278,-0.3510157099097591,0.2144351209295296
10279,-0.28369400740830386,-0.3355186762745826
10280,0.3067185079014845,-0.3499208794987849
10281,1.4839556131250038,0.2178867103243578
10282,-0.15603600999052078,0.2128534572495351
10283,1.2367633442865276,0.25242522106570603
10284,0.12945211039186522,-0.21375950660040277
10285,-1.0334482039760193,0.769575867261855
10286,0.8836901796576346,0.2811056837195132
10287,-0.24849162828629598,-0.05242972039369474
10288,-0.14523076411352848,-0.020660074499971898
10289,-1.039231802724103,0.37489818102043976
10290,-0.3056417102719659,-0.10020387240851267
10291,0.7440892647437853,-0.2243654798763528
10292,0.04803944696301074,-0.4901992125468861
10293,-0.05495874605527877,-0.48685518541542605
10294,-0.08676934301637765,-0.32742536527275623
10295,0.299417673875204,-0.27215782054883636
10296,0.43367160565926455,0.0027262388338431167
10297,0.23558414950889828,0.14088315079682326
10298,-1.1486973232390454,0.31999569607455164
10299,0.3252715449185429,0.7255038229320083
10300,0.2612238590330488,-0.2577484276858148
10301,-1.611388532655411,0.8567495250503065
10302,1.1107158778403032,1.1053724822278044
10303,-1.533296451665119,0.7773263210362491
10304,0.7038198367329208,-0.15166883084696936
10305,1.1704076729033484,1.3521523304896823
10306,2.009850369643935,3.6361742153042376
10307,-0.29926052520081525,2.632724694621661
10308,0.24334521890855973,2.7349052487346985
10309,-1.6623773408698412,2.2459895270120334
10310,0.6348612513268985,0.8862021809391327
10311,0.11044896237344298,1.2204592713143814
10312,1.694599198902358,0.21228532969918298
10313,-0.32859867760032047,0.9266182531959631
10314,0.7239755888080086,0.034176006706619674
10315,-0.35068458742947733,0.3297946613829968
10316,0.9523772533897795,0.5168023581611773
10317,-0.40235262408451616,0.06660617680542229
10318,0.2673492151053554,1.1855353665706505
10319,1.0600215012067151,0.21488258277757594
10320,-0.1393726380253687,0.06751863647179536
10321,1.541584747207287,0.5584198504672545
10322,-1.2442135441254665,1.7535059951912473
10323,-1.0525724071604436,1.1235122122510204
10324,0.5099258487560108,0.5758019660141978
10325,-0.8463891022151753,0.8012258782148455
10326,0.650936028638106,0.0013706067563856708
10327,0.7754453207891123,-0.017759669903073684
10328,1.5009655559582125,0.6938293863833012
10329,0.43969709664427353,0.2689829982018215
10330,-0.3550345035194207,0.20925564193463195
10331,0.2406787114045735,0.6949027307353166
10332,0.540590396886075,1.2549241870366061
10333,-2.4745054499429586,2.211013448605778
10334,0.3500211376155425,0.039665941419025415
10335,0.7337635379412012,0.8137589265398563
10336,-0.7321961004067361,0.6913431529033377
10337,-0.4920380926322847,0.16926154294602896
10338,-1.735329922736749,1.3445896040820937
10339,-0.5454936881294046,0.07937940180117205
10340,-0.13879819325342388,0.08290278904951345
10341,0.4612246016139563,0.13113598216389125
10342,-0.39523148398424335,-0.407058242283453
10343,0.4696247672099786,0.0052421567703869664
10344,1.4756269205717005,-0.06365544245673352
10345,0.8625433913621919,-0.32412497516558003
10346,-1.2311043712527006,0.08515169346621057
10347,0.6808158159356935,-0.028663058046573563
10348,-1.513709224656614,0.9642286177945836
10349,-1.3764059243162243,0.9927332440459948
10350,-0.6165932910012495,2.1597266800677306
10351,1.04866532423741,0.38355412831133195
10352,0.4695480807473701,-0.267059162231401
10353,-0.24676101286060084,-0.20205555307023643
10354,0.07603180793760231,-0.3517620985414233
10355,-1.9420372584383963,0.07877322738568232
10356,-1.1971941715611216,0.5537452691588962
10357,-0.07021112172623135,0.4879635319940391
10358,0.6485618793773111,-0.36388427333963674
10359,0.7221511388204921,-0.0591142797107191
10360,0.2469962942528111,-0.3594419258444456
10361,0.30914691946200207,-0.36222152363407123
10362,0.7356211340696884,-0.1770770817811719
10363,-0.8361282238049735,-0.3095146740349028
10364,0.889943065526312,-0.017496808189021076
10365,0.7526104526002494,-0.036913399767071975
10366,0.38679334737704923,-0.2928682959448163
10367,-0.3270961793088824,0.07460729394074553
10368,1.864428887270433,1.5087378058413414
10369,-0.24570936247970934,1.3263224775307987
10370,-0.07126286933007808,0.4297976229338302
10371,-1.9422976400579774,1.1943198749238917
10372,-0.37242980150467175,-0.1605726787174796
10373,2.3106549890423795,1.194742684782657
10374,-0.5592317541272199,-0.08397830515527568
10375,-0.4770663494702788,-0.23679951929343182
10376,0.5958834394938757,0.4765349710888425
10377,0.3402270012684801,0.2846384780916936
10378,0.7427209868660819,0.37249841151533886
10379,0.8321628716644076,0.45241952250945744
10380,1.800299415572512,1.873172240263751
10381,0.7784973715799498,0.3490113636752373
10382,-0.8913058737881574,0.836976474058531
10383,-0.5636486313528265,0.4851513030594677
10384,-0.3416822238199194,0.21998981191143813
10385,-0.8614227617727769,0.1569859200037016
10386,0.4891022936449362,0.0021219289326578974
10387,0.11162671423915414,0.32711069408421867
10388,-0.18177345816246937,-0.16464444997728656
10389,-0.2341952517631012,0.18461483657240035
10390,-0.2133299584283606,0.18103909250811065
10391,-0.6563271119325066,1.4701939565015079
10392,-1.4459128012969482,1.1788100443820346
10393,2.343091231205293,1.4580330669564658
10394,0.15490508474484485,0.617117550972927
10395,-0.5544934761454302,0.39302923505359205
10396,0.019967631494599142,-0.03971570057600383
10397,-2.1041523440044587,1.3345792273586756
10398,2.200501759610936,1.796646008490402
10399,0.48409647403229206,0.9058854623948294
10400,0.380991379309993,0.5086013749255431
10401,-0.30652881850401964,-0.001461400184591389
10402,0.3449625915807036,-0.052850917530858216
10403,-1.7600393384346191,0.36403816111805726
10404,0.5574429146839877,0.0896038298074161
10405,1.9519369546260534,0.053374322680321926
10406,-0.5533293333340703,0.4125073212894925
10407,-1.0580462535485178,0.09110343505142113
10408,-1.0480114324474108,0.9887434190848745
10409,0.12008588581609618,0.8062674556515511
10410,0.6190894117515776,0.12320428874307296
10411,0.9928158215196682,-0.15338460438549995
10412,-0.6183648508393805,0.18672170214018985
10413,-0.05630495709130993,-0.25933197146341636
10414,2.522162811330727,1.6988598159446908
10415,-0.17790281262714938,0.5664003738613009
10416,1.2999732299161246,0.16913328640201894
10417,-0.05412636372757484,-0.281724620671027
10418,0.08228717192534972,0.0056067565217078836
10419,0.15975297872562072,0.15352741889128857
10420,-0.36229408964299825,-0.15533310899217814
10421,-0.5730207947421524,0.059922138299409795
10422,-2.8707482744602855,2.0469458656675967
10423,-1.0156827603729146,0.8639009125507258
10424,0.7803833557795485,0.10067347155755588
10425,0.8575606102120112,0.032683052831286453
10426,0.4908853223747022,-0.36885944088578654
10427,3.7929853926176347,2.4862204124342786
10428,2.31234882890634,3.46559370974619
10429,-1.049102999696646,1.6627973208840343
10430,-0.04908623737370385,1.1186085627556905
10431,1.6639723151843029,0.8671284380341803
10432,-1.2888607351107828,0.4519834076965287
10433,0.45373640586820785,-0.18379402285245044
10434,-1.091618258599203,0.8260964770467493
10435,-0.36742357867337033,0.250760995335022
10436,0.5522571097120741,0.8807967035933195
10437,-0.8096983069107896,0.16064586185116972
10438,-1.130166565921449,1.204705307061319
10439,-0.41922321995052375,0.7673681116218993
10440,3.0764400766264304,0.9748151434283373
10441,1.8928360760174943,1.133404644061961
10442,0.637865670654801,1.4672482490108854
10443,1.616874437875856,3.2070083604584534
10444,-0.45276408573777027,2.3056961541329666
10445,0.18014200017000714,1.037976050092907
10446,0.6033424221592829,0.10208300392108777
10447,-1.235101932903611,1.6282433828200518
10448,0.4722280963995446,0.31576848126985463
10449,-0.3231045937992349,0.5383695440288883
10450,0.48499439962792157,-0.10733731639714117
10451,0.3268393425545352,0.32394196257830515
10452,-0.2524918615811315,0.3767608512459778
10453,1.0928574531588477,0.016583461630931884
10454,-0.23040012323947084,0.15752765266803245
10455,-1.3524743833974648,0.3454860129157061
10456,1.1566897794698565,0.5635212982205259
10457,1.1153211264591063,1.5793049566632864
10458,0.23952748173976965,0.022478151360019582
10459,2.100801380135035,4.716719907367733
10460,0.0543334574907604,1.5684177965690818
10461,-0.2539313676960592,0.7743635841250965
10462,0.6840627892410074,0.5193616177094642
10463,-0.5016376005875726,3.2117788390455124
10464,-0.8575381368705713,1.1217371956281725
10465,0.815225293351782,0.6714435694584509
10466,0.08809026357993735,0.5428950851489225
10467,-0.46380770069866933,1.4479015119023
10468,-1.0472659069435464,2.200437452028295
10469,-1.0855204539454246,2.2107557543792486
10470,-2.3722747869135583,2.7381747818159154
10471,0.1737949943191848,2.8336555754892396
10472,0.7007306822879463,1.2204566610876602
10473,-3.2893941967143494,4.064663720894665
10474,0.9515936784278749,0.998328339142274
10475,0.3840381127426447,1.0327606327072434
10476,-0.9549222522016471,0.7775081573538352
10477,0.537608370752941,0.0826409992862721
10478,0.9022925814454605,0.532772617131469
10479,-1.0291773586747037,0.6507002591042195
10480,-0.35752078395011117,0.9859347741340874
10481,0.48311711229067894,0.27157919089586546
10482,1.462436014678881,0.6902056830405127
10483,-1.7631332264779738,0.5933843268479954
10484,-0.8944122370312833,0.43531265010408793
10485,1.2732596359403487,0.5128940019685422
10486,0.1480403912264584,-0.00578652788748167
10487,0.14597988158691144,-0.14015195157146046
10488,0.22551619204018666,0.2320211106785667
10489,1.5204679174088749,0.5537362871161485
10490,0.9237377862975329,0.4336597677109786
10491,-0.8829823419064012,2.112689813266915
10492,-0.2215905305346726,0.7524911843493265
10493,-0.12270759085723242,2.218320441700574
10494,0.2939857459735599,0.943362921585526
10495,0.3394285133413737,0.7223424168786996
10496,-5.268405036813713,6.486946567882727
10497,-0.5972756270465092,4.4584384785812725
10498,1.338362745842549,1.1172056793995315
10499,-2.2884220369391306,2.321748722823362
10500,-0.82984996784685,2.8103353416464243
10501,-0.6076943205883661,1.5527619402022237
10502,1.1663263521321756,0.4172585160552559
10503,-0.5013048698202354,0.6661542468720961
10504,0.962127458875572,1.357499673750475
10505,1.5128900710450985,0.8656554529012879
10506,-0.8851117960348001,0.7493345751005527
10507,-0.5473492692011095,0.08868485418062087
10508,1.9076756261586967,0.05802126054968234
10509,-0.8588991089994128,0.15504123835697867
10510,0.12889471052407064,-0.3117990170448348
10511,-1.5352058069611345,-0.007456291418641521
10512,1.0098281769978539,0.5142539689518156
10513,-0.49557195176052565,-0.23161948147311284
10514,-1.0927879918614465,0.12640155363137906
10515,-1.0775924725216777,0.49095297608014127
10516,1.7620964038296922,0.47104125684457804
10517,-1.3276117048790659,-0.12137777208307109
10518,-0.16053415581797506,0.19403397667341057
10519,-1.2341081288462101,0.29533924522680555
10520,-1.8523393164949207,1.2881842928420892
10521,0.722881830145611,2.486999041296246
10522,1.3410091894937008,0.44372721183616837
10523,2.1005064628800136,0.16091900323496158
10524,0.01522257481121108,0.0460203813756959
10525,0.4214046213284914,-0.2697496832353815
10526,-0.8773190006942422,-0.2306765613933714
10527,-0.4925357079998894,0.18599348005921748
10528,1.7200645164414297,0.06951682070725576
10529,-0.8098381940030053,-0.30735187319100515
10530,-1.0556458924912595,0.007818645800124396
10531,-0.4821543008351125,-0.029343608899509672
10532,0.9979592899996409,-0.07765783312181662
10533,0.4292279772108803,-0.42563782709505366
10534,0.708180032368255,0.18072769891142346
10535,0.14648860048196757,-0.49683340181660707
10536,0.10373956933590182,-0.24508493281581462
10537,-0.566260782284893,-0.13120377155246554
10538,-1.5615719521273177,0.027275104494430106
10539,0.20860136426325002,0.2739071867393944
10540,1.1976535835238211,-0.013968399311118124
10541,0.3360757500324381,-0.07073936127728409
10542,-0.1434582294027429,-0.4498443402889959
10543,-0.4144541428974064,-0.2056061145330376
10544,-0.09335290312529511,-0.3755997037568997
10545,1.1705684321286947,-0.26246713284619566
10546,0.3997602913496245,0.04978970833666722
10547,0.49242100815212836,-0.47455873486287853
10548,0.21398569639916987,-0.4717641397262831
10549,0.7418025446578353,0.28737835157029723
10550,0.17798555143834344,-0.3150625600557186
10551,0.6930649227349354,0.1816422168304607
10552,-0.4339519780490946,-0.363956589784776
10553,-0.2617344743716863,0.16961569865018578
10554,0.011534513600574881,-0.5317798504231026
10555,-0.7056935710482858,-0.24475093611760637
10556,0.37094549190330517,-0.44197604887194014
10557,0.4633737601514216,-0.3780862149577196
10558,-0.4757386859090701,-0.4523831460203731
10559,0.02777392649798454,-0.5097401240446251
10560,-1.048601264309864,-0.21833733581604928
10561,0.085252611542114,-0.25560943258504737
10562,0.25451185724160497,-0.5132723079256248
10563,0.5436476839682673,-0.3083946872984858
10564,0.42851299833932205,-0.36323512273194875
10565,-0.6517687137670458,-0.23724045114009426
10566,-0.08270553186670418,-0.5880765820869116
10567,-0.8861411642380458,-0.2824270369471635
10568,0.1304234578996754,-0.443910954166562
10569,-0.09890344650022305,-0.03652178205071414
10570,0.21163984411892403,-0.45399582273540995
10571,0.04978351496999114,-0.44302115986780555
10572,0.4975374443108571,-0.3295880675304132
10573,0.4926308454390057,-0.2664055176327711
10574,-0.32091735919543357,-0.36861399050726007
10575,-0.4314915049154203,-0.4167914584694027
10576,0.4745671728666857,-0.5368729008675496
10577,1.1782136345373386,0.2471144065336165
10578,-0.7878450707717599,-0.0572273177115988
10579,-1.2323357302641516,-0.22496923984469466
10580,1.1044492821525145,-0.06901402539564852
10581,-0.4504246097530023,-0.48806455914764474
10582,-0.6123754925518111,-0.2741541950303321
10583,-0.5089863829200075,-0.2662887070589854
10584,0.9739881333279741,-0.28307328310073804
10585,0.1430390405260806,-0.4208247291762973
10586,0.7183687294824728,0.04759566399987809
10587,-0.4086656015034961,-0.10395722964809313
10588,0.09130139393833593,-0.46669570867745624
10589,-0.19627906700290226,-0.15662694246051714
10590,-0.3899231760921778,-0.230080467925026
10591,-0.9782769745977205,-0.3033067845462148
10592,-0.5654882301905771,0.25051995993936355
10593,-0.13132246138434875,0.267383775050127
10594,-1.0692497682910225,0.44401351106150616
10595,1.149681980345381,0.6149775796608556
10596,1.6358648684295847,0.47176290701278484
10597,0.3215984570641025,-0.09213377093019434
10598,-0.7636342950585256,-0.24387500935200992
10599,-0.6624788243839232,-0.44107058482843237
10600,1.7002425595919848,-0.09768089962322146
10601,0.19800134745471368,-0.16594340563468538
10602,-0.36529940386841453,-0.15406732798440034
10603,-0.4921864680971298,-0.3466900744802994
10604,-0.2760475554712916,-0.43808040418254945
10605,-0.551747440682078,-0.3834839649002447
10606,0.19686151868552693,-0.5359357460416838
10607,0.7747597598885129,-0.3729639891764129
10608,0.1372849640743476,-0.48632409276788385
10609,0.11554610676602836,-0.5195423138519454
10610,-0.3758452811756319,-0.5578982749345293
10611,-0.4229483577545927,-0.2665748456554569
10612,1.355589883731431,-0.13354151572379033
10613,1.395388438217742,0.12248382791988502
10614,-0.6514872988662105,-0.10859090992981622
10615,0.187513668331139,-0.4592850689854824
10616,-0.06229116619283342,-0.5355716397177248
10617,0.20182005620272922,-0.49456560151606754
10618,-1.0922272913297035,0.4191268161926415
10619,-1.5111657312686282,0.4695447418950756
10620,0.06482772483205772,0.9152651787798816
10621,-0.6558105726685612,-0.2932795581105396
10622,1.1826884124422008,-0.3109598189947642
10623,0.2187675888340032,-0.41707735239832067
10624,-0.09245646800566963,-0.5658595711301608
10625,0.5332052491485834,-0.46299586645297997
10626,-0.15267644176956216,-0.4150233393530486
10627,0.496526192434166,-0.5370120051119515
10628,-0.38018255858239874,-0.4997091007822449
10629,0.555168833025077,-0.3774416592613623
10630,0.10633304062909973,-0.5889529344632313
10631,-0.7425209593618786,-0.17334345298201886
10632,-0.08405521254703101,-0.31144042381320963
10633,0.28299103758547134,-0.4649198675941444
10634,0.9763416420813967,-0.16350327320129965
10635,1.1058011832733854,-0.094345650391178
10636,0.15178064403811697,-0.11432907450480821
10637,0.09078444250766864,0.0062454257926228
10638,-0.7562364245264896,-0.11599280527775542
10639,-0.08236228065144649,-0.4865237619750688
10640,-0.3878581332701578,-0.45916658016012807
10641,0.5574626320855058,0.15181558627887376
10642,0.1346307799952136,-0.16156556199605157
10643,0.03816451068151294,0.10789546008984993
10644,0.2082658308740524,0.02951131678979238
10645,0.5934440331239975,0.7426329845898874
10646,-0.1915087137117812,-0.07224413811035452
10647,-0.22790315042434006,-0.3914307185103557
10648,0.4567105688911371,-0.29279756536503954
10649,-0.822667359295738,-0.08702369895626923
10650,0.3835457017184942,-0.34595065215133153
10651,-0.45716880768525653,-0.3688450819838792
10652,-0.3592672964682287,-0.31766524724266854
10653,0.7149908850290735,-0.05530883642778452
10654,0.5663027600393489,-0.10557360608680862
10655,-0.5072722892151217,-0.39250031072350616
10656,0.027748024594473984,-0.21359622952626028
10657,0.12296432720358583,-0.45126646099655887
10658,-0.13809927134418803,-0.5445031200455092
10659,0.4976115079100085,-0.26380580747554816
10660,0.9043220996266252,-0.2980475786793234
10661,0.3671927805015964,0.01733242906514229
10662,-0.735162475166724,-0.21086085502692187
10663,1.0155765240252688,-0.2584028958186119
10664,0.24235030174066785,-0.0028289421417025114
10665,0.5589207434308852,0.34433673361641687
10666,0.717302731732065,1.4561249197027617
10667,-0.7918532836439263,0.3606370937581124
10668,-0.4484374838780852,0.08324284676198607
10669,0.644662482573779,-0.16668910449957489
10670,-0.6067469894785006,-0.08317391760039962
10671,-0.01399682870431044,-0.12579731156161544
10672,0.40037492698619787,-0.19666105872005732
10673,-0.32703401247652464,-0.2206561503813377
10674,-0.4913831138904901,-0.2560155253498911
10675,0.07437609376884893,-0.003259627877207142
10676,0.40519561905548585,-0.06297034492749076
10677,0.59532690859813,-0.3638633318093331
10678,-0.18468245179896634,0.19760313625536755
10679,-0.2941143884639016,0.2552103365405313
10680,-0.4765478996129288,0.01889131700864363
10681,0.019565137799055277,-0.08319524832490649
10682,1.1156415022225117,0.5963249485113774
10683,0.48400176849619997,0.27977641200148246
10684,-0.246296281507566,0.24548606285046706
10685,0.34842851449889833,0.1857512269052128
10686,1.369079630948795,1.156902407298956
10687,-1.0289982231135977,2.188405869561187
10688,0.6204573369045325,0.32934121846416353
10689,-0.06790982570056901,0.06228181841501509
10690,-0.2123618741845182,0.6489934492709809
10691,0.14711166634795533,0.1269213151275595
10692,0.28514748912794957,-0.11153564457093522
10693,0.14964535698230233,-0.14097675251739894
10694,0.7176900911929727,0.9881074069600582
10695,0.997202432959278,0.9753052334183961
10696,0.11858450047875667,0.7584353702132943
10697,0.5624989062772839,-0.1433379942478249
10698,-0.9767031602439886,0.6229290287478146
10699,-1.2990103012705316,1.5573711691892955
10700,0.2942464976378244,-0.11592748528424399
10701,-0.6646442944344,0.11726676965597131
10702,-1.107109307537349,0.6252017952110303
10703,0.29555825604598146,0.6499625203341554
10704,0.2436542789871896,0.12284641860508047
10705,0.11070460317531997,-0.05612185055727857
10706,1.1338630853930638,0.5934074563499433
10707,0.9948673965965424,-0.06859686446303802
10708,-0.07260685762043059,-0.49845022191725563
10709,-0.4777120753371388,-0.1419672180695991
10710,-0.5580163645111438,0.034179623282670483
10711,-0.7965881813219291,0.6645560182376954
10712,0.21032722988566188,0.055472598384978575
10713,0.4911791523247599,-0.31656917322451605
10714,-0.47916082687161765,-0.4398715810831082
10715,-0.7867959372224591,0.36004798717505626
10716,0.9457179649247025,0.05992949561223884
10717,-0.11069017049769675,-0.17752876513378738
10718,1.2007824528895332,-0.35294024259010726
10719,-5.2140430906626545,3.161556914567007
10720,1.4156894098918325,5.2163429155272265
10721,1.6024522838708333,1.5256514369965994
10722,-0.5540503785333387,0.6134455649089057
10723,-0.3777230929811233,0.7726680938240119
10724,-0.41231735410843995,-0.13578490737435123
10725,0.9074826087479899,0.4008284956242728
10726,-0.1633797680145177,-0.15018713810905357
10727,-2.028390511241213,0.8722215023321768
10728,-0.34420380605836554,1.1702050766601935
10729,-0.17522412581609131,0.04477509693076993
10730,2.293808117599773,0.7014563796113598
10731,-1.1220082862932337,0.31764284424711153
10732,-0.18467203114806793,-0.30122175700484194
10733,-0.5723790195625174,-0.033067409061337795
10734,1.3345651230549624,-0.18781251479610325
10735,2.0521855881874633,0.4762378845287659
10736,0.6780068740387142,0.21565888596823418
10737,-0.3927803288476671,0.23447867550689355
10738,1.4464486682177722,0.603382077640813
10739,0.7054610423174609,1.6567879029874226
10740,0.3766748771018184,-0.18969179041663026
10741,-0.2975283950879483,0.1130656286137991
10742,0.16072846369268323,-0.19682213065318735
10743,-0.3920198485831808,-0.22436094823723704
10744,0.5169608726232777,0.586220297448602
10745,0.6187734459431821,-0.32983932650483355
10746,-0.8852068021325004,-0.17151042525568683
10747,-0.25318260739464893,-0.13029531120176846
10748,-0.5196464606688092,-0.28074242427126267
10749,1.0113906325357291,0.30436764865982735
10750,0.9016439159861765,0.005896260185433218
10751,0.31121114523712406,0.4012955323975063
10752,1.2868154140570771,1.331681145756611
10753,-0.8460430775862592,1.3627060995508729
10754,0.7152814021669391,0.34631932318497216
10755,0.5933165693793107,0.9274950746738513
10756,0.773525799340574,1.1615325860036676
10757,-0.8429645520865603,0.7572399121265896
10758,0.287563114142361,-0.14554953335053183
10759,0.5248507428677355,0.45846477404990665
10760,0.1362148695145917,-0.13884172409523374
10761,-0.600425967606054,1.3264661720269004
10762,-0.37209164501169584,0.9321740382940649
10763,-0.4583003604659876,0.011556476834836628
10764,-0.719200193619604,-0.14219914767793196
10765,-0.2394887010697851,0.3240676112867025
10766,0.6244291673620246,-0.1855785214019103
10767,0.1441135357195795,-0.05609641912144866
10768,-1.0236597197774742,0.012940824446079644
10769,0.9970781603022768,1.0425966609463937
10770,0.988954712412633,0.35833905513404624
10771,0.3303688730622042,0.6858435991916604
10772,0.7563531741067663,0.46007026133960877
10773,-1.2776146882651802,0.43066085922723435
10774,-0.6975913504343023,0.8176416895454541
10775,-0.45005803829964275,1.90201678470636
10776,1.6504655604387943,0.7061121853024142
10777,-0.4510411469349275,0.4030284590829795
10778,0.021695733959392803,0.3432570241342792
10779,-1.3376939865206685,0.48337224542770196
10780,1.1088022202781382,0.1414376136273822
10781,1.7046814547482774,1.3479764612665055
10782,0.5214368722814425,2.317032920067124
10783,-0.5329336818730689,1.7297570921641883
10784,0.8667871676616145,1.308983480139075
10785,0.7081486129862457,1.9383300053113088
10786,-0.31906495631806653,1.0039048869539404
10787,0.031423200449683754,0.7875201399583218
10788,-0.3779865901866788,1.6176433498335938
10789,-0.9913913868863321,1.3052247472680991
10790,0.04573737006340948,0.18961968193212894
10791,-1.895663626193353,2.6239882624509736
10792,-1.1293423141905987,5.348056579370571
10793,0.1739375452226428,1.9273592848370138
10794,-0.20100253933912596,0.6995795947257231
10795,0.9788274810286007,0.12595255513547818
10796,-1.3641431630626093,0.37180616854761966
10797,-0.9620618173633159,0.7014700657592572
10798,1.416556445856202,0.5864346903344242
10799,0.6214750543593077,-0.1601044554573981
10800,0.024078864802877388,0.6508451723186768
10801,-2.4199659419267614,0.3951298876814948
10802,-1.9215945128797909,1.6696818093833654
10803,1.3650901012277237,0.012213012143878075
10804,-2.342268993400538,0.521209382077968
10805,-0.44652265167162475,1.9889234349719536
10806,-0.19191795947932452,0.9950662747513382
10807,0.8499375330284783,0.6378911361357794
10808,0.5273424245709731,0.4280971473928185
10809,0.10607003213304173,0.00125336425476193
10810,-1.3877016570628589,0.4524088221404518
10811,0.4178765777553682,0.22290988219556132
10812,1.2111639449567506,-0.3218418515504749
10813,0.6839170254305932,-0.14472378073842473
10814,-0.27120229299421367,-0.1126921119945321
10815,0.6992102589420511,-0.3775874205951132
10816,0.01474821215898845,-0.3877991285948146
10817,0.880770756358337,-0.1593366247539963
10818,-0.794534696231923,-0.13306549075814655
10819,-0.4887635047589026,-0.3184002144433673
10820,0.3420584514228656,-0.40549503890162936
10821,0.03513951891469946,-0.3181700456031001
10822,0.1280320975812016,-0.26284438083009415
10823,0.17647007327065947,-0.20434191055107712
10824,1.2011355826565722,-0.33160436294634227
10825,-1.934297213210274,0.5308107551002635
10826,-0.7558954385303907,0.326966631155173
10827,-1.8416623790742153,2.579484183678044
10828,2.211606812757856,6.059650538854743
10829,1.7510471592332033,2.911684878380369
10830,1.032475694108804,1.037258343062992
10831,-0.4096956185613321,1.0344755633534821
10832,0.5958377377186551,0.009921147382118042
10833,-1.2779487233468496,1.05211391114908
10834,-1.7523288307657783,0.6153934952116441
10835,-0.06849110591834455,1.5110339706667855
10836,-0.33651672736040233,0.8621823626422633
10837,-1.4545204373819989,0.8636322710295303
10838,1.5305892162071275,1.0039023621576184
10839,-0.7366868421377818,-0.019455123787944485
10840,-1.188157987529816,2.42186427026155
10841,-0.5753621583760083,0.29129065343780836
10842,-2.5566706983680754,3.7769463296639096
10843,4.103746444650144,3.7167266427812278
10844,-0.14740361853226863,1.1224582338284965
10845,-0.6258945791136463,0.2879085284113169
10846,0.9001823291794491,0.4549825107552179
10847,1.3891375089514304,0.4560470340432943
10848,0.18517381980058992,0.4064555994264366
10849,-0.7463456968937183,-0.1097552755453193
10850,0.5375503240937329,0.7013883635879493
10851,2.080798041484314,1.846092411800231
10852,1.0767872455748848,1.2988315437455475
10853,-1.5901541352697255,0.5525101716438869
10854,-1.2608565195912238,0.5555463262648096
10855,-2.40735168744853,2.277316969728005
10856,-0.7751069688539173,1.116497121182873
10857,2.2389784487295663,0.9461684328320844
10858,0.6881351068540583,0.005401254265474651
10859,-1.4450268835306643,0.3871539620612177
10860,0.7798714169272686,1.7675089547340352
10861,1.5712082868828021,1.1627470188445206
10862,-0.5316506277406325,0.7658959715258327
10863,0.03436574599110789,0.5034785736784712
10864,0.2353803427478989,0.24233052218287107
10865,0.9065154993570573,0.21286501046799036
10866,0.8485827424458445,-0.1609243687375144
10867,-0.5342190528670877,0.6808059210165599
10868,0.32346422267641906,-0.16812681461308895
10869,0.07455763953096982,0.12862304206745784
10870,0.6611625071140778,0.3260564410304366
10871,-0.13650372544623496,0.7482524560159387
10872,-0.11293596515009896,0.0697996743174606
10873,0.4505222657864352,0.11835376302235849
10874,-0.3178161392104511,0.3893298512083347
10875,0.664998802537319,0.667476550892237
10876,-0.7532350659849956,0.2537180539119737
10877,0.8689637112238624,2.3145571780560443
10878,-4.849462767994432,4.5843401615819355
10879,0.7423463500824423,3.130987668974239
10880,-0.26783384988062353,0.740642514983117
10881,1.1434068825996733,0.5734394360562363
10882,2.0132076687773646,1.9647849062065437
10883,1.0929920033902887,1.352988333350895
10884,-0.9090719262590897,1.3207584214243586
10885,-0.5828202468292525,0.32062706405324354
10886,-0.3089346109794972,0.7158969085620043
10887,1.7173843822305774,0.8198083372760147
10888,-0.6073265555932629,0.7132263786381062
10889,-0.32997360400587034,0.018699018813690606
10890,-0.4869013048070661,-0.12864226766391557
10891,-1.05891323887238,0.3839718393436216
10892,0.1426201689712629,-0.025392355052035947
10893,1.2053395264933067,0.5814004618350112
10894,-0.050969577674633,-0.3194400934889556
10895,0.4871891218561519,0.3665524966192539
10896,0.3125120445850078,0.3071235407958234
10897,-0.7832712809202014,-0.1890990910320738
10898,2.9600706311780325,2.2908453937219635
10899,0.37244531646943163,0.2759463212998268
10900,-0.6751275273710093,-0.24917242271538803
10901,-1.5677992716815419,0.28502531308922807
10902,-1.1360409277349697,0.698130105863297
10903,2.032309835071465,1.354951976328381
10904,0.6916298275650499,0.14725459030471783
10905,0.23141303347638845,0.019521921151811384
10906,-0.09089903334996909,-0.196865653294654
10907,-0.41296790655991916,-0.16666355389424756
10908,-0.08167205909662185,-0.27153803304408686
10909,-0.2590833714408699,-0.37654367752532286
10910,0.8461266803380553,-0.29316816036406196
10911,0.4068511053515954,-0.32513903340823225
10912,0.6058817864139121,-0.25458915602721605
10913,0.5865655182542074,0.2351016823872644
10914,-0.61184934630861,-0.14162984682691412
10915,1.4605343261553756,0.3306954211366661
10916,0.6293396295283017,1.0928668567771898
10917,0.06794720435239163,0.15950768804775106
10918,0.17808820121847127,-0.16511603728503024
10919,-0.758592079747445,0.4105393637520645
10920,-0.583519476792126,-0.02139395701710535
10921,0.6653295740748765,-0.093557634858143
10922,-1.187610150945534,0.08718889546491253
10923,-0.8493706077329108,-0.04718960400028784
10924,0.5045248005721749,-0.4515556769205115
10925,0.5274298728778845,-0.1952283608097363
10926,-0.29584300574284494,-0.42551537047574356
10927,-1.4239201530970216,0.8364113914857182
10928,0.6713776147800921,-0.2024057446019946
10929,-1.2092043277915494,0.003028646277099075
10930,0.6518147070600167,0.628488527107572
10931,-0.28233099895425307,0.008003716052708554
10932,0.14941628644620103,-0.2555833944438902
10933,-0.29670683462967984,0.00011313219770262932
10934,-0.46018377583583275,-0.37496614790867516
10935,0.3698232449943373,-0.4727407954352749
10936,0.6906072819196111,-0.27493997152413113
10937,0.4851871502867373,-0.18319360421746628
10938,0.5318729735284694,-0.35364627006909577
10939,-0.6392815117243489,0.4223422827224331
10940,-0.5789085977826726,-0.33187438963403104
10941,-0.11996912426322648,-0.38484945859901604
10942,-0.025902791513837318,-0.5016082060395836
10943,-0.5698451956824238,-0.3379743961509036
10944,-0.38723858196746663,-0.058687938404147516
10945,-1.062398677473594,0.4999768339547249
10946,0.44318570273129054,-0.2687142645832491
10947,0.12721680022644957,-0.00903982787506218
10948,0.4392570741419095,-0.4546087325831328
10949,-1.1070776096582196,0.1514183089962481
10950,-0.05004330657652175,-0.2774122280457134
10951,0.9038971965745551,0.538897560706741
10952,-0.619912740804181,-0.3116508568457938
10953,-0.512822567156812,-0.23191351271441035
10954,0.839539575554299,-0.1865426031982091
10955,-0.9171467884318666,0.06558325987622157
10956,-1.0884698554570822,0.6640980392033493
10957,0.007326294639606342,0.6840913557571169
10958,-0.0913747134268713,-0.07370879283818829
10959,-1.3699964494032006,1.0517337511664189
10960,1.828751883262216,0.7529352531856915
10961,0.1948704991926019,-0.25239585667291453
10962,0.42821564431837267,-0.31964463526797515
10963,-1.241680906947207,-0.1878122121661428
10964,1.7872146617768359,-0.0013512969141299012
10965,-0.01767184812489535,0.15844457030768108
10966,-0.09946375229619715,0.09175484785181184
10967,0.157783880242164,-0.00749843676867705
10968,-0.9009373122140262,-0.20962380613196205
10969,-1.8964444155158082,1.2695886336541222
10970,-1.6642735166521572,4.352720178922384
10971,0.916767236142846,2.4348452586437164
10972,0.09200063770566363,1.8415484964340538
10973,-4.61204232752772,5.283365920498202
10974,0.17310658135028384,8.585220290846378
10975,0.750097482034452,3.642335333052825
10976,1.7349275192614844,2.3421876094225667
10977,-1.1439343764862915,1.1324676006464398
10978,0.7318923067473009,0.06725383301548159
10979,-2.238990336036973,1.402405480280093
10980,1.3515507201786887,1.1213595477181408
10981,1.6367950562759173,0.558047715166755
10982,0.5372941447585445,1.2924469999509127
10983,-2.7542847541536095,1.4721629045552003
10984,-0.015576423166599407,0.6999151073315237
10985,-1.271907909951843,1.1563269593444006
10986,-1.6814407001859997,0.965246853470092
10987,-0.7508959671781086,1.942554823396803
10988,-0.2490554975151947,2.2902499226095645
10989,1.4935967050128074,0.6846401875126074
10990,0.9936410156159052,-0.016818959366318845
10991,0.2774070602013858,0.546605634045152
10992,0.24513718533978493,-0.11772874260808501
10993,-0.0389511877250948,-0.3439792443075372
10994,1.361738804354388,0.5440719722859678
10995,-0.6239769944760002,0.1153446633015965
10996,-0.15545994604563945,-0.24369600586039894
10997,-0.4214568506588007,-0.38634052789533835
10998,-0.2867978069060485,-0.07721387722440418
10999,0.27613940298725276,-0.07441736584145976
11000,-2.424807147832214,1.2002587834684495
11001,-1.3238299579805475,3.0575857694362356
11002,0.7142562871767151,0.4953968360145457
11003,0.39563001337208825,0.16972391579879736
11004,-3.700840794191158,3.3282833194789734
11005,2.0032141108325754,1.4520228182295607
11006,1.0355278253705644,0.1248827498685004
11007,0.6766678221397824,0.005532733767760311
11008,1.4273137067729804,0.3739903584627938
11009,-0.20065272995945593,0.1048853217620946
11010,-0.11870818189499846,-0.12760384676403244
11011,1.2699396151008027,0.13958606445438823
11012,-0.4498937077867098,0.3186893704098934
11013,-0.32217843585963934,0.14354211948718304
11014,0.2641607686211317,0.030595167742428382
11015,-0.3443609916443276,-0.08093834391837146
11016,1.7795831703439113,1.310433080264611
11017,0.8133252025183322,0.6310138664394582
11018,0.3169176285671151,-0.2703379411324919
11019,-0.9804006447133587,0.2413295586412461
11020,-0.008679963907319102,-0.36083741712275846
11021,-0.134830370576838,-0.1406156610128279
11022,0.9777521074802121,-0.05282440319526175
11023,-0.7284064199143684,-0.1735973114570828
11024,-0.9593717675396418,-0.1046317187275769
11025,1.0198221199064048,-0.0841242296157718
11026,-0.38555481795009144,-0.24030097068230852
11027,0.0896427698214761,-0.551654782166233
11028,1.336595688310493,0.31716175783671346
11029,-1.015313394968271,-0.1216653518639632
11030,-2.1239894739202168,0.8246747544990117
11031,0.45598654734052163,0.7291125703880862
11032,-2.2438799195985664,0.16500788398158941
11033,-2.252366181715449,0.9994132072354227
11034,-0.2589122981031275,0.23307055323484407
11035,-2.2685344695661236,2.2633043447108747
11036,-0.24188897987514874,0.7182556797263927
11037,1.2726292310431628,0.35212168415511413
11038,-4.314958817480167,2.040207168649051
11039,1.9164032452415907,3.2560785323914097
11040,0.6242746680018251,1.052083159206565
11041,-4.19141315259155,1.5569293689948664
11042,0.6013744725655967,2.8343375849877535
11043,1.2832953084989487,3.7885413737287004
11044,1.1084467174365535,1.1248707785223293
11045,0.6011572324128285,0.43691136231508537
11046,0.8930741489467408,1.02996450060691
11047,2.220132145389121,2.309850557944895
11048,-0.8189443963461153,0.9109204110603685
11049,0.39111410145448705,0.8708708674910771
11050,0.6470613064709497,-0.11807671013640987
11051,-0.44283428120520635,0.20800551065856243
11052,-0.22671445679384972,0.39991838295513726
11053,0.3250207446440528,-0.14125906691223805
11054,-0.5606640688802708,0.6925787046481634
11055,-0.4587832411184249,0.30885521417719536
11056,-1.6842008106338384,0.25196945918170904
11057,0.2358641499983589,0.45060226774710516
11058,1.4463604653618052,0.6336349605740964
11059,1.770811170451881,0.5887578120399031
11060,0.23875037607247157,0.05482386268015237
11061,0.7271742501897379,-0.05928901567245992
11062,-0.3844482147429591,0.3595285562306271
11063,-0.5134466761815321,-0.17278501348656453
11064,0.11955852712346145,-0.05680692372935571
11065,-1.535293488057493,0.3345200294342029
11066,0.9610329929190817,0.4234159921986048
11067,0.45435291815864776,0.5054565962220691
11068,0.19527420205373222,-0.010838745747843352
11069,-0.43970246141875285,0.055491926988581915
11070,-1.9111432620748627,1.1785277213682346
11071,-1.067924468056369,1.7888140697310906
11072,1.8855202508372897,0.7141845843458735
11073,3.8439918300979596,2.8996503400202913
11074,1.8986102780249436,2.369332246626053
11075,1.4977303558357988,4.5486453989353075
11076,-1.4547010787888544,3.3763592039570702
11077,-0.8991371839767321,1.0352608225990398
11078,0.24005453471034818,0.1492261263436849
11079,-1.4715382689083774,1.5062043460499388
11080,-1.625963137111707,1.3878104347112858
11081,-1.0492183570102525,2.1036359593234057
11082,1.0089053650380397,-0.03836031819572301
11083,2.075456946760016,0.26624692930052185
11084,0.7996875790621252,0.5357349156231309
11085,0.7144433827557469,-0.189627429960927
11086,-0.2847136756026465,-0.10628915241934697
11087,0.9855707358203876,-0.05380916809180345
11088,0.012544330288779765,-0.04427154478382664
11089,-1.0774341917981503,0.0703611197707113
11090,0.34951096176415053,-0.047399807599481675
11091,0.6325185065800152,0.08183594815036292
11092,-0.6233996661055806,0.10649106171319109
11093,-1.1017789669445863,-0.1731943380404926
11094,-0.41670728877676744,0.10531551391009862
11095,0.5046243946687428,-0.2113704405173024
11096,0.22085211526085863,-0.5020099962555774
11097,-0.13193702072556787,-0.40431173822734334
11098,0.5437884126938242,-0.3162692010416421
11099,-1.1359328907369806,-0.22222375131945063
11100,-0.628717744135829,-0.29413307202433875
11101,0.08091190105140032,-0.2872745529594045
11102,-0.6384350240349386,-0.41120263429098786
11103,-1.0436992531151315,0.14925132181206907
11104,1.013976769883215,-0.10847409108046285
11105,0.5924547945612989,-0.3061730442095457
11106,-1.2202984540157096,0.09741680765252608
11107,-1.702094038554201,0.13495852662470045
11108,-0.2990736166908398,0.4915849827863438
11109,-0.13027491442511255,-0.017998561049518996
11110,0.2910693845572253,-0.37484771594794714
11111,-1.2464561776940513,0.8375087332739195
11112,-0.02810607360702913,0.180055549527577
11113,-0.6447814046452685,1.3065599412890287
11114,-0.6053591040469151,0.7254108398876231
11115,-0.16185732655863225,0.8023326370692815
11116,0.14155810681071232,0.382731825014866
11117,0.8691036474991086,0.5562991727453668
11118,0.4116001933982237,0.9885007949811436
11119,-0.19077817900507835,0.3520617381444707
11120,-0.5148127373974989,-0.0213614297304333
11121,-2.8350942004565125,1.3711848774346396
11122,-1.275144237022773,1.520032121132891
11123,0.6966299008418952,2.2599976940138213
11124,-0.9369904206807058,0.8735373243911866
11125,-2.771822532173379,3.7097995897037404
11126,0.9528961137651047,2.142672532253882
11127,-1.2482167033049185,1.2760493344374213
11128,1.0736668430710798,1.0776489884387304
11129,1.6797736348547905,1.830940318383731
11130,1.8219940613890127,1.3076536868430655
11131,-2.3298268572549605,1.3434787307125526
11132,1.1142975742710068,0.4377388744039375
11133,-0.4273258065004322,-0.03381236471156081
11134,-0.5583139350864309,0.32363734387478593
11135,-0.5487724582231194,0.3783874451397172
11136,-0.3912633640386517,-0.00907826108412172
11137,1.4245490258304458,0.2941150036668388
11138,-0.4113294298271193,-0.08159418855205168
11139,0.6209222640884275,1.0940071717547617
11140,-0.17938905859374232,1.275203389147484
11141,-1.6004481449960308,0.4860886835385411
11142,0.5979349821973089,2.577857261025742
11143,1.2718594022814333,1.356797308606314
11144,1.0013062162268638,1.262269081890277
11145,-2.9445178905452174,1.0080387608212276
11146,0.7336364707543211,1.682828494203717
11147,0.36621039507709024,0.22942286360158615
11148,2.567895328169808,1.4956962025494998
11149,-0.6630513391396617,1.2974698427978504
11150,1.8175166981292732,0.8592045752760294
11151,0.23163537653133923,0.8291700814699995
11152,-1.0538666702159094,0.16893535391620934
11153,1.4360141007670066,0.04014054817331474
11154,-0.1184568740086204,-0.01654988286158521
11155,0.40339977827820916,0.44279104032342526
11156,0.9769607718637544,0.2523602807772066
11157,-1.02613255061699,0.2437786676693329
11158,0.3808888710148273,-0.23640955005451164
11159,0.6084673291987552,0.7083076056745238
11160,-1.5235062583280385,0.5801554594541933
11161,1.0481627606496093,0.8213817840919864
11162,-0.8985375830429844,0.22275334576752245
11163,-0.24929679423742432,0.01613085261184901
11164,0.026418985130583043,-0.12807108282169202
11165,-1.9350585171801982,1.450305611119996
11166,2.0647402918109075,0.8528623325302049
11167,-2.2347665144774105,0.974250985646268
11168,-0.8605445124137212,2.132955649910386
11169,-2.89108442032704,3.251020755974438
11170,-0.8081349322042289,2.653230595149168
11171,1.5997424432742517,2.0201255773444715
11172,0.48462609824166075,0.7361098900164512
11173,-1.2671632759665354,0.8394152207101668
11174,1.7146765258897745,0.6077758381728963
11175,0.54359738149421,0.1337035707815979
11176,-0.4896625914624052,0.8731545502920596
11177,0.4501950956436979,-0.00017610650209134548
11178,1.7785022549546372,0.49593880711521326
11179,0.6700781269615759,0.40021350400771816
11180,-0.3708393158289511,-0.472949203617937
11181,0.5938419373249577,-0.46260621699908827
11182,-0.573542090539282,-0.06637339035131988
11183,1.0895369695956463,0.12200269747053831
11184,-0.3823636334789629,0.2006786881236341
11185,0.6190686346895075,-0.23583639064370807
11186,-0.2774259561667212,-0.16793914542878352
11187,0.39947229869205336,-0.34818394231404
11188,-0.38293696022341617,-0.4558193935938445
11189,1.6256784573699503,0.2547286061536806
11190,-1.2341360980506868,-0.07985623826942896
11191,0.13022767091099383,-0.4823980722339721
11192,1.4090094735036394,0.10116301899142069
11193,1.6527248312945328,0.14690896886298926
11194,-0.5051007267638089,0.24114888203876575
11195,1.089975562439501,-0.04711824793864768
11196,0.36431688193907413,0.045080073545050045
11197,-0.7089062026030379,-0.11743100755749822
11198,0.6646950633159158,-0.29609449793391485
11199,-0.002761594585519719,-0.23496653786473623
11200,0.12729007268301748,-0.18956225101004653
11201,0.6093994988532596,-0.46973350474124664
11202,0.10553260025837019,-0.4769907271668498
11203,-0.45729486123673163,-0.40867437633056924
11204,0.4037489343518913,-0.4605562130056963
11205,0.08254141589982905,-0.2909641951998387
11206,0.7388200893248504,-0.20577956468913214
11207,-0.8655965900288346,-0.28340797467456486
11208,0.6452822441695156,-0.20558035427338028
11209,-0.5100163946258802,-0.34604687507929865
11210,-0.05903201972332948,-0.41058823673601486
11211,0.34983619196410926,-0.13142269752540367
11212,-0.562873208217168,-0.39160183813416904
11213,-0.8256511688341444,-0.06744467088782885
11214,-0.5419219510837169,-0.3222555753028631
11215,0.9810314158737932,-0.2718885828409879
11216,1.5958339401675992,0.16033491635320307
11217,-0.08939424034848623,0.24552908952851518
11218,0.148372885968603,-0.4649905366147452
11219,0.03233697776821027,-0.33063713930168964
11220,-0.5479697194499831,-0.43596429498945255
11221,0.5265741207179812,-0.5686366084821224
11222,0.10411760210879895,-0.5649215967428509
11223,0.26990435938309276,-0.372753058352498
11224,-0.2509781315987455,-0.4999257104458735
11225,0.006569106109589332,-0.526289490342671
11226,-0.2011907564934275,-0.44686228875456185
11227,-0.405084783577066,-0.3795578670120733
11228,0.5122218299479293,-0.4719381097444791
11229,-0.022481513129938485,-0.5302877000399152
11230,-0.13880633570205864,-0.46614417998252883
11231,-0.3429470136060628,-0.37745932681124095
11232,0.002950994155017286,-0.5112142194056427
11233,0.049215477547880825,-0.3349391476405082
11234,-0.2825241265765667,-0.5561114500810901
11235,0.4333002136411023,-0.3590013142455355
11236,-0.15905585451934828,-0.5972541941028106
11237,-0.10157730512086145,-0.453244087633238
11238,-0.20551272963167702,-0.6047933111313616
11239,0.14754048959138022,-0.6678447119888852
11240,0.9931671254191906,-0.22930683792408463
11241,-0.2873320277729747,-0.4758605332802849
11242,0.33842871116134615,-0.3042784055493176
11243,-0.006460109285971522,-0.5032289016441754
11244,-0.28201521281172,-0.5590545057229207
11245,0.32349378519134947,-0.5039912343035013
11246,0.252117680637554,-0.42167461552847185
11247,0.18207917930302958,-0.41431137037790244
11248,0.09656205926544593,-0.3621729505838698
11249,1.1124581956133104,0.13832366503656143
11250,-1.065267553313438,-0.2705445704019734
11251,0.3691564947746291,-0.4821073412187012
11252,-0.7433551133088603,-0.21840250871222255
11253,-0.4559543264432758,-0.0813156175268702
11254,0.3571315966975392,-0.4760962097812418
11255,-0.17994277689259133,-0.4419439536769703
11256,0.6401764918696057,-0.456477005793173
11257,0.17722134856421368,-0.5234196853478265
11258,-0.020660642630626384,-0.5746174648360631
11259,0.34064092973158805,-0.3336479243733487
11260,-0.3379709990312879,-0.22752252381059831
11261,0.8881319830096288,-0.34336575312191314
11262,-0.5120148629676693,-0.40813913567810034
11263,0.3351905687279086,-0.36332030051502545
11264,-0.6491922957596509,0.11059530292022207
11265,-0.0056734041742885636,-0.24684112170987305
11266,-0.2628690164415282,-0.2703227628541095
11267,-0.3906270760706061,-0.3062870223043068
11268,-0.007429494494937842,-0.2971951735818071
11269,0.3062474985282706,-0.41299504891568317
11270,0.8650037157502904,-0.26194342364851797
11271,-0.4404674866926256,0.016557523840891278
11272,0.43878791427790304,-0.422713975426
11273,-0.37287552450316297,-0.22595497777947526
11274,-0.21269991528885138,-0.2929094272408958
11275,-0.38787791191628596,-0.4140636880957002
11276,0.12240369893822231,-0.6247471409320368
11277,-0.6300584148937137,-0.14961927877333067
11278,0.17911503605202495,-0.6307862383172945
11279,0.12600849629692862,-0.5338127418045148
11280,-0.09248015435079616,-0.3526014424658884
11281,0.47525402718407883,-0.42583455006310095
11282,0.3793896115743498,-0.5300583421118814
11283,0.15865955610780935,-0.3549119547205911
11284,0.17676221161874178,-0.4786157259956798
11285,0.2384587221737933,-0.5201565820503773
11286,0.4228791146176892,-0.45270023839102114
11287,-0.7892911430871501,-0.4913101258788819
11288,-0.6678687416753748,-0.3786920804030036
11289,0.6265067108374908,-0.49918057731811766
11290,-0.27153421492178,-0.4434982311512435
11291,-0.40984322306024695,-0.5513982008543421
11292,0.36313454304807413,-0.5390655310375233
11293,0.17630577605156852,-0.6221380174250436
11294,0.5390575610692669,-0.4913631549871464
11295,0.40055439183835634,-0.26873265626756904
11296,-0.6754262320875825,0.6105347887903217
11297,-0.20297472798602806,-0.41069840532010293
11298,-0.38334889693167856,-0.35842607682922606
11299,-0.2332652623841282,-0.16298290916202657
11300,-0.07489499328143298,-0.5143215346711294
11301,-0.2619336530198623,-0.38015875855307074
11302,-0.15500079316742235,-0.3990479915659286
11303,0.03739167837630853,-0.0924114034829348
11304,0.1041416166476365,-0.5226459797922604
11305,-0.14395234098186807,-0.48673389612274476
11306,0.47797465695524444,-0.42833561810911697
11307,0.7736445495316808,-0.2625200507485602
11308,0.24247568782576906,-0.42698576676864564
11309,0.10883606040261243,-0.48278394288065835
11310,-0.5018693128227344,-0.4821379971798386
11311,0.38323394992673104,-0.5197613306937281
11312,-0.39361315739917496,-0.4490441588565009
11313,0.4390878034997522,-0.5880464581171113
11314,0.438182975948911,-0.03173278029046181
11315,-0.7753293541491529,-0.1541188546891522
11316,0.27365978201293717,-0.44904921127805486
11317,0.3428279137872057,-0.525134223609335
11318,1.3128546330452873,-0.5591466757261255
11319,-0.18500373637881773,-0.5667164521756212
11320,0.28738530247150906,-0.5106287726086725
11321,0.18923560501124326,-0.5232573461318553
11322,0.09549740095674093,-0.4376032458862858
11323,0.04196233637002835,-0.4310271144870378
11324,0.499379880248317,-0.23366401770766237
11325,-0.12641921904945666,-0.14622144605844983
11326,-0.014881974479059623,-0.45589881404664184
11327,-0.4430434023165957,-0.25165101323873407
11328,-0.17514627857948656,-0.503059931202556
11329,0.2651196399604999,-0.530999371522641
11330,-0.5533849927541159,-0.501082432380408
11331,-0.1848850801650815,-0.36073761085657485
11332,0.07415409182258344,-0.6421903192439178
11333,-0.07095447437138758,-0.2900650753901149
11334,-0.3206569034794284,-0.4608141157007466
11335,-0.06660297367696824,-0.5672715022671394
11336,-0.5507417407358002,-0.43115926644299973
11337,0.12804380223757691,-0.4464325843271373
11338,-0.18183415043483186,-0.45108700033544
11339,-0.28316362017106145,-0.389291367713317
11340,1.580081548541299,-0.4103181497185702
11341,-0.20209900222803118,-0.43253381488279896
11342,-0.028142517915925973,-0.3832259861472145
11343,0.8602488731612117,-0.3249287832153871
11344,0.2772080452820223,-0.3405227106844184
11345,1.0135016340450609,-0.1966946848900331
11346,0.32784058634279695,0.3767080481606445
11347,0.11879747635424145,-0.39526933909861917
11348,-0.1708420041222956,-0.3886525302057325
11349,-0.692029386696536,-0.276476390044366
11350,-0.36497848469435534,-0.38811750871650413
11351,0.47217777579561543,-0.25439497390376886
11352,-0.8584200114398378,-0.25660455129504095
11353,-0.3174188424285053,-0.22713892552455706
11354,1.1681951510690203,-0.08730632542008285
11355,0.2016766297537716,-0.3853839406077784
11356,0.13249389041017332,-0.46687606100113904
11357,-0.4823586548343239,-0.3032956686961154
11358,-0.06293871007399696,-0.34663725726752004
11359,0.43504795305706706,-0.325082748030597
11360,0.38944254664501227,-0.4006683152825878
11361,-0.5235234293639885,-0.27569938629944174
11362,0.22937807645904845,-0.12928352011643826
11363,-0.38553254432178724,-0.14777869911251598
11364,0.5409120538008136,-0.24124174937633883
11365,0.11987243573297228,-0.4341410332147691
11366,0.9249827611226955,-0.058740043024862285
11367,2.366284349470609,3.0566332406717165
11368,0.4378369853681097,2.367270663594098
11369,-0.5115126481887406,1.325117798262153
11370,-0.9688399346445534,1.166589921976694
11371,-0.15023534252994822,0.18653389386038002
11372,0.6299451140334952,0.08823561180746518
11373,-0.3496885415917646,-0.19337436506088154
11374,0.5617685114392127,0.417904337908805
11375,0.546126028960718,0.09626844509129193
11376,-0.013277942355914894,-0.30212041224364206
11377,-0.5453033029989873,-0.473297229746737
11378,0.2723961349502826,-0.13808408120194962
11379,-0.3152645245632838,-0.4318020422867956
11380,-0.36188630100387875,-0.5567250350593175
11381,0.08334581977286905,-0.4554004882796678
11382,0.02981273322326571,-0.5262060406206315
11383,0.6454188323970014,0.0293235523630382
11384,-0.026070498794999043,-0.4955302403340434
11385,-0.7682783294155346,-0.4396416590011465
11386,-0.3649811126132673,-0.24406049030259758
11387,-0.21675168549490773,-0.4254301665755826
11388,0.9126428758174285,-0.3876302629247004
11389,-0.058622155004456805,-0.37393028241893955
11390,1.9069547550038126,-0.294596163398724
11391,2.307526807626079,2.236845052810487
11392,-0.2812015811003946,0.3096516769285133
11393,0.3756206473857726,-0.2592021240995814
11394,-1.0787455446892378,-0.25466715823441893
11395,-1.0392255686916756,0.04328507262370772
11396,0.9006435689380046,-0.23117300395832882
11397,-0.06756406399898995,-0.5849156068847117
11398,0.4029855055308206,-0.29109032120112716
11399,0.2015627474866723,-0.3717249977689214
11400,1.1800806973759712,1.3371220443778349
11401,-1.277249607941279,0.4520479731100013
11402,-0.2975047709189399,-0.15092133297491242
11403,-0.33175449899081577,0.08782417403618392
11404,0.3590908411039294,-0.16733452857673273
11405,-1.3493945118441124,-0.16997960224698624
11406,0.3685272550426754,0.16024433269244506
11407,0.672783007253826,-0.32015682165759424
11408,1.222832766927036,0.056499568327767175
11409,0.663260167356285,1.2461130398713138
11410,-0.5828674744219081,0.28896811726610816
11411,-0.3925134585041704,-0.4048374590108084
11412,-0.30056456632534173,-0.06597160953276339
11413,0.15491840952676605,-0.24983454064171734
11414,0.37654806672451485,-0.3753324578153035
11415,-0.24400290494707358,-0.3584771006704789
11416,-0.19018747388973012,-0.09877998148251405
11417,0.7355753798898415,-0.12561318990378909
11418,-0.2286504509903325,-0.3025701278837276
11419,0.48633942605449154,-0.2151593360006709
11420,0.4746547395991707,0.44742015643571165
11421,0.4302992317951929,0.43100031249586995
11422,0.31904910888728105,1.2458164529015852
11423,0.1797516051020928,-0.08308617023831473
11424,-0.8801653308634171,-0.09751247637569221
11425,-0.023579334951308793,-0.25894952261317494
11426,0.07871842617234596,-0.1979895521184984
11427,-2.4130210868764155,0.7553740663244202
11428,1.087040025946998,0.933234933878929
11429,-0.7116626003010894,0.38320438143970836
11430,0.20397448946156807,-0.3324970581568598
11431,-0.29816094519931624,0.30225851242489077
11432,0.4213043688849432,-0.4466677127035923
11433,-0.738192725419956,-0.13932007607530814
11434,0.5316931226814884,-0.027798910780757344
11435,-0.6347952929174452,0.003838107795506702
11436,0.07476447379430347,-0.196476568345815
11437,-0.5652687257969022,-0.14486767027339703
11438,1.2287299886238918,-0.17980094619207287
11439,-0.8923038117393234,-0.0997097592810422
11440,0.7285509034340578,-0.2541172109929588
11441,-1.471056120090318,-0.012586627046877442
11442,0.37070641642070395,-0.23244266450499804
11443,-0.6051055714108421,-0.2608076500599117
11444,-0.41856286309445007,-0.10625716898264434
11445,0.642906955791264,0.679596518399748
11446,0.5786401838941356,-0.09322834726165369
11447,-0.0474611786153009,-0.17669985661299845
11448,0.44126926177813247,0.5081964101382035
11449,0.36702273614547465,0.12346386647178582
11450,-0.9073592825878174,0.35360668035758547
11451,-1.1155652804357257,0.21894161406887985
11452,-0.8344652080675519,0.7744479103791622
11453,0.20418936217059677,2.108402899373029
11454,-0.8279540981508091,1.1393502624222376
11455,-0.3722028626372471,1.1109958386569516
11456,-2.2816317718775454,3.932310764258668
11457,0.8433449223287808,2.3955006613516714
11458,-1.3415389077051973,0.7556920257573795
11459,1.1631109203893142,-0.14974532686253492
11460,0.8160131634697946,0.31540916699034555
11461,-0.9395900610205432,-0.27840490178350547
11462,-0.3361613145602739,0.08666316514634873
11463,-0.5109233104762839,0.19587540710768708
11464,0.9067828886037975,-0.10489469017044148
11465,0.43385953612283895,1.0025511788370731
11466,-1.1479192053312472,-0.17180466229054048
11467,-0.7374414365093822,-0.33263184779613775
11468,0.7623299519723177,1.1844107000753157
11469,-1.046242613730731,-0.06109487180382873
11470,-0.5303664552895669,-0.3019061985918279
11471,-0.19194892672370797,0.5702546670844744
11472,-1.3991808986843348,1.1927783751643082
11473,0.7664547573220212,0.6963115710761533
11474,-0.27001995805944196,-0.17382943148002739
11475,1.4442998504400644,0.41851059623568687
11476,-0.1058091593416299,-0.16933090332147244
11477,-2.040141608530229,0.6077264695080526
11478,1.3188145719690159,0.41615515157623084
11479,-1.6748582386781554,0.15193036946511984
11480,-1.5402224500558517,0.40412312229207864
11481,0.9286344796679781,0.09049316088694631
11482,0.5830497227804068,-0.32963201678239384
11483,0.14772977612706348,-0.3220279113726393
11484,-0.27190658638126824,-0.21784881376813292
11485,1.6576674497327484,0.03566957225840232
11486,-1.3107456528130035,-0.16898085603375557
11487,-0.011894956178041939,0.04134806581653315
11488,-0.27129573417689834,-0.33055849760608574
11489,-1.5777182913416914,1.3813304868570742
11490,0.6729947428023049,-0.27864940136510385
11491,0.12222326307274288,-0.22865900345318266
11492,-0.30102670345392973,-0.15917721265701348
11493,0.11172080677118014,-0.42246193620084155
11494,0.462458682783607,-0.03944494371008577
11495,1.42538357358071,-0.13487520606662204
11496,-0.16064484793545664,0.9596620723873948
11497,-2.9883658975642393,1.9709374846627479
11498,1.9293642052967348,0.0794345683183245
11499,0.2785819375376424,-0.41295124182306797
11500,0.8467982401343148,-0.33661929374162103
11501,-0.4088314442498534,-0.4158484446436712
11502,-2.0732456111893685,0.2332140797457361
11503,0.5618421566431816,-0.28490017947379664
11504,-0.2598169483510218,1.0124132536934616
11505,-0.21813456237482948,-0.18445181485609918
11506,-0.0485278322865835,-0.24372268347607026
11507,2.437100590489009,0.6379837045921521
11508,-0.4097649217148346,-0.10214382992571454
11509,1.0161198122347057,0.3194753919084805
11510,0.6413061856765534,0.27804289713107444
11511,0.49252443245556665,0.10502959148656928
11512,-0.593797367624088,-0.1745423166784044
11513,-0.767609249711076,-0.41915659259208926
11514,-0.2817514206661342,-0.3303178410260513
11515,0.5065317621099457,-0.2738778940704015
11516,0.4880172882123813,-0.4247032290044413
11517,0.7423921019110102,0.07726803976136944
11518,0.4846291752407624,-0.17715697633995403
11519,-0.0825659794996566,-0.245326960561325
11520,0.31625786437133996,-0.24693265915574455
11521,0.5267608056034662,-0.3251029435671986
11522,-0.7829995328995087,0.39625145035682524
11523,0.3924215343346682,-0.15399000313451058
11524,-0.22527281642019953,-0.13802934522400123
11525,0.8571472841238867,0.6194180389283855
11526,-0.264613347323748,0.5309840765137821
11527,0.45597136990986065,-0.26692024012569227
11528,-0.8638052158282707,-0.3460369492584066
11529,0.7417973481774387,-0.31625848541611634
11530,-0.3840473749768755,-0.18048677821584086
11531,-0.6449350109416417,-0.2537137865878997
11532,0.5711409252812711,-0.3198817009780012
11533,-0.11776016156717117,-0.43094122771022225
11534,-0.29498784431882763,-0.44394640718826434
11535,-1.352901136174141,0.4980628733456275
11536,0.2784032694985601,-0.052630495964933785
11537,-0.8338434206889062,0.05747382468161712
11538,-1.0549093517798187,0.19333033533565974
11539,0.759904003392938,0.058834769437360476
11540,0.5118369947863594,-0.3789225719926694
11541,-0.33764908793845483,-0.15672804676563087
11542,0.6163279836418719,-0.5351715028135053
11543,-0.28142873449694816,-0.08526069597984326
11544,1.8036041491110117,0.4391624996470659
11545,0.6804120379740288,0.20537198928272415
11546,-0.7199229018062506,0.0687684257918418
11547,-0.18862990367436647,-0.033519452084675126
11548,0.37352133727206793,-0.0868462920215365
11549,-0.9963778525818792,0.09230135772137552
11550,-1.4192898360589294,0.6387994325590838
11551,-2.394601159223028,2.6376069019164783
11552,1.3382019470454996,0.41556259149854285
11553,-0.40155444037025617,-0.029100804101011866
11554,-1.900989279436616,2.38069725132388
11555,-0.141094901570262,0.9828959588278527
11556,-1.1623334701924086,1.1395613653009742
11557,0.06210209209061199,0.5924674072861188
11558,0.21305849798898482,0.4610061618481725
11559,-0.6824732467579433,0.6174097617485736
11560,-0.5518908423489355,0.2540845583074921
11561,0.2241855652912448,2.2804455078128476
11562,1.2659755398094443,0.6751659864537062
11563,1.1264375176876387,-0.02558889019802862
11564,0.39635483844064817,-0.02470238033285956
11565,-1.1475795003311817,0.6087719383646476
11566,0.6536875417182073,-0.11871237129679955
11567,-0.6005841669265813,-0.1316699069347227
11568,0.48327084838854734,-0.4335451218001279
11569,-0.4919233429064004,-0.20368849682085563
11570,-0.2666826979414861,-0.4945220729604853
11571,0.3472335065351483,-0.2617071309965062
11572,-1.732123340995136,1.1270013434702075
11573,0.5431660090083508,-0.3804301737222484
11574,-0.3334285722971806,-0.44278544398991054
11575,-1.5155881069615387,0.6348928145112411
11576,1.4603074499531798,0.6408129994636641
11577,-1.0173121831882703,-0.0647666785631382
11578,0.675510448754906,-0.33283969643314376
11579,-0.20735922875270368,-0.20653935945304236
11580,-0.22127809845045437,-0.35334418240964577
11581,-0.027578045691674283,-0.36683297963309586
11582,2.1282365843749367,0.40292087018530076
11583,-1.2311361420170963,0.14908381841546087
11584,1.0551271757692753,-0.4636700483729282
11585,0.33873231026571393,-0.4894574721473149
11586,0.6998557134539142,-0.4610401514181322
11587,-0.18505905531146913,-0.5463197461020592
11588,0.2540382967502127,-0.32562394304233255
11589,-0.46883778501529416,-0.359759442287974
11590,0.6166385951574345,-0.48786490435528146
11591,-0.24184797901052854,-0.4715600574710147
11592,-0.949417902133585,-0.28011309814465835
11593,-0.5403434220790703,-0.18823509524718898
11594,0.7510892197650327,-0.34495247785199357
11595,-0.13169282416290268,-0.4538665414475013
11596,-1.0490023050352935,-0.03419526396817114
11597,3.3872302711026725,0.2338717164035579
11598,0.00453110081666807,-0.34226976323760305
11599,1.0721932156537115,-0.3131896608399884
11600,-0.8044824122207922,-0.193009361098559
11601,0.2945085338623987,-0.42620358676959824
11602,-0.29577910485511016,-0.47195160068534847
11603,-0.11211790972885814,-0.5749045669903324
11604,0.16890934138489117,-0.4818022319532415
11605,0.2696548778603622,-0.447215012591141
11606,-0.5753756907671499,-0.21797289346578574
11607,0.39300833051875383,-0.5820453093888265
11608,-0.6620184022032162,-0.40217172742475116
11609,-0.9093898358478758,-0.23080454629319408
11610,-0.3198432542214671,-0.47562929531304016
11611,-1.15405983027,-0.3092882645513307
11612,1.909183464650924,0.146704296006878
11613,-0.04865782123396418,-0.548547856530566
11614,0.39795614458734585,-0.413252969630449
11615,0.1904261082329693,-0.5494284539679232
11616,0.2782464132951749,-0.4659251486355683
11617,0.31852189109612006,-0.5238347904358486
11618,0.002563954252217595,-0.5367973995836667
11619,-0.5119582373682946,-0.23326705086229252
11620,0.3535246082974753,-0.4258430711168422
11621,-0.7509659737385207,-0.20003353148359204
11622,-0.24793504418716855,-0.48451420907264214
11623,-0.668521569714598,-0.20221257586134797
11624,0.8372180368209549,-0.07304618978720784
11625,1.1293429495299165,-0.06975867067141862
11626,-0.48144407667537503,-0.28726455892262814
11627,-0.7316689059413398,-0.24691397826401
11628,-0.5394974039803055,-0.1088096848757847
11629,-0.8827616496297785,-0.06106490844554096
11630,0.4513780105829528,-0.37429584710784125
11631,0.8207954726937763,-0.05806747765781357
11632,0.10757932121500963,-0.2436599447688735
11633,-0.05943180635036515,-0.3511833821863332
11634,-2.2132817512872536,0.8984613623541686
11635,0.434482902980054,-0.38178216776050367
11636,-1.6887180832643023,1.0646220951391523
11637,-0.24241429141835236,0.23383735209881054
11638,-0.8085954434258051,1.486090533917618
11639,-0.36901890662196035,0.7981579421251074
11640,1.5675523122188781,1.4520752319813368
11641,-1.0774121812285895,0.9783705049574856
11642,0.6134939153770655,-0.10773387892180712
11643,-0.48033082038411234,0.6079799760724303
11644,-0.5594554593637698,0.7938640299461918
11645,0.9282715414453963,0.7970061217812862
11646,0.4144959030090775,-0.07968546727755643
11647,0.359148013958241,0.11091970365808822
11648,0.041595172884114316,0.8156350610490684
11649,1.4843822864322882,0.5968586740066958
11650,3.446396011970204,2.3706778255334773
11651,-1.6871187375897354,1.2659453170778159
11652,-0.4619249363726632,1.000981863041674
11653,0.34830053394714067,0.04737958025178601
11654,0.09418357985947505,0.15449639754357267
11655,-0.050518066847945846,0.2873744492934319
11656,-0.18899674249597012,0.6015060328340887
11657,-0.32965954129272523,0.21628442875140252
11658,-0.045932144939312844,-0.4028881862585676
11659,-0.22908943415844638,-0.3404427214059282
11660,0.1269316023870159,-0.2970250344134533
11661,0.41003444508415077,-0.329692941411904
11662,-0.02725799349362834,-0.28138359663699875
11663,-0.36692526709657347,0.8010749244863996
11664,0.18498591995626518,0.20362966111943398
11665,-1.5281525785612176,0.6309709015829225
11666,-4.812278782851411,3.90986766847588
11667,-3.2492514708003033,9.938117302340745
11668,2.102232478264921,3.391926396115115
11669,1.672039366534887,2.642114394763578
11670,1.2320839572049256,1.5007351077944588
11671,1.7180393424381406,0.5223681921983406
11672,-1.1092449296803242,0.13509505660887483
11673,-0.38276367153597096,0.003435419617925538
11674,-0.06433907308104747,-0.5260425692250082
11675,0.03822420543062974,-0.4681668301731599
11676,-1.159765488827166,-0.08388879897964262
11677,-0.5532046220808543,-0.25237452227791224
11678,2.072682451734002,0.07368375447203217
11679,0.15833978773251026,-0.5268013348086875
11680,-0.5641640418790334,-0.29318322997266383
11681,0.5038985400091204,-0.39939865099377886
11682,0.33471910331352167,-0.6184462881961812
11683,0.9141848557128618,-0.21265048767653208
11684,0.6781762428295108,-0.35704305522223234
11685,0.7295619196020372,-0.22980412775794468
11686,0.017522869632202894,-0.24834257669610849
11687,-0.002094844243634362,-0.4807336913509192
11688,0.9675912526065094,-0.3681599812536248
11689,1.1823786388791508,0.39249194957593003
11690,0.15513268062858956,-0.06343850699267867
11691,-0.20138379632309114,-0.3714795388253409
11692,0.2088855405059015,-0.258797344184104
11693,-0.23484535456099243,-0.26788250423253834
11694,-0.4498312869561698,-0.42184854174911296
11695,0.240179484692488,-0.32792910175358214
11696,0.0702040146927037,-0.4986854191992325
11697,1.004397200072298,-0.1251541578943313
11698,-0.11948569598321644,-0.2778990776380963
11699,-0.043070447190316545,-0.28181658746579996
11700,0.15970394169984758,-0.4381211416389052
11701,0.19800208350818146,-0.19309652888199075
11702,-0.06799110201912131,-0.08648431272278771
11703,-0.22170866343003506,-0.34047527918394815
11704,-0.4049877792258237,-0.5592128841590321
11705,0.6907208715218709,-0.40237618244837425
11706,0.3078068636179639,-0.3253133209586973
11707,-0.31952586033778085,-0.2366990654472964
11708,0.21399383434792102,-0.4551303973733339
11709,-0.09805936935333139,-0.6306536543048099
11710,-0.06575220046564896,-0.4098550930637754
11711,-0.2176734416822429,-0.40256985367331877
11712,0.5871056389463862,-0.3976095381359792
11713,0.47853628759607925,-0.4241926997232621
11714,0.6117704578862687,0.07149043702098033
11715,-0.1966909165544474,-0.22889000240133064
11716,0.2635350080841101,-0.3645253243614581
11717,-0.31522036385067786,-0.28820976949473565
11718,0.03155614519498248,-0.5287730534088751
11719,0.14839794734403733,-0.4247961349150555
11720,0.9916484092072667,0.0979015629220135
11721,0.7214427402284271,-0.3605515823592998
11722,-0.5861245079894234,-0.4197539789481728
11723,-0.2827293465162648,-0.37278814052350545
11724,0.14661398387201355,-0.5267941205459111
11725,0.06648536435000223,-0.44352739660457524
11726,0.44061733873639913,-0.2740668223671168
11727,-0.34968937703155684,-0.1918069097551795
11728,-0.3469660199878193,-0.4700683252410733
11729,0.4911922182028619,-0.282465396352637
11730,-0.6413549340830234,-0.41606835535709424
11731,-0.006045930702370559,-0.06789598693462462
11732,-0.7347706096266932,0.3933166735085216
11733,-0.03214448023270492,-0.35031278113695236
11734,-0.09076455018897539,-0.34532303179380064
11735,-0.3441571438203683,-0.4521048592047105
11736,0.3004543333446702,-0.2799752385793509
11737,-0.976409757559916,-0.2640721900695781
11738,0.5738325799556007,-0.16257016128556978
11739,-2.5449407759296663,0.49463964493087426
11740,-0.5668173759803818,1.0239924509531055
11741,0.01345449795638397,1.1393091122411816
11742,1.0667106588813875,0.46213036805274565
11743,-0.8651136676285265,-0.01378706876981838
11744,-2.4391151911895577,1.509815667484508
11745,0.1198815087223265,0.6705550650295808
11746,-0.5033825769728082,0.26858715727341814
11747,0.5728844390608012,0.3291848648166995
11748,0.7250468105373661,0.40049979212888936
11749,0.9468486768447589,-0.09181881637595321
11750,-0.06182141652928824,-0.31037566009255146
11751,0.4673856481591502,0.6799020858261801
11752,0.887791206059299,-0.30660400750946376
11753,1.3230604730144746,1.2147354635303214
11754,-0.5957896283484863,0.24868392669827466
11755,-1.5947792355998105,0.13312152297111424
11756,-1.5594030060268416,0.3827748451429367
11757,0.4332246019149957,-0.21738688920981614
11758,-1.3940493060311867,0.3897109393298724
11759,-1.1146550842748775,0.9496793700279337
11760,1.7457893335941714,0.451876376759373
11761,0.26388270606973047,-0.08458926168137339
11762,-0.901835282685238,-0.33195092071869015
11763,-2.0595334936589875,0.5217857953326482
11764,-0.2833028209716866,-0.05897120865915166
11765,-0.2813961895459445,0.389892025708852
11766,-0.5196282864955168,0.0913811978805391
11767,-0.743835326831053,1.3765879186825425
11768,0.485031084149151,0.30367554847554745
11769,-0.347520920523789,-0.06457252865861397
11770,-0.2175061885397641,-0.27722357381843044
11771,-0.21860062970359842,-0.05545984844373859
11772,1.3230756255513354,-0.30555089841959465
11773,-0.0836946573907678,-0.3825228007448632
11774,-0.876814458155743,0.5438565739079584
11775,-1.0592925940842217,0.611782318794045
11776,-0.14217963826139432,-0.010957645876058814
11777,-0.7098734826743839,0.7793912648589785
11778,-0.3711127943871138,-0.16058379874825768
11779,1.5256267261681133,0.5861017404017846
11780,-1.4120018233962883,-0.05930848704256186
11781,-1.291523105743302,1.9762357334447995
11782,0.026294672449582144,-0.044779847575094615
11783,-2.0485876407144343,1.8659304769129637
11784,1.3275365961627648,1.13657889007516
11785,-1.310844265518117,1.62865375472854
11786,0.6225039830368073,8.063247075894989
11787,-3.3468912939921966,2.5260580107952966
11788,1.8730948743249904,2.015816603582597
11789,0.5828387613274221,0.6513638054119758
11790,0.110078804381692,0.3916521377946441
11791,1.9159112658899082,0.6039843410570155
11792,-0.3501235458404517,0.6255316901879053
11793,0.7166261643805755,0.41955631444455543
11794,0.4179356570187763,-0.08319363169196191
11795,-0.7659359388615924,0.361123747784158
11796,1.3313719175555845,0.17296150688632292
11797,-0.7812926041108154,-0.00397745061871725
11798,-0.8281863123455431,0.18961866032467203
11799,-1.0166438357791323,0.4167639091634763
11800,-0.25584367179460404,0.3255659238584171
11801,0.3376821008149336,-0.4928553487635463
11802,-0.2033245023006076,-0.4585810991514192
11803,0.736546210520199,-0.31456026660099473
11804,-1.4814822032849373,0.06491741031539489
11805,-0.37934406162636486,0.34271997318360425
11806,-0.01090293411518477,-0.03578692187363841
11807,-0.8679137303909886,-0.18742372236183816
11808,-0.6817204797365712,0.42117756897417674
11809,-0.565892006531345,0.47121266441793097
11810,1.6640065671523472,0.39557355494689384
11811,-0.6181511993635468,0.6884268197441757
11812,-0.648584752461957,0.6236656005897421
11813,0.41431209914887035,0.7102124421465333
11814,0.5099482668207408,0.6308654415106996
11815,-2.5727075053841477,3.154736324797752
11816,-0.28693093657065927,1.6909151603124648
11817,1.4791137507429817,2.8268206960586304
11818,-0.43882985200872926,-0.026254286834420444
11819,1.1122337726753693,1.1541448600612119
11820,1.1862172208243018,0.321098106913375
11821,-0.05879254895996698,-0.3370085357645933
11822,-1.7171904857618563,0.22110427928391302
11823,1.2999080369108251,-0.08793618643458677
11824,-0.47689096824899624,-0.38590810108864676
11825,0.7461621165443605,0.4544739081012482
11826,-0.5009847651968001,-0.2205864220612774
11827,0.07282591958006777,-0.2291428296886997
11828,-0.14230001229199082,-0.029747982442253854
11829,0.836767293372602,0.11675373748167558
11830,0.924379398641009,-0.2447751610308198
11831,0.6754493114035847,0.3106642741500765
11832,-0.4638345671882112,-0.06446216345111008
11833,1.6426313694606842,2.925223965412279
11834,-0.8688031264354541,0.5620906301771781
11835,0.4345029367042585,0.5346776747985789
11836,-0.8552915361453115,0.5331063401056741
11837,-3.085498007983234,1.1059426115839397
11838,-2.1272579111557426,4.160444071560844
11839,3.906827365569876,3.5051493249985493
11840,2.8615289594188567,2.027485410875723
11841,-1.407287562170445,0.9799921240197846
11842,0.8869545432778363,0.9586457812674375
11843,-2.1168742406014207,-0.05336974049170325
11844,-1.3687643250857193,1.1833280342287578
11845,1.870059335460914,0.3392201739612463
11846,0.22616489293237604,-0.03915582186974047
11847,1.2467469978133243,-0.18303781348878262
11848,0.04909214374612205,-0.412716783491048
11849,-0.820278048457201,0.459835660589602
11850,-2.401300926435547,0.4463125926672958
11851,-1.5604476246012386,1.0412645749158773
11852,0.8088920357237559,0.012916329112121695
11853,-0.8221441162770882,0.5805038754011337
11854,-0.14866676010269148,-0.09523778471550787
11855,-0.335580212464794,0.5669651322813674
11856,0.6706022815142314,1.2403643590145204
11857,0.3994282544826353,-0.07919675433504082
11858,-1.3129830992602953,0.2843911700006387
11859,0.13541603525761478,0.054061823758482626
11860,-0.11294041440459358,0.4773658040079116
11861,-0.002327924746323488,0.5229730372144769
11862,0.5528192575846367,-0.1648468997264258
11863,-1.999563507140364,1.5994022705884097
11864,0.6313032784675106,0.8597560854741972
11865,-0.6159777480404577,0.08889748258939505
11866,2.2030471569934553,0.848635669747496
11867,0.9501453401041152,-0.15184510543388188
11868,-0.20484329507161386,-0.008683013974193092
11869,-0.2747819358647383,-0.4621248942278529
11870,-0.7179323693712308,-0.4073498983431732
11871,-2.1871133424946767,0.6295318570634787
11872,-1.7393373685039433,1.8835199498405462
11873,-0.7877980097999965,5.084699875460685
11874,0.506529447904759,1.4264012657067826
11875,1.9567733706785382,1.2138294338612312
11876,1.0648019767380545,0.0024300314269941905
11877,0.14092817103060254,-0.3225012787195747
11878,-0.17003705248555015,-0.43730777261270254
11879,-0.22601678993786198,0.47123127915366997
11880,1.4800023145328092,0.26677099431164447
11881,0.24277080577707633,0.2341674474028425
11882,1.458631977895023,0.4118861966159643
11883,-0.24666956215554312,-0.20700658821575085
11884,-1.004177845684253,-0.25448020481516626
11885,0.7115591020452922,-0.4478720282049409
11886,0.5539611585610047,-0.4418029899863996
11887,0.2709334573289978,-0.37765540224323074
11888,-0.2891195512407087,-0.5509312530121283
11889,0.03423011604784307,-0.5702198850942553
11890,0.06694696582030459,-0.6050617456218208
11891,0.4556511781827174,-0.5746719091081094
11892,-0.11888360149938527,-0.5826288252337277
11893,0.13661455633596556,-0.6729239840445778
11894,0.14391350932109578,-0.40797628347617143
11895,-0.13015762563652436,-0.5316397975512838
11896,0.7276520612033388,-0.3969352488212631
11897,0.7171770375330887,-0.20039921752377102
11898,0.04168322004606946,-0.23391554416348012
11899,-0.7028417622026187,-0.2687810275952859
11900,0.6031527488482217,-0.48979826127129056
11901,-0.35587647992927823,-0.3994240764941616
11902,-0.1251765230104969,-0.5110047470809609
11903,-0.7638377431449552,-0.3977822211831301
11904,-2.523636675577615,1.7080283326114674
11905,-1.2471311182856517,1.0862016534165089
11906,0.810608230473842,-0.07612125069185662
11907,-0.5153862582408919,0.051496966110760316
11908,2.3408753968965175,0.37820516750156463
11909,0.6105976343071904,-0.26651086031682386
11910,0.7733669192232856,0.0002552884088793075
11911,-0.09432628776911872,-0.38487504365517927
11912,-0.6258766989983974,-0.31593992452378744
11913,-0.7088838931787198,-0.0639297992008369
11914,-0.44654675427377966,-0.4020377242176596
11915,0.6483944876392599,-0.4734972190024195
11916,-0.6433482686169095,-0.5030938754773475
11917,-0.6887737585382036,-0.31521192890577476
11918,0.9644499069478122,-0.5079227946316524
11919,-1.2650640228415992,-0.2850712312238783
11920,0.3983686118189075,-0.32421146977669174
11921,-1.0750947120919225,-0.23455245733870095
11922,1.0509087922574312,-0.31667327210338697
11923,-0.7585546148956752,-0.2684857000891864
11924,3.932462233387454,0.30434123704906024
11925,-0.534879931164914,-0.27410640379922335
11926,-0.2624660679435979,-0.44669029393741266
11927,-0.30558277270234696,-0.5819142456120865
11928,-0.11518020655769472,-0.5340978611587813
11929,-0.7766285513143516,-0.40561374550087087
11930,1.15175387433921,0.25486157671416043
11931,-0.9189488179543799,-0.4177661026082123
11932,0.07198881591897247,-0.4851650161706743
11933,0.6524780033532701,-0.11855412706861766
11934,0.560180822883517,-0.3181688385296378
11935,-1.0268600214022376,-0.3460358264492085
11936,-0.5343471419817291,-0.3718909701899547
11937,-1.6257868025979272,1.2351451217860006
11938,0.11923364697203527,-0.10305401020572916
11939,0.6946201094200869,-0.19716574843860182
11940,-0.10559127412389678,-0.28485180207731176
11941,-1.3791054611368732,0.30498942681438124
11942,-1.3719490958131142,1.1950295130493813
11943,0.09323776293191653,0.5385410221109496
11944,0.12120016808448512,-0.1343354703856908
11945,1.1830429329976138,0.9794694018824616
11946,-0.013285251252688925,0.06751857883041693
11947,1.0870458091730881,-0.1788352447794786
11948,0.050737828570427954,-0.5233251473102817
11949,-1.7452583310476877,-0.26146308689333453
11950,-2.425670457499432,1.9193880807566728
11951,-1.012414634522453,0.6645279410777651
11952,-0.8321916057644224,1.9147790819061854
11953,0.1687972821934187,0.6363043626686136
11954,-0.41816270032425285,1.747573929229782
11955,-0.09643974256673331,1.342763189960869
11956,2.8377616646582156,1.0324736075771
11957,0.18001474373852658,0.3525998090148838
11958,-2.2177706469202754,0.22958517710415524
11959,1.1422302053751936,0.015744414023971733
11960,0.35286688331231286,-0.3842878809381541
11961,-0.5274481661462065,-0.023356238591138452
11962,1.6332294142487696,0.16442009946391314
11963,-1.152746886918531,0.2452114603319553
11964,-0.11034157469562317,-0.5287187001673891
11965,0.9323139036884504,0.0065803649238356885
11966,0.06575160814028078,-0.4896680001813814
11967,0.05640726732436391,-0.35724199877022195
11968,-1.6562826002910633,-0.04756554115811416
11969,1.9485134388953624,-0.11484037468681665
11970,0.20516292439158132,-0.4304226417831994
11971,-1.8516429956620957,0.2702779742788814
11972,-1.6294356302619406,0.8197247808934883
11973,3.088323194608165,0.3552951301668285
11974,-0.6673651258020763,-0.1861414344656183
11975,0.4776776676361254,-0.10231086787429165
11976,-1.8250332857202807,0.34716314387183445
11977,1.9411445859744374,2.2670704180310204
11978,1.4715451872525012,0.09589012910305707
11979,0.10668893775204372,0.29679879843228646
11980,0.7882313580692273,-0.3679277966632782
11981,0.037377846640829465,-0.2156968619052255
11982,-0.4498110558208091,-0.1112733913295031
11983,1.2654346563262873,0.02550490765747278
11984,-0.3811496299603385,-0.3247457541668378
11985,0.6161805735019743,-0.385371683444708
11986,0.2809786900707237,-0.5350929025589207
11987,-0.3371697147770037,-0.5223867310609248
11988,0.08246123102592313,-0.5183862580461639
11989,0.8879136589058867,-0.23160983960228174
11990,-0.522341933928286,-0.5159239163039359
11991,-0.7306760088759783,-0.41797831406121294
11992,0.5569778505515935,-0.3807567377844076
11993,-0.6465849447581824,-0.288047114456731
11994,0.4419870172140429,-0.519211031996199
11995,0.14040617957030008,-0.49653705146607036
11996,0.47099696396097673,-0.5475678322747093
11997,-0.30076730631691473,-0.5486834038869842
11998,0.24730047259939925,-0.529963612333938
11999,-0.49163116062198586,-0.5384462876865819
12000,0.28454672179187135,-0.6141157148950646
12001,-0.06876378288092892,-0.5169706576686095
12002,0.40058571054228703,-0.45483052493106974
12003,0.6569093983477701,-0.5118074226157615
12004,0.1738230550566584,-0.32051553324360255
12005,-0.04924514039173956,-0.3687122840323034
12006,0.03811169450891293,-0.5627399534507459
12007,0.6240409150856653,-0.3315756933755762
12008,-0.5501062833100985,-0.346118355241055
12009,-0.22340610067337768,-0.49484787891591986
12010,0.3705931669363855,-0.1802875375328325
12011,-0.4733755277127109,-0.23973996291805758
12012,0.0430218959840502,-0.561686517462004
12013,0.053878113600556776,-0.3036413309937385
12014,0.3287999928932923,-0.494228677282791
12015,0.6370757673305247,-0.3856592875995833
12016,-0.1697208546510949,-0.09174246272513203
12017,0.2542545793755818,-0.3924777555587068
12018,0.21308736556321423,-0.4121195887058532
12019,1.7399243750448825,0.954161675986909
12020,-1.2322952606657627,0.1356147978203063
12021,-0.47962146323342886,-0.20669939160710815
12022,-0.2395411050122885,-0.39160541136445737
12023,-0.5413893556779926,-0.38111452026121334
12024,0.15385940980034474,-0.47004608192710123
12025,1.052128403447019,-0.14114480181459765
12026,-0.019230033803642077,-0.5230806682646494
12027,0.2570870784131127,-0.33874488703406147
12028,-0.8879752274648477,-0.31458809136480315
12029,-0.05208807161383151,-0.496759388557802
12030,0.23397554559113176,-0.3852667520132249
12031,-0.6773185891942679,-0.24918197550784393
12032,-0.6399190145936811,-0.13051431253863274
12033,0.8946864941972368,-0.20110291953840295
12034,0.018063640910668897,-0.44534664532938717
12035,-0.28741848756956356,-0.48839654513449354
12036,0.41989782402089904,-0.489661716547566
12037,0.24617220747251858,-0.3946035450796427
12038,0.04829136842059482,-0.4972620406297591
12039,-0.75418013136927,-0.011125784864866501
12040,0.2628026740877146,-0.42323463798765587
12041,0.6067719377980725,-0.49753202799764434
12042,0.3793402004138716,-0.3698771627439889
12043,0.4773596521874026,-0.27851721797321816
12044,-0.7710442228963817,-0.3219967134971881
12045,-0.23398440576986168,-0.4009638576261153
12046,0.6518526118081871,-0.40641093334288775
12047,-0.3633552192833905,-0.42111737169668423
12048,0.5174472974699981,-0.28940639768751253
12049,-0.14947928219969533,-0.3890569473791726
12050,0.652899983746775,-0.3446885036666484
12051,-0.21993910195254357,-0.5434609832090078
12052,0.8044485228856271,-0.0661666085366154
12053,-0.4826862249082339,-0.22050925932425625
12054,-0.2282130306439761,-0.46908545837722576
12055,-0.45815324428726717,-0.43356163052789937
12056,-0.10528332613299518,-0.5930652111786998
12057,0.6590253872933339,-0.45577762945720046
12058,0.01069217174424036,-0.5132851879398497
12059,0.40489397328991383,-0.37720465017272553
12060,0.1494879407843947,-0.5875486691914437
12061,-0.398320212136743,-0.5052413862106011
12062,0.4968513448744758,-0.5415908920806541
12063,-0.986161445157391,-0.1983732014956966
12064,-0.22224879096569933,-0.4801086376391462
12065,0.6761889404818148,-0.5201541598539285
12066,0.14967061593522488,-0.5476506718053669
12067,0.518951116810748,-0.10634842591350052
12068,-0.5751814947809423,-0.33031991896299506
12069,-0.40085674857299425,-0.4773435015067574
12070,-0.053954487971938976,-0.5739216247414259
12071,-0.19101265729644532,-0.33815811250110805
12072,1.5165692389608514,0.420121558508401
12073,1.380252279260486,0.023003679459078517
12074,1.2357369961655256,0.2027065532431546
12075,-0.8253371493649865,0.012425059660516227
12076,0.07733477672046302,-0.31527818077938713
12077,-0.3845442423511363,-0.35091986821754684
12078,-0.44567227897679634,-0.42784781597593424
12079,-0.9406323323490094,-0.3284224581823791
12080,1.245052584123382,-0.344161807869243
12081,-0.40956819559038943,-0.3666076303465437
12082,1.4965284309248439,-0.1523613279686548
12083,-0.5301019099769564,-0.38794665568174524
12084,-0.254877391824822,-0.5177416652487925
12085,0.05875841498831912,-0.4958187635099845
12086,-0.27264423473616994,-0.6001078169937689
12087,0.17856253248552645,-0.48834411633861274
12088,-0.04035469633250146,-0.490711646447945
12089,-1.1132965990001782,-0.26941647490919085
12090,0.11696270353426164,-0.5597325702631775
12091,-0.24421139661170427,-0.4216069104872846
12092,-0.33200243944444247,-0.49042865775107847
12093,-0.10779958041971778,-0.5771011460502586
12094,1.0023682606667397,-0.3873169864090028
12095,-0.720634931527641,-0.4057089414581776
12096,0.08948307795624476,-0.5451081171581855
12097,0.5451192374887895,-0.49703557442846596
12098,0.3285684204985038,-0.3816265192839962
12099,0.3308938557046162,-0.330326120040949
12100,-0.027335861676442013,-0.5257086057736639
12101,0.6787148462862138,-0.16203431623957873
12102,0.00442190733313212,-0.25000848037588796
12103,0.13948893105267013,-0.23211980399008048
12104,-0.5962864908943998,-0.23353111920896374
12105,0.295766075771524,0.09104712430890986
12106,0.29645046629555066,-0.06138926913794584
12107,0.34290128084242677,-0.39314806153750637
12108,0.38634024223878627,-0.22070567738140123
12109,-0.5337524074782458,-0.44686112589067795
12110,-0.7281450107902643,-0.31720017746692897
12111,0.6164568327916775,-0.37662853401484986
12112,-0.19138268149890733,-0.194602675007938
12113,-0.15061474050323487,-0.509661957910491
12114,-0.16622911258439765,-0.4216771397929569
12115,-0.12994576572524097,-0.4763136368521033
12116,0.12713456336044293,-0.4344845576387886
12117,0.1264319053063361,-0.4739518922207074
12118,0.09381795929437915,-0.4419798887942245
12119,0.33149079492814115,-0.5009605585434013
12120,-0.26710373869679266,-0.5353567340538211
12121,-0.03465944212183154,-0.5293264132541984
12122,0.6056204892910101,-0.45567484297662675
12123,-0.23902770382013228,-0.26108368864738773
12124,-0.5640336334638149,-0.4707318126061727
12125,3.1274754264517766,1.2759152137714138
12126,0.6168443281454747,1.1923112571392376
12127,1.3913026615004993,2.788461395541644
12128,0.47013176757401903,1.708212109481825
12129,-2.0486432214610053,0.6110911519260083
12130,-0.9793376189946384,0.992632708960903
12131,1.051166867723756,0.3974824469141632
12132,-0.44492949121836317,-0.34914490974370954
12133,-0.6006726084808195,-0.1626413985470382
12134,0.33507654331579506,-0.2245356553127327
12135,1.184261744326039,0.17870149890232948
12136,-0.0319415772929752,-0.10225903957955743
12137,1.2202335895257848,-0.19383671790619855
12138,0.8637991062761053,0.33854742034224194
12139,1.5010666663449417,0.8189616283402551
12140,-0.8879109800038345,-0.0764226005168654
12141,-1.1756506186047584,0.07620004963216957
12142,-0.3144184128345505,-0.29394811995744136
12143,-0.8300661105943316,-0.1621264866860103
12144,0.6405883202197689,-0.3013784354467599
12145,-0.9599064265623976,-0.331954990734073
12146,-0.1562827860498239,-0.3724278000177207
12147,-0.1409678256641628,-0.46158264714520547
12148,-0.5808201507410115,-0.3528976665330452
12149,-0.5566000757247609,-0.39037606449736373
12150,0.18582983017001983,-0.48966626290518883
12151,0.006900752848968467,-0.4647836153950324
12152,0.3540715436307522,-0.6188808661814253
12153,1.2719245668369523,-0.2813404076790205
12154,-0.583483937076568,-0.4518699074619539
12155,1.0271219223337447,-0.2770823247209245
12156,0.07981782044040148,-0.3626466542255517
12157,1.0513233215405324,0.1543180231610767
12158,-0.5186108781319756,-0.3178061230311775
12159,0.5147492804891204,-0.12364202872903833
12160,-0.47327669106571474,-0.531149804748376
12161,0.09895872487147656,-0.4931841197175838
12162,1.0987625383359019,-0.23105995020470285
12163,0.08204822637862662,-0.30538891535913604
12164,-0.2769135215455163,-0.531328961114829
12165,-0.20189868209414696,-0.3334388226910742
12166,-0.24673606988101512,-0.3895836424483588
12167,-0.40043895772074567,-0.2107688420578928
12168,-0.19906085619076633,-0.4616772850823709
12169,0.2510753186421221,-0.40851288543130965
12170,-0.25604993484236055,-0.20727856848464335
12171,0.15006336074573404,0.13012096376539106
12172,-0.04717383314449095,-0.3826775002916618
12173,-0.19489187550836823,-0.5320613635338993
12174,-1.0221175128081519,-0.2961741722531245
12175,-0.0884375260300837,-0.3987308253388181
12176,-0.12850348086229968,-0.5621641324527237
12177,0.2572082446585756,-0.4193816936516864
12178,0.6013064105474348,-0.45207915520275477
12179,-1.361332026927764,0.10592464403560727
12180,-0.47380949080545975,-0.2657341755345634
12181,-0.2379709156060307,-0.3796051909426392
12182,-0.15289714622890227,-0.38668507188110357
12183,0.7753224880597163,-0.08246307461225133
12184,-0.7246024550881733,-0.22556807386431454
12185,-0.31131758940737886,-0.43342005331678846
12186,0.24478634997424678,-0.4935656227584282
12187,0.3510472685140061,-0.3983869117054912
12188,0.019708219808633395,-0.5889492479937375
12189,-0.49888126555427414,-0.5285900595983234
12190,0.7393187831739203,-0.2066312459891135
12191,0.1494363043560561,-0.5168397366672143
12192,0.24733364027352905,-0.4455040592812016
12193,-0.7118123435235055,-0.4338654276709435
12194,-0.9940747733508768,0.1350496295504342
12195,0.035392888792213036,-0.18449871289302933
12196,-0.6631365828492427,-0.29969335750928405
12197,-1.0474466565466436,2.1063106327917693
12198,-0.23094067209078525,0.2625671107444949
12199,0.049183713828609074,-0.3031773187189939
12200,1.5414873744483208,0.12625124347112537
12201,-0.22253210696145456,-0.26567977814054267
12202,0.09890574412265814,-0.5887687172923685
12203,0.7032899471726551,-0.33718343731235734
12204,0.43754354595516115,-0.2609032756541843
12205,0.8403986110288078,0.03028960546561295
12206,0.6060387398738108,-0.050981481522146335
12207,-0.17095807222733436,-0.4043958927263156
12208,1.5923552490263988,0.0011897600181119635
12209,0.42485341037297997,-0.10430961658352855
12210,-0.3664801474244031,-0.4751780895787046
12211,-0.07832538977058395,-0.48780351660737575
12212,0.3265882462912973,-0.42697130512649034
12213,0.04986290328825384,-0.31765462988387994
12214,-0.45841899454849805,-0.41086513407449526
12215,0.12371931283278055,-0.45541021538579846
12216,-1.9624697784960161,0.598619143580719
12217,-2.264998414827126,1.3569767671959096
12218,-0.2147030780417262,0.23860366050376083
12219,0.23982514571477234,-0.1525467535473239
12220,0.5074792018193373,-0.41358436745112837
12221,-0.11703290852671508,0.19886395159714773
12222,0.584511689559601,-0.18591307575889712
12223,-2.7479164022203033,1.4087160558095402
12224,-2.470911108452625,3.1203549570948854
12225,-1.4095907404093595,2.352609098075624
12226,0.6835936435348661,0.9761830893849286
12227,0.9967873257140646,0.8522438087806273
12228,-0.992656396444492,0.30094273427370627
12229,-1.0706655352767585,0.694236556720736
12230,0.43245612453002585,-0.22103371028134364
12231,0.9949345940150615,0.2202162172932286
12232,0.4042816920601075,-0.04067571312257969
12233,-0.8011415666374858,0.19251683601479813
12234,0.30751864418555463,-0.4939904491964222
12235,0.22513958232493003,-0.5696048680939153
12236,0.5832272767489505,-0.5254692980165776
12237,-0.2747665620519688,-0.3827177533538385
12238,1.1144032423019903,-0.33915495085979747
12239,-0.9169502894578732,-0.4151153451021074
12240,-0.2901648096611376,-0.3874083467429711
12241,-0.37954712947953567,-0.4129264003761714
12242,0.9473704047942069,-0.3038424279171814
12243,-0.2934871107304318,-0.5188752346850577
12244,-0.28671774912402415,-0.5368384001456126
12245,-0.3040994859769713,-0.4449759819232567
12246,-0.3218078809347697,-0.1461013089067578
12247,0.9822432107767604,-0.48352817188945707
12248,0.9159636479574822,-0.3883812681736081
12249,-1.2985888369987448,-0.26251321225505125
12250,-0.4026281087332993,-0.2902511207290591
12251,0.09726523556990867,-0.5296993194690338
12252,0.9224552090211682,-0.38571193162445766
12253,-0.5822522871532009,-0.39938301565157497
12254,-0.6944911494279693,-0.4065279398086338
12255,0.6209046046968062,-0.09532201373582186
12256,0.4513018605116118,-0.4938875159012654
12257,0.45127050955557013,-0.4931350907715431
12258,0.23483149461816394,-0.4527665088240405
12259,0.7266749770027141,-0.280894238321406
12260,0.01030785442966397,-0.5090278243037515
12261,0.2841872603857688,-0.5529152362650874
12262,-0.4133647137646077,-0.49110415442303823
12263,-0.3665744479405163,-0.26056552440456154
12264,-0.15516964268953493,-0.48446552175768504
12265,-0.29552786391514296,-0.5680630722790742
12266,-0.9337719094092665,-0.1671962854004772
12267,0.0887638218385279,-0.5023253197319595
12268,-1.2647807500450583,-0.24273453777916754
12269,0.8028283016866149,-0.37339407416395964
12270,0.4603790826384762,-0.495764020049524
12271,-0.9036372032411597,-0.2188534499703634
12272,0.7777918263648007,-0.4383881940637242
12273,0.11349261624020435,-0.6430737484583382
12274,-0.3467251211122873,-0.3765009240352454
12275,-0.34209141450515324,-0.5935452239584104
12276,-1.043638304670308,0.061482911433789554
12277,0.49735072380256473,-0.45873066554465647
12278,-0.3121204665281541,-0.47258914791429113
12279,-0.6329541420192375,-0.41175032059286204
12280,0.4954344702018835,-0.5013293615594677
12281,-0.11710299449665534,-0.5250894531897865
12282,0.2159991654760594,-0.5257752151064731
12283,2.9769958420999965,0.3029321985937521
12284,0.17419502649704355,0.0421842800189526
12285,1.6733905125882391,0.638702531971146
12286,-0.5745480209728152,-0.23300192750158805
12287,-0.9569215230057191,-0.5186546847606375
12288,-0.18590230834999186,-0.5692963681718328
12289,0.7645358484544952,-0.34217804006248154
12290,0.04022152988078895,-0.6159016765675634
12291,0.8194246414805647,-0.3693122121967975
12292,0.49215926510824887,-0.4720186307742141
12293,-0.5808911515776553,-0.336715967838023
12294,0.19247120160939676,-0.495977860309673
12295,-0.6421467791899033,-0.15069194307136666
12296,-0.05686500244083071,-0.46105122451555564
12297,-1.5074351477144874,-0.04759804395839888
12298,0.5801855636352884,-0.42638181808495873
12299,0.9947320607776591,-0.3434009325438346
12300,0.12405705830967381,-0.4111438288110973
12301,-0.5941835809339333,-0.2170166063909979
12302,0.5286777557590315,-0.4933186703180655
12303,-0.1718249200127893,-0.28041738207187555
12304,-0.5172808227821689,-0.17701359300595243
12305,0.6676780227368186,-0.38241083585489233
12306,-0.32845616187860466,-0.45941604818592363
12307,0.4906094483612262,-0.2697800186590393
12308,0.46123361937179985,-0.41971593189830403
12309,-0.13961174941189863,-0.5028848361572574
12310,-0.6018750960986182,-0.5648127692311926
12311,-1.3550085503606957,-0.07095615057758196
12312,0.5752725124350985,-0.13462583548712545
12313,0.08684003545749211,-0.5819726728192788
12314,-0.49417133883305875,-0.34753786467485864
12315,0.9461029770997813,-0.40148329303514096
12316,-0.10098533057056039,-0.477916846599303
12317,0.6215934420393935,0.519462003642779
12318,0.39783352010679496,0.749705420306206
12319,0.4942078134702661,0.5710331860808903
12320,-0.6304213799477812,0.3759403908584899
12321,1.187233259547951,0.1442949326966957
12322,2.5986441907523656,1.2707215588278908
12323,-0.7538054696543508,1.3521551548563866
12324,-0.14781776966671875,0.0427246771620865
12325,0.7495316794969694,0.08865375346774484
12326,1.6474206631840318,1.2622394297377242
12327,-1.039511785478015,1.085370842339905
12328,-0.3186690759314661,-0.16761204400321292
12329,-0.7234366698531229,-0.27259072278717755
12330,0.6593737275710795,-0.516785136215295
12331,0.0016768825893298533,-0.48645291823495684
12332,1.0734419197251837,-0.31117816365491036
12333,0.7041220009613136,-0.42288022491911453
12334,0.4476782317161785,-0.390945904472062
12335,0.9589981790198364,0.1757737084109732
12336,-1.2027680860790382,0.019133515847378317
12337,-0.26829605763047276,-0.4531971853938652
12338,0.03153950612620835,-0.5475833342775756
12339,0.06467812369054514,-0.4553381054374701
12340,-0.0400278733439787,-0.6166282001965988
12341,-0.5117578461651496,-0.551166725094249
12342,0.36674836349801243,-0.2949798170708119
12343,-0.4012411121779377,-0.5899793854325094
12344,-0.3463539289157124,-0.4816426390713708
12345,-0.48514180944575847,-0.3432070626290773
12346,0.02701160216511749,-0.6064545185451883
12347,0.6107170761981342,-0.5632362227267425
12348,-0.2155789211610106,-0.588373440767482
12349,-0.9018870426657811,-0.3878752049671485
12350,0.6480663911752678,-0.4806035100643813
12351,0.3270752326043873,-0.36219090151119243
12352,-0.06755435366223515,-0.5468058828957914
12353,-0.39079344807630545,-0.56566025121123
12354,0.25290138776104965,-0.6111416046664635
12355,-0.2264528753302928,-0.5188219584681933
12356,-0.26647564845227023,-0.5218633431153022
12357,0.06227379991766159,-0.6268148019272347
12358,-0.11680151242898093,-0.5603401730887774
12359,-0.24542674313007326,-0.4612039111501765
12360,0.11673930820823494,-0.643042693153725
12361,0.07740086544936985,-0.5106540061111298
12362,-0.09527751995902721,-0.5637804336818467
12363,0.1252347294640768,-0.5444033625616037
12364,1.0941485581779373,-0.2917472066785735
12365,-0.5708845862695101,-0.40939509614233577
12366,-1.1935554619116995,-0.015306238220686458
12367,0.29983044836867806,-0.4670943117783186
12368,-0.15714680776169362,-0.4508587742910607
12369,-1.0563006422730572,-0.40479592588682595
12370,0.032296813937242534,-0.36000731330036806
12371,-0.2529297438797916,-0.4729862321192439
12372,0.035076599784652156,-0.562117696222841
12373,0.27775083541086965,-0.49325844606081676
12374,-0.2986385044996111,-0.5470011415147025
12375,0.284254003278916,-0.5606045276957788
12376,0.5187008915895712,-0.47943601579265227
12377,-0.5275055326914426,-0.5671224723465497
12378,-0.14020573887637977,-0.425408215239547
12379,-0.1343905751355394,-0.50606326282983
12380,0.6005107370519462,-0.4181076383672275
12381,-0.000508532748083998,-0.4151154659252574
12382,0.6297487926300048,-0.2748577502041985
12383,0.809158409430252,0.6184078577739923
12384,-0.40372389001985354,-0.27001386968686064
12385,0.22357938573929242,-0.3455769508744924
12386,-0.2276490619118443,0.14749513336175418
12387,0.5178702769171846,-0.32395886438958627
12388,0.19196679239288783,-0.2963697817310287
12389,-0.4085534640961893,-0.3834059377805224
12390,0.2789601941382461,-0.45093333088080456
12391,0.39722978710471846,-0.2845603331174663
12392,0.6405865294809409,-0.4350309545103888
12393,-0.43439183938811016,-0.452667318349764
12394,-0.4051524205635542,-0.4778492200196318
12395,-0.3051109818400618,-0.45718444287223486
12396,0.5929730108475126,-0.4109228302655524
12397,-0.16990319179228294,-0.6352997512670207
12398,0.17797715037096995,-0.5384246859701567
12399,3.1007415234514184,1.9979157110433747
12400,1.2897752282791273,2.2288010803267992
12401,1.6821897863764819,2.6639373248647886
12402,0.02348809117573744,1.483707959707377
12403,0.3761458128457833,0.2726569036965603
12404,0.8366429884700859,0.3226486384128938
12405,-0.2596546184997223,0.7794570022594773
12406,-0.3105163241365725,0.9423554399041253
12407,-0.7610425904649875,1.2961889823527426
12408,-0.013026598184787196,0.23293196229299098
12409,-0.2646581946359558,0.4062944173204947
12410,0.3735079834139789,-0.14038332528386457
12411,-0.33140870628621066,0.01774323165409401
12412,0.1615156870080742,-0.11333674279749868
12413,0.4234480068352927,0.5343733384176356
12414,-0.211220885652954,-0.0684724142653361
12415,-1.5838906587759731,0.5149119424653991
12416,0.04247940145618415,0.19312500341013575
12417,-0.20288749401199824,0.5015979948843342
12418,-0.19411916138033258,-0.03864739123141583
12419,0.08468756542949563,-0.23149816218083333
12420,0.7434016538870467,-0.329162300560708
12421,0.7185690165699004,-0.2679494700850817
12422,-0.24319415739908404,-0.26158551391051216
12423,-0.29748799637724294,-0.30754044175903816
12424,0.18266383641996056,-0.447243789459869
12425,-2.4855875164140944,0.518267246627864
12426,0.14579807698444655,2.727182687481194
12427,0.29382942936534745,0.1890926147997878
12428,-0.14476286842791833,-0.16124939377443692
12429,0.5446269521731332,-0.3382820619359045
12430,0.32861227019226963,-0.5220539284275115
12431,-0.8274198209625054,-0.39195274905024413
12432,0.626190277140792,-0.39993153704753776
12433,-0.5705592764130081,-0.31311550125337284
12434,1.0824914448921419,-0.4067617301153122
12435,0.021567626097032548,-0.5527912554709834
12436,0.363245348875709,-0.5617938791374848
12437,1.319907117149915,-0.1299895949600451
12438,1.4725358810165972,2.577687862635449
12439,-0.3443654264652601,-0.11275829376059164
12440,0.7322887665164423,-0.29767061250502
12441,-0.06058120144403932,-0.2595628722214885
12442,-0.16710498115032021,0.16615678636446735
12443,0.08644608185372664,-0.2711651766424866
12444,0.6839545616107975,0.0057518852835101875
12445,-0.16949626285312758,0.08241850306486338
12446,0.15677406442473668,-0.29611286151651417
12447,0.9549284695291103,0.01811150740864182
12448,0.2164520128232283,0.22379335016520283
12449,-0.033716576701244574,-0.2644203684229685
12450,1.2355796914931714,1.5342993064280388
12451,-1.0716632684419145,0.388703669081819
12452,-0.08231905828374517,-0.2954495482480694
12453,0.5194829924809768,-0.2590353415440826
12454,0.5846838932545958,-0.3385476442730374
12455,-0.04278607475337664,0.011260121578552464
12456,-1.1552815818081348,2.872952015750533
12457,1.7873943990679622,1.966679058343519
12458,-1.4132588181071242,0.6718792802178639
12459,0.05430486452591422,1.4995296962098463
12460,-1.2606886498931842,1.3523887653155235
12461,-0.5383092759309761,0.07914269218995487
12462,0.28813123890039427,0.011440290464158877
12463,-0.06699211674774501,-0.12374230183636889
12464,-0.49946683056652835,-0.35515926502388473
12465,1.5434956017964494,-0.30926396812198564
12466,0.023327429760442064,-0.01244558955179135
12467,0.5480047519100456,-0.37103039684032607
12468,0.9136729125851811,0.9017523489326996
12469,-0.9345872283950412,-0.10160672394078715
12470,0.09985405680393734,-0.29653393547691503
12471,-0.42421022323797736,-0.1366029565611228
12472,0.03578163886280679,-0.3952816631483582
12473,-0.009589713473179346,-0.31219183297632136
12474,-0.32101870385020964,-0.29864461328602127
12475,-0.3495317957200718,-0.08592788834794145
12476,-0.12919029824390518,-0.3638424872595452
12477,-0.20907708692256383,-0.4444657053251248
12478,-0.2759415523984264,-0.37542495243729623
12479,0.4446673335908664,-0.21141736870013955
12480,0.5328361405818136,-0.5056913588495408
12481,0.38917952629434144,-0.280904568738519
12482,0.5170506210641069,-0.3038045714955816
12483,-0.3815370970946143,-0.38391812107940854
12484,0.8407956094429996,0.007913399138482248
12485,-0.2861720652295685,0.15027185915269956
12486,0.31854218989589006,0.008402077668568273
12487,0.6832244569012318,-0.04054901379908223
12488,-1.1503496837359735,-0.12398226246793252
12489,-0.6773858744991084,0.17660260784086346
12490,0.04334945545532499,-0.29962890917983986
12491,-0.23894118898076916,-0.331397087103713
12492,-0.29348125658459917,-0.4257947306996801
12493,0.39504509565998197,-0.3254951017343931
12494,0.8132069840224069,-0.30201688632044993
12495,-0.09041535060168852,-0.32336374411464064
12496,-0.47001565224946806,-0.4591995757566645
12497,0.0805828775402413,-0.4149734627692908
12498,0.3579034831284285,-0.36016709707448985
12499,0.6179103233305063,-0.12191394190876854
12500,-0.1568777475447662,-0.3449235588389116
12501,0.27120511862263685,-0.48408956653519647
12502,0.31364112743142913,-0.501172814889744
12503,-1.4451607752146174,0.18749240252498703
12504,-0.007792244288862644,-0.3059850934716081
12505,-0.18471968295640653,-0.36093035671159246
12506,-0.46160537351675646,-0.26286265814588655
12507,0.3415055707111553,-0.4364172068491463
12508,0.9292122228388435,-0.4181043361768339
12509,0.5978177438533474,-0.006847809526539437
12510,1.8481356350879368,2.50151101487178
12511,-1.0702468465456185,2.8424544982409734
12512,-0.4357233915657481,0.3031539854177764
12513,-1.3698163812300923,0.43506316231525727
12514,0.18945073971546225,0.3368376954680849
12515,-1.3545690614705856,1.1583996335214721
12516,-0.13956036645291747,-0.3220850294851569
12517,-1.7854088059121935,1.3566630156070425
12518,1.308128667636707,0.2495441528288355
12519,0.1211823194589317,0.18691852105157664
12520,0.15119027412645877,-0.3450770147076691
12521,-0.11145209647738204,-0.3650234788700453
12522,0.6726801223830599,-0.416474602873506
12523,0.9995312302787338,0.09896749977555755
12524,0.3589108435206217,-0.17654602251885818
12525,1.3134831490009282,0.009775633268960167
12526,0.7424164555835772,-0.021279085369395215
12527,-0.02890091995675244,-0.3762084502937186
12528,-0.4617589299289543,0.27553855444650105
12529,-0.7595052214943295,0.8183679156340964
12530,-0.019415036901178493,-0.33416801668406915
12531,0.14501964619519755,-0.4268160362511084
12532,0.5845146628647782,-0.40194272503821615
12533,-0.2269248132689575,-0.5793867381953929
12534,0.8585436329924546,-0.1413491602043065
12535,-0.6666943558334081,-0.058263867534921444
12536,0.11433641797707689,-0.2658729648868978
12537,0.6934337693875043,-0.35601013260058817
12538,0.43749810226182656,-0.4536492182340566
12539,-0.20586168357428145,-0.405357936219765
12540,-0.3610908963423614,-0.5242133864758131
12541,0.5161537327685185,-0.506745299148467
12542,-0.17373045856233013,-0.5157547572548743
12543,0.2843859108521744,-0.32085714346847666
12544,0.2818891071175262,-0.4640147317644057
12545,-0.391008155780236,-0.3414910665700808
12546,-0.00018467072452058765,-0.5570562373155409
12547,0.10440152613054379,-0.4574438198551509
12548,-0.4689769728965861,-0.4505441155379291
12549,-0.5579521400780107,-0.2535109776150842
12550,-0.08764677543763921,-0.5393001864849774
12551,0.5143235662261607,-0.4442629348888856
12552,0.011008264551037846,-0.5634569005774788
12553,-0.48185291752140197,-0.48835206495383565
12554,0.12096382461890426,-0.5579457779712023
12555,0.19767361837418088,-0.5954995776782543
12556,-0.0932513707949161,-0.48924858628964296
12557,0.6456506604809884,-0.33287631834477144
12558,0.12974782458643314,-0.46920622033811005
12559,-0.35367821353253426,-0.41982504623568145
12560,0.17215939945135114,-0.3507122602418195
12561,-0.25558449823611845,-0.4529411032935165
12562,-0.16308315236587742,-0.6204232414102326
12563,0.14550458640276825,-0.40196462502799285
12564,0.007137378337750737,-0.3742312560049497
12565,-0.20626147254501437,-0.43811901179109675
12566,-0.14155853189678771,-0.4786961613207936
12567,0.6064969046045434,-0.5221075964156308
12568,-0.2985631170925808,-0.5178125417947039
12569,0.21764341387283184,-0.1035222730266449
12570,0.3285897360572406,-0.48725267877402284
12571,1.5412082198914756,3.120063042721034
12572,1.61763257010875,0.7586995615669822
12573,-0.5288836015732369,0.40931283393465123
12574,-0.18271950916688964,0.21788734009481395
12575,-0.8660775083766725,0.16051035313763273
12576,0.19947408349898155,0.45112308151158265
12577,-0.4933972165974478,0.08760746565123546
12578,0.1838440215005085,-0.3890263145951522
12579,0.7269782545767945,-0.19039013913580913
12580,0.2944837183142174,-0.34430554051918894
12581,-0.037270748706496805,-0.4106642040971616
12582,0.21355811660131774,-0.35201807214318476
12583,-0.1829314319191188,-0.518976011109413
12584,0.5442388687353733,-0.24050293064226622
12585,0.7320903048535305,-0.09377299895490573
12586,-0.5528040279720585,0.099128677321704
12587,1.0261834936151333,0.016488998173545728
12588,-0.4046778844469425,-0.2633208753303948
12589,0.16861279951882005,0.17906493747347638
12590,0.6659958138175945,0.5746796107289593
12591,1.0886529745771787,0.3686369921985947
12592,-0.37215982977158263,0.6340634361726071
12593,-0.6614497597303719,0.26333043067890044
12594,-0.40962283844549496,-0.2617926291041034
12595,-0.7991658168979613,0.1785516593966711
12596,0.4658620363491991,-0.41113548015460816
12597,-0.4072300850118571,0.044054972478873716
12598,-0.38828973221533397,-0.2154251723919542
12599,0.7920739327304379,-0.09454528954260565
12600,0.8574597732825141,-0.11189621338165545
12601,-0.6041639157617839,-0.06961471252314788
12602,0.5739600237653064,-0.13865162028861389
12603,-1.5205449426886808,0.18633428924502457
12604,0.44508212167779965,-0.21237099962024958
12605,-0.352573679468271,-0.2104203898543381
12606,-0.9653562885755443,0.019813211556382826
12607,0.9319248324964267,0.15319107235477006
12608,0.05676392739190151,-0.3842919800091882
12609,-0.41613141740783155,-0.014677170289477065
12610,0.49630651449364194,-0.27666817505449365
12611,-0.39563488852917994,-0.21433200353330129
12612,-0.7284642985970318,0.08479164077648867
12613,0.0759984398784547,-0.15722526861288588
12614,0.20183796698481798,-0.4931957882941891
12615,0.6813354376022787,0.2727024825512555
12616,-0.31597764784776267,-0.22468293838195438
12617,-0.13886841921867793,-0.23886097272678014
12618,-0.5249806435832922,-0.3345686973283726
12619,0.7364340028840994,-0.2027913929289865
12620,0.18071056359279983,-0.10028128947300115
12621,-0.09453145011181437,-0.3851592793617472
12622,-0.20101781976859137,-0.14885103218175152
12623,-0.3106777838294937,-0.34113487179085195
12624,0.5292514464757162,-0.4032666067784501
12625,-0.4084707698739568,0.1576988597901298
12626,0.34023666206583236,-0.42275393033163794
12627,0.5478228421289335,0.08647855808328819
12628,-0.34662897339106946,-0.28654784415627466
12629,-0.3458128462264977,-0.3833251150769857
12630,-0.2784950437642854,-0.27717546508192903
12631,-0.2311157007511443,0.07751142136512171
12632,0.8273419242114323,0.26964558094232827
12633,0.5209863736618396,0.3606503218591933
12634,-0.28285651028602216,-0.36336314550388243
12635,-0.3149446809382059,-0.44586481629044855
12636,-1.707618299399731,0.06360604925353304
12637,0.03522724620771657,-0.14944777560803318
12638,0.7290418867410423,-0.32672831934660196
12639,0.1384176453927115,-0.4926718181462968
12640,0.7006205813708308,-0.3521703597340605
12641,-1.1168107951202884,0.027061135838697178
12642,-0.6111881856947199,0.09287540762312294
12643,-0.310229914839935,-0.2091144569376752
12644,-0.08745440117746134,-0.5534162899894971
12645,0.5434702359006561,-0.28662697829526484
12646,-0.10004883815107296,-0.5251384006369141
12647,0.7263090028996023,-0.29149191358777443
12648,0.16504936515550267,-0.2736709434256444
12649,0.5314689437307683,-0.37264308016030545
12650,0.6611729669312201,-0.2583758325742113
12651,-1.0841227501422759,0.09419867575330483
12652,0.4090828422057837,-0.3648612401754782
12653,0.3724284785818077,-0.05411660089671391
12654,-0.04084629354819823,-0.3622355085400452
12655,0.03732829258669205,-0.28788247824202196
12656,0.41454715726415886,-0.050269752605714466
12657,-1.1722495104202288,0.7391894503011627
12658,0.7232233918684571,0.03387461378804216
12659,1.5238115379362986,0.9073115587940218
12660,1.48128702973625,1.9129644010381168
12661,-0.06267108060196151,0.968381758638673
12662,0.35940146914019583,0.48887421110735063
12663,0.51978581278749,-0.23621822063153017
12664,0.4390778949906862,0.19268928540051525
12665,-0.31130379455561186,-0.40678380261477315
12666,0.16637216374991196,0.04678106436951326
12667,-0.9966188504390753,0.038115191937939684
12668,-1.7314641904142776,0.3448970067045668
12669,1.0381340006683726,0.19913592635732996
12670,-1.089093286921313,-0.10446759144644237
12671,-0.412163100740203,-0.1599574844384178
12672,-1.3603669494860904,0.5146492061322393
12673,0.9388796149939643,0.05755543953663605
12674,0.08167349777911695,-0.33080916026836044
12675,0.35706643749456557,-0.17500833387773543
12676,-0.7277210838579796,-0.3946446533428904
12677,-3.1772733066470407,2.1923228608772622
12678,0.5962101430517235,0.8365511184171932
12679,-0.3679535023767346,1.0206555975585259
12680,1.1547120034210103,-0.21087206256924076
12681,0.3415847834592586,-0.26589080420748884
12682,0.6060702545022113,-0.1456374554887482
12683,-0.3178103523935003,-0.13158118347157108
12684,0.05441931192712878,-0.36454069295318764
12685,-0.18237345497687085,-0.4826654030911336
12686,0.10501024763995909,-0.25117506653010596
12687,-0.513356906011544,-0.3497803401750944
12688,-0.5721247415416088,-0.28935397726211354
12689,0.3910233700521015,-0.13694098359601634
12690,-1.0238156559748453,-0.21116697915528448
12691,-0.13894524542059483,-0.29305440852582093
12692,0.8060899448812515,-0.26943771801200167
12693,0.30173195555497273,0.05115607618179188
12694,-0.6336255832107648,0.027014798127991128
12695,0.0030193385754986525,-0.157575567216809
12696,0.23128967900184505,-0.38804116022048896
12697,0.704725379805785,-0.28798927774589317
12698,-0.24997414703959753,-0.209921274690407
12699,0.31451056876095734,-0.4835411511269519
12700,0.03721359779496792,-0.30199767239476033
12701,-0.8586884178075571,-0.01987097864619875
12702,-0.6310521083651235,-0.19053568421121558
12703,1.070893905920448,-0.09886802568855559
12704,1.1701948666430528,0.118167775043241
12705,0.7959337529755922,0.6961885379048314
12706,-0.19211349139827616,0.11392002109916954
12707,0.5310847505415023,0.027325443848844447
12708,-0.31829260584881985,-0.059826938496709635
12709,-0.033250164929641536,-0.39038336460479217
12710,-0.1004796684101004,0.3099827996220833
12711,0.21281517503604955,-0.44363843217040355
12712,0.11036204419481696,-0.42906673871648415
12713,0.1899086856288884,-0.04943408669435767
12714,-0.16851358005479472,-0.3670846862844405
12715,-0.34031429554686954,-0.3381232497756118
12716,-0.5272184958029134,-0.3745997771036996
12717,0.39556248872084304,-0.44687316819148704
12718,-0.07729657143987559,-0.19262520977403785
12719,0.6753916186707887,-0.5070230489028305
12720,-0.42568260063120317,-0.42405630009966316
12721,0.34921077053908917,-0.5722958490684033
12722,0.34874941006120286,-0.48443344733219557
12723,0.46430704926570326,-0.3469922988819049
12724,-0.3461549991147055,-0.48021945637853053
12725,0.21888186094915246,-0.3760578712385802
12726,-0.1159197432950358,-0.4304511365535643
12727,-1.0669883989830415,0.2725230403549217
12728,-0.42502182477943645,0.08167494799627728
12729,1.3120927166911407,-0.2017123013711052
12730,-0.9931905391422743,-0.4227049785755405
12731,-0.5481433144519275,0.2601515779285233
12732,-0.11132025868061844,-0.3137943721043529
12733,-0.20602208829861246,-0.08598620374794852
12734,1.5123442236471247,-0.15148141739928137
12735,-0.08126062274024806,-0.22041274214177112
12736,0.1253126198579187,-0.4761184983116492
12737,0.5075204184494512,-0.35594054964277266
12738,0.2200317050020195,-0.3289957790481522
12739,-0.41470371197712674,-0.36422713328962825
12740,-0.02019772228045309,-0.4096647590856918
12741,0.5548431933761121,-0.3303199336221223
12742,-0.09454680038936035,-0.12270428254551012
12743,-0.6219027646365451,0.030113754245738426
12744,1.5839337259711732,0.15578312348935738
12745,-0.8692407844795123,0.017221734318369108
12746,-0.5423030424315227,-0.33089639095970436
12747,0.7808237972049183,-0.42214103983730333
12748,0.6450474621550808,-0.23422597823287042
12749,1.4619731755964265,1.204972329877867
12750,-0.022142803418028854,-0.22214490466833456
12751,3.388676399191415,3.600295648898663
12752,0.8106873229374815,2.4618728849471703
12753,1.406421532079381,1.9895588702656268
12754,0.28652530610825167,0.8626488210239857
12755,-0.3406678075014907,1.735797990136572
12756,-0.9013720486532091,1.24278973478649
12757,-0.6799189753079141,0.3428411969114963
12758,0.8903272434119781,0.058309043289295384
12759,0.9449813155541384,0.1836676940312183
12760,-0.3059090899178014,0.09351645934260129
12761,-0.16408993364531266,0.00449185386066397
12762,-0.05853404642230633,1.0831559390347278
12763,1.0294359304084149,0.7032507840755594
12764,-1.078655247613518,0.1611128040244574
12765,-0.5095616041068696,0.6735250378731885
12766,0.007840722673763926,0.6578396386580427
12767,-0.09395138622216533,0.17430251134161873
12768,-0.17312753128185768,0.12986953219840863
12769,0.4509716448446468,0.18708898014024636
12770,0.1232229713188086,0.4355891648166003
12771,-0.9206586046455026,0.35201708507040386
12772,-0.9543483177734713,0.5652265241956053
12773,-0.5841900552538813,1.139549056391908
12774,-1.3331271031201224,0.785210935211446
12775,0.5156715125338254,1.3482013938285369
12776,0.8783451904765578,0.3590003713786271
12777,0.22565190779529604,-0.2012540153526608
12778,-0.059068762067206085,-0.3186162637192425
12779,-0.46477878236756925,-0.23147799131633046
12780,-0.554625456672413,-0.2256851508125468
12781,-0.1234871703904196,-0.2188907885270398
12782,-0.2986216643603003,-0.03750833684857734
12783,-0.6038064596006516,0.08082621438572113
12784,0.12464137604919762,0.36615585034989506
12785,-0.8737012199099178,-0.10371949117257868
12786,-0.3162885725098679,0.29293793015078073
12787,-1.1453510438220167,0.6729392058406988
12788,-2.7793640000113053,2.8602973262407168
12789,0.7866955479126135,3.264862920928554
12790,-1.2314866645006644,1.832182911156914
12791,-0.2682207456050477,0.7496374373042297
12792,0.058673677161000186,0.20671926292198323
12793,-1.996672978655754,2.4083272719798563
12794,0.522006677604415,0.996817645754035
12795,-1.1371869889225013,1.5478899328023832
12796,-0.0436167275667601,0.13970295547781664
12797,2.8740322754353493,2.4312421978374483
12798,-0.4322971872163723,1.6691512597117817
12799,-0.09122353894290804,0.41407096175696123
12800,0.1726417775179625,0.28760911188771404
12801,0.44521391941513266,1.0232455936537652
12802,-0.2831581721507577,0.5403841735267912
12803,-0.8225383282057263,0.8634231679110703
12804,0.2312533501986822,-0.011425427107664986
12805,1.7284382493678752,0.4270896421808312
12806,0.2594155316471558,0.08577604970062605
12807,1.4132950320417326,1.5239986803901082
12808,-0.6936813421824944,-0.03618784205444845
12809,-2.5268967535882148,0.8234987660246622
12810,0.5405969545460136,-0.303345884558908
12811,-0.06577036668775707,-0.4254502140630495
12812,0.15700896407539505,-0.21964568440621
12813,-0.5223847878816074,-0.1905814415704191
12814,-0.672007968923778,-0.1169850466952229
12815,0.012071153063837105,0.9068227598551019
12816,0.4111244850172875,-0.3046490132039171
12817,-0.062141595093838285,-0.4078342918571505
12818,0.8739912096445549,-0.44234297266591716
12819,-0.7988882834439903,-0.4508260973079811
12820,-0.13890467785561217,-0.4261276367458462
12821,-1.1854775615752964,-0.06611109823364573
12822,-0.8507619769732313,1.7141652714042186
12823,-1.0177109851051478,0.3968806495519923
12824,0.593501897497463,-0.2782054829421629
12825,0.35426844926029094,-0.2016767948400316
12826,-0.2754574515001161,-0.5206434883258129
12827,0.6464137622677912,-0.46256867071943447
12828,-0.7123582329257204,-0.3804039416249927
12829,-1.8045684940227265,2.0643480122707487
12830,-0.012468793276039178,0.4371466711370667
12831,-0.9852234614144242,-0.13406618755690253
12832,-0.3858295824557275,0.7781220057114177
12833,0.7611629660141969,-0.12744324343311259
12834,0.4720552209126895,-0.382837663050517
12835,0.3862018839747085,-0.46644122872223975
12836,-0.5779306443083342,-0.4162386974659884
12837,0.5097717039298107,-0.2227300837101294
12838,-0.5704769685896163,-0.3931835712066133
12839,0.36717031490191027,-0.4096422605806103
12840,0.558466931955128,-0.06263199448157464
12841,-0.43028465242096053,-0.28031451223002907
12842,1.2454826971428532,-0.17699069909803405
12843,-0.3701271328939808,0.18286482487961384
12844,0.5808362184499863,-0.27672822990172186
12845,0.040131231972181276,-0.4872942593401365
12846,-0.32278910782206877,-0.3088717743162282
12847,0.07534047918105585,-0.3622570539778763
12848,0.7094209288460526,-0.315080432580262
12849,0.3671491983764665,-0.2955455201633073
12850,-0.7009023720826264,-0.10605777498992201
12851,-0.5659847687228742,-0.3199787040444837
12852,-0.3280158720967511,-0.1674401260281211
12853,-0.066911587382581,-0.47504777603693105
12854,-0.15085552234690913,-0.6136126087743105
12855,0.7917210318928039,-0.4560723325860669
12856,0.48392729848999505,-0.36766148535776605
12857,0.25672252613503077,-0.27775530390509967
12858,-0.09870211242222336,-0.3927937010601928
12859,-1.072791393747414,0.002684079299245476
12860,-1.5713203158756446,-0.03936593993995874
12861,-0.6375215518085846,0.21561252590580576
12862,1.0848434465046035,-0.3271722989572348
12863,-0.944327161705245,0.40518074303890345
12864,1.8388182468073273,0.4120795085395406
12865,-0.0172567964242559,-0.049523319514433194
12866,-0.5781083383994171,-0.48325926720467854
12867,1.4788977650275037,0.27828372634317916
12868,-0.037839668606158755,-0.44445110197179644
12869,-0.5434019080656027,-0.06926206084820057
12870,0.02350342312986751,-0.48862149603498045
12871,-0.6208106844957026,-0.26877333084089733
12872,0.832981413704225,0.2776463992686061
12873,1.2922957008439437,0.27621038435861084
12874,-0.902184335182141,-0.1051035319326172
12875,-1.0633186350657453,-0.28168792168734363
12876,0.5397511517138279,0.15722364859581145
12877,-0.46261722655874693,-0.4364642686992026
12878,-0.7433998993214679,-0.3239443832462356
12879,-0.6912390342843874,0.1338527392529023
12880,1.0107851889550663,-0.038052134691946994
12881,-0.45449316404828183,-0.36978269664335367
12882,0.16323976872319784,-0.32805933248093555
12883,-1.0199840280495074,0.55655615676255
12884,1.1540410470740128,0.2457003843598125
12885,0.021554071633441394,-0.45864396576145033
12886,0.8632366318524117,-0.1937972796836618
12887,-0.6460397098058736,-0.061817335338223776
12888,1.3340592444723085,0.006456976342648415
12889,5.504494782032882,6.941207379369578
12890,0.24939531247152705,2.5870286568908396
12891,-0.7126508572839594,1.7892504118952774
12892,0.9199878063106426,0.5775104626160568
12893,-2.4603884282993587,2.7152049211196254
12894,0.17042103299324973,2.2456597137628886
12895,1.5952378693336469,0.5692907060988857
12896,0.43369666376696125,0.23618055502503396
12897,-0.04052430666071285,-0.031220907307014174
12898,1.031880790546352,0.09319500022959465
12899,0.14750981903357324,0.6902371010527464
12900,1.5913993136767994,0.8291860076406248
12901,-0.1611253929438125,1.5690874343507006
12902,1.3821117348927976,0.8460085272609605
12903,-0.1908372823222571,1.143343211575166
12904,0.7081344338368,-0.010762921889783835
12905,-0.26185418771644836,2.1137441042635157
12906,0.5631177628234496,0.687471717726053
12907,0.5292079721892544,0.30793648101091275
12908,-0.7776050494978468,0.5194199914949038
12909,-0.1579091655212007,-0.07166525080497503
12910,-0.14260547947053462,-0.32823756514805386
12911,2.2379498746259836,0.7598256369299877
12912,0.48696348749944063,0.5345874431888685
12913,-0.290526762062584,-0.044946273553796816
12914,-0.6232726535308296,-0.049093765692504975
12915,0.5804474641199985,0.29381545442979623
12916,1.1618808403355625,0.1433168682418706
12917,-0.30933007238333726,-0.13279315361768482
12918,0.8768622344035739,0.06652976949214057
12919,0.05139362137631537,0.108761661864006
12920,0.9960597828342659,1.5290790636535936
12921,0.2745238980620401,0.38536676260428665
12922,0.4445470550985945,0.8779619513091876
12923,-0.6733922251520021,0.09056479360618318
12924,-0.007655511288939969,-0.21617520211576252
12925,0.04941723338384712,-0.052428031131720884
12926,-0.606432164974228,0.11825141164873919
12927,-0.14534216114253443,0.024241684607615572
12928,0.4546088141472857,0.1918655704902965
12929,-0.1141327722384182,-0.010739135642360417
12930,0.3447744417806547,-0.10599538560727124
12931,-0.3284595302936482,0.24632114989413006
12932,0.24452161134055508,-0.3533627928221336
12933,0.3113385276325641,-0.4009092159367946
12934,-0.5594900457712562,0.049408987590193035
12935,0.3900404611114277,-0.24240751343288156
12936,-0.37947701869589734,-0.022892761849454515
12937,0.6746109840169942,0.16585794215290445
12938,-0.7886713142518533,0.7721278555819929
12939,-1.9746162946440928,0.9798351507903386
12940,1.0033791121974485,0.7327325845355581
12941,-1.1664741089325106,0.2255616098185782
12942,0.27044095869378876,-0.18535577531315425
12943,-1.0368631853277188,0.3052096859636555
12944,0.8152923434921313,0.2529265269927374
12945,1.5982536262877887,0.300105240729489
12946,0.44219548726476987,0.25992330360920196
12947,-0.8123079171116996,1.4086708144673727
12948,0.35654155403280685,0.13186283111912522
12949,0.8790883771106746,0.45213014601857915
12950,-0.4242196637928769,0.8556927793442818
12951,1.1143098447794941,1.0623219477662744
12952,-0.16276886737894375,0.9293039628034702
12953,-0.6168385771911474,0.3073793336267336
12954,-0.10537945508649502,0.30797305058602864
12955,0.01437753797523259,-0.21596821327876223
12956,0.06701145576299844,-0.22891994555613673
12957,-1.6415282857185813,0.8289032543946315
12958,-0.6135313210612067,0.6644938497253093
12959,0.5437072625982731,0.00767399797074864
12960,-0.7430919221559517,-0.19266001136297153
12961,0.051602800372119624,-0.30872709819165933
12962,0.8965416069957755,-0.2548142126772512
12963,1.119195600371498,0.14354506087470106
12964,0.34015004905294377,-0.3305741326974036
12965,0.03825094355089884,-0.16274407107005487
12966,0.8344668202704401,0.4759711004426929
12967,0.7261560302280744,1.012026788068402
12968,0.28969084809716517,0.1984097821241704
12969,0.5322142214981788,0.6903370364482145
12970,0.6523143678763129,0.488628041788967
12971,0.6100162313228824,0.7379192671219126
12972,-0.8024345152070909,1.58094665448502
12973,0.13254695786739598,0.23031994804085948
12974,1.0719667305155296,0.6428728653805608
12975,-0.1523511590112306,1.0621644746627736
12976,0.04168657558821627,0.19611854867614398
12977,0.22164414694818071,0.6427358696129513
12978,-0.24713403136593826,0.7566881914524677
12979,0.0719905998514237,0.39483240903567796
12980,-0.38060567218932206,0.9769905902512905
12981,0.34062913207449047,-0.2900820363144095
12982,-0.07260005355536435,-0.20331186774267473
12983,-0.16447498444229267,0.01977571044569823
12984,0.35920170821597064,0.20711271043652063
12985,-0.04880344900448823,0.49677948853775994
12986,-1.1023501442247499,1.1363613663972327
12987,1.0403795590656069,0.3433641532926436
12988,1.1048340897812323,1.531168223773998
12989,-2.246417325754211,3.2758355185774266
12990,2.372331884071212,5.739788083387543
12991,-0.32860032509384113,1.899088838921173
12992,-1.049006914784497,6.017844262334249
12993,0.6889206684192909,1.0669999374088417
12994,-3.1900470917214743,2.553722381669666
12995,0.3104772493581638,2.682797146673827
12996,-1.3124312567631156,1.9802408214304192
12997,2.0708199151898934,1.6548121842168668
12998,-1.1070229245990868,0.6966504444779444
12999,1.1853144198274375,0.903916038571214
13000,1.026615420415455,1.134612336468272
13001,-1.4997939790730184,0.6891178533203677
13002,0.3735395627589904,-0.11627574155162158
13003,0.5991945276807865,-0.110153260716606
13004,0.8422565134471152,0.10526003387906979
13005,-0.8558458748553235,0.12515427054876707
13006,0.32531784940485636,-0.19155452423563502
13007,0.3825556890039557,-0.28495628090875796
13008,-1.6309317835599677,0.44479526086641086
13009,-0.1869328983682675,1.215688137415347
13010,0.7011209593560023,-0.1807250736271246
13011,0.2690648822639451,0.037882897730054696
13012,1.4619989297434042,0.19864902387792188
13013,0.006222628106313302,0.09086981198822805
13014,1.0715403687089984,-0.023214365589455523
13015,-0.4812763279924956,0.035612592177159494
13016,-0.5676523572213665,-0.3859204144762214
13017,0.7021183349870787,-0.08016000327870218
13018,-0.13284680863400525,-0.169754786590536
13019,0.5442582153294544,0.10680636307429694
13020,-0.03784497371051407,-0.037102516248480995
13021,-0.7860382791306243,0.12021402405905081
13022,0.5172993481460527,0.03048712437212932
13023,1.0746247684186467,0.09872686610253427
13024,-0.04749086406383993,0.10657752209887472
13025,1.9328147797006558,0.5736514416699701
13026,-1.0717835137709804,1.5901337886086895
13027,0.5463129865298041,0.9579985881330316
13028,0.3090390487406661,-0.15278719194529214
13029,0.4163994366208948,-0.010528500396036155
13030,-0.673045375464017,0.24138707826677638
13031,1.3110104724282066,1.0439587766776894
13032,1.101860967967225,1.5144066342150493
13033,-1.7053129502968514,2.412093355185384
13034,-0.33341278282308073,1.0987629583883305
13035,-0.9155502224248194,1.380219811579803
13036,1.064889105849542,1.025495897395345
13037,0.42483151256929286,0.5845428670875727
13038,-1.1720854907364773,0.22968684457438965
13039,0.4884663254581641,0.6334582691616713
13040,-0.39139575924848324,0.4075216150288722
13041,1.5509604228203624,0.4497667072725597
13042,1.3060387276753265,3.0253649340988806
13043,0.08868678306156343,0.2818068715355086
13044,-0.23917529463252116,0.4726615120281008
13045,-0.17475773612230927,0.927673084430299
13046,-0.6359431648517884,0.4354803768978478
13047,-0.9081118085040167,1.1684094459760244
13048,1.1817129533943707,0.490033473423944
13049,-0.28078489939314005,-0.04907257029311737
13050,-0.8272802534486268,0.34394993706557875
13051,-0.12008230376552786,2.1632537787476096
13052,-0.5490510462556559,0.969272395876604
13053,-1.0633789001097913,1.2318872455370196
13054,-0.11385169458134509,0.8341801427208313
13055,-1.861739324785032,3.7221823711529387
13056,-0.1770990094165102,3.0074005855803683
13057,1.8528466988709758,1.9956199632947325
13058,0.9555740049789837,1.548349864402132
13059,-1.3270100082195087,2.000676801363707
13060,-0.4009248219622768,-0.10444011548712295
13061,0.5409074170476538,1.0094617784216506
13062,-0.3790490251955469,0.0795282016295579
13063,-0.6717653565961742,2.105181174850812
13064,-0.2758998020378455,0.9329834440237635
13065,-1.281987875336998,1.8189220933979866
13066,0.6209934552035316,-0.2025874597607773
13067,0.6096551459850766,0.07910102037020589
13068,0.39154367822659103,0.1921887694260107
13069,-0.8159404080739098,-0.045388725367552604
13070,0.7026345318208168,0.4671838509735904
13071,-0.873084445693086,0.010718431453609583
13072,0.09477163977790651,0.20334782146475888
13073,-2.131610883235184,3.195380116032539
13074,-0.1371497281828087,2.662431063012442
13075,-0.05370375728683047,1.0082911007928508
13076,0.013731011994217826,0.5158155361720371
13077,-0.16297227683599658,0.8693291532625438
13078,0.49035537787336175,0.04175742304447609
13079,0.41768075339966176,0.9875323985399561
13080,0.5972496055997569,1.3221180122334093
13081,-7.208137472075926,24.438780535063
13082,-4.214205318446625,8.165934939630677
13083,0.3542618165380517,10.525878771149532
13084,-3.8000430439271033,6.543468809435779
13085,0.7600647670623224,5.209380474445123
13086,0.8384819572037376,4.283180343453274
13087,-1.58719917221306,2.1788407765031437
13088,3.6952167848057687,3.154718056008334
13089,-0.27574806462073675,3.703079296789138
13090,-0.3975842602940427,1.7858867434377843
13091,-0.7702466935767143,1.7674697874550132
13092,-1.6247424539241089,2.8295121088643653
13093,-0.22303337798843256,2.1338990921861507
13094,0.09324440165878649,1.0558896751720561
13095,-3.9725753607775722,4.940506146139549
13096,-0.4744214597160949,2.851796349629052
13097,0.5886482159736133,1.6198349955824498
13098,0.4441291876812962,0.7013315609828257
13099,-0.6964907901574601,0.8240503740296058
13100,2.1160572481793984,1.2050015876015887
13101,-1.7746795892003393,0.38171000157865326
13102,0.43216679204103636,0.6620550457113189
13103,-1.4981514924773383,-0.049330458618627775
13104,1.0471881330168158,2.2489749418933784
13105,1.1878132638364816,-0.08282897546776173
13106,-0.24590585159292513,-0.20592117881017474
13107,0.1601381621372765,-0.45448599203323947
13108,1.1300854812325132,0.22660663533440972
13109,-0.017163563997442944,-0.02772747567746841
13110,-1.636073404870852,0.5982975378266021
13111,-0.6749318838985325,0.32418469710519804
13112,0.8812934696063474,-0.20742267933286118
13113,-0.8855639739379919,0.06950622046098758
13114,-0.028962934952429905,-0.23381811093964192
13115,0.4072129176375503,-0.10040122094346088
13116,-2.9404636854439143,0.6831451198402654
13117,-0.5118590551091351,2.4082964439023535
13118,1.4733249841170262,0.141308258993079
13119,0.20810962576309971,0.11750120362486632
13120,1.0962154991382789,-0.06908459779778045
13121,0.23164518888016,-0.44111932997114217
13122,0.6447804447903466,0.011068628993508373
13123,0.39600283375089707,0.7186478254422946
13124,0.5125601553844592,-0.16765162835049188
13125,-0.4212318584362386,-0.11773509137625637
13126,-0.1267567269503739,-0.20908535197506625
13127,1.4728837163261783,0.055175614465870076
13128,-1.5137572998022788,0.3078823976144193
13129,0.5709486163906857,0.5583644447642584
13130,-0.9150612060057441,-0.11650806135963299
13131,-0.48768236928509684,-0.3313120029725297
13132,1.54610510227595,0.3105866346546949
13133,0.5187964033935835,0.42281321548057
13134,0.27915294440399235,0.03998127297651382
13135,0.2666370424314069,-0.25855425787335284
13136,0.29655731359588505,-0.23429997705942723
13137,-0.2667867880706414,0.1769034069484256
13138,-0.4560055801629653,0.13426595730843674
13139,0.7831850796151154,-0.14450857930516667
13140,0.8722148456306009,-0.17292094759981266
13141,0.2659345729068924,0.5917087343153715
13142,0.054048391171685896,-0.17185383396836879
13143,0.5390335679984146,0.038637893559204724
13144,0.027725709776517518,0.17621314039098732
13145,-0.5011465361069947,-0.18983603606219812
13146,-0.7237388221269767,0.4040027712443985
13147,-0.6568118146411307,-0.11364194313154564
13148,0.615117402278773,-0.22855634774943967
13149,-0.24217353903548886,0.0674697462645563
13150,1.7503736797286602,0.28613329616936567
13151,0.39594399012622206,0.31946363715169973
13152,0.782931664384189,0.6634805289909095
13153,0.21386760354737333,-0.020545027661753285
13154,-0.5931900374164547,0.2340612496404075
13155,-0.9671614854600289,0.07010775176963704
13156,0.07188866669487558,-0.263775118909461
13157,-0.4700220160310214,0.07635197123848136
13158,0.4321742836183155,0.4372314763865625
13159,-0.13447535041757425,-0.00785630366321724
13160,0.7460515454232862,-0.18089121645808903
13161,0.3069189727666784,-0.3347447205016587
13162,-1.127978238113551,-0.2477352869659138
13163,0.3412631465922808,-0.1719437912346435
13164,-1.4510369196487256,0.10746407909754746
13165,0.3075308129506067,-0.21596351635888653
13166,-0.40674812520547104,-0.19529288559683597
13167,0.5106919086829614,-0.022507562307509024
13168,0.6301538919192785,-0.15190035318132886
13169,0.09925055066289146,-0.39037966650528716
13170,-0.7895765671842547,0.022564275233016774
13171,0.37720705682568717,-0.1669578293757109
13172,-0.5592740098007247,-0.07848347006839937
13173,0.3733585227700572,-0.35611743756889824
13174,-0.18827088127177521,-0.3536319743197278
13175,0.590279782766709,-0.4349654137032637
13176,-2.0035737445588393,1.2591703998072483
13177,0.6613383566641595,3.6878699000820427
13178,-0.22159006586159155,-0.06895548385760768
13179,-0.6296064103509124,0.26084966585309044
13180,0.19042395589852767,-0.026842297945398424
13181,-2.630050098437113,2.392605883193879
13182,-0.5164400711267694,1.1144989096386897
13183,1.1503020399461183,2.0646810966639904
13184,-0.87598803060587,0.8673726577379524
13185,-0.5934593313265003,0.4690422358793692
13186,-1.7523455050028882,2.9589706534806233
13187,-0.3155027889709427,3.118375290741514
13188,-2.3520505757936223,3.4129384191055094
13189,-1.399733053001347,3.4220877546294615
13190,1.0602687665884498,2.8554804516474817
13191,-1.5653866755933525,3.100838998395144
13192,0.6760879699838171,0.1275443205558169
13193,0.624425416639996,-0.05414783019676691
13194,0.4616057526441326,0.6014382967130723
13195,-0.9573421145473161,-0.1688373236165175
13196,2.2786995093139013,1.8720111048924393
13197,0.861653210332311,2.1684364421154423
13198,-0.638635745115682,0.050626437236831544
13199,-0.5999222230105768,-0.3151964163416456
13200,-0.1602285854009757,-0.4242477035562247
13201,-0.40189954829145097,-0.19566727390994396
13202,-0.6778135072037679,0.341012575768558
13203,1.094704708586024,0.3511649872713985
13204,-1.1582936721923842,-0.12107052574359635
13205,-0.15020229284119924,-0.11512748181140098
13206,-0.41242143555728744,-0.11251999653326782
13207,0.8289140109037197,0.19870989877954157
13208,0.240374785484301,-0.38056106168994674
13209,0.004623252103247485,-0.35153778089255444
13210,1.1941637829017815,-0.15855710697316483
13211,-0.8654106777305329,-0.007530061405849324
13212,0.4197313979177035,-0.039924579959687206
13213,-0.07965765672347717,-0.38517453962596304
13214,0.4807124026060798,-0.15758102546723302
13215,-0.42219484672798613,0.218512225082068
13216,0.8518537122500424,-0.3540589337485269
13217,0.5962644727131517,-0.10462846421877256
13218,1.6805453366371397,0.4052272473768548
13219,-2.109808016268107,0.5221785655114292
13220,-0.6043403112890022,0.041138864037967786
13221,-0.4169762031668107,-0.1354478548538761
13222,1.1269901504606499,-0.3269968328065889
13223,1.2453476792539682,0.44220220342568567
13224,-0.5226336273262203,0.07275806738333301
13225,2.1095161275046337,0.6057603615621238
13226,0.37818929241160787,-0.2496111177739884
13227,0.020191762532280062,0.014386146279854631
13228,-0.6235463295887209,0.02404542022085954
13229,0.4518087072156441,-0.13012100025329634
13230,0.02871715794579181,-0.4728646616036455
13231,-0.29291065136486477,0.15181625403874843
13232,-0.10045130345097072,-0.40567603709692934
13233,-0.6102850302267724,-0.4113971322513922
13234,-0.2569657602490612,-0.09347516982294375
13235,1.1131575572237333,0.08086115889417489
13236,-0.22247614471601626,-0.3832644466964453
13237,-0.5181615938017687,-0.38122262431522586
13238,0.5784907493665004,-0.2774406751171423
13239,-0.13063122831234555,-0.22979366814223698
13240,1.1422223421136377,-0.505058067522961
13241,-0.22070595154315603,-0.31120903846141934
13242,0.5320904874689193,-0.5660380736127295
13243,-0.38316198967253995,-0.5215102667728322
13244,-1.006029404114664,-0.21003026558479096
13245,-0.33508631873132183,-0.027806067881373783
13246,-0.0657986798347972,-0.49452735406074405
13247,-0.3927275794130883,-0.34327150422310165
13248,0.3686059992049685,-0.48724711791134717
13249,-0.14107303915278638,-0.46886455633855606
13250,0.38176208150702445,-0.3143793325784949
13251,0.5877259106858905,-0.4303631536606975
13252,0.5694793136990274,-0.42334802130601884
13253,0.46759306355011876,-0.46053157238431275
13254,-0.034257457704454916,-0.508009834641116
13255,-0.39269785580266975,-0.4017221519945214
13256,0.01660462041020749,-0.4251375850747715
13257,0.7142216777347896,-0.327346248814511
13258,-0.0702073054968623,-0.5767298512607959
13259,0.3223352356388471,-0.4636466754026112
13260,0.0239823703881153,-0.3804867654458824
13261,-0.10317469102736616,-0.46604652787506046
13262,-2.241405794321457,0.6466157823963441
13263,0.10556341187981569,1.1056844821928953
13264,-0.3033179112514706,0.3845200967521358
13265,-0.41913806592546654,0.04642513580600537
13266,0.0881837226415042,-0.3964279642498664
13267,0.880646861309763,-0.3871382023364847
13268,-0.3965732446006445,-0.48113557209290725
13269,-0.5985081479293565,-0.2383691921680192
13270,-0.7792406095974881,-0.1430425329797583
13271,0.23974128649990067,-0.29454677835467885
13272,0.4001257763072234,-0.27194419010751447
13273,0.45785821346727645,-0.3529718363112933
13274,0.5254866995072457,-0.40482078713029007
13275,0.4628997106326545,-0.38074401346583314
13276,0.26423457012074414,-0.3782605507157528
13277,-0.7444281179614246,-0.3631983595014726
13278,-0.6382770834393633,-0.2770941448469555
13279,0.21840144485177804,-0.43253192212182134
13280,1.499631024173612,0.15759599158436569
13281,-0.281503682597666,-0.39982752630343976
13282,0.7916660905577888,-0.3813014096061756
13283,-0.2400991159420383,-0.36156366697141246
13284,0.33014439831740205,0.3214140482398869
13285,-0.6999267083502595,-0.08516613351229853
13286,-0.018164548830410358,-0.3708918935265171
13287,0.853216004777677,0.26388350309081166
13288,0.02516892615455103,0.17018507809481354
13289,-0.4535630261835619,-0.1790578588917331
13290,0.07179932367964767,-0.5927456658949903
13291,-0.6040682882210794,-0.4507114035018895
13292,0.04156859733801337,-0.5427351789926109
13293,-0.3527157759120478,-0.5280004744684763
13294,0.2671460803815271,-0.38297827840100185
13295,0.4223886549031084,-0.5507429022489824
13296,-0.3519841526484748,-0.4991991104776106
13297,-0.11216608339892026,-0.6630564714769719
13298,0.184510311983272,-0.4839853731565827
13299,0.17195131027174831,-0.5172630213430329
13300,0.2932551006911884,-0.41263655004726707
13301,0.11633320612739621,-0.46731628186775875
13302,-0.5865103857940493,-0.5673874682715139
13303,0.07067584090726141,-0.5064537173883096
13304,0.24135335723881293,-0.4744176510640141
13305,0.05244055874522797,-0.499271429687573
13306,0.2168784538644488,-0.5350528830356038
13307,-0.674124280549884,-0.3451381718825872
13308,0.43847755351503415,-0.42526998522690984
13309,-0.24480090612755914,-0.4628700738947749
13310,-0.1677815714894832,-0.6039326654247068
13311,-0.042645168423106374,-0.40253021100466946
13312,0.2825676550036485,-0.5958377488050576
13313,0.3955173847932903,-0.47784810975865233
13314,0.024704282795268262,-0.6412196604572362
13315,-0.31080390213115583,-0.5690204013875938
13316,-0.5898995768883684,-0.4612974804935117
13317,0.25862014459695176,-0.5743049472154736
13318,0.3412085571394993,-0.3464669198990018
13319,-0.41129669718602563,-0.499403574675769
13320,-0.1815948851216985,-0.5898947048982236
13321,0.052775514004480314,-0.519960895564825
13322,-0.10566895363616885,-0.1778816910257793
13323,-0.2895523670251739,-0.35585499736241094
13324,-0.23194881628574696,-0.3477453048236067
13325,0.623640190987303,0.06284994601339892
13326,0.2649808404380533,-0.31218549439326154
13327,-0.2611245310673891,-0.42700343214942377
13328,0.8938229600576532,-0.36932521142757985
13329,0.2165827530264355,-0.5478252631645801
13330,0.43342849376993736,-0.32581726588091187
13331,-0.19740725697814585,-0.33976987142877907
13332,0.03645507323098765,-0.460910350010775
13333,1.1856628334496782,-0.22614299958646766
13334,-0.34145203961859943,-0.460446541943169
13335,0.5422156186488487,0.02506457581878258
13336,0.4189064455762454,-0.21672572740372228
13337,0.0421120852225155,-0.39348229140305124
13338,0.9692609441697764,0.4198367780547872
13339,0.307307884297061,0.4628515355225886
13340,-0.31188829585032557,-0.2087699176863038
13341,-0.26464406611576125,-0.1334753773805932
13342,-0.35579942212272947,-0.29533579981195174
13343,0.4214160386529562,-0.4690680547248741
13344,-0.2907830201726673,-0.2356093945572668
13345,-0.571387455301774,-0.06381453929977635
13346,-0.3281858328322571,-0.2959111714523965
13347,0.6815454584567711,-0.21162162293419953
13348,-0.27590488004318264,-0.4489057208013853
13349,0.2856201954196224,-0.26104737453541393
13350,0.24035751350639695,-0.5048144738901001
13351,-0.23889486932060122,-0.26777334054330226
13352,0.3599624546932737,-0.5817081741266201
13353,0.1494498895973912,-0.2963169616444235
13354,1.5511624105348216,0.5032931716951128
13355,-0.24870405805619364,0.38212844412354185
13356,0.1903951600885959,-0.060457196425631944
13357,-0.4143566301399688,-0.19136661871216662
13358,0.7468255532140088,0.6804498879361972
13359,-0.38404186037493987,-0.19476104173231396
13360,-0.46087556798374446,-0.21382756140407977
13361,0.6080858695916725,-0.35945274249243625
13362,0.2771175749197962,-0.23374722641916904
13363,-0.572616672633749,-0.19242797644822038
13364,0.22027023191921147,-0.4902831907222975
13365,0.24283003005051335,-0.30563010983432237
13366,0.18552426826381885,-0.25159732594851764
13367,-0.4929681617999161,-0.3083180937874666
13368,-0.39568681573450154,-0.2561136397625689
13369,-0.1531967963737959,-0.3725050053881067
13370,-0.22813965618720877,-0.4186829154450537
13371,-0.3629115939890053,-0.3501873619201029
13372,0.5011506911273292,-0.4198313802397383
13373,0.8985092784034333,-0.3726172916428773
13374,0.2849733029973477,0.1824039215723689
13375,-0.3106614656453972,-0.5076589711569152
13376,-0.19279653447887815,-0.2508768750682776
13377,0.7788678273073533,-0.12000886657878243
13378,-0.30367299751889654,-0.2856807009806489
13379,0.5952398390465649,-0.03218708492996171
13380,-0.08168149145032835,-0.09673978898945877
13381,0.7905692400816834,-0.03582884188185841
13382,0.2629392741707534,-0.09140162096306997
13383,-0.7550894056568427,-0.018890711724088505
13384,-0.3370644705650873,0.5983950261573804
13385,-0.18149841665174504,-0.046098545212542814
13386,-0.6039392313748876,0.5061912630848514
13387,-0.08746442634381836,-0.19791619642051736
13388,0.02417694753066721,-0.20915757285599115
13389,-0.05800957009431222,-0.39839508940560137
13390,-0.23795264155217535,-0.381846346718972
13391,0.06903030279087477,-0.3760187390384451
13392,-0.38470113365933645,-0.5222007284538429
13393,-0.12498108789032178,-0.4550342594844163
13394,-1.0816598606785837,1.4178279368963767
13395,0.4677944710404041,-0.07995108633607044
13396,0.2175028920642397,-0.4863305539345244
13397,-0.8756709247072021,-0.14415558999993916
13398,-0.2983849271312434,-0.27884177597048126
13399,0.3940397649624191,-0.5416726642893028
13400,0.032687886818008945,-0.38104190999783427
13401,0.5583159120645299,-0.45550738483297354
13402,-0.6819913763961748,-0.4296607586814288
13403,0.2736448050566902,-0.4652929627263457
13404,-0.09262554075491722,-0.4910938077918108
13405,0.5285620695253948,-0.34107288427294774
13406,-0.2144792959044158,-0.5516189053606118
13407,0.6766884341574245,0.24898869215309188
13408,0.5007389860995703,0.08925812189832559
13409,1.0007459336006936,-0.17642801628065036
13410,-0.10197842334017031,-0.43967605996225406
13411,-0.8302126648792986,-0.4100575147924435
13412,-0.5888361440958256,-0.06412745888299068
13413,0.28400170970795563,-0.48141503995381435
13414,-0.9231036462636192,-0.1485490904649651
13415,0.5263833079365586,-0.3026444360934747
13416,-1.7371801578694994,0.42630771245461413
13417,0.4561893098473988,0.3217470087321924
13418,0.09711491751284963,-0.2725178518006115
13419,-0.2183803890160587,-0.2501601505736367
13420,-3.0751483811102647,2.1505361409151282
13421,-0.9535520425683877,2.9708816364453607
13422,-0.7212772986958087,2.204893620371525
13423,-1.1676453791614367,3.7672905351166373
13424,-1.1998901600277225,2.2361246383667326
13425,0.6783013947425796,0.9186255198511977
13426,-2.5988975109752244,2.53215623100598
13427,0.01831256704368126,0.7086489595295119
13428,-0.8087037487535111,0.5354205521960732
13429,-0.5840329392978243,2.256466973679788
13430,1.1284802166643448,0.9613879180723448
13431,-0.3118418881340084,0.10684795613437711
13432,0.7201942429547501,0.1460810784301359
13433,0.05928682279877932,0.19151394876895889
13434,0.40973276035845985,-0.13022720743707356
13435,0.5973295940573885,0.15092619678566327
13436,-0.8868716149463768,-0.26555875078055574
13437,-1.707408239990003,0.675195373822753
13438,2.1754231904958035,0.7971210773826051
13439,-1.633957146634742,0.3358633960235391
13440,-1.0747716377903695,1.8384775814665268
13441,-0.5401062586642236,0.7327866819312948
13442,1.3721957860449194,1.1816847506220527
13443,0.11408806621560538,0.047865068937980405
13444,0.088933517207758,0.11796084893274073
13445,0.0462889677225134,-0.2607941879668719
13446,-0.39502313855631715,-0.2110317154897071
13447,-0.35631516472587565,0.19852173454974326
13448,1.173285281758283,-0.08753699487373368
13449,-0.5511836289794503,-0.05876778082125587
13450,-0.5931808672479566,0.0022171002266180035
13451,-0.6193911824851256,0.35095395735377094
13452,-0.901510130633805,0.7678392146279325
13453,1.9245686119463643,1.3911613982334825
13454,-0.06880973950628504,0.6770363752805972
13455,-0.5362429184505255,0.7239490074635848
13456,-0.1853754166539152,0.40713365691909686
13457,1.4830189207365332,0.2128182539013974
13458,-0.9732169269837745,-0.021429642710399283
13459,0.1705913495810434,-0.4543642580439882
13460,-0.23722762328013042,-0.2801742095627219
13461,0.246935680734988,0.01585650846773078
13462,-0.033319894435026504,0.2573696408002503
13463,0.5438220140061037,0.7952852395962603
13464,0.1283387310002712,-0.08571549192162504
13465,0.9487860843820771,0.06984595713204522
13466,1.010620075536903,0.09221453964598554
13467,-0.677924114672082,1.7398502618715987
13468,0.5009671360740284,0.47275532068610665
13469,-1.4929525442274014,0.9337459275666758
13470,-2.11944384126819,1.5633005632071892
13471,1.6827548265576298,0.5881376641160639
13472,0.5419559174528605,0.024578973077931013
13473,-0.9819606967059061,-0.05261229288471918
13474,1.6265471232962185,0.5402471380025672
13475,-0.7985038163976713,-0.1676549178293412
13476,-0.06346090075119858,-0.36727787140385865
13477,1.1892631507766953,0.8853005597068322
13478,1.2103947295878776,0.6615831802903622
13479,-0.3774435059067282,0.11085611371923525
13480,-0.5312153104668828,0.3889645323513206
13481,-0.3198236031920008,-0.3781813248454227
13482,-0.4011549589880598,-0.3846293519035567
13483,1.1380585286486953,-0.3928081810071069
13484,1.7978561750245783,0.52099331883657
13485,0.7079629415183227,0.8776170903557687
13486,-0.6958359138937638,0.03476877837340077
13487,-0.7725740738553033,-0.35143909707708243
13488,0.3294008252340389,-0.37473229154013393
13489,0.4151340096617606,-0.33992690070923764
13490,0.628359303830243,-0.39907206788340144
13491,-1.0590537560930624,-0.18726787108906756
13492,0.471051856905842,-0.4348506639863197
13493,-0.5356570737730862,-0.19510914464876888
13494,0.4011734288727248,-0.05437019840524975
13495,0.5003801972840651,-0.49809185702465014
13496,-0.028166583248536776,-0.6468887543445382
13497,-1.6412901817109304,0.1769247449546281
13498,0.9745068368499551,-0.34719607810688086
13499,0.8173874486644281,-0.5162816542681744
13500,0.19631704285474796,-0.4053412172032599
13501,-1.0236712504984382,-0.352407907350885
13502,1.0355189161070086,-0.36902740552173896
13503,1.278075424667838,0.14320041906143471
13504,0.3193365808090224,-0.3287829470457429
13505,-0.4846601027907108,-0.08866872105702889
13506,-1.1986041304809623,0.030465075335777372
13507,-0.15787851648173193,-0.5001179902065241
13508,-0.5149403664054323,-0.42725841027430295
13509,-0.9167680581796906,-0.3348511608631469
13510,0.26984714887050987,-0.4772847446539433
13511,0.18684149433927563,-0.27752052782053677
13512,-2.1755530899232642,0.5054157749052135
13513,0.5420738084414947,0.8372723714174328
13514,3.7155597991409532,0.15977824037989632
13515,-0.45396301916403536,-0.06975811807445953
13516,-0.8224395555501348,-0.2139792015791883
13517,-1.188334193671992,-0.04204409579799495
13518,-0.5987677852902423,0.004837497521505066
13519,-0.17192836112997947,-0.4625383703029459
13520,-0.026881375572982046,-0.20680794933938335
13521,0.06442390308628537,-0.3245575703114059
13522,-0.13290703041231167,-0.32088053940460054
13523,-0.33382587889677984,-0.12956491626914665
13524,-1.143899577308668,0.10330885184671576
13525,-2.333243584733905,1.8426983570174542
13526,-0.9256069560225371,1.9955077597102606
13527,-0.5400566477723479,2.2725750357604007
13528,0.15841928396741167,0.7900895095226081
13529,1.813399307659327,0.1443891289434965
13530,0.5919743376168716,0.19855919252850698
13531,-0.7030749131950352,0.8087648703029285
13532,0.9019660845454537,-0.25127610671387296
13533,-0.31760192873105864,-0.007880941500516856
13534,-0.6879478394522346,-0.476067860393568
13535,0.3659294608840141,-0.27168406336050077
13536,0.4134601775663395,-0.4265748395282728
13537,-0.34952363075600545,-0.11330068122375986
13538,0.0666582344513322,-0.35387029350751487
13539,-0.639988559109346,-0.105214271152197
13540,-0.6593641522797392,0.5165832167518998
13541,0.18060326798774526,0.11128267430384337
13542,0.9351184309235614,-0.41370900324159865
13543,-0.09612747432203823,0.054144283732836584
13544,0.09585849784609127,-0.2367302018911781
13545,-0.12729284577069772,-0.326189703608135
13546,1.207540566776092,0.09554851477765723
13547,1.0187944061765875,-0.2098050760484651
13548,0.33056313955570193,0.07313077464391235
13549,-0.2940413105018239,0.1546724667869139
13550,-0.18811228886265,-0.4375132625221189
13551,0.2805715611948772,-0.46963917221147444
13552,0.5611390686670198,-0.4568662656690186
13553,0.07964425736660437,0.11837439833095892
13554,-0.3901922378191104,-0.4990448886051819
13555,0.11562142512248012,-0.3401618243832123
13556,0.2259420235623691,-0.10995523925561673
13557,-0.6176239483382,-0.42047917717190286
13558,0.6603158931535916,-0.41553590434478815
13559,-0.2060423275060162,-0.4734044649584847
13560,-0.14647392163876696,-0.4909480775134435
13561,-0.1123125347684968,-0.5618777173065596
13562,0.30254386560141305,-0.06796780468944001
13563,-0.6532345532883354,-0.054201680438169024
13564,1.411306551905364,-0.2754387572299319
13565,-3.184924633774173,2.4851345752545617
13566,0.9796026796326693,0.7406523775357803
13567,-1.161299335225286,0.20261247402421642
13568,-3.7182560866227883,2.393137468391064
13569,-0.2709086098691741,3.492919595956945
13570,-0.23294699499901766,1.4609031454523342
13571,-0.15639368884900132,2.44421710625711
13572,2.1459188732008436,1.9013229744851186
13573,-0.6562455275617654,0.22301846179232776
13574,-1.923784501330955,2.469977859668339
13575,-0.3088011556824947,0.8322346134834159
13576,-0.4128681691594979,-0.057209162043923185
13577,0.07853470706915465,1.3571916861066677
13578,-0.7452096879169987,0.9044921840016259
13579,0.67541783433396,1.426902345302348
13580,0.48862072553283764,0.3232559019929581
13581,0.003620784348049875,-0.36419285114499433
13582,0.30551161256973847,-0.15683191712017433
13583,-0.22104488403009334,-0.052910563352831785
13584,-0.4788246787187943,0.18673172504717508
13585,-1.1097520793061526,0.21988227232810112
13586,-0.470102690359798,1.0511116156858924
13587,-1.0529787346934865,0.3110432412968452
13588,3.1530052985817805,0.9301976823665371
13589,-0.0010446961440775588,-0.1283973488099161
13590,-1.1491503174560687,0.3018529795341393
13591,-0.8667258062642538,0.17758857586775711
13592,1.2051047856242096,0.25547095831558014
13593,0.6171978634894661,-0.30877446000070763
13594,0.8325769491529734,-0.042493421029232176
13595,0.28274655880885374,-0.13713928034621092
13596,-0.22835465142929146,-0.3167541327191342
13597,-1.3549765797475981e-05,-0.18735862497768796
13598,0.004438307723012215,-0.5512122648942259
13599,-1.166447543907356,0.1450526756361135
13600,0.11557289947655632,-0.13554415402431155
13601,0.030891509975760116,-0.46693154144215965
13602,-0.3362161685338363,-0.2847166128222693
13603,-0.7805040151279354,-0.14379010077808302
13604,-0.740908921548147,0.6138291990483699
13605,-0.08576351418765708,0.3687599313873889
13606,-0.7951440617887013,0.31022208476156865
13607,1.1144593970956334,-0.012798295615697427
13608,-0.44601652127471897,-0.23094332630946696
13609,1.3365613941372028,0.4579467400781855
13610,0.45237047897399874,-0.11199221331018329
13611,-0.1236416463057796,-0.26683350457230465
13612,-0.7928657250068029,-0.2557681368864509
13613,-1.4726858509995078,0.8426283949141775
13614,2.2598871717242317,2.1240108440406793
13615,1.1045974534282548,0.3948762877860133
13616,0.11670186505718805,0.275058300931011
13617,-0.06992205747453575,-0.25649197441667376
13618,-0.006051582472037341,0.27228889143913515
13619,-0.44699354425010884,-0.019819465452643528
13620,1.7795797811879785,0.33850603357605524
13621,-0.524798407556856,0.12899434196187706
13622,0.20870303440509208,-0.515720164255349
13623,0.3517203385809715,-0.15594836803301718
13624,0.43861794935412407,-0.13967235191802127
13625,-0.39635295586234964,-0.06642068581218784
13626,0.31917581672719963,-0.4176800594831148
13627,-0.5834072988501443,-0.1694686782965783
13628,0.10839263396405076,0.11484364780785399
13629,0.06607771829379319,-0.2228844217811753
13630,0.5016583402629015,-0.417044902674084
13631,-0.6535315561591554,0.5027833585944202
13632,0.4341663752626625,-0.258991742892724
13633,0.49680152980353903,-0.43987801742919497
13634,-0.18209957783004024,-0.5506019352247749
13635,0.41252087549802463,-0.023686694512465616
13636,-0.06336830827043435,-0.0010891596622677772
13637,-0.5691226544571082,-0.12290091224856735
13638,-0.3904836531175434,-0.38154124068300455
13639,0.6971750520394948,-0.19870529944727255
13640,1.054590039289697,0.20413818292083663
13641,0.6756701042740219,0.38286897684219984
13642,0.40542126131454403,0.8972960435063543
13643,-0.38055007004025604,0.9743947970290266
13644,-0.5050806619928326,0.259554822074684
13645,0.26405663857766914,-0.16026379736485866
13646,-0.7493190083126705,-0.23042962932389024
13647,0.026103377871642058,-0.37196557916780904
13648,0.06109269558691841,-0.5417190067873946
13649,0.7842817692854331,-0.3892199533728489
13650,0.09932513059119713,-0.38091117107575867
13651,-1.0152748679000432,-0.027356754870367372
13652,-0.6403095461711137,-0.2712094307173567
13653,-1.9709887997362847,1.236373362996299
13654,2.380292525951023,0.2891685391685621
13655,0.805995214321176,0.4798107880617071
13656,-0.618089022266277,-0.0919485323624948
13657,1.1109228455673563,-0.01806969213546142
13658,-0.4500816642769491,-0.23845921426417868
13659,-2.16342684475855,0.15822253054961827
13660,0.8123449778526107,0.11769776923571813
13661,-1.2477447505993797,1.649909928149502
13662,-2.536724954660697,3.5974296281967755
13663,-0.5469563980668374,2.311403175984117
13664,2.1358453131838524,1.8714672889993322
13665,1.7965885177370151,2.906167897099241
13666,-0.04984501433280891,0.0321435686475658
13667,3.4355075890525155,1.9872835280851178
13668,1.3470239907834132,3.0535859194281083
13669,-1.292471192024347,0.6956926078564725
13670,-1.7686028419082924,0.7110281436872301
13671,1.8289335677947387,0.6178580700762152
13672,1.9562156168308367,0.9924611753855509
13673,-0.9549175751784567,-0.01824738445221405
13674,-0.4181272186445841,0.22789518324011523
13675,0.4422809992124978,-0.03307253313594921
13676,-0.4015753952328954,-0.29040712104570143
13677,2.2851462755087515,0.9342550896965159
13678,-0.4734421518396107,0.8298927611133448
13679,-2.285682776991538,0.4015174797397682
13680,-1.0927675550179006,0.9502712974090242
13681,1.0954343516042293,0.1677036588128055
13682,0.024067932214930327,-0.36942645439526656
13683,1.851197013218039,0.19414943980413948
13684,1.2575434227432998,0.7018923102556966
13685,-0.018950357595669133,-0.11493976247072064
13686,1.2666837372274224,0.3596167927256101
13687,-0.6349896720193847,-0.18935514655038255
13688,0.02439190072092919,-0.37764213219433895
13689,0.3089041647840219,-0.1408026668364151
13690,0.2700297115128381,-0.21717348186075072
13691,0.13670661874613946,-0.20606596587220097
13692,-1.5470641684063564,0.4663725025880719
13693,1.4086192858123263,0.009286815043908707
13694,-0.0623936020461059,-0.3840982234461863
13695,-0.17055852006788097,-0.08958618464325628
13696,0.023840096844210318,-0.44046761210788754
13697,0.3228375485410697,-0.40002116491706347
13698,0.34174737545952144,-0.17048960245082853
13699,-0.7386746812397025,-0.403450486875872
13700,-0.3896947482036174,-0.4369888629465255
13701,0.40511740941915064,-0.41722807253638305
13702,-0.44019997090027096,-0.4768638410604627
13703,-0.7350532811755115,-0.30118224746384203
13704,-0.042456381639578746,-0.03173532481040049
13705,1.136387687725033,-0.13383100778514087
13706,-0.22821360262927887,-0.4047402090417144
13707,-0.4023421714568051,-0.338364386196164
13708,-0.22423721556317716,-0.5050731785546657
13709,0.9996154955948509,-0.35197160700618324
13710,1.8107658905813502,0.21145984407420612
13711,-2.941296475385098,0.3030368382800692
13712,-0.8844631943643123,0.686360728950429
13713,-0.3291175473289439,-0.1843300194366835
13714,0.5074838953625029,-0.352242463611583
13715,1.8490584372519407,0.5146141610342153
13716,-0.8482164275316287,-0.195082690278831
13717,0.044709231700269934,-0.40832689173938647
13718,-1.012293186057104,-0.14859881332067246
13719,-0.47854494991547225,-0.49163291757279426
13720,0.05145183486747829,-0.4950217447585391
13721,0.47124443990665954,-0.4229944754854417
13722,-0.3923418275366585,-0.24253177167504858
13723,-0.6102975561205497,-0.009536623106389428
13724,0.07961483377776965,-0.1991410263916007
13725,0.5417168524078194,-0.41705052292294753
13726,0.5191692461511425,-0.437324076991989
13727,-1.5627408050420328,0.12831222284642138
13728,-0.16224612745031194,-0.37519621952199755
13729,0.6660663520075857,-0.4741075594231112
13730,-0.18291603564907016,-0.24217651558791764
13731,-0.7655025757256172,-0.25921506567423824
13732,-0.01148983954723683,0.22470244155453897
13733,0.7084557821535307,-0.09035878507252872
13734,0.1269431647762939,-0.5598617892249349
13735,0.06755749239754306,-0.41929590383884835
13736,-1.0919420259431278,-0.3108405251070403
13737,0.05714676832300339,-0.36525996590992726
13738,-0.8663233132125275,-0.31386503393828574
13739,-0.5944445025122248,0.22437724604734385
13740,-0.17076168153790508,0.3251665475171126
13741,1.1579189173289353,0.7870708722540763
13742,-1.0802244952270406,-0.22338072373370876
13743,0.1473370727279125,-0.5339662489913392
13744,0.13497417599973227,-0.44223549011111674
13745,-0.012584555177234068,-0.5452852092421584
13746,-0.37649590090286017,-0.47902765642453454
13747,0.7495815669131082,-0.4618395523996634
13748,-0.08836384486103853,-0.45113702773430714
13749,-0.6278470650576927,-0.26893857076018546
13750,-0.5823342968881847,-0.0603673880181873
13751,-0.19243359268317267,-0.49984315456039535
13752,0.15643334529781341,-0.12681939826973077
13753,0.12822385861230884,-0.16579180875043512
13754,-0.8482031991192138,-0.1653414686616128
13755,0.5506846501931542,-0.18576523808507991
13756,0.8688587869425756,-0.3468701003521953
13757,1.1140639351338553,0.5933394057747144
13758,-0.8204507630977612,0.12207994806087485
13759,1.6331096700623948,0.2187776197594338
13760,0.526464519035904,-0.004933260079763684
13761,-3.281859155259283,0.8302323961160468
13762,0.16921305728485872,-0.3598460915892263
13763,-2.5451151251653585,0.7685370257748771
13764,1.325032015524027,0.8970511887860857
13765,0.038190491723041516,-0.0008711993564631904
13766,-1.2222870401875352,0.036246421089549646
13767,0.7369178060532275,-0.19499701663452693
13768,-0.49742232100728856,-0.06779781950860776
13769,-0.4306465533895483,0.09679831776105931
13770,-1.0341871321859886,0.17139609906959383
13771,-0.577934725651308,0.6252635723256014
13772,0.11690159439605069,-0.4784033226199884
13773,1.1496523209868397,-0.3441775221540665
13774,-0.15852567909209536,-0.5143349314668823
13775,-0.05008445819754855,-0.4490569835659166
13776,0.8613850742251622,-0.19346720122248273
13777,-0.6845815096340835,-0.49341555961618566
13778,1.2053473471578566,0.046414721586015596
13779,-0.15201015615480198,-0.5056323701776496
13780,-1.4166737042182231,0.0826235621044682
13781,-0.7046924513072396,0.15865479988509096
13782,0.16421687806234858,-0.254005271396863
13783,0.2936595403017494,-0.5158119345425312
13784,0.2981955820510519,-0.4915908457271469
13785,-0.03976554104962294,-0.006471300019840631
13786,0.7084736569890258,-0.1333413675832287
13787,0.31701161310034703,-0.42474484642614935
13788,0.2235478762870488,-0.5651683804292805
13789,-0.32563203293359755,-0.43086521445763604
13790,0.491548425409948,-0.5065984312120762
13791,0.4905750935059202,-0.41636279987284847
13792,0.03386152546706567,-0.3997098920702923
13793,-0.8324831955529135,-0.22565054044537083
13794,0.28799182879873464,-0.5239000581995102
13795,-0.8536270101028685,-0.2596842837045613
13796,0.41089542787158895,-0.48269474351725805
13797,-1.193845973059633,-0.27665703558472116
13798,0.8336644755320063,-0.4534994374987091
13799,1.0847061317885718,-0.34144631970795986
13800,0.239695248225425,-0.44239792654003407
13801,0.17314245172880305,-0.2161534830076792
13802,-0.5692807660435898,-0.5772717287009126
13803,-1.2930316098957515,-0.2956478980541492
13804,1.4952914883689854,-0.10449005315817127
13805,0.5852212735595325,-0.44127638245911477
13806,0.05481716782094666,-0.2691938801226011
13807,1.5415768640832528,0.5681170321607117
13808,1.3244158513223192,1.0728189288865784
13809,-0.9389371938736127,-0.0758171437418568
13810,-0.4511637990932155,-0.2830118578061759
13811,0.6709073325927252,-0.3976613248488172
13812,-1.1152013336958981,-0.3774888661572431
13813,-0.9713089921439548,-0.3004154821277595
13814,-0.15178456412006447,-0.38053273456178827
13815,1.4271936035942383,-0.36727538309836977
13816,0.33001277562457443,-0.17106562006069603
13817,-0.03779923559387896,-0.5008069220099186
13818,-0.7301382517559938,-0.4301622329851841
13819,0.6768245862852289,-0.25461324185379075
13820,-0.28022581389554385,-0.42979654252028776
13821,0.3353766639489594,-0.4631846709509493
13822,0.5665082069272815,-0.26602625298329174
13823,0.1343340465296312,-0.12109441785502276
13824,-0.17929445551767934,-0.46486104495380504
13825,-1.6062651941677815,0.17700640260728093
13826,0.3509853536516171,-0.16657481441212202
13827,0.8974366651902514,-0.34765527002570973
13828,0.684871523668604,-0.11888970840845847
13829,-0.137973942153334,-0.30190183091070166
13830,-0.18427539941248294,-0.1915798583643659
13831,0.841835867167087,-0.07503728012441158
13832,-0.12647385839506897,-0.33084508327467327
13833,-0.5701124877986836,-0.4034479220999692
13834,-0.5551777435430871,-0.2592339908328329
13835,-0.5094798188380674,-0.21192066369398865
13836,0.012056939895647975,-0.24890386857217706
13837,-0.4043291870504335,0.3544520870066724
13838,0.5489358256356477,-0.21434793485752776
13839,-1.267833159927302,-0.2201197212817925
13840,-0.36222386698513187,-0.3840008803051845
13841,-0.5673735056822955,0.02890065807842623
13842,-0.11365725855655465,-0.23731600096746894
13843,-1.0768960675151837,0.572163655875275
13844,-0.17692071343018698,-0.06087439268835519
13845,-0.05359020742167858,-0.12820911676849178
13846,-0.17312581885684875,-0.04337684648921075
13847,-1.3333704502293793,1.7606484566684708
13848,-0.2581078800500186,0.2223909417105035
13849,0.41731534379900864,2.769114321038549
13850,0.23677830877679854,1.7399609238080294
13851,-0.06965698412389652,0.05591196490303998
13852,-0.14957188000929045,0.061408761090031246
13853,2.207640042669847,2.1163468318011356
13854,-0.43047705705224715,1.5931110114993627
13855,10.64760282247835,17.47432329210884
13856,-1.5707133935364948,14.206342654858615
13857,1.147129647795871,7.7062420024022655
13858,0.710044862006569,4.372735640974043
13859,2.3223300706517325,5.099392554742181
13860,0.6084950452015001,2.780173002968701
13861,0.6415554634103917,2.1544293461877775
13862,-2.3416472065892155,2.678287299664953
13863,3.4121240024150272,5.304323199128198
13864,-0.6488265976870768,2.838988603167637
13865,0.364488747859103,1.8930207680907705
13866,-1.195237637166024,1.753547489090341
13867,2.690226575325134,2.15473237582503
13868,0.654238304261386,3.588534293681125
13869,-0.6719129209091456,2.4687586576458176
13870,0.050207363822850924,0.2993859889502811
13871,0.890208987122919,0.5025172218405755
13872,-2.0393144503968825,1.91879099243541
13873,1.083627886742052,-0.0800385712175659
13874,-0.47032738257658213,-0.22898248639015475
13875,0.6275283640482243,-0.06776150255724968
13876,-0.01020424325588807,-0.13132770208603825
13877,0.17553966122553344,0.3413747742696948
13878,-0.19809549052667932,1.2082633271838916
13879,0.6271315265846394,0.41991778499202287
13880,0.3875456225250202,-0.05812934404261149
13881,-0.09033340020828332,-0.3019504361526061
13882,0.404780617981384,0.3901461030523718
13883,-0.38144034470999333,1.542246042277704
13884,0.5548771013573945,-0.10407769823406024
13885,0.19301159301280185,0.17898617693534344
13886,-0.2893652314024715,-0.24055230271889966
13887,-0.9976943265036254,1.0951793283842486
13888,-0.2711410386360379,0.31818981735007523
13889,-0.025523568618315565,-0.04588870878486062
13890,0.07096953932033753,-0.053042706977173525
13891,-0.3081595485468978,-0.08977776860204612
13892,0.6869908949156437,-0.2663422116775569
13893,0.5905206952369171,-0.05357936232321612
13894,0.05411128031610355,-0.33079849450790266
13895,-1.2640161204340317,0.8044324763623516
13896,0.509957410438031,-0.27835089854520795
13897,-0.8471655661543924,-0.07906124700799831
13898,-0.14081069523312587,-0.13304091115795383
13899,-0.2760660831161431,-0.11688511221900373
13900,-1.4885814783074742,0.9757330651497753
13901,-0.9316817826086975,0.7267834334348744
13902,1.4809816364907016,0.045019854607244655
13903,-0.8546355321162347,0.328499443202343
13904,-2.3950477502804417,1.243174229469738
13905,-0.3342656216501369,2.6192261212601715
13906,0.9507880301263746,0.4791666512818232
13907,0.3252906089025627,0.12701585932185558
13908,-0.3408232397908236,0.2546149482070728
13909,-1.3079015225615906,-0.16286138371661918
13910,1.455008679279203,-0.288825049210635
13911,1.145480462716532,0.089629440103739
13912,0.21198277850630148,0.20047278693917542
13913,1.3408457698122132,0.846739417178001
13914,0.32393302806948615,0.22349887710800598
13915,-0.03219265684223246,0.32820097549290056
13916,1.455703177872001,0.489299157164178
13917,0.6430831083968958,2.3672702899548863
13918,-0.27663342324899826,0.5368220168129607
13919,-0.6551189850617997,0.6033379290635914
13920,0.0564081212145259,0.07571294029808602
13921,0.1899810401763304,-0.17687645538498695
13922,0.23575465114185706,0.022206158168872607
13923,0.646117376571365,-0.09832486140643036
13924,-1.1050596079745734,-0.1441963463710489
13925,0.36627515468916166,0.06295241634622267
13926,-0.5601270483522595,-0.2109685508218777
13927,0.09388283483437786,-0.27217261979322144
13928,-0.9487126725722125,0.7153299983845753
13929,1.0012295855956717,-0.013884321763036691
13930,-0.20161466169837206,-0.17433958413458206
13931,-0.43930554694190643,-0.18125738728609964
13932,-0.2896025208441724,-0.31132373680806125
13933,0.8274653095567448,-0.024515260559025667
13934,0.1335186240066575,-0.31388724789893196
13935,-0.883206347305841,-0.033746589918768506
13936,-0.2621293344668605,-0.08423842226999634
13937,-0.36641800872257807,-0.1998901954442059
13938,-0.22697266351897,-0.41294561962051407
13939,0.7489617073183351,-0.2776167632348172
13940,-0.33744541465123623,-0.4421623873491455
13941,0.11733957543151288,-0.2303146503606802
13942,-0.3153676166947487,-0.3427806491093345
13943,0.6436641546955346,0.15110792472090662
13944,0.04972965410257842,0.12605899573275184
13945,0.3126587489154078,-0.45427478427069323
13946,-0.679222110328554,-0.3509784280152615
13947,-0.04575792699716645,-0.24638537849880165
13948,-0.650985272453194,0.009431231876913197
13949,-0.5569379514192407,1.0686474465295661
13950,0.20107093184393265,0.2649129549240208
13951,0.12023995302495677,0.003872175967880867
13952,1.0196402257417365,0.6090088293577387
13953,-1.151057464984028,-0.1330229240267637
13954,-0.2243612418955182,-0.3761579429053671
13955,0.3063607750208585,-0.10544399417400374
13956,0.4948945199592148,-0.21026396114379511
13957,-0.375483113503401,-0.5468273432758226
13958,-0.11281374972347452,-0.48364355783525226
13959,-0.5094411277497916,-0.38565352696615085
13960,0.29703777304544887,-0.3632055642828715
13961,-0.39494898599029377,-0.31738764994410923
13962,1.0734738407497844,-0.33219492159317476
13963,0.2740393035134891,-0.40949765449789155
13964,-0.5948496581654057,-0.08848622977486208
13965,0.3263703112892375,-0.23740530998915152
13966,0.1365995472064761,-0.44635813573211114
13967,0.41231055324697,-0.4368330036840713
13968,-0.18595789908564142,-0.5264415699077434
13969,0.41155812021783184,-0.5990668197840617
13970,-0.0845421251869518,-0.5386258640714511
13971,-0.10748265812458693,-0.48053718257983286
13972,0.18960191020609926,-0.557449543838699
13973,0.1729891158197571,-0.5239260746578868
13974,0.2687074909295751,-0.5745506070090454
13975,-0.46346366783418697,-0.3911103219330077
13976,0.28868802466786664,-0.5670039682896008
13977,-0.47097142295080474,-0.25324262818736937
13978,0.5334079870371192,-0.40148004093004636
13979,-0.730023754925269,-0.03929197591465625
13980,-0.2476195875136995,-0.2873941394954286
13981,0.051377380678833635,-0.3887346105867166
13982,0.006388351751865483,-0.4479134641764429
13983,0.6203636418246922,-0.3722523839210592
13984,-0.11663578299544532,-0.6464702945457356
13985,0.35195984090694976,-0.5349002378345935
13986,0.6544404350610168,-0.44374863046721436
13987,-0.07280816065219528,-0.2620434477700308
13988,0.20362991036793782,-0.4852613991197174
13989,-0.31724148053629664,-0.5784345649944169
13990,0.24634524921317574,-0.3660706597251594
13991,0.11532875723125052,-0.3660977183788857
13992,0.2670284806151166,-0.1897385149716298
13993,0.5918493294063397,-0.43599567073636314
13994,-0.4396380151871804,-0.23849747789368056
13995,-0.3049001913116196,-0.3141114916308152
13996,-0.43723379581930844,-0.2791749192605939
13997,1.0369101868046615,-0.26292398734213157
13998,-0.3369369769472085,-0.16695383160419647
13999,-0.02137934944160361,-0.29327069461963734
14000,0.285370649998438,-0.37988100992539114
14001,-1.1898106274057705,-0.032734314398218896
14002,-0.8234160609223728,0.07623946743081243
14003,-0.2399168724269228,-0.13533748933750936
14004,-0.38803245899982547,-0.4041322607840653
14005,0.27781676462365784,-0.2989393052814644
14006,0.6533028061056192,-0.32579943309430154
14007,0.297171942392209,-0.14103328141894234
14008,-0.02342048451630796,-0.3391507141935978
14009,-0.5812645125257951,-0.3611185228143892
14010,0.590919590513868,-0.23733169469516202
14011,-0.3448679874512017,-0.35786883682263204
14012,-0.30180374602742105,-0.38011854907081355
14013,-0.24951490985186245,-0.267843506394549
14014,-0.27197450503925147,-0.22570351147299134
14015,-0.44695899011371754,-0.3800429706441465
14016,-0.29442946604954284,-0.009863887112927978
14017,-0.3351038899141407,0.4054581150225003
14018,-0.9036938364635206,0.011874013113831261
14019,0.8985253596115717,-0.15126683710461933
14020,0.2971853038792951,-0.29495960847124525
14021,-0.4030222280178849,-0.1819238432904876
14022,-0.5879038045190534,-0.4293972907494673
14023,0.5916157843572362,0.2630599577481648
14024,-0.2905830039978473,-0.3915220798391377
14025,-0.1715188819130366,-0.3332562620345925
14026,0.23894185590063716,-0.32865958809729423
14027,-0.777247891592113,-0.24810506159388498
14028,0.433697212787011,-0.42902797177562385
14029,0.6485444723565894,-0.35634615361129324
14030,-0.6610814018140343,0.1756311884191244
14031,-0.7346669523294315,0.34337764724538966
14032,-0.4637159647767611,0.43040989968090415
14033,-0.1547289532860646,0.3051033003591008
14034,-0.2810884440978206,-0.1685283590730208
14035,-0.3236195649985529,0.2549039025807493
14036,-0.02970214512017242,-0.21796722497231638
14037,-0.21517258981672924,-0.089444371115834
14038,0.3436634760386826,-0.4676441243877708
14039,0.36136273183792605,-0.32853904349374174
14040,-0.2712978165445441,-0.42534903271537416
14041,-0.02228901146903289,-0.4427131879459501
14042,0.32168525912162826,-0.5571059231703049
14043,0.16289931571519992,-0.25932194363654404
14044,0.2972155902401664,-0.06032105574963631
14045,-0.28065404721231946,0.29055027312118153
14046,-0.34215226587697406,-0.3290563035723033
14047,-0.4399463670111239,0.3098870178409052
14048,0.5145583011217365,0.17706653421160176
14049,-0.08810924998854618,-0.2521763113802695
14050,1.0463866198743503,0.5346868864529944
14051,1.03220500679319,0.3281276844242921
14052,-0.11890238929427131,1.2497209370510811
14053,-0.41349346237200785,0.8207064247141362
14054,-0.978571681955754,0.16598771183976482
14055,0.5517240150525625,0.6466571611957447
14056,-0.7125922248008763,-0.11641928171108516
14057,0.7089589386381555,-0.3183019834607915
14058,0.017111964911957708,-0.2581574447560469
14059,2.005181331118937,0.5483732961812767
14060,-0.5932295279087659,-0.14109440188999378
14061,1.880996979787415,1.3875576845371793
14062,-0.5568022389157189,1.3189864400402902
14063,1.3370558010875186,0.848609599050997
14064,1.0958285378187662,1.6069211851565672
14065,1.2522519536594876,4.0899713065553245
14066,-0.1802512835450724,1.4874330469890686
14067,-0.018160523637185406,0.954549081397192
14068,0.4519049611144382,0.38696282382857566
14069,-5.533345768616158,14.787696628053945
14070,-2.3886409485098983,6.7137196048830905
14071,-3.1464762759228657,6.6957825087367695
14072,2.557943173997721,4.038751135409654
14073,0.6231084005583835,1.4368017275829832
14074,-1.4661955528333364,0.44806756405475495
14075,-0.2005016797102099,1.9655333343326367
14076,0.2508511677894778,0.16224790389378865
14077,1.0766597020003312,0.7599696245324077
14078,0.2751136511662023,-0.26266968902697274
14079,-0.46610171349153035,0.9070892583974812
14080,-1.798765997027738,0.5918255330036328
14081,2.491052598370789,0.4171787952942314
14082,0.8549172958671586,-0.1465771360048859
14083,0.3247239264957988,0.31210589571657077
14084,0.3021528479806846,-0.37318783969507163
14085,-0.04021376355831258,-0.5516922543050794
14086,-0.7017126541493218,0.22321552658863889
14087,0.486369030543537,-0.2650081336981614
14088,-1.4453725257676202,0.07754228811152088
14089,-3.7411545131232775,3.0449760640825665
14090,1.3557796585343562,0.9922655803559666
14091,1.0033977768509001,-0.19073143029110104
14092,1.4365929977892942,1.321100715197496
14093,-1.3767207766350376,-0.09162256157329558
14094,1.2971570171551896,-0.17203298766886901
14095,1.7879715346040723,0.09705127243708085
14096,0.49348926379137853,1.0167247694052752
14097,-0.30840849023468053,-0.02020644373890505
14098,0.6227763430398261,-0.3437638012555113
14099,-0.2772467133453795,-0.22807669494240146
14100,-0.4034650800662017,0.2153113232927053
14101,0.2753850447076518,-0.4171072803687136
14102,-1.5818361433317976,0.3488108692012804
14103,-0.6720509886438396,0.7162986052035016
14104,-0.1291260153468908,0.7164575360219556
14105,-0.03573858241111981,-0.2302406228342431
14106,-0.11995729953095323,-0.2649932283674442
14107,-0.9389584533976016,-0.004178169253267295
14108,0.36837654230686373,0.5826514501224391
14109,-0.31535794364585384,0.23333562389493948
14110,-1.4368669168119663,1.0526682776157785
14111,-0.4284546674240172,0.06877371770003285
14112,-0.390097064330883,1.2405597606471783
14113,-1.2915803242994643,1.462266758748615
14114,-1.1673347211341023,2.0922588096333965
14115,0.8225986494037567,1.5216606133162778
14116,-1.0691370328078735,0.3997483698571386
14117,-0.3995927392121165,2.71645484125032
14118,-1.785471809552586,2.4564205834974415
14119,-0.17589142500401234,2.8924333594312834
14120,0.5680076650677927,1.3460157269417066
14121,-0.41259927052536066,1.3144502124998965
14122,0.03293413195305448,-0.14457069639729855
14123,-0.5873789381879831,-0.05881525718919742
14124,-0.23335929875964953,0.17900540988785518
14125,0.7890812087962202,0.0852010422413412
14126,0.5375312990537201,0.006121377214343247
14127,-0.8393022802500063,0.8194283288476718
14128,-2.492943865822563,3.295552012357942
14129,-0.27115916211607655,1.2127766157791895
14130,-0.055936545258105666,0.9746995368405432
14131,0.3937730074426034,-0.18655516596787544
14132,-0.05927850277486126,0.11017159709199957
14133,0.3698369228931076,0.5051806913443817
14134,0.7056581527709184,-0.08676242780718062
14135,0.26728629544896043,0.08607247673180396
14136,1.2336904515204645,0.5362116090530628
14137,-0.08925782671068111,0.46169607984169975
14138,0.3765182923409854,0.3030635266891411
14139,-0.8994974781947287,0.36906372852352837
14140,0.609026700449493,0.6099584911073668
14141,-2.33242061949112,2.3183764204479043
14142,1.5932545906246323,1.5744990315891858
14143,1.4392502910723979,1.5425540755132832
14144,-0.07004566579554691,1.3582543000039808
14145,0.012649650061967598,0.9158898194262816
14146,1.194538433925214,-0.012602314025379221
14147,-1.3031613542097513,0.4837547824230491
14148,0.7311329515991168,0.29354181611092006
14149,-0.48631887580571326,0.27791450707706106
14150,-0.7677453724073847,-0.2769431544250073
14151,1.6705035702610007,0.7456940345418471
14152,0.18520685112820362,0.34867265125610364
14153,0.38329284309689166,-0.17225141900831498
14154,-1.266371127468635,-0.15013479543618427
14155,-0.5083274914612493,0.9241456229765261
14156,0.9899477379885864,0.0758578974632451
14157,-1.0269726019973002,-0.37627377168879117
14158,0.3371012401944856,-0.3500348805876497
14159,0.3446577750149971,-0.29828898544977467
14160,0.0025972301818371103,-0.4044000536927009
14161,-1.0599210997082527,0.09918183900430078
14162,0.2585409349604974,-0.6194352397799859
14163,-0.8480527826469936,0.2589065493398272
14164,-0.6122940379307884,1.9162049165240516
14165,-2.43552549448711,2.3216775299779595
14166,-2.2166570804585675,3.1287241525560785
14167,-1.8993330009524059,5.963637471676771
14168,0.8304612722996956,1.6744984177248643
14169,-2.697056890022923,7.104069864605133
14170,-2.50213852512792,3.3950264080001835
14171,0.0913603635310426,5.239284652884215
14172,0.20916255885611812,0.5868485844100868
14173,1.2804469579240765,1.6745931803100778
14174,-0.6032404998764084,0.5273068916115459
14175,0.6158907911028201,0.7734825967199337
14176,1.5425732723411285,0.02229182458783164
14177,1.206576115060287,0.7095107717271064
14178,-1.4709033770567403,0.22073721201288227
14179,-0.5196344461116331,0.46754262405060065
14180,-0.5666933020026467,0.42041064722495985
14181,1.046740889636039,-0.19517582473657563
14182,-0.22477780674350645,-0.3792896570112472
14183,-0.1930904870584964,1.3356499593958815
14184,0.10323628964380314,0.588297530612376
14185,-1.8292634840352957,1.146350168812388
14186,-0.14499600816672023,2.1378098829207426
14187,0.9955525453686531,0.5958769192483677
14188,1.7506114147607739,0.30391355824723404
14189,-0.1685977732133523,-0.2409894185651787
14190,1.1050686409802373,0.3749230462466643
14191,0.8996538839393937,-0.0759162930462873
14192,-0.7270623320262319,-0.16207603892538328
14193,-0.81615937126789,-0.05020708388648758
14194,-0.0692380281308455,0.2516960074880281
14195,-0.7201027948266899,-0.3727311313861092
14196,0.7095888433780306,0.17305310703821267
14197,0.5271831607057347,-0.4103409312546617
14198,-0.32153845699457484,-0.5171279434128792
14199,1.3701012168676612,-0.07346953295546362
14200,-0.08405211802929988,-0.10339638982867323
14201,0.5687556885573375,-0.3141619386772873
14202,0.19620877603333364,-0.4408447172525734
14203,0.4671445474204821,-0.3062436269584324
14204,-0.4762854145028388,-0.3188007304734541
14205,0.7091984075664957,-0.31504158320335607
14206,-0.8224418650028263,-0.09562856704865773
14207,0.34384855098452705,-0.12616340766303813
14208,-1.3072466747651672,0.521618901115725
14209,0.09076323408362354,-0.05119265035741549
14210,-0.17731681610676284,-0.4419317832725634
14211,-0.3824318534094516,0.24713257685629456
14212,0.41571606948303413,-0.4049744200174857
14213,1.5456719564040151,0.6039430173259506
14214,-0.17110793555668838,0.03692226961752643
14215,0.056361904495181615,-0.3157604189540072
14216,-0.9206996639319173,-0.23011046605838165
14217,0.30701467684954187,-0.3363892112102961
14218,-0.12317573501670064,-0.2849173082852374
14219,0.5736783167197292,-0.36377715776836855
14220,0.2770769294763031,-0.41841965884806076
14221,-1.162206256360644,-0.14915392546459733
14222,0.533384505861929,-0.14677489754205747
14223,0.6056835609966673,-0.13772310021130146
14224,-0.30675910153569397,-0.42407966599740565
14225,0.5281789567072136,-0.2562230690901619
14226,-0.6097838618046347,-0.3973126961029149
14227,-0.3602355217250379,-0.07899346546292554
14228,-1.123697197910825,-0.1318997675380931
14229,-0.41765072802607783,0.2108098761156535
14230,0.7704346915846774,-0.15922601793638244
14231,-1.1866217883849104,-0.008159505689956053
14232,0.6544203957444017,-0.4134590872830289
14233,4.220910702723582,3.667703949707587
14234,-0.9016728547752526,2.6535451295270622
14235,-0.9867724041471249,0.6314504162699165
14236,-0.5145639095188258,0.2070942531886223
14237,0.3236484699933352,2.0530104854789495
14238,0.4571958743490104,2.369832836556732
14239,-0.8321198940859659,0.7090413945693781
14240,1.6890930498959118,1.1028288845441816
14241,0.6423087196649719,0.485111278973187
14242,0.36255453257692055,1.2865279301859345
14243,-0.5351383780784644,0.6060340989527618
14244,-0.22920843219628773,0.4882234266204393
14245,-1.8490276177559573,1.003687356830312
14246,0.39776961820701634,-0.30418859120991226
14247,-0.34682432634646543,0.07494982943134698
14248,1.2143084744822092,0.02316561352016409
14249,0.5011004577700264,0.05161657650117918
14250,1.339789953525916,0.2824728381048301
14251,-0.9008094701523789,0.06510657533899028
14252,-0.00634017661091498,-0.43015691724901484
14253,-1.0808123736665896,-0.06577190920119388
14254,1.1916161633236835,0.004383386610254079
14255,0.2902506440714013,-0.27896813007955806
14256,1.0900498203667988,-0.1530891154082401
14257,0.9786704313878934,0.285164771866685
14258,-0.4303865879448734,-0.16658855651493215
14259,-0.056039832553506176,-0.3247009721226711
14260,1.9318619293222006,0.002654960049708791
14261,-0.4477137397032503,0.6760327564262247
14262,1.5510393284695447,0.8156973330963547
14263,0.2979308984320982,0.38360424261795273
14264,-0.2061317793940491,0.043919810381494014
14265,-0.7382417373551853,-0.032708106372063485
14266,0.4880754956497225,0.3114188246552916
14267,-0.9060584923283695,-0.006529574327134772
14268,0.08834335573260263,-0.3001095496020994
14269,0.16246263155409005,-0.5189054358254199
14270,1.1615334438069431,-0.18616006996153397
14271,0.2586382120901868,0.0534107151260368
14272,-0.782763173314928,-0.2890892842199853
14273,-0.21584736377318567,-0.27868333234285053
14274,0.9032059816182385,-0.3662375785037984
14275,1.3090120471966644,0.33319320228100296
14276,-1.106972668950701,-0.23947568200286892
14277,-0.19954668147902616,-0.35835604594417436
14278,-0.5801702541277715,-0.5897664297587754
14279,-0.40289762503755017,-0.37000995265795683
14280,-0.1990387651604937,-0.4223932442814964
14281,-0.1402445066935703,-0.48054123845956204
14282,-0.9043533136677924,-0.12172951631133853
14283,0.08683027175484824,-0.13050434998082933
14284,-0.35857744281118314,-0.5030050498853306
14285,-0.29578273068302297,-0.5347696945483699
14286,1.0654804526055779,-0.046647271578950156
14287,-0.7421708414680402,-0.4240329727784643
14288,0.867112670048091,0.028480192095207746
14289,0.5680319808428704,-0.17344607455694158
14290,-0.7547401535258127,-0.4209744175755325
14291,-0.3873798536251516,-0.5105339674181444
14292,-0.4419950416309555,-0.15414509253425718
14293,0.82785319951506,-0.28319527238487796
14294,1.715003128903746,0.9958800921174272
14295,0.9495554820271248,0.9564843810670605
14296,-0.4690435733831472,0.2656118171241335
14297,0.6151802021040679,-0.45966937847196987
14298,0.1600330035681584,-0.2990027142535978
14299,0.024437052029882177,-0.3485651585599422
14300,-0.9851840710608635,-0.33736881932383583
14301,-0.0794735394766022,-0.26302390568331396
14302,-0.2290956412068531,-0.5682484737266393
14303,-0.45378480632295204,-0.3183926459126764
14304,0.11277580629318178,-0.4559290788760737
14305,-0.31371280896481996,-0.4723144254400172
14306,-0.499601375706871,-0.44591592253385376
14307,-0.15864710466750243,-0.18413393544018583
14308,-0.8693486093464061,-0.022057082273819605
14309,-0.32255317996600397,-0.19062917657310116
14310,0.1873136319560135,-0.18467209256695422
14311,-0.07973101220143498,-0.43647331599253036
14312,-0.4356214675067925,-0.10206019100193116
14313,-0.19002491154305565,-0.2909772826530342
14314,1.2851790066859814,0.15432186110978105
14315,0.3546377358934497,0.060712924076076175
14316,0.5881195653172705,-0.20329854521198562
14317,-0.4225449683466189,-0.2035688550095381
14318,-0.31461827326724556,-0.5332965693100647
14319,0.7141561995639729,-0.41204253422698794
14320,-0.2291206818885518,0.11597526876228452
14321,-0.48934045264016174,-0.45402923796993017
14322,-0.152689237112842,-0.4884894484020497
14323,0.8426336303327016,-0.2330831603577374
14324,-0.3594593461265727,-0.49542157312461915
14325,0.22093842580830392,-0.4433642759306904
14326,0.3804838385605495,-0.5193883598371973
14327,-0.12516453827369117,0.05237705733753918
14328,-0.7804239831481092,-0.4763816655106327
14329,-0.46859225610571187,-0.45451630938539517
14330,1.2920628971418704,-0.28346389826544316
14331,-0.8978512086285475,-0.01513037993558528
14332,0.5730381897185414,-0.4833659552706611
14333,1.0378968486273905,1.8763270275649762
14334,-0.5149328475279701,0.583223373545832
14335,0.5763668048537923,0.323571247811797
14336,1.5357009392794931,0.5501634449287857
14337,-0.37860491321875034,2.2803395337935575
14338,-0.48793205424197406,0.662796579591428
14339,1.0357159923852146,0.0479638642930642
14340,-1.007915762336377,0.5115566667545094
14341,0.07077492240111571,0.3223041999158835
14342,0.7945895180328086,0.03275969654586131
14343,-0.549607101317491,-0.31443474958009565
14344,-0.4372982592414469,0.3221444226356787
14345,0.0007913361127396717,-0.03577588544457241
14346,0.9148747481897245,-0.11944852690478307
14347,-0.5842883119687167,-0.4053084343456781
14348,1.0973439797373779,-0.043252797344282355
14349,0.2326774598622561,-0.1313358895099963
14350,0.23507090260303629,-0.3405036851734649
14351,0.585226730925073,-0.4101697173047552
14352,-0.15143182839833913,0.09756067777849098
14353,-0.664892656866692,-0.18558561720699934
14354,-1.4190840047698317,-0.12123937765193071
14355,-1.5880708446004823,0.5768839364116621
14356,1.124995274633515,0.07839441753757315
14357,0.2977205710756145,-0.37203703656866327
14358,-0.39395703480525024,-0.276757684653258
14359,-0.6142705844922853,0.30326557139032484
14360,0.956477414742063,9.380913371829633
14361,0.8697177170145051,1.400733693013574
14362,0.25117992446172016,0.04839501935884703
14363,-0.7969196437314299,0.0717126590063851
14364,-0.8789615792860499,-0.049385872236233676
14365,-0.5936355682952043,0.09825117961015578
14366,-0.8188117728931597,0.26109070523462263
14367,-1.75158809470302,0.7589155918829249
14368,0.4339631206601805,-0.2662379918593693
14369,1.9155720460242267,-0.027918411752877174
14370,-1.1454031938071279,-0.2068561778086739
14371,-0.06904730628432139,-0.4866856755607968
14372,0.045410778614252245,-0.4743146016838853
14373,-1.2151842072521857,-0.251741090539468
14374,0.3942067795762089,-0.2563072665556357
14375,1.1197404759213108,-0.07323718269090972
14376,-1.5240264864588033,-0.014476616255803033
14377,0.38246032300632565,-0.10690861520119921
14378,0.34764691697592676,-0.2969343992072677
14379,0.7507857095291375,-0.3498967388022908
14380,-0.1721130078643012,-0.4929929172775361
14381,0.5684211126400837,-0.3603114553284949
14382,0.2930736902454224,-0.40807555097805615
14383,-0.4234635097541105,-0.44085447142568607
14384,0.7178246686817333,-0.2192999408575405
14385,-0.666499671953426,-0.4838660089341523
14386,-0.16587873282676655,-0.42432024360523973
14387,1.3724308299121906,-0.10065656826243147
14388,0.14036046424163107,-0.33681407979797257
14389,0.09098157801082472,-0.40109067781522595
14390,0.36384820763703823,-0.4703712232778598
14391,0.7836931120455205,-0.14610056705906901
14392,0.28161419599743776,-0.29277716533791187
14393,1.2546111970588625,0.6136494911050246
14394,1.5146010374621854,2.449584361306508
14395,0.022983279405726083,1.2579843373288195
14396,-0.4122446668069403,0.9332164303264724
14397,-0.3252567985617885,-0.27306363012659146
14398,0.2009347971835031,-0.14240642520790214
14399,-0.11560333634938932,-0.3117959984191196
14400,0.8448470369453084,-0.4400842278188109
14401,0.13956997996200726,-0.4004024220535194
14402,0.278891656318761,-0.06562369570249954
14403,0.24629467143388828,-0.24743258245996425
14404,-0.7814988487261081,0.4935333896610218
14405,-0.2745029946958453,-0.1943257740956909
14406,0.487540741487431,0.06770279107672626
14407,0.5787789244416315,1.6685221820108547
14408,-0.8250014756927809,0.13286388105657082
14409,0.17572048999980835,-0.20223304661487987
14410,-0.3120751288266537,-0.23335098594165252
14411,-0.8489626568317868,-0.04485861870416491
14412,0.12866023383248557,-0.4304523217884997
14413,-0.5120517498244949,-0.41770498290533514
14414,-0.22294211425282476,-0.3331801577188027
14415,0.5196388077004682,-0.08514582391453711
14416,0.03816481026482203,-0.499262309978562
14417,0.42975808625530837,-0.29207604374262447
14418,0.2783268427838269,-0.5377369124646701
14419,-0.7532377267758101,-0.33792601980199666
14420,0.15458318648176897,-0.4892622847653687
14421,-0.19107774370628933,-0.48201243361759327
14422,0.6612628314585738,-0.3521003326640496
14423,-0.2151804449774142,-0.4996166867505861
14424,-0.2327576814228053,-0.4958057633230148
14425,1.0322682785962514,0.23905648055496953
14426,0.08646315843061268,0.1957490306115344
14427,-0.21779812434474566,-0.36743702058147376
14428,-0.19590092085502273,0.23534129596756548
14429,-0.291829220315311,1.4906715670603052
14430,-0.6349911761929891,1.822455122261387
14431,0.8652031157722634,1.013846138928154
14432,-1.3562246927351034,0.5099648488585006
14433,1.475376480271846,0.4826535745495361
14434,0.5752490175047731,-0.16830836036182037
14435,-0.6177937670971354,-0.15661982304808222
14436,-1.8672596170714613,1.5462674833939427
14437,-0.3055868503568505,0.013672013571947193
14438,0.12652257477780454,0.1360175707626782
14439,1.2501623454791224,-0.14563441089999782
14440,0.16010227938873287,0.30328065465362775
14441,-0.592826318690059,-0.24186660298400545
14442,-2.7760237183575036,1.3150350209894786
14443,2.2569576449494213,2.0139817686748045
14444,0.9492724886661276,-0.21980357505433976
14445,0.27441001468918924,-0.3200653535746036
14446,-0.01482608438597568,-0.050142501387335975
14447,-0.4524841830905212,-0.44636211512266594
14448,1.3731524424674566,-0.1602844925387388
14449,-0.26201576388012926,-0.30442051044548707
14450,-0.5698321049971096,-0.22217660186310617
14451,0.1383111027286475,-0.5382017656781667
14452,-0.23209478267108044,-0.3510477948073502
14453,-1.4481567037127492,0.08876851817471221
14454,-0.8280468757921392,0.39286370398228326
14455,0.7553339212437351,-0.07292928439248667
14456,0.13991634951995996,-0.455293704367381
14457,0.11726675655138849,-0.49030569098721843
14458,-0.18402217307678737,-0.5080440477980918
14459,1.0828609154467246,-0.17097694455138002
14460,-0.25437248009541363,-0.3582445203389045
14461,0.0706461998028313,-0.3410873559364149
14462,0.5420817512965909,-0.45237577124888545
14463,0.9717672560914399,-0.08127474728946943
14464,0.8979225873910817,-0.25905542120449404
14465,0.12585461235459014,-0.21281113291721762
14466,0.343375015782,0.06331171226363085
14467,-0.19453946796018737,-0.017160059064608095
14468,0.11193551665494597,-0.49304307765436195
14469,0.14286483640741296,-0.4243672642152765
14470,-0.07231624364011598,-0.3761282567014692
14471,0.0202304923591463,-0.1007363114205115
14472,1.061973626641101,0.0073597714856167675
14473,-1.6334765029950158,0.49107395133974024
14474,-0.08442806962834756,-0.41845773132194913
14475,-1.3896770777998435,0.13142296394853456
14476,-1.2861808898230735,1.126615273152547
14477,0.8812059585639093,0.04647090329589575
14478,-0.8211445186004623,-0.3321337729930272
14479,1.1302796871444776,0.180209934600661
14480,0.22069673985039054,0.31294175336937496
14481,-0.5087415602172566,0.05284758893789194
14482,-0.12604750715390137,-0.5087679332766385
14483,-0.3225029620494053,0.001474410899078237
14484,0.5420333529587866,-0.42587937649796
14485,0.39038972864620336,-0.16892050611262807
14486,-0.166299456168608,-0.4844536297596805
14487,-0.3756101174044387,-0.40859942260504556
14488,0.2584524931657559,-0.4333595116305021
14489,-0.19273677376870244,-0.4350593027918321
14490,-0.774841155940467,-0.19062169278462038
14491,-0.3020966591641113,-0.40310393943694933
14492,-0.6462269514325508,-0.07406910351038042
14493,0.08667795414296241,-0.12634245434174513
14494,0.2187335537743058,-0.3422317952151305
14495,-0.9200022360948964,-0.15686582781811084
14496,-0.7290766268633667,0.7627615818643801
14497,0.682133037007693,3.929876933308545
14498,-0.900837584034761,4.433488420460351
14499,-3.508332473925914,3.2082001578396615
14500,-1.0742942777745508,2.408388761290089
14501,-0.13498026171561786,1.0940334872820137
14502,-0.4089714733748766,1.092252448707167
14503,-0.3381318669197135,0.9742511085360865
14504,-0.18513745318773678,1.7429643664074514
14505,-0.22739171536959768,1.0273820045201922
14506,-1.5182332340447648,1.6683112782146292
14507,-0.3023212641048847,1.740815232463617
14508,1.145012051372386,0.489156248455551
14509,-0.288324815488195,-0.214330949911342
14510,0.6772191997702917,0.14718119372899327
14511,0.592258219751261,-0.15887455552777616
14512,0.37178647046328267,-0.27257461421475376
14513,-0.3654823131750361,-0.27598117256371535
14514,-0.04341620314898077,-0.38200394231248475
14515,0.7919245670066273,-0.22677713036767166
14516,-0.5993361339737379,-0.39900615881776663
14517,-0.6336092470588992,-0.11004166459622686
14518,0.6309688867794115,-0.3909313766029411
14519,0.9938943392411852,-0.11591059429258939
14520,0.11233151500366023,-0.27013872985117215
14521,1.1341101731878465,7.800606930479728
14522,1.1375699990211623,0.39000470204940496
14523,-0.4016109985568593,-0.15397320326962158
14524,-0.5759983971663366,-0.09902256390515249
14525,-2.020531809317301,2.5894030302963125
14526,-1.344827895664442,3.243324699504753
14527,-0.7296289216770894,5.208061849785135
14528,0.48845194782402834,2.42406346018915
14529,-0.12828770193473887,0.8843303139411571
14530,-1.21614054356517,0.37969648003395534
14531,0.5770888232796147,0.39202839462297806
14532,0.21099428972377257,0.6218904246130634
14533,0.18651873617805062,-0.16533876451531102
14534,-0.9204334089208528,1.0273375067696857
14535,0.42001040385673577,2.3660525323977244
14536,-0.4483763106527272,-0.1780603662279322
14537,0.4866703744124438,0.0856308114371795
14538,-0.24352786177352817,-0.19159069796643072
14539,-2.460120272959894,0.6320008203091483
14540,0.46393729926507293,0.07841084453036692
14541,0.4886846425750804,-0.41450597511339116
14542,-0.41385499766950096,-0.007290714576733657
14543,-0.2024429646829447,-0.23220495609788372
14544,-0.9694351534413458,0.2186391471416606
14545,0.04806751067335867,-0.2643501301037257
14546,0.059673073804522934,-0.4760539584106028
14547,1.4073963516971195,-0.15844244028734886
14548,1.6281585090812305,0.11512791154470993
14549,-0.15378601386756036,-0.3415706615667311
14550,-1.0096217153577527,0.05469631484241831
14551,-1.1870278572368234,0.2652568437010628
14552,0.31870697183093455,-0.18784201906251824
14553,-0.9813206120388801,1.163309965139514
14554,-0.3729669111000517,0.1718517603504962
14555,0.4980726442109918,0.6293829051669162
14556,0.3755991419940928,-0.4418887976686414
14557,1.7574666602368931,0.16791998469028702
14558,-0.18831963694872061,-0.430948288039816
14559,-1.1482266154968879,-0.25657627169806396
14560,0.6873437883005988,-0.4711154700868809
14561,-0.3462009274854336,-0.45951246080304864
14562,0.4362185339513308,-0.5795378423050089
14563,0.30521803446965406,-0.3891621380593578
14564,0.2622320057283672,-0.44966205127762415
14565,1.404969774723877,-0.07827088835694274
14566,-0.5433108944733269,-0.23414861222673244
14567,-0.2824519642126029,-0.20791905013550752
14568,0.15168888123629082,-0.30700964251479446
14569,-0.6924566636040559,-0.1440569211499376
14570,0.7610273773804586,-0.12035282682251394
14571,0.11804550388095311,-0.5740647187197677
14572,-1.1251394629699738,-0.3576572848970812
14573,-0.14358968789709792,-0.5548100384688751
14574,-2.76812994459314,1.210474285948131
14575,1.8696710812800155,0.9006950484020991
14576,0.13300017438084527,-0.3071189176807463
14577,0.6183202944081487,-0.1877533083432535
14578,-0.4978357184601316,-0.2606552586328349
14579,1.2868953044316362,0.12388740508824224
14580,1.2958543686309247,0.9100495874256178
14581,-0.03597082973556279,0.2965654290748879
14582,0.22548038971311044,0.501181488802559
14583,0.09225844129968072,-0.3734696171193458
14584,0.5027432168405008,-0.2778723925708939
14585,-0.9526908108807982,0.3736377387350833
14586,-0.325628851215639,-0.276473987213435
14587,-0.08576162965464713,-0.3798795352444716
14588,0.21510107105365972,-0.6096459623553339
14589,0.8889516666135273,-0.2678563208416146
14590,-0.4309300932273998,-0.37265086722012863
14591,-0.10871713458017396,-0.5446946789684791
14592,0.02572703469296788,-0.5238116939341948
14593,0.5049145134655794,-0.3934736848799832
14594,-0.4052227053517531,-0.43768747980701733
14595,-0.014729313504624239,-0.3352459413071029
14596,-0.18802372364073613,-0.5149329179128523
14597,0.8344613207821179,-0.39092225194179425
14598,0.011808674240141466,-0.4062588739093209
14599,0.10458218236821086,-0.4399658536146684
14600,-0.005791296129892069,-0.505705912047642
14601,-0.37051529689962776,-0.4650465289354528
14602,-0.47795638453795347,-0.4958382688702492
14603,-0.4228977833766073,-0.5336608769264275
14604,0.21715716064451224,-0.4745274939400124
14605,-0.39917868827523706,-0.32270662235868885
14606,0.23025210676774974,-0.4493705391206227
14607,0.2773093846786821,-0.41891431639479804
14608,0.2941687821137093,-0.29788706722092184
14609,-0.8323690629109023,-0.3557097903535555
14610,0.056263111369088875,-0.5199201042194481
14611,0.33802206849335287,-0.42859641961714934
14612,-0.2658259068290238,-0.6081927321624013
14613,-0.1306716886056486,-0.5363729737199111
14614,0.5532311244317868,-0.3902426787978807
14615,-0.589886622376579,-0.4886936436862291
14616,-0.6704553804403368,-0.43322618969963117
14617,-1.0438009839685995,0.22088047960902238
14618,0.8026944201050468,-0.2420185993430232
14619,-1.7289692595133224,0.8414556515776546
14620,0.8527555565675919,-0.029172361148155607
14621,-0.1083941008123581,-0.38906370744922925
14622,0.6764114354376265,-0.3121136341935863
14623,-0.6899738867943082,-0.4931063607191306
14624,0.32847286129230685,-0.47322562528277534
14625,0.365798598795569,-0.3854318401284865
14626,0.47541502376756734,-0.34249374362954577
14627,-0.098539650638142,-0.41819701462131215
14628,0.7708076396487492,-0.20200022229065395
14629,0.6298408903105672,-0.3650871946109082
14630,-0.28533594717907823,-0.4143757956408329
14631,-1.0314467089262738,-0.34217041427153977
14632,0.19125047569152892,-0.4626860006522322
14633,0.36239294291993385,-0.5284849893280072
14634,-0.30224121808631865,-0.32916224996274807
14635,0.6271692896872384,-0.5276921899801009
14636,-0.3739166829837864,-0.3824168667632046
14637,-0.6408346192109965,-0.3311837466932883
14638,0.30010024948723346,-0.6076596928596525
14639,-0.1414260127641311,-0.4216637263252517
14640,-0.23550141640684483,-0.5105762827611564
14641,-0.06574109680594341,-0.5769084629650988
14642,0.16396666258358106,-0.5892400181057197
14643,-0.0946530781602486,-0.6319765798563063
14644,0.3526574135419187,-0.48208134564020505
14645,0.2510345774739236,-0.5068128663552335
14646,-0.11599933866818936,-0.5494592440621698
14647,-0.5708950333865677,-0.5592236365929703
14648,0.28924600188300226,-0.5043731430982185
14649,-0.5146520581413453,-0.4239056171439835
14650,0.46431542762353567,-0.5371990194535462
14651,0.3534679753137969,-0.5057723594255082
14652,-0.3995087637129454,-0.564339072615986
14653,-0.07916190715750442,-0.5901987217908328
14654,0.2202164285867562,-0.5440857324715535
14655,-0.5663140308590081,-0.5355910075163797
14656,0.5502572108347751,-0.4738261119093679
14657,0.18484496620563093,-0.5270753605561581
14658,-0.011243116047059923,-0.5897570512291774
14659,0.4116579498234048,-0.5819253530229944
14660,0.31867047610311744,-0.470797133181128
14661,0.03148863386718114,-0.44981190124732423
14662,0.04936741679479649,-0.47126820501101946
14663,0.2562184963137051,-0.32978595644846415
14664,0.1661801787307032,-0.46593577871286634
14665,1.1314491832525402,0.03822637598931394
14666,1.0794086045300273,0.5535263635766722
14667,-1.1162906436215374,0.13831483978104103
14668,0.6616870968556964,-0.4514204314158098
14669,0.3030469589233166,-0.017979653507668267
14670,0.3278248424495866,-0.43313776321737596
14671,-0.18330478046606064,-0.541292586822952
14672,-0.06563499109514968,-0.43496845130416195
14673,-0.39693616186728,-0.4886185558680596
14674,0.07607656537964448,-0.5479152740652737
14675,-0.04853282877548068,-0.5028324742209371
14676,-0.09437077089999724,-0.4983734345737091
14677,0.4453377031164791,-0.4923490756003699
14678,-0.09516628252323331,-0.3507501245322095
14679,-0.651084267191422,-0.38704404389328195
14680,-0.9463952249642628,-0.26079939513690165
14681,-0.14077299435404536,-0.32018135340251086
14682,0.21404926790088832,-0.28306728209546167
14683,-0.5245128704997886,0.017059922479236145
14684,-0.5446226508261932,-0.3034701122948367
14685,0.6659465919509697,-0.493293015287387
14686,0.08242026624046367,-0.5174523919067872
14687,-0.088810507449617,-0.5423407894191784
14688,-0.8250497904175095,-0.05272267029412835
14689,0.081086838967637,-0.382801762307031
14690,-0.2533416572042949,-0.4526735664550679
14691,0.5903186584741199,-0.34239804135196544
14692,-0.12421592577961525,-0.3993802348545859
14693,0.14868481707652523,-0.5333818103398852
14694,-0.23214917775549118,-0.6030827310664301
14695,0.6380257630839065,-0.36671447864473566
14696,0.21253786411476142,-0.41930096229956554
14697,0.51371498603689,-0.5108170113361791
14698,0.14551071397666607,-0.24012249037367417
14699,-0.16961459121464798,-0.3563261358485127
14700,-0.4138148879360398,-0.5021196328216668
14701,-0.10432512988591001,-0.4748804597428947
14702,-0.9802751118865572,-0.25286838220770064
14703,-0.4491381390832051,-0.10608167595822143
14704,-0.229254308145284,-0.31078735081734793
14705,-0.44023088760065554,-0.39828169930177876
14706,0.6052181946634853,0.038693133244816706
14707,0.08950233169260301,-0.5180301701113071
14708,0.3055623024461998,-0.35600648045175953
14709,-0.46728653662469966,-0.48381725890522315
14710,0.5247050669963031,-0.5561384450661995
14711,-0.477659610305583,-0.3710244725067472
14712,-0.1069270393579501,-0.5035990451704526
14713,-0.02863782667308594,-0.5124969833852425
14714,0.5090533519885149,-0.3359366944738339
14715,-0.4505934654446878,-0.4160508768077355
14716,0.2958712604740447,-0.3578823601751522
14717,-0.21514185839870084,-0.11713692096963434
14718,0.06935590790604869,-0.40545384132026036
14719,-0.5892922956937187,-0.2607916684831532
14720,0.4950971182301952,-0.4685550894971791
14721,0.36704693840854347,-0.564716784098807
14722,-0.23706326622118998,-0.4643303136995554
14723,0.3613098129839825,-0.3681362147308658
14724,0.11975360149180812,-0.3303857231188976
14725,0.6093110840340998,-0.42172876639623785
14726,0.2982783112130289,-0.44194984547927624
14727,-0.24546071286415408,-0.2887633270564248
14728,-0.328554965042967,-0.4833710543162187
14729,0.6197709039976335,-0.28509196975629336
14730,0.009105373109499415,-0.45487859889287074
14731,-0.06201612026257255,-0.5301491938572422
14732,-0.026844144085513354,-0.5177164626837193
14733,0.23992105518352821,-0.4873468831233529
14734,-0.23234373128714764,-0.5762511211859876
14735,0.08437858698905137,-0.49653293315267855
14736,0.21989959855341343,-0.4493852903974569
14737,0.36296692748848625,-0.5629955582067998
14738,0.3675732811157431,-0.4912690850252473
14739,-0.5938740143056221,-0.4105496322267847
14740,-0.30400340469077736,-0.5099097077861553
14741,0.37755022024359497,-0.6006881420205055
14742,-0.69312340211467,-0.33917669887150464
14743,0.5859947642356423,-0.476241282736154
14744,-0.011419502078753379,-0.6324566419801615
14745,-0.22868151330101216,-0.6043052395779638
14746,0.40895643263381587,-0.613056951018555
14747,-0.05378497070808871,-0.503474042605519
14748,0.10954378445356658,-0.5768055305948738
14749,0.4057909219282314,-0.45371362081554484
14750,-0.2986267402400743,-0.4891247420607837
14751,-0.27274554852914945,-0.4406097023920227
14752,0.28807612088789397,-0.5944560188082372
14753,-1.9983859920711686,-0.18560133727611672
14754,0.21279366842649602,-0.471726923283672
14755,-0.8042222041291891,-0.33598201721381943
14756,-1.1650752451136035,0.3922540063552883
14757,-0.9366001347764856,1.1941402132836514
14758,0.11302253732413298,0.008748935364998746
14759,-1.1425532746123794,1.1494854404729309
14760,-0.686715516927209,1.773983456820689
14761,1.135672848241054,0.5069391331277588
14762,0.06322890512580231,-0.3365142409727522
14763,0.12003752107570191,-0.08468638591753717
14764,0.80810763274658,-0.08505120839836953
14765,0.3257089835301728,-0.214849532930294
14766,-0.8505683067800438,-0.29031922027123225
14767,-1.0711064060737878,0.36414954214017814
14768,-1.1074375632679743,0.9468999940276719
14769,-0.6526933872668029,0.34806113538136846
14770,-0.2693750373114749,0.7403680653169674
14771,-0.5378117988972563,0.47573677334806164
14772,0.2129266155720942,-0.09012254410661301
14773,0.2467516331676012,-0.19205879199401485
14774,0.3205403701047085,-0.2905091624267301
14775,-0.060418501833049025,-0.401361691700185
14776,-1.0134862343533435,0.06666822402574406
14777,-0.9296913579207455,0.4644246274720932
14778,0.4064498903242538,0.07743277236602526
14779,-0.3560365433946802,0.46222365950754474
14780,1.1891918649660185,0.24662711550975644
14781,1.0414631472491354,-0.06856067232520804
14782,-0.31891442894735755,-0.4614827059576686
14783,-0.42796094063112555,0.49028132357845233
14784,0.4921902678193854,0.2630997789490983
14785,1.0220181367445793,-0.14710755539918052
14786,-0.27897294910393083,-0.4398437981710926
14787,-0.5495677028985988,0.023595651355676466
14788,3.4717308756022565,1.5578834702255606
14789,1.3631798911184312,2.2693218074245283
14790,3.5424389788247477,4.2829757305789204
14791,0.019767244765377258,3.8901287907082454
14792,-0.5159469659452454,1.014128064212544
14793,1.0162102140299731,0.9904372251382585
14794,0.36849204278847986,0.04803812317378611
14795,0.5742843104528969,0.0849654877656211
14796,-0.7469587418438675,-0.1787507212058524
14797,0.2275729822624157,0.19749420225282918
14798,-1.2475277582961835,0.23358382485342102
14799,-0.43744351315767,0.6087889985517259
14800,-1.3716933857397875,0.1786687380371639
14801,-1.6350041110123004,1.7479672159043376
14802,0.6477386924924082,0.3389859430992382
14803,0.08547897992408973,-0.42579162929254105
14804,-0.023675482332787646,-0.40050847505184206
14805,-1.228481321346675,-0.1397929483861795
14806,0.6673942247844868,-0.10488009433180248
14807,0.5730195343303843,-0.23169694823186443
14808,0.20881717916582085,-0.4832033246408455
14809,-0.24890355471069145,-0.018956304689957418
14810,0.37322304438582876,-0.36719041678833403
14811,0.1284357298901475,0.21615908008433635
14812,0.9229849795184722,0.0016214563078341925
14813,-1.5363450899255433,0.06558211644882221
14814,-0.51967977065381,0.6227159448056397
14815,0.9226381793071465,-0.022732549279428558
14816,-0.7009634574344715,-0.14548597371843602
14817,-0.39027870858373415,0.17045828494157284
14818,0.3649340216001933,-0.2717551582574945
14819,-0.2894098184808428,-0.27350753109536685
14820,-1.1316397780466587,0.032929004555354455
14821,-0.31530651994320663,-0.20624811694584994
14822,-0.13362680326782572,-0.23161504943001576
14823,0.20247027791868072,-0.06798305922116929
14824,-0.24033657157661392,-0.3027221092088933
14825,-0.21558381459924672,-0.3219917893724245
14826,-0.4214356619967636,-0.1872690236602903
14827,-0.7380833301751552,0.6589287280901457
14828,-0.26100563569868374,0.19757737212067156
14829,0.34879662695292807,-0.10705756001641391
14830,0.21676798950835863,0.013908466935643668
14831,0.7150944442814026,-0.20063197654638598
14832,0.23427050167759064,-0.2945910719258038
14833,0.09646896270093826,-0.4858512829454468
14834,0.30338015826890724,-0.3850565634509941
14835,0.16538239798447765,-0.3887919260443221
14836,-0.4076766754651029,-0.5000959298079926
14837,0.6730283348511338,-0.45659257851638513
14838,0.07622195792589058,-0.5592400522837141
14839,-0.5372457533627384,-0.3439702009330962
14840,-0.30432896019635997,-0.5331870438145464
14841,-4.126455141264533,2.489710188507957
14842,2.2681054669929153,4.243912922887895
14843,-1.5231046875963377,0.33857878391162743
14844,-1.0177608488141685,0.39358856050266694
14845,-1.994225321763184,1.8697029629841482
14846,1.1226051299566637,-0.10227267230870406
14847,0.2958252437336774,-0.06041164350818206
14848,0.33295006962132007,0.38197387733326327
14849,-0.32635966412284007,-0.014044323100422605
14850,1.6490133358222316,0.12328714291400199
14851,1.0281846988767662,-0.020274859220464053
14852,0.03449601195018588,-0.4307560477942739
14853,1.1952003731362941,0.07147998776390108
14854,0.5450883883903564,0.6748414364730994
14855,-0.3835367328886464,-0.374209471356657
14856,-0.09216751965786713,-0.14340324083836703
14857,-0.5441139189000445,-0.24494891446012304
14858,0.5737492637498001,-0.4440999374161375
14859,0.6141317089148081,-0.31004438745707447
14860,0.07677937990009863,-0.35130620395921724
14861,1.1605293135407626,0.48552104699717924
14862,-0.7914120974276857,0.046605015400415555
14863,0.16264323438503372,-0.5625739410430691
14864,0.46889704653712005,-0.2940177725650183
14865,0.5512679354424125,-0.037116176365961616
14866,2.176229019095437,0.7618387637514288
14867,0.45635543850208293,1.2851439694847844
14868,-0.6298090344957352,0.5405253104878823
14869,-0.007525957122604491,0.3279992673307635
14870,0.016126087615246937,-0.5713132656639246
14871,-0.16046550687513664,-0.21563397463733916
14872,0.3763417994016416,-0.2569272269088676
14873,0.07912117359614766,-0.2931370824506225
14874,0.27207192702455324,-0.2066630819935545
14875,-0.3936716811576837,-0.48307338363017427
14876,-0.0746321906387971,-0.5882298850988852
14877,0.034720340460233534,-0.49641176965426437
14878,0.3215662563962766,-0.38891956296302277
14879,0.37546291913608243,0.004807369279317064
14880,-0.06937848868631163,-0.4260437562431057
14881,0.09626746130788623,-0.02571109774624274
14882,0.007995668745817119,-0.35552709142511274
14883,-0.8022028800658573,0.09939140624582024
14884,0.1490402485579782,-0.454153100353825
14885,-0.17300911878935504,-0.11140618612535787
14886,-0.24534900221626232,0.18111763664278469
14887,-0.35342606046228575,-0.16322130686203257
14888,1.087704272252265,0.1465500700342415
14889,0.3043834577713335,-0.28937488694131625
14890,-0.5475957057932097,0.1883452959946305
14891,0.7352434385341501,-0.45115082360744535
14892,-0.5627159459802528,-0.20086206232993847
14893,0.15567314310763777,-0.4625523634597381
14894,0.07849322224572998,-0.6117450512562247
14895,-0.17733043678565255,-0.3588668656752208
14896,-0.6043172256028042,-0.324896273777883
14897,0.0865375347606335,-0.3317606379408654
14898,0.12361746474676533,-0.4328379367394723
14899,-1.0749483966304032,-0.34221562807226086
14900,-0.3506144476355089,-0.05462766123042635
14901,0.3095652687119781,-0.3513755352501282
14902,-0.8538624773779955,0.08063014444376217
14903,-1.4814094257757109,0.801412049025371
14904,0.38261497572938097,0.047705653940927226
14905,-2.6877259953213044,0.9030668159667996
14906,-0.98671682681762,2.277413933868189
14907,1.3853823106167837,0.627212765386153
14908,0.6647190931515161,0.3630755041416296
14909,4.1913723604573185,4.922571061703275
14910,2.110947985535005,3.0130148932167153
14911,-0.9186164790056258,2.688664729888006
14912,1.4515071799194574,0.683152510929335
14913,-0.2778521153469408,0.7833255705157567
14914,-0.3274598251310675,0.5664537506814011
14915,-0.34020584519120767,0.5834873685356677
14916,-0.5252744657409748,0.3153098314671703
14917,-1.4620021042574638,0.3805986197046161
14918,-0.9581453812351027,0.5495475427018649
14919,1.0379663979248102,-0.036862729087538536
14920,-1.7772846095756742,0.06543558413069966
14921,0.887342529524178,0.21067706376079848
14922,0.4201439720218313,-0.3769041954801032
14923,0.14974521193364024,-0.36725873229075506
14924,0.9453726505424445,-0.42368394932941134
14925,-0.2296520349450946,0.41020305078912
14926,0.20110509031210994,-0.4836405522729352
14927,-1.0656232002604822,-0.30968371956313534
14928,-0.37764022723017693,-0.45255362951167755
14929,-0.13667093193639665,-0.4717218880100841
14930,0.8881266205533193,0.018823001466954092
14931,-0.5642498703241463,-0.026349169352233016
14932,-0.23781089574293116,-0.26838697235296505
14933,0.4120620035831419,-0.48464350657733213
14934,0.5199261311340252,-0.3215076157572598
14935,1.1130428929017369,0.007129446574266208
14936,0.7470537995021074,0.38113434008404207
14937,0.3201462673369596,0.0863160038394142
14938,-0.18785546281727347,-0.20571077318300288
14939,0.6303643019922215,-0.24104435068102414
14940,-0.7288182795177947,-0.36333297598393405
14941,0.46008749818411754,-0.42588288345342795
14942,-0.4082455876035276,-0.4056403168551532
14943,-0.15747264780389658,0.110210730455059
14944,-0.3085325351708914,-0.33009721736861064
14945,0.5743162799016434,-0.18988656103550283
14946,0.3630538341059824,-0.37315566845977993
14947,0.03551938490842028,-0.36652362878179334
14948,-0.5175973185149896,-0.310521095059412
14949,0.03896164015760331,-0.4103304928481959
14950,0.4494068572063269,-0.5077926656787217
14951,0.5377918613584133,-0.04707530656606517
14952,0.36434791289539165,-0.2728509846581592
14953,-0.847884131921682,-0.3107668703388286
14954,-0.41164731941864985,-0.45406928050511647
14955,-0.8103656427198298,-0.1090688252324412
14956,-0.5385403312098728,-0.3285083817672589
14957,0.0014100351449033068,-0.5256399411534705
14958,1.6896852804379803,0.49990936960318766
14959,-0.361168239352207,-0.2579610684592799
14960,0.928060721243958,-0.34299753169931435
14961,-0.2980608097368964,-0.3987289567848479
14962,0.20477257054212797,-0.4360162532626432
14963,-0.8536672894363646,-0.2857837813198712
14964,-0.20922058642454525,-0.5570827720686584
14965,-0.3934675057104758,-0.2475959771242427
14966,0.2847839242004472,-0.5190106801152954
14967,-0.5136588886221763,-0.36283946187274657
14968,0.26878247962480944,-0.4964775149819611
14969,0.17873398297942536,-0.5316132928107872
14970,0.37215791030522694,-0.5759076136106611
14971,-0.3880453990283416,-0.49265466830162374
14972,-0.5284423944213918,-0.4061130995829392
14973,0.013975468257337692,-0.4410922910167455
14974,-0.12413130843072014,-0.4092661054420714
14975,0.07864504501047176,-0.18311421447395634
14976,0.4979819261751739,-0.45782616299058265
14977,-0.10717109033593274,-0.3683310353824816
14978,-0.21475511157804106,-0.5980966705448689
14979,0.012490025395799922,-0.2645595598958352
14980,-0.09144355561070137,-0.2891077495733281
14981,0.7374647128532357,-0.4044870081555563
14982,0.30595685853039056,-0.2976453325924464
14983,0.6310297615029644,0.07305431635844013
14984,-0.34692381775250913,-0.23907389701300444
14985,-0.2578595368776796,-0.18817641610792527
14986,-0.1884373198218348,-0.49406469878264303
14987,-0.7475579761924879,-0.3650550563943861
14988,0.8633063187242416,-0.46840439718433163
14989,0.34180526799406274,-0.47127899239684135
14990,0.49376972946929787,-0.4370490698436721
14991,-0.0003578612949419282,-0.3654325326533849
14992,0.7093216167274384,-0.20409606726745974
14993,-0.24170808351495418,-0.3663288090085647
14994,-0.2762639280761477,-0.31138245121666247
14995,0.8680179656994991,-0.3580311205040119
14996,-0.3237758644489128,-0.35515831938624914
14997,0.11508492034494376,-0.4222897927019366
14998,-0.5408143170090697,-0.4414871816858457
14999,0.12460197130072041,-0.5208116777003541
15000,-0.007763726164041284,-0.4976960276772597
15001,-0.9431271445377061,0.4007767646033259
15002,-0.22403561079139409,-0.394246893583389
15003,1.027421219113241,-0.3234459742527251
15004,-0.06141887617407422,-0.4264880990993992
15005,1.485521753819423,0.6166315175485976
15006,-0.7906329085565891,1.3420573480296432
15007,-0.5263660019419646,0.7948037105871242
15008,0.8837690895982392,0.2476260313045456
15009,2.7264453702172142,2.3648433527560377
15010,-0.7247340970458586,0.45624242020000144
15011,-0.4571819629843338,0.7209057927820441
15012,-0.6794743753434651,-0.4415650556935367
15013,1.226249120071294,0.01318735861941388
15014,-0.26974010646790825,-0.39410270839950856
15015,-0.027228128194601443,-0.16019203801263618
15016,-0.7768658275836459,-0.2869948824710448
15017,-0.8467663751876177,-0.23709763137424686
15018,0.3895850942070846,-0.5098798585066426
15019,1.8796656928211704,-0.36197978969056827
15020,0.12067937179258305,-0.45223251840100853
15021,-0.46652430586624705,-0.2911112947275362
15022,0.1015664865205479,-0.42659107986014994
15023,0.30860134482970786,-0.5101521670673238
15024,-0.6565284065567532,-0.49483630498108827
15025,-0.6955229207465708,-0.15572028928067616
15026,0.39141778471784144,-0.45760431631019366
15027,-0.36593875379455426,-0.5538972294962328
15028,0.2629502924364869,-0.38535739288970805
15029,-0.05850244432600006,-0.5144133483035852
15030,1.037892884082742,-0.12827720418430336
15031,-0.24691092016624225,-0.23913922084611583
15032,-0.43619533275123595,-0.45094602720290733
15033,0.22248122085958671,-0.5240826642524964
15034,0.08594526559880965,-0.5096030482334969
15035,-0.09684362695929348,-0.5396870809699172
15036,-0.034102213699175175,-0.4324835454946838
15037,-0.8499092695800002,-0.4619204010318156
15038,0.3415050738540877,-0.5048688121999622
15039,0.4018056250549981,-0.36390231245243915
15040,-0.42933724613302415,-0.3949613909660695
15041,-0.10940849107482599,-0.6360164880542841
15042,0.16864712698282838,-0.6165312107635446
15043,-0.4945247493687353,-0.48614398892979244
15044,0.4091189249198544,-0.6246597429063104
15045,-0.6224024815556866,-0.4423205141689031
15046,0.2856243787107785,-0.3548489270119163
15047,0.20902752381193843,-0.3977556127209186
15048,0.5614064126838323,-0.1607437327518257
15049,-0.09964603460515647,-0.5881408956771947
15050,0.18189417253611873,-0.6233931081791253
15051,-1.3605652823610517,0.12023688949382329
15052,0.16696884988416819,-0.3894370292177263
15053,0.1981182890686616,-0.32780843659683845
15054,0.16530752759568207,-0.5692731753558
15055,-0.5339125795918649,-0.4789614721550941
15056,-1.4916080460218033,-0.18093013189169388
15057,0.2012668748901009,-0.29123071412782847
15058,-0.331623356557225,-0.19631143452034988
15059,-0.07749570632436496,-0.31389049831644456
15060,-0.46669836794972863,-0.24889067524726408
15061,-0.49067316187439647,-0.3591805961004014
15062,-0.22719180352666885,-0.438733173869697
15063,0.19461130834893572,-0.3244866897308278
15064,-0.32947281486206703,-0.4575741032009658
15065,0.08655603178158319,-0.29068365757476633
15066,-0.7187327129474993,-0.28542019526870926
15067,-0.7917590940719301,0.11458048345716801
15068,-0.236640683086762,0.2593549850992653
15069,-0.5850672429862089,0.006638574501897082
15070,0.4804771423946591,-0.3089397460880056
15071,0.09325606396639678,-0.27396142233698334
15072,-0.35869458695470735,-0.3073267065798309
15073,-0.35703739418876035,-0.15463761621875702
15074,-0.28775740131656985,-0.4217969744320663
15075,0.8269310372776246,-0.093759193194731
15076,-0.48297207756168975,-0.3702381358482989
15077,-0.1267714023630798,-0.5425989234651348
15078,0.25937075592558023,-0.4971808072576623
15079,0.8027689482766791,-0.3140563152435177
15080,0.5278484502741455,-0.13702813249697327
15081,-0.3234326065566281,-0.5409164417369333
15082,-0.5295294212810763,-0.47187732391222087
15083,0.6722725110450023,-0.3951843471080393
15084,-0.31455781622901685,-0.44626059540807633
15085,-0.08800986658167007,-0.4773683350476744
15086,0.25717273691182463,-0.4954597594371
15087,0.6795578182509854,-0.3047345023921068
15088,-0.432664840621612,-0.2517086959793657
15089,0.24470978309916883,-0.5649796673580986
15090,-0.8915190652785943,-0.35631069172400753
15091,1.0748167451641455,-0.022900284670845233
15092,-0.4402830418663036,-0.3416835441140844
15093,0.113403226122934,-0.4713064323383298
15094,-0.5941123172889428,-0.21160858131789406
15095,0.7353582903268103,-0.4168725761541017
15096,-0.23118035619147637,-0.3879032529198872
15097,-0.9593310175995549,0.20688850475966272
15098,1.2013863838595495,-0.38243194946223424
15099,-0.47691980077095797,-0.4150286416900986
15100,0.0845899872879026,-0.43757943286625706
15101,-0.5530369914818821,0.15978480045406068
15102,-0.3796192761830751,-0.40692865217584684
15103,-2.3320222311196943,2.589864112401442
15104,0.8212744894639155,0.19753395341903585
15105,0.3606559509913987,-0.1696248740397992
15106,-0.7593674716503699,-0.18740901760442327
15107,-1.6325580085478877,0.6830121098947328
15108,0.14918907822340177,0.25079935133338427
15109,-0.12874379261719524,-0.1613814473882201
15110,0.08497120136323526,-0.48942874797767005
15111,0.6127888537092496,0.010542951566477967
15112,-0.5172803028646288,-0.08941061914932243
15113,0.26042872277059825,-0.39607521739529294
15114,-0.022171750659945522,-0.46998255663638083
15115,0.5911046123107679,-0.3549885205481998
15116,0.5477089075956354,-0.4267939922469257
15117,-0.9613179302056049,-0.3171238396746898
15118,0.28512116897370754,-0.488219118479126
15119,0.7348477889399166,-0.3205149741805035
15120,-1.0404975578155033,-0.09484042828931782
15121,0.31738878662439074,0.11780904004987955
15122,-0.4336181548403763,-0.376751772240257
15123,0.6298189454630796,-0.44073161164174113
15124,-0.2951771939989119,-0.427429565336104
15125,-0.5285850761114601,-0.36912120912049357
15126,-0.19245835628422123,-0.5408686113526087
15127,1.3998460624632394,-0.09922372622580312
15128,0.6692029958328154,-0.3943696244516314
15129,-0.300219855893771,-0.5237192121945624
15130,0.211849250312857,-0.5099256121264982
15131,-0.07954777709781685,-0.5263972916314928
15132,0.24325025589897692,-0.4563732410054641
15133,0.4555664597135195,-0.5776441851786703
15134,0.08907399522555008,-0.4252817648610257
15135,0.05966236074776937,-0.5090138526240484
15136,0.5834194545550504,-0.4240864317410836
15137,-0.5061250071882271,-0.5157911355293752
15138,1.6172950907222696,0.06621865514900024
15139,-0.382237663069133,-0.3094376847109833
15140,-0.7525047424084491,-0.3457818306777536
15141,-1.0696292022106677,-0.40940788189075566
15142,-0.49409068457610356,-0.2652062573149537
15143,0.19829392348671895,-0.24335154995706498
15144,0.1519861556494402,-0.46537506072747775
15145,-0.13219637492991052,-0.5742307400399239
15146,-1.0360446694511178,-0.39739334215835864
15147,0.38759387505907694,-0.5021374001277351
15148,0.9350293404973739,-0.3420931383605484
15149,1.0385658400442404,-0.29425240968076444
15150,-0.0032626706247223217,-0.48442116166369975
15151,0.35494626784332506,-0.3756905051483476
15152,0.2008465465635463,-0.2603909517887819
15153,-0.08510163318432173,-0.44770033430749173
15154,0.1108935438556437,-0.3844255100966188
15155,-0.9029596286677349,-0.4409115491605188
15156,-0.3591965268078568,-0.44426005468712
15157,0.3268603642514756,-0.5403571804018592
15158,0.6120197350617922,-0.43824884102517436
15159,-0.4691639893921599,-0.46856018423887585
15160,0.22217050301217717,-0.5818108451132824
15161,0.5001550208938208,-0.4318449340663739
15162,0.19378738003721266,-0.34400117042043815
15163,0.27455594484622786,-0.4074693838684329
15164,-0.13424310620353153,-0.5707422286569338
15165,0.27503757343030527,-0.5438229719770258
15166,-0.17651749460815247,-0.5769871280306872
15167,-0.07403302955860909,-0.5829470690816125
15168,-0.37530069302061325,-0.29266788040224956
15169,0.5565018359985493,-0.45369711988515804
15170,0.675745594293333,-0.31788959828450264
15171,1.2318346708500196,0.38525766039174064
15172,1.2457864937128877,0.5323554876911434
15173,0.47508379198136513,0.6602018034809203
15174,0.5728392885596719,0.9510573129452043
15175,-0.8918172317784137,0.33169833212096916
15176,-0.27968939889581645,-0.34525427130342956
15177,-0.008726998067138978,-0.5714593021826798
15178,-0.21185836776050157,-0.3285731662202611
15179,-0.27853135769495807,-0.2193518468539933
15180,-1.3020107869417472,-0.22448668375399256
15181,0.5440330697089397,-0.3464805506420978
15182,0.15809363771588214,-0.4499857256280586
15183,-0.13296009884496585,-0.0332810110063249
15184,0.15742375666128103,-0.5927869135847179
15185,0.15711939117923363,-0.5885519393184339
15186,-0.2879449026706425,-0.5402037445456706
15187,-0.01858727227129874,-0.4013352593175669
15188,0.6223191787698726,-0.43774769562063504
15189,0.10103536810753051,-0.5002968702796794
15190,-0.12309222933834092,-0.5292437794199844
15191,0.053368258269533654,-0.5574776313111749
15192,1.2839675174040242,0.16025391108859016
15193,0.036290002373223,11.18564731307252
15194,1.7444486655332363,1.5300216947481278
15195,-0.5288659376109477,1.1889243277454506
15196,-0.1013142113359884,0.3181336017498238
15197,0.5208995059642763,1.7191226111724558
15198,-0.055088381057440496,0.8642779228816505
15199,-2.376966411016731,2.015255584033934
15200,-3.5575788585361425,4.671513046595878
15201,-0.7221088584749441,3.1885556785755917
15202,-0.9080756192162022,2.1134890500717844
15203,0.5029859041445253,0.5647220597603752
15204,0.9637750290464043,-0.06014990303712311
15205,0.43206300050255647,-0.2529328867328462
15206,-1.035094659044979,-0.11923246661397797
15207,0.12560078297205432,-0.24643506990566527
15208,-0.3400731058434002,-0.39628477405542456
15209,0.6494245216919201,-0.4574722846534533
15210,-0.09910061111801205,-0.558242437933496
15211,-0.2371057739988407,-0.5918201112640692
15212,-0.15155360768495799,-0.48410567381458236
15213,-0.9182452936504724,-0.3129264528220771
15214,0.6765002406568238,-0.48965457978115334
15215,-0.2384170946817978,-0.34559054358930547
15216,1.2825026114472744,-0.30296401561177283
15217,0.9818811510065998,-0.37104208137787276
15218,-0.019314826245983605,-0.4108004804530705
15219,0.14331841202089507,-0.5281332792139907
15220,0.623588114901599,-0.16771074852414208
15221,-0.2650689926234491,-0.5615856421944033
15222,0.849911931088794,-0.30092822998138463
15223,-0.38116160980046393,-0.14118486183023987
15224,-0.08946690522253921,-0.4332577234214217
15225,0.5537690732619827,-0.4412327485903944
15226,0.5760713083140453,-0.3288030302743947
15227,-0.9221390104944809,-0.16803735259895744
15228,-1.5438593944041985,1.6637198536582516
15229,0.06587459032038304,-0.34652821990013777
15230,-1.0410063207529574,-0.414222465256931
15231,0.0795734513642361,-0.6097535263467808
15232,-0.12376855449082187,-0.362590106580046
15233,1.0276027484911332,-0.44225523912643294
15234,-0.08458282507243846,-0.5998803493826372
15235,-0.2976430445315459,-0.5345816372049664
15236,0.009233729650715027,-0.466788416624551
15237,-0.24467788147143715,-0.6201775145835284
15238,-0.2065157719966931,-0.5535740828021354
15239,0.15962702948052665,-0.5268834519653988
15240,0.3615129870191952,-0.5901725012327956
15241,0.23329469311951298,-0.601578781634902
15242,-0.10881746669081113,-0.5279417071950903
15243,0.1457397486332244,-0.6431620107494973
15244,-0.1610016070460013,-0.4877561921153572
15245,0.2809447708871705,-0.37162396890543226
15246,0.21879452295475202,-0.5992165863831899
15247,-0.3595391088497674,-0.45758578026186736
15248,-0.21966378393876257,-0.5820334894695907
15249,0.47997403631227215,-0.31783850536152597
15250,1.1184612067240396,-0.47064019341107177
15251,-0.21919527824598906,-0.48281221150084763
15252,0.4448243460648296,-0.5210320377903539
15253,-0.11972816101961631,-0.36678623103404406
15254,0.15059703114555334,-0.5790908538803946
15255,-0.6595285757626621,-0.17036488935249586
15256,-0.24407402702910996,-0.5093880621985251
15257,-0.35310004800268846,-0.3168201371827704
15258,0.11060831692405827,-0.5150699387453497
15259,-0.12117464959241167,-0.519655837686022
15260,-0.6667676231479843,-0.4270403457181418
15261,-0.01838616237530772,-0.5216064573298846
15262,-0.21859753512890934,-0.5006944482071587
15263,0.2050638406225515,-0.4966366659797266
15264,0.15418958824872706,-0.45210401256660715
15265,0.08790659277649684,-0.4580455095428892
15266,-0.02679406842122903,-0.46844209827510014
15267,0.22667516259349654,-0.5871151168264165
15268,-0.028066436206528753,-0.556381682377094
15269,0.09856191775546232,-0.5161255032562084
15270,0.005831264746423724,-0.572865652762776
15271,-0.46509465031193975,-0.5217309950010749
15272,0.02675101665453505,-0.6405818050354767
15273,0.3063639100905222,-0.47495771124424957
15274,-0.013577662187619707,-0.5962922611291764
15275,-0.8185751614859528,-0.44545618991818225
15276,-0.09907859849303031,-0.5249861955104935
15277,0.4560102149561403,-0.4945946598922105
15278,-0.4545730341912163,-0.49347416098370717
15279,0.016710442252800894,-0.3366614006753049
15280,-0.04983511011479727,-0.571829271980287
15281,0.44035498948779145,-0.4637619590333238
15282,0.11842777110277018,-0.5978124457653882
15283,-0.15177825328282993,-0.3364307191635041
15284,-0.2677226026335145,-0.5826458673069772
15285,-0.050374237201315904,-0.572659420253114
15286,0.2464612070985097,-0.4157682070379494
15287,0.3768271936789708,-0.5549668902042392
15288,-0.2864648538512402,-0.4993777403070134
15289,0.14573701604323258,-0.5010962199279905
15290,-0.0015594211591660049,-0.5346990096928631
15291,0.2423702753550603,-0.5670960782052644
15292,-0.0827068233539787,-0.4486582221836347
15293,-0.204650389146789,-0.4655203380671135
15294,0.3883838812539006,-0.5433479043086246
15295,-0.01573781687844125,-0.6531637675402832
15296,0.15288261250973637,-0.6122054213293858
15297,0.02703066441881425,-0.5784101677221137
15298,-0.15680521730798708,-0.5740897408240829
15299,-0.6507370377366832,-0.34510473842815004
15300,0.3258998826962082,-0.4951591367039846
15301,-0.5556803675760412,-0.43431953093529563
15302,-0.8186907025885315,-0.2095791228402127
15303,0.08758662846551928,0.13919434191929136
15304,-0.12949285551624895,0.1228055496878848
15305,0.08758009961033132,-0.4516182340423558
15306,0.09920149814271442,-0.19819946313138714
15307,-0.22020486403466077,-0.5405029615925031
15308,-0.2989432154941954,-0.6002996321836139
15309,-0.5364893906828464,-0.22683703109908887
15310,0.4837351972652091,-0.5442912169146947
15311,0.4595254586221475,-0.5414948551855547
15312,-0.017340415019771124,-0.6176558218013384
15313,-0.600125947504874,-0.539794563708953
15314,0.6401031754779251,-0.4281497049496802
15315,-0.23577257487774894,-0.4936276513221297
15316,-0.1268622243478231,-0.43107760987000837
15317,-0.3901152372291327,-0.5613026465784096
15318,-0.11830628083383868,-0.5185822432385826
15319,0.17973202245302392,-0.5714185373650602
15320,0.02963534772836518,-0.6141905253250484
15321,0.3906992530347069,-0.4978309384490918
15322,0.23065588773565293,-0.47920444938156537
15323,-0.17953744509730776,-0.5695007107411627
15324,0.02215068668525712,-0.6357202720448634
15325,0.09174747245698443,-0.6192069236368185
15326,0.1328472134762591,-0.5573376353766908
15327,-0.11774655740058819,-0.5968563622326657
15328,-0.18292703427857412,-0.6117734375217309
15329,-0.10324540582880823,-0.6435056084501527
15330,0.16376314822447038,-0.6551314160130675
15331,0.10392061134817476,-0.6125637699739629
15332,0.6061519667877288,-0.48085275088026136
15333,-0.07131414125035447,-0.3276132349498411
15334,-0.26821128313160925,-0.5608700565040063
15335,0.5049139223980601,-0.317042327830182
15336,-0.22926748939799876,-0.5732514242022604
15337,0.5790180885629206,-0.604843490716876
15338,-0.04073771698069124,-0.46181616956946486
15339,0.4108354378405036,-0.4624474452788804
15340,0.2695232869805737,-0.35899699719374367
15341,0.14343327268459188,-0.6053665572026917
15342,0.11109388791115078,-0.5888900084895626
15343,-0.18278428076611897,-0.5299413329812884
15344,-0.09197424516253618,-0.5525490917105819
15345,0.06084438509735503,-0.6290849562106237
15346,0.7180521963055815,-0.5453331166907882
15347,0.026644218766300114,-0.5057116414283728
15348,0.3904746562677759,-0.5336497838759515
15349,-0.4105384988725532,-0.4821024441675247
15350,-0.2074230285774988,-0.5805918351279188
15351,-0.6160276962171028,-0.4554471783361484
15352,0.10796019528342275,-0.6003610458141112
15353,-0.07272776326029748,-0.5805225481316465
15354,0.2538172008630532,-0.6423819217371562
15355,0.09217110397295314,-0.47688481451856823
15356,0.20301946109761304,-0.5926583879790313
15357,-0.2012481234318394,-0.6418353866441395
15358,0.10397589589767009,-0.5175585565034496
15359,-0.24746629613592808,-0.5947498510477691
15360,-0.2735691862185851,-0.6240281238465819
15361,-0.2016577655967659,-0.6406803311813414
15362,-0.09518651524329406,-0.4693714183794158
15363,0.13642282627375424,-0.5931261464550927
15364,0.3795376205822454,-0.4904437610038845
15365,0.5176802719052005,-0.20599312655456484
15366,-0.3334143924497044,-0.3974041860229019
15367,0.4246267486789398,-0.4895244472329996
15368,0.8131581008095369,-0.16218662540366197
15369,-0.25350230046976147,-0.3806088440780299
15370,-0.23835198849843944,-0.5727799345275568
15371,0.10847219667918392,-0.5622663987439909
15372,-0.06201444158403158,-0.6175859335097804
15373,-0.6281915520957192,-0.47572006542638484
15374,0.44857236352179175,-0.38059365313824706
15375,0.26455654723026145,-0.5935036592887487
15376,-0.4397220339430734,-0.5598428575318464
15377,0.5495278077592565,-0.42127157375507657
15378,0.20144692645196613,-0.487834836797423
15379,-0.0012044701828146983,-0.5883258367807108
15380,-0.00579659236919771,-0.6248429161919987
15381,0.18564709060212636,-0.43738225717147866
15382,0.24098689239524182,-0.24649697997289666
15383,-0.278846513223245,-0.25301142442815605
15384,-0.16272095483230378,-0.2708367667961971
15385,0.05081526085440724,-0.13495965102165886
15386,-0.06812120608976711,-0.5533627959089249
15387,0.05117150626476971,-0.13252802426534815
15388,0.005711228645752003,-0.40186333917325956
15389,0.32691863908899527,-0.42114445183193683
15390,0.4427340015185393,-0.2376602004894958
15391,0.6153543536589967,-0.015207365387775592
15392,0.0757058353178623,-0.2889154039408073
15393,0.25172900664053016,-0.008702404994358133
15394,-0.5443947679199357,0.09161388979663641
15395,-0.34971938755401777,-0.19701271698323938
15396,0.7782170229787607,0.34953761238805436
15397,-0.01283852773339447,-0.11754671093467656
15398,-0.10775959061508063,-0.3465544950126165
15399,-0.10825052807596323,-0.22535433928743115
15400,-0.39247761415501536,-0.4279862239049293
15401,0.10865945522463376,-0.4676433543143262
15402,-0.26204536833534103,-0.45624879405962804
15403,-0.36417682684904573,-0.3903563140628324
15404,-0.5085956487160163,-0.13498792015752284
15405,0.5644690022866538,-0.4344152283871511
15406,-0.7457972973994709,-0.36294277994591684
15407,0.17894063448160502,-0.47884646144973353
15408,-0.18908650366790578,-0.4331251930522045
15409,-0.1791821442253463,-0.3939501500549937
15410,0.4146352658232407,-0.435813154031771
15411,0.11363717732159989,-0.4398597965079678
15412,0.16972124920616197,-0.4438256068403745
15413,0.8296953987047957,-0.20936124952091487
15414,-0.14714109966095723,-0.47760162906126813
15415,-0.4163238912246872,-0.4427204659899688
15416,0.24085793220600274,-0.5098024857299552
15417,0.04418363214248106,-0.5985109157429546
15418,0.772250491531733,-0.42031962248400667
15419,-0.26001256614330187,-0.3900976849872774
15420,-0.14746167496483287,-0.40975098892564693
15421,-0.0598270195176464,-0.4480818317121466
15422,-0.15474827026340723,-0.5155896838336569
15423,0.5700096791270803,-0.4022675698332358
15424,0.4526857689241859,-0.43265237393282496
15425,-0.13757152229846503,-0.4181899966367927
15426,0.38483448143015936,-0.3177049873091039
15427,-0.01321361943159937,-0.38641249609955175
15428,1.1251900487992283,-0.03515271835654324
15429,-0.20090562159117248,-0.42996151372268
15430,-0.9002038802691866,0.2580218304420251
15431,-0.04797908229977231,-0.19381171111458978
15432,0.5178029912895906,-0.3884488661351456
15433,0.29447750874042844,0.3208023153055513
15434,-1.35096641495247,-0.11393376753810043
15435,0.3450410587234669,-0.032165336920128414
15436,-0.2078480167894449,-0.45615515706493864
15437,0.12538750256251147,-0.22561876221160015
15438,0.15724232178938027,-0.2307155588999818
15439,0.10067804847795271,-0.318441220344713
15440,-0.19065562178926002,-0.29426834171368593
15441,1.501416058494591,0.7500234906403366
15442,0.5313379230586096,0.02318547190330869
15443,0.26247332125044703,0.5728474964970504
15444,-0.34714443774229914,-0.04874581074053299
15445,0.12082020019662712,0.47161099685350055
15446,-0.6785478789377642,-0.22756185176902952
15447,-0.46244511379511904,0.3194299405279308
15448,0.47093350317955796,-0.3725102628967823
15449,-0.4781266404927689,-0.2649825682704691
15450,-0.2548392392248553,-0.15087786071247647
15451,0.17649228939400352,-0.38012454358388914
15452,-0.02661764924038977,-0.35719722085951217
15453,-0.532872285097363,-0.375601946720637
15454,0.55708465003599,-0.3668727600393957
15455,-0.7013445224018273,-0.10182082085453581
15456,0.8809039741708252,-0.439747709014982
15457,-0.06496160712760533,-0.48248524253460057
15458,-0.3713597719463398,-0.40347754803709257
15459,0.6725510561921688,-0.06452585475430371
15460,0.5630378339354871,0.034402778387009295
15461,-0.4253019200058001,0.8232660954239873
15462,-0.3974889149946679,-0.3043652741871446
15463,0.025255932030681823,-0.29543724358546497
15464,1.0002322047651127,-0.18904224025382263
15465,0.5874675900187409,1.2059263368505404
15466,-0.7181891407182978,0.2732529644722725
15467,0.883052839476387,0.14874583211489012
15468,0.24698920907396238,-0.10448481397979748
15469,-0.09875561470069998,-0.4992597479956531
15470,0.7456804353028726,0.22721308333168527
15471,0.09406461867391415,0.2540653285270952
15472,0.4139505720977064,0.17331371444117755
15473,0.1926142429829514,0.14447790231859314
15474,-0.2532956310274903,0.0194088272349089
15475,-0.9666938525543313,0.8672232928078463
15476,-0.11229900288694089,-0.3954035011949528
15477,0.08481244820579163,-0.27128873339283976
15478,0.4235211171199333,-0.2421241054314219
15479,-0.21236793466354242,-0.39073787376305025
15480,-0.120721937675471,-0.4081828860083959
15481,0.7801361432310135,0.21282054463480723
15482,-0.15833079446317624,-0.2699096207565494
15483,1.5033451857261906,1.555571859589279
15484,-0.6398880049123201,0.16256239953093765
15485,-0.40325021964029145,0.3738009336845617
15486,-0.9514091402817118,1.5334800928959147
15487,0.8426703475752583,0.7383244360372705
15488,0.44901277398141376,0.23123979664706482
15489,0.5565761812325982,0.5019037720318904
15490,0.16171121609678274,-0.09145110902875772
15491,0.10178711330396252,-0.030805980925025452
15492,0.7277545130850297,0.6896616440679378
15493,-0.8383251633540526,0.43754325417652934
15494,0.08051373531382758,-0.017008127132858146
15495,-0.6598106991232395,0.3074339074425509
15496,0.6319837057169994,0.07677823202909283
15497,-0.7506740346307964,-0.08614955724908072
15498,-0.20510173696631592,-0.25422174062756586
15499,-0.28743310429020125,-0.03192590606387344
15500,1.2428498540831334,0.06530306963834448
15501,-1.120220577484089,-0.27835965811984137
15502,-0.3458783414479185,-0.40379128149573473
15503,0.2166430329883657,-0.5035004249845795
15504,0.41114754913641594,-0.4132325406480098
15505,-0.23613921435188773,-0.5091330015791188
15506,0.8359767395940281,-0.2481493928540027
15507,-0.9551955193290903,-0.06483582559259285
15508,-0.19073796709677934,0.7276055676887355
15509,-0.46978483625577133,-0.3601903189436057
15510,0.06455984307458297,-0.40182778572255223
15511,0.05379718068001198,-0.4054471440351343
15512,-0.5017169253132392,-0.40015232881456547
15513,-0.5186128724801911,-0.21068088046606734
15514,0.4298859119667206,-0.45993192431942687
15515,0.4935531546195682,-0.2624931870490467
15516,0.3777649554854902,-0.10316951021085516
15517,0.2917490296618815,-0.37273050753408915
15518,0.293714254839483,-0.45917659833529073
15519,0.35944777975412434,0.017589978409131096
15520,-0.48422245873481673,-0.3986672469154208
15521,0.1499392822302501,-0.4423598737204938
15522,-0.5245572700637657,-0.4247468021381595
15523,-0.01097652468217146,-0.33613961655498076
15524,-0.5412322863321465,-0.4789514291292801
15525,-0.2648714759478874,-0.3136156887784581
15526,0.11943876997263558,-0.4616741026570448
15527,0.45710120877161836,-0.19839710147096337
15528,-1.307490386739547,0.5286129784595398
15529,-0.4873644938153785,0.04529369657238701
15530,0.4480712232328533,-0.024165894566763983
15531,-0.17756716193269095,0.24525654165632227
15532,-0.8181451180023201,0.3992363536703988
15533,0.5543819106243281,0.19354204893016053
15534,-0.5184175328989031,-0.46881249189623553
15535,-0.7503105255964139,0.11626219688407499
15536,0.2034018861211722,0.05808411654390726
15537,0.32146740695656134,0.1059941048213798
15538,-0.6481503453361169,0.03304508655830139
15539,0.40727374688151863,-0.37751638909653557
15540,0.39968832233433516,-0.08028411662489274
15541,0.4356887810139076,-0.1837620923875323
15542,0.5038703840597412,-0.18110342460641926
15543,-0.35726541252774185,-0.340684769166509
15544,0.8988314952242512,0.0355101142487041
15545,0.015211031536512844,-0.4232656885129253
15546,0.2181448319356305,-0.19339944751899274
15547,-0.5560673509003441,0.029474444004438067
15548,0.12071937716819395,-0.3538581690514041
15549,0.08273741458842936,-0.4359102970200132
15550,1.0694162306883506,-0.30362844859029137
15551,1.709325824622558,0.7535837077796989
15552,0.3872899957510632,1.4920829180354769
15553,0.7590053691842373,0.34356153960890323
15554,0.4098879726653423,1.5035684710511856
15555,0.3705667731195438,1.112241883219046
15556,0.756147224726846,1.4880319566762135
15557,-1.5220279320724455,0.8475027501323372
15558,0.2418102007751263,0.8494026280487325
15559,0.32735777628498663,0.2156831874227536
15560,0.21005211471869228,-0.23055506287505348
15561,0.053757668277010666,-0.22484584155333895
15562,-0.08068902081401642,-0.12827203650056684
15563,-0.3177416187358531,-0.07215844759972946
15564,0.21436137394113197,0.01267476244734531
15565,-0.35627775237039083,-0.36294469242685384
15566,0.06198527548876207,-0.16002213390665695
15567,0.47808141568059215,0.024178109078924145
15568,-1.230929099957583,-0.17317989263310782
15569,0.6374924003883542,0.14823794094209072
15570,-0.5140665970827029,-0.19982676695033588
15571,0.19166043267604452,-0.09663290933504069
15572,0.8037454140241919,0.08326474221814643
15573,-0.3246486460884804,-0.44172252655245625
15574,-0.45055365579558115,-0.2613845807324128
15575,1.2120186679204663,0.5449078869119492
15576,0.25383522983753737,-0.07238854204984457
15577,-1.4236385246000327,0.6508945643330452
15578,0.23612293207751928,0.2937103013194939
15579,0.05587729383899754,0.47916063493917466
15580,0.015867387537059498,0.2745127936428769
15581,0.5023631536777364,0.6939312469608057
15582,-0.011543059855909765,0.12929890052226442
15583,-0.2943467115355949,4.43904167476637
15584,-0.8126681631394334,0.6476113364114506
15585,-3.311080326444311,4.2190772436684245
15586,1.0355202601710392,0.9113747475613232
15587,-1.54450895643059,1.379638598818637
15588,-0.2469241941447426,1.6573308958334911
15589,-1.7636747599975955,2.313069190933568
15590,0.6524258869907174,0.5500405800299312
15591,0.4675735290870521,0.21760264435243734
15592,-0.41468717505205843,0.17938787343299054
15593,0.48554196227960233,-0.44939455382569
15594,0.09685221924506213,-0.4373623451181965
15595,0.866368854988569,-0.061734093509777876
15596,-0.9140028547166498,-0.10952402521066455
15597,0.2862354369952343,-0.0608180706526225
15598,-0.08822789407487239,-0.4527555560642046
15599,0.20387814755829284,-0.46799559879881986
15600,0.5895302510512259,-0.2815040907709197
15601,-0.49819346831722106,-0.2421737528051995
15602,0.29018246114436,-0.498305716121239
15603,0.39781950679126366,-0.423488203416433
15604,0.317462665951483,-0.4653182428248983
15605,-0.25181502187007315,-0.36388024627097076
15606,-0.031591515847341246,-0.4495927435943531
15607,-0.4863306738514342,-0.5243534379257486
15608,-0.39785172119078277,-0.44361134496838384
15609,0.3124108641503925,-0.5134698592006293
15610,1.1039191014708767,0.18410430278039897
15611,0.5035576631508624,0.22326176192639957
15612,-1.0767181125771517,-0.1604400408800989
15613,0.31609711941266133,-0.4997737711681897
15614,-0.5326630870316938,-0.41981834187316935
15615,0.7777508064708433,-0.4370433928264812
15616,-0.302088378906611,-0.5381163283815935
15617,0.6632473732724304,-0.29478584889265147
15618,0.14854669454412753,-0.3440664828734805
15619,-0.20519612726462874,-0.4533893723735986
15620,-0.46323913661238714,-0.3614130345384358
15621,0.2595445651329102,-0.4665122381073102
15622,0.11130980933658138,-0.27798977433003363
15623,-0.34097644091327717,-0.4466556134521229
15624,-1.1278826550823242,0.18380288440345424
15625,0.6378713247128862,-0.22985036419093494
15626,-1.1739151402271948,-0.11216126623551848
15627,0.6251284054793083,-0.21532985276508837
15628,0.04735434351321131,-0.3302601094590851
15629,0.43669146709677537,-0.38923500213662965
15630,-0.13162575730340015,-0.3554668982398021
15631,1.2212650618690783,0.16619269359697578
15632,0.578119350681094,0.8130272111866387
15633,0.34864905635815213,0.042506348231404416
15634,-0.41508753221303213,-0.39399788921127843
15635,0.08531950901424086,-0.4989580323745175
15636,-0.5643519056558028,0.028025606803618364
15637,0.3449833426744803,-0.46856376944301537
15638,0.26995243300807387,-0.3751785901727057
15639,-0.30495473793727423,-0.5598896717072303
15640,0.11963734694648188,-0.436409150646113
15641,-0.6917270243429857,-0.3919879597711827
15642,0.4201432721730067,-0.5589174231322763
15643,-0.2522396374325708,0.03309792327981545
15644,0.2452940432771259,-0.21342988174432767
15645,0.5917867273287807,-0.4956252475990969
15646,-0.45178227833708956,-0.26133231353573105
15647,-0.21788573503910122,-0.38563202169888866
15648,0.8987719425332845,-0.4012471564851571
15649,0.4720662908693012,-0.3024574626263821
15650,-0.3945128367740114,-0.21656636919061195
15651,0.46616313316258856,-0.24019950811720303
15652,1.0376531531777282,0.8872690196882823
15653,-0.0814554794696919,0.3111166403888964
15654,0.5513373386120737,0.08433129775506466
15655,0.5031765493403522,0.42237815202196194
15656,-0.5015086519798061,-0.19376396830528964
15657,-0.6617586423907001,-0.29719789057187074
15658,-0.3192777273702969,-0.471511698318853
15659,-0.5083670708366725,-0.11681708681269624
15660,0.46363159693201433,-0.2280628942894458
15661,-0.2074410977034503,-0.5134314471906262
15662,0.21746455881695564,-0.42286189929956164
15663,-0.08605715632240882,-0.4779938570140018
15664,-0.10060013245326306,-0.41207312476716806
15665,0.10658312682415821,-0.12491840765582
15666,-0.39414298511267926,-0.053037952790092414
15667,0.36737736237254925,-0.23338450828712443
15668,-0.19397163514926344,-0.481290699473032
15669,-0.43483849485697706,-0.2909972666974812
15670,0.545103239213592,-0.4096857600466956
15671,0.4261304383381819,-0.3689037196992409
15672,0.6642093740071309,-0.022518370075843685
15673,3.5167617086844256,7.8673852119624605
15674,0.26965164543898457,0.9678229955849862
15675,1.3488018003448419,2.3069998116544372
15676,-0.2551400143781999,0.551573685589306
15677,0.8948747094661457,1.4378359087483374
15678,0.12949921959387647,3.2075811364261186
15679,-0.1885822751783877,1.3635314442426374
15680,-0.29971298310269956,0.4608329441883409
15681,0.19208715385785263,0.5783698578906278
15682,-0.7109136404683799,-0.1590012424743333
15683,0.7744231754078532,0.6235986924007473
15684,-0.8457470138986861,0.04706241181744133
15685,0.1622592647939274,-0.17041309378023153
15686,-0.3099897623274711,-0.08370481594372638
15687,-0.6751040784036212,0.29589404795571567
15688,0.22118019369831896,0.2516069905310516
15689,0.17755307478310065,-0.05022132639921648
15690,1.190742740636608,-0.15823609067182112
15691,0.11566555688139687,0.27810299467479727
15692,-2.24759177155389,0.5490686516759696
15693,0.8988312578526684,-0.07550419068750942
15694,0.2775860311889746,-0.41926906215153953
15695,0.021653667371985142,0.08262651901087474
15696,-1.4162197838269956,0.24178375807738486
15697,0.4392818668841991,-0.4265623046314525
15698,0.38279792324191364,-0.3849853487746913
15699,-1.117645117325359,-0.14134894533980957
15700,-0.695538961543607,-0.29415941584811217
15701,0.460042224446027,0.9387608053034442
15702,0.08290966870361413,0.0023050186883737693
15703,0.5539645562534187,0.19614939663876627
15704,0.16707592784833827,-0.5273971645973459
15705,0.16391904125446408,-0.48254298730424977
15706,-0.427689488500281,-0.4095348683126351
15707,0.5528938831332837,-0.3089225071375589
15708,0.0540548444358698,-0.4730676094069229
15709,0.2675144788916459,-0.5129061126300122
15710,0.2048540562512673,-0.4844930091435773
15711,0.4633901932898276,-0.3920491437295646
15712,0.064180773727838,-0.5432775088203865
15713,-0.5317513638901697,-0.4965494637714227
15714,0.4577902804139179,-0.3906384755785718
15715,0.13994548399007942,-0.49998164419256025
15716,-0.3629456383942831,-0.4333846486465763
15717,0.13216661126083706,-0.4650011386416897
15718,0.36649433836365236,0.06389507708766448
15719,-0.5357183312441144,-0.31807676898853166
15720,0.1388935678478445,-0.29017910334670804
15721,-0.3435275494576952,-0.3967240206003342
15722,0.7808105779022877,-0.3624915458772018
15723,0.8826260815073967,-0.25729036849669884
15724,-0.46975074466768335,-0.18099305922770903
15725,0.25617538318023014,-0.41762540361809886
15726,-0.05857690106481667,-0.424734824042604
15727,0.3563179286044878,-0.4514898317577189
15728,-0.8218336665913923,-0.39657516729245323
15729,0.388558911513942,-0.30158774958437656
15730,-0.43820068592803074,-0.4416004227657548
15731,0.4237250332031334,-0.42709779556829275
15732,0.9793406759105774,0.1616727387004986
15733,0.029168154045456245,-0.34919298771602847
15734,0.6154901518231258,0.13438924111510997
15735,-0.7619822190819194,-0.0659138864487975
15736,0.13109955638241852,-0.1644356190280552
15737,0.1128672921316119,-0.29173878430080313
15738,-0.3114637640287008,-0.48034171103162404
15739,-0.5690111981036051,-0.24438251567653135
15740,-0.17825144173615085,-0.09721730444282986
15741,0.3759816432147661,0.4184069551193621
15742,0.19098084025987447,-0.293978630838687
15743,-0.25722188539017404,-0.44809337422682377
15744,0.3883364822794444,-0.23631092026025372
15745,0.4337622457494427,-0.02401442223029041
15746,-0.12711762239972307,-0.3964895280361803
15747,-0.7610864267456858,0.10508408754887197
15748,0.008954216887763293,-0.4967522901375637
15749,0.5574486251790179,-0.2538832622883142
15750,-0.09590831713103262,-0.4043482448736378
15751,0.044442731381847324,-0.4507428099114459
15752,-0.002661461808456372,-0.4642680960595449
15753,0.172382095218862,-0.18635939615844282
15754,-0.129963367684121,-0.3443783755956109
15755,-0.4028668511333382,-0.33304331086507827
15756,0.31533582079427935,-0.3602681448788803
15757,-0.1260242244607096,-0.43378757871196355
15758,0.09888130816167692,-0.4812021382935282
15759,0.34439711179642113,-0.3684245900882155
15760,-0.05080468329070924,-0.5042803613432169
15761,0.3958820067176699,-0.3948181929682242
15762,0.2244500061523297,0.17557815817471348
15763,0.11373768835324803,-0.1954164210955133
15764,-0.5773830172870528,-0.4826174398042533
15765,0.021097308471365577,-0.11483706951083111
15766,-0.10496804944402126,-0.22358933675595669
15767,1.2392246488609915,1.52988197170156
15768,0.7612773591265022,0.9216834954908956
15769,-2.9099979301212056,10.336511524015512
15770,0.3197326442561212,0.9638733499997828
15771,-2.366201177126374,1.9730890031070738
15772,1.3014766868118144,0.8146395185661507
15773,0.7161775608090033,0.6357138510222824
15774,2.047354009063352,0.6574498023846643
15775,-1.6652521237125544,0.34359237836393747
15776,-0.3198101571572719,0.22515115233315416
15777,1.3545154963392065,-0.15484216416994337
15778,-0.3481100006036806,0.2772298490113416
15779,-0.34710040488637517,-0.33091472752494494
15780,-0.035000824996557746,-0.4266802949539921
15781,-0.3306589912740633,-0.49218925324302054
15782,-0.46534934208943085,-0.024087944416576097
15783,1.053926030389999,-0.13813726084509742
15784,-0.4277241718381159,-0.2527721516008307
15785,0.7141553581383329,-0.28815847374121345
15786,-0.2783432901375906,-0.32907178885349253
15787,0.05197834113956708,-0.3476864282001046
15788,-0.19392521916382782,-0.5735879517259787
15789,0.7317047600764917,-0.42679273787954697
15790,-0.05815219336205491,-0.4492410180634241
15791,-0.5004962361592008,-0.3898202734890031
15792,0.13534828886269476,0.05407885979900819
15793,0.1159355474611928,-0.5703943472229853
15794,0.08623429366244315,-0.5438125151484489
15795,-0.07072245847064651,-0.3278106738299696
15796,0.5322407592464559,-0.5409358477034796
15797,0.16051071962600577,-0.3826133736585441
15798,0.05251616550037467,-0.4609677810990663
15799,-0.6231769392817335,-0.4141303514860667
15800,0.024723881676935344,-0.37989673825399983
15801,0.041324431132678786,-0.47725840246374446
15802,0.08290026704101608,-0.49591840063710585
15803,0.24933517312072795,-0.41350376076686063
15804,0.043282893841692524,-0.5690064717967585
15805,0.35516373876673896,-0.34982068246158654
15806,-0.06413403404253393,-0.43009186941398675
15807,0.5123548874061237,-0.38788415913555585
15808,1.351017019271146,0.27637257757253536
15809,0.0667022878884593,-0.28798517820845543
15810,-0.013569562343824369,-0.32301759852744216
15811,1.2917908279237655,0.6327353562005136
15812,-0.16055386047413883,-0.39381497599222265
15813,0.1924872276533345,-0.2545588925804566
15814,-0.004588670866227796,-0.010382427116832075
15815,-0.34972539264777114,0.27421255158123886
15816,1.337579498995048,0.15996424792459601
15817,2.166542091538988,1.9262133006875277
15818,-0.7317963865140376,2.363504477600899
15819,0.09460396071688794,0.5066212531099584
15820,-0.12381582845303399,0.5373329498673456
15821,-0.42800103181244553,0.21519163991180307
15822,-0.7664829168654349,0.2047074037572238
15823,0.5623866435837825,-0.4057582942570472
15824,0.06667153965055564,-0.3512349059100283
15825,0.12004314904802371,-0.22140015527188478
15826,-0.454894046259393,-0.07612766888930894
15827,-0.5932020133346665,-0.35820956390234393
15828,-0.2011512773722062,-0.2719205122418063
15829,0.05080834280229675,0.11915380368366958
15830,0.3414128566525016,0.1933014624339286
15831,-0.1418164549804835,-0.366849973063196
15832,0.673825415247971,0.24164867588959704
15833,0.10516825649084775,-0.1394168215042411
15834,-0.024772810995121016,-0.3514076672668417
15835,0.21467434659114729,-0.41021722585346226
15836,0.30493934271663153,-0.3192781280194592
15837,0.324454033057394,-0.04012315283961385
15838,0.3314031708694373,0.4243412744418781
15839,-0.887152955945305,0.08176467754078828
15840,-0.26130469607055884,-0.06363449255625082
15841,-0.21821445700370087,-0.010345973710047267
15842,-0.014764647094406683,-0.2890585465419402
15843,0.022840100356410823,0.10645215546419981
15844,-0.3451651217433398,-0.4484116126085054
15845,-0.2642508271193763,0.19098636381482623
15846,-0.1612130502040074,-0.2120008516225017
15847,-0.18438842740576153,0.07415167808587646
15848,0.24181182396991754,0.07204519167831665
15849,-0.255886849146066,-0.4732827982495003
15850,-0.047938528172639765,-0.5493656954388094
15851,0.30148077788786015,0.24664624295617854
15852,-0.2734659881857544,-0.35228301979888466
15853,-0.44674963335743983,-0.03589870965717054
15854,0.43494739357243645,-0.08124262930417024
15855,-0.41291196260396923,-0.0028424403178822443
15856,0.15914608762614868,-0.1922362490342094
15857,0.1294587604345354,-0.5715030353538456
15858,0.1041870402226417,-0.4969032068597211
15859,-0.10577091021552144,-0.2451039689149535
15860,0.6089882730486222,-0.19301457949804138
15861,-0.4845274974922853,-0.3023175811291441
15862,-0.4512898643748147,-0.2670825994734944
15863,-0.4403693653143951,0.8108264152375048
15864,0.9092134896760283,0.30537198924368286
15865,-0.05033160898503878,-0.2612870367093272
15866,0.3950060081714648,0.24422091665249857
15867,-0.2667483755761819,-0.26057194939183376
15868,-0.01812425091296415,-0.31265463013034994
15869,-0.262136975237262,0.0028065912324762364
15870,0.6191981946807426,-0.023988439816870516
15871,0.13555126834059644,1.4301968785276853
15872,0.20491960650312105,1.5844759459106574
15873,-1.6669480459288637,0.14467228380298908
15874,1.0662235021130058,-0.40898924901698547
15875,-1.0491801426130274,0.028290951208250016
15876,-0.03805185209655502,-0.27169415649411677
15877,0.37873142997351106,-0.35770338680377056
15878,0.0660861274511086,-0.18364461917419445
15879,0.5803797242823938,-0.20906335549941393
15880,0.4304240040160378,0.15826075346777707
15881,-0.3106866643385098,-0.21687174597172507
15882,0.6990507047035842,-0.1807061117683897
15883,0.24218784430786816,-0.12173492318645404
15884,1.253151876857142,0.7857645552307502
15885,0.4224024363354224,0.7574629084274649
15886,-0.43157807004348814,0.700692051242441
15887,0.5142037985022943,0.6689041549375808
15888,0.47652542288704847,0.7102764065645342
15889,0.6024371783384396,0.7361582632354272
15890,0.06598493876473048,0.051108264004392785
15891,-0.8405188966453536,-0.04558651056630586
15892,0.6560131223767651,0.06049594356630695
15893,0.1848358182316967,-0.13580078505908103
15894,0.3032348184057053,0.07623803222657724
15895,-0.9859561597967711,1.429419695349653
15896,-0.47804659741425093,0.751178199909352
15897,0.6556028785098902,0.04287487700507962
15898,-0.06385424983931039,-0.12673599561200602
15899,-0.41217780202399434,0.1371126667057467
15900,-0.31902015106858767,-0.40997256568963275
15901,-0.22975908927042663,-0.4213780974874336
15902,0.13796011947608106,-0.3125143052481416
15903,1.0095686010029203,0.08887253892111739
15904,0.9178400130127674,1.4259249585008162
15905,-0.4387103768883897,0.3081901172918433
15906,0.08901593769447655,0.13955375068456916
15907,-0.3740986936164017,-0.18230084246604208
15908,0.6509586943716411,-0.16333435728050588
15909,-0.030124160089816075,-0.40606594571233245
15910,-0.134945254483065,-0.34898293178466355
15911,0.07347566425266164,0.40272092934220705
15912,-0.4154453319051958,0.3122683680734294
15913,0.94952494146302,-0.05421041422119058
15914,0.3752422624285797,-0.17898347192380054
15915,-0.02209839603052038,0.52383763971823
15916,-0.3460694510321427,-0.18007859276115837
15917,-0.2863615880756101,0.24027657414365688
15918,-0.8146289573783049,0.14111625987588028
15919,0.8005165674922825,-0.019252415974115273
15920,0.0035801728839931603,0.04608255426525309
15921,-0.03892012140676625,-0.26282600314670135
15922,-0.13594701545237364,-0.04131576870906925
15923,0.09510560843359786,-0.3304078734977646
15924,0.37088895876734107,0.15239169698759905
15925,0.3179103384139223,0.46803566612154623
15926,0.2900819464689871,0.3047797658552388
15927,-0.30888757674204415,-0.02705489919792142
15928,-0.3224169602841042,-0.1516895527182678
15929,0.46081790170405773,-0.4293532994230764
15930,-0.2875866785493154,-0.16151353458110726
15931,-0.0008518718892280316,0.4236744097995658
15932,0.2107663700355221,-0.2521806332278242
15933,-0.23076592559131157,-0.27907761128362923
15934,-0.09135838662633702,-0.07847493609343341
15935,0.3288675447582697,0.4607041453468786
15936,-0.15630381403227656,-0.395940301499369
15937,-0.1101701813432101,-0.3582798768404052
15938,0.34456914266287236,0.016662527466143297
15939,-0.09576524205221125,-0.03762096650252391
15940,0.15328587998772575,-0.329634943237538
15941,0.05174466336406475,-0.5482199007065073
15942,-0.1581789908803282,-0.5068771274673292
15943,0.25313534883614636,-0.27210223151835156
15944,0.565750016064917,-0.25229204457314974
15945,0.5375979405937863,-0.07172077743483833
15946,0.10536232525004746,-0.1462756847418486
15947,0.10504182734449154,0.9667729386612148
15948,0.08081736557412798,0.06152942723141945
15949,0.05597136406029162,-0.012622157531991094
15950,0.9597318118977238,0.19592156661491844
15951,0.04484712450714541,0.588177631030603
15952,-0.004727981342600556,0.12805672827229192
15953,-0.4101007547239429,-0.1630753168200293
15954,0.11491568610037561,0.08036126546728163
15955,-0.9285700559082009,0.05960426089472451
15956,0.6027036564610799,-0.11864762058453124
15957,0.3683529319082085,0.20324619462978008
15958,0.42181671258700054,-0.10557249652302736
15959,-0.4948252619257879,0.5361915492817894
15960,-0.3232584665258134,-0.2525151982271798
15961,0.587215799015773,-0.21956791128907432
15962,-0.03917172800607196,-0.17354741649299363
15963,-0.1799132665668592,0.01269663530794377
15964,0.5031376193339531,-0.0015991693616191382
15965,-0.4413337338363322,0.01787368951395831
15966,-1.6581174160252345,2.988588547119254
15967,-0.4460401720935241,0.48513638520711666
15968,1.4200695950698823,1.0955915235798082
15969,-0.5060617876707162,0.40294519527150924
15970,-0.4736960258988467,-0.2367934559454228
15971,0.9024252251040517,-0.007992838633201816
15972,-0.33469905851213944,0.24319930613248122
15973,-0.6806845401392376,0.9778453697930062
15974,-0.11830741358283069,0.1260754829399982
15975,-0.32446647755464497,0.999254946911363
15976,-0.5263224663641853,0.6566093981289358
15977,-0.7428126331325865,1.4447590274656439
15978,-0.951487589675081,1.109615796532861
15979,-1.7478348931010566,1.1540471699786514
15980,1.4200845206992112,0.07490833812217935
15981,0.8904481963802199,-0.03861494018558026
15982,0.13628602260069483,-0.3842388360130508
15983,-0.22609254343525323,-0.015006080520535274
15984,0.4142155955016886,-0.43499649748872815
15985,-0.11983519535376887,-0.5279851469511642
15986,0.17010767564554838,-0.5234400050193314
15987,-0.14101663922230406,-0.5121886598616681
15988,-0.1556781682540855,-0.4918878967086865
15989,0.2851932045113752,-0.44838243193835425
15990,0.2589455390106078,-0.45285375484485807
15991,0.7875325694809591,-0.19576603292269523
15992,-0.35226700925437937,-0.3678069410437833
15993,-0.1127335550963081,-0.47268230418846713
15994,0.3490721347232065,-0.5111824285253861
15995,0.6564731289609885,-0.10987531086587383
15996,0.31507912188002984,-0.5231263635005919
