id,Y1,Y2
1,0.6131714138831051,-0.1690826070479573
2,-0.22895106778717456,-0.5508087011985525
3,-0.31806921328004045,-0.16168679982623943
4,-0.3539095109206785,0.10700049077123541
5,-1.1408763089339637,0.38560730569861623
6,0.43846948248548406,0.49677531041224937
7,1.436759924813035,0.733865056412533
8,-0.19853425017765347,-0.19677803317227474
9,-0.9138269570021026,-0.004475758738766291
10,-1.3487382758287374,-0.07408597342160357
11,-1.6348927156586397,1.646610143197222
12,0.08952231299033589,0.05651369165023763
13,-0.7352500795136695,0.5544317485220422
14,-0.29023694285046553,-0.2799933850061784
15,-0.11549630133724101,-0.17907975969226964
16,1.6755852356796224,0.010705604506761092
17,1.0741215884061475,-0.07241274480271367
18,1.3643622452298434,0.5287475594054353
19,-0.5504191046841505,-0.14590207644180764
20,-0.9768074887821774,0.017217610234516248
21,0.8126543392461987,0.1742917947140007
22,0.947927542328344,0.3253994951573722
23,-0.9850960615582206,-0.07738275428453716
24,0.92316106899006,-0.34065071668834696
25,2.046582464478447,0.9846258830409863
26,1.350601624046363,2.782243902178966
27,-0.8682210233601583,0.5913691393944375
28,-0.4884495648109089,-0.19929786514155365
29,-3.2356090979375782,2.429121988813516
30,2.661262882388442,2.6099400441182934
31,3.5558947155771983,2.1401570433498738
32,-1.8874176590212755,1.4910427024214399
33,1.720400104557739,1.8047128130472823
34,1.3120118191500287,1.25801862111072
35,-0.29017640251942917,0.9764976274649192
36,1.1983187821161732,1.4934077304743816
37,-0.6421455248805547,0.46428248688286006
38,-0.4742108391658501,0.049499229585164436
39,-0.4782747745348414,0.2831486237284049
40,1.640077677190786,-0.26141471749517337
41,-0.9344613108506352,-0.030638894472486387
42,-0.4433067064086535,-0.012550341809574603
43,1.2175992033196261,-0.3635419406480307
44,-0.6869916752819509,-0.14544188110506062
45,-3.294749462141935,1.0944663313055931
46,0.2612734892104473,0.43312719541069483
47,1.4618407192927927,0.3542946060898584
48,0.8875704942865031,-0.16032571929555078
49,0.5394475497441651,-0.005919054922429922
50,-0.4065118519236151,-0.29939552129715385
51,0.4700659724599617,-0.17211888353528745
52,-1.6150110891420746,-0.12135756988432102
53,-0.4080889207185629,-0.4185588132342977
54,-1.7568853142630383,0.24897451606267876
55,1.0480524637270061,-0.2659567916488308
56,0.4118593311715826,-0.35190006972191734
57,-0.2795492102344722,-0.5227846145981
58,-1.449261623520604,-0.08946482433704121
59,1.278721065576024,-0.3305673164401344
60,-0.24122822348107312,-0.46921784330248917
61,0.2183036405358729,-0.5282291551758165
62,-0.5002972314272021,-0.557504227585349
63,-0.8304939183151626,-0.34778081068897554
64,-0.4047068943618204,-0.3529663634333334
65,0.21528683867040754,-0.4501805919086506
66,0.5508552015103563,-0.4383609523917136
67,0.8435214688972752,-0.0674545789438927
68,-0.9146443273227735,-0.04887282682389857
69,0.465167918361861,-0.4104460754982131
70,0.09239045808138027,-0.46100841277949905
71,0.04644716072777845,0.03204460874453583
72,0.9136416269551662,-0.24132205435084395
73,0.17241596994013147,-0.31198623226305383
74,-0.05237142924936254,0.47283237819732277
75,-0.6662179722174366,-0.35253461667669816
76,0.7820506111181321,-0.21424401942975296
77,-0.88520852172679,-0.13556381176588309
78,0.7165952665888023,-0.5040130118479144
79,1.0401819278316682,-0.3630314320757485
80,0.2096785376568673,-0.2255315516738099
81,0.37436862790472697,-0.4619936420905845
82,0.9316148761999556,-0.10798304191333051
83,0.4666358918419186,-0.39665275741434103
84,-0.6520233715331145,0.16390332885384598
85,-0.24271012039159093,-0.30766630958690877
86,-0.017761354256723313,-0.4418123415147776
87,-0.26934175870395966,-0.5455880347315167
88,0.23082980779197398,-0.5896545776982443
89,0.6855466143224674,-0.35921043412562115
90,0.026391232271943697,-0.3028790684570844
91,0.5803799138371462,-0.2848229026565495
92,0.6971731899405073,0.1014281546820687
93,-0.856629362772392,-0.45792594774461226
94,-1.0506097318174763,-0.3307562631903282
95,0.16648724464086617,-0.5186960654902033
96,0.6727430378638831,-0.36594833717063807
97,1.063536504487651,-0.2051823035601124
98,0.22581145031709407,-0.4536288822629298
99,0.11445416473597467,-0.1406431946716356
100,-0.4027258238543618,-0.30057005150825594
101,0.31271843549285744,-0.4033048691012581
102,-0.4819081586205528,-0.2711179609642884
103,1.6545817594801067,0.42259248438744274
104,1.6197543723654004,1.37820906089805
105,0.10848126216156803,1.479590776819399
106,0.9879564724767378,1.3010722784957496
107,-0.15989278954135583,0.8856847505515458
108,0.2889247428274863,0.28104122319785246
109,0.5292523903010179,-0.03710290185822398
110,0.19464328204671819,-0.44872515805842705
111,-0.7255697175357995,0.24611377163711282
112,0.047541448112201,-0.3250406626921126
113,-1.3383628241819168,0.500766094566426
114,-0.5911178576081195,-0.22278244174467254
115,-0.48177289969416615,1.2111427060116342
116,-0.18037527264424896,0.028416522288920443
117,-0.6809291833960971,0.4855168349336764
118,0.03970750188647726,-0.18613848758091517
119,1.223061895215202,0.16718375830207524
120,-0.3635761344707387,0.013892198789104799
121,-1.6158800918706848,0.4692887386025572
122,0.20777614338419614,0.2962349289766065
123,0.8199168433408515,-0.08205694780511637
124,0.19937416409772954,-0.19727247729736896
125,0.24975637364347328,0.5636486041999978
126,-0.27371232061040696,0.8615136975921438
127,-3.455700995520397,4.711377610610203
128,0.5685713887926412,2.31022649746891
129,2.0482802362406973,1.9720896257970026
130,2.234377463543047,2.571642471748364
131,3.5798721215383047,2.5457157631900915
132,-0.5777171623975741,3.847578491236061
133,1.4451985321823613,1.919970908961452
134,0.14901774658703723,1.3379635188220735
135,-0.8362197219881605,1.5703330984709718
136,-1.1826351093348182,0.5924797076900481
137,-0.15736406476381323,0.27728584052814864
138,0.6216226441033479,0.3914180434382296
139,-0.13293835568706025,0.1009160551922293
140,-0.3879674620464764,0.3681784513364042
141,-0.1776593598528471,-0.46343553040729213
142,-0.12285876182083647,-0.16259660046521707
143,-1.5246299109542318,0.2757487154047262
144,0.015153220458732544,-0.27604707752853885
145,0.7079405622404955,-0.30969387116933045
146,-0.26731294006858863,-0.0009233627490623008
147,-0.07839303511111917,-0.46805355561672785
148,-0.937564174979031,-0.33648891768108996
149,0.35780745406117775,-0.2326372008104488
150,0.10314041265833696,-0.38352787501498303
151,0.0840666390259565,-0.4273268215861384
152,-0.6540724027269269,-0.30010238721996213
153,0.5332140213143114,-0.5618284403429987
154,1.30295504078287,-0.1832430511575694
155,0.4780488702090843,-0.5007370699847308
156,-0.4563972642881874,-0.5899938953472794
157,0.31519456284385955,-0.4584074503223106
158,-0.6439371203906531,-0.49066429041153503
159,0.6488934579452844,-0.335719121909521
160,0.06533159603336829,-0.3626682840315318
161,0.05107423325462884,-0.27807551489390897
162,-0.44001292603604386,-0.3775872156809076
163,-0.6290476051824762,-0.2332420416761157
164,1.5169542007732517,-0.31635295162501803
165,-0.20365206433953278,-0.18224674931235355
166,-0.5352653235202773,-0.48415739363491495
167,-0.724701205384322,-0.32176392009470717
168,-0.306540628005537,-0.3494028562356348
169,-0.15523996198117485,-0.2889314981539769
170,-0.4659970244189242,-0.3085201907732798
171,-0.672876189769291,-0.01934369071876796
172,0.17795074315043422,-0.35999916522062536
173,1.1535656747748175,-0.29594884219486284
174,-0.41109222960754677,-0.2595694102003289
175,-2.64399124296899,1.0678171022257892
176,0.5636107302981896,0.20136430191785762
177,-0.4547196691802567,-0.23525613486914657
178,0.5216312372195319,-0.10986352472200428
179,1.0551796675368479,-0.297198572861655
180,-0.3557045603150876,-0.4857772452954592
181,-0.44435257130550027,-0.12227378639947738
182,-0.4400579216525545,-0.4549750795226458
183,0.6628836777323039,-0.36377697029958694
184,-0.18767712535281592,-0.5223098223810893
185,-1.0064882574352152,-0.20012056111354176
186,0.8733320832371773,-0.17057421256166258
187,-1.4237894045686699,-0.2061462213481455
188,-1.001093026144376,-0.08811015694262872
189,-0.04765744646743442,-0.1140707853576675
190,-0.7579042325343923,-0.09452658196984283
191,0.31034538317226756,-0.10758118132974252
192,0.6258297863816907,-0.004722966000471611
193,0.8151824884646828,-0.23058568584338335
194,-1.3619420610605522,-0.2111735718796562
195,0.19857117520771772,-0.4487235362693329
196,0.3114730510758699,-0.1565277145886969
197,0.5984314606022003,0.6240355431585431
198,0.799814568625396,0.08254424409642888
199,-0.2895287130147478,-0.23340251366151982
200,1.5486834108471328,0.13777278569358564
201,0.16851551141182455,-0.2137816128686554
202,-0.228067448020903,-0.3510659052552508
203,3.01052640792187,0.7295887397059932
204,-1.275829929683734,0.08348998704465865
205,-0.43105066422112437,-0.26169455547698783
206,0.06581116403511572,-0.37510675914962444
207,0.20781924365626078,-0.09643622168686754
208,0.002691353863371638,-0.3101043307617201
209,-0.6096248686850462,-0.48339365349296864
210,-0.7186616651295427,-0.4516537336030029
211,0.1108163885941959,-0.49422603664518244
212,-0.23025092446233145,-0.43679548834538307
213,-0.42078544143116203,-0.5031732664243961
214,-0.7817090909988218,-0.4012911345204057
215,0.37078955680648157,0.1549785499661655
216,-1.015676782794401,0.015241069135195108
217,1.950690719199501,0.5073265234881942
218,0.6797174459894632,-0.28908641682645175
219,-1.2476984750659317,-0.0645985328939159
220,-1.1054143579722187,-0.2233170421514367
221,3.2243372437155755,1.2371763879843747
222,-0.8229336573377093,2.7736758790875538
223,0.3209665006928805,1.3387027991574814
224,1.5071305711397998,0.3616598432996899
225,-0.6190378979348753,-0.2259332522540561
226,1.2009501763294994,0.1874088127890175
227,2.362117661567215,2.731750236623273
228,0.7774459281949712,1.2298769795373659
229,4.785416420109021,8.004887173474849
230,-1.8074686794138333,9.667884292104022
231,0.42567794567483397,2.2135881764921703
232,-0.018940404210338442,0.43716601320277926
233,-0.46298708183606135,0.5919273390666402
234,-0.015508847678138472,0.15878224550497458
235,0.8375242344077027,2.204411704369241
236,-2.822605571557034,1.1036038936218127
237,-0.7599731658266237,0.9883639845646112
238,0.2405617386417712,-0.05672673055284043
239,-0.23545916623005747,-0.16922658808329225
240,-0.43834695159845294,-0.40319418996530554
241,1.6367267977873334,-0.06270370570856881
242,-0.8770818842713934,-0.2974615432709987
243,0.02709665277032867,-0.3360872854666457
244,0.06829402035099238,-0.37581093311020025
245,0.23149674469622317,-0.31472895987488053
246,1.3899983828145264,0.3026353182308903
247,4.593297399377235,5.144189993356535
248,-6.4369821527251245,12.00701447575879
249,-2.8782320619049546,4.8564410111098475
250,1.647118014657228,1.6123616778436771
251,-4.749787855646506,2.883607058877294
252,-0.22901787923563632,1.1322034748959893
253,1.2443927421688363,-0.03562469998894722
254,0.4335722121947726,-0.005906765393039479
255,-5.868251211421276,3.338128939732101
256,-1.974016251860526,2.33014610582629
257,-5.475021578963679,4.542241881097155
258,0.8841238267576447,2.3568592227737124
259,0.7423664186630566,2.6078551360655053
260,0.7936706125270628,0.8600083003606315
261,0.06277592390964455,1.5077461292816414
262,-0.9107273464733313,0.5425124743629018
263,1.475492456691991,2.10736496284306
264,1.038852569255544,2.178860863227226
265,1.5241213022733815,1.226781975486555
266,0.4341165261438,-0.039491260194594216
267,0.5866682687531083,0.3701230853998323
268,0.21761646480336727,0.24374305607940094
269,0.516289380636116,0.4508417667919458
270,0.30874425986624926,0.8202314556409266
271,-0.31414656850707706,0.39153202510901103
272,-0.27979932971500787,0.7857624004766239
273,0.722601303928003,1.0220733155824993
274,0.6419068637587414,0.18404813222543281
275,-1.551934572600121,-0.16513891089710278
276,0.6011179253121108,-0.00030347144850551456
277,-1.0102271206018962,-0.018519080108934844
278,0.5881619700383911,0.07860076459880444
279,-0.026075544188160615,-0.327766901416666
280,-0.5009617458777856,-0.30649813778826546
281,2.3472100400544567,0.386771911909696
282,-0.5410568767302791,-0.5125282522168856
283,0.15991563356164007,0.2767807257850223
284,-0.6398630744714958,-0.45230191618158727
285,0.05258098822294659,-0.3798967171455058
286,-1.0533918195284508,-0.3361120083764113
287,-0.03614251265080268,-0.2990432673843626
288,-0.13902516348003446,-0.34565024036829195
289,-0.7001526737023818,0.3369342429319183
290,-0.876708427117823,0.3327879511625198
291,0.01850217762463827,0.42008051024532533
292,1.5957890691536472,0.8619462590653899
293,-0.9335871561523373,0.0825538242066859
294,0.7374859431056932,-0.369054170386273
295,0.8625299963642437,0.3108575120668428
296,-0.33246113337151306,-0.2331235629959469
297,0.3555050412828084,0.42283942707625
298,0.06876860047856738,-0.13897939934462009
299,-0.5991087511882368,0.01852178613583623
300,-0.020700479532385862,-0.4189882004481447
301,0.806447646346542,-0.24649200604197424
302,-1.389294971038732,0.08271824846551741
303,0.27071112248047924,0.12175439813144846
304,-1.9723685557782893,0.4642464850298485
305,-0.131067147801043,1.6841298762499641
306,-0.9857942611668301,0.45292170581454544
307,1.083940103557896,0.4939727485866973
308,-1.1583766637442876,-0.1261614214747725
309,0.46578617917722,-0.29580200113706717
310,-0.4917725129137089,-0.3471833778059385
311,-0.07285449803367715,0.463872501331184
312,-2.4266995673804606,1.1010949228197469
313,-2.2053692684037176,2.5438110674511396
314,-2.1172097988172673,4.872238357132667
315,0.16479860465208,2.2006528375331236
316,0.85768479004844,1.204817187546375
317,2.7039338759088567,3.6050336955618754
318,0.2725462265272933,0.9840648643163877
319,-3.690961389697294,2.5441864827838123
320,2.4930442560302843,1.4442715069512315
321,-2.6069252653874035,1.569463522364957
322,-1.8100737302619947,2.9560528142042113
323,1.5086605341016732,1.4509416302557505
324,0.9178702191530073,0.44301760568256254
325,1.6597691458673862,0.5305411452893398
326,0.008763703599707247,0.5764205471533925
327,0.5003540108871122,0.7896468451255805
328,0.9008903135092067,0.20771961896483412
329,-1.1852386545353897,0.098677786254781
330,-0.9102448349644344,-0.0074837874074931525
331,0.37473224583303266,-0.337917782786375
332,-0.23824272668287186,-0.36043175252071463
333,1.5621336188904231,-0.018486730296913605
334,-1.1255587162783094,-0.15439728404983483
335,-0.8673384133174031,-0.08860468854619441
336,0.7204848641340763,-0.19429000083184644
337,2.1566360860105998,0.1885742396651045
338,-0.2656629247678141,-0.3503085847414584
339,0.7223070962413414,-0.07242509378106876
340,-1.429268474814899,0.14703425461414693
341,1.0324398771187864,-0.26062541085205415
342,-0.8116658159940829,-0.15231754370004455
343,0.24290624126767046,-0.23435434084216708
344,-1.165353459467211,-0.14434133908399654
345,1.179420887496482,-0.2846941904735322
346,1.3330839435055788,0.06018145445463868
347,0.2875522363282624,-0.2104269028868946
348,0.15563620771775702,-0.5180027850130324
349,0.0826798278246844,-0.38293039309711346
350,1.4941773540835317,-0.32879271139526606
351,-0.24721294346288578,-0.2909533900851779
352,-0.15737430801559163,-0.3738532279048518
353,0.04877447497261797,-0.3810700119425632
354,0.12853694839655064,-0.5204777054946669
355,-1.0963925445724199,-0.3682602444579598
356,1.0224686689017022,-0.5012044990912408
357,0.34109547135343027,-0.3397682926352274
358,1.3537393891248355,0.1454734700283948
359,-0.6207424395540718,0.0165216522220723
360,1.2101568039293296,0.07967937204297124
361,-0.311099426949867,-0.25746399138295234
362,-1.4833896732806335,-0.36375319529022626
363,0.7201087931636213,-0.3174620719750649
364,-0.41384292840857745,-0.3769749351697229
365,-0.794102845549334,-0.3376847788966843
366,-1.7399588753443507,0.19963956583453615
367,3.0902885863083633,0.07872799832555347
368,-0.592648685733209,-0.2993049743512194
369,0.17597705669274866,-0.5449945843006024
370,-0.13982161696483725,-0.5323335414869694
371,-0.39825853189329186,-0.5402731373151204
372,0.4747640937452962,-0.5371388773471671
373,-0.46105456736815414,-0.2940263609254174
374,0.40339527748429177,-0.3843721540221483
375,-0.6618113167604569,-0.4447579911890165
376,0.5310212018659505,-0.44013752868493045
377,-0.38650893509492307,-0.38238288715430135
378,-0.22773511717573874,-0.42021708629812954
379,0.6128082882857376,-0.21023167596568373
380,1.396902590603882,-0.31947139771856603
381,0.8454426581459055,-0.24021852264289667
382,0.0499693488533608,-0.2626090731609525
383,0.2808192044472911,0.2627998591654007
384,0.03859726663774909,-0.36260184693585606
385,-1.0540241109870332,-0.4155702894398352
386,-0.32962861613045946,-0.5244874986921141
387,2.4744832086627113,0.15996247514535078
388,0.3361881513638308,0.6038829495941038
389,0.5338651066580978,-0.17947042673538632
390,1.2649306079431966,0.5359514161208003
391,0.9779125340741058,0.5277637479182096
392,0.23681149391319223,0.1858303589284267
393,0.4970408592272379,-0.2324962577342432
394,-0.3131602816826038,0.2004784640973741
395,-0.023620527644389166,0.008577454631209527
396,-0.22230650935481525,-0.28290000884802047
397,0.6845021273820567,0.37999198087489056
398,0.10607859626730443,-0.3375080675006887
399,-2.8884069715191605,1.5746833021578401
400,-3.0553928262045416,3.748467585746857
401,-0.7527324913134088,0.8460504143101985
402,-1.1768399857397132,1.8834057795623358
403,-1.298007920303818,1.412371640295121
404,-2.4579437129753785,1.8636177806375962
405,0.6455680327029727,1.1836797940484154
406,3.3651051634087668,0.5880423498718865
407,-0.6493639259685982,0.8269644935345193
408,0.03853351817715523,0.6006109200991926
409,1.753391211916831,5.323319952217229
410,0.6934648412673963,0.35153188755836823
411,0.13693418113153266,0.9591618432440546
412,-1.5372715737540545,0.7488376548108178
413,-1.0768719496351955,0.9560004594181865
414,5.788027654149252,2.57490776835086
415,-1.272305287119687,1.93807165295322
416,-0.5209057041152361,1.3224012063431172
417,-1.1283271172207159,1.2363298408317414
418,1.4604444238198466,1.950393514866923
419,5.037753722375109,3.8115339816069644
420,-1.1576695025189578,3.076996012840832
421,-2.558256963290713,3.1099977754573986
422,-0.16749192216939351,0.6927457467737831
423,1.7722985682884158,2.1048805645510065
424,-2.0840424607699117,0.6418930179240767
425,0.1198389314029818,0.5051732748346293
426,1.5192560099676529,0.6028010071549701
427,-1.2875967995478863,0.39795530366163995
428,1.5553365530073844,-0.037084836510535714
429,2.356798827964588,1.1210270248247927
430,1.5757968205212713,1.3238179311015776
431,-1.847822119077141,0.5022512580012856
432,-0.14655432673829272,-0.16937425258243533
433,-0.5061817334073332,-0.1365620287063774
434,-0.16197796475362303,-0.2995605656057847
435,1.3757572971044763,-0.05853531580081492
436,-0.41207441079174684,-0.3342868868409849
437,0.19285915671458242,-0.25681257489555454
438,-0.6899839978025204,-0.19452784717390692
439,-0.4579757086837969,-0.2637889713632301
440,-0.2181128170595445,-0.3929395574126639
441,1.4230250265058784,-0.16170982651008753
442,0.2259253991742325,-0.5000215573608133
443,0.4752733596624265,-0.5194658244276038
444,-0.25034404312809594,-0.3531163615139935
445,1.1428375034463978,-0.4185699679126762
446,-0.8751164527897878,-0.37388784449748225
447,-0.14774217091541397,-0.3664593114724672
448,0.16813532406835305,-0.5565090799278152
449,-0.4357424026561854,-0.545845910557052
450,-0.17128727492791296,-0.6199606634153451
451,-1.074844350691973,-0.3544651129013954
452,-0.5960536135589843,-0.2963057102641238
453,0.19431173299075358,-0.4484656520922992
454,0.4903930890307511,-0.5827696538837509
455,-0.6961013562764886,-0.4126072779610361
456,-0.059427861682122766,-0.5001913414518431
457,-0.8491437111730332,-0.25096182036896664
458,1.7672383895058914,-0.3772918287204374
459,0.44731409643077563,-0.26040782156475467
460,0.8129308137570291,-0.4577960856862552
461,-0.6483596675209966,-0.5035373254557922
462,-0.4887114587284938,-0.42919620946750286
463,-0.5145524358575103,-0.41645065904618983
464,-0.4692322471068888,-0.48617861286174313
465,1.1632773143801725,-0.4763478368444781
466,-0.5043605765065066,-0.5175237411708971
467,-0.6277206197810989,-0.507978660898037
468,-0.5954240172951812,-0.4445325503475888
469,0.011203280294843269,-0.4810796637197903
470,-0.35327306556329113,-0.566915133290868
471,0.8582113013015049,-0.38714917442835367
472,0.17785675498093373,-0.5771828592001061
473,-0.6967319063546081,-0.40386286401129357
474,-0.39713569019894024,-0.5345889413386707
475,0.2473660025436798,-0.5988254391523288
476,0.6222300261101152,-0.5641053239377364
477,-0.5995158825923235,-0.4680764492843145
478,-0.29560086751296916,-0.603343113664616
479,0.08218954257914031,-0.6325415826486416
480,-0.22959514429836772,-0.6002739961198377
481,-1.1610208818317416,-0.23921444760462815
482,0.46413202661806996,-0.455468433482643
483,-0.3603743248502363,-0.3624205676861551
484,0.9133003895637904,-0.48093426468358524
485,-0.06134052347134387,-0.5314220670962455
486,0.4521448911332435,-0.456482270468008
487,-0.27833122329166665,-0.572105507127758
488,-0.4689466417369112,-0.5775904376389058
489,0.720165690085853,-0.34781306617330005
490,-0.09506509025932393,-0.5700939001811656
491,0.9069002071696601,-0.2522116692116263
492,-0.16217898030750738,-0.5099488039289803
493,0.22403566568301614,-0.5103556026477972
494,0.24178461147191577,-0.5027853572114266
495,0.2084529665641216,-0.3473140701051397
496,-0.5116761797401328,-0.49030979484622905
497,-0.668830823028812,-0.47848176926150465
498,0.08571989772803196,-0.6235071513156601
499,-0.6059851028864326,-0.3416606382886053
500,0.46963963785572643,-0.3789463626000968
501,-0.43773436779631175,-0.4871886663974002
502,-0.05920964799852669,-0.5593008649249885
503,-0.0981388266086109,-0.3998184991231928
504,-0.2679424147848262,-0.4781714266860893
505,-1.24606699054417,0.19935668946718063
506,0.37952149960052806,-0.04185015153557152
507,-1.0454427903917267,-0.38573979417900867
508,-0.9578259668910873,0.709074924889945
509,-0.7569194922718714,-0.1529784181535801
510,0.10583231576878045,0.0001140926870063931
511,0.28254795552761075,0.1733191077163745
512,0.43666747646892573,-0.31910766288817594
513,0.13816535931396096,-0.187322136320995
514,-0.22832467416690463,-0.5386499548568707
515,-0.9758934622075709,-0.34412988491915775
516,-0.20920528336613373,-0.4502513611022813
517,-1.238481652705592,-0.009539579067039622
518,1.05591419755579,-0.2829306145397205
519,0.5229460755820547,-0.4664706292537818
520,-0.18862502603425133,-0.46779123340922885
521,0.5093619217037102,-0.5207550788953319
522,-0.23467631381621498,-0.562304536657524
523,0.07407547711807108,-0.5732700354209598
524,0.9120839486040433,-0.5393904959640807
525,0.173189940259689,-0.5718360317664337
526,-0.5297647733934415,-0.4862910048138572
527,1.1750969968278235,-0.4878791155088784
528,-0.40414922173574597,-0.4104395906370605
529,0.1890903807566739,-0.5321877318981756
530,0.2231538644005025,-0.6163108845350679
531,0.029187593713309937,-0.5569925611676299
532,-0.2258395008604617,-0.5159567734838786
533,-0.4887537816167281,-0.5457750560854581
534,-0.4379218170537688,-0.5159644500911136
535,0.5565955391802937,-0.503116060405993
536,0.35859657978807974,-0.5574189403628378
537,-0.028105416071925425,-0.4739351693681602
538,-0.0008170661285249497,-0.5652544272252401
539,0.21030773803929667,-0.5159512168680132
540,0.24575000484134338,-0.4980264520848371
541,-0.8011480199690157,-0.5444372136639966
542,-0.5939306860047007,-0.5165237349120205
543,0.6204708469222895,-0.46360840493571365
544,-0.2540249206660457,-0.5297437112393812
545,0.4531711997765895,-0.5323468328239613
546,0.43845654801756445,-0.605928603397067
547,0.1857711209978806,-0.5171435931806961
548,-0.12424491272309023,-0.40628014370847026
549,0.6600783467321619,-0.5402082590088026
550,0.7416601373710853,-0.3512374141537458
551,-0.46140953879813545,-0.4002987068454927
552,0.5409480289743387,-0.4876508112299347
553,0.1390383395164055,-0.5133637047797819
554,-0.2395274471814503,-0.504843247026526
555,0.06481830617737551,-0.6181271084012638
556,0.5896221635812924,-0.3926526124692127
557,-0.930901374095051,-0.4145159617359444
558,-0.27989524506000313,-0.4925491993325537
559,-0.30685044071559,-0.5870296563042425
560,-0.18806891709741008,-0.508264743772947
561,-0.08908613970299341,-0.6181902246971025
562,-0.43971149858927844,-0.48945191671711213
563,0.11729962928897802,-0.45732433944145856
564,-0.37343692075474694,-0.5158857697259984
565,0.11446257300123111,-0.5068709138398905
566,0.43121248232210846,-0.4763143921934078
567,-0.3956027478974527,-0.4734248369258337
568,0.2673289772491642,-0.3366901397450562
569,0.08270994279244753,-0.607989632075306
570,0.28991725560940673,-0.542333152175379
571,-0.2535951771922508,-0.4636556419779881
572,0.4813433456259023,-0.5407044080694609
573,-0.3842543774698503,-0.35436019929242407
574,0.4633640870000873,-0.5531050019279505
575,-0.4006444501086628,-0.48543945046330195
576,0.011533903153824559,-0.5766824997864333
577,-0.9224542810619637,-0.2741993694353829
578,-0.6738921886534907,-0.443966879818409
579,0.18273550481866274,-0.41553143839433077
580,-0.6307723754805133,-0.3407590401293388
581,-0.1554626349923282,-0.42344079293964465
582,-0.251195639938676,-0.3918617046898536
583,-0.6797565698193023,-0.3323211773697068
584,-0.43488555690399333,-0.3428532662752918
585,1.2079404291783746,-0.08483990911502977
586,0.2934337160802123,-0.5996874270512067
587,-0.5634369761224011,-0.4350030842606335
588,0.9955669374118229,-0.46860846151526014
589,-0.17584254261214574,-0.5688048322723992
590,-0.3217955378375625,-0.5553984629986097
591,-0.5944041060041166,-0.5408260321903922
592,-0.4211153837362334,-0.3961299637144951
593,-0.08679274733750215,-0.5548750950526746
594,0.565591546964767,-0.42978669498951433
595,-0.9094237880952539,-0.39931845494860474
596,0.28160675766869603,-0.41638434424091464
597,0.06432720566158122,-0.309041656791774
598,0.2542437178279068,-0.5147935703050273
599,-0.134964491900875,-0.44680104287518047
600,-0.08617993338127736,-0.5522196431314815
601,-0.827848844178551,-0.16081835556643082
602,-0.49073413901795865,-0.4335457950402097
603,-0.010028041658115126,-0.24508867958516045
604,-1.7875089142320408,0.44834377140263826
605,-0.5685361178478473,0.5456894194011237
606,-1.0223618677990987,1.5205069834907567
607,2.273400471131581,0.7399432992567955
608,-1.5254646902814122,0.11527784180402424
609,1.249275677548354,-0.19770442493530088
610,0.7787787834224147,-0.4302206564446906
611,-0.8816127935669468,0.23225747367868693
612,-0.9100182703195051,-0.10663723938257551
613,1.1895932454946958,-0.4245453170459499
614,-0.4122506342513838,-0.42218893560005305
615,-0.8422009157961861,-0.17818196279361356
616,0.138634360390949,-0.21667214939311813
617,-1.2052570468918034,-0.09445797880856116
618,-0.951694248209196,0.46702785084615184
619,-1.3831489022606194,0.7784316776430965
620,-0.49424600996955137,0.9605061435142933
621,-2.8605546713351764,3.3674971670165963
622,-1.240578320830379,3.2444498366817593
623,-1.9627623988236254,3.6891390775517903
624,-4.309742425700656,6.487862848323982
625,-1.5150133680905926,3.707403743349131
626,-0.3670298750582217,5.140605635756758
627,1.2782504729267945,3.1445749432477266
628,0.5497301296858821,2.696073731759278
629,-0.0627034243416915,1.3516382602689792
630,0.6425787883658421,1.3924841327815716
631,-0.8418561154362303,0.944404916755663
632,-0.3250646692481557,0.3608838744505164
633,-0.4632559306384193,6.111493484360295
634,-2.8903904780042176,1.916011668138148
635,2.2088133989351793,1.9126220804771703
636,-0.31756811611000874,1.5853461510446585
637,-0.17321786433128125,0.7511682073025228
638,-1.0042278925733898,-0.05773401002377235
639,1.2426848100864814,4.921858784071122
640,-1.076901626957319,1.376501920733455
641,-4.236981422995382,1.3087747738914726
642,-0.2103787447330731,2.7077049111800746
643,-1.0110105852258828,4.037881958631749
644,-2.574035459844044,4.12796646281011
645,6.435270631606211,3.685803982496308
646,0.13605202339631284,1.6501140365585814
647,-3.6855840443408163,2.400693951315608
648,4.087418101378079,2.3942815430415405
649,-2.2925769101449385,1.1602140029345478
650,1.7575926948084504,0.9511733690318779
651,3.325969126090147,2.221682475863747
652,1.9525754872424697,3.5804533158513863
653,-2.274691569264176,1.332399149917127
654,2.254136629742489,1.0693453534286004
655,-0.7496688246496176,0.6448906060479311
656,-2.2463295212822425,1.3703603939214133
657,-1.0361385389729896,0.35885009446897875
658,-0.10029892124641838,0.28546129745004833
659,-2.45969303136138,0.7390035421414854
660,0.6540371094749479,1.8372011178229584
661,-8.02350888862311,6.450044556827691
662,2.3451093496605084,3.4065360791001886
663,-1.1201039802192465,2.2940081253324784
664,0.9540563075739196,1.9162466420147066
665,-3.936980723253545,1.860701325536059
666,1.0423558665216661,2.4184870788856445
667,0.5675951815537167,2.2651008207536902
668,0.14482308654650258,1.3008015760562546
669,-2.007201655550482,2.073285242419093
670,-0.2840691354752794,1.772496051378122
671,-0.5184693855194238,1.1238260801399667
672,-7.250624911948327,8.497653095652831
673,-4.815620780607918,9.82559885873339
674,-3.7920042225312587,13.533996314502785
675,2.171573226984479,6.535065020671457
676,0.17440972580970887,4.509100892829264
677,1.4360874819786742,4.03217581656111
678,-1.8346512519282365,2.564116073110158
679,2.5896723130029233,4.587324085934042
680,5.569527985818318,6.542753239332767
681,3.264193900843917,7.193678891078303
682,-2.260644361085144,3.500435639010368
683,-1.0740571199801212,1.6527161750394612
684,1.1940102290972796,2.12347459409117
685,2.311554641366472,1.7881926764849196
686,-2.2823094141189406,2.4357022782539755
687,4.096519661842466,2.2107006892748133
688,1.0030508147646608,3.793472564376342
689,0.16912320743625572,2.391731037789026
690,-2.5561138037029614,1.2453027063543864
691,1.0143946226504164,1.280060157032658
692,-0.5203572918509923,0.7654892818581827
693,-3.0047853890692,1.9753522973520174
694,0.44417048024268285,0.30852029996888564
695,0.41250727532335374,0.9877315424394196
696,5.10412876418704,5.2106841114865485
697,-2.9090966172169903,4.351439166973737
698,3.447153625598219,3.4476676369675436
699,-0.848226744134492,2.0408651572301078
700,-2.0580539085097183,1.9050888419723566
701,-3.7533242742490067,5.445214192710491
702,13.964970649013779,11.778415700920778
703,6.704817746740601,11.851529115341226
704,-6.858865192528586,16.46277293324632
705,0.873787687521922,11.741816512800613
706,2.256787131001575,4.948865816417312
707,-4.841683388284697,6.648890868288176
708,-0.5184974029512792,5.829611654768632
709,5.560105661642227,3.6936373422320004
710,-2.281047869663136,1.2807319609383447
711,-0.9996874151890813,0.6982131831573597
712,-0.2528174625812993,1.8153446463568377
713,-1.8597873353062864,1.4221716864746201
714,-2.7885948215093674,1.6139937825473811
715,5.212082690254981,5.327230666333156
716,1.9699557242444024,0.9937814686714086
717,2.3420614505461823,1.0041082015773108
718,0.03947555121985409,2.0390372838107704
719,-1.4915465946259427,0.2161468473407774
720,-0.9938870368371906,1.187237285733724
721,1.462907216906855,0.09752265614740818
722,-2.6443562399150045,0.6288778874505967
723,-0.8405094159453158,1.005042839821892
724,-0.3188963930675929,0.5786942407245242
725,0.008328312380519957,0.47579593634915335
726,-0.25517587617300275,0.3967591320368556
727,1.06782757724756,0.04510794021572746
728,2.8224891261999114,0.32149012421885326
729,2.665751849296043,0.7178733708904886
730,-1.2216725088862044,-0.030578397520832398
731,0.16033061013255026,0.13629576829582624
732,-1.0829376250617748,-0.009060211299900285
733,0.050909882016244315,-0.45451195020160456
734,1.2901615996598705,-0.13938867971118815
735,1.9298338300164821,0.48542679253078996
736,1.0705397251753046,0.046857183812156186
737,-0.08413435020654213,0.16705802509202694
738,-0.37264639591544013,-0.17889253806135805
739,-1.007437425103367,-0.12387748868584342
740,-0.5128441395272553,-0.039730862908942656
741,-1.944197870106059,0.39134196207606003
742,-0.35554016249941933,0.028830912265620665
743,1.9595221622094408,0.5737226350511098
744,-1.040013269824087,-0.01962198585560943
745,-0.19160397960465644,-0.29337913666513554
746,-1.8519116914924438,0.28284395744737445
747,1.2240072881706476,-0.02649226455028594
748,2.8932174558123016,0.6176142676660297
749,4.012517726068074,2.232545238436688
750,0.6124507804219083,0.6175458522067446
751,1.0691822614564983,1.1381356612600144
752,-0.715096951632107,0.5143122929918044
753,-0.9614012132030205,0.5330586590391202
754,-0.76349804243684,0.12693969449459336
755,0.13108697692094698,-0.34274234097630346
756,0.6195618536131862,0.43785170047221783
757,-1.8412223107098364,0.023887208728450852
758,0.2547131377732119,-0.23143640214300493
759,0.8683050942264177,-0.45172457448627534
760,1.0331035854277628,-0.36551787159944693
761,-0.21473342561222564,0.01455565733707893
762,0.2802250302791057,-0.1636655782117367
763,-2.5538354757039503,0.4235953184287928
764,-1.4766521155951589,0.27941522135257907
765,0.5437069460839224,-0.45596303133913935
766,0.5805436800191196,-0.19009928783357008
767,-2.351250456221682,1.3598153730269436
768,-0.3722938662372714,-0.3098582685398709
769,0.37717300805504655,0.23008382057031856
770,-0.8055537639324295,-0.2466086264895069
771,-0.01370100101508064,-0.05103656351475054
772,0.7290453169699385,-0.11595729730193584
773,-0.40680609630600423,0.21534069430227654
774,0.3124113300703858,0.24839414243641358
775,-2.291983042030126,0.40453674771549203
776,-0.48401638326329055,0.6087258877184898
777,1.593917042511566,0.3251152094113941
778,-0.02370731139316879,-0.33920228612791264
779,0.11952142339541488,0.04236868311437655
780,-1.1298891167482608,-0.04462907250029291
781,1.7323243474095442,0.18823878605270022
782,-1.3632418557135082,0.105688782326996
783,0.16294340473833305,-0.4022531218955488
784,0.37695155907425176,-0.48621270920065934
785,0.562960516180453,-0.20111099871804794
786,-0.42908065044058785,-0.32420693236191944
787,0.925780605353468,0.21800589059836933
788,1.8916794385618994,0.4828386493997538
789,1.6452628613653135,1.8051496518162407
790,1.903539301552048,1.5570456110872524
791,-0.3479182747650508,1.105900139756021
792,-0.6767255839250812,1.018018723182301
793,-1.2444577939195713,0.5782149128515597
794,0.8107510869476225,0.3153784831065426
795,0.8475615144095099,1.466633388792214
796,0.9734997347774271,0.5021808358231789
797,-1.98415709462397,3.4831347677229365
798,0.6818944566103292,1.7172541481523498
799,0.6671356551913195,1.5679319164171048
800,-2.6190980132653916,1.8139075430212668
801,-2.2113049953320583,1.6318629237904851
802,-2.859491806796659,2.799930597525707
803,-0.2966720779169903,0.2602201065276286
804,-0.6080099816641537,1.2030308586418268
805,1.5783282760889046,0.8833197300615027
806,-0.5470039804145672,0.13623130941510453
807,-1.628546281272181,0.653368017616462
808,-0.13943088073468324,1.3889926790455442
809,-4.12121744733903,2.4734063339172154
810,-0.7870735984332032,2.3686954083103613
811,-2.4094387311752796,2.917200475726008
812,-2.3696344937808864,2.7096041225205516
813,4.209896044388051,5.142152499757637
814,0.31396250793105634,0.7697137011966104
815,-1.0290534737258925,0.609177136784874
816,1.1787865532244965,0.22048374971521592
817,-0.21979899318599633,2.3707147405057434
818,-0.5771976084022113,0.29209994876148493
819,-2.611436610783723,1.9433189968954998
820,0.6326276758698759,0.7718855773573077
821,-2.895917594428547,2.0085617137423157
822,1.3964620448430674,2.3407111762698047
823,0.22245700281089417,0.15773873914988631
824,-0.8145510976688307,-0.17855802604643448
825,3.39085764657985,0.25149458865171487
826,-0.42838936152330637,0.09764280822219834
827,-0.834814096323597,-0.04091264555045673
828,-1.0827347452413743,0.31719707971041977
829,1.7733761173186158,-0.08552313039954623
830,0.2676685469386788,-0.4229774577477255
831,-2.3275962237307595,0.6045574819438236
832,-0.4273766089375181,0.6494250485590672
833,-1.172296106902153,0.07082724448098895
834,1.1680701936144857,-0.12743826118650162
835,-1.6463125060991075,0.3196614695488079
836,-0.48910419390190296,0.2246791597220631
837,-0.05271611527455891,-0.19073000728695
838,0.2602793896284317,0.22544137451283652
839,1.1481104088764047,1.1143089545656628
840,0.0733819541952108,1.1874804011691118
841,-0.5994465356363373,0.27409934296080074
842,-0.8176617824992838,0.023303330540980924
843,-6.333720442902726,3.4686758992911253
844,-4.092527587006281,7.063889837683845
845,6.897058507657303,4.910313607865203
846,3.5037156060061774,3.043422389512042
847,1.1781198050356858,1.989471064737337
848,-2.1941089765990807,1.1527241279062248
849,-1.0876688639515373,0.6392263733973231
850,0.014749466710791703,0.853117790437159
851,0.35826662208394155,0.6257623442887053
852,-1.9095676954316816,0.44578422581718785
853,-0.4773223547689686,1.10957052592462
854,-0.17557537047394914,0.458149269360993
855,3.911355160824554,2.895580517534713
856,-0.711867532282163,0.7746461877163938
857,4.582063902266986,2.9044783043978892
858,-0.9971604071151233,0.6516699429339627
859,0.4080172959669282,0.663151507779167
860,1.5496688252322042,0.4567132144709268
861,-0.4333325375939729,0.4779204819240648
862,0.5838467888081492,-0.1632603581313514
863,3.159637316907602,1.0283774130346184
864,-2.5999925984641874,0.5038899003179346
865,1.0147202029854971,0.2611573655365114
866,-1.6183422110377554,0.342518469090707
867,4.277710410736102,3.7835802805011287
868,0.49051526234793874,0.6026335634314172
869,1.1064023220632184,0.7402251537649476
870,-1.016769001587207,-0.017789427962070854
871,-1.4549852163905361,0.9099095676876264
872,0.09232388742594988,0.014943689107747593
873,-0.2957555881286839,0.2390514963999065
874,0.5066032978943944,0.13810396563973423
875,0.17518730936953053,-0.2857873129647464
876,-0.8467043458132159,-0.07188480856145239
877,0.47453489189612674,-0.32186736480469774
878,0.13101026282729877,-0.2562122572013675
879,0.29545109948591675,-0.034921397642461785
880,-1.0751544497015169,-0.014375177398761185
881,-0.6334435841815704,0.1535223518061806
882,0.9555251826349176,0.8686902660373476
883,-3.546567509981023,5.950115074587546
884,-0.2841110121832746,1.2460365997706995
885,-4.284136223293188,2.3839767321055865
886,1.2099596755323208,2.6945895742680874
887,1.3962477022034485,0.18029682324320628
888,-1.3589525538782539,0.3937816765554456
889,1.3656464579026437,0.4260208025762469
890,1.7097577699454332,1.269952299863386
891,0.6906289034787444,1.5030221522633576
892,-0.9489643585463986,0.45710083372058136
893,3.3868292571613585,5.589655922887449
894,1.2763608259617762,1.8932111021290212
895,-1.5646956582353542,2.5855992323828447
896,1.4474664761809115,1.1860396994228946
897,-0.45989939123191653,0.9712255308777274
898,-2.8335734883049777,2.090768988799641
899,2.5464747214624226,0.6972775424482923
900,0.14281349559969486,0.4153780213839085
901,-1.61136621285315,0.40664291465557767
902,0.6914388694500075,-0.21814500015559937
903,2.6720593008599174,0.7543054064147618
904,-0.9405432479483024,0.15953096167336273
905,1.4313888801870613,0.5121192952383516
906,1.7697525674697483,1.661679066779304
907,0.7638883764880616,2.4066379750394313
908,15.741781481801148,15.861108680612443
909,1.6840103012487342,12.722091851298703
910,6.976562589675923,10.072639725246335
911,0.4039911900100991,6.6056100655668955
912,0.7186951665304088,5.991601141127806
913,-2.2437297585575346,4.693477424712615
914,-1.70544089615695,3.8436999773854934
915,2.261029423497753,3.1208592772975847
916,0.5644655568245458,0.8090636538624392
917,-0.533532248355665,0.3007145259153569
918,0.06331172424079634,0.9338929213650158
919,-0.22884055748862012,0.9507408931833505
920,-0.5368615719112101,0.5507812175754523
921,2.41616032915489,1.4613100971532367
922,2.1645408543791063,1.2515901009702362
923,1.1006031714497695,2.0934162591644156
924,-0.7865377642927366,1.2187362464460298
925,-2.177417128474051,1.4834548707714814
926,1.483791045400149,0.686180452710914
927,-0.33585436355017434,0.33293631478418084
928,0.40125243644996417,-0.20847191802537893
929,-1.6009907942704116,0.570008824554198
930,0.06432661481219594,-0.11769608796236893
931,-0.6357381786255073,0.4898186151820398
932,-0.46846238959620634,0.5967880134603648
933,-0.17456493176892843,0.22467773463500823
934,-0.7366876102954791,0.18293645069706194
935,-1.0561562755418097,0.5817322997218145
936,-0.6040422390458439,0.335781560149841
937,-2.119389164410568,1.597676758203213
938,1.9072423254932185,0.5636060709753687
939,0.06419005687499346,0.11430126936084994
940,-0.7821265522939629,-0.1489267277046531
941,-0.3598733180568756,0.0853752164350618
942,-0.12961418976641087,0.15006955149410023
943,1.1319384814364992,0.14576246077260596
944,-0.3037065482800407,0.21457611504902946
945,-0.5990501126914987,-0.31111685132420985
946,-0.786765597212532,0.43699837707693917
947,-3.02542410718457,1.4399807228637829
948,-0.84888738639503,1.6043678791346776
949,0.8164339995094352,0.5404507983607987
950,0.47831458407878513,-0.08242261366092189
951,-0.4493439631893426,0.020666196141811432
952,-0.5122175710122296,-0.30168465296429614
953,1.0398104686616207,-0.08567232773119868
954,1.1822012843774663,0.12578618960050908
955,0.6992962656465482,0.1061341678690294
956,0.9035823889431677,0.1165852145910676
957,0.019043145884682925,-0.2894113182017895
958,-0.2545156920534174,-0.12399553512810689
959,0.7896384508949161,0.17604712611214904
960,-0.6444974512524171,-0.24697856526044595
961,-0.9002293680499212,-0.04150617202163396
962,0.8333078246968145,-0.09852040915369374
963,0.038594326360604475,-0.2033485738302199
964,-0.9419663488608268,-0.09443898367726705
965,-1.7352564410316151,1.5959349004737107
966,0.18919289894028193,-0.12109636601571991
967,0.702174762471638,0.4892716015696042
968,-0.14651996490188238,-0.15592170501329813
969,-0.9770267717697917,0.16286957301724325
970,-0.2757738662319116,-0.27642541544816
971,-0.0848999373808633,-0.21735359755197883
972,0.9142089257667488,0.4035801963781922
973,-0.021242692905094174,-0.03370300357681446
974,0.9904784009184618,0.19432374643563755
975,-0.022758247982601728,-0.03859376903059657
976,-1.7036818458236938,0.26620342387848356
977,-0.5958218501243389,0.21074877365735842
978,1.1701665634800404,0.638098545922875
979,-1.4804047608159754,0.6075893299561165
980,0.23972482824587046,-0.09102976349158443
981,1.1222484842186975,-0.07112898796619865
982,0.3201081061373367,0.1472131448030567
983,-0.20371131678136414,2.5547306574527178
984,2.383286821656743,1.7374337159764366
985,-1.0517030528168776,5.276650377823836
986,-0.8479385476572041,0.7515988524790471
987,-0.5832107896998457,0.398501073193028
988,1.1355288759866398,0.41629915926247085
989,-4.018800760998726,3.702131910431816
990,0.47419658871370246,0.658087062278793
991,0.5124053068731044,1.414484251808373
992,1.3437314517105476,0.6782207306206881
993,1.6173036624297035,0.6621173334267014
994,-2.2850461503779216,0.7245989653362911
995,-2.5437765727083157,1.0190599642152582
996,-3.386220755344246,2.886183713953295
997,-3.6879157259024113,4.329962613007419
998,-1.3261126405569543,3.458851158270796
999,1.4155128685752656,2.708235896154591
1000,-1.2646820733067217,1.852436873748691
1001,2.0853320119617984,1.6718734300455969
1002,1.150648771008964,0.3904701752345396
1003,-1.9706684163734887,1.6860000048775774
1004,1.877159509664932,0.650264619759838
1005,0.47546934577846917,0.15978417014942256
1006,-0.055204124361445485,-0.12269271848980416
1007,-0.18398472963832127,-0.24564359358985766
1008,2.124567399821016,0.27698664046934474
1009,0.293833981293846,0.02461142678650972
1010,-0.5340361381431628,-0.1266613614254379
1011,0.13884665732875354,-0.4093098585294341
1012,-1.0774714213833803,0.1668777063377418
1013,0.06759557902333033,-0.378726866827872
1014,1.3943190541146675,0.45824420797448673
1015,1.3825696688591211,-0.08461704794170512
1016,-1.0950850645728893,-0.03724020399943454
1017,1.616172577699281,-0.07993813260462429
1018,0.352941897365853,-0.2853899671978292
1019,-0.33355000385542527,-0.30356027644469025
1020,-0.5082721914507751,-0.2924375160986897
1021,0.12218762519813532,-0.2973217465432332
1022,-0.5588625111799369,-0.5170251402532015
1023,0.30308375674633753,-0.31337693592891464
1024,0.07901506280218956,-0.4981027218072864
1025,1.0053930192250846,-0.15587773565179674
1026,-0.8784512044487061,-0.37102242023020243
1027,-0.6545561895865945,-0.4935384646073968
1028,-0.29937835797304435,-0.3535799641198705
1029,0.8613180637667991,-0.29466582938736036
1030,-0.32028478444020764,-0.3052540292058675
1031,0.8940489751768657,0.4908746209829896
1032,-0.9891012870938256,-0.14512153076977896
1033,-0.038678742684100646,-0.1328208586118274
1034,-1.5624137747645739,0.8601815894115227
1035,2.2111978520253692,0.518297600792077
1036,0.47897080874304926,-0.031380293706104574
1037,0.8612943777828269,0.6610503817667908
1038,2.8125812450281416,1.0234356866161989
1039,-0.8378513107096605,-0.1637895481431874
1040,2.0169799992134436,0.5802977839707244
1041,-1.4355163895292824,0.454515757239991
1042,-0.6175253371618741,-0.11336740328523956
1043,0.7596443159825459,-0.10612098174044976
1044,0.8703374929152878,-0.11714364903801039
1045,0.40539922299087644,0.2290321627209996
1046,-0.032279249653079545,-0.44917888809107503
1047,0.8880000438330755,0.0562811256459248
1048,-0.045804727660463104,-0.2820047137861997
1049,-0.7947984832590214,-0.2691103874362988
1050,0.22035187750105745,-0.5547539522131679
1051,-1.3058641544233212,-0.11567555556233859
1052,0.6664801486292666,-0.22740623624085962
1053,-0.40508112588954953,-0.4421747442501656
1054,0.6699810394080232,-0.12726648550976896
1055,1.4680535408484767,1.0239819626986901
1056,-0.7777929783966033,-0.09647719323163702
1057,0.4954507227938139,0.12397798013403614
1058,-0.21240659242617965,-0.18571908279403648
1059,-0.505128428051956,-0.2785883418332227
1060,-0.6884004639090862,-0.17952959326930262
1061,1.6170458800166236,0.4169693927463565
1062,-0.5141089701088795,-0.3353847318726124
1063,0.3060671665514459,2.505026542491171
1064,-0.683629869037414,0.17893874731424822
1065,0.952632674487445,0.15863000131590554
1066,0.15991270035250132,-0.003178384716150144
1067,-0.6105210968940331,0.0015963585878873362
1068,2.2374151432660394,0.3249853874951362
1069,0.7841185694019246,0.8657505833316372
1070,0.8793117225693886,0.15615995279057196
1071,-0.6310125791769927,0.12864922136099527
1072,1.3390408131004319,0.9977610789670207
1073,0.081012927627235,1.0870400638102133
1074,-0.13051702505142723,-0.16868635950665772
1075,-0.6299761660136957,-0.0009407114403804345
1076,-0.90541013629213,0.9014881065047113
1077,-0.3501592629306634,0.20276063432280492
1078,-0.47820964935978155,-0.27325173423764054
1079,-0.5144334638916189,-0.13733823853088853
1080,0.9147687611044144,-0.15834198017312345
1081,0.26165888798271025,1.2325946180928602
1082,-0.9626363177831081,-0.0018755968636419151
1083,-0.6576441463571284,0.39919457256909474
1084,0.46114464365735147,0.12492594079627273
1085,3.8002082697305806,2.4374722934128035
1086,0.24636217609746822,0.7219403306853525
1087,-1.080294911209422,3.12433176526592
1088,-3.2468522297811186,1.9866105393240132
1089,2.5736272734874057,0.6815987710937493
1090,-0.3327589710505314,0.46216269705938223
1091,-0.25645016734111264,0.9714116221301866
1092,0.898924581079028,0.17862223095114604
1093,1.286081375749661,0.21939873740481236
1094,-0.010983396657501645,-0.4486117782744259
1095,-1.0991646722824764,-0.0628987157447163
1096,0.013445475181248851,-0.33222835085208047
1097,2.612936395639787,0.2152645645575246
1098,-0.9091415037680808,0.06352588460068141
1099,0.7075176528099201,-0.20598743615385612
1100,-0.12348463558684157,-0.24479890772601146
1101,3.991723243257117,2.3400349704281673
1102,-0.2448900952092462,0.4943352564586535
1103,0.3866527110841203,1.0870236752549167
1104,0.2439670144495395,-0.15920422074432822
1105,-0.7477596843904132,-0.27091761568956235
1106,-1.36198901473229,0.22460130288635738
1107,1.0625338682050285,0.09673509684242994
1108,-0.6300213697194861,-0.21415461044570042
1109,0.179035266827621,-0.5033632438147704
1110,-0.10292769437907526,-0.4792243712745626
1111,-0.29458687778822634,-0.4744389302067136
1112,0.910215402962403,-0.3734066213265291
1113,0.18982817276127814,-0.22591682515638098
1114,-0.4191907741464882,-0.44009702331006084
1115,0.491856318462774,-0.4494059676212532
1116,-0.1612567624124505,-0.3281439274503446
1117,-0.9267670624154393,-0.23088337279715782
1118,-0.03713116088184067,-0.4140492586492812
1119,-0.2985344303671403,-0.26786128847206014
1120,0.06457000445118001,-0.3873108449393134
1121,-0.5268869792722103,-0.4101448816262645
1122,-0.036888759710244336,-0.48477738919841157
1123,-1.0719083690625855,-0.40902373803265263
1124,-0.43756638345906657,-0.3797888405024659
1125,0.9281768037810434,-0.30155899055283863
1126,0.007046891333752826,-0.4270160005486142
1127,-0.8346375589897496,-0.16869093313985875
1128,0.5070429227578152,-0.2716671442256656
1129,0.5748171141356321,-0.39123090833526447
1130,-0.8735953182139784,-0.41717382683230453
1131,-0.04384239752626285,-0.5443862574443918
1132,-0.9428064838250401,-0.21502510066206726
1133,0.6431375022459845,-0.5051011709158125
1134,-0.2859548015194522,-0.5860378153697193
1135,-0.3372668929896425,-0.5498736062027522
1136,0.3145164636254596,-0.4978585868739558
1137,0.03298692234846324,-0.5413717899354313
1138,-1.8845988278367982,0.07274639647034106
1139,0.7687494104287795,-0.43643349533845893
1140,0.5066759310635058,-0.5841451328322615
1141,0.5562997215395674,-0.4304233328192549
1142,-0.41484215802409385,-0.41605149735138824
1143,-0.11268799827219489,-0.46417417831698515
1144,1.421824565913687,-0.19906317838469886
1145,0.04089686711520067,0.37842959714986274
1146,0.67937311586903,-0.22869114137191202
1147,0.5356765045686178,-0.3224153763130498
1148,0.2741319568260002,-0.2643125160450891
1149,0.03687829338132063,-0.34568682766031733
1150,0.027150724272682343,-0.5331811638361246
1151,0.9804993893186791,0.1498334936941063
1152,0.1186707418748865,-0.4537253601454724
1153,0.6136237801753861,-0.25010061948729645
1154,-0.9739740863551348,-0.023322962924953224
1155,0.3518365131427859,-0.4234499000458445
1156,-0.12666651712770777,-0.377940422200982
1157,0.7275843124372864,0.36707763107399755
1158,0.007558645436196641,0.030473891426271774
1159,1.7717562218723597,0.8612199962405848
1160,-2.12649108686007,0.5627208519763979
1161,0.16385407135777647,-0.20631694690364313
1162,-0.24820796151624894,-0.4669705284575364
1163,-0.4292111954126968,-0.40687411973233906
1164,0.1305612966932783,-0.3443806438156948
1165,0.5841688827944498,-0.3640840417554491
1166,-0.11709581379283188,-0.4722307682029505
1167,-0.21651852281498227,-0.4800875597942945
1168,-0.08598790149203611,-0.3670452280621395
1169,-1.0099379718464137,-0.37889669961126626
1170,0.5414322948343337,-0.5078861160661448
1171,0.7091521742741986,-0.45412455066419954
1172,0.263621237316662,-0.4402546685678328
1173,-0.5859807178940996,-0.4389676069805952
1174,0.0840948997981562,-0.5650905957769929
1175,0.5653474790598709,-0.3342265405998166
1176,0.2503076925916981,-0.47094506268685743
1177,0.3518074257572549,-0.07839466644614046
1178,0.10021323467920568,-0.45474633146822296
1179,1.2320078762025686,1.025893027392571
1180,-0.49260309002723973,0.6496771681035279
1181,1.3777787753375421,1.9320576744435396
1182,1.2594816726480056,3.341213770187304
1183,0.9873390467141087,2.6298925367180455
1184,1.6573791377821534,3.1222531356793
1185,0.24983760567060784,2.6180335437016318
1186,-0.1417575460457526,1.0064977668664692
1187,-0.8663303544552309,1.1093529778228648
1188,2.4005412606488084,1.0646220239798077
1189,0.3978951797415848,1.1037061288757868
1190,-1.5026158976280768,0.6791096374589866
1191,-0.6101687443715869,0.6704141729633091
1192,0.4497266833671294,0.21664697156684515
1193,-1.2796658586618994,0.5935463868887912
1194,-0.06677678034463509,0.6215546650498944
1195,-1.517314317160447,0.5631707965888504
1196,0.6170667178674585,-0.22386264406182385
1197,0.8411076205861832,-0.1567647553353954
1198,-0.5874730950370762,-0.45403285085170353
1199,0.644766868253627,-0.4051192880315584
1200,1.1885395963668577,-0.247176950244829
1201,0.27259226472593584,-0.5670099268330471
1202,0.6785740882825871,-0.1844035734707486
1203,-0.12364027693558714,-0.11854380392871254
1204,-0.48386832633753313,0.44171229049245014
1205,-0.38481254415112964,-0.24512077401222288
1206,0.17237123316498945,-0.3957199770063083
1207,0.7671389733114147,-0.2478401285503912
1208,0.6162795504504283,-0.45298258724220275
1209,2.1887514153100778,0.5764944736404066
1210,-1.049860222619004,0.4300105616270318
1211,-0.1797548659531257,-0.08735046425079779
1212,-0.12568708457394762,-0.3884611554112504
1213,0.4054800527828536,-0.24948474490270417
1214,-0.2992094734427766,-0.3847049329784858
1215,0.7361215423646817,-0.4399032993551413
1216,-0.16691541740900387,-0.48689743816056896
1217,0.39650884129993763,-0.4462139230698438
1218,-1.1507651599782271,-0.2631278113370559
1219,-0.6328457927976981,-0.172464621723188
1220,-0.05320583922759778,-0.32814518759200584
1221,0.04768167855811182,-0.4622028285724621
1222,-0.024844997505145835,-0.44561488141741895
1223,0.8111249282033792,-0.41854489169009973
1224,-1.4649631858594176,0.08641750516920785
1225,0.4568198014680098,-0.1571464823932247
1226,0.9393447777918504,-0.17246489974582008
1227,0.7477556148508114,-0.1739985287864415
1228,-0.04836227016838029,-0.4529487860910317
1229,-0.6093024965335077,-0.009061488402115282
1230,-2.651523762249946,0.5669605906209748
1231,-0.23745680773471803,-0.15893532859615492
1232,-1.1591593857977225,0.2110511762337996
1233,1.398996797202142,-0.05862205874970784
1234,0.6306149467150233,0.2219686380254329
1235,0.17574264802986328,-0.00129241528412628
1236,-0.5633363067928898,-0.3231186208592545
1237,0.9850542650690095,-0.3277296768809594
1238,0.09269868673648142,-0.12083440357324449
1239,-1.1679667386553474,-0.14270253518582016
1240,-0.1753247711214107,-0.4234164110650039
1241,-1.0542569662991812,0.3952832338115629
1242,-0.9342076303421636,0.4411280173506591
1243,-1.0885327154096487,0.2625828184293659
1244,1.079200147445766,0.03941388798087242
1245,0.45587156923070254,-0.023790451231784103
1246,-0.8931984307467273,-0.4193507214800752
1247,0.5550399502066763,-0.4594214778764831
1248,0.1627473619897849,-0.4106488661249897
1249,0.2282638155189142,-0.49109624441589306
1250,-0.7385603943653725,-0.3239049101464642
1251,0.7022079278700346,-0.33984077427165893
1252,-0.566534052866239,-0.5136842636564217
1253,-1.1418497048038585,-0.10046458850136174
1254,0.04813471193494752,-0.45870944945758835
1255,-0.6554850280989492,-0.27674026097626414
1256,1.573401062605897,0.05045371905344968
1257,0.12915708791695146,-0.3916296569064096
1258,0.7101010420465819,0.06794981251743776
1259,-0.29489682240561044,-0.3480913304126166
1260,1.2255869501065002,0.020558460223312532
1261,0.4948608273922661,-0.23127351930408543
1262,1.061496232994785,0.7315938384436689
1263,-0.9084811751190003,0.004218162854411498
1264,-1.3599709132014794,0.04785200706208204
1265,0.34464591717496973,0.07570413769020518
1266,0.6136014362152336,-0.182567635851329
1267,-0.11239264063619164,-0.13804095065083252
1268,-1.3704419106449697,1.0610557364175977
1269,-0.3682533346521775,-0.002348449519051909
1270,0.24049204136196342,0.12398762934504433
1271,0.4640008774426893,0.07284297462480514
1272,-1.9907469805237437,0.7643177190281197
1273,0.3051612078187513,-0.39579338324582414
1274,0.42111756693467145,-0.36393225556964076
1275,0.5420337310690196,-0.264881513627206
1276,-2.394103071823129,1.004319123250053
1277,-1.5921585893004402,1.0904538496189131
1278,-1.0388033779750934,1.829383365614452
1279,0.820997073382525,0.6699096464127592
1280,0.2415578892795438,0.00811866840475468
1281,0.9402025762607464,-0.032252409645792096
1282,0.3103452743041886,-0.24135163824324277
1283,-1.1667278369705618,0.3736196714546185
1284,-0.027015141054870632,-0.2650961333093839
1285,-0.22219565762198873,-0.241793767770908
1286,0.858098470869887,-0.3369076114972813
1287,0.9934226460404905,-0.03506551479966111
1288,0.9958404175864659,0.35688894589888187
1289,-0.5558970737110372,-0.1349422280582291
1290,0.369253696998427,-0.4852701520989182
1291,1.3246150530876233,-0.2343371523471732
1292,1.2557121703094594,1.603904157576671
1293,0.771746735979053,0.13859992376441807
1294,0.11992874229819554,-0.04270028759237445
1295,0.3303495956843904,0.43912893925291707
1296,-1.1418240243885756,-0.12299396546528846
1297,1.3163430102180451,0.1860527795302881
1298,-0.7834014329798872,-0.39070843131611904
1299,-1.2139135826454222,0.12603746804683444
1300,-0.41072820760407,-0.29934150494335265
1301,-5.694382373689248,3.246209046485527
1302,1.7388261402513114,1.074078957203252
1303,1.7602988192155415,0.8540899955947943
1304,-0.4069415749734472,-0.33603182474874704
1305,-2.7402021304587505,1.111952458779094
1306,0.18631548472358314,-0.06180336963716876
1307,-0.46889393542573093,0.45847737344736805
1308,0.9266898355938866,-0.13085884626626276
1309,-2.0014244611107337,0.3234224334584127
1310,1.6364859890189933,0.11737574507588372
1311,-0.9690455345261455,0.03922229543186723
1312,0.31533589444161114,-0.3760311437948547
1313,-0.9722858555039765,0.029309724849945602
1314,-0.031184454637366316,-0.5098886236836527
1315,1.2086738527663392,0.3553410441694867
1316,0.5486858235901423,-0.4918237387043884
1317,-0.8551445407728464,-0.28760365455655346
1318,1.2381646804916244,0.14312325423257172
1319,1.8823215255938917,0.1873680967793692
1320,3.248713460836918,2.486955901686961
1321,-0.1694775020983004,0.07084834609144137
1322,-2.0439684890717906,0.27133245671810347
1323,0.3032177191391099,-0.21517688642233782
1324,0.5084410248897704,-0.40725474237874626
1325,-0.4363389474550825,-0.2902525153112453
1326,-0.8379515339352592,-0.00040109910363103255
1327,0.5859576608327629,-0.2674181751638385
1328,2.9912521405946557,1.1174187001587794
1329,0.5988047713987131,2.3559205417069964
1330,-0.7336273529914392,0.852912496989158
1331,-1.5263353555191748,0.8740265447746622
1332,-0.3670171230485503,-0.06666659444143472
1333,-0.22115982472813323,-0.21106054814149935
1334,-0.5373765178896162,-0.217849171844714
1335,-0.13847837663940174,-0.01988629670225618
1336,1.959321180369124,0.40579639528730227
1337,0.7768793756019368,0.04736503850376393
1338,-0.28506225788811457,-0.3174567520620547
1339,-0.5430950849210987,-0.07166180237709709
1340,-0.17540204586368324,-0.4454320503071791
1341,-2.13471959187892,0.32646983760945075
1342,0.8994464511530191,-0.35320884830278365
1343,-0.9902432317118397,0.03304556847800694
1344,-0.4753365846404467,-0.4823782033231623
1345,0.7996967337580364,-0.3598715046541747
1346,-0.45432295110005166,-0.3201018738063182
1347,-1.755405739403293,0.7931755020941913
1348,1.039598933359426,0.4130980478377683
1349,-0.07873523087277742,-0.312403029625987
1350,0.8838770733935096,-0.38958818798366407
1351,-0.44974706501719663,-0.23609832028916777
1352,0.5680729850598352,-0.4401223935572193
1353,1.0065048104615002,-0.31718479177543224
1354,-0.3722048690360218,-0.3724338478607465
1355,0.5691609025900918,-0.3721178470934015
1356,-2.013394551100674,-0.016183499145984142
1357,-0.7517767868563837,-0.3332093742918281
1358,0.46609701021695016,-0.35594296220152016
1359,0.26714864850731673,0.004514092110051351
1360,1.3123144730657272,0.6754605833326444
1361,1.3093833567120192,0.7441833796760325
1362,-0.21820075383270793,-0.235599573504611
1363,0.5523433912687763,0.5250914803813592
1364,-0.2543549911361191,0.1350847479824511
1365,-0.05341123196638755,-0.34756625950998576
1366,0.5850859162403653,-0.3782141194412782
1367,-0.8350084762357147,0.5598989414161322
1368,1.0453237916340914,0.03999046873188462
1369,0.2532668873942327,-0.32460609576093125
1370,-0.05580579043894884,-0.2063819711951403
1371,-0.28995666969526385,0.11260098274850222
1372,-0.7960767670766107,-0.10045542293725063
1373,-2.7066018956121582,1.9366162520325592
1374,-0.1958229708792712,0.47180385543328635
1375,1.0962172630003606,0.5344430045479021
1376,1.3294669644158512,0.17192066927098906
1377,1.7782456057829004,0.5301962134821864
1378,-0.09063721445234174,0.44872125685505554
1379,-3.0117848161044374,2.417499545646169
1380,-0.48238176207796857,0.12945700036605381
1381,-1.3896381181373285,2.5262039408270898
1382,-1.272478810258545,1.799246076872985
1383,-0.3488509930588956,1.0588015530988053
1384,-0.1080438679758681,0.4059970910936228
1385,2.1077625647179863,1.0253250796350608
1386,-1.7405159024361725,0.06534369504226284
1387,1.0033527285921247,0.5264747924111942
1388,0.6467201475459615,-0.059660735323816674
1389,-0.33447959934596866,-0.40219427257798834
1390,1.282214157665253,-0.17486235991409976
1391,0.30559944166999164,-0.3776244772016691
1392,-0.30541546338663866,-0.4129058899953322
1393,-0.159449370285283,-0.3364890494750151
1394,0.44037359404429033,-0.26550529923326693
1395,0.5955306875821271,-0.16579711354857657
1396,-0.4231418716099189,-0.3818067671737048
1397,0.031598619531676385,-0.4029870434487289
1398,-0.6875228845531186,-0.23182731354491729
1399,-0.2973510836176426,-0.38115360072071747
1400,-1.1472444950573017,-0.10616216424743125
1401,0.034917399561241354,-0.48670146615471876
1402,0.7345632098524868,-0.32911732262298243
1403,0.10832833083940942,-0.47395813713870744
1404,-0.8516007199426858,-0.38628357451744366
1405,-1.0856892666893656,-0.1866520513317072
1406,1.0694751709328594,-0.35093258760820717
1407,-0.5755474186998978,-0.358619904175401
1408,-0.41886338070064544,-0.3564297561039171
1409,0.9138214821269536,-0.3837466957394198
1410,-0.496809183742984,-0.42484304108366333
1411,0.34122409772501155,-0.3043929737998659
1412,-0.2957109829272984,-0.4819025429436068
1413,-0.8409427907799961,-0.40826942704944846
1414,0.6681477705860104,-0.4340104548794883
1415,-0.9480757285925187,-0.28147621072962553
1416,1.002765233796744,-0.35361027000321904
1417,0.861574106753988,-0.2516205749142227
1418,-0.011912567432309663,-0.3716723679924145
1419,-1.4753023408680195,0.10896752022088656
1420,2.0567576692926934,0.09954540773156571
1421,0.2761866554698131,-0.3402407398696309
1422,0.17981633105524528,-0.41359344729584263
1423,0.5296422611888805,-0.23723968704734089
1424,-1.971477275519013,0.06842915754673252
1425,-0.0838700156175307,-0.325338405881054
1426,1.402917085190688,-0.0785852291606821
1427,-0.32403249056021005,-0.2351670130985919
1428,0.6868154528451288,-0.304843033605707
1429,0.44810300775982465,-0.24524040062630106
1430,0.5982334262999858,-0.20274317412912826
1431,-0.9426261164567948,-0.15434077381572395
1432,-0.5831736056064766,-0.2957599275356214
1433,0.7637053404239487,-0.49704869466550816
1434,1.0330828773217342,0.2155310615651672
1435,0.5906023095295754,-0.32509885936884714
1436,-0.4622551483397634,-0.355229477812215
1437,1.0677019669619439,-0.07421067873896986
1438,-1.0144554548093219,-0.1862710410972234
1439,-0.37569846720654326,-0.3502321709486914
1440,0.17229522117647625,-0.5448328876289011
1441,-0.08139761356304011,-0.5744893431483318
1442,-0.7088966210636002,-0.31591248964588337
1443,0.9010113100171395,-0.3987033124052086
1444,0.9389512785662505,-0.3606031264838168
1445,-0.11348884049244358,-0.31005941534511655
1446,0.031337331275264814,-0.6016580983710178
1447,0.6500600422547498,0.18311403227819475
1448,-0.22924567125970274,-0.24465140757400444
1449,-0.21176410073722374,-0.20769609378788137
1450,-0.09880821405727412,-0.3449609821071428
1451,0.8758731043771101,0.482211554439569
1452,-0.062064155488074764,-0.06320497372266233
1453,-0.665826350024213,-0.008253023111715729
1454,1.0814997441257583,0.2814423314758687
1455,-1.0776589848843308,0.3019889798403954
1456,-0.2572862989433154,0.1786143093826994
1457,-1.3982516399802174,0.778942221437584
1458,0.6811002010907761,-0.09340888416777739
1459,-0.402765503894625,-0.057693363826585846
1460,-0.029491867368734152,-0.25763485161306515
1461,-0.12212549656251381,-0.5062514423183697
1462,0.11014467225896764,-0.4496357465900241
1463,0.6104231882141733,-0.18819255862817974
1464,-1.236599785600801,0.15913616916851972
1465,0.2585483025440145,-0.5737182248247874
1466,1.1728776429495553,-0.32836791678408395
1467,-0.018317276978097454,-0.1859278179639673
1468,0.25423379397619517,-0.2799385742884131
1469,1.303449969529113,1.2183760964117842
1470,-2.2542949432147896,2.3469134935592377
1471,0.37737236081116443,0.6830796562765258
1472,-3.619012987913637,3.5269959043712085
1473,1.6133186011119376,0.8724637240354305
1474,-0.6530169039305247,0.24860307203292456
1475,0.7558075196979375,0.6869100539246993
1476,-0.10941723585551574,-0.3940589949463204
1477,-1.7755458998142932,0.7288168462773409
1478,-0.12776748066545063,1.0622705380789803
1479,0.3861781640135317,0.07222687793250199
1480,0.34723180080948657,-0.22212293443114883
1481,-0.25137813677372906,-0.4620457174654491
1482,-0.8349053260021748,-0.4272307796838016
1483,0.702638366607977,-0.4144563366121287
1484,-1.852744186005484,0.07082278921434453
1485,0.5959320739723133,-0.12766473408851015
1486,-1.3362817854900735,0.6890919392927033
1487,-0.06631920241466593,-0.2091614536907508
1488,-0.7192856264283738,0.6686531176301918
1489,1.1983654423491357,-0.21646995784887937
1490,-0.7937949031474685,-0.29800609807283274
1491,0.2331200918350623,-0.25132527762549806
1492,-0.40251477811764924,-0.2436257282713442
1493,0.04560347322656847,-0.4812752900394367
1494,-0.2698940650515751,-0.39939248579555076
1495,0.7125722866775038,-0.3655042084836076
1496,-0.467111543452762,-0.3070024257734227
1497,0.0802129076580356,-0.5212530128651526
1498,-0.6833227447768706,0.4329516850555799
1499,0.05191804831074066,-0.11861612477984342
1500,0.4456244038003668,-0.3104775711238224
1501,0.36670397825685247,-0.48950760591843356
1502,-0.05068283665899984,-0.5405152001046651
1503,-1.6255696138475124,0.009298565240544027
1504,-0.2723363572453808,-0.3796583194370344
1505,-0.1288407373851152,-0.3942208592139209
1506,-0.6024138633201456,0.35626882342478633
1507,-0.14153253273760147,-0.2993367658432684
1508,-0.01052449166353847,-0.4898898280268335
1509,-0.8624838814886654,0.265756602599463
1510,-0.020750696943599083,-0.03169855918529061
1511,-1.6556897492972777,1.196722996471683
1512,1.8063962101369504,1.4144521610367349
1513,-0.7621593316888743,-0.05668367375022772
1514,-1.2095022021006614,-0.018971446447685832
1515,0.9694172059727879,-0.12287918383962934
1516,1.5988883206011113,0.5442736309760836
1517,-0.3576719382211507,-0.3206188034193542
1518,1.1064507337511353,-0.43501372180225817
1519,0.5633471443907972,-0.2950979182878611
1520,0.060220135668271606,-0.17764584577075332
1521,-1.0561097397862536,-0.42862100077740417
1522,1.1131373211604203,-0.44989046740339633
1523,0.6070456785826478,-0.4194250868553429
1524,-0.5504575038933843,-0.5093542588005855
1525,-0.3921430193830999,-0.5592024037635085
1526,-0.2246004931958317,-0.40521158029274745
1527,-0.006146486353490823,-0.4257697304066675
1528,-0.8019185626985101,-0.13414763364600094
1529,-0.48831752044142523,-0.0852247367371881
1530,0.8585651348834495,-0.0025768336039368616
1531,0.6989678962576236,-0.24983523469509641
1532,-2.3165068579269605,1.1172027828236326
1533,0.3152811128089501,-0.12630531606468554
1534,-0.5065464987382652,-0.13571597624851392
1535,0.7240185676062325,-0.09763108077205829
1536,-0.16870604983978418,-0.3488056995795603
1537,0.4027548626079833,-0.3820543623933056
1538,0.11986608382729548,-0.39729419550256506
1539,-0.577126521441509,-0.40385089109334055
1540,-1.045095429599784,-0.35310571592303874
1541,0.05231851338763545,-0.4689993858852252
1542,-0.37666784353300364,-0.4478957621659619
1543,-1.285118597432783,0.23170027354541076
1544,2.014839709281472,0.6630206103398512
1545,1.4613289082474177,0.5840132281932972
1546,-0.6816456288835414,-0.21317204886758861
1547,0.29072827458242206,-0.27460628073628707
1548,-0.44269376457295256,-0.1689588419480042
1549,-0.348694499230783,-0.4567008945044148
1550,-1.1225434288287104,-0.29702661001805764
1551,1.0388766794632454,-0.2849806822459456
1552,0.8012642389688446,-0.2126313906657783
1553,-0.22666658552509214,-0.3102964462835351
1554,0.32428929511104543,-0.5302499882972247
1555,0.13291092460635984,-0.3990730682280882
1556,-0.7735869382273342,-0.3672284963299602
1557,0.8466936499378219,-0.3018735472761851
1558,0.3110193451879475,0.17995987956486253
1559,-0.3897760482182104,-0.5128846313607219
1560,1.2234629357170812,0.06942797251040651
1561,-1.4369281493395447,-0.03370348577414683
1562,-0.7954569817020709,-0.11679408481254755
1563,0.036634923558735946,-0.17674054483732068
1564,-0.32603163558660614,-0.09886391462080983
1565,1.542512152604224,0.9474136036891729
1566,-1.7783881730498776,0.23255510157286075
1567,1.3874644503492113,0.07334454478822462
1568,2.340360491950959,0.9585910529302935
1569,1.3500385636123562,1.0821164077987215
1570,-0.5193988706668009,0.2708629763757297
1571,0.5529615178062065,0.04360777483991428
1572,1.260167009037331,1.7569648340743524
1573,-0.8666130094920834,0.39426072178742516
1574,-0.8722094223943608,-0.08159179512462478
1575,0.6510910888281368,-0.25375742852231586
1576,-1.1356559970373161,0.006162714685839331
1577,-0.35628646667128516,-0.14979744069361897
1578,1.4032670365948334,0.17377302471962325
1579,0.624983886056659,-0.42813457980674513
1580,1.1862259164053977,0.18261328288314582
1581,-4.8490371252078415,3.0890253697981764
1582,-5.286686061682284,5.1452790704631575
1583,4.879642351935685,4.492752518445198
1584,1.2215013782813153,0.9514868352506842
1585,-2.585766819238085,0.6545371795885919
1586,1.1461903463064174,0.13640739743321015
1587,0.7268905270750365,-0.33860175810669657
1588,-1.8945487176267133,0.5584329462365237
1589,1.712258228043141,-0.2364958936024653
1590,1.732198584076719,2.248358230998243
1591,0.42956054536407257,-0.39551642624296135
1592,0.8403443459922408,0.28467244508688266
1593,-1.253257110357613,-0.3072203083732108
1594,-0.9174754008554048,-0.4089408686460343
1595,1.0990365107198479,0.3589658765784149
1596,0.8175402115357682,-0.21839408305076768
1597,-0.47906902799415074,-0.3916867119146339
1598,0.3654969677352408,-0.4768766068627875
1599,-0.8652829248449093,-0.3956873912932257
1600,-0.28043090554717276,-0.4995490389809137
1601,0.748588355033797,-0.5378783381315668
1602,-0.3407778203208934,-0.5159919916498015
1603,-1.1147942177534482,-0.2935312429289605
1604,-0.42542000786907974,-0.5122397249014339
1605,-0.6043643402114843,-0.3311706622573476
1606,0.1755152504171705,-0.4356239859551735
1607,-0.09485690575485904,-0.32248655191644154
1608,0.02417802998024751,-0.21423079028367922
1609,-0.1500524300762191,-0.3793985390996328
1610,0.7093955960244968,-0.5127763594248959
1611,0.7197147067486657,-0.510260636563097
1612,0.48215339762067244,-0.5647449801411701
1613,-0.4166563454352986,-0.4348946863678769
1614,0.2680611872047332,-0.30195203817379956
1615,-1.1414035190686342,-0.3558467162274796
1616,0.34791809759827635,-0.431201086016325
1617,-0.6109678531899785,-0.4240388066778282
1618,0.8069551619933023,-0.5339790427313179
1619,-0.4720112218412906,-0.44319388274305216
1620,-1.9934896205974508,-0.1969526940702779
1621,0.3774509044878509,-0.5619147975319935
1622,0.6393502530910711,-0.5006320550016254
1623,-0.5011786702246981,-0.537754493080628
1624,0.5524854538084532,-0.3984195245328673
1625,0.20779714997515464,-0.4138246253151394
1626,1.0161477634811902,-0.19399367452164953
1627,0.5299578476043704,-0.3887616588393519
1628,0.22847450892195717,-0.35300366721096443
1629,1.1274866598904627,-0.23208644185622954
1630,-0.2943645262084925,-0.507168486308397
1631,0.08435468000218593,-0.3064210078090134
1632,1.3901072061240827,-0.02292212486478235
1633,0.37239234668648913,0.3489065410177379
1634,-0.007442145005486931,-0.02288239972754593
1635,-0.44658244366960836,-0.28442318390106847
1636,1.2785396429142761,-0.008555790885914844
1637,-0.8338457480896835,-0.0456139818539194
1638,-0.27373650001677763,-0.5047238850057115
1639,0.22749094134118894,-0.388327755305584
1640,-0.7175715234466966,-0.42724207391580654
1641,-0.08460534109654785,-0.49887738125833175
1642,-0.7995115780403662,-0.4058329217595803
1643,0.1133442086401812,-0.4968071757151217
1644,-0.32433318287528173,-0.4301770071528641
1645,0.897499646391958,-0.40080521731091523
1646,-0.32122675574169884,-0.47648492578524193
1647,-1.2469588667939315,-0.397288745600042
1648,0.7848043578583693,-0.4786640502920178
1649,-0.42435412504787484,-0.5825541957966432
1650,0.49391772165569897,-0.43862585739607757
1651,-0.25838404413100813,-0.4669444121407752
1652,0.9633597747033588,-0.4475110599346033
1653,0.8620254677157314,-0.5622971001671303
1654,-0.4539406659275578,-0.23803898087666336
1655,0.3985630980800835,0.3672384407516194
1656,0.572421542189263,-0.3858085712697218
1657,-0.05531332956309399,-0.13082650920852196
1658,-0.0029332175550553998,-0.36856057585463375
1659,-0.8738653382376441,0.06112833492374834
1660,0.04614376674521837,-0.43711682167908017
1661,-0.3025776353271919,-0.3133955146630498
1662,-0.3777960534594932,-0.307124429751093
1663,-1.4313363381291848,0.6064236970533179
1664,-0.9921137803613533,-0.03018522797379239
1665,0.44524826984297944,1.449391436477006
1666,-0.5081434621050798,-0.19398747765187796
1667,2.569767410997558,1.373049525423715
1668,-0.8732121694248727,0.32467226779962594
1669,1.1278654465032496,-0.10182056928157358
1670,0.05734324884117067,-0.3607030303362611
1671,0.5490996416928041,1.499576224502058
1672,1.812441441929268,0.7896567218290461
1673,-0.9562299622076855,0.8625448909786403
1674,1.081374174216748,0.17932242737156703
1675,0.3213189662393105,-0.12905619692601195
1676,-0.009819851087481311,-0.3891522226130302
1677,0.31584197023642224,-0.3317649456889147
1678,0.2076062891377797,-0.43745942441131597
1679,0.4560759305989285,-0.3259992762397735
1680,-0.09229529797458237,-0.3032881460592054
1681,0.16864186746345816,-0.519667051951809
1682,-2.1784441285682585,0.30112795397090375
1683,-0.33240285233526023,-0.3170552224456428
1684,-1.591024785687606,0.46395261611927424
1685,0.3932105482282408,-0.03883405519623565
1686,0.48376572065145335,-0.32479571373307387
1687,1.1783268533775937,-0.3139951499759639
1688,-0.10593012002593756,-0.47224088327287056
1689,-0.3035146450663742,-0.4506501400980236
1690,0.39204335923476663,-0.4316852557733564
1691,-0.24971307900532205,-0.4596907635211396
1692,-0.49281852425529976,-0.2677588335285735
1693,0.2721569148800011,-0.4133515630400545
1694,0.3075478971421244,-0.6010264808099764
1695,0.22852657345243443,-0.38021214380981866
1696,-0.4275734184409066,-0.5356457661915289
1697,-0.550367741763239,-0.5409346721254855
1698,-1.1224079971699323,-0.31732681658026185
1699,1.0870072793514811,-0.2860438153541482
1700,0.4793557364004424,-0.4903915172820841
1701,-0.48414350551704516,-0.522167789566422
1702,0.2592093695476436,-0.483984100088283
1703,-0.23885769387426392,-0.47998451507670586
1704,-0.12013409124811757,-0.43949380747444744
1705,-0.5624047303154114,-0.4371283830905983
1706,-0.36927342314990114,-0.06384438723500523
1707,1.5479523942244342,-0.15852041202569234
1708,0.41611141363597115,-0.3396153791430153
1709,-1.1240405670213525,-0.3025486848637518
1710,-0.10312548016395703,-0.5469519414313765
1711,-0.5312095674174185,-0.49689650595593315
1712,0.9407571589159067,-0.47298036460116244
1713,-0.0372416947534559,-0.561297552197936
1714,-0.05653050691162069,-0.327845353170248
1715,-0.6049409675405812,-0.5005422541013561
1716,-0.2512946807387474,-0.5125424496688518
1717,0.7804264709079145,-0.4572935252505485
1718,-0.15173500360777983,-0.6088297419501688
1719,-0.9276413730520494,-0.16508293152475506
1720,0.6228872271959232,-0.3886633303807261
1721,-0.011785384656458408,-0.45162848574437
1722,0.0061951187669020795,-0.4251936964170951
1723,-0.45190967052909203,-0.4723857148385834
1724,-0.4225970784667159,-0.5157360923399881
1725,0.5490110122454211,-0.4615477264990984
1726,0.5269742488178952,-0.5311922877641175
1727,0.05688747771984803,-0.4173514221435754
1728,-0.31074036753852263,-0.3765882509438159
1729,-0.3808226619315952,-0.42443070016625134
1730,0.3237204266623666,-0.4450998352836726
1731,-0.853818875216114,-0.41304600558400706
1732,0.16034669682209535,-0.32169922235675613
1733,0.5318254411718282,-0.40636728795262583
1734,0.00993955701390692,-0.5468856039461599
1735,0.5688918425178054,-0.33422535485178073
1736,0.1312563398093078,-0.5093149197466096
1737,-0.009220796455385448,-0.5051749796803012
1738,-0.7586246755454602,-0.3955161827538298
1739,-0.43388320100111927,-0.31330012065957474
1740,0.10681638115343282,-0.40772526379947904
1741,0.3303270207933847,-0.4359388691428705
1742,-0.2804371903353236,-0.4863533359808283
1743,-0.12922930519512243,-0.41894201837926537
1744,0.12686336071125565,-0.3986785552521844
1745,-0.37841721464200334,-0.48618466628190377
1746,-0.09088935331899792,-0.5968881230659047
1747,0.5029231079594849,0.096961628994294
1748,-0.396322941371113,-0.5199728576014293
1749,0.3763386108847784,-0.5521309811495473
1750,0.6070123750134155,-0.37046312298400913
1751,-0.18272682185310798,-0.5727482736282716
1752,0.2362948237376689,-0.46589634641114225
1753,0.658278849325591,-0.30607690274642535
1754,-0.33661627355985935,-0.37026715334627247
1755,-0.7294634375905121,-0.4248229415062451
1756,0.15455847542983547,-0.49399446977608635
1757,-0.3356525262381699,-0.45439226386589576
1758,0.6134805233410288,-0.5269497912174914
1759,-0.2611403659862044,-0.4417250045946911
1760,-0.23254317500633928,-0.31110204183501394
1761,0.5985885888709049,-0.4832665239405685
1762,-0.11504057921544562,-0.3342701126779359
1763,-0.725580482163855,-0.026943690155966676
1764,-0.44021491704736454,-0.45915067278824323
1765,0.1722496800569161,-0.3678445894450897
1766,0.21430392234129347,-0.5627564904260332
1767,0.43677054188476994,-0.5546991790926681
1768,0.018789454064793466,-0.3753676620066287
1769,0.02914668394271574,-0.5291054622437109
1770,0.1325249451364485,-0.6404902599517045
1771,0.2414983428121328,-0.5350964744856432
1772,-0.339629126358609,-0.41216120590423466
1773,0.7272038749956252,-0.38350361221655843
1774,0.15769589786594687,-0.4335460282915637
1775,0.11736487647517048,-0.4018104566663969
1776,0.23695891494025417,-0.3750020173088094
1777,0.07695949043881327,-0.4718551293933699
1778,-0.30877373526592694,-0.5639692872769867
1779,-0.11216929804955501,-0.6155221498575081
1780,0.014128288088596577,-0.47598994139329376
1781,-0.3657612150292372,-0.4177905579873432
1782,0.12802178697296906,-0.5983117855942072
1783,-0.06348872928317292,-0.44151690015684536
1784,0.02239576093624906,-0.5321290337498727
1785,-0.3056967926672521,-0.43682132835711385
1786,0.3969318654642287,-0.4645392260094926
1787,-0.0474585035093435,-0.4177760094443647
1788,-0.040056046965882615,-0.5740893078802844
1789,1.0538617753873787,-0.23528921408841497
1790,-0.1015082443691347,-0.6075631448917981
1791,-0.4642814420420576,-0.411427900755102
1792,-0.25016273909190434,-0.5113507039073959
1793,0.07036541211244055,-0.4697199947732542
1794,-0.36107353909429607,-0.4490988648599899
1795,-0.7032716716531797,-0.27133482027504213
1796,0.008706810736879633,-0.46419414576188395
1797,0.4355730807329749,-0.5856606936726404
1798,-0.2464779379191878,-0.45142287274548537
1799,-0.12009937862714831,-0.4246874877361531
1800,-0.22348395636279506,-0.3923216346005423
1801,0.32434374394981264,-0.60396088977067
1802,-0.21326044644683964,-0.5535698597769944
1803,0.9330553787860452,-0.4034197332054862
1804,0.5103328939596815,-0.4543743206414359
1805,-0.3036550918881581,-0.3085083105619358
1806,0.17774211559057052,-0.5505058010789223
1807,0.6874621700386853,-0.16506756006734732
1808,0.34647790297305797,-0.45146116144861265
1809,-0.4412461296210202,-0.43520699044981365
1810,0.7284898579840405,-0.47700522049909055
1811,0.3682051122257032,-0.33290899613080893
1812,0.17418601531030312,-0.5225291996872794
1813,-0.49605909314309315,-0.34235785209960795
1814,0.5760268999596174,-0.583369888183804
1815,0.2567955619456192,-0.4866049298309637
1816,0.7603197224900626,-0.2377974898183141
1817,0.037366204829882364,-0.24068599695231516
1818,-1.0620444675329668,-0.27899932587476156
1819,-0.01285850323628689,-0.5096122260661001
1820,0.6576862440220146,-0.39977555499454126
1821,-0.49969663580587287,-0.5225772593150038
1822,-0.2989794364982337,-0.5333819883329568
1823,-0.4760037090422714,-0.38436980175143076
1824,-0.004463903891137833,-0.617303815970053
1825,-0.5242636196411801,-0.4049197002847445
1826,0.13015040477384907,-0.5958150668368551
1827,0.370399598146683,-0.5943473132983542
1828,0.5529738252426903,-0.37471961100185697
1829,0.30315332692950236,-0.5381180765592011
1830,-0.18499201781470986,-0.37849866794232717
1831,-0.45104214588089986,-0.46972824191618323
1832,0.4154893782520619,-0.4527154350933702
1833,0.2536186405030318,-0.5184575930956993
1834,-0.07395163759029272,-0.5316366870038058
1835,0.22482640214066568,-0.3847553195461433
1836,-0.3919423617448266,-0.5260773036695877
1837,-0.018346838494535597,-0.5518491496839129
1838,-0.33131812808291383,-0.4827846870320438
1839,-0.24233826311580914,-0.3400654421825221
1840,-0.4395413177474781,-0.36914474765004257
1841,0.10818898504686736,-0.5581164005459418
1842,0.02223327730242908,-0.440786465763627
1843,-0.0843798422647773,-0.5884514377112562
1844,-0.1613583702486283,-0.500777796406718
1845,0.09141043080786743,-0.32961442271280034
1846,0.05376380728220883,-0.6177799741322918
1847,0.0941132792898162,-0.5227415115155828
1848,0.16609588388710975,-0.40920158066337414
1849,-0.28285069900796567,-0.4993898771946796
1850,0.11757647009329263,-0.6167071804394325
1851,0.2732111869086298,-0.41178290960248853
1852,0.13651922928192808,-0.5843168323067223
1853,-0.22008814742975819,-0.6193895929737827
1854,0.39345264559898596,-0.41560324452077685
1855,-0.39030294420104444,-0.4768712992143202
1856,0.023074452204451045,-0.36693064171899303
1857,-0.5447053045272785,-0.5446172422270227
1858,0.3006418447601798,-0.528523760620112
1859,0.1868938606770701,-0.5946641799573746
1860,0.5350767333553074,0.19620322947177105
1861,-1.2783267539507017,0.12589317920657525
1862,-0.30635416997619375,-0.3232211589565882
1863,0.2674467396915297,-0.4318974923081704
1864,-0.6444866515188781,-0.22546003804889916
1865,-0.45991155996520683,-0.2523275163904358
1866,-0.613133239737343,-0.29917124316488647
1867,0.5583534486551955,-0.27481652539309337
1868,0.38781048056113226,-0.47480641627168213
1869,0.7874334529664879,-0.3977445409601193
1870,0.2301536723499905,-0.3931683853719561
1871,0.4652685891426988,-0.1929104654582279
1872,-0.21803999348172248,-0.3565818295485883
1873,-0.2545606669113353,-0.2939477949590868
1874,-0.21236476829163983,-0.3059606337834063
1875,-0.028377005024522707,-0.6053142452650414
1876,-0.02641525793732491,-0.5434805175271799
1877,-0.009950729784920575,-0.5970261862631356
1878,-0.06235698138368302,-0.5505367612349882
1879,-0.11833757796173515,-0.5084940682505937
1880,0.46352972610223986,-0.6077424323986513
1881,0.37600906636462994,-0.6093649090683046
1882,-0.18871781553092604,-0.5197820685181721
1883,0.6152182139390674,-0.4095253898936948
1884,0.01964662817708651,-0.5617347316100973
1885,0.044695049895979236,-0.512333328096979
1886,0.18404482894379318,-0.5695895517565389
1887,0.1694335554562988,-0.5255921119845298
1888,-0.2234509963316462,-0.4926726937721787
1889,0.31165615241925454,-0.4943111948806723
1890,0.012441558877096543,-0.608055696874002
1891,-0.5081637913693686,-0.5048174553149167
1892,-0.2240235055097348,-0.474126150177676
1893,0.19836193089299928,-0.6080969723820261
1894,-0.17091723876058207,-0.6121241638814522
1895,0.930456186220917,-0.08999229657539905
1896,-0.1070094566369825,-0.2568690709738473
1897,-0.5637665180467936,-0.44434596217801114
1898,0.019231143620797676,-0.44350591428025404
1899,0.7107262657245174,-0.40937069758448014
1900,-0.038260021979523405,-0.5441406355021136
1901,0.24313202886104526,-0.4478463463944824
1902,0.40571989517296136,-0.39151692083750267
1903,-0.3874295125340822,-0.495114376431819
1904,-0.40144187364495665,-0.5234694643240129
1905,0.6069051779076169,-0.3635795356687964
1906,-0.5072774231294467,-0.4320517500251209
1907,-0.09610384347318057,-0.574548561993764
1908,-0.2763974321873783,-0.62082864756977
1909,-0.21493570322002362,-0.4520241491772671
1910,0.440726857586059,-0.5094356851359108
1911,-0.03286148935148037,-0.34422651029012513
1912,0.31663240600943754,-0.5801641739345849
1913,0.4598584265396895,-0.4432816489013075
1914,-0.26468061472277804,-0.34628492260917926
1915,-0.128590074637689,-0.42424636774287117
1916,0.0846508155461215,-0.5920889486725643
1917,-0.14258791563449516,-0.4481353272989789
1918,-0.13089064857820243,-0.5279079152307805
1919,0.28570930620996865,-0.38108577210306405
1920,-0.37650893440000177,-0.4893791422863586
1921,-0.4306041134038566,-0.453976634574623
1922,-0.2836051100643681,0.17267778528960168
1923,-0.6023052738304817,-0.05582304779534166
1924,-0.7349381400832504,0.27808030518719706
1925,0.07465246483502415,-0.21453046668102116
1926,0.33910680840398927,-0.5688563938259034
1927,-0.1364258196698958,-0.30399033002319215
1928,-0.23398231237838196,-0.5179517592763705
1929,0.02559020023813445,-0.4723168299020003
1930,-0.5094347991113112,-0.43067491005367947
1931,0.01409441403387099,-0.5717032666477821
1932,-0.1416529693086372,-0.49243336347903943
1933,-0.6052673984787905,-0.24392988950752226
1934,0.43847434862425205,-0.4389715154342156
1935,-0.1841909410943129,-0.4866417493322867
1936,-0.18354353065910106,-0.28513782279121175
1937,-0.866736363367499,0.6158922439611463
1938,-0.8418026356028184,1.2032663488100173
1939,0.27573645787851553,-0.44552468603847034
1940,-1.018973035114632,-0.10882984740960984
1941,0.01883207824521884,-0.274754730507534
1942,0.355077242045023,-0.23151098325127759
1943,0.8405422523130749,0.10843327466993274
1944,0.24924380024287845,-0.5328937207246495
1945,-0.13918628050882134,-0.419883769006167
1946,-0.012519257161437687,-0.4621518702568719
1947,-0.7701397708399672,-0.4221941348795523
1948,0.6542234343480033,-0.291817991876383
1949,0.393947563553547,-0.4205222824913424
1950,-0.4040471805622397,-0.4711868453326494
1951,0.9429320069571823,-0.2740484530617905
1952,-0.17083876895631442,-0.49485515486235415
1953,0.08595370728011856,-0.47731392101401143
1954,0.24621287786176368,-0.5329988424609019
1955,-0.5098695281637259,-0.32257747902982664
1956,-0.9551298790439876,-0.3949140701643137
1957,0.5462152707313086,-0.4846284124452488
1958,-0.8224632996178071,0.11188087989618653
1959,0.7045795640201789,-0.02636532323445847
1960,0.450476111639011,-0.332732651766584
1961,0.13950824134912113,-0.5329794190364828
1962,0.5002201143343804,-0.468505184704219
1963,-0.9544699984402094,-0.3186338936976596
1964,0.08162477751763374,-0.6427595191027532
1965,0.1502716795101689,-0.5761784773178942
1966,0.2433072611241139,-0.6023518441478964
1967,0.14532037704049028,-0.5831103802669281
1968,-0.13332146370647818,-0.5980498052314196
1969,-0.2776753704465725,-0.4091485743202686
1970,0.28823994225120275,-0.5883950232167856
1971,-0.3084358001529347,-0.5864544227369645
1972,0.08017978654961937,-0.5855931753692475
1973,0.36882056649115724,-0.6024467705524705
1974,0.5553425308792832,0.0223068582670323
1975,1.3723806852430969,-0.09788171538565635
1976,0.5862589064801983,-0.09582402813046756
1977,-0.17688512188111344,-0.1610583075482186
1978,-0.38171940406953114,-0.5061495327261738
1979,-0.5660205609534648,-0.3332511258751786
1980,0.21002540906444625,-0.5672954928537485
1981,0.4120517530807786,-0.4803678027071787
1982,-0.26036893564383495,-0.5541095494350035
1983,-0.808088765380882,-0.39104535760097037
1984,-0.9815505134144382,-0.15276646713038894
1985,0.44392072790078435,-0.3317838643327615
1986,0.13002654200085118,-0.509677065252933
1987,1.3344513342770343,-0.3261690428086078
1988,-0.4146819348594999,-0.37706268697895245
1989,0.18231684921413957,-0.6099886333111497
1990,0.19584283051630455,-0.4376597926760639
1991,0.937957307019462,0.0024808077331941332
1992,3.6603191674917888,2.613196635130724
1993,2.001111754468396,3.498224655134863
1994,-0.5341811094465437,1.3726113650836456
1995,0.5313548746649566,0.8275514795680715
1996,0.5168020884805796,0.003436088359570472
1997,0.9485518848767339,0.27834827392002187
1998,0.09945336702855531,0.6429876672592215
1999,-0.16170292308417003,0.48750300414949704
2000,0.42741011309688703,0.20189384463385932
2001,-1.1098117312296985,0.23098787063139156
2002,0.7183390549849991,-0.22894189733486187
2003,0.2878603555491029,-0.15445581229140873
2004,-0.4125234439280149,-0.0870738945194948
2005,-0.17203312501902007,0.042846637844583896
2006,-0.11061436624580107,0.17501299216863608
2007,0.2973509574213746,0.05133754070782134
2008,-0.45389180495044346,-0.2653789934464172
2009,0.3618886171705256,-0.29488569605884407
2010,0.7069735569951314,-0.12208254452904982
2011,-0.10313142136948693,-0.21571106842081392
2012,0.5407675471470715,-0.24561150399464515
2013,-0.05260302105250573,-0.24965657445632858
2014,0.718614143044546,0.8913914118597258
2015,0.3182921495801969,-0.10855731500413399
2016,0.12312378418201084,0.17601327772829445
2017,-0.48839375848014166,-0.12768574736597882
2018,0.1526646579712238,-0.435250932480732
2019,0.0532486124889994,-0.11125692112818383
2020,-0.48064193684894396,0.07984147389582552
2021,0.6032941359847944,-0.4007781937309407
2022,-0.4872078825951543,-0.45915053343211704
2023,0.39322206342559113,-0.13956217015920935
2024,0.23349595453978395,-0.11494679038698831
2025,-0.34486353079589344,-0.4253332059286976
2026,0.14251067981060536,-0.5869473211962759
2027,-0.36052797087715627,0.13017857143607287
2028,-0.5117884924301089,-0.159456547018931
2029,0.026478089409971144,-0.39632621882189406
2030,0.35642576627131695,-0.26665805668167714
2031,-0.40529665967625633,-0.28317539027768435
2032,-0.6778970548679851,-0.3969343149983878
2033,0.008138733058076553,-0.1887620209314105
2034,0.3325883930066161,-0.3234463292436937
2035,-1.06394773479543,-0.32736992683952165
2036,-1.3563280614273578,1.2403719451264075
2037,0.5263080657094436,-0.39171683368321303
2038,-0.019726325149720485,-0.2634029573633831
2039,1.252451731800209,0.16345098996686933
2040,-0.09058798412734723,-0.2953532672559125
2041,-0.6460887978443718,-0.10856541539950502
2042,-0.6663294207108871,-0.30800941896777806
2043,-0.4218826078902619,-0.19314694182992242
2044,1.1341493158347138,-0.3249770529586637
2045,0.43914970110455925,0.4055610848351305
2046,-1.9063861516569691,0.1758604535955266
2047,2.387595039944701,0.6284698758379468
2048,2.8951636222550747,2.049317936122811
2049,-1.2448113956600875,1.3804758095017633
2050,0.19305492286644255,0.11488592334839501
2051,-1.599754782298241,0.6038047806661823
2052,1.079428204181798,-0.071389163246061
2053,-0.6291592342216411,-0.21614260119638906
2054,-0.468403183408668,0.22217192485452908
2055,0.3509505415936742,0.1068435811604315
2056,-1.839649394297452,0.574786920811527
2057,-0.5882533475486619,0.04081346041588397
2058,-2.674862591383053,1.8736118223316323
2059,-1.010553369832218,3.1807310783365796
2060,0.9534462809133524,0.7351007247848405
2061,-0.9805075384538326,0.27471031187217176
2062,-0.029986187724831862,0.2536015102541189
2063,-0.032473036261940376,0.10555060257457984
2064,-0.37189133662468377,-0.2732408181012105
2065,0.2856515023700684,-0.2661168536571052
2066,-0.7092226585742836,-0.26622092168068034
2067,1.1431348840122624,-0.19837064504166133
2068,1.1220311459166608,-0.07374173917205863
2069,-0.05710857743758054,-0.2690804502147079
2070,0.4466474231394364,-0.17479937491685263
2071,-1.236075308257282,-0.094223710779408
2072,-0.2099826689327087,-0.5518374628921694
2073,0.7246123815128859,-0.4558019157234333
2074,0.16535335437719276,-0.5570657247846533
2075,-0.702494702277255,-0.4233009156148321
2076,-0.23791020406338909,-0.524733830099504
2077,0.23086401489254002,-0.32753362954194026
2078,0.25858979514880764,-0.5314963372157456
2079,-0.6887790091699206,-0.2867762718915613
2080,-0.4577397748563179,-0.48786307520768846
2081,0.5384889614525256,-0.4606633509504722
2082,0.1421960559602533,-0.5099353712851219
2083,-0.11907818690063117,-0.30783690166967054
2084,0.5934151070509976,-0.40316981759401543
2085,-0.39160060007381,-0.48322136187220466
2086,1.2967409394598388,-0.14688752163687924
2087,-0.27886714590574735,-0.37461846299008117
2088,0.4989378889750807,-0.46663658085153803
2089,-1.0693017326447107,1.1929571935449568
2090,1.3751961498878473,-0.2917648525166552
2091,0.5230537719255439,-0.17899762500978764
2092,1.9425548598256281,2.255205424857187
2093,0.5144309928015965,0.059170195425745274
2094,-0.2831298503844627,-0.27682824161093
2095,-0.45926575109391715,-0.2576187193322921
2096,-1.0826179169616366,0.07958286875149717
2097,-0.6122756158384641,-0.31412176001669223
2098,0.8850315698009251,-0.21014215568786923
2099,-0.8840377588379166,0.02948221125692149
2100,0.6640602568572379,-0.31308274290835486
2101,0.45095781316128675,-0.2540218762771108
2102,-0.12804890568921143,-0.5912512729831036
2103,0.23296800520257122,0.0037334044292076517
2104,-0.10410455169726282,-0.32469773621843856
2105,-0.17830173162646296,-0.44271714569985593
2106,-0.8420662622445549,-0.3839313033464907
2107,-0.18610592766950743,-0.3525695348977241
2108,0.5945662929636429,-0.48565268586769167
2109,0.641160658063377,-0.3033396832031887
2110,0.15001447691686737,-0.31576620440507
2111,-0.41563310903828055,-0.11756503670477356
2112,-0.6067612385117315,0.21924932457285745
2113,-0.012174635918789763,-0.1755673273427514
2114,1.0041841525183033,-0.3569526471807353
2115,-0.2911165228619564,-0.3424070113367615
2116,1.0257283711691076,-0.018726360711329014
2117,1.4449924363976712,2.0379077697305807
2118,0.07490074818781778,0.11397715968712543
2119,0.6272408819159926,0.5689141892448802
2120,-0.8287193424217915,-0.033436757533877676
2121,-0.0153540544539802,-0.26819552307962846
2122,0.2327822287948369,-0.2593238820687529
2123,-0.41472856978840517,-0.26818765251543397
2124,1.0080020288403846,-0.029662570732735448
2125,-0.32514007680711055,-0.45044550296342506
2126,-0.097988064847157,-0.28602174676949566
2127,0.36441917375001237,-0.07042741060412813
2128,-1.1055158798712101,-0.08400712004081606
2129,1.142267443535477,-0.21799375754322767
2130,0.019915387187564578,-0.4380364671729929
2131,0.030110789245963686,-0.25294061032450654
2132,0.6807781529799712,-0.05115855155439425
2133,-0.8143986687584625,0.1353694493894269
2134,0.3613506687405275,-0.2559888827327491
2135,-0.11905444957812794,-0.3229834207830977
2136,0.6708796195162127,0.5835411806126815
2137,-0.5342651427043306,-0.13104804833539316
2138,1.0064386603607316,0.46190157232482626
2139,2.475953989230449,2.212829874021446
2140,-0.7122966927717269,1.3637538616174214
2141,1.9810549685884,2.9925895865108756
2142,0.5885241660176164,4.648648199252548
2143,1.2736135243123359,3.199094440784244
2144,-0.42209058135264255,2.007454266794524
2145,2.503679199210871,3.135903771568217
2146,0.46143834545410484,2.7794449820739398
2147,2.9751814230443387,5.572711229635799
2148,-1.840809354052313,2.589396415512509
2149,-2.570004180377729,3.7466141362577896
2150,2.2172661280182773,1.1706197331291486
2151,-0.377593192174891,1.2283009381489978
2152,-0.4210185007004252,0.6294828692040378
2153,0.13638361746307576,0.0823220459315995
2154,-0.4044323010246266,-0.21594198179061241
2155,0.411379310767806,0.1205080750178756
2156,0.13822200496517825,0.19148124267593616
2157,0.8523649612792659,0.14520126511031145
2158,0.44234671136508097,-0.17241272558243007
2159,-0.646844753480066,0.446490588179308
2160,0.0659766334453217,-0.38417402579058124
2161,0.6627100031142491,-0.3273397778453141
2162,0.11497071315432005,-0.31684297540183565
2163,-0.06093733642649504,-0.42650528397094367
2164,0.030736311924288776,-0.3514335162496445
2165,-1.6146418118406052,0.5142464421458263
2166,1.0600075898876067,-0.2934688743902496
2167,-0.5034400748434004,-0.3814663822185212
2168,0.018209767669681146,-0.4628015891707647
2169,0.10427181254777886,-0.46942852319179373
2170,-0.11333623343402291,-0.43182879034466426
2171,-0.021754819807553016,-0.3704729086754665
2172,1.3933260586307077,0.4857332390893556
2173,1.6376214358428418,0.8431724035068572
2174,4.274922087528163,7.05885030350987
2175,-0.6754981956082124,2.1734917509434912
2176,0.07989754662430196,0.22424881317787718
2177,-0.714483528106567,0.7204935656364602
2178,0.4118942069840595,0.09449499127129915
2179,1.1928001509621848,1.3979003565421926
2180,0.7904268907170188,1.6181988591629277
2181,0.06942935498478446,1.1504856960872014
2182,-0.17850084854209033,0.4078905737144946
2183,0.6441991881420682,1.009518964727929
2184,0.2969610301902784,0.7529086982159058
2185,-1.6508128844898153,0.5586948299683773
2186,-0.933503232591911,1.0291830900725392
2187,1.4273891825944083,1.3306820656748777
2188,0.5469311243592404,0.18116482954701657
2189,-1.1510107638407459,0.3413059678569686
2190,-1.7138651077510878,1.0696785540220983
2191,0.9960575495017223,0.2540432418511443
2192,0.7152241501252867,0.8090831742581726
2193,0.00894436265725371,0.3978442959974044
2194,-0.07184960157265287,0.40561741781254007
2195,-0.7883041838866843,0.011290870749701245
2196,0.9491078424482893,0.05687005038224901
2197,0.6795047266960192,0.15485108014841267
2198,0.49308374011225653,-0.11125604206011591
2199,-0.10450206611743429,0.07177588447418524
2200,-0.5216771581069524,0.02202922505896038
2201,0.6840956204816889,-0.2965902614119546
2202,2.4760502230212587,2.3350278592112814
2203,-0.9072757283847876,1.2797052215608509
2204,-0.5348081718155149,0.4303594202790491
2205,0.1201065530949671,-0.14722373356659735
2206,-0.7718246917854519,0.38098469622427883
2207,1.1367878678719119,0.02681887628679032
2208,0.038321309269178594,0.027904187207979353
2209,0.01822665984466916,-0.27001275465731805
2210,-0.1398263663186216,-0.41833278159638565
2211,-0.6765572169487902,0.4865508283497077
2212,0.4331881690279089,-0.255645921288761
2213,0.12944066210693841,-0.033649571557557795
2214,1.8850187369894118,0.5147195858639333
2215,1.0004891826922482,1.1633460009675323
2216,-0.41906227771351273,0.6338513282076703
2217,0.9577794269806243,0.788895538291059
2218,0.028669774962521672,0.7227313431490272
2219,0.5380751375526933,0.1088827065727361
2220,-1.0499990006408582,0.19763864965814737
2221,-0.5048434378980802,0.08288540784188965
2222,-0.9183776237826765,-0.1464941856159442
2223,-2.140683030014523,2.6097188257835877
2224,1.228310261018275,0.6253574471806209
2225,-0.2533637672957838,0.1590199375615682
2226,1.1229952755809058,0.5898950056278759
2227,-0.07722519894482456,-0.06083923297591891
2228,0.2758171749564071,0.13703266945126363
2229,-1.023503634412946,-0.048471886021632334
2230,-0.2405557099016428,-0.2989797409592257
2231,1.678719388215672,0.5461779683442797
2232,-0.2424961097692801,-0.392969095361475
2233,-0.36948988737467536,0.09144611519837303
2234,0.6655751209480109,-0.2398700062519339
2235,1.16815068148454,0.19646960212048284
2236,0.0998813025452769,0.5962794681415473
2237,-2.9784289170940896,6.816310775912887
2238,-2.4231347475228553,4.191158085303972
2239,1.3092452105588648,2.5296025520460415
2240,-0.5686687517246536,2.347665848537647
2241,0.6196537863587308,1.1453281235662391
2242,-1.4747948836066487,0.2580111124316775
2243,-1.3635214504651187,2.70460319773699
2244,-2.327888712647834,6.103557278667845
2245,1.6544796447117962,2.2132235209307236
2246,2.2209117549933888,1.026666457636381
2247,-0.31327040197842243,0.7572550859418234
2248,0.42360241615797006,1.0957536922462006
2249,1.1457568154704065,1.74294092969828
2250,0.004062279687650057,0.2906607445587082
2251,1.3961625619051474,1.1854211029408763
2252,-0.7909029286907214,-0.12873190467992424
2253,0.06552660201568773,-0.4126780695049309
2254,0.7400941360456996,-0.13948786012043374
2255,0.9625086719498303,0.0994120273873202
2256,-0.4606436543604886,0.017869705087549995
2257,-1.0190637150804924,-0.26490115015261656
2258,-0.24841512560699802,-0.3655634416920454
2259,-1.879793857947699,0.22405648486669535
2260,-1.111282479671129,0.18201416897305325
2261,1.5050804519329093,0.14490322302457626
2262,-0.22801865352094677,0.16730527414007668
2263,0.3108597714201411,-0.34541885929455146
2264,0.8226697954956868,-0.21277470231801324
2265,-0.17083775354790368,-0.42748325532085296
2266,-0.05523721623624936,-0.4593796168183158
2267,0.24266848807768743,-0.38408433068062314
2268,-0.21686193162177644,-0.5545325868987073
2269,-0.7240837927227788,-0.22073913527281672
2270,0.31333514657360567,-0.3437948815194414
2271,-0.7980990645186692,-0.33132181187947596
2272,0.7497431906660631,-0.4107795414203199
2273,1.0257099147566635,-0.27883662467293413
2274,0.36352720712341446,-0.47961681932891365
2275,0.030294917317318707,-0.573834448180212
2276,-0.3975749330703091,-0.47813064125374544
2277,-0.6394151769342007,-0.3366953815683301
2278,0.12691204925705443,-0.5686711347290072
2279,-0.8828440926461386,-0.21490984623018097
2280,-1.0653038648889845,0.012844325799465307
2281,1.404074647651013,-0.2010663138152414
2282,-1.2645296492325793,-0.1244185236080982
2283,-0.9203520971817576,-0.06489236656952163
2284,-0.07109877016808716,0.15044132790938775
2285,1.042600512428337,-0.5159141399809609
2286,0.3368662950164469,-0.35996598230113974
2287,0.6212150622302982,-0.18309363881236482
2288,-0.021419623628618663,-0.45763794901930366
2289,-1.5191318488975971,-0.16398518207469062
2290,-1.0757453746020427,0.44157621121467455
2291,0.3343479925713562,-0.20343744255831195
2292,1.3779190222159596,0.08623599921105292
2293,-2.705334037620616,1.0353413919780095
2294,-1.017477815180013,0.4584152904665155
2295,0.36075598838893697,0.6968466485204999
2296,0.1976218268259608,-0.09368358489659019
2297,-0.3589700594069184,-0.05716030891383128
2298,0.6182428781556798,-0.2508951740476745
2299,0.9305376358019762,-0.10075303191374724
2300,-1.3598925496329684,-0.24401445008654649
2301,0.2794639904051566,-0.3678110183029583
2302,-0.2703096913965427,-0.49029245253709197
2303,-0.042405659755388125,-0.14016939965983563
2304,0.8465376529594951,-0.03423471664905255
2305,-0.9756852078732956,-0.016115464456505083
2306,-0.6097272744670896,-0.312138367900212
2307,1.6432608403358033,0.32975744462274487
2308,-1.1877334105505977,0.03032146131909376
2309,-0.9760009819051682,0.3733940517318634
2310,-0.3439386870192898,-0.13941521976263116
2311,-0.36564996177863096,0.3089681511208494
2312,-0.8133356482805963,0.7634786295425887
2313,-0.7130652588156068,2.4331455921491076
2314,0.4510282141329897,2.0900619153963045
2315,1.5017148262250148,0.6226486242935897
2316,0.29832069674456707,0.09923789488512845
2317,0.18053412916273026,-0.3381589784654206
2318,0.59802239745084,-0.2179082213258658
2319,-0.029370694463901094,-0.4269244668142624
2320,0.8229132994177887,-0.09425370396034623
2321,0.2911399235979095,-0.3940779730711486
2322,0.0387199175722131,-0.2350362863134924
2323,-1.0002390439864188,0.06909254869353382
2324,0.2847206514258109,-0.5125307728558643
2325,-0.25106939332692724,0.4628220584039135
2326,0.9009592947035024,-0.43329270925044044
2327,-0.17322572429018737,-0.4524969679399598
2328,0.16435211122651983,0.09355091127549686
2329,0.33917154361732293,-0.08410577897441536
2330,0.6574589195734406,-0.16902347730100234
2331,-0.27825393376987945,-0.11485391392282374
2332,0.4804517096143397,-0.5155945442620751
2333,0.48950773481711257,2.032784323736101
2334,-0.1601663114572458,0.5084491443624889
2335,0.8478689786790913,2.345858650264122
2336,-0.06479122857729369,1.3921520444783417
2337,1.6056528134241121,1.2206609241267283
2338,0.08557574634561084,1.2792931793676097
2339,2.1824566634192775,1.6767255803470191
2340,-0.8890369714379941,1.538183268546872
2341,0.29091419047658873,1.0430358018601578
2342,-0.3669465209852722,0.5556851630577322
2343,1.0738373965516772,0.4730175412565908
2344,0.6734447802481803,1.0392754635173447
2345,0.014238635474974632,0.706316240068368
2346,-0.48065053406111197,1.4370785396919765
2347,-2.3937942581149225,0.6836606306791349
2348,0.28083648723633764,0.8929356772777814
2349,-1.190548730253917,0.13211142750164082
2350,1.3624057679291164,0.1441809284915404
2351,1.4662211902769473,0.12402883202396729
2352,-0.754416222949257,0.06589693636119534
2353,0.4626440896132758,-0.05614681253762702
2354,0.27868553933376145,-0.15414566632312676
2355,-0.8151634014141901,0.07272592909821055
2356,1.220516726749447,-0.2820369101804022
2357,0.18263714075651197,-0.5338170346990085
2358,-0.03795328347123147,-0.3979255037522506
2359,-0.27573449569023945,0.34298122931686864
2360,-0.0036695864519086874,-0.4888056749000195
2361,-0.1657005081936456,-0.32463885151068056
2362,-0.1061762913219903,-0.4479552676208733
2363,0.36332906772287743,-0.07591520734631814
2364,-1.7475083789390191,0.29238372885880415
2365,0.2511119992556044,-0.4138771142254177
2366,1.0521539115521426,-0.38100556703925614
2367,0.49073517406996303,-0.4821001629796312
2368,0.13597452508561964,-0.5340909205560626
2369,-0.28738700270059403,-0.4888677339192068
2370,-0.40749158491208787,-0.20985957784763212
2371,0.3723327969186338,-0.3562867423100539
2372,1.2250185329164003,0.18133847538548545
2373,0.7557560919991226,0.24155602706126506
2374,0.1526236655770291,-0.042667186740419326
2375,-1.079155992311736,0.6495377860511747
2376,0.14360728546169121,-0.07178937791665874
2377,0.9827297040522442,-0.21835250870371253
2378,-0.22784167953807788,-0.3505091522690288
2379,1.7681271237306817,0.8213246167958498
2380,-1.9390827765064946,0.7048474497431411
2381,0.8501512045427693,-0.13630661287716214
2382,-0.8311125731319229,-0.0033764516992650273
2383,-0.6410798640170005,-0.25300349173155645
2384,-1.24032694688384,0.6329344888817304
2385,-0.39183112829694666,0.354733295950397
2386,-1.0365881292029082,0.48576393971682164
2387,0.5190074091538167,0.24025293884117396
2388,0.1273744021824027,-0.08824520508315813
2389,0.9437924447285744,-0.2004060728073301
2390,0.07629482238396135,-0.5461027231258921
2391,1.0186491661579944,-0.14900829472839955
2392,-0.9537982472188774,-0.20708638097956175
2393,0.30710084539003335,-0.1592889367276974
2394,-0.8400378911431684,-0.25146726763252114
2395,1.2752917058872897,-0.10829989585339331
2396,0.5394949578124463,-0.16042061846276298
2397,-0.7609116719470892,-0.27233430397298297
2398,-0.09660067401947993,-0.36446880179313124
2399,0.8845640749942583,-0.09787280642421861
2400,0.535446446526122,-0.06676652432237859
2401,0.45199891062451264,0.3134216817606418
2402,0.19609747220571236,0.0920216862014291
2403,0.09660211651193182,0.6652578799298559
2404,-0.38987459587090684,-0.24440573422806838
2405,0.5106394760847833,0.07947547867272249
2406,0.6330854286282146,0.43802076608554136
2407,-0.6515586067956124,0.32736199584359066
2408,0.6810443366386578,0.19260923390481596
2409,-0.21001295842126833,-0.23423918972639973
2410,0.30358829157105033,0.07721136314164212
2411,-0.21829556931805905,0.12043439158258677
2412,-0.17465581395167828,-0.39073468645559273
2413,0.009228290673957681,-0.28167462229906504
2414,0.9598875200536647,0.041042185118454526
2415,-0.5481927533075475,-0.12110828680938175
2416,-0.5415978541977485,-0.012433638430816416
2417,-0.37956873057230056,-0.18324965277941696
2418,-0.15850201035965392,-0.11723865349746974
2419,1.5672749452908226,0.36224783614962425
2420,0.0544344259385122,0.5758673828173496
2421,-0.19998665110425687,0.1274303379491814
2422,1.5789723800806883,0.5833339775882951
2423,1.5752530934984716,1.5191815098898038
2424,-1.9524805114013042,2.1019952300213607
2425,1.0241231594300761,0.2038373674713524
2426,-2.384355643617285,1.3572049695947674
2427,-0.12901285510967572,0.418165452462911
2428,-1.0561864650924326,0.44588855083314727
2429,1.111678262480933,1.3620953503696525
2430,-0.37516973919679264,0.5140790146685209
2431,3.7948182059632454,2.6077152469148173
2432,-2.481864368925708,1.5570765217116245
2433,2.308708465831496,1.2584823333611375
2434,0.8489082215771535,2.902725063399793
2435,0.12799343513678088,1.4324113822461242
2436,-0.748323876415212,1.285890513280456
2437,-1.4985790007206825,2.283015295771552
2438,0.41608311776298335,0.18711308621713563
2439,-1.0166010986183418,0.7033426003486735
2440,0.6633766631376788,0.3801875557668392
2441,1.3535965715703515,0.6785592034083416
2442,-0.43014042563719895,-0.18555813321049047
2443,0.7260697689604185,0.3527461167949054
2444,-0.25414958720625014,-0.3711409376965948
2445,-2.486802831043734,0.9969459478506276
2446,-0.9926997304521877,0.6786109687295584
2447,0.5631720746108634,-0.2062191547058481
2448,0.846224806624492,-0.37454821255312565
2449,0.8079867934793219,-0.11729061824490479
2450,-1.067713884588775,-0.16773810455889268
2451,-0.30402707909428434,-0.2826471611180999
2452,0.3503250723632226,-0.32981126755313556
2453,0.23957184937786807,-0.4503512979043126
2454,0.7233768653873954,-0.2266706540369111
2455,-0.5937619324578886,-0.26609637547135695
2456,-0.19379421887204895,-0.3677450568336117
2457,-0.33087685840059244,-0.2752585998359598
2458,0.3399029611172578,-0.3757525718043564
2459,0.6029660823666674,-0.40110194466554305
2460,-1.2837371831105948,-0.3184408003512866
2461,0.06896221187090751,-0.4047348048301127
2462,-0.7471245685926966,0.2890871711405784
2463,1.1219741935839627,-0.20873198628043585
2464,0.2570620620152226,-0.4010158948447844
2465,0.7937927169346572,-0.467889840662532
2466,-0.2639736871738354,-0.44325897743072695
2467,-0.1689455324944203,-0.2812019977539063
2468,-0.3813713975633114,-0.5269091283691123
2469,0.057415039012708426,-0.6160808795841913
2470,-0.44251608268216736,-0.4738296008848943
2471,1.0693457896851166,-0.20557722271693823
2472,0.143012088920379,-0.2650625104722778
2473,-0.5323211169276779,-0.4095574028478821
2474,1.3826820968877414,0.2970738757944505
2475,-0.5116358991847594,0.074415006349613
2476,0.9406185903226563,-0.11436520116475882
2477,1.3975239984273309,0.8924345610244329
2478,0.2683058042620391,-0.0682583100881191
2479,-1.1795252832547773,0.10338748759551956
2480,0.33604753883670974,-0.20242920199554063
2481,0.6312575437910577,-0.16619631746161226
2482,-0.42597903119616765,-0.1896258873353975
2483,-0.16447985768799228,-0.16167100572208992
2484,-1.0680486296898652,-0.23725490706421024
2485,0.0472119608987143,-0.44765375494651005
2486,-0.05323345082397947,-0.3549588033398411
2487,0.11014800001128185,-0.3595655651419756
2488,-0.6379746125751882,-0.2472644695950423
2489,-0.06580649236094781,-0.45874756377125464
2490,-0.6055936575449633,-0.39078864361503457
2491,-0.02631115427854681,-0.17811251305981618
2492,0.4791282227536269,-0.3765027336923573
2493,0.3306225334610778,-0.3813032008292905
2494,0.0148569260221466,-0.6047937205990445
2495,0.5046255640802886,-0.4904643775945909
2496,-0.04022147504340483,-0.5522339427860641
2497,0.342499291686964,-0.05953062362170197
2498,0.13742288300781622,-0.42022501438625154
2499,0.8713493406093795,-0.12647148315001677
2500,-0.06271737411494004,-0.48313675980861814
2501,-0.07060894529230416,-0.4692282302865332
2502,-1.05271771622287,0.015350004253838798
2503,0.1613196050761986,-0.3782518946965038
2504,0.8604485888022328,-0.24368524431082114
2505,-1.5660868603611493,0.8043916254693778
2506,-0.48010464605883724,0.3192342689994891
2507,0.3269521736258499,-0.031792918529587426
2508,-0.6330572559784045,-0.36625101451396325
2509,-0.7068230654612953,0.4706430412529603
2510,0.6084828925781505,-0.27092955880761693
2511,-0.1329854041583847,-0.2739995247300256
2512,0.2970021302218643,-0.3925494768779426
2513,0.6091292967193652,-0.4381124821277109
2514,-0.9290895888668531,-0.3989396549280009
2515,-0.4042258562582697,-0.1783942540268934
2516,-0.25191279385402426,-0.41506692150427527
2517,-0.4886363129805227,0.4171879051494924
2518,0.10821285371314195,0.2028026480873148
2519,0.6757288211710155,-0.0689608933675268
2520,0.16034284971709173,-0.25256689476020305
2521,-0.43507245419543367,-0.41391613534055344
2522,-0.16014298060441434,-0.47983213418678816
2523,0.22653202282155976,-0.4307260168078575
2524,-1.0397136000147322,-0.29968395573729817
2525,-0.44007310391686233,0.29528756918201543
2526,1.0447548959990245,-0.07580867420682434
2527,-0.31490475431950776,-0.06846028201961495
2528,0.27573863969672524,-0.36507895351515707
2529,0.7653203250661642,-0.3745394302004113
2530,-0.2717840944685479,-0.09928177230393857
2531,0.6127005513324036,-0.2880611804428252
2532,0.5658485015011062,-0.0290427097911026
2533,-0.4632719655122237,-0.3571193399714728
2534,0.2836247236057016,-0.46960887187312345
2535,-0.49511258398124913,-0.36465847986719047
2536,0.5915495305638853,-0.5087684133824714
2537,-1.1011584487850354,-0.10661812586000012
2538,0.594696205244408,-0.43294052312172904
2539,-0.3513058022633664,-0.4911353870640201
2540,0.6986348305735297,-0.4720903615785098
2541,0.012230978529805566,-0.5912427939887618
2542,-0.26828970053325,-0.5437830544141514
2543,-0.5930713356457439,-0.5451204490230903
2544,0.42984853308539833,-0.5117935949990358
2545,-0.3226862577902115,-0.5672353932864095
2546,-0.5544621714796244,-0.5054913338762844
2547,-0.06896947980698533,-0.6247017471115046
2548,0.46031083770425174,-0.5634943751217893
2549,0.160273316064145,-0.6210022110516821
2550,0.189429091788618,-0.5949764463958404
2551,-0.48314044954818486,-0.556646806810414
2552,-0.2914344350326827,-0.47948193517626864
2553,-0.21294483435810413,-0.5858797234203084
2554,-0.6768609287855247,-0.5275902369550762
2555,1.1259965085232124,-0.41403791311997934
2556,-0.18303370250175083,-0.6112294787581205
2557,0.07028748549744958,-0.4957307972624502
2558,-0.1308436960549033,-0.55625858254522
2559,1.2227482994498684,-0.21188648500563725
2560,-0.03976784723499564,-0.3635742861569342
2561,0.43045859436936823,-0.5166910194301844
2562,-0.13346984122417793,-0.47913542368714124
2563,-0.5513039041933047,-0.45362954252841237
2564,0.22241153653686024,-0.5162075873343079
2565,-0.24945952679293257,-0.45940522571127124
2566,0.12135607527301236,-0.58888816508131
2567,0.5480088523320977,-0.4646771740290594
2568,1.049627391211716,0.11371798440324564
2569,-0.04069011537437518,-0.45639461141273985
2570,-0.39796013530175495,-0.3718876432900389
2571,0.35843709986053285,-0.014380264292741023
2572,-2.5603476189164525,1.7297561614640578
2573,-0.8120156884743668,0.685394343102115
2574,-2.554227572658693,1.0212602751028625
2575,1.5684997649802586,0.41241415191675224
2576,-0.24189719117222194,-0.45185665215462817
2577,-0.4640667699665624,-0.40887592868708844
2578,0.2432231053295971,-0.42405749421024813
2579,0.1755591452434456,-0.5737064856414342
2580,-0.459210477542365,-0.5354557857041844
2581,0.45858282960652164,-0.5616286517302259
2582,-0.0916418023565966,-0.43778245653428355
2583,0.3299357533086543,-0.5264128261280782
2584,-0.5535471887690571,-0.49842834303533595
2585,-1.1107395382680891,-0.2690873067404308
2586,-0.4575099213516254,-0.23838279822469718
2587,0.2896357817308434,-0.31812547524025875
2588,-1.592028621691196,0.9874515759574152
2589,0.8746853127341339,-0.21481891497837277
2590,0.016764911651613316,-0.4628677527993934
2591,0.5682516146041623,-0.449575829730629
2592,0.10769027191431939,-0.45108328536408104
2593,-0.18292219677785318,-0.600981829715826
2594,0.2793063586515035,-0.46675527327329214
2595,-0.1530358097594836,-0.45670914666424023
2596,0.45809089365144684,-0.6033417786195269
2597,-0.013666640415573288,-0.4952803089496118
2598,-0.02852413919727212,-0.3398167254089905
2599,0.2041220507134317,-0.34555942018114805
2600,0.32779516522673063,-0.2591231921096628
2601,0.5425442427316066,-0.37332894440947895
2602,-0.18438387798115025,-0.3757112397336999
2603,-0.5400752921421909,-0.5648377524666798
2604,0.09837895916725409,-0.5679040776941966
2605,0.5578786685457886,-0.5288318013638204
2606,-0.3595232737080071,-0.5386557232218803
2607,-0.36808576761928363,-0.5695392200925857
2608,-0.3892929872479223,-0.5051020234566331
2609,0.18840155142841403,-0.38026098611738696
2610,0.06958823234774186,-0.5503488052715833
2611,-0.4308613641564661,-0.5431834851231926
2612,0.06941049415983178,-0.6449003122089423
2613,-0.2280980223821877,-0.5021700763007273
2614,-0.17139230877373113,-0.4730900218169784
2615,-0.5747832840640007,-0.1560506842738079
2616,-0.26060840663754736,-0.4990839773616067
2617,0.5915306455077366,0.4271796271978196
2618,-0.24658332219001633,0.12066685409549852
2619,0.4515511372463246,-0.0192982952471629
2620,-0.20418796121347502,-0.39438114739474395
2621,1.0521473864054107,-0.14007566675421523
2622,0.3240941224251269,-0.13733886668029535
2623,-0.5373523832174354,-0.3986905760987998
2624,0.699452889874355,-0.11207971565121143
2625,0.0832093202689704,-0.5121990647305374
2626,-0.37175368949855037,-0.3909641491147273
2627,-0.8276238151411195,-0.049319803845615226
2628,-0.6524210790988362,-0.4297694727064304
2629,0.31390690499041685,-0.45795010444019396
2630,0.2934805789022514,-0.540354927393572
2631,0.11861901464368879,-0.4877026836744729
2632,-0.8599029152122231,0.10836437118588545
2633,0.39910512547337534,-0.24470638468715872
2634,-0.19322385760280789,-0.4484732564282731
2635,0.9867198110887222,-0.2280977096175513
2636,-0.23944599861164836,-0.4646816978257561
2637,0.14268920251111167,-0.5354523491986533
2638,0.11773019023975884,-0.5013574755762424
2639,0.8295502676574781,-0.23467279766686422
2640,0.18106377755317646,-0.3318837552160588
2641,0.8718526154088344,-0.2975027833369268
2642,-0.33716086718114086,-0.42493167020924405
2643,0.38123106185365097,-0.43147369596911417
2644,0.5538348735326409,-0.2078321730024031
2645,-0.17528201943692143,-0.30670058719787907
2646,0.5978005456174823,-0.4301861338353412
2647,-0.5316461974343073,-0.2625813138908256
2648,-0.47883950563129474,-0.4411638864531128
2649,0.23821019148291572,-0.32058643923818925
2650,-0.31171415044824596,-0.023070315833475418
2651,-0.37514464724294505,-0.4184590986916525
2652,0.9645875820838704,-0.5433746238941903
2653,0.37432336015701795,-0.1673603554289318
2654,-0.47798799068669867,-0.40887071708617967
2655,-1.5027180621630865,-0.11190904794607114
2656,-0.3380840107445728,-0.09133428103707862
2657,0.4964395419564475,-0.3385069712448262
2658,-0.28569492352851106,-0.40640862802986966
2659,-1.052584609965596,-0.3548772568694341
2660,0.33306890457834243,-0.3992282774433502
2661,-0.35660058544219736,-0.5379058476214869
2662,-0.1530792545293058,-0.5398318074737635
2663,-1.506803878838579,1.061882804858838
2664,0.7945590709304372,-0.05375301721740788
2665,0.2578460567518411,-0.3847013732496207
2666,-1.0294760071843845,-0.36339720626772865
2667,-0.4893984071869021,-0.034345895597719465
2668,-1.6406849269414585,0.6074281866536281
2669,-1.3797981320285089,1.8129436675792834
2670,0.3792344450077181,0.28097013547110017
2671,0.6373758104742133,0.25995386766332673
2672,1.1842992791779148,0.253245633697283
2673,0.33777583839384545,-0.4534616848432717
2674,0.775128739604606,-0.3596125317903029
2675,-0.303106069503581,-0.38777625745289646
2676,1.4569966735541715,0.03210957646738854
2677,1.1824590713434278,0.2812883556427139
2678,-0.150526981032587,-0.45947401766331114
2679,0.639256412897301,-0.2683792319518054
2680,0.8711587193133089,-0.129319440299217
2681,-0.7829873086460275,-0.20353274949280575
2682,-0.19252553136588205,-0.3759174732131117
2683,0.4135534448366981,-0.3358691820487562
2684,-0.06335489429079036,-0.48298116962570264
2685,0.01806134589743015,-0.28477080068205746
2686,0.35672196038280535,-0.10434365884558933
2687,1.078779358314089,-0.4132915511407696
2688,0.0054953240950829955,-0.30154546666490556
2689,1.188770246340737,0.33308701169198124
2690,-0.3003159274168222,0.026005703598441093
2691,-0.3074192397130598,-0.09563020471680198
2692,1.0276993441452906,0.19207836651165283
2693,0.11426344092602761,0.07405324514309147
2694,-0.1857867038607427,-0.1763102789380331
2695,0.45520414360589273,0.016996175436669397
2696,0.045854226112771734,-0.22831216547279518
2697,-0.5177923686470607,0.031066498707998477
2698,-0.223970159301624,-0.2274824540401405
2699,-0.025570480950661577,-0.04757425977559472
2700,0.32147040089059653,-0.3030868065377739
2701,0.4823856448684804,-0.2882343049161431
2702,-0.7154339440537093,-0.1841280317723638
2703,-0.2586404181675328,0.4536328832497382
2704,-0.5142060277368068,0.8855326094752621
2705,2.904856153102563,1.6351482456508872
2706,-0.8574567328770033,-0.012657550728549159
2707,0.21823550872767505,0.10378427306950275
2708,1.3183357325871492,0.22794704087910544
2709,-0.33257848008927016,0.7982081228713875
2710,-0.48503976109370067,-0.1907543712601458
2711,-1.222178191912952,0.2115543677461281
2712,0.5107819303314093,-0.2723875947380652
2713,0.7069488558200642,0.23872334439482285
2714,-0.927454282391354,0.20679287788784265
2715,-0.30421717753238614,0.04942915081747432
2716,-1.0316885959803819,-0.08324356234480267
2717,-1.0246443166361934,0.8290219585585613
2718,-3.0873057623205806,1.8062124907549475
2719,1.8918503114839527,0.6207603237236313
2720,0.22286996698467856,-0.12061334113216284
2721,-0.218081256193732,0.03551694378880269
2722,-1.0173587540121318,0.41280509703974205
2723,-1.6147067353853155,0.02158263044702805
2724,-2.123997115708748,1.538783623532078
2725,-0.21510356976807865,0.0613230120570151
2726,0.9168929213440584,0.4275321950555289
2727,-1.3868801277050178,0.5282202455863729
2728,0.8620403646068912,0.68212092213538
2729,1.473153970954899,0.11274666239212985
2730,-1.405020961209903,0.17127911833263793
2731,-0.3395547618504232,0.11167387815736914
2732,-0.14438674610242258,-0.426463209096882
2733,1.3470414971030098,-0.3230686229911288
2734,0.93876972338254,-0.22151766402409204
2735,-1.4396028356878785,-0.11399115759577975
2736,0.41812416245838535,-0.455885447254792
2737,0.5137343084596226,-0.4275249332897839
2738,0.6923038822034562,-0.3122573917263086
2739,1.0923355207369165,0.3366101392165489
2740,1.0696093160432465,0.21214131234917105
2741,0.9773520416252406,-0.38276750974397716
2742,-0.63542340721647,-0.18940462672397174
2743,-1.06148958100676,-0.12999711190993035
2744,0.6904771049799361,-0.37900699911022895
2745,-1.158796357374983,-0.39103358016945094
2746,0.12923057407527094,-0.40346295775768454
2747,-0.3718753509241448,-0.39483226959801854
2748,0.21749811226479487,-0.5496189547789666
2749,0.04653300761025294,-0.4752821237285538
2750,0.8985871276630171,-0.4089871349183628
2751,0.22294730216994513,-0.422398443836287
2752,-0.6738943520257875,-0.48613441060417245
2753,0.4893897611306107,-0.5500044797841951
2754,0.49861073878813633,-0.35314151483446454
2755,0.00902889819867683,-0.38190249319898106
2756,-0.09011494226917655,-0.42975520326707956
2757,0.5467290730538098,-0.37119840975086116
2758,-0.3225907056388091,-0.5694376830725512
2759,-0.329839330168736,-0.20007007644740304
2760,0.8317433379996119,-0.31581555748292844
2761,0.8614578380837797,-0.4290718204438326
2762,-0.2785852867492894,-0.3324271266717523
2763,-0.3999983244674683,-0.1418780824747785
2764,-0.07055539582900747,-0.3975525713851471
2765,0.7206692070707454,-0.19861829605029008
2766,-1.3303504176462324,0.13800901939604196
2767,-0.43998773095775995,0.07499522254309841
2768,-0.2194977921464118,-0.3683191966947828
2769,-0.25436307481044224,-0.535998743368339
2770,-0.46493067527044096,-0.40027227026566353
2771,0.0001443859895957361,-0.20708359859549122
2772,0.8169247881618847,-0.36914824489009945
2773,0.11158723580582093,-0.34430047495203603
2774,-0.16030643679545664,-0.4213068315546821
2775,0.5570274689750688,-0.40217441720627095
2776,0.24017280560744123,-0.4319322364369195
2777,-1.6179176403846245,-0.03308405214609047
2778,-0.7720506734223556,0.13392325512779885
2779,-0.2535794338154571,-0.265248455928136
2780,0.6168995240880963,-0.06541330188081576
2781,-0.16366848294111122,-0.24196998075621792
2782,-0.0529367569012916,-0.3804466102197607
2783,1.173905415944269,-0.15529312701865688
2784,0.9635619744750622,0.078186885789314
2785,-0.23746705509886684,-0.1271367821310726
2786,0.6538954467693127,0.0646485357725641
2787,-0.12110884687089284,-0.32792237261878354
2788,0.5477894200810162,-0.3720239696583824
2789,-0.5602106716265398,-0.2863248190839322
2790,0.4042170814196268,-0.22595792557401126
2791,0.26989993328039863,0.15704851159400712
2792,-0.34209084725772143,0.29137711329237503
2793,-0.32742308478926924,0.11009256689975555
2794,0.7839039468634958,0.03217668962221618
2795,-0.6881864965847541,-0.32423478784991266
2796,0.33447043478404387,-0.4689350814201932
2797,-0.12656108099624933,0.016103674534777415
2798,0.4240913219491672,-0.3842583597894573
2799,0.03913038166697451,-0.2019430541935118
2800,-0.39349815266298827,-0.27795026032431436
2801,-0.5961398299902775,-0.4405115392687858
2802,-0.31348794057211604,-0.08581248856924502
2803,1.8815810109070523,0.41041970601500777
2804,-0.12131251921136169,0.3201077060540312
2805,-0.7371394087938681,-0.19758774487589545
2806,0.4370676959091452,-0.35262591798680654
2807,-0.2486482462515452,-0.3307778038063459
2808,-0.8147642760726864,0.2423035779462418
2809,0.6067183613277106,-0.03746236593948881
2810,-1.2354444439174015,-0.016838477688177554
2811,0.09359312756554734,-0.14862170577638853
2812,0.06101813261852225,0.5150548981786512
2813,0.10291873636541526,0.3317154274059583
2814,0.0399331207543162,0.21716697094516846
2815,0.45817460817387307,1.2529892370343167
2816,-0.5021826301930737,0.2736698900208347
2817,1.7069944501951435,0.44930582681387643
2818,-0.31854874680306006,-0.3445515970146092
2819,-0.5071573642691878,-0.4388326254371544
2820,-0.4687450131128463,-0.3558367438104645
2821,0.5450427255877441,-0.15558604026134512
2822,-0.4622868496027179,-0.183122511054785
2823,0.31375451670273935,-0.3179837698626584
2824,0.773212370180451,-0.1001354658400242
2825,1.4222823879462043,0.7445898755260998
2826,-2.0212950662928697,0.33712579087336214
2827,-0.02713652926907642,0.41610786242970954
2828,0.3794091855083795,-0.425392636165404
2829,-0.041976592303445914,-0.29804650356676043
2830,0.04446434138060495,-0.1644529116623628
2831,-0.33862746653525044,0.01328144515959081
2832,0.817216675551232,0.12214347271826133
2833,0.024381326596982486,-0.42165638614257417
2834,-0.03438300283090594,-0.4675179563079609
2835,-0.21085180016053484,-0.4349789873999867
2836,-0.18547734527167786,-0.34634748125353737
2837,-0.4272727705892173,-0.4996974424599543
2838,0.12944090570107453,-0.43314315517415297
2839,-0.879841773472616,-0.45999572269361716
2840,-0.7561815997539187,-0.12240740989732325
2841,-0.05697564604243892,-0.03099741923209842
2842,-0.24264172213241836,-0.43553741964648457
2843,-0.8660650974114428,0.0046886203202724215
2844,-0.5393571268988886,1.0428592133131038
2845,0.46224258123447126,0.609927934974999
2846,0.29616391554349714,-0.3515993127027322
2847,-1.493613164115204,0.30857002161970276
2848,-0.3705138538409368,0.005409712071814406
2849,-0.46893549866106876,0.06654451892720356
2850,0.37480980041385814,-0.5156931931081504
2851,-1.5610624991262918,1.2481571944711591
2852,0.30830198062332614,0.006331050054873571
2853,1.2106305214775304,0.07476943235977197
2854,0.575174835056769,-0.04101748715070788
2855,0.6892306905248593,0.3431606501875737
2856,-0.11843879372677474,-0.12803715744454883
2857,0.5383820582984228,-0.02059449610618101
2858,0.04415624576043925,-0.5451912804003112
2859,-1.099089606546948,-0.24340026252882943
2860,0.8224724548648638,-0.2641932662266505
2861,-1.0778683015086075,-0.22408693349854217
2862,0.9937583027402772,-0.2420544107584679
2863,0.33522892740046095,-0.346750887843957
2864,0.026282829173888956,-0.18391792611284988
2865,1.0965151412546936,-0.3422636654852059
2866,-0.32807502980905473,-0.370557766356054
2867,-0.2413331248108739,-0.4061617879240565
2868,0.19217040768179694,-0.5419267384845792
2869,0.06638789541011915,-0.39832245636196717
2870,1.1853949152393157,-0.16516906915047241
2871,-0.2802970711094454,-0.43323111748823623
2872,-0.31311424077154304,-0.2711834756721733
2873,0.09743357464035116,-0.5622411800380225
2874,0.73845288499654,-0.47171140051401855
2875,-0.5588093928377106,-0.41192606065964144
2876,-0.1259699933002515,-0.42695351563944633
2877,0.16012677230490702,-0.5794975300260001
2878,-0.3646233009127001,-0.3224639574796271
2879,0.1028559070467403,-0.5336987862468888
2880,0.2890679303032295,-0.5072126960046598
2881,-0.9007350064600361,-0.40319249623937503
2882,-0.23372099056333828,-0.31647930230601706
2883,0.14885506186375216,-0.47563612651843057
2884,-0.40127090818981515,-0.3247413816276544
2885,-0.9983711420138157,0.11261883480989247
2886,0.28302095181745324,-0.3421465326310844
2887,0.43119382884828533,-0.3353516561543898
2888,-0.8100843094581655,-0.10953062407007912
2889,0.33706484084369875,-0.5034678062624406
2890,0.14467781122811071,-0.45554014445556945
2891,0.15711878807241672,-0.45408823325764736
2892,0.48989878913827967,-0.5756040564484425
2893,0.7461505801724759,-0.11869201718107025
2894,-0.20203456359209368,-0.5016651546778289
2895,0.010424483703875005,0.039802612364647036
2896,-0.1308603212318582,-0.5973856047473863
2897,0.4022218679330166,-0.5665162897341228
2898,0.07028409997599205,-0.3835808287863699
2899,0.12309340437701727,-0.525309963210575
2900,0.4262506768236411,-0.4011628697919671
2901,0.04116749598659971,-0.43392947913733815
2902,0.2011575461952388,-0.4149537162542728
2903,-0.33035095845908224,-0.41329166064771117
2904,-1.189132531278551,0.030604214755770784
2905,-2.044140560713087,3.061645053639207
2906,0.1769999817293427,1.6939986143049692
2907,-2.2167739658785606,1.6463377676411306
2908,1.3967312121796724,1.375719742554213
2909,-2.4338224989402546,4.319007485163909
2910,-3.611744563636522,3.465808396958353
2911,2.26122656124964,3.714270701595945
2912,2.6851196978567704,2.6250459450341506
2913,-0.23873861019604609,0.9354778797813509
2914,-1.2721481210810441,0.6946604743559268
2915,0.8118157053064631,-0.11884175163787945
2916,-0.39258053401054765,0.43684174620942734
2917,0.9739800577388776,0.2783526681774331
2918,-0.8995121036417311,-0.32904339320813186
2919,-1.1227807902054847,0.14886018096495857
2920,0.14239781188097544,-0.19328246787644152
2921,1.3680628586193648,-0.15851691744904048
2922,-0.2047384813782391,-0.3488650891777937
2923,-0.7748045612141327,-0.2916691072929692
2924,0.8909054139704441,-0.35344710723902506
2925,1.4643095828621577,0.049403152673891844
2926,-0.2809356295178821,0.015378219378447524
2927,1.2078554673757824,0.4043138264355514
2928,-0.8666794760458584,-0.22951322963916776
2929,-0.3824219388862135,-0.49092056974175735
2930,0.08143873611424926,-0.5650396013129917
2931,-4.7739026214493194e-05,-0.5452859839714173
2932,-1.5112762273578266,-0.31005828771731
2933,0.8871768528461166,-0.44503313340483813
2934,0.8082808428912113,-0.35780547301188464
2935,2.5226725764283784,0.4304268250551576
2936,0.28519405558511896,-0.03961287841651857
2937,-0.3639787429990872,-0.4600381928746677
2938,-0.290311368529643,-0.4826558223730438
2939,-0.16672565178663173,-0.4468008820563321
2940,0.3342522685759667,-0.549309405828774
2941,-0.5277286272110849,-0.4702276771296324
2942,-0.5234692912559653,-0.5532791577250559
2943,1.009764060617918,-0.5004904478870315
2944,-0.8146781153456444,-0.3283163819174553
2945,-0.37171133632545067,-0.35085909709750146
2946,-0.26960509823846746,-0.4282430020686713
2947,0.7234455153512427,-0.4269696478271181
2948,-0.15719645748514663,-0.6155458884204446
2949,-0.31064433534910646,-0.5374648845733582
2950,-0.30325052503779804,-0.510993467970146
2951,0.5197787056643505,-0.4424353309735914
2952,0.09465492419535168,-0.5426275331478758
2953,-0.03763914682606535,-0.34475497005258693
2954,0.40801581596567216,-0.4273787228798448
2955,0.675419896242283,-0.1936674762848532
2956,0.27429082483880884,-0.3341764103829348
2957,0.3180092420148323,-0.44016733443153006
2958,-0.05095557902227936,-0.569202818157256
2959,0.21128508099529436,-0.2108304371367183
2960,0.9961116465846028,-0.22076982991526134
2961,-0.2386085568161176,-0.4907090092225427
2962,-0.7183267841238851,-0.2607936789195252
2963,-0.018384303386744794,-0.09377064651474627
2964,0.13443719328130846,-0.4564928401847592
2965,0.18199527207938224,-0.18035130766369162
2966,-0.5283139936190985,-0.3291207200973426
2967,0.05915064834875749,-0.49950641635530263
2968,-0.7597567024385521,-0.5138293360375349
2969,0.4796164989380907,-0.39284060712854363
2970,0.4053803800652722,-0.5556274082605731
2971,0.4717466955696901,-0.5275800588236172
2972,-0.10219140477974471,-0.5303231837550948
2973,0.7562201947279104,-0.30912215290499395
2974,0.04888280664090749,-0.3392059840869201
2975,-0.3913853240699063,-0.3332453584909241
2976,-0.09107709746594139,-0.5365249813276332
2977,-0.43405495300396313,-0.4690092870322256
2978,0.21800770563589364,-0.4874179259100193
2979,0.31664534542386424,-0.446521690110462
2980,0.22071387656131594,-0.5302973749904271
2981,0.3274015558908978,-0.3980653969193919
2982,-0.09303538932764441,-0.27019949043985086
2983,0.19954149157608042,-0.5779261756002229
2984,0.8381496688421247,-0.2708844472654527
2985,-0.21457328626706368,-0.28297195560295335
2986,0.5851752681154858,-0.440532452693734
2987,-0.16970213265643477,-0.5223982694536167
2988,0.48091063517429006,-0.4084060853086697
2989,0.5081765514140927,-0.06264993629360842
2990,0.21624145442403356,0.2993864414735792
2991,0.5699736427892323,-0.2954996252393666
2992,2.3574117292210435,2.4463043826070647
2993,-0.8629125719896555,0.3661380232933618
2994,0.15696050815136034,-0.24444703296805648
2995,0.15057367569128238,0.19701247637831795
2996,-1.0600721856342046,-0.12829874809507788
2997,0.6567276862630237,-0.2305646053243247
2998,0.31326066184428936,-0.25146865579210687
2999,0.2672490074505842,-0.22115802956237102
3000,-0.49025023340633406,-0.21605427166927413
3001,0.7297051955831187,0.12865642617477321
3002,-0.29877896458250325,-0.47269756458301293
3003,0.43320840141120665,-0.14037542588251664
3004,0.16372942343326552,0.09185414598436586
3005,-2.059214942688408,1.9074273495275653
3006,-1.359783099221907,1.093428518319485
3007,1.8383183162829784,1.9664296142421913
3008,0.8307473801754311,0.3236013298881031
3009,-0.2041069876063843,0.15689422472091846
3010,1.9315689870832042,0.5600922940960587
3011,1.915542180733673,1.0265613158073108
3012,-0.9411324402189806,1.4944879760761598
3013,-0.8396472333494216,0.30586130670371264
3014,-0.8610774671274386,0.30794497063622883
3015,1.0293547750211665,0.45722984502015235
3016,0.15593107078546786,-0.242551215383821
3017,0.8967824541010175,0.1901788981617441
3018,-1.5311292905056242,0.1534282353938919
3019,0.34177137277917324,-0.3084465905918163
3020,-0.5360745768219232,0.24311556626580033
3021,-1.306309520453691,0.10241314202345253
3022,0.6793301390529427,-0.25835034064804135
3023,-1.1032676083809854,-0.11048084058440862
3024,-0.1745437221941894,-0.4110062398403599
3025,1.2021789236363432,-0.17788041486519351
3026,0.45755335062315594,-0.06765100961985179
3027,-1.1422482540030616,-0.40706412071384146
3028,0.5102503571896619,-0.4230310472819021
3029,-0.43590946886093657,-0.475966593942222
3030,-0.14861667792004338,-0.38060816842363354
3031,0.6493887405728489,-0.12775166539522453
3032,-0.10035140781286649,-0.5021479767166178
3033,-0.459181196580624,-0.26744417717758967
3034,-0.15622841344996435,-0.4313219819756162
3035,1.3342544787075996,-0.2898439063873404
3036,-0.47591901903994377,-0.5640842233111748
3037,0.6289045498406747,-0.47154189402033403
3038,-0.8917441220093798,-0.2900296059926626
3039,0.5546102009990387,-0.2879397570156812
3040,-0.36502175305013784,-0.597390259158622
3041,-0.5804259210876438,-0.41397146218240266
3042,-0.1980179498291969,-0.39416633663902834
3043,-0.37102314506952516,-0.5063444503302335
3044,0.40647165376282374,-0.2946962146057905
3045,-0.719332692884587,-0.292214452955238
3046,0.6686054090277662,-0.5285824624660236
3047,0.009995712347442636,-0.0835645538684582
3048,1.3849414477445225,0.020211030998179624
3049,-0.3183303811694209,-0.1874452146253775
3050,0.9311017919508474,-0.22330960967392025
3051,-0.032696296243485995,-0.06629947131538279
3052,-0.22263400196710642,-0.3067553398965279
3053,-0.6620407198870518,-0.2948903249007402
3054,0.447491153462515,-0.4326967467440913
3055,-0.14317992936669768,-0.27674746348305024
3056,0.8981676785281865,-0.19554451362981
3057,-0.19420113268839487,-0.0902217449629662
3058,0.4497003810071542,-0.17145111865264528
3059,0.8493046811628058,0.17812806910702453
3060,-1.0239249474670509,0.044726284345788805
3061,0.30669410568412503,-0.3377430127461388
3062,-0.5422890482632127,-0.39347811662007154
3063,-0.09977995921896195,-0.3736504281303394
3064,-0.3514201151382761,-0.4661780155802202
3065,-0.9766369921925053,-0.10936856013212903
3066,0.15976140644110257,-0.48768137770911585
3067,0.03503713301598881,-0.5446864722651861
3068,-0.5815868660446826,-0.28310384381768466
3069,-0.44495736624342,-0.45425494603868705
3070,-0.40322431966649985,0.02377003465264398
3071,0.07912874996080388,-0.4464073457233693
3072,0.4174065165628791,-0.15339819508291844
3073,-0.9611922762321009,-0.0684873168373414
3074,0.4762179349695041,-0.5319880977464534
3075,-0.8441205133790279,0.34693306811282715
3076,0.27654274399029594,-0.17965275184306942
3077,-0.6128004151921753,0.17873379524557742
3078,-0.46373337663731035,-0.3465753016910651
3079,1.420959011544261,-0.13778957803538194
3080,0.34213876313627073,-0.23734272258298325
3081,0.15477510479637704,-0.43859348996326936
3082,-0.14665430298760668,-0.5290008765292774
3083,0.640399587874617,-0.3347191358305983
3084,-0.3403837955914517,-0.5046924964256485
3085,-0.6765851067695426,-0.441243918761704
3086,0.024993274487616252,-0.6257683561602798
3087,0.8057541610236991,-0.4862730825690111
3088,-0.09860403539562228,-0.39756035726024613
3089,0.10026057336336455,-0.4112904583832534
3090,-0.13505065233645952,-0.5719510164573327
3091,0.7887839013309056,0.004000552105035085
3092,-0.12772155741065327,-0.26164152900565
3093,-0.07688716612069178,-0.49255909701693235
3094,-0.3616038397403706,-0.3588280885008903
3095,-0.37406135896204357,-0.502788612242171
3096,-0.2645118534504,-0.34100965558610147
3097,0.7518598306981814,1.4208181395171238
3098,1.2609156662485923,-0.14455374779548363
3099,-1.3259667242734985,0.033306668583797855
3100,0.5169441016926611,-0.42443717722978513
3101,-0.09252549775945643,-0.048404990592128876
3102,-0.42392985391707094,-0.1431675130140928
3103,0.45293048997929586,-0.15457783652447019
3104,1.070919862681288,0.11222493100424016
3105,0.36660985121361256,0.47350566838682584
3106,1.008988156119113,0.13804700384593663
3107,-1.1103026879994835,0.06875355062476712
3108,-1.6696686064657746,0.19291629815047948
3109,1.2106962196826876,-0.1810927926329238
3110,-0.40179632893964645,-0.37422224567650575
3111,1.7330789925196006,0.5431717896355537
3112,-0.2344925136082236,-0.05571182291255579
3113,0.19680904596995633,-0.3741563043851774
3114,-1.2261082777839798,-0.15909852745451086
3115,-0.7059907325843692,-0.12160746527898816
3116,0.18897944996892327,-0.2705952842634737
3117,-0.44078707780588056,-0.4610214955614795
3118,0.30171717271041254,-0.3234818334200119
3119,0.4538175952992329,-0.4371900592291372
3120,-0.5859745438394374,-0.46739297695585447
3121,0.5584557948752644,-0.526271453851997
3122,-1.2643862154384338,-0.28350592628575766
3123,-0.6829203611492551,0.14504591099277966
3124,0.21420915329268556,-0.3942399159690006
3125,-0.7909894059627312,-0.35228257976165145
3126,-0.08181451970540836,-0.34589011941512576
3127,0.3103907793042279,-0.44386752431957127
3128,-0.10200569333475454,-0.4868012129478591
3129,0.39002755499565844,-0.5969527547954437
3130,0.001798015406251658,-0.5010557548120426
3131,0.4685571592745012,-0.5627752833526809
3132,-0.3566331163348566,-0.46573442694990486
3133,-0.5329668741588133,-0.459159319989196
3134,-0.6138417775265703,-0.42561141508837735
3135,-0.15096163787655428,-0.3791277090549478
3136,0.21365719151558604,-0.49294315291744195
3137,-0.1824869992529536,-0.4721593314423427
3138,0.2598566497368737,-0.5812797741116946
3139,0.3783580813787385,-0.4405855696804444
3140,-0.11321116638132964,-0.43999302969308185
3141,0.36456085667560245,-0.6075492706345162
3142,0.18716377230015396,-0.41891573544727784
3143,-0.2817326313541383,-0.3935520134060412
3144,-0.3187189576167075,-0.5006029015826896
3145,-0.586603787903768,-0.5667805874877214
3146,0.06828600500083261,-0.4092097021900328
3147,-0.6426364422919871,-0.3940463525018527
3148,0.05812633557637865,-0.2942517422420455
3149,-0.2804224901571005,-0.41926262521026314
3150,0.02969956083771864,-0.6123419965515733
3151,0.7766198003710449,-0.5125086794970758
3152,0.44439438301676704,-0.5681428193609984
3153,-0.24753903243913186,-0.5320376128571335
3154,0.003232350056410909,-0.6185699275202388
3155,-0.04768399313441743,-0.5762443368662046
3156,-0.41657962824353134,-0.45015913142193964
3157,0.08861998372369782,-0.57851260503403
3158,-0.293449137045063,-0.4580500218854383
3159,0.3216444124711861,-0.5700547103301948
3160,0.01507979098255623,-0.3693489237979567
3161,0.40656153226209896,-0.604180271295212
3162,-0.1068237645383475,-0.6371561917469635
3163,-0.5257843962217976,-0.5222851426646239
3164,0.2176164872651144,-0.5770458523274714
3165,0.4267520115397343,-0.5328225509582353
3166,-0.7076279009294414,-0.4703098196774404
3167,-0.4863394657325884,-0.2660413878000728
3168,-0.614262231926839,-0.3077918797964381
3169,0.578114075979701,-0.49171746684984674
3170,-0.38949484721671646,-0.4668495658422762
3171,0.1183899500206638,-0.40267974591777267
3172,-0.24356007012632042,-0.582474760245608
3173,0.6035527760734588,-0.481109824713526
3174,-0.028694203033929368,-0.5142866444938649
3175,-0.7573365134678454,-0.2965333087283939
3176,0.6036228214752115,-0.24465733999001305
3177,0.27987155986507284,-0.28782533205608674
3178,-0.3105455186014957,-0.516581936216932
3179,-0.3972098711900842,-0.3732655903671372
3180,0.3740724916557913,-0.4778025071571095
3181,-0.31506531159440776,-0.3490880923846333
3182,0.04092417716593574,-0.45246674574662316
3183,-0.4948114645375282,-0.3083021343226134
3184,-0.03664942760456816,-0.5660221618774076
3185,-0.7296000497779643,-0.1690871280608259
3186,-0.4380485466643894,-0.1460502338408311
3187,0.4519302823222151,-0.3384689006499108
3188,0.4102120747067282,-0.4685840397199511
3189,-0.25240190796887346,-0.4846319461755988
3190,-0.006794599301162162,-0.5183948317024215
3191,0.15037677383904,-0.30495430852744265
3192,0.6624129305684859,-0.35160486868332486
3193,0.318830730619503,-0.4497992978462513
3194,-0.22795674549701037,-0.5365545624211658
3195,0.458109160733957,-0.46321434177662496
3196,0.33797870454198753,-0.3754902365387592
3197,-0.20735914928705385,-0.34092113172549043
3198,0.29955421209109506,-0.5006329092246768
3199,-0.19684425112755186,-0.3782225044686902
3200,0.06934304060828976,-0.5032008996685307
3201,0.23223594213004511,-0.49456347591711597
3202,0.08436240843242353,-0.16993483631247824
3203,0.5181064399877866,-0.5045122710400389
3204,-0.2814124311038248,-0.4902004168086595
3205,0.043442029860230304,-0.4392925924478797
3206,-0.187975543072694,-0.3700342517333049
3207,-0.5798297406830673,-0.37756495288117464
3208,-0.11703657165330877,-0.22074711372092992
3209,-0.7366892513704171,0.2929811849134744
3210,0.3381363514825676,-0.3448636134727396
3211,-0.955560630704207,0.9427683168432078
3212,0.35024198998506983,0.03635372782743113
3213,-0.5746079835734679,-0.40712092613093387
3214,0.9003499381814706,-0.2562927776748746
3215,0.24558309364342307,-0.5591931632442985
3216,-0.10411265955419254,-0.5456759812343488
3217,-1.045118541573742,-0.4128396689523668
3218,0.10863901543024194,-0.503227153919344
3219,0.2658589117766121,-0.5316408783828387
3220,0.7350146813915219,-0.5752886777984761
3221,0.028353364575565983,-0.6026270487334195
3222,0.3849679584444114,-0.4929844899811641
3223,-0.2657313643872001,-0.5472057077560317
3224,0.12531769908825355,-0.5090212856468957
3225,-0.4267891921867097,-0.361400729939193
3226,0.03255507394122286,-0.6234350993994974
3227,-0.5361218115290775,-0.3554318301084034
3228,1.1321752687137803,-0.3208746873888749
3229,-0.7121576810577984,-0.524573800369467
3230,-0.312951122706019,-0.44294487126693594
3231,-0.2996723031024736,-0.4466905659545435
3232,0.060570392628572875,-0.6547033449659072
3233,0.5386927337312027,-0.30677881116235156
3234,-0.5830470347254283,-0.46710433960872744
3235,-0.3096994572686264,-0.3187357545226716
3236,-0.8271932282360177,-0.35325739199324846
3237,0.13168629116945818,-0.45954912612965204
3238,-0.36612844340460127,-0.5267234769249077
3239,0.5817747992194667,-0.26703667181714147
3240,-0.6374810729849257,-0.5064120082910548
3241,-0.45350256323215055,-0.11625850248344427
3242,0.2528518066822188,-0.3669902718430529
3243,0.5028533154707248,-0.3688978809025262
3244,0.27620702356707566,-0.5061788675314847
3245,-1.046111684086457,-0.1509445210245025
3246,1.3087197762318916,0.38769761670238656
3247,1.1845692042133371,0.016491047646433818
3248,-0.3229391610178727,-0.41683540313283096
3249,-1.4745886422743928,-0.20873452270037568
3250,-0.08119329899712929,-0.630817176413685
3251,-0.8848173830788157,-0.21785738221943027
3252,0.41303404419929707,-0.3744808604568561
3253,0.15313893587147104,-0.4234295599501603
3254,-0.7115380024572383,-0.3804370065857573
3255,0.3537421538433677,-0.24529105678970883
3256,0.07359644812842704,-0.34729142963854687
3257,-0.8218002255978621,-0.186638673077031
3258,0.04715939307528991,-0.3203586533227064
3259,0.7851478828229993,-0.331517984347229
3260,0.32469632578138335,-0.4388612934927592
3261,0.17053536910129177,-0.5502746275479912
3262,0.36467156031151354,-0.3098242393451378
3263,-0.3027796000421864,-0.3649440280709512
3264,-0.5630068691470701,-0.38246904567378115
3265,0.46504951369819536,-0.39330181502111555
3266,-0.09409788956167504,-0.5983987578390757
3267,0.1728898524406555,-0.43808842291674766
3268,-0.6522800480274793,-0.3368045674132328
3269,-0.564566107935261,-0.41320432662709405
3270,0.5436232313928417,-0.0713761102774112
3271,-0.11191607075495343,-0.3770794620942064
3272,-0.6442200420765074,-0.32577098590235487
3273,-0.7901294151942301,0.4308875358399488
3274,0.07399817832470013,-0.5337693484285481
3275,-0.3184050683398689,-0.2505881838384093
3276,-0.6763619893267644,-0.39558488322246177
3277,0.06373854370606731,-0.5702251200048161
3278,-0.10277696044382614,-0.5755141895044146
3279,-0.13687333943148258,-0.4639816459012645
3280,0.4906572581140564,-0.341628954544574
3281,0.2564946858918679,-0.4224479340371634
3282,-0.32362023389148853,-0.4805289386837217
3283,0.20806236695567157,-0.19689792786990862
3284,0.23073381507745985,-0.3618964733385583
3285,-0.16377051577872018,-0.35063545525170864
3286,-0.3601672462719589,-0.37712875072884144
3287,0.36582725437952585,-0.43664530272345403
3288,-0.4352156764813578,-0.3994105984909335
3289,0.23895497812744665,-0.6003775985539307
3290,-0.47387726671008656,-0.5066089807074843
3291,-0.06691113699444963,-0.6580407844513652
3292,-0.44567827825544276,0.08653892223178505
3293,-0.7920136695812023,-0.19571256054063596
3294,0.6341241412483494,-0.34267161366570176
3295,0.5244590306756477,-0.1798306445136556
3296,0.5622479872519314,-0.3568343118057935
3297,-0.10308286152692879,-0.35619177894025966
3298,0.2476736484531573,-0.29584560604888643
3299,0.2014597688426067,-0.2963649212190136
3300,-0.44401309289990726,-0.05038346437789842
3301,-0.7901773260215559,-0.1883977375705089
3302,0.19176665383317076,-0.348192698090311
3303,-0.180140212654381,-0.4335970093023454
3304,0.21011832943619527,-0.3813212147390136
3305,-1.1632236107617318,-0.20243438542418363
3306,0.05488645887555643,-0.25484170411426255
3307,0.5360266152014179,-0.3198540889293227
3308,-0.8798174068256608,-0.3557946281115991
3309,0.13806748530683,-0.1476569956974919
3310,0.35146064060090515,-0.4366033871032656
3311,-0.3754308799554687,-0.35185012923036124
3312,0.5721860265679041,-0.47567104031417784
3313,-0.1421773688525997,-0.5473771308382844
3314,-0.4655155325620735,-0.49924936685567545
3315,-0.042799555332308954,-0.5454846312517471
3316,0.47709517574172805,-0.48280905490683174
3317,0.8565569306999952,-0.32597908095057493
3318,-0.3191792433974182,-0.575094094379726
3319,0.31377171932607845,-0.4957628305930812
3320,0.6191933502527399,-0.5317155128002204
3321,-0.14778915149739555,-0.6239341500709451
3322,0.1386426715314687,-0.6321431980876877
3323,-0.9983257436065897,-0.48037008454766883
3324,0.48855302384599597,-0.5479049699238318
3325,0.3329137977073413,-0.5597184143806576
3326,-0.12998448624588346,-0.6196693828565097
3327,-2.2459285109060843,1.0841077569915532
3328,-0.19313014816838733,-0.4394424699440542
3329,-1.1695138120565982,0.5569873871613528
3330,0.621811079766559,-0.4656748311049067
3331,-0.6162184673394754,0.06621705624146246
3332,-1.316446156550744,0.4203893670884425
3333,-0.4698242407905993,0.1489111068563888
3334,0.5195850443215285,-0.30648642291827066
3335,0.6011193310808856,0.4298343729079688
3336,1.221918592057297,-0.1626747247667745
3337,-0.32750396618418604,-0.27685505687159184
3338,0.3729895458952261,-0.5526429608750295
3339,-0.9141400681046704,-0.45356210070665975
3340,-1.2288444499672462,0.02245172716330508
3341,-1.3180176142846103,1.723258841336158
3342,-0.028608572869056888,-0.4481772765197282
3343,0.6531672433858547,0.9243264835974546
3344,1.2977896706402112,0.10353065172145119
3345,0.18579272302086663,-0.09137780459538895
3346,-0.12694068118842552,-0.5031168453104289
3347,-0.6026661419937337,-0.4676101031928362
3348,-0.29966583699820787,-0.42035694684437674
3349,0.8335468077417155,-0.3313697502244993
3350,-0.7900204998115106,-0.3851385705313608
3351,0.5414551943803879,-0.04277829785401363
3352,0.9055513085042383,-0.27755618167211116
3353,0.6229532969502916,-0.3140023512305848
3354,-0.0028762059979448897,-0.49095879881111837
3355,-0.40037545750168424,-0.11700138008304505
3356,0.5770818349247695,-0.4984562340839495
3357,0.1538850955447911,-0.47000667684474706
3358,1.4980320116558348,0.10555197420320678
3359,-0.5504886361201371,-0.2686585245623137
3360,-0.1519966981480756,-0.5121617908430331
3361,0.1072461268224639,-0.4658240369518044
3362,0.13433983933287735,-0.38133456233401886
3363,-0.4685696041694743,-0.3357725326780252
3364,-0.05850815998284205,-0.3101058038032089
3365,0.56335497064737,-0.33605924338591825
3366,0.12255894813979928,-0.560662242511235
3367,-0.2994718855270103,-0.3208661880916257
3368,-0.38336084959417754,-0.286747459354734
3369,0.041789067622222426,-0.46333788722799646
3370,-0.14269172789066015,-0.353930088942999
3371,-0.11933189765482441,-0.47299399342275195
3372,0.6038590567131088,-0.41775540691038787
3373,-0.3146518859101184,-0.4737542944435697
3374,-0.3395730545141994,-0.3314953115096187
3375,-0.8243324372249039,0.1659491312014843
3376,-0.8504320725234403,-0.12385200505168736
3377,-0.8178323706246499,0.4695913647463223
3378,-0.19127028650722738,-0.19014759487698893
3379,0.507367108608773,0.22489786554996272
3380,-1.2445312932913453,0.5779641708928315
3381,-0.3269027352231258,0.47281812513898447
3382,0.3865147511137832,-0.29344201324453184
3383,0.7688191814893416,0.2998331320730502
3384,0.14196674352913627,-0.03826160097796615
3385,-0.0798117138630428,-0.30233568002217226
3386,-0.09568867496910634,-0.4893107149631286
3387,-0.6895491191163419,0.2791733698030185
3388,-0.21065877271508252,-0.2635192412657201
3389,-1.1046071847555334,0.9393200091785602
3390,1.4271385763560394,0.2053106179081089
3391,-0.7416592327635511,0.5291669319925313
3392,0.04802559096845479,0.01898238707799918
3393,0.37205609416043506,-0.06887527542669114
3394,-0.5082181717028622,-0.16204364049944286
3395,-0.3658285651757139,-0.24725282870532553
3396,0.10781377338849894,-0.30332650191633453
3397,-0.866230451072221,-0.2651366757931878
3398,0.17712178398068562,-0.07393728295761207
3399,0.7040688266730258,-0.44867955467735837
3400,1.2127570235831449,-0.13486062119205294
3401,0.2330531020588641,-0.3469477035119566
3402,-0.33002872281514256,-0.33271555046808926
3403,-0.5176167029378232,-0.2259643361377532
3404,1.33785421809282,-0.4498536481734616
3405,0.565949466622482,0.2319040409047262
3406,0.29345469828345805,-0.5494986690861743
3407,0.5671130234174724,-0.37318486419422564
3408,-0.3017829497205562,-0.2831624682502721
3409,1.1782956027914537,0.10118706444222521
3410,-0.3444892640683407,-0.5257794990827716
3411,0.2934196736425042,-0.43710354716643196
3412,-0.6987523277162534,-0.39550574231105706
3413,-0.826668451311459,-0.41753878269731265
3414,-0.46687617141841214,-0.37206112960272075
3415,-0.756701805277012,-0.17876070555193863
3416,-0.1418942295948952,-0.5283496254180836
3417,-1.2080556805467602,-0.03565394548304888
3418,0.878178804697193,-0.4672526514128535
3419,1.390161418068844,-0.22769300596777742
3420,0.21917780635420883,-0.545627670424046
3421,-0.4484440821750414,-0.5247637834772954
3422,0.7755012020731038,-0.39673130671892687
3423,0.6975704414106054,-0.5960587164998125
3424,0.18792172995388046,-0.49587491500678543
3425,1.2659662633883197,-0.30813053974806687
3426,-0.5360266179183713,-0.527420208562634
3427,-0.2899326372603377,-0.46818352394649326
3428,-0.4618636591809736,-0.4303535959961745
3429,-0.27216094537173546,-0.5824385399727209
3430,-0.5472285462494639,-0.2809221220495182
3431,-0.12568664847339014,0.26435152332580353
3432,0.40557522573647115,-0.5000330048256386
3433,-1.302962293981886,-0.23987374697509448
3434,0.8500378629851165,-0.4962233817258819
3435,0.5997448914370633,-0.4551832257540531
3436,0.2536984274541991,-0.3469157687061064
3437,-1.7870910445784123,-0.30456324260173495
3438,-0.37899257591821467,-0.35712558915811643
3439,-0.36906638281410875,-0.2510645423836133
3440,-0.8894340335944183,0.4489090518375349
3441,0.5369374233266189,-0.3895969862551803
3442,1.0758790647208623,-0.18911863402933154
3443,-0.581569781539591,-0.45065462566606274
3444,0.9313638878250338,-0.35039147963159883
3445,0.44695443493234366,-0.2641190803086466
3446,-0.11166023401653778,-0.4219370973925018
3447,-0.29167130104253347,-0.5731663890681915
3448,0.7801891705429579,-0.41877153128878936
3449,-0.2814737363042838,-0.33201496997814184
3450,0.3652607095605205,-0.3379449171810217
3451,-0.2617163184023567,-0.37583484147085466
3452,-0.8195418561217529,-0.28074740767039386
3453,-0.44459530832244953,-0.4693470654312178
3454,-0.23525438458971693,-0.32038968995801836
3455,0.6144003529609658,-0.3900626118382972
3456,-0.18007852519337805,-0.5722106119830574
3457,0.32199519575615637,-0.4747128023946751
3458,0.2027397685869832,-0.560766306896502
3459,0.11870016030895889,-0.41649206713428266
3460,-0.5901167233053347,-0.4318875999347754
3461,-0.016767003998047213,-0.3592328475751321
3462,0.012762221758896762,-0.3508063879831791
3463,-0.9676896781940925,0.014845878911246115
3464,-0.8466155928247406,0.5001573927821954
3465,1.302646116251998,-0.15934324100742278
3466,0.3912437295651489,-0.34124567430033537
3467,-0.7775164178167734,-0.47652573367617884
3468,0.13641432129436207,-0.4430486157076983
3469,-0.6323676184775264,-0.26702373148410335
3470,0.7025322157792395,-0.17592352764961705
3471,-0.47155758173711204,-0.04432134806270468
3472,0.02579753218739614,-0.1633071120051126
3473,-0.7474151222059656,-0.13019205341924842
3474,-0.6571707547145417,0.4583570668410835
3475,0.4595204218471918,-0.38252685192071084
3476,-0.6448820896232141,-0.3113049451898459
3477,-0.2388438623176356,-0.32611323018896904
3478,-0.3855221839544052,0.3077097316552955
3479,0.47638910229594184,-0.33577508655822463
3480,-0.26654795530520836,-0.2689526628368053
3481,0.8587029802609036,-0.33033457572534547
3482,0.03467497614255164,-0.39494591170736904
3483,-1.1633501300285531,0.13895325584189044
3484,-0.5093629062612182,-0.1237358571778129
3485,1.2794262726881636,0.03176066091718857
3486,-1.4807424608791129,1.0499271694487817
3487,1.9696329134145396,0.6107185786450313
3488,1.1366436607091162,0.7325550014683931
3489,-0.3869116506187725,-0.26822844667328033
3490,-0.5150150423764039,-0.2768122437554866
3491,0.8439605522504369,-0.40007300776082105
3492,1.0341944882426197,-0.2826805829529915
3493,-0.1727535849536876,-0.021956036215266903
3494,-0.27149210692337095,-0.42786963882803986
3495,0.9850073404758839,0.25652922017690105
3496,-0.9659915505344017,-0.3027199777248878
3497,-0.2035882414421865,-0.4164477405675862
3498,-1.1952040301684188,-0.23571098969641077
3499,1.7326869938648781,0.023893210439136423
3500,0.9317865457025409,-0.3949038373880236
3501,-0.7127338125432291,-0.1562990245717094
3502,-0.01046767879985436,-0.5983085361566575
3503,0.7031486044973676,-0.4060051223051748
3504,1.4410830946108073,-0.13121581015696918
3505,-0.5750386685379755,-0.49681386375083675
3506,1.6719616456310415,0.2581237013325817
3507,-0.17140786215222956,-0.21742006238059697
3508,0.27272065524946837,-0.36060071048601217
3509,0.044011832928459185,-0.5988705320164093
3510,-0.6662472809730247,-0.3245284223157148
3511,0.20828227082849743,-0.31942015978076654
3512,-1.1297801958228468,-0.32985723339529405
3513,-0.40938223468223756,-0.5672839232058694
3514,-0.002530920204171847,-0.52818784829667
3515,-0.20073848154771054,-0.2932479109810386
3516,-1.2172783840752404,-0.156146088171122
3517,0.859480281211891,-0.049564385160684704
3518,0.17883122320222697,-0.2528690959417795
3519,3.5133593046694047,1.4607819053423585
3520,1.7303515755481234,0.43351559296252307
3521,0.4931758432203731,0.0023462046039249822
3522,0.6973919788792285,0.13672075147576812
3523,-0.5295421538529146,-0.09417606932110836
3524,1.5372706600293842,0.21986730357817147
3525,0.9712247092049432,-0.18483989865773032
3526,-0.07141807968096968,0.21072697768153625
3527,0.5706421270126074,0.11452665514689193
3528,1.3831677861986433,1.369216611024413
3529,-0.13262939322957837,0.2049383933872983
3530,0.3098655023477178,-0.2536721875338276
3531,0.23335754023044303,-0.0880674650002683
3532,0.5000466450940867,-0.19955209050870548
3533,-0.940878808626737,-0.14486774908911232
3534,-0.34088825983241283,-0.2344110577038729
3535,-0.9554192545875203,0.3541286655154531
3536,-0.37388578558833246,-0.0331285995696202
3537,-0.8728982320015776,-0.38761190074717405
3538,-0.2786811876504307,-0.20323058173839903
3539,-0.7989179480151453,-0.2968064237786634
3540,0.21562957372060967,-0.18467383784558947
3541,0.2140717671613256,-0.46453317909582686
3542,0.07114394324905503,-0.49443136879711075
3543,0.9639648627734538,-0.2559177431769668
3544,-0.5828135274406505,-0.5554155711602564
3545,-0.37632489546681536,-0.4448079320509956
3546,0.22096634026216538,-0.3633389071217725
3547,-0.4413893318384476,-0.3484611625324574
3548,-0.2512209021612258,-0.5518302368054008
3549,-0.29562167070266376,-0.15956820838389005
3550,0.039948918613165546,-0.4815744159914796
3551,0.9984807838665145,-0.19614934722344374
3552,-0.4993886931736349,-0.48200948343711686
3553,-0.19520570615921165,-0.3742786565042163
3554,0.32244342492614236,-0.3310549310971726
3555,0.43336262067183945,-0.4519892772212746
3556,0.7174394701476443,-0.456350921262115
3557,0.3718171003536173,-0.478132160535067
3558,0.3591384489594882,-0.309200782610899
3559,-0.7357672919091612,-0.39476048326842744
3560,0.30338413467698744,-0.3462603777994985
3561,0.443032911307342,-0.21760353892724552
3562,0.12360807246922985,-0.5508564111519112
3563,0.026584167813396137,-0.05702470477650029
3564,-0.29159952238780784,-0.4966400675630267
3565,0.39350975751961204,-0.41271917786011225
3566,-0.11774620682549021,-0.43960865614399425
3567,-0.3340467531927376,-0.46479799995696064
3568,-0.6380032658807699,-0.4390757315568934
3569,1.01152020916362,-0.39694330087015184
3570,-0.04127935639515711,-0.6156818807450248
3571,-0.14848851607564031,-0.4362635445095842
3572,-0.38417201465702183,-0.4191768369074504
3573,0.46488496469661766,-0.595115017205917
3574,-0.007559534665132919,-0.4461818768706751
3575,-0.2807257159830929,-0.2753870842791882
3576,-0.1596076640932466,-0.38833052342389285
3577,-0.3224573904778264,-0.23459121894522134
3578,0.18382833083553346,-0.39865979900133497
3579,-0.7384946637568893,-0.2447826288488372
3580,-0.45537940495301527,-0.35132257458275185
3581,1.8615884224189367,-0.05053814893265888
3582,-0.8707000202691778,0.02677511544860899
3583,0.38883636459069437,-0.18006630063412796
3584,0.940246083841395,-0.24088517290885694
3585,-0.617481913269181,-0.28042220292876446
3586,-1.53091428045525,0.12376239340455208
3587,-0.39558697103548396,-0.15698333876983375
3588,-0.08541697125430005,-0.16374037151789572
3589,0.265092058392237,-0.26034048516798086
3590,-0.6714047764575807,-0.4710153892224013
3591,-0.44743410020063495,-0.2299000502004478
3592,-1.2082547750129278,-0.035523814878789674
3593,0.6493268669915395,-0.07343504934435657
3594,1.026646739184091,-0.3575955124112312
3595,-0.19608095497280975,-0.29390992350700706
3596,-0.6511800921118307,-0.5099827015768521
3597,-0.08195099591456359,-0.5443618303981186
3598,-0.6882149840383163,0.07683071933538574
3599,-0.20176086419199418,1.85172177634089
3600,1.4655268314240086,0.07684143989916802
3601,-0.46323235741196794,-0.014904122309217923
3602,0.7432914349434232,0.08141276071333489
3603,-0.6356539815757505,-0.1925462403694588
3604,-1.6838171035587743,0.029824482144562507
3605,1.9818437792299173,0.2674231055183304
3606,-1.3768561095616973,0.03691979957533988
3607,0.5737221463229628,-0.27347823194145443
3608,-0.5640023298524939,-0.41755582830616206
3609,-0.13011359046089976,-0.5053639677275406
3610,1.4749665165721801,-0.2543822325714658
3611,0.4249580671738191,-0.5412866631094193
3612,1.4170441019837852,-0.22987082626508556
3613,-0.0046249102849796,-0.3170049248665439
3614,-0.29238349293863325,-0.48455673769248103
3615,0.5902817341788772,-0.3500216119373144
3616,-0.3035390352018571,-0.5652351211401548
3617,0.7767185583856915,-0.42699105571277174
3618,-0.09864851965380561,-0.443492378840837
3619,0.7701514285839441,-0.29052874980025006
3620,-0.7234267707220972,-0.4246027925183433
3621,-0.4818808847071832,-0.2907119385317273
3622,-0.007649322045251654,-0.5944673365876885
3623,0.2280519787116442,-0.5719491381799393
3624,0.26397594727978,-0.4521192053300725
3625,-1.0819994157928823,-0.41056049605901906
3626,3.3638103330672293,0.3609433693332719
3627,0.6042974509090677,1.62996300356437
3628,0.5626522889456094,0.5267914880968594
3629,-0.7364468577151431,-0.11347446440174463
3630,-0.3574344384569088,0.010349176509935937
3631,1.0745003655204532,0.06523337454391435
3632,2.562669192151647,0.9155144602608616
3633,0.44351602597932316,2.0176365261849534
3634,0.20020681432706783,0.2010044036506656
3635,0.6286497535739993,0.6354118589184792
3636,0.43126142600414347,0.2674717600169995
3637,1.3671998198193438,1.149490453079267
3638,0.37620018918534925,1.0143930282604798
3639,0.8844844557679815,3.1616030369960337
3640,0.5621613342505767,0.7930773325230609
3641,-1.0781591289705204,0.9376900343432704
3642,-0.672378230446459,1.9592895306596803
3643,0.14964561926572068,0.6694861599412104
3644,0.05965903373948112,0.2810341738557457
3645,-0.14911008680068485,-0.16207887261333087
3646,-0.40479360487650184,-0.3580651693745457
3647,1.1216008157778175,0.45022146939153296
3648,-0.27889634446936185,-0.2950394678252414
3649,0.13632742723406388,-0.1394441089312264
3650,0.3162668057253774,-0.13477638662398742
3651,0.6292682944395273,0.12382300476749146
3652,0.7385789365385037,0.36079189381923965
3653,0.18484809330410304,0.7188883945077681
3654,-0.7404246689716711,0.4381649766402594
3655,1.590299510386419,0.9996172049317874
3656,0.3029831843655486,0.1929281027117649
3657,0.5646797534551958,0.056540799609121006
3658,-0.055972026920902085,0.47592347981430877
3659,0.08484846217201351,0.0488243772295998
3660,0.06979147945800597,-0.3270884884748096
3661,0.01338998512817713,-0.07201281785930845
3662,1.0132296055575052,0.449095257073868
3663,-0.19932433362713464,1.3477114291671464
3664,0.545494061790527,0.01051882463122357
3665,-0.640761760711805,0.42544865945443805
3666,0.579813944319988,0.3384614329575012
3667,-0.7795763488807961,0.44389139309390024
3668,-0.6986587351523065,0.5583135906491878
3669,0.08495965866943074,-0.22881824251054578
3670,-0.10757815702072787,0.20402033649563237
3671,0.13724334980526012,-0.09519629738139092
3672,0.5869295331257949,0.2000637648616298
3673,-0.6494340739573886,0.8563015344743791
3674,-0.17003740521947616,-0.187985379740952
3675,0.2739202632276697,-0.07342679165493164
3676,0.4875531740747494,-0.2523766870688267
3677,-0.38685405495937597,0.6567117411014002
3678,-0.05418530218251604,0.5190866251696852
3679,-0.7437523973580753,0.3220209237937573
3680,1.3729131713254212,0.9293927100694946
3681,0.6730835175378774,0.6583266506579288
3682,-0.3150268053853147,2.113580589146694
3683,1.4532167114478896,0.26076113123340944
3684,3.3496773854844792,4.887299410792507
3685,2.55656224366909,5.141808925798883
3686,-2.1865413382326278,4.9784379745193545
3687,0.9248514011285353,2.438003282426408
3688,-0.4599877316020738,1.0836832552964402
3689,1.2673792640365138,1.1539336931251385
3690,0.17611456550087723,0.2332097606571911
3691,-0.5219733840905677,0.7161238653684961
3692,1.01977046811352,1.1664902570591775
3693,-2.000593008514272,1.1707786726625222
3694,-0.1653024463285917,1.3170714542549797
3695,0.8189702025499729,0.6605395481261893
3696,0.012280913166282699,-0.012981640786333569
3697,0.24277576714429672,-0.13381912104614846
3698,0.07542817101158286,-0.20966899548261714
3699,-0.7169188483224725,-0.17705919223799277
3700,0.6044754297360797,0.9379842478196901
3701,-0.2273488615446106,-0.1706348124769002
3702,1.1450699856861266,1.4031279339036513
3703,-0.18632962122426058,0.8074973455405758
3704,1.0952716519203984,-0.14404692530279906
3705,2.255975913488575,3.5660982512123303
3706,2.583426082545277,4.369402781802025
3707,-0.6837362695906758,1.9185604010334967
3708,1.9778592846461118,4.396428375264599
3709,-1.679738670368446,2.4148973563226677
3710,0.21152470301281467,0.7215404553166742
3711,-1.314862727729158,0.9235855991329737
3712,0.6394236556284423,0.5093926743569618
3713,1.2756745587368314,-0.12654216863718573
3714,-0.5005953219272975,-0.07387088126891056
3715,0.02195815047862838,0.2331138725585906
3716,0.531785799140549,0.2779625811993903
3717,1.2787048273086652,0.14491873989960888
3718,1.0794283964126212,1.264734284054284
3719,-1.1585354169427515,1.5519889445761204
3720,-0.8519392624399527,0.8905822507520482
3721,-0.14084312203087251,0.6087748754104689
3722,0.39618682120429516,-0.050590670810660585
3723,0.7066750446465693,0.8401006647879657
3724,0.07363209654974746,1.1367398884786355
3725,0.10825305095377326,-0.10934049870238904
3726,1.1759470508843675,0.48569458941710664
3727,-0.8603690118424976,0.7412740476858057
3728,-0.8510849832995576,0.24949372739963782
3729,-0.1529001300385894,0.3477629712239695
3730,0.14350180619110622,0.3775595934425833
3731,1.092507022291862,0.6286435426425738
3732,0.03678072411114923,0.47496506253618714
3733,-1.7558141022695595,0.47532324710545354
3734,-0.8280411203732558,0.5907647098989974
3735,1.1434941763035187,0.273580123076919
3736,-0.5824726967638584,0.1626519840731328
3737,-0.24887535012157574,0.05081303260924444
3738,0.4285846731731787,-0.04892069254103218
3739,0.2716261106190898,0.1879561295185988
3740,-0.0526010889373309,-0.2407471148648557
3741,0.6066907284395424,-0.24819623353560666
3742,0.1259377815884414,-0.3319207261334684
3743,0.09520980790824954,0.04484554049461245
3744,1.1727094565618423,0.6582507492529195
3745,-0.13166626969177395,0.10833222394033612
3746,0.6794960775495703,-0.1420562105263933
3747,1.8670438948303947,2.0893934153005658
3748,1.5471630064575748,2.6927675549558985
3749,0.7473770035343357,3.8591043462709207
3750,-0.6662563153145034,4.056465164886781
3751,1.107022240984374,2.694323483954974
3752,2.8999654041479483,4.605156650699225
3753,-5.648748381153256,8.465349411011083
3754,1.7165196156744298,4.7993309883331206
3755,-1.8661799363501894,3.582156493081537
3756,-0.674983475742867,2.5251263501335
3757,1.1717113279612075,1.2721447906452348
3758,0.47511160256102836,1.027034069865579
3759,1.388521972005644,1.807673459794587
3760,0.011204353730251405,1.4299806851679302
3761,1.2885316266747069,0.9259288525044702
3762,1.5021939154083936,2.0620223885996065
3763,0.4557058332771209,2.2687476425350703
3764,-0.9716564538316222,4.503246398363101
3765,0.9487068994888139,1.964689211670468
3766,-1.1445814920381734,0.07393716555113536
3767,-1.0532409370998417,1.3498588273271295
3768,1.3733256542067096,1.280095605263543
3769,-0.4904054166065832,0.05324574345501171
3770,-0.07147600122047328,-0.004795931277946947
3771,0.9592590374242286,0.7773467025609654
3772,-0.8115728591618816,0.7941167384838562
3773,1.3245784573326467,2.236804682212526
3774,1.3560301119648144,2.277157703764233
3775,-0.37777724908499816,1.4000622321744935
3776,-5.008253487195148,4.862374015516235
3777,1.1272565872031453,3.1320956207799573
3778,0.6059881132283942,0.9416835509213093
3779,0.37256901093407896,0.5470025135823527
3780,-1.5243343972356795,0.795876455914734
3781,0.18624943336061953,0.36637928606039877
3782,0.7539440295474715,1.1236396696243032
3783,-0.34428467207856484,0.90439995273917
3784,-0.37316548316648784,-0.07124673669204241
3785,0.3558188832511125,0.04043636901052922
3786,-1.7330767767239643,0.7766253970081468
3787,1.5867832489477993,0.4770607519674128
3788,1.3005570053901065,0.9865401973529263
3789,0.10652708464817216,0.03963202708595867
3790,0.5774827614735422,-0.17561014170584574
3791,-0.8173748900538833,0.24840864828859907
3792,0.13048013182175594,-0.42188529049542867
3793,-0.00775398252153397,-0.3625501385123352
3794,-0.40809248561872247,-0.41279984466357
3795,-0.5075795306806558,-0.42319350889415813
3796,-0.032861294963066855,-0.3204120961354298
3797,0.1633856241402148,-0.5207035381984602
3798,0.22818994599226167,-0.27063112302029513
3799,0.03141158473446874,-0.26244102143636466
3800,0.41991121609980936,-0.4257840957097492
3801,-0.3777826686627399,-0.31190720713911746
3802,0.8698725624118893,-0.01634398937070032
3803,-0.4027707773740904,-0.389166819190443
3804,-0.708712904204497,-0.04976294867620914
3805,-0.30132882940589967,-0.34126152537158416
3806,0.7281695791411942,-0.4659253387661868
3807,-0.1792930244289696,-0.4662947580750286
3808,0.6066467317312523,-0.5016768419416877
3809,-0.062022439457861636,-0.4490207183930169
3810,-0.8141673518694184,-0.1737446304895012
3811,0.5344152337773571,-0.2846381523490238
3812,0.7740074089128354,-0.13171898250680117
3813,-0.3386296651402324,-0.0720189034179121
3814,0.38741608520757564,-0.29083213366459826
3815,2.313693228451326,0.8063150358961318
3816,0.1465366425540841,1.255062319325894
3817,-0.7390041742399184,0.2452628503063236
3818,-1.5379519361841185,0.5409322755272515
3819,0.5755003848290334,-0.03987518768839024
3820,1.4538043846991195,0.4691095645514222
3821,-0.10253219796956767,-0.2759059706909934
3822,-0.39658219386942617,-0.12430441759049174
3823,0.6395651738378261,-0.3312209493278839
3824,-0.02530429440624575,-0.3992572541046377
3825,1.0760334988205538,0.017800550356690818
3826,0.04414503473212051,-0.3234601962884437
3827,-0.604615922378689,0.16430711129636738
3828,-0.001520865814007303,-0.04290613422526754
3829,-0.35778020759803697,-0.23244448336270498
3830,0.4874003240828515,0.1074487703993284
3831,-0.6678139344389442,-0.004516933594488396
3832,0.229944215534943,-0.24045127137414204
3833,0.08043850526688642,-0.43417727113719756
3834,0.42750133916940386,-0.07679981723538756
3835,-0.3538501045684128,-0.4099359527078967
3836,0.1646822412395107,-0.1368946322567188
3837,0.41763381689703527,-0.39310030845676996
3838,1.3100128808111944,-0.08086079979961984
3839,0.60599522970589,0.783815747519937
3840,1.098896493805443,0.26995288055755257
3841,-0.39788945077761606,0.28617293642074015
3842,2.00335994574684,0.4348545234421392
3843,-0.8393602446416591,0.594168531138049
3844,-0.39646408943333195,0.31700411501641435
3845,0.1328560754760913,0.2314980481560227
3846,0.7072639844868569,0.17357899879087424
3847,0.2751583977148405,1.4258351200509312
3848,0.7909198239301864,-0.06817152671289536
3849,-0.6798998938739558,0.2525726595026903
3850,-1.0407955544164795,1.2243681516251415
3851,-0.9223255570688771,0.9562391038520383
3852,0.7624870895198029,-0.15089555114032266
3853,0.7322935362137116,0.5402117749838237
3854,0.5730262024370258,-0.2965224805902125
3855,0.33226769600299216,0.1416711568857435
3856,-0.780650425918547,-0.021460983484343808
3857,-0.02462656768076117,0.3273912047801572
3858,-1.4519005273348926,1.0954514809359137
3859,0.9727982986801555,0.10223821938280821
3860,-1.2671231132772265,0.4720976182363728
3861,-1.4419438492090069,1.1937313070745084
3862,-0.14734042579076947,0.049146889153479846
3863,2.047740016340735,1.2580066794582865
3864,0.6113096167801679,-0.035997182555789736
3865,-1.0370499701811504,0.2005017439174298
3866,0.9045555848910379,-0.27703890590655056
3867,0.27848053980554655,-0.14596958306563299
3868,-0.18401009945022115,-0.17904438713040108
3869,0.2645931816001451,0.07732105892808677
3870,0.13506148267634813,0.21812521143916325
3871,-0.49325767265182385,0.3479788842956478
3872,-0.4676119549289152,-0.12447816421751497
3873,0.38610071314531536,-0.43543540821767585
3874,0.5244540077126311,-0.36869432703583227
3875,-0.5623561829444282,0.06461501118461159
3876,-0.008138134989958058,-0.1157503977454915
3877,-0.739383157073747,-0.2385579264016557
3878,-0.32187337612942435,0.32483184298415163
3879,0.5475343085614519,-0.11229022980638849
3880,0.8961793953268744,0.6590908932315309
3881,0.5685468361267559,0.2312523440785833
3882,0.5394643231484162,-0.3257786298661031
3883,0.34032347308053607,0.7823537795459622
3884,0.7979853476117476,-0.06315133363048328
3885,-0.01092941836627367,0.8721645561954078
3886,-1.9061083361936495,2.095684445532355
3887,0.6425554207793538,-0.28279428742766366
3888,-0.8815690930565766,-0.30525273835674727
3889,-0.25713313898711687,0.0012554273163493698
3890,0.7585897816334695,0.2730027944020461
3891,-1.1545045955143745,-0.03468795134295078
3892,0.7968599185893815,-0.02819780860763489
3893,0.5957770361110415,-0.3980723503747757
3894,-0.32037209862539806,-0.34255084553993803
3895,-0.2278107700307103,-0.29917714512011195
3896,0.21450717354533336,-0.4163362667003751
3897,0.6162651882896659,-0.33349885995368383
3898,-0.013244882933571303,-0.32553807986155775
3899,0.30679851456277607,-0.29050795830498144
3900,0.23502134641824515,-0.3548289212883381
3901,0.5846388455026572,-0.2681941221585736
3902,1.0004741269171686,0.23929589878289184
3903,-1.0372078182271809,0.09992188439264699
3904,0.3401832061143939,-0.24523965694267702
3905,1.363897811692662,0.27968210725714787
3906,-0.055597079955555316,-0.0876707461471163
3907,1.7765359565994987,1.308907044238883
3908,2.103826035744588,4.103658907591669
3909,-0.6199468848568561,1.66926642231987
3910,1.5089093879557378,0.8985636240813126
3911,1.1438875866849205,2.631523171572382
3912,-7.11564323767413,5.663272210621185
3913,3.145048042324567,2.034868394498686
3914,0.6496554793562952,0.7991831178500122
3915,0.19925972577178147,0.012237492823372
3916,-0.9590614229093275,0.5093448436137712
3917,-0.20986242403700417,0.359464688095637
3918,-1.638990066258943,1.3403767568440157
3919,0.4688644567014474,0.5312573207287165
3920,0.4683938704317384,-0.32741197561788304
3921,-0.3356129857683896,-0.11434626322964248
3922,-1.6702471904124032,1.3532629595328123
3923,0.7292449577935178,0.32120328803021986
3924,1.093676235936238,0.09530933031668556
3925,0.183089652135644,-0.04342140561155701
3926,-0.8879708856231413,0.4291081896493418
3927,1.3356919713682616,0.3813763877637213
3928,0.12027075539025754,-0.15127596406110266
3929,-0.25946565098886704,0.0680654651485222
3930,0.2809277293080562,-0.364593856487149
3931,-0.05528234971811275,-0.14040424886964628
3932,-1.0128861214716351,0.017808381269962273
3933,0.630439579840403,-0.38115573738477593
3934,-1.016592909754741,-0.15992844614860077
3935,-0.8720175360446664,0.9378564472084441
3936,1.092923576279479,-0.02210352742341427
3937,-1.672959414262067,0.45653123033573345
3938,0.24641195940331279,-0.10911607983582211
3939,-1.2106707164246286,2.2862609892547057
3940,-0.6133574340962334,0.5971558968549787
3941,-1.7437484389432938,1.0761184466299132
3942,0.8513686818912575,0.7646926262284246
3943,1.6702227346558334,0.3600994638229526
3944,-0.5365909045911639,-0.18750320848921756
3945,0.12458713299737328,-0.03052389188818645
3946,-0.8330517440048582,-0.23020337265113802
3947,1.9959393998796973,0.30436780717407647
3948,0.48458253922865674,0.01604755315280186
3949,-0.21743923048614197,-0.3720178682850534
3950,0.19177558298518502,-0.32087375352625663
3951,-0.4098310232446466,0.0009262545941082212
3952,1.0690702137610872,0.1919526595960157
3953,-0.7429723541843397,0.13770680731051432
3954,0.9201578001626407,-0.004670997890945331
3955,-0.5559889128209324,0.10306914252451876
3956,0.2501095018907497,-0.4362100622301099
3957,0.1855990533105981,-0.39078753758380147
3958,0.35792146773546873,-0.42454898800654567
3959,0.3822476709761043,0.2924286375364207
3960,-0.9999964495001504,0.24540038495855485
3961,-0.2879410142837435,-0.015250067507465558
3962,0.3183582120627963,-0.3333203662740528
3963,0.25110601781719266,-0.39224313346301654
3964,-2.374473724713948,0.7198541203754147
3965,-0.6248054390392016,1.896225525837312
3966,-1.7928475543175366,2.052398727732816
3967,0.75885962870088,0.41873591914909014
3968,0.09096490757122443,0.30442096017621684
3969,1.2389601445940654,0.2989013420182035
3970,-0.2710379255382348,-0.28630788081734015
3971,1.721912911400181,0.484843624936553
3972,-1.1154936029729672,-0.026855044719978443
3973,-0.5381666572345243,-0.39651881376718046
3974,-0.8481813489574526,1.655530480524732
3975,-0.9231915634156226,0.8516071891568889
3976,1.5280426178785986,0.600234910525966
3977,-0.6117659482549955,-0.34402196814851504
3978,-0.18418021600839357,-0.3382980208371474
3979,0.719397952085908,0.13582094949930817
3980,-0.017458416460957058,0.30584692759941545
3981,0.9214442668027217,0.044546415484328826
3982,0.37082990411572736,-0.22621865137381142
3983,-0.5940695369388401,-0.3125336206708049
3984,-0.11335463653389274,-0.532291060730981
3985,2.2302106071739187,0.8713108624517486
3986,0.20869647446248912,0.3518858360920207
3987,0.017603620554877613,-0.1574809468446081
3988,0.2691283639599549,-0.2883608479444095
3989,-0.41269694736353524,-0.2319478208949732
3990,-0.3309489203396693,-0.4135489076413289
3991,0.017613048564249792,-0.303028459731291
3992,-0.3738969346334163,-0.5263517479661142
3993,-0.47407075280244343,-0.43704826165719807
3994,-0.026686178054707504,-0.5027909946611198
3995,-0.7850508697506943,-0.23102486188058424
3996,0.8609020945128967,-0.39301981945028813
3997,-0.14381656000836257,-0.5574737615498341
3998,1.319713287034794,-0.3194563546730546
3999,-1.0101383417170202,0.45845141962014435
4000,-0.7276887174920843,-0.4330486801831179
4001,-1.4757569044408976,0.04254353284954961
4002,1.2718270868071035,-0.42783550795439973
4003,0.5443641735778868,-0.04474167420057913
4004,-0.018724445070351432,-0.4048546747761907
4005,-0.06655687209015691,-0.524620851159478
4006,0.195574348860463,-0.3752543764797736
4007,1.5252628829673889,0.34789341808170654
4008,0.463558444066124,0.12036172492618816
4009,0.0391139609388843,1.0648352678128037
4010,0.8970563971959039,0.1577391901722483
4011,1.0585020767881959,1.847350144474717
4012,-2.4705181358170956,0.9419228584279056
4013,-1.4177372843531477,1.6414093632978612
4014,0.28498708258758,0.1812229225362608
4015,0.3560005970061967,0.20268738265282882
4016,0.23843494246482624,-0.07455529567787156
4017,-0.012410347787569095,-0.06772179791937838
4018,-0.06375592483677996,0.4026660006379188
4019,-0.2530037155648463,0.0345871760903488
4020,0.661810523576991,-0.0927942895312781
4021,0.18671855496829268,-0.28358851589961515
4022,0.9425788681133277,-0.010068415314780721
4023,0.13349793997915385,-0.17499577568526015
4024,-0.9180962630343893,0.6043214706337617
4025,1.1149443554694742,0.014834985976257176
4026,0.07183402637336594,-0.24117187402860632
4027,-0.755016255310225,0.04909093404275563
4028,-0.7545230682434098,-0.16023377124735916
4029,0.6206688001748601,-0.31375206117389864
4030,-0.31365238816852065,-0.16905092918372067
4031,0.4619551301256288,-0.22872197443618927
4032,1.0939081003884799,-0.2002668311140415
4033,0.233678238092207,-0.17566304825062914
4034,0.28219045318597213,0.0037093268764183435
4035,5.322039217369731,8.085655743069157
4036,1.3588885443574583,4.724289032521069
4037,-2.5486125151632066,5.634037775724472
4038,-1.9032414126738562,3.955553495587887
4039,-1.165267280596859,1.9138905014747007
4040,0.06695464289330409,0.6545371279115583
4041,1.8563242751033016,0.81659882441984
4042,0.48198142506179326,1.4549541772672245
4043,-0.46041427747582825,0.9409249807654071
4044,0.5009148934985305,0.2578789619044453
4045,-0.1384277043633732,0.2769673114418013
4046,-0.7873097188327561,-0.008873487374152104
4047,-0.2609686006942911,1.5732189216432098
4048,0.25486987224156477,0.5996154112038269
4049,0.5641316032632087,0.20690403051997008
4050,0.7096810889017445,-0.18072813756680417
4051,0.5198670956330246,1.153470957156266
4052,-0.5855168463709476,0.7905811308572492
4053,-0.8317770585900267,0.8742837291910723
4054,-2.2354167359629913,3.491470643659491
4055,3.0638875190361983,2.230621765055416
4056,0.8632927549152828,1.4278395080092232
4057,1.477439060735442,1.9346771543799237
4058,-0.8383549232979841,1.8412776955093526
4059,1.4077050427557005,0.4146748150370238
4060,-0.9629931354960157,1.610571610976055
4061,-2.474797375450551,3.091509132670658
4062,1.6144978232741591,2.948313308249671
4063,-1.5945875539897878,2.83279311372217
4064,-5.2434385906759395,6.250295731423344
4065,2.9402737745980145,5.399035155961072
4066,-3.349982969371215,2.320565271551557
4067,0.18762825240827433,5.229588087121977
4068,0.4580789226735628,1.2216069818887323
4069,-1.716119508891823,1.0810716334579316
4070,-0.3544288220583081,1.826595028489643
4071,0.5850228571698959,2.000231492475398
4072,1.2308916462039832,0.5501840739881726
4073,-0.11029747237201658,0.4815010471015021
4074,0.0835913327427607,0.24487483209888217
4075,0.609486909820525,0.3375366220601495
4076,-0.6385012435064914,0.6596139246834454
4077,-1.3460885122094701,0.1138815082207135
4078,-1.4123414882293606,0.7344121019611872
4079,-2.4606164016526533,3.4394653981008947
4080,-2.3653771551725673,2.1457891646140146
4081,-1.1100223000070737,3.5801896691408133
4082,0.48731536803176945,5.588137115822699
4083,1.2871335908185424,1.9938918284883764
4084,-0.928805328229762,0.4473051189607295
4085,-0.44026348749457533,-0.08180456389131775
4086,1.7054725227196301,0.16376420934780025
4087,-0.7237599642797037,-0.17315110168924022
4088,1.8192388318187929,0.21040026342325724
4089,0.9629514269310802,0.42810091261916594
4090,0.38227894178813876,0.270043191445276
4091,-0.6447474335206596,-0.05652463187743331
4092,-0.5225925370197966,-0.25755204515745234
4093,1.1240147692864015,-0.19433943255756636
4094,-0.006702048534056705,-0.2714186259890417
4095,-0.1678264443168488,-0.15172101868860127
4096,0.5226736902162957,-0.4652672710902003
4097,0.4805301099645349,-0.12682873187858643
4098,-0.09982230794055749,-0.39937098877535326
4099,0.06088557672805282,-0.27472623694497617
4100,1.1822496827664224,-0.0569000611579865
4101,-1.1413757382924359,-0.30163260811132775
4102,-0.24311078893413585,-0.45450441456867013
4103,-1.7147263571346676,0.9202030402110019
4104,-0.30154506681571475,0.41325004707157814
4105,-1.5673104566662817,0.19954779330540273
4106,-0.01141107229422083,0.24163215273799582
4107,0.1787742865447372,0.46153094545018136
4108,-0.48454352151741936,0.14062112793125953
4109,-1.4081602194254332,0.3570094359124816
4110,0.8887263901731823,-0.1665651820838996
4111,-2.224307992238204,2.048749987370687
4112,1.378067227572553,2.8796981801863186
4113,-2.3626834840501143,0.6813322322532407
4114,0.9082678142534839,0.37202407745738547
4115,0.4967523620624225,0.0860528235046757
4116,-2.7278680647434532,1.2465762014432535
4117,1.3339389042078165,0.6097729139016448
4118,-1.032592048301858,0.3627977165675246
4119,0.5568922858319713,0.6115341768599318
4120,2.6777948672767042,0.8623495581048853
4121,1.1016918105244198,0.736837846312595
4122,0.8062331717578158,0.14366298881224446
4123,-0.18233592664294515,0.21470847935765286
4124,-0.5508368294037327,-0.1401354268732395
4125,-1.1224404125856793,0.09726550448814468
4126,1.1911041998942968,-0.2443894480726374
4127,1.7142021437997281,0.5666347154049746
4128,-1.2096104378259314,0.308092170326067
4129,1.0823105907581496,-0.3589907941618896
4130,-0.5313800352352015,-0.46262921520424
4131,0.9532806026322614,0.009719242777003256
4132,0.35954546462980574,-0.3363870973980783
4133,-0.5688654521416265,-0.2891419766375701
4134,-0.1895747021703307,-0.3579827996443817
4135,0.7165632496743204,-0.33521528924147254
4136,-1.40273983154341,0.08272233820070506
4137,0.8550966214992474,-0.32131981193604553
4138,-0.2683856150241382,-0.2610605198240749
4139,1.087345892255396,0.02341922154888221
4140,1.5551191268865623,0.6463933251006827
4141,-0.06674434241558744,0.24756406461019037
4142,0.609574201311414,0.3859749071678316
4143,-0.500689049237651,-0.014379785687043223
4144,0.34613413806614957,0.0971681689896637
4145,-0.10607246401897916,-0.06729379570986758
4146,0.3852608100419161,-0.12016551576046748
4147,-0.4029294106225635,-0.2647555289525158
4148,0.8552641090469016,-0.2959788526695377
4149,0.5999013460711072,0.5697725372153648
4150,-0.7672870596331574,-0.10604245444076885
4151,-1.061789104975606,0.3501150055837289
4152,0.18095446390849085,0.10245702061723373
4153,1.9726902252532301,4.955190621030523
4154,-0.08852266691257733,-0.1319068077831639
4155,-0.5426157520658951,0.08257206138219172
4156,1.4956331777247687,0.6799573796037929
4157,-0.8921322311328673,0.7453929263345509
4158,0.04501911672270954,0.3563213191994991
4159,-2.4012223376333237,1.1404001360497664
4160,1.2366196420635334,1.6652412739856837
4161,-1.171049350338954,-0.055318042040720695
4162,-0.025842202099212244,0.40612762937951075
4163,2.298555731849104,1.0829786921474442
4164,0.13917515335364405,0.11613115737454376
4165,-0.04031002989517719,0.12482595359062991
4166,0.44802195128132455,-0.05225170632191731
4167,3.8141354886101015,2.005384943057507
4168,0.0446893698891807,0.6698152681055579
4169,-0.705270158357374,0.8419469366814113
4170,-0.8459348495421645,0.3661669832860061
4171,0.6979363694112134,-0.28552813768880214
4172,0.22810618275675565,0.3117416298313841
4173,0.5787262266565115,0.0647228583976625
4174,0.36055286608078313,0.25938310176851387
4175,0.6041007820046279,0.1849880067051277
4176,-0.006982233764038939,-0.357124031077259
4177,-0.9052737810318482,0.6993187197550182
4178,1.916009541806392,0.2881539149783886
4179,-0.3919518596599033,0.5847138838355296
4180,2.104857339833204,1.842938370315216
4181,1.259408846019639,2.445351994675986
4182,-1.3160817041171236,4.122505121225447
4183,-0.9595896842620272,1.432666487428686
4184,0.5641860115278459,0.42298609162189366
4185,-0.06917864743938372,-0.15120144833157428
4186,0.2636011526815023,-0.303062279639177
4187,-1.33974925321772,-0.09205926870753821
4188,0.9975517432839411,0.09462537049710366
4189,-0.8399293396871756,-0.10132408391984844
4190,0.7278354080719076,-0.4080775837778037
4191,-0.76364280923658,-0.08595721472768397
4192,0.24757208915875156,-0.001858616695356975
4193,0.4589711898445147,-0.15736287746994715
4194,-0.5308798763359842,-0.23067099423436602
4195,0.22030993155082662,0.05175529992960942
4196,-0.45107359909230943,-0.2631326803182037
4197,0.8069615945567125,-0.4241459987267725
4198,-0.4347480925156152,-0.03844163708509035
4199,-0.3885250906766666,0.6550860631901623
4200,-0.3654109197373802,0.15240229459120555
4201,-0.49804062185814674,-0.07896047992715756
4202,0.14587858609323326,-0.07820229536125821
4203,1.009386423291444,0.7750812195761506
4204,-0.3613994113633188,-0.0069361310086208
4205,0.6391782393646435,0.35860138200091457
4206,-2.3386344503566936,1.249132414246732
4207,-0.9875259089718402,1.5995019130344277
4208,-0.6285236810747179,-0.17227283042143718
4209,1.473917881819265,-0.3074177572734631
4210,-0.2525140959621326,-0.223535626362818
4211,-0.13472396574861015,-0.3338501219234494
4212,-0.565411763150439,-0.261105699853332
4213,0.5831151547490734,-0.23620733617553505
4214,0.20320667653771118,-0.27273665414231557
4215,-0.5173886891104178,-0.4954533503498552
4216,0.6530640400198208,-0.10270203130200307
4217,1.2729222815880383,0.30419220502121913
4218,-0.0966956208247398,-0.39541713704848147
4219,-0.2529486992939566,-0.15327237894781637
4220,0.12818095150018188,-0.5462864161925087
4221,0.5653687740170491,-0.3601799327036397
4222,0.41235332287776866,0.3706587683544371
4223,-0.3271892555193969,-0.041266804218746
4224,-0.28766953638540793,-0.19357125818924006
4225,-0.2616515150207244,-0.21329694387822531
4226,0.25999903451565853,-0.39988679000516614
4227,-0.8373175871291575,0.16481194780506198
4228,-1.3644561957909505,0.6509774931057595
4229,0.7676601537508445,0.0229672927696766
4230,0.17201130676436352,0.6133480413989756
4231,-0.8255794749646119,1.6470422856068854
4232,0.5189215322867288,-0.3575878175182471
4233,0.03441004525808843,0.47648613411253055
4234,-3.7547912385544904,3.412926272586918
4235,0.7926229125684092,2.9294134473985474
4236,0.9502334818797157,0.6549825768709522
4237,-0.2134881037038965,-0.1202456339073408
4238,0.9856578183616059,-0.16046143485754777
4239,0.5914805026865106,0.3658688028582545
4240,0.5571497734647343,0.2670012078059856
4241,-0.18347136452426885,-0.2798882296909389
4242,-0.6912509089913772,0.183911980888797
4243,1.1951402618306666,-0.1287033412291504
4244,0.0003979604448426788,-0.5787814664661857
4245,1.2503481444636462,0.3147137030388825
4246,-0.6912494312744485,-0.18751349303706213
4247,0.08603608456938196,-0.29707683039829674
4248,-0.11775400451218371,-0.15361808778209693
4249,-0.24016611910282415,-0.1130762385833397
4250,-0.9199249962785117,-0.06841255484623882
4251,0.17780103880129364,0.5460887826170535
4252,-0.030674133415594412,0.08762845828416227
4253,-2.2769798988963017,2.0983964772940453
4254,1.0351908578534201,2.6102579668189905
4255,-2.253206676882445,1.1385925626631674
4256,-1.4064770204351307,2.3324587483206742
4257,1.0913660563791605,0.5075563338101234
4258,-0.5314985288456933,0.2814573570641051
4259,0.48828650889792846,0.8686777015709345
4260,-0.6310820125276052,0.3579789600454937
4261,0.13537333817597616,-0.0220597547113031
4262,0.5452695373371681,-0.24898507101779552
4263,0.5173809400624728,-0.42019382708837516
4264,-1.1704355146964083,-0.30227491128106343
4265,-0.27312203331589496,-0.15754232659099857
4266,-0.07347723019291051,0.36511879212604725
4267,-1.3871472890527596,0.06134003869873312
4268,-0.3056606630466591,1.0338441422759417
4269,1.1969340699943591,-0.041991611861362854
4270,0.7012358250890639,-0.5491790579203915
4271,-0.2617263520915186,-0.47425910375346525
4272,0.4287732025344798,-0.2650665257387153
4273,0.14176437289287194,-0.47331608845589423
4274,0.7989267440190475,-0.31695142027785494
4275,0.10179385200684217,-0.4609177027800256
4276,-0.33210393429999163,-0.342124700455982
4277,-0.15258947636616196,-0.5739329453085147
4278,-0.1003649656577151,-0.3762429092066861
4279,-0.24249826926266976,-0.5250752687797994
4280,0.3103213137084595,-0.47141251401336715
4281,-0.11931193851576624,-0.6089697772957541
4282,-0.05182005767158395,-0.45843336177897753
4283,-1.129426181181818,-0.3585775359309602
4284,0.6260313032298988,-0.5490274789287907
4285,0.18396393409990458,-0.5498114437761652
4286,0.7810415196684514,-0.557684279042841
4287,-0.8845165416109875,-0.4857141057233846
4288,-0.001732205821349724,-0.5110137220115318
4289,-0.5409846220485317,-0.5560148740335403
4290,0.07449716198427883,-0.4860805524324239
4291,0.09966327604361977,-0.37091363452475873
4292,-0.07967437943119579,-0.32101756489081695
4293,0.30131821317284363,-0.5508327506975205
4294,0.10565082032871724,-0.6020437583838427
4295,1.1239636068339334,-0.4257600270308886
4296,0.47540403248585916,-0.2000292261832703
4297,0.27314613853238345,-0.33011134841869066
4298,-0.13338147474665948,-0.575754259203818
4299,-1.216428849163333,-0.14749025532867344
4300,-0.7042503781659462,-0.28634358730365916
4301,-1.447354440821748,0.012858578326921624
4302,-1.1888141840605375,0.3843892756631119
4303,0.8103570433214982,0.5010979467873055
4304,0.5576137609238323,-0.05822814459659944
4305,-0.5085005771703538,-0.40199232886145286
4306,0.5590357618583924,-0.15025772026110917
4307,-0.4265486491349104,-0.03794834076442358
4308,0.48064472413646614,-0.28747684690285163
4309,-0.4562920750491696,-0.45102895985321134
4310,-1.0916149462245952,-0.14720405018550836
4311,0.006783025304281131,0.4125863439589042
4312,0.7863883091124906,-0.5372020073558705
4313,0.059694416221886835,-0.32938061295692966
4314,0.1809065886135661,-0.5428223824623504
4315,-1.3701527885225326,-0.1560607379233312
4316,0.05891180965909508,-0.2714582387164925
4317,-0.48732562821801423,0.05783991973897436
4318,-1.1896932322435305,-0.025014025022082848
4319,1.1636782965422519,0.6213055636646867
4320,0.06094058517156089,-0.38591797321904403
4321,-2.6664188209395747,0.41684192760711986
4322,1.233783746396085,0.08752528025760531
4323,-1.367181073054866,0.6352268367868229
4324,-1.2170836261206817,1.0888785757275972
4325,-0.08225436498455509,1.5881511749083785
4326,-0.614979543987362,0.9624463076768598
4327,1.4641687579129259,0.5482776352589136
4328,0.9885372822507567,-0.2245823656223666
4329,0.5687048009317536,1.0797733203097946
4330,0.5733511561498241,-0.13741345062507432
4331,-1.7089499918947166,0.09417217212136705
4332,0.1429768131694641,-0.5035851241582123
4333,-1.8121586572750816,1.0524232238906885
4334,0.8052758254889636,0.9203750873220484
4335,-0.8408972453799408,0.1730206297990017
4336,0.7051887775108833,-0.08465215262783055
4337,-1.2324485113446644,-0.046986467912794504
4338,1.1115133041349439,0.14326567433462245
4339,0.6419786028720386,-0.04732328634675545
4340,1.0700751329384814,-0.15626801322920458
4341,-0.15877731519111365,-0.06270063765094115
4342,0.5468336381608604,-0.30678084186795007
4343,-0.508604550774815,0.1349348367973295
4344,0.5783475546901886,0.13043568598943023
4345,1.5277009339589538,2.6308748331037015
4346,-1.3563013021079495,0.5492140030426347
4347,0.9896844044837464,0.061471810921061555
4348,-0.8718710285086787,-0.2790611936352636
4349,-1.7216864799705178,1.8199596097551585
4350,-0.7819163365881452,1.9192235056793023
4351,-0.8567965242162268,1.4682663198829493
4352,-0.11867670254098384,0.23330191427401462
4353,-2.0953421462802,1.8486882625656076
4354,1.4082672552296969,1.9058827242737657
4355,0.5227510260465494,0.7499030110705256
4356,1.9579956511790553,0.38191275195431823
4357,2.119535974558903,1.3235122870133298
4358,1.5767402667638148,1.4550487426247996
4359,-0.9900903379841283,0.4409934959308145
4360,0.20050664765392814,0.24196214621929285
4361,2.4086666394328415,1.0199346568764875
4362,1.7128703996641597,1.5048089907920488
4363,-0.8253497737134066,0.3347881102601914
4364,1.7202370812931675,0.5768571715932869
4365,-0.008084042149866322,0.3536064244170496
4366,-1.3102610280210387,0.7370998622286217
4367,-0.18157425325491697,0.30162605640614826
4368,-2.6849335584396226,0.6263814940131727
4369,-1.0710227692271044,1.4008792619417643
4370,-2.7272525942728856,1.7680815653601238
4371,1.80819800088939,0.3971652781697563
4372,-1.4343829631095317,0.1258306481742422
4373,1.2465056248291269,0.386122827671654
4374,0.40508634063524274,0.06611156938594397
4375,-1.0767930659250435,1.2950616256011502
4376,1.7483602948220505,0.4387502140747214
4377,-0.5210625702781528,0.30906494579000404
4378,-0.20345274316716924,-0.53794651308014
4379,-1.1642122712809415,-0.17172477426139637
4380,-1.0108318917425185,0.15522038730446375
4381,1.1339322052014351,-0.04711899772703029
4382,0.49594741863935643,-0.44459191357705286
4383,1.2332217052936412,0.23728467592099453
4384,-0.1998003702584386,-0.36856474988239135
4385,0.10404124765052371,-0.5672191309969343
4386,-1.8331049942148263,0.5666716885368358
4387,-1.2403468119804808,0.3861825849755398
4388,0.19451104315337944,0.9609127913147191
4389,2.025951011815219,0.5230729677318352
4390,0.1368483395132819,-0.3677198010822411
4391,1.2081234174543491,0.13383056549690414
4392,-0.794718910678816,0.05936382891829315
4393,1.666003167927932,0.1894801501747546
4394,-1.1365620673888595,-0.06139332854784535
4395,-0.9459124062906525,0.6680793305382644
4396,0.7304434556542609,0.3702576890643943
4397,1.6472883190690835,0.42077854150364064
4398,0.13030932989749552,-0.17920529962767007
4399,1.820126144887162,2.159414546148256
4400,0.11340232694265465,1.0972922743840896
4401,-0.4185298399780449,-0.1704596368217137
4402,0.27375484442958375,-0.41716744808213835
4403,0.06082076660084096,-0.27348311099135747
4404,0.8022266643172752,0.30917886727976884
4405,-0.872594902466552,-0.05826078406421238
4406,0.11186922388008144,-0.4646072347199193
4407,0.03292411496221636,0.04791732158835714
4408,-0.7197779165852793,-0.3308493416868911
4409,-0.8298746455126669,0.08440088186424177
4410,0.7645699531563664,-0.4821182183403473
4411,0.6903044470373332,-0.2677807044992141
4412,0.3157897778594029,-0.378051070386458
4413,0.04628868116564425,-0.3089491947744049
4414,-0.5494942976008269,-0.26652062359234424
4415,-0.08064557142163574,-0.3248681145381702
4416,0.1744901587016238,-0.42358484819100073
4417,0.16400662550915865,-0.48150693870138495
4418,0.18904729897373218,-0.3343589227852513
4419,-0.6678192030236556,0.2654679461878471
4420,1.3289617612495104,0.4204119333505922
4421,-1.7275177400933928,-0.002287880693705021
4422,-0.06906766998005322,-0.4404719744921042
4423,-0.6133908921110934,-0.041360805813960295
4424,-1.2740225984769908,0.9906649688196011
4425,-0.21912893384573734,0.6406877590201393
4426,0.39682949273233353,-0.2762737221273212
4427,1.4533194993485354,0.4114859704742821
4428,0.5149548480068631,-0.5303161092722743
4429,0.18674982987233676,-0.10079215043422365
4430,1.050286079352923,0.03824072620674404
4431,0.11497637306354523,-0.1506946566223097
4432,-0.6098918141876978,-0.4408421273268682
4433,0.522474505967401,-0.08177786797087533
4434,0.4063646451929002,-0.3738820138017898
4435,-0.006261663407236947,0.48173137408529065
4436,-1.050001451055288,0.17912175697670984
4437,-0.4392429297976181,-0.39177263894933667
4438,0.3654768982813534,-0.41660864522114677
4439,0.3438951152795166,-0.4330933972803095
4440,-0.7418609159269057,-0.07340659743670659
4441,0.030503130846398215,-0.575815814815841
4442,-0.39656881435002794,-0.47938984424744213
4443,0.9831087422773982,-0.33235728338351334
4444,-0.595425514978068,-0.41801756972233084
4445,0.88310676081253,-0.01861373633525043
4446,1.0033121958185365,0.1952996061628615
4447,-1.5539282901494207,0.8939973046637755
4448,0.5812063271404154,0.5762516589483082
4449,-3.115083170461044,0.8782267162119962
4450,0.9217247842548693,-0.3111787633141971
4451,2.331767931860537,0.5629260387435643
4452,-1.0929011416494212,-0.044694045509548704
4453,0.49574867725431043,0.20117709893617214
4454,0.6471796437430086,-0.36740312222328325
4455,0.10379711776010354,0.09608161506289056
4456,-1.510774022103387,0.03331584429021074
4457,-0.5807956193649649,-0.02486434741357758
4458,1.715029435342297,-0.04502167255587022
4459,-0.2845909817895149,-0.2588875730288302
4460,0.7179308509964737,-0.3398159202280695
4461,-1.2435918062783167,-0.2534386326986592
4462,-0.7876043424896482,-0.18409797148228385
4463,0.7877597632864566,-0.3287033021195618
4464,-0.9542714995835648,-0.39768948449770514
4465,-0.08522311813726391,-0.44242326202092774
4466,-0.16526154060559467,-0.35880186357951677
4467,0.18034580983694842,-0.3522062794488625
4468,0.09527763971014308,-0.47252232157296986
4469,0.06486390919505727,-0.43666661568541293
4470,0.8907144820810514,-0.38812609459125286
4471,-0.4462310869255439,-0.2716270671544094
4472,-0.6512872583824862,-0.39516581267749407
4473,-1.917979515911067,0.42864633266308727
4474,0.5543947439277405,-0.19015591366476645
4475,0.7718207200338479,-0.41274715353919583
4476,-0.9221237348158031,-0.2875504241263505
4477,0.6750704482932045,-0.2448928110672249
4478,-0.7539525063908346,-0.3841834039297057
4479,-1.1141977909903358,-0.06473159862362181
4480,-0.21746502234458012,-0.2907086259211958
4481,-0.2109172173594549,-0.5654408506135052
4482,-0.0809213671292511,-0.015534396643121971
4483,1.4860101232849874,0.05193133464875875
4484,-0.1790651829139877,-0.576160569667048
4485,-0.30531377206435495,-0.5090836618612332
4486,-0.4715849474902638,-0.4242947038899729
4487,0.6503984364821139,-0.22774764674971376
4488,-2.4847411909591215,0.714526945548074
4489,-0.5230597081141928,1.8898307603717686
4490,0.5210040766053645,-0.09679094746437865
4491,-2.1685794462626653,1.0629963361813812
4492,0.22820056536370228,0.8705390585048062
4493,-0.4738305382701383,0.2906764973256968
4494,-0.756250010482678,1.6009881354180322
4495,-0.9722135629789428,1.0621633353249387
4496,3.533478712439406,0.4998719549009749
4497,0.6947120111239922,-0.2890055736703739
4498,-0.06771987419942858,-0.31204749072580285
4499,-0.7847150203459101,-0.4474710668048181
4500,0.3548756489755221,-0.3081063591210478
4501,1.1036722416436655,-0.3520832923939938
4502,0.4785219505509283,-0.29654266751985253
4503,-0.05226141675698657,-0.41910916530627934
4504,1.168388654607109,-0.14041606273002954
4505,0.6015477362097262,-0.32038626103346374
4506,-0.2180664617030305,-0.4584718967941518
4507,-0.38118428223265854,-0.23345120757395105
4508,-0.161302692897763,-0.47831355876178355
4509,-0.6408907739743076,-0.43402836861228666
4510,-0.8823873381679607,-0.2992856213372972
4511,1.7329018869334307,-0.03820391937229214
4512,-0.9877884851460073,-0.3025254364178429
4513,0.8216681427830715,-0.3017468907009447
4514,0.21458502548747815,-0.2690035377292248
4515,0.5394524762798416,-0.2239832538269278
4516,0.2480349138360825,-0.5024619509755239
4517,-1.1059803651154396,-0.1104710942485268
4518,0.17784041827570615,-0.42711399946352435
4519,-0.5039758613142187,-0.2903581894173035
4520,0.6770063777568172,0.1872952513794067
4521,-0.2861041127413474,-0.48914039457154246
4522,-0.6821130069633703,-0.35348980614517245
4523,-0.6175034983254198,-0.2031609826452814
4524,-0.9551321077308684,0.17855093802048486
4525,0.4048195757625942,-0.06206536251708909
4526,-0.11263437185612063,-0.46369157983803677
4527,0.74762239549226,-0.2545965455889993
4528,0.2207728152390665,-0.47354892576360547
4529,-1.1949689126457033,-0.0692342418370362
4530,0.2602838957314653,-0.3564189154039186
4531,-0.6309993912539968,-0.37845956339560255
4532,-0.3457775356832073,-0.30482781219451693
4533,1.3219963075066716,-0.3694284563272736
4534,-0.28188495900131594,-0.44309464804160015
4535,-0.4443505786528832,-0.5152230441012394
4536,0.4256706660830488,-0.4358265005254866
4537,-0.3747052946654849,-0.6191667815875843
4538,-0.6687929528303462,-0.41263129186924424
4539,0.668657591764735,-0.1289778020378929
4540,-1.0951273600343843,-0.25457535550929433
4541,-0.9826882827302351,-0.21469789446801132
4542,-0.06408049845510744,-0.320906665175511
4543,1.3679937445220118,0.05297539724540565
4544,0.7492905793288017,-0.15520939678205312
4545,-0.16864527822740766,-0.3798180450891227
4546,0.5545127201173105,-0.3967602205203079
4547,-0.17940383953825276,-0.4473618647027839
4548,0.0371657873135891,-0.46061185636166263
4549,-0.07992226664661767,-0.5971306004817099
4550,-1.1068319911443194,-0.3391435907992164
4551,-0.08700098756352423,-0.43367708095622176
4552,-0.6556773730306148,-0.3267206273729424
4553,-1.1907690952682997,0.8098021378852662
4554,0.5716554991524097,-0.0774136571036443
4555,0.9332152656598619,-0.3103272921382045
4556,0.7043161402450181,-0.3456807825276784
4557,0.10898885136923545,-0.44040955478790766
4558,-0.9312527687479022,-0.3939185983171346
4559,0.9919223854721302,0.036648803412557183
4560,0.6657951729087322,-0.08969913911190146
4561,-0.9170681859823812,-0.13766154926853333
4562,-1.1374830676607735,-0.27855203449974836
4563,0.6823116208224189,-0.40957847885600607
4564,-0.1262277221705116,-0.3413642601228407
4565,0.1591874547183613,-0.4144480481073767
4566,-0.3940279515322932,-0.5310341952486971
4567,-0.3658977296396152,-0.5213515406482275
4568,0.7748464738374508,-0.11119672708924087
4569,0.36859422226351446,-0.3963760732202521
4570,1.6571833891995789,0.0098881965955859
4571,-0.5963882029866404,-0.042925959178493435
4572,-0.37246986944641663,-0.2592484956167067
4573,0.07921707427952542,-0.471059474693331
4574,0.14160578674128915,-0.5860499479212937
4575,-2.204057511727993,0.5851817822440928
4576,-1.0045811821430195,-0.2226531315501271
4577,1.0522452217298304,-0.3796974324367647
4578,-0.0997707406870596,-0.5321375141180282
4579,0.7821345870125502,-0.4176334996651266
4580,0.6978929634147617,-0.41608896550482954
4581,-0.285078657617172,-0.5000964417676825
4582,0.1430478592987521,-0.529724668078599
4583,0.4558827802747533,-0.36540383019798467
4584,-0.0345868039128918,-0.5105679894418409
4585,-0.5404205724165698,-0.4078429043421029
4586,1.5892480952210932,-0.3131436521110562
4587,-0.6009249119983461,-0.3933888904067556
4588,-0.11308250649936452,-0.480327777318963
4589,0.00045418848030172516,-0.596082750758656
4590,0.9037619594168027,-0.5426157377534102
4591,0.30518197866677654,-0.5852863211972751
4592,-0.3223035527646248,-0.4769076575209468
4593,-0.3585261506251232,-0.5295789628086047
4594,0.28584911821114356,-0.6036103758634277
4595,-0.32080627853669447,0.07590565706205192
4596,-0.8898576038027725,-0.2352107023578532
4597,1.1769681441433737,-0.2578587289042094
4598,-0.29814350245751753,-0.5198337038141555
4599,0.7895294498001646,-0.5219745481281804
4600,0.04454450709749059,-0.5794830177577497
4601,0.5411574108265442,-0.48004558531649777
4602,-0.20565983147425762,-0.4272548770869263
4603,0.7340267588061282,-0.3420373082934244
4604,0.671975071384033,-0.22281747415160474
4605,-0.04895421009239061,-0.45732273717334265
4606,1.1347875789102206,0.22070696231240916
4607,-0.10924966700284003,-0.4804685797503028
4608,-0.7123430527943354,-0.3192041516042698
4609,-0.04341715492635753,-0.28445953010100444
4610,-0.2744144564117301,-0.5253341958917861
4611,0.6276462559355515,-0.364529686394188
4612,0.32213911915379456,-0.40354439389912505
4613,-0.23060215449534902,-0.6140834485698252
4614,1.2349397076915465,0.14894491304965338
4615,0.4506293854824758,0.0027661157999999196
4616,0.7862670525123387,0.052320411224248714
4617,-0.6032503222381227,-0.3051787804332461
4618,0.16640668848562126,-0.42636747198838776
4619,0.5079923832834813,-0.31871302844317523
4620,-0.5990630629013752,-0.08556210201208662
4621,-0.935571204782532,-0.4127876954743205
4622,0.20379415678378096,-0.42750254285580297
4623,0.5769533681709552,-0.5681842993487849
4624,-0.7449108618127157,-0.3176977784664216
4625,0.07227813964784974,-0.6289648097135594
4626,0.42305452589233156,-0.5414174748674665
4627,0.046897918880505755,-0.5406645267801256
4628,0.01502414978015427,-0.630118022167548
4629,-0.5674244224906704,-0.5103125332288037
4630,-0.12482329556209802,-0.41478379012585925
4631,-0.3864059528598699,-0.49066052075255917
4632,0.8433213043378864,-0.45077190533183426
4633,-0.12950398297594906,-0.6079474911595819
4634,0.6994901387142727,-0.534802611086995
4635,-0.2424132915076528,-0.5513540814064813
4636,0.04772118408870605,-0.546903270218293
4637,1.8224432045317736,0.6266418541851021
4638,1.167106250298427,0.6669660032336594
4639,-0.8918205372385937,0.32302433013741916
4640,0.9647343858368248,-0.027720445799097805
4641,1.6690493988011343,2.0464201336502925
4642,0.4865816617221931,2.227570428357439
4643,-0.3365154842432463,0.7241146289638826
4644,0.9570042323134337,0.3057753645905659
4645,1.109507492360136,-0.019266202897847404
4646,0.47617299837005006,0.7324577835330878
4647,-0.1819454099946797,0.19770725616050344
4648,-0.4154006634036766,0.7466015695573681
4649,-0.2001418364399131,0.19808505572586874
4650,0.8896561256433135,0.2623821364467048
4651,-0.22637003703254843,-0.19543433593015222
4652,-1.3013251138835853,0.697678317816674
4653,-0.3809221150644399,1.2543862722126666
4654,-3.2721623617782,1.2193612768491793
4655,-2.6639592238827983,3.1833071889957125
4656,1.1276156587017856,2.3140717522685024
4657,-0.6196895367954164,0.37863898290168885
4658,-0.5055209874271829,-0.14415878302932947
4659,0.475918960575699,-0.32272028839062555
4660,-0.30971840562899444,-0.3002603510723329
4661,-1.7485460669420632,0.549856026151618
4662,-1.9685624668262356,1.5116307256188821
4663,-2.0808619461320728,5.889068048465179
4664,1.1901316808872737,1.2087375258339168
4665,1.933759928446395,0.7419313677028302
4666,-0.13349404497777667,-0.12698299417244382
4667,1.3270398108198436,0.07342418997281631
4668,0.6240326310115125,-0.2929111733921426
4669,-0.1199141182400514,-0.12730303161764936
4670,-1.428827903809673,-0.2403815947358785
4671,-0.7050553121808782,0.06269085965907266
4672,3.134183181711168,0.5506510064518796
4673,0.8621054764321663,0.23312017921660758
4674,2.6643165637490696,0.5686172754418689
4675,-0.9806687581250142,0.41817614272555453
4676,1.421318503522988,0.22277017127742982
4677,0.30551281258412466,0.34763320948956705
4678,2.8407696316196125,2.7856684128162006
4679,-0.5977353291507452,1.1644557966662468
4680,-2.3869077118519053,1.6580558384126898
4681,-2.204784258167276,1.158418826042459
4682,-0.6990718972852435,0.33531679871748116
4683,-1.0497675217188884,0.5000951605191157
4684,-0.20070660811039132,0.33734714567843177
4685,-0.6310309235701148,-0.24018510399965604
4686,0.31912074283984165,-0.3228575589012334
4687,-2.5373651562991912,0.879097297201099
4688,1.5612796352586944,0.3328579049952495
4689,-0.4710191407640359,-0.26695653286843135
4690,-0.47735756592859396,-0.28122488626456443
4691,-2.260242037734365,0.6878670923905322
4692,0.30424108989886073,-0.20732907689056418
4693,-1.545001280597068,0.5976194878886321
4694,-0.20215886811327674,0.6978548774907685
4695,0.9529738464004258,1.2965347811596633
4696,-1.5864469794990308,0.41454460864527043
4697,-0.37640591928526135,1.0136116678319798
4698,-1.3079453058973962,1.5980627564458143
4699,0.08046854483723821,1.2200487511919993
4700,-0.6465737753058717,-0.014826650990296581
4701,1.2638559481907499,1.2746985287907888
4702,-0.24671243641269477,-0.2600356664307626
4703,0.9714959580138757,0.4711614803947691
4704,-2.1499427380436664,0.6804724069174839
4705,-1.656082563799756,1.9944427164159026
4706,-1.6024183881559646,1.1495188637448377
4707,3.4753045721313374,1.7895214038576424
4708,0.8908804903753065,0.46252550726597347
4709,1.1914326475239356,0.4032503482164427
4710,-0.3922256464743344,-0.18781315127781106
4711,-0.6242874980114517,0.7495978001205887
4712,0.14312558670349643,-0.23910351393852503
4713,-0.9725033625466993,-0.06728090154155156
4714,1.0911341557564214,0.06394109313023393
4715,-0.5733722491324551,1.0479608941677692
4716,0.8323624682070394,-0.3425300738243971
4717,0.23626587313143946,-0.3184795616262811
4718,-0.8882497060611805,-0.416449172981949
4719,-0.9714986211679595,0.13818290458190596
4720,1.130875570235589,0.20590105714986026
4721,0.06805705199065286,-0.2503236903977028
4722,-0.1575748206517709,-0.49993850488021074
4723,-0.3484098566120022,-0.15047722326454036
4724,0.5365308889833055,-0.3244566344062702
4725,0.8020988169042547,-0.11583535780856252
4726,-0.38932584289535344,-0.5335517453379335
4727,-1.446035727911095,0.052799075575693355
4728,-0.04858821832820972,-0.20305451651370401
4729,-1.0920679388015677,0.2652199456168301
4730,0.1774233658070191,0.2762657055251669
4731,-0.37924508303293775,-0.11662550823975215
4732,1.3064571227893518,-0.3200649442278268
4733,2.5219229679410278,1.640781955278007
4734,0.22531851977871448,1.206557798889916
4735,0.42980025773241615,0.24422397941403917
4736,0.05246472146017407,0.17821206071955623
4737,1.3029845444134645,0.25519411479260584
4738,1.3812315157048922,0.38735037318694104
4739,1.2486079947597244,0.31255010331851096
4740,-0.9822079204434858,0.3013216131208117
4741,1.5661340317872117,0.4028475849011388
4742,-0.45580280816418073,-0.29844572883312914
4743,-1.230744946615337,0.4886480284539627
4744,2.478445558317944,0.5501940053078807
4745,-0.5393181669609218,-0.16035614330215683
4746,1.7648536539743802,1.113191837901602
4747,-0.5143492789278877,1.5230071733624257
4748,0.5755782763026887,0.2342555001508165
4749,-0.2280379140752514,0.2658055216235225
4750,0.010451355730414653,-0.2534190141757177
4751,-0.27395581527173724,-0.40526972553963586
4752,-0.9191187515653145,-0.028516889058696017
4753,0.3621828321490733,0.7250882192141529
4754,-0.7435409452115335,-0.3515758623853693
4755,0.38275264641771484,-0.3537755025146524
4756,0.11445235362989557,-0.1828166447658304
4757,1.3610707570216234,0.19840009780142748
4758,0.3647713670615591,-0.01447963499033017
4759,-0.7187065977536706,-0.16393271686414473
4760,1.7214641866669964,-0.11813148301104327
4761,-1.22961764795784,-0.3717471833102591
4762,0.14253091032066628,-0.36187078882719853
4763,-0.22027012419950542,-0.46179999202535066
4764,-1.5647022151352892,-0.25910138269074057
4765,1.1393757167719016,-0.29394694596744136
4766,0.7233245353141021,-0.37764812888452043
4767,-0.6631692101090124,-0.2253202857827317
4768,-0.7029584184621394,-0.10981723428893198
4769,0.978809257992322,-0.11830144827988258
4770,0.22666185755312923,-0.39962883326683923
4771,0.5709171368295756,-0.25000599194080464
4772,-0.6138865178342894,-0.40013098845124284
4773,0.7634591039431811,-0.37308477772596527
4774,-0.11296580570916084,-0.6266498599397446
4775,1.6725176100514787,0.12702164093716142
4776,-1.5882961323617795,1.4728901394302054
4777,0.4030867671995677,-0.01769479209018866
4778,-0.8101318613400802,-0.12293027445448854
4779,0.6766533535699628,-0.07485543221874087
4780,0.9456628244577756,0.08863162900727596
4781,1.115444537160096,0.6124705728665014
4782,0.3270634919032059,-0.007223242179080239
4783,1.2785221454194673,0.4875328297180475
4784,-0.713898048586066,0.7399980509993092
4785,-0.6404224055344556,0.7017164920632909
4786,-0.710028188420337,-0.2739522838969132
4787,-0.6815914028987698,0.18392289082155622
4788,0.3668955855341259,-0.005830956773910671
4789,-1.6576972457122405,0.5366158071603131
4790,0.27628416211051054,-0.40184704378948966
4791,-0.7709200636158873,-0.3448130928478349
4792,-0.16248661844968929,-0.5040193481120531
4793,0.55208792666256,-0.5568626024272167
4794,1.6465427220663085,0.31846763593243654
4795,0.5295544856884142,-0.32621437992410784
4796,-0.08101636646819886,-0.35032003567222963
4797,-0.9576677536471929,-0.05008363104342184
4798,-0.14103992749589883,-0.5107212999013228
4799,-1.1353490355854934,-0.31477332225240784
4800,-1.0294155697094136,0.44451696122856743
4801,0.13502907758725505,-0.2260488169082375
4802,-0.014735187113425356,-0.47102832479489043
4803,0.16057060913957558,0.2747688608766366
4804,-0.6535873506247334,-0.31034799658362555
4805,-1.365771907133583,0.1516813303952453
4806,-0.4274613097701681,-0.22604196118000935
4807,-0.6988893679920523,0.15578010505324832
4808,0.05019575714323097,-0.1685681492880113
4809,1.1903034454285177,-0.09459382931692076
4810,0.28104432431293996,-0.3173613761216598
4811,0.12214508258460649,-0.46755902185021286
4812,-0.24687346123949375,-0.29900425729229485
4813,0.2854092570302134,-0.4804856061418819
4814,-0.5050812960366499,-0.3224081213394773
4815,-0.22709524647896995,-0.018212689261551472
4816,-0.3246114437801639,-0.44908824956234406
4817,-0.1982987502090741,-0.21829374800993903
4818,-0.35679117638334973,-0.42585745852796814
4819,-0.8258760154271443,-0.25609327473973226
4820,0.6348824336845482,-0.08287777403988356
4821,0.9087155875669601,-0.34442639558901156
4822,-0.5153856715309192,-0.3678609764486504
4823,-0.6053019192119556,-0.23507465387300294
4824,-0.7849077684777029,-0.16530469529279465
4825,-0.31758594867803486,0.24189802352602455
4826,0.5857882912219627,-0.4349164188438294
4827,-0.7132855854032755,-0.01961132466313652
4828,0.3628428833686776,-0.19002027818158454
4829,-1.26370759452299,0.5250162312038676
4830,0.25979472949577664,0.4348159224612923
4831,-0.053489667979952735,0.05068456242765672
4832,0.8202413757548402,-0.25064381714629835
4833,0.5452256655446314,-0.21636000745822373
4834,-0.8961387819593863,-0.0813384798395955
4835,1.1395809969256119,-0.1851932990091769
4836,1.1730763010786982,-0.17879815094933366
4837,-0.014957331157157496,0.3550274681790181
4838,0.4809891272794081,-0.2568384685005522
4839,-0.8940362035430224,-0.07776146196873913
4840,0.03486572321269435,-0.2648007230406972
4841,0.5331770345898152,-0.48091413178456704
4842,-0.7400548621852384,-0.2563449155010186
4843,3.0312671063233716,0.6143776705927432
4844,0.14835213632564895,-0.327359018686165
4845,0.4169833520137086,-0.4088964845336048
4846,0.023866508664012222,0.20008067825790105
4847,0.107363902201313,-0.41641608927504103
4848,-2.560609077106161,0.519203288566653
4849,-0.14865657933165022,0.15946174677203667
4850,-1.9268850015802876,0.2198162136740389
4851,1.986362104015161,0.06291266856294232
4852,1.7098025469254103,0.08473267365272782
4853,0.5313935277655489,-0.19597399826916537
4854,1.7719889670701072,1.8432224711592604
4855,-0.4607340630068409,0.7756661686285166
4856,0.37164169040163514,-0.2720616460308364
4857,0.49553952821592423,-0.18111961353321618
4858,0.8790232895032382,0.22104491506766816
4859,-1.1945976839351058,0.7971170296667448
4860,-0.4722348551562189,-0.29413371664182564
4861,0.7328677730720369,-0.20399622583611862
4862,0.40620551343063155,-0.5006075025758434
4863,-0.9959428697024748,-0.2764043432957339
4864,-0.1869002674757306,0.03602886481283234
4865,0.4656355238578557,-0.44967185697729417
4866,0.72416052647036,-0.49668749160175374
4867,0.6885513819997682,-0.4088533110447742
4868,0.24431878174506955,0.22586013475824895
4869,-1.004142919282345,-0.13033034276378488
4870,0.4622926084980979,-0.33977243917557365
4871,0.5676885837241106,-0.0732029939611127
4872,-1.31546391867829,0.3928822328008881
4873,0.02484394435219828,-0.0708851456232182
4874,0.15839574354113964,-0.4964115466616129
4875,0.729473768753468,-0.12650428564915267
4876,-0.4535573559135741,-0.32288358305302445
4877,0.19162576355258776,-0.3228475103673102
4878,-1.1517034174367702,0.013556758828784637
4879,-0.4716741349429395,0.6477409969296183
4880,0.36383095654431136,-0.08040394466205085
4881,1.3265758147037878,-0.31714724655070575
4882,0.5376302170438708,-0.2393342763243662
4883,1.1054506523198595,0.041814877876632794
4884,0.3876751784673578,0.17245253318677845
4885,0.3073910493997116,1.24155900115584
4886,-0.4831459696386582,-0.03492104831326744
4887,0.3090618027074933,0.4288894111166989
4888,-0.435735755182903,-0.3793440988417823
4889,2.468032803303333,2.1237583682794057
4890,-1.083098398938531,0.4325802880572581
4891,0.49085533779071555,0.23819315949036166
4892,0.6468534898973298,0.8892811222041472
4893,-0.4675637961553849,-0.08046582086998667
4894,0.17486064682330038,0.16563008894403125
4895,-0.9370884032909514,0.33929450151756774
4896,1.6589405164926672,0.3583991574925779
4897,0.18415211959151975,0.21495551937314908
4898,-0.7001831198579329,-0.021864841917693795
4899,-1.3397663219452516,0.3579161732095099
4900,-1.9210965758912528,1.62933511004561
4901,-1.0213646340533282,0.9773455527858933
4902,-0.3931045160728157,-0.020614581429149938
4903,1.035625414434838,0.27909910801214516
4904,-1.2992077064093168,0.06339828323363549
4905,-0.22238775902244626,-0.28169917912156955
4906,-0.3551928128499507,-0.1385480478223723
4907,-0.3336520124844038,0.265493433992006
4908,0.07162552347478073,-0.4154809357825904
4909,-0.8106401744510839,-0.21389242536797856
4910,0.3305578170817904,-0.30995887613248113
4911,0.7622056754652629,-0.18530505871760589
4912,-0.6769372536158133,-0.40184644349606197
4913,0.6995928167875989,-0.26645223212179153
4914,-0.10294010454121678,-0.16046209422611227
4915,1.17435801653861,0.12903625569740904
4916,0.5150489438739735,-0.04941400357039596
4917,-0.49409405496673986,-0.24959274061303446
4918,-0.2095603688377653,-0.20901946117723447
4919,-0.27567144274124944,-0.46256056378178734
4920,1.470182919173103,0.2800956023442873
4921,-0.922527392773248,-0.21572253436073022
4922,-0.25899358479851525,-0.32782547706688414
4923,-1.0846253980138973,-0.16249141289605093
4924,0.2773227868421372,-0.528416488928267
4925,2.3875943352825915,0.5787688120198442
4926,0.0035788727576681672,0.66499438907318
4927,0.5855654339187536,0.3124856644556058
4928,-0.36635426500840346,0.11595811297600113
4929,1.055675424155392,0.2021144539785896
4930,4.348695894230855,3.083433822113568
4931,-0.42964436873422196,4.288816939075775
4932,0.4893017104270447,2.253591502075103
4933,-0.1644539987773903,2.6794842850915255
4934,0.470107027085676,1.4321043934015527
4935,0.7350891730443511,0.8445537038382153
4936,0.6741905816647447,0.6936543308541804
4937,2.1012236681963747,4.520235416894406
4938,-1.752154646803115,2.438931298208355
4939,-0.7440824391839671,2.69505685156387
4940,-7.324726251179502,7.890967984567518
4941,-1.0095490459512633,7.309177257037248
4942,0.16784160847491802,3.1211065482051623
4943,1.5547346364348693,2.098160078556478
4944,-0.8347550853264329,0.276042226925966
4945,2.849574435001661,1.3239073661454162
4946,-1.7546074344414218,0.7425462318960544
4947,0.23600924030686574,0.0033449240973081194
4948,0.18032268173432847,-0.3826383742378715
4949,3.0131135820096033,0.8772825565555624
4950,1.6280675074784725,0.5059449312695413
4951,-1.124926948474088,0.018165925886464186
4952,0.06717358690446519,-0.2846164189281167
4953,-0.7375242726761031,-0.4124891474940429
4954,0.8822443871632977,-0.055464602115229716
4955,0.3374971948874914,-0.2573121809633343
4956,-1.0965929674023802,-0.2190065104068057
4957,1.1529838265395718,-0.2282567953332607
4958,-0.1756755405601912,-0.3547514943615534
4959,-0.012750658506688495,-0.3578211847222626
4960,1.1945500320970008,-0.27616075712989674
4961,0.8247204790510964,0.22989020811498762
4962,-0.020146230837659936,0.2634707007273359
4963,0.9348308627631942,0.4771236833291041
4964,2.2076620222298855,3.28547970640707
4965,-0.447733731448943,1.375484078155387
4966,-0.43350425980693286,0.4574091381414256
4967,1.5182697284138584,1.1705292769953626
4968,-0.0412624434662469,0.5306768174403826
4969,-1.0642629388150626,0.9469751347377594
4970,2.6586915386540313,0.5795411700502614
4971,0.592477145396099,1.5989665377333875
4972,-0.24446355325567887,0.04842055625455335
4973,-1.1002361477779146,0.4457169345585368
4974,0.3661641897523523,-0.21878228134990912
4975,0.7074099697120972,0.540757643734995
4976,1.0644595179286533,0.24245093804638454
4977,0.02414301127084091,0.9667783377501568
4978,0.14196209931593867,0.30698554027646596
4979,-0.09990271187875215,-0.00919308542109825
4980,1.2169733872823554,0.6021182160724989
4981,1.889956239499873,1.512746409594937
4982,0.9972777018189132,2.755726075887196
4983,-0.721408513141055,1.1767112554234496
4984,0.09038114690584384,0.10162951703897245
4985,0.8580857407227949,0.2108383335095415
4986,-0.5142769431793446,0.15199690090002194
4987,-0.7308350307569025,0.3019725287236979
4988,0.7312052316259919,0.18674138868046522
4989,-0.43573764345900484,0.14062133989918907
4990,-2.287972872271689,1.3833886870582384
4991,0.4651317042050243,0.10495455630784627
4992,-0.6950967708641883,0.883374347302476
4993,0.26575189230598895,0.1937820160906674
4994,-0.6146017747231771,0.5038929120290573
4995,0.856104964308237,0.24620797333060015
4996,-0.2770199034518873,0.4409283719768166
4997,0.9728877158857858,0.6443045530640024
4998,0.601701180256239,0.5730707601534716
4999,0.36186958185307105,0.4048568423470861
5000,0.19894997142377627,1.381845194364559
5001,-0.4144985790478185,1.1905904909508083
5002,-0.03120547485774034,0.45053869674272734
5003,0.3238729603399684,1.0554879835945576
5004,1.5779874879519025,1.2644554553097398
5005,-0.7635940383790125,1.0476132260854616
5006,0.21556673817519634,0.2145249279781764
5007,-0.5198994665913178,0.7595819459450205
5008,0.5699516428992648,-0.13901047903204536
5009,-0.20767760509400512,0.06433402248904338
5010,-0.29107925774246846,0.30136074494733767
5011,-0.4033680187195933,0.7508027991665966
5012,-0.6996019242293252,0.11263055911565463
5013,1.0057976668407251,-0.14516937007407843
5014,0.6484799819336443,0.471170461177573
5015,-0.7568360395932779,0.13726660998666937
5016,1.5429643185359814,0.15998580960122769
5017,0.15140909440731962,1.1680443492657724
5018,0.591703304873014,-0.13068752865129185
5019,-1.399876501011784,0.6406399177614185
5020,0.70934142199658,0.07034778985491828
5021,-0.484001479414083,1.091804616500766
5022,-1.1105743386578926,0.596898285924196
5023,0.10672556300992798,0.32580437299026177
5024,1.5334014386686794,0.9339089145563431
5025,-0.4299299923654722,1.2611034497157558
5026,-0.33912798647673914,0.8815387600056738
5027,0.30145418847140937,-0.07316350889055283
5028,0.3314250257857616,0.5246965294531036
5029,0.8811280238512107,-0.09485073049568893
5030,-0.9736065843380226,0.3700563521694234
5031,0.8756639317810206,0.056221293148180945
5032,-1.1832843800878745,0.7694974714739432
5033,0.9015330851763445,-0.02307515215422193
5034,-0.9036364677461086,-0.021856358759048747
5035,0.33812171354719855,-0.4900235080523979
5036,1.3060063944783529,0.09909710965027363
5037,0.0798544019391934,-0.3067758741963617
5038,-0.7053591260885659,-0.33844786803209354
5039,-0.19499125853345872,-0.2517685415576809
5040,0.8180313013185473,-0.1303614191757851
5041,-0.11433629249453574,-0.3025602379763996
5042,-0.14332529827590573,-0.4307788862395872
5043,-0.015553355681230957,-0.29096438252094553
5044,0.09106194670019443,-0.31886689454560563
5045,-1.4444719960116617,0.0813258947332493
5046,-0.3153775951804215,0.18908980872435524
5047,0.6344373261205836,-0.28670526451078115
5048,-0.6977442256567608,-0.06261755096989374
5049,0.14556649935787688,-0.08658897320534907
5050,-0.14296932293286257,-0.06504814306064086
5051,-0.41955028273985057,-0.35438995604767615
5052,-0.9158635351624034,-0.17541235039785166
5053,0.907071581823062,-0.537633786365205
5054,-0.2388685251231758,-0.4913176473382045
5055,0.9809133031526792,-0.024435911311645474
5056,0.08252461325854968,-0.4369607640688652
5057,0.4837915806158826,-0.3096158708199377
5058,-0.9352953944933013,-0.32189037855481495
5059,0.9320423367533999,-0.18605228166242604
5060,0.2792010874742795,-0.5202439829168426
5061,0.5415344896221703,-0.2785826615208247
5062,0.5576295749282945,-0.13637704947616083
5063,0.8240153691169209,1.2109359584860502
5064,-1.0358008483753836,0.5656142421335425
5065,-0.07311661308772277,-0.18850546818883576
5066,0.6125243759716104,0.16134420713257908
5067,-0.3023568775711809,0.023671401970850655
5068,0.7158862781642529,0.6482224283857311
5069,0.32174533705607666,0.5112294904115862
5070,0.3584806524201069,0.23994993098557582
5071,0.9509891751375905,0.3195459482252248
5072,0.48543101182310666,0.3424824295023063
5073,-0.4799183566297605,1.1655001649587928
5074,-0.4297596990668011,1.0162014615314559
5075,0.23314356004089423,-0.07654085980702799
5076,-0.5186985032950847,0.26529771127977925
5077,0.5472805364651464,-0.2247155722758982
5078,0.11711082626727831,0.07138796042239105
5079,-0.7360225960995076,0.05296336391476222
5080,-0.8662624569810126,1.4284932688760166
5081,-1.0039160004297276,1.0960176501199725
5082,1.0951683634343352,0.365200790094075
5083,0.22393761299630974,-0.13232764672488537
5084,-1.3949028894476447,0.36763818606694654
5085,0.41292187811555564,0.5198629768809251
5086,0.5980843545533583,-0.26687853732671146
5087,-1.3473010736167959,0.5667606552994974
5088,-0.42180076471270533,0.8930649871702768
5089,-0.04625055511781957,0.4361699341061893
5090,-0.7348422905648045,1.7492180557127444
5091,1.575612236343555,0.24977775462745924
5092,0.1459623054057868,-0.25337623432733475
5093,-0.4817641236692867,0.17269167354372886
5094,-0.446219443587979,0.4711053532402072
5095,0.7683670133889129,-0.2850598685011468
5096,0.32553308387108587,-0.21615269035312631
5097,0.7667381365502592,-0.006062952315114881
5098,-0.1744692163738039,-0.39638091967685746
5099,0.5603150148211236,-0.04707491128174945
5100,0.24163428558292196,0.69894579313723
5101,0.3620020573655997,-0.41752476176445846
5102,0.5375755147698269,-0.37180381914767274
5103,-1.9694550022484785,0.5470218545438996
5104,0.12183686703508138,-0.3722862862760206
5105,0.0207169003296246,-0.24066359949713895
5106,-0.016034239686510864,-0.5259172901308219
5107,-0.7792220299172428,-0.18939885235257767
5108,-0.5910166567252604,1.0468437883667239
5109,-1.9665680918824595,1.5173197050928087
5110,-6.829488772297465,10.491916299765101
5111,-3.7520484477183036,9.705422152899654
5112,0.8457666535247256,8.531709739189607
5113,0.8894241032560948,3.79563460542743
5114,-0.2301133396266644,1.9625880157878333
5115,0.06021036371266256,2.7030514162005885
5116,1.289508116895793,1.528750937820189
5117,1.6835840797889619,3.9125238579651778
5118,2.1233227618704635,2.3931364743720405
5119,0.6232368468714942,1.7896036771590986
5120,-0.9606137740617813,0.48418212870848104
5121,0.8204726938490368,0.7792042057837344
5122,-0.08823021807402599,0.6942545009104809
5123,-1.6460072892857178,1.1785412875533376
5124,1.0428605584488766,0.2218317314995594
5125,0.18142400531599723,0.08456602571750667
5126,-2.224519434858014,0.6400283034330111
5127,-0.7735480157190995,1.108878187166635
5128,0.7283431449991713,1.927275040299808
5129,-0.8483805366961716,0.19023852294899535
5130,1.7143236612829826,0.20549508233942518
5131,1.4209726886481484,0.7917277039277769
5132,0.8575329348188628,0.07403873164548594
5133,-1.8766235508484739,0.0197185617851627
5134,0.6834696073072619,0.018649483016908715
5135,-0.6184945368605357,-0.2153932592452503
5136,-0.668489757996984,-0.019931175633446603
5137,-0.3865802948649604,-0.35604707918400164
5138,-1.0077397287772498,1.048891459821328
5139,1.3457532442508546,0.4481020378317752
5140,-0.778104568395127,-0.2816395944752897
5141,0.1790062724463292,-0.4736865243329362
5142,-1.052990104197111,-0.01929063021391496
5143,-1.2462455781784856,0.07060589614256951
5144,1.006361100893441,-0.3974302798221964
5145,-1.4070292590256868,0.10866255754370148
5146,-0.43532453924749137,-0.17759281554840878
5147,0.18262132008672274,-0.048617251127714534
5148,0.4537843711234133,0.6380533498629175
5149,-0.29323143523753376,-0.2641209216867547
5150,-0.7760632350688489,-0.07830159229571493
5151,1.0854370844377665,0.06690825975057262
5152,-0.826276711568558,-0.3675763322751706
5153,-1.5271209590442305,-0.028262279250188448
5154,-0.7190186202114787,0.37013891512040503
5155,-0.51705988806263,0.9693470882963107
5156,-1.48728171564371,0.3424854055604576
5157,-1.6459573436937915,2.170138837347545
5158,0.6553142228479696,1.3998786679434756
5159,1.1328974497637412,0.9854919617577805
5160,-0.7066252505173849,0.5299632832599471
5161,0.9966865166137854,0.27525672037900856
5162,-0.8829674994068956,-0.057194088477900876
5163,1.0250066917938752,-0.04878347533374809
5164,0.8727502546610265,-0.30749581216788024
5165,-0.20739321423457874,-0.27781977484852716
5166,-0.6916348643557619,-0.3813568998388211
5167,0.8367521501061195,0.1370141923043002
5168,0.45934904323848663,-0.274744388875038
5169,0.47816482253933984,-0.4778385002209617
5170,-0.02905152278922428,-0.588415183939468
5171,0.9174117445054809,0.12389672621959949
5172,0.616986317999362,-0.14439413877666796
5173,-0.8269273854762748,-0.1682147761877155
5174,0.5403019315445319,-0.527304938053537
5175,-0.027287807856895628,-0.30287107612120573
5176,0.5706775920081588,-0.0863297167117852
5177,0.2194790115579872,-0.5254239797338979
5178,0.08253304176220358,-0.41995648966199184
5179,-0.8415218034347492,-0.07381812075251631
5180,-0.023705185855131004,-0.3685413425373877
5181,-0.3948101092712644,-0.47228667721756085
5182,0.212983994441116,-0.4822851524933919
5183,-0.006339365223171012,-0.46128268819259943
5184,-0.28372164431284763,-0.5827638246213137
5185,-0.8464639048191084,0.09928187397243583
5186,0.3163364538181292,-0.42322019111133996
5187,0.9815315166268337,-0.129732149317237
5188,0.12695026219798866,-0.41392498439934955
5189,-1.0072941197251886,-0.2759392928223673
5190,-0.576598354049583,-0.12284207472474963
5191,0.6440485992727285,-0.11542677906533855
5192,-0.09824007455300311,-0.23962366894222145
5193,0.7388075337251168,-0.5925313243821616
5194,0.9903177393331909,-0.30474457581570813
5195,-0.27546273106076535,-0.32201878357355374
5196,0.5942949380125997,-0.5060527048980709
5197,-0.2438978881830515,-0.541564404312718
5198,-0.4768382601985443,-0.3991151298483868
5199,0.05727457693829582,-0.3997165176056074
5200,0.9731065090922435,-0.06635038112445135
5201,1.7010212387356827,0.7374821398814594
5202,0.4190206877317151,0.16669942535102972
5203,0.3487170613640882,0.41202360263894344
5204,-0.07430503321765249,-0.08383048481942566
5205,-0.7410395702497857,-0.2130133915041721
5206,0.05906937040830908,-0.5119952140480941
5207,-0.847375330127537,0.03491080079449145
5208,0.008408207597221416,-0.3528109840053803
5209,-0.08968821679464295,-0.5685090910010664
5210,-0.06374052168051354,-0.4236828814098471
5211,-0.6027311446230698,-0.3766404260490759
5212,0.5537446881798668,-0.30758757403991405
5213,-0.519139972223713,-0.17111224793628538
5214,-0.6333710252840491,-0.23157499300492237
5215,0.6733903717403907,-0.2780327222751948
5216,-0.29656744351306014,-0.4758263612476874
5217,0.6225452567579073,-0.3176519557119316
5218,0.5059454092000111,-0.5245120881561219
5219,0.41764349647635646,-0.31786960382613694
5220,-0.9096749312951387,-0.4324421199186667
5221,-0.32463973544697033,-0.3706258294997769
5222,0.3149515990859666,-0.5040123653924431
5223,-1.170488576139585,-0.2172820765875454
5224,0.18658767483647057,-0.43643089752766023
5225,0.41402486774173025,-0.41749866990324597
5226,0.59917570755235,-0.35596497273387556
5227,0.6202176058269333,-0.09727155208107115
5228,-0.5111400398856432,-0.44381361206295444
5229,0.036959204577444525,-0.5759666523409706
5230,-0.23990435787642356,-0.5468446872408486
5231,0.684558320959263,-0.5685733447069371
5232,-0.21736106803493263,-0.5306361309702948
5233,-0.65833400011133,-0.4971998256320535
5234,-0.5867732996519385,-0.37246988999801794
5235,0.1286470862293803,-0.41968500242517726
5236,0.026115594235704226,-0.5489158904410716
5237,0.05482426793934562,-0.5906874875926656
5238,0.3995156394750227,-0.6020109226041743
5239,0.03234724943520501,-0.43702184978370445
5240,-0.10869146743888733,-0.6089982841016213
5241,-0.03206684717068977,-0.636196311063104
5242,-0.24147096621719566,-0.4139562665500825
5243,-0.34337235446965203,-0.31820505966460616
5244,-0.806121051021692,-0.1341563771151613
5245,0.3965693389944336,-0.5004791327727873
5246,0.3189049967029766,-0.5400264237062656
5247,-0.6792805922547497,-0.4467928069697324
5248,-0.6001444426318365,-0.13879306448546883
5249,-0.530130054696697,-0.38714484562371615
5250,-0.48015957526616754,-0.372576075527995
5251,-0.37138747100225294,0.07925692717636629
5252,0.1419418935250991,-0.25818859079168094
5253,-0.9319623875826045,-0.11503015807235506
5254,0.39575808846485105,0.0007726711913293152
5255,-0.024944440058659083,0.2848646248838627
5256,0.3616910586711362,-0.49178907508822994
5257,-3.194254146997361,1.9689383553052027
5258,-0.28362615651581474,0.8562088264762464
5259,-0.744157725477516,0.5381609868351352
5260,2.105429383329673,1.2098313828184062
5261,0.4616898404356586,-0.14672041862133783
5262,-1.1439190118449043,-0.32004211431282287
5263,-0.43222486169063257,-0.08280894708864729
5264,0.9614684818244548,-0.3707573789687684
5265,-0.29414302526443104,-0.1857562218153214
5266,1.0331590662486843,-0.415951499040482
5267,0.885380675945889,-0.3075780319594183
5268,0.010533327502594945,-0.5222139862801936
5269,0.39667510392852984,-0.4870970746218633
5270,-0.4041992598486603,-0.521116182832683
5271,-0.810048303135061,-0.4497372613258094
5272,0.15964207284955695,-0.5491278323673359
5273,0.9162050525080947,-0.5137570278024206
5274,0.5651836139319375,-0.5379823788679069
5275,-0.5364251706851882,-0.4895647659274369
5276,-0.14203902148560538,-0.6185619397905864
5277,-0.2870062660305906,-0.4959240877651597
5278,0.5243468626142022,-0.5858271880054736
5279,-0.6198963278696565,-0.4395762321278152
5280,-0.026326592057912313,-0.5515356943186096
5281,-0.196976354178334,-0.6299442597483391
5282,0.015882625222993677,-0.4579880326920855
5283,-1.0993887445142823,-0.3301522675098698
5284,-0.7416912936915341,0.3575225716914369
5285,0.20217353018646755,-0.37106660705848227
5286,0.29176330455734845,-0.48686329178589216
5287,-1.1745621976056504,-0.22937214863873098
5288,-0.3274621410021901,0.06916674652661181
5289,-0.19031702816080312,-0.2723884745772095
5290,-0.776579631103602,1.38923819417911
5291,0.31787849152357256,0.17839097646399477
5292,0.13319405235554663,0.11246473646433397
5293,-0.8860620844564732,0.07965081154544712
5294,1.0312806712288058,-0.21182869566632942
5295,0.15163569295664941,-0.1910420501848063
5296,-0.4777831051650266,-0.4557695350553839
5297,0.41768880344630027,-0.43626947872897603
5298,-0.7100634577057287,-0.0580443673626843
5299,0.9705696784189213,-0.18767645926696094
5300,0.15807616557320114,-0.3855749758325056
5301,-0.49671766458052086,-0.42796862660643464
5302,0.4455759006545552,-0.5570250923358206
5303,-0.012261193948435153,-0.31540903251040336
5304,0.7829891470097179,-0.21427725294026204
5305,0.0022831924230496733,-0.5360975712262673
5306,0.44521422974921193,-0.35731980848293693
5307,-0.676109980538899,-0.13215562309921383
5308,0.8233805525593592,-0.4298233993404701
5309,0.3229201166189285,-0.3603780233392069
5310,-0.44617061070595804,0.02047153856155117
5311,-0.19397715770176002,-0.3999080605381631
5312,0.33092739439844066,-0.4014277051388328
5313,-2.258066368128656,0.32956228870806664
5314,0.5567803181744342,-0.11419232966762644
5315,-0.879189028264226,-0.002253590204838197
5316,-1.8755193098338783,1.493153374970075
5317,1.692135595270224,1.5845755534993362
5318,-0.3015959473967664,-0.030189239996143983
5319,-0.419178979583065,-0.17225325999384483
5320,-1.0506488289291651,-0.08644058745813579
5321,1.8863915187544933,-0.09446341567662783
5322,0.1989837497337777,-0.3590185668896427
5323,0.49048154544032097,-0.1833793595599271
5324,0.0760775450883246,-0.5181950030949594
5325,-0.3342872836022272,-0.5354659511293732
5326,0.2907627016010795,-0.5861450924671809
5327,0.3496215299658259,-0.5652955735777534
5328,0.6850537420347294,-0.4046457002697163
5329,-0.6282117497599962,-0.531861796534283
5330,0.06409964225346916,-0.5922731038668104
5331,0.1268338532826245,-0.45403202543347954
5332,0.6711593424611031,-0.5751689274433255
5333,0.21187061757755754,-0.5030170418227343
5334,0.14367926252731544,-0.3462967542205566
5335,-0.8306595821555749,-0.3799889409386256
5336,0.2209863859760994,-0.32470874361513397
5337,0.360522428438295,-0.6057705343733925
5338,-0.3136546990069932,-0.5824079948075948
5339,0.8562289800792838,-0.4605430238665838
5340,-1.4407653879831925,-0.33228497339172713
5341,-0.2556158005668576,-0.2966555922032686
5342,-0.0014177314054937935,-0.5554841618571598
5343,3.1448633666650596,0.8962486271152542
5344,0.4715165460103116,0.7222833785796786
5345,1.4290677302963595,-0.01458124636748409
5346,1.229259142267253,0.5582816492555328
5347,-0.6555370786071762,-0.04027737256232862
5348,-0.7046674170090761,0.07311612642128187
5349,1.2718518776433867,-0.0406257215672644
5350,0.2355604339428618,-0.28737946554578775
5351,-0.4923671536252664,-0.35494374903383763
5352,-0.16882681905163846,-0.2543276637457207
5353,1.5111106089923934,0.37242050007236116
5354,1.2760451731241473,0.5695972883942126
5355,-0.7935480413995316,0.05338300696036298
5356,-0.15876307488864852,-0.17849431574450197
5357,1.1321607203091992,-0.19590311929273674
5358,-0.3603601423783157,-0.32786342278883707
5359,-0.30688092481533863,-0.12733550076249772
5360,0.050271745486519,-0.46674514942324413
5361,-0.8338129602202659,-0.3355015967612036
5362,0.30347750853621136,-0.322755139128368
5363,-0.19922297664264033,-0.5857948472109282
5364,0.8846565924635533,-0.18552429976254303
5365,0.29964521777810055,0.012102671847587641
5366,-0.012734704917999192,0.06755975803555535
5367,-0.15815491893043374,-0.3790714373458035
5368,0.3463953773874722,-0.4466937208132952
5369,-0.3246098101627023,-0.5350953005436925
5370,-0.11893673658335441,-0.34318196160309206
5371,-0.32735831808868004,-0.4409204198184415
5372,0.5941500028873441,-0.29077416499158854
5373,-0.12557920805068806,-0.273545574918177
5374,0.12846877331300202,-0.5848146092984492
5375,-0.1915336609803879,-0.4963836185186294
5376,0.5340098233191253,-0.23465305507666875
5377,-0.6849520341543439,-0.2389248449744097
5378,1.257065375201046,-0.21862404656989134
5379,0.05552094025041345,0.45934154317345344
5380,-0.13882293647874155,-0.051319177128149734
5381,0.4911727051370206,0.0696093499057653
5382,0.43154432242323393,-0.3855088527067233
5383,-0.45426450103610116,0.09231107389879815
5384,-0.5316560120828063,-0.30363244887777624
5385,-0.6096282171148972,-0.08920306607879963
5386,-0.3276474679133201,-0.22360598354565353
5387,0.6351319707188179,-0.42509612471967145
5388,-0.0017322474330514204,-0.38234933108030356
5389,-0.8833088297111625,-0.10145617683063811
5390,0.022888829366120786,-0.33777914822409855
5391,0.05993037457748472,-0.5397698294815753
5392,0.33066935701447137,-0.5685641552523625
5393,-0.16041323643398545,-0.6320790201297598
5394,-0.8449612145259955,-0.3774212362491957
5395,0.07688855144398765,-0.49965164550031255
5396,0.13592192613363832,-0.5539772386354325
5397,0.2106988544307542,-0.3729705929359921
5398,-0.10987893979364785,-0.48941288618640755
5399,-0.4821687539201821,-0.5075264680368687
5400,0.24551455415902773,-0.48116171516686895
5401,0.24407851511247425,-0.4249255924548845
5402,0.546071132373353,-0.35014381263103833
5403,-0.3080570862830791,-0.13587406005140815
5404,0.04690322691869999,0.12767669486505426
5405,0.007329923770658322,-0.17548517178746834
5406,-1.2923233132723917,0.9796282073485298
5407,0.7334387009794806,0.0846493549259622
5408,-0.5234056266101719,-0.25044087245546626
5409,-0.45316814865696997,-0.28379312770282505
5410,0.39392678338913384,-0.2243927868882652
5411,-0.22886110716924496,-0.4441456405936595
5412,1.2643170532695798,-0.34028612821449683
5413,0.7466094697003907,0.9176236311269583
5414,0.1926281769337731,-0.11725080106168878
5415,0.2334076945579526,-0.02373820949530279
5416,-2.654765857847408,1.2379351454891079
5417,0.8380206936637518,-0.056331142041167376
5418,-0.6183852305215768,-0.027916411730817506
5419,0.2559838947012927,-0.308818683713128
5420,-0.5634490683176028,-0.17231624095367384
5421,-0.6262830574706071,-0.05191651466793648
5422,-0.2596028434173158,-0.006718081115389533
5423,0.6599855147281882,-0.32695504702995026
5424,0.20202560388097826,-0.4195746147536337
5425,-0.1508657774080479,-0.5137482363996747
5426,-0.9107287143138934,-0.4760705427699221
5427,0.088153201160008,-0.4311144560484356
5428,0.24259767957225103,-0.5034773142117583
5429,-0.35634419866720046,-0.5867289640771655
5430,0.2578725617197566,-0.64144595863595
5431,0.6038484997860918,-0.5599895485364168
5432,-0.24902064419709322,-0.5757383272188903
5433,0.9175559054959976,-0.23448516028779565
5434,0.6773348316010086,-0.3148406192325449
5435,-0.8416381920698055,-0.4645031490550803
5436,-0.01924122977589258,-0.4764608664591299
5437,-0.34670882931485525,-0.5820766805506661
5438,0.5836308938650648,-0.5908743558971963
5439,1.2691386818891204,-0.3303552780710485
5440,-0.861190140398242,-0.4404100147534515
5441,-0.27451718445652584,-0.5918645940647399
5442,-0.7235097950850607,-0.3579150916838419
5443,0.2251760368473902,-0.5398552071931855
5444,-0.32147618158177366,-0.5215823442121006
5445,0.5389669787788347,-0.5460778686123045
5446,0.3814480664615049,-0.4597974212327103
5447,0.4547471503716845,-0.5351711468437739
5448,-0.80621849085039,-0.304194689423743
5449,-0.7828066721150608,-0.3931558014170704
5450,-0.35691120007449795,-0.4663902766139231
5451,-2.56770453948988,0.9422992533584158
5452,-1.2243859171944562,2.745140317232731
5453,-0.10961929959210531,-0.283428092433682
5454,0.3975180783808174,-0.28458651623004183
5455,0.3906774168287079,-0.21919131691894858
5456,0.8284412352177621,-0.4063980465749485
5457,-0.19038766161838364,-0.43045636945151505
5458,-0.7766380708976811,-0.2080052527217301
5459,1.7992636288495458,0.5690815723766213
5460,-0.21936017860238388,-0.3600212029231578
5461,0.255165412820303,-0.45585378968544576
5462,-0.20908288868741592,-0.4441715999919168
5463,0.19461580133505232,-0.4970149824046998
5464,0.3419236779587327,-0.5222576054159045
5465,0.034364731389602415,-0.4026647640720893
5466,-0.544790226611366,-0.23259856818283134
5467,-0.25817392100825365,-0.29417103052755256
5468,-0.7861822051514895,-0.2470273088678099
5469,0.7252467019368544,-0.37596147593377244
5470,0.7141955625193045,-0.4978653743407632
5471,1.7320536916917835,0.4913618719169042
5472,-0.13114096547164686,0.1252630565799583
5473,0.5262286364562094,0.08629949668954655
5474,-2.198070357030967,0.7608929112219001
5475,1.08466550732096,-0.4125390253560681
5476,0.20033245724976725,-0.39571482794509644
5477,1.160148289926784,0.12504949499025672
5478,0.08487374626341238,-0.24335881132081347
5479,0.8555394800739466,0.6153534773101993
5480,0.4541210389525681,-0.03330880972704997
5481,-0.3473920117314437,0.11505884878397678
5482,0.28394831819578203,-0.22234113982081308
5483,0.06716648474961069,-0.31059336045833347
5484,-0.9350607383022558,0.550457894956096
5485,0.3344890250714739,-0.28370307368425424
5486,0.5642470449170303,0.070679845425562
5487,-0.13233023972501679,-0.1630732970129131
5488,0.09916089059539415,-0.34638296475692726
5489,-0.3646791557916684,-0.2837492975353332
5490,0.186701499218601,-0.5381507936840599
5491,-0.31706731944745176,-0.19859374671959384
5492,0.128877641725782,-0.291312032902329
5493,0.1583425492161249,-0.5067217938514696
5494,0.13439240229969873,-0.4394395816790854
5495,-0.08357376157493224,-0.167805114382603
5496,0.7405764487086173,-0.3555040740780664
5497,-1.1771043564724193,-0.24754517072443097
5498,0.6152359672593383,-0.4060281673823636
5499,2.5059928745059215,2.642681524058696
5500,0.26362038071382843,1.8704451916415068
5501,-0.8445305693565061,1.3106559269367966
5502,-1.0723894500737607,0.633640382573448
5503,1.331274264857198,0.9043136961287209
5504,-2.1198385564446776,0.9120016181666635
5505,0.16963077527488274,2.110543328460389
5506,-0.5743627166812445,0.31991103734395365
5507,0.5304108088165277,0.20464401688978368
5508,0.5459508075221282,0.00829101225784564
5509,0.9786766758686829,0.04586163171804143
5510,0.4339774095065409,0.1266184277358214
5511,0.11644715689921824,0.067502848770565
5512,-0.30131820771692447,0.04338241776156359
5513,1.2481429947807952,0.09577315034738917
5514,-0.8825463835041966,0.07919063430543268
5515,0.0842380111410046,-0.1595387068726315
5516,-0.3111107578919109,-0.27524748851699465
5517,0.8325957647881056,-0.27059068358175475
5518,-0.309233075958692,0.162329562726195
5519,-0.2149558352172322,-0.3858355087087937
5520,-0.6054774985082053,-0.17729178756169348
5521,-0.37956719011409257,-0.3475730204012823
5522,-0.27622933009328937,-0.38412231340766745
5523,-0.017666328516894654,-0.154141741609791
5524,-0.31443505311989084,-0.555389992304806
5525,0.3987447580895146,-0.10511630887991628
5526,-0.31927838287982324,-0.5667978333674529
5527,-0.12870950001085588,-0.5425187726617969
5528,0.2544889893642947,-0.609390839354147
5529,-0.5502295715431321,-0.5010714085980301
5530,-0.09061113149418146,-0.474810074979829
5531,0.6557219991213619,-0.3857402601446511
5532,-2.1132856920099123,-0.0011664783332751315
5533,-0.5531121239146295,-0.12999130649049115
5534,0.1504318889112215,-0.5603544791207092
5535,-0.5391846294184155,-0.06286969741376235
5536,0.13465180134306606,-0.4020878414180617
5537,0.3324751298746176,-0.4629337328818962
5538,0.013637662514805257,-0.40195850406264383
5539,0.030730209696933023,-0.4853757569387445
5540,-0.5694998515278734,-0.48660842692480666
5541,0.5136384832862246,-0.5266833502723547
5542,-0.14760293058643117,-0.49497475207939146
5543,-1.1048855418807664,-0.045438793410406894
5544,1.2076446051121759,-0.18606974638967458
5545,-0.007556159114092218,-0.4112817932056163
5546,1.0570633263349527,-0.22948186266656678
5547,-0.7978276885431655,-0.35768610390261996
5548,-0.5930735015729838,-0.40694918492582877
5549,0.11927505564823089,-0.3937429580332574
5550,-1.0162926512859058,-0.4017924176812497
5551,-0.14929858733250786,0.23705389273759025
5552,-0.6531669592380736,0.37526322555789243
5553,0.9953372255878657,-0.21185473830074614
5554,-0.40866289588161075,-0.4666734196648275
5555,0.5555088893733106,-0.25914164496989345
5556,-0.5580850436005046,-0.419994417017346
5557,0.5559658033771347,-0.41950812348269934
5558,0.14625189122265334,-0.41112768518719706
5559,-0.5363853447022806,-0.41512073608432665
5560,-0.48617800672997163,-0.36594598406563
5561,2.0532212077561884,-0.33178083654567836
5562,-0.1234955012840542,-0.49310015414883707
5563,-0.6940947410837133,-0.350752880090674
5564,0.22485682521159822,-0.45288734815940457
5565,-0.04076960364558982,-0.4318580828635209
5566,-0.1401213978833856,-0.5149844494172515
5567,-1.6108995880385413,-0.10881046770195285
5568,0.5874537251536615,-0.3877499264813422
5569,-0.2882117843998316,-0.4504308384859826
5570,-0.17174386577994027,-0.5106635210640976
5571,0.6810673461958321,-0.31406335321656126
5572,-0.08214983564325568,-0.5184118263433508
5573,0.6656296241816716,-0.4663910435727576
5574,-0.4833787817788659,-0.2325626733190489
5575,-0.42987342198875084,-0.405065655203499
5576,0.6930840660578552,-0.33589075626026377
5577,0.5755878051253374,-0.2729002198164983
5578,-0.07780775014711137,-0.4739951578555919
5579,-0.9034713982460832,-0.3102517198610263
5580,-0.753561498670573,-0.33636667120192976
5581,0.5292839095017421,-0.18742000934357683
5582,-0.12227617721271042,-0.37246224071088824
5583,-0.4236906074213623,0.06316656211208042
5584,0.27243310219768907,-0.3997223394380399
5585,0.45349806739387594,-0.4157650135852801
5586,0.5142653456984092,-0.21006286380314695
5587,0.019551532886124216,-0.3298693743994188
5588,-0.4735441141347509,-0.3567797507970031
5589,0.6522653581828748,-0.44090091977385965
5590,0.45782503993901197,-0.4261145175371726
5591,-0.23584256548341875,-0.4574883660499859
5592,0.8840923712424221,-0.2569146127085893
5593,0.26301535525581465,-0.2989348011465947
5594,-0.8666515771929347,-0.1984943667336566
5595,-0.25942480381539873,-0.2469892832135132
5596,-0.36413427418073996,-0.1245624379046536
5597,-0.9384375183282941,0.5784249944698113
5598,-1.8545144243423846,0.7697108937711349
5599,-0.7171801701141512,1.221769558433645
5600,0.24691059810421875,1.3768570298902427
5601,-1.2691088188043307,0.7873619381561565
5602,-0.6519412241959907,0.17214163424448298
5603,-1.7526848403312576,2.4340625414755603
5604,0.9641902217122424,0.2754647774916392
5605,0.35685784838087997,-0.08411227222506644
5606,-1.1586574304102284,0.010533497252458154
5607,0.6002257527977262,0.1912924569182847
5608,0.9770221618703694,0.3591502103988606
5609,-0.5555256795528596,-0.30007225845112695
5610,0.49032798747729417,-0.42713879625712337
5611,0.9229283802589034,0.4418001217651296
5612,-0.400725523857612,-0.33455083086878656
5613,-0.8390742336509837,-0.10229049088639298
5614,0.865408192138206,-0.32442318087687816
5615,0.9054044373967107,-0.23072691153692848
5616,-1.2385010209850897,-0.3012687873671051
5617,0.6237432657725086,-0.3606920558006499
5618,-1.2250189593125869,-0.33015628297667887
5619,0.9544843909366983,-0.4218355078968212
5620,-0.8103900141487951,-0.3361705583105663
5621,-1.835823766871753,0.30430022732140655
5622,-0.25760428783712014,0.3462331387902509
5623,0.5931121555593669,-0.21874057857309295
5624,0.6942158327895445,0.15883354140061626
5625,0.7201369093856571,-0.4888187951874599
5626,0.40408090071760655,-0.49918119878898265
5627,-0.07290619550829668,-0.5819578396737172
5628,0.16917046314164857,-0.44470459079074615
5629,0.577841779593138,-0.4345838097137229
5630,0.24151112627134375,-0.4254406558717973
5631,-1.0289215755706913,-0.3750867070107705
5632,-0.21859352500020987,-0.41534478882599174
5633,0.1867888104525934,-0.45586669831707893
5634,0.46988922762999025,-0.5075100252431358
5635,1.525455087062242,0.144621872360507
5636,0.4411486963656987,0.2860130849931542
5637,-0.05159637551096496,-0.33483928918841016
5638,-0.22026667538369676,-0.48904673773773977
5639,-0.7539762656302221,-0.0782559297297201
5640,2.2237760765972343,0.3693077997715312
5641,-0.1791107438110953,-0.3363433151011044
5642,2.299196475699837,0.500410326146289
5643,-1.2242377480764928,0.5876066394107802
5644,-0.6073921465131832,-0.44150889999350773
5645,0.34910060688892763,-0.3237420915305745
5646,0.31120801819971916,-0.0859361715169993
5647,-0.9116233235722728,-0.37669596842694225
5648,1.053708913442162,0.42392967818851784
5649,0.6739510389681788,0.917408321085308
5650,0.8409014046768176,0.11565797852692043
5651,-1.094060147434902,0.48511738073882726
5652,0.117469122122227,-0.4669904971348483
5653,-0.9561431192140301,0.08638897147991088
5654,0.060587307824796106,-0.45298204818943233
5655,-0.756133798624361,-0.2952671023496149
5656,-0.12615494565697424,-0.29309519486412455
5657,-2.0672112151180078,0.6785455848529299
5658,0.6479663244195573,1.0764533400996243
5659,-0.21985650463674658,-0.15499841294779496
5660,0.4388157575160742,-0.5407043357830714
5661,0.5648409697649981,-0.501646531871632
5662,-0.6025869692471176,-0.11274015704082957
5663,0.20657704005744382,-0.4070323592318945
5664,0.6217140787459143,-0.4273713527730261
5665,-0.1635039960018711,-0.3356139964402127
5666,0.0643276336647434,-0.6131452658229585
5667,0.04380356859914971,-0.26563465652274926
5668,0.22633361943150274,-0.4773057446870068
5669,-0.5480141732410939,-0.5343908174167791
5670,-0.16536037133814785,-0.23425789355328494
5671,0.23029740437185361,-0.2848857294014742
5672,0.3314913278223042,-0.008067909947267565
5673,0.08231164043681678,-0.229549930999206
5674,0.7729592611352041,-0.21461692409179495
5675,0.052471038429645775,-0.34315980431066334
5676,-0.1827497827749919,-0.3552590362505418
5677,-0.15733521790365063,-0.3412552740069873
5678,0.3845980196027831,-0.5462097204084396
5679,-0.33129398604750526,0.004661090191127385
5680,-0.1353162247600551,-0.5449454852519152
5681,0.3778185062828521,-0.3504292771835747
5682,0.6220396441640765,-0.1941404306715705
5683,0.09162937906170726,-0.34505389453979673
5684,0.13660261920514805,-0.46707345687781326
5685,-0.29889234804384485,-0.5183913148961679
5686,0.13927878395725377,-0.45882721925031755
5687,-0.7632880217839794,-0.03200243036110935
5688,0.06522850524558735,-0.5280231386100375
5689,-1.2409588728026344,-0.04894112015191723
5690,0.23460995298000337,-0.15027286040517987
5691,0.8141462262855683,-0.4004275536261279
5692,-0.7119852758829661,-0.18660513696123399
5693,-2.370544904368052,1.2014075414721512
5694,0.1820001803947396,-0.15201817567307654
5695,-0.82464468457217,0.9036277059229337
5696,-1.6567141622623713,1.622842220801801
5697,0.8096647102988433,0.7011088108639245
5698,1.3917131765803847,0.6830857818387048
5699,-0.49393453493476336,-0.25567619740075054
5700,0.1520717580586342,-0.45170298448051704
5701,-1.12109349900757,-0.09942685073536162
5702,-0.583003168332056,-0.20016126517763472
5703,-0.17872780892227108,-0.16058756800095814
5704,-0.37715591809562304,-0.2337335816398466
5705,-0.07354423995136292,-0.25705173357394356
5706,-0.6504141097684584,0.4894293098357219
5707,0.06927804308774616,-0.40295378596624604
5708,-0.2608016468458626,-0.22922131077728483
5709,-0.6423603239928954,-0.25122774524797103
5710,0.7370341405555524,0.6554989179028596
5711,0.8105727955923592,-0.3780901503735298
5712,-0.7836867188162806,-0.11443198251285057
5713,-1.1521021456227871,0.13579743249414014
5714,-0.8599398752868862,-0.20069396643726908
5715,-1.305087924409543,1.6693776612429163
5716,0.6256120347237374,0.6994654101185942
5717,-0.5561431609413744,0.08118230972578754
5718,0.5288678692435059,-0.20021996310960394
5719,0.5713846277048511,0.5975610487149994
5720,0.5884610966619126,-0.4083603245403347
5721,-0.6949595183566315,-0.44037779103098246
5722,0.8816663753158294,-0.4777173398763885
5723,0.3461446984156599,-0.45805457061351895
5724,-0.5183995149322539,-0.2861208420718647
5725,1.1850793657216254,-0.413895454642569
5726,0.5601311279805821,-0.25912341992707066
5727,-0.6362228568103805,-0.25905053938736855
5728,-0.5584874031495918,-0.36109250287676464
5729,-0.5885943029486921,-0.35536296002854406
5730,-0.7412888233797534,-0.13104211416632264
5731,0.1534196070588175,-0.4367640227342634
5732,-0.7179352651359316,0.19479089086131832
5733,-0.158848008563879,-0.5028851246899737
5734,-0.9064363100129859,0.6725272987528264
5735,1.558983438972355,0.5161643739696329
5736,-0.18724899533268663,-0.17093995763272862
5737,-1.2823913625789871,0.6243640394866905
5738,-6.425437065423756,10.927055950238833
5739,3.775559270121056,4.002707615001092
5740,1.1796375577475282,0.9810434007347282
5741,0.03601389970942297,0.5266042088042415
5742,-0.7700736914123746,-0.016283643020683785
5743,1.338327629926959,0.5083507891027049
5744,0.4236360482045245,-0.26279266331045736
5745,0.5700963301217911,0.25790726170787825
5746,-0.7353334563481433,0.19184026476168461
5747,0.3046041920221834,-0.09271637432672679
5748,0.5563833201739157,-0.3565373380272888
5749,-0.36095982228918855,-0.3681413704931172
5750,-0.28635790817926593,-0.40937080361943096
5751,-0.4717980544796118,0.11766772189642881
5752,-0.03661535550901478,-0.22540408459315703
5753,0.23378016256683787,-0.2033502397573987
5754,0.35768656523849274,-0.4173956508069089
5755,-0.03806450075473329,-0.3387438662147801
5756,0.29507757472783885,-0.4189546885634933
5757,0.23210820909943808,-0.2272990241323601
5758,-0.36305801882074634,-0.46167505264313213
5759,-0.9583734728567144,0.24862552579008249
5760,-0.802948684700342,0.1545067732825316
5761,-0.5300415887967947,0.36993722508498694
5762,-0.4262215780920721,0.7677606601519692
5763,-0.820367241580505,0.7391235356940704
5764,1.1454125156791115,0.21769246937926823
5765,-1.1512610278911746,0.5107445563093683
5766,-0.39624799503756053,0.6374271500900462
5767,-0.17428378197672767,0.3262315790501087
5768,1.0004398570657123,0.16234815993257332
5769,-0.018293164054316156,0.054419324970358174
5770,-0.14506494773922912,-0.33389691908151065
5771,-0.3144367238643626,-0.06179771076152743
5772,0.5674778839288689,-0.05263947831391926
5773,-1.2448015971091357,1.241879830245625
5774,2.141732866389289,0.8672017554186529
5775,-1.1906582607073823,0.35352647885160304
5776,1.5951443371124951,0.1209265067668972
5777,-0.09730276062054162,-0.2897510119325624
5778,0.8902948901184246,-0.20642469393900797
5779,-0.3022524071566657,0.022286987674027817
5780,-0.2849356259089251,-0.319414204876457
5781,0.01653745118218785,-0.36593496635731687
5782,0.6208671103854366,-0.11770981501588172
5783,-2.3941091740463984,0.7356569383276699
5784,0.5609734719533439,0.2979681203481567
5785,1.803402667273786,0.4453017768959423
5786,-0.8212612307291655,-0.13257480105330768
5787,-0.4982384973600806,-0.21914548033290832
5788,-0.31412322437381746,0.047730894571184734
5789,0.33806206670542643,0.3999844098581232
5790,-2.159998486368859,0.607537014598693
5791,0.5013367689371596,0.8299584196737585
5792,-1.1335613004435923,0.5281533878878583
5793,1.4157190429980018,0.6010979741300571
5794,-0.5062095642007344,-0.2009240588185492
5795,1.0958495793021812,0.3351812385160175
5796,0.7555530467813099,-0.27752433094124707
5797,-0.5393912748376547,0.03435806003386371
5798,-1.021545839644263,-0.1253307035511861
5799,-0.18402592882096844,-0.25486372215209246
5800,-2.799978895009647,1.3493251272627065
5801,-1.9548561073670732,7.296989601268767
5802,-0.9694538960523602,2.179229333993147
5803,1.176549940957475,1.3103269821579309
5804,-0.358396748515801,0.16697046024961465
5805,0.49623080291162386,0.5213594325166134
5806,0.2653314267644206,0.03637384765932573
5807,0.9097297832490608,0.23060450074085387
5808,1.9415030293460682,0.725130937806235
5809,-0.13481087406195066,-0.26242325733901223
5810,0.5515775965656587,-0.3530122880222246
5811,-0.21777856401713985,-0.383758492833706
5812,0.24737347708351975,-0.4463855044263404
5813,-0.4743976992372879,-0.5480550627781062
5814,0.006457503541632089,-0.41052741342529686
5815,-0.8468998224592275,-0.26590168815115417
5816,-0.1727341735258733,-0.5340636622094262
5817,1.0932221363810453,-0.25200472991408096
5818,-0.9302439863411132,-0.28005264470744806
5819,0.5276935575329645,-0.3994041315677855
5820,0.012993963558771351,-0.5543732445714642
5821,-1.0853523800238398,-0.37807438056452564
5822,-0.038127554972114265,-0.4228757265432806
5823,-0.14680801016712336,-0.39923443374631434
5824,-1.3768088098547642,0.05360108118607144
5825,-2.71437994012644,1.0387519630411866
5826,-0.5066680348759568,0.22944749904233913
5827,0.25253097511209127,0.824005114891652
5828,-0.9225875424992492,0.9651623835783536
5829,0.0025134876172822752,0.22218823469607865
5830,0.28415100379791963,-0.2287287403602003
5831,-0.9840906865687828,1.0720437716379718
5832,-1.0347460109732767,1.917050690940876
5833,2.886845921195239,0.4579692195319521
5834,-2.098918359407834,0.5909990937138255
5835,0.6954086012797059,0.032708312455166165
5836,-1.4191704452979272,0.5108667149517196
5837,0.17110971370730862,2.978169874881829
5838,-0.9872229404212612,1.1809494552943052
5839,1.6461285031138349,0.43820824904772737
5840,-0.40937296984101396,-0.06683450183971484
5841,-0.8274742360179685,-0.1467074456045949
5842,-1.4414863577229866,0.4574588865453491
5843,-0.3835376907120076,0.4662237724477396
5844,1.0054786333276513,0.5526775612693101
5845,0.40653380126589445,0.07534413005827553
5846,0.5792971641044697,0.030490402496056775
5847,-0.5738804636734117,-0.1656002936485081
5848,1.3964748024695866,0.17514521485349646
5849,-0.046530503655534954,-0.0778961748049631
5850,0.5976064566697614,-0.3573897471531822
5851,-0.4926831694548067,-0.3244391856501468
5852,-0.02818500226149962,-0.36205999501300484
5853,0.5830657822875793,-0.3858006809133421
5854,-1.148867577863998,-0.15574170502858264
5855,0.820303834399388,-0.25925782983731144
5856,0.5596065735460417,-0.4339826234442391
5857,0.8138741861626729,-0.4125081475149947
5858,-0.5243167726758555,-0.4866627141489377
5859,-0.804848307251749,-0.27736456012585686
5860,0.35940216232369443,-0.3819297213567466
5861,-0.10869336712449401,-0.3223914050426315
5862,-0.181577138777892,-0.3944545396773597
5863,-0.28123205468847207,-0.38477968267399504
5864,0.32895478714512016,-0.4628744543359929
5865,-0.6809759614636802,-0.09224931768366758
5866,0.797703234613333,-0.16746076801263662
5867,-0.03620339299264095,-0.42303038741643667
5868,-1.171779725753379,-0.12765379436652785
5869,0.37502400527885527,-0.37616804582857777
5870,0.07341998716310888,-0.48258569763179027
5871,0.8139500136408422,0.36653768027241923
5872,-0.6439986081769139,-0.36090907346540635
5873,-0.92303395229648,-0.2745620983862761
5874,0.6948442873510193,-0.3462327854491939
5875,-0.6154235548352581,-0.5026851177386158
5876,0.1584746784697175,-0.40721588074607856
5877,0.17635036674105753,-0.5318763446135912
5878,-0.017002392219570162,-0.5306675887576351
5879,1.9133678702942134,0.2397806578749699
5880,-0.28798889197253,-0.27764992033565794
5881,0.5554132305698493,-0.18587030156868342
5882,1.2838943639887685,-0.07050883944652357
5883,0.5486897831753919,0.4381808067469176
5884,-0.30734867130645604,0.21534014989143288
5885,-0.2613193224725304,-0.4674568899249929
5886,-0.0594544720884265,-0.48171753409890317
5887,1.2823633542667787,0.37923930046775917
5888,-0.17901468319196107,-0.0315341890005545
5889,0.3401280681336585,-0.24431986090277785
5890,0.3834876378927391,-0.19822236397699913
5891,-0.0818608303717983,-0.14333542715871062
5892,1.2743732172992437,0.23678472133366565
5893,-1.317403854634823,0.288554443483146
5894,-0.07092457258460586,-0.3303965894635434
5895,0.6384179074969937,-0.1330298645571509
5896,0.5328383976719122,-0.40609446119975473
5897,-0.7557951909949514,-0.30221939632240225
5898,0.6718410222061293,-0.5272950190687673
5899,0.1792560888347637,-0.4289883950864318
5900,-0.35115920680319535,-0.47384179500807283
5901,-0.09988399267983171,-0.5492482151078003
5902,-1.0851320415390313,0.08494706677613222
5903,0.9104208114545611,-0.46110526731249757
5904,0.18573102590593396,-0.4086834154609248
5905,-0.4566243933188227,-0.5109663262024672
5906,0.27708144494455356,-0.5604031543002729
5907,1.1179714005800754,-0.3825418046945355
5908,0.20665386702291078,-0.5669100868958921
5909,0.13599547796241895,-0.5751820474112573
5910,-0.15873463018705153,-0.5656222692669052
5911,-0.5503760442774949,-0.48732591429102556
5912,0.4604928021330089,-0.6126624320419228
5913,0.05293277055364075,-0.6103663862258596
5914,0.4214790552230837,-0.5608871815186981
5915,-0.17668846183350165,0.031141184611261464
5916,0.32814306453765396,-0.5834497585567555
5917,0.14908143477364993,-0.4350377955003487
5918,-0.014058028492172076,-0.5369995226769444
5919,-0.25241451733655074,-0.5116171581342098
5920,-0.5150206857395603,-0.3753957494315137
5921,-0.11794699535026563,-0.6066067527913157
5922,-0.6905128751615456,-0.4512169063893547
5923,0.6328520672046957,-0.06015692125464841
5924,-0.7656199734206289,-0.08281580084082242
5925,-0.18791192678304217,-0.5741228808907102
5926,-0.14826710315879194,-0.5468480137309597
5927,-0.6811017571643627,-0.4046455255012531
5928,-0.45059437773328265,-0.18554844011029747
5929,0.5950866903664032,-0.5047251466252143
5930,-0.025122615294266244,-0.6154213645201156
5931,0.28793608848035557,-0.42215526341814114
5932,-0.4826503831132694,-0.37524456534918665
5933,-1.056122484796325,-0.0998931356766662
5934,-0.45044312881545134,-0.33950117344855363
5935,-1.1067227519972898,-0.010438841079707082
5936,1.2236642860709277,-0.36115519525465184
5937,0.39410771745998135,-0.3063156684880507
5938,-0.14772798761161332,-0.5678379470848065
5939,-0.7383392589855754,-0.0599448962230798
5940,0.14032946462634122,-0.48326373611942885
5941,0.8343020333615092,-0.5320219245497738
5942,0.2747957911372888,-0.5351540881413631
5943,0.0654802147545413,-0.48304046862490485
5944,0.5254381791948485,-0.41809329375695115
5945,0.963204461726061,-0.3404212295644095
5946,-0.2066551405189104,-0.5269922024511444
5947,-0.003630337572642089,-0.5117263066161445
5948,-0.4429869799666602,-0.46716113499151435
5949,-0.2279332326172038,-0.5356933993155789
5950,-0.08643940513070339,-0.6243802268095572
5951,-0.9162407593773406,-0.25967287105213877
5952,-0.13083483378044006,-0.39147068745597624
5953,0.14229880855865173,-0.6763601926542817
5954,-0.44089439628140814,-0.5523455463634762
5955,0.029387854973443425,-0.4019642803315912
5956,0.13910694586946856,-0.6302303587747082
5957,-0.38874088500577847,-0.5545130831676834
5958,0.2029556803299857,-0.5364311757358935
5959,-0.7271209415718835,-0.4669469508204685
5960,-0.24348319218933448,-0.5128620323640711
5961,0.1890624719026905,-0.5905148161134325
5962,-0.2624470043249481,-0.36392914272969884
5963,-0.7405421549274821,-0.13764212954113192
5964,-1.0960428391074264,0.5112551855094405
5965,-0.782132461785578,-0.17566358430862328
5966,0.3566141197239399,0.86602198531607
5967,0.3269093293722382,-0.42639319683526694
5968,-0.14681616362677954,-0.4886753503558318
5969,-0.5239337656163103,-0.2624440293581756
5970,0.7939916448818788,-0.27036642073865397
5971,-0.3382225569202624,-0.4704967665500562
5972,0.8929512187328835,-0.33425778193760614
5973,0.47465056766435887,-0.2592897165950657
5974,-0.28261281383652564,-0.5283823040710172
5975,0.1840351686738774,-0.5334132257336769
5976,-0.7342906024411584,-0.48083082124064086
5977,-0.7877139785036492,0.012966913333882153
5978,0.22523639594231845,-0.4901891586049261
5979,0.9622014655816358,-0.42228943565206817
5980,-0.16062070845536774,-0.5862900239476018
5981,0.8722313300487037,-0.44353929984958035
5982,-0.5042463578602101,-0.5337627799508499
5983,1.0367161586730886,-0.03771381046411044
5984,1.5416363929944708,0.3493755505622819
5985,-0.15938043762888948,0.021751662107621483
5986,-0.4728939692468009,-0.00310924161476672
5987,-0.4421409930508639,-0.42610506417250366
5988,1.3725029411040515,-0.22269377934766788
5989,-0.13947121490492953,-0.5315006007679465
5990,-0.02901351760638411,-0.5336177501788348
5991,1.9195856369786533,1.4488319694561906
5992,-0.11161893896085981,0.11514700172668622
5993,0.6493787992427384,0.021533325798479303
5994,-0.912828130158664,0.17131392446233867
5995,-0.20067228055549993,-0.2936244065521489
5996,0.07615278633386474,-0.6400940955427514
5997,-0.1645907478245978,-0.5636263764201677
5998,0.09795869097897095,-0.44805751771462765
5999,-0.6478414670927958,-0.4274029676407899
6000,-1.3664647753309456,-0.1405102470796133
6001,-1.6971074581352865,-0.014261199222580298
6002,2.1441023075897143,0.5566550054554621
6003,-0.0037646327862203566,-0.32147781552650406
6004,0.7260066522196698,-0.5928584262746448
6005,0.08162964185686433,-0.5572022535627689
6006,0.5808088441980566,-0.5171690537760046
6007,-0.775744533911691,-0.27781236539524495
6008,0.8545361832340679,-0.5608342004001436
6009,0.623586698544608,-0.5838502081757498
6010,-1.274240226818372,-0.3816277943133766
6011,0.700487712246791,-0.47927459587987103
6012,0.26582285608452677,-0.5293043150445347
6013,0.47992915641867223,-0.2994236751061224
6014,0.45868287589708834,-0.46046823814679044
6015,1.1125758228610731,-0.022234618657994788
6016,-1.0886258328977956,-0.27789044674671476
6017,-0.1736047750031542,-0.5187467415934314
6018,0.12886005288122201,-0.5947647309175473
6019,1.5949017807649495,0.12732921754768248
6020,-0.7005244184801915,-0.33840642527315185
6021,-0.1335184519860112,-0.6241920039876271
6022,0.05604219833835242,-0.5460192652374418
6023,0.019008780344414836,-0.3802768041290634
6024,-0.7367509214547304,-0.08599827569177515
6025,0.5465380394388873,-0.3219626509483624
6026,-0.5444219328317651,-0.49248301926663673
6027,1.3528201310461718,-0.2957584897641115
6028,-0.8224606536965947,-0.45189330992397087
6029,-0.6316462389117339,-0.4369337630819034
6030,-0.199719196106591,-0.4964101719471786
6031,-0.5774588403803805,-0.14254225067051465
6032,0.1264901766021232,-0.41796388172846954
6033,0.12454869660983761,-0.5865376962317348
6034,-1.2031118254484112,-0.2982889369931952
6035,-1.268921738933349,0.11176274916984599
6036,0.17389343702382856,-0.21851723993451755
6037,0.5243590977340131,-0.4356647937707718
6038,-0.5901560275229335,-0.43458015463048993
6039,0.526410277733682,-0.34889454510199586
6040,0.034934503747286766,-0.5651264711145584
6041,-0.0029527888534401562,-0.44644600176379046
6042,-0.7657252965139669,-0.3854692347192724
6043,0.8599042406812052,-0.39230429305829106
6044,-0.4488115810181935,-0.5216456455954975
6045,-1.0649755586719047,-0.38288802928683824
6046,0.8797888984558243,-0.536229860966857
6047,-0.23926749456964977,-0.4056226789416919
6048,0.7262902738352877,-0.3227098643855227
6049,0.9549079691688562,0.03611055847024238
6050,-0.3459002283924469,-0.5359419001977803
6051,0.7803037276096222,-0.23370075027123302
6052,-0.33755758156911625,-0.4481081402957174
6053,0.3983696036949165,-0.3176049643169995
6054,-0.4858498136001855,-0.5210865379501576
6055,0.26787878296251194,-0.3124534780476592
6056,0.9762019359797166,-0.2516460945146867
6057,-1.4357297320892144,0.20678638849920072
6058,-0.5654089370268278,-0.02102320330876008
6059,-1.7332347181648304,0.8221016326082032
6060,0.16199391046764194,-0.09885237359748902
6061,-0.34815909799082584,-0.5369668141067744
6062,-0.23456322642817104,-0.4681973010221298
6063,0.6449699641950876,0.2793094145227359
6064,-0.933507532131577,0.39163629888352713
6065,-0.3496138380099803,-0.43238060947888907
6066,0.3220530386603348,-0.3907291542640957
6067,-0.03373000753228785,-0.5196976571685848
6068,-0.42680080167459516,-0.537612297734262
6069,-0.7045309930692268,-0.3738476928018861
6070,0.16725862451447943,-0.3524686548460421
6071,0.02343575733091295,-0.16388632514962573
6072,0.2560075800501961,-0.3317101579872923
6073,0.9830486544330597,-0.06158406804825417
6074,0.0388614522895351,-0.5586576895023115
6075,-0.34388582724939043,-0.21190322400836364
6076,-0.13034428683890173,-0.18619930225007092
6077,0.7947427690280776,0.12946705121966062
6078,-1.9794138935093877,0.3928882669333412
6079,0.9565329968610485,0.5044485242511907
6080,1.4578822894286925,0.327338139019613
6081,-0.40739243814222076,-0.10973151454428724
6082,-0.39650590991628243,-0.03580773893809218
6083,-0.1176136823308519,-0.2277725035036284
6084,0.7171414661701562,-0.16044065604558028
6085,0.17496704588140496,-0.47143579811755
6086,0.06248580307588934,-0.4341720757124938
6087,-0.799680504313983,-0.11594005046789516
6088,-0.5105732685201434,-0.473049340875439
6089,0.06426741487997539,-0.5802933230126949
6090,1.1743602216812337,-0.22476019023148924
6091,-0.5596423121083227,-0.162992121845452
6092,1.2255488234300767,-0.297717373887531
6093,-0.7590200349267326,-0.27119879187977053
6094,0.8827105589196877,-0.3339904853299156
6095,-0.018127671183550863,-0.5814633280190674
6096,0.9984932202938895,-0.20579391110276166
6097,-0.9798596803799546,-0.35870670327314585
6098,-0.39103883267447714,-0.4686699912500672
6099,-0.7066456000613691,-0.450438250527323
6100,0.6440531529929906,-0.40737569420689823
6101,-1.1349412949547715,-0.18782450985975657
6102,1.4148050984763023,-0.32546986838412484
6103,2.245154307613183,-0.16240100976604638
6104,-0.15030197529923797,-0.4419071058701156
6105,-0.15602696572522734,-0.492624991902101
6106,0.08112639540039619,-0.6077028256910711
6107,1.0311914205433395,0.07994994170346739
6108,-0.8324772125724256,0.21246043215699445
6109,-0.12211339991635334,-0.46193823671875883
6110,1.1075178633823475,-0.39471964589442804
6111,1.0952717189841685,0.4137317492810915
6112,1.468773329888522,0.45376143879562636
6113,-1.134497707990232,-0.21930139292616183
6114,0.4672303869717841,-0.3443009823035981
6115,0.08657539600744099,-0.36480053648065264
6116,0.6021433480012921,-0.22738263334834777
6117,0.215463645754961,-0.206777564630611
6118,-0.3934967264661195,-0.2659323149198551
6119,1.47052416494163,0.34696667123221653
6120,-0.07371282086054634,0.5491051330297212
6121,0.5977508528936764,-0.4101512361652645
6122,0.15496764288127726,-0.37179388653838197
6123,0.10567350045161056,0.0032606154989886955
6124,1.0559921236263168,-0.12460230088306609
6125,0.0287539964455944,-0.23951466042725747
6126,0.9780891077234765,-0.27361465915162936
6127,-0.5499281466761748,0.1423111932039714
6128,-0.8768647536484445,-0.16496897786278258
6129,0.03476125020637735,-0.26095530967010044
6130,-1.4764296269293584,0.4009071570280446
6131,-1.0004203604963922,0.18648235731636795
6132,0.03720657668670487,-0.4566800022255896
6133,0.3346816444196699,-0.45000049657521074
6134,-0.19150823113249557,-0.5364276333219149
6135,-0.5410117699746063,-0.5239214221647897
6136,-0.1086917734777143,-0.3539709993561773
6137,-0.25786792031173156,-0.46027959486451286
6138,-0.28233877191940576,-0.5702021049066612
6139,1.1868362861798047,-0.39260628711211815
6140,-0.23520308529353823,-0.49442225434671594
6141,0.42879424772088925,-0.48197820397784236
6142,0.44230845922562445,-0.38510888513928826
6143,-0.410896714942761,-0.40118931785214007
6144,-0.6269087919845043,-0.5179204073566827
6145,0.43848583454003,-0.46315332860984076
6146,0.8292008500684723,-0.41566518102056016
6147,-0.37767888061300753,-0.4146015059765763
6148,-0.5875319623959705,-0.2894101190543362
6149,0.1906121357076212,-0.4838896123889826
6150,-0.45717984876439444,-0.2197449533945618
6151,-0.7564983625613136,-0.1654886631287403
6152,-0.36976653418327465,-0.3538371735227574
6153,0.04228954633207719,-0.40467578090811357
6154,0.5564926734383684,-0.46990953476073494
6155,0.06509788355771823,-0.6408225625292284
6156,-0.30056744555058174,-0.5459220606538925
6157,1.1447415143319066,-0.3121142904124622
6158,-0.0909274125576254,-0.5002140210301473
6159,0.5816854034084179,-0.5123632108674783
6160,-0.058067256971233404,-0.46230370789832465
6161,-0.12873754338940568,-0.3244172259509831
6162,0.05350051212093279,-0.5075765168724821
6163,0.18591622311401437,-0.2855321778250734
6164,-0.4097134774958505,-0.505891890373278
6165,-0.2554596569931505,-0.5422289354788272
6166,0.1289717865283789,-0.5102374776292818
6167,0.40740139396592795,-0.41431683915792356
6168,-0.03880449006126984,-0.3576775002236085
6169,-0.29343625851092237,-0.37637093627211526
6170,0.1191676782338357,-0.46126344180863765
6171,0.5564782164385725,-0.38748688333491765
6172,0.31617533013912963,-0.3948601157606616
6173,0.10199904727437477,0.4955542202715138
6174,-0.6605867523666129,-0.19658943827573502
6175,-1.3008991754337547,0.30866626080562604
6176,2.2264642199324842,0.5433151074919915
6177,1.9558425058394349,0.6628968241471105
6178,1.155468428140512,1.2284566976638245
6179,-0.7243803074373407,0.43853836975746124
6180,1.1591404359287318,0.4413035379538293
6181,-0.08885209334199702,-0.22902028466619823
6182,-0.46651075882751725,-0.11046736632930702
6183,-0.6280207587508615,0.1483139768084629
6184,-0.8536240989364597,0.1453166067837706
6185,0.5576993370272708,-0.26189608278816423
6186,-1.3835471209154206,0.17392456402579456
6187,0.41595844269590015,-0.24221256874838867
6188,0.777472371323788,-0.358346386275192
6189,-0.7791102251350047,-0.2726575902957171
6190,0.1878939179514684,-0.41631092697075983
6191,-1.1332617071068984,-0.23860103658463605
6192,0.18492312340948897,-0.43217425110160834
6193,0.7367129510999346,-0.19515557823333562
6194,-0.1239354227870878,-0.5937657793332688
6195,0.5064931952136732,-0.5436134027062886
6196,0.9425909978721572,-0.24881255936888608
6197,-0.31789794321119724,-0.5341339232562253
6198,-0.07848923667290922,-0.44342922880623975
6199,-1.1000493509167077,-0.23239888642022408
6200,-2.4039344234694835,0.4335701628538577
6201,1.1361507717461388,0.4334867538779443
6202,-0.4688021468453853,-0.41270646161588687
6203,-0.5620018140226397,-0.4323909139400714
6204,-0.0406764599862254,-0.43581806885610486
6205,-0.940245960812763,-0.4597937076542986
6206,-0.8520457437235409,-0.265301839833384
6207,1.2779033707599778,0.04418170245715419
6208,0.7302359623109537,-0.5455688037445026
6209,0.46881722274133397,-0.37204338376069446
6210,-0.24128379410812908,-0.4196286252607417
6211,-0.04225428523374905,-0.4284443654555791
6212,-0.9653577912328243,-0.4975848887189062
6213,-0.37234366243419215,-0.451077834710293
6214,0.2616170508915975,-0.5495965117424622
6215,-0.04402966349084015,-0.4703999604806288
6216,-0.21362381433717037,-0.4304298985370587
6217,-0.23442569553727502,-0.27368855745978776
6218,1.494287413493114,-0.06262688586214939
6219,1.1707721091188885,-0.13112417167315363
6220,0.17505737225250978,-0.4462749853008204
6221,-0.28958155953222864,-0.2589396432012572
6222,-0.08187118815667031,-0.5633388649031789
6223,0.9456297695140846,-0.12990061447762458
6224,-0.5267270866260103,-0.4438864292528798
6225,-0.4333131999979345,-0.43522780705954917
6226,-0.36517021288540774,-0.6072214087570007
6227,1.4869101161365805,-0.2855883700961681
6228,-0.006600942079355329,-0.40387561908319297
6229,-0.03285756111421822,-0.6224007654899193
6230,-0.431556417939896,-0.4773411869559645
6231,0.41148767617973886,-0.44084057473937366
6232,0.06439882728791724,-0.4832416041443042
6233,-0.6233284995605279,-0.5105397026414411
6234,-0.22376709187983973,-0.5756195826342448
6235,0.18633834570031457,-0.30016572855713775
6236,-0.5461901219247401,-0.3152344966947809
6237,0.22124443603623667,-0.4247957537171765
6238,-0.16202208039884844,-0.37185894426557586
6239,-0.1369231185207742,-0.3718644576642993
6240,-0.1905518417614552,-0.43290173682762045
6241,0.4873035206786571,-0.4810080629166269
6242,-0.3719065863338927,-0.5168325466549234
6243,-0.12851953350663395,-0.560131739979471
6244,-0.16962817852240447,-0.3532471837018856
6245,-0.15793642542919595,-0.5468438273143764
6246,0.2372218023657651,-0.46247104460719207
6247,0.32872473986012857,-0.40312225510927596
6248,0.38804689696902145,-0.3535419338458746
6249,-0.17184953905687436,-0.4958282836328341
6250,-0.2934241172196656,-0.42584589902077463
6251,-0.06407966452644255,-0.47618773945250714
6252,0.03010767760185632,-0.5991810899470679
6253,0.6540817858379573,-0.3851223965246223
6254,0.36959585808986684,-0.4264990122647738
6255,0.31950111285952026,-0.42314323654313357
6256,-1.2983948235239178,-0.3568497594634677
6257,0.04526768098170078,-0.5390083914354761
6258,-0.36076523105194297,-0.4991979266631143
6259,0.08592091871112348,-0.41751013041583707
6260,-0.9972926005798882,-0.14324641467908206
6261,-0.5949773941704585,-0.16626122199594837
6262,-0.37247714409507765,-0.17154888401476737
6263,0.3584073616374643,-0.3249966084816654
6264,-1.152718553141447,0.5279218240554666
6265,-0.21040359378028214,0.3277949167276447
6266,0.05618913500029232,-0.49002985740862764
6267,-0.4562048138714423,-0.4641870874065584
6268,0.09430601422797512,-0.4015970305530388
6269,0.6356180016443979,-0.4005477728719626
6270,-0.8390864127676764,-0.2897759007690857
6271,-1.0638021431405253,0.9576731718782425
6272,0.36008473855940176,-0.02947502885273109
6273,0.4754004177817911,-0.3198553337709779
6274,1.3746120954110355,0.3090286174927157
6275,0.13227101540280445,-0.27455926451070367
6276,0.9343897105841037,0.23953508936263002
6277,0.10094928309108565,-0.08273983934496595
6278,-0.48893055711562,-0.1660606929726309
6279,-0.4141669855764069,-0.25727348520671844
6280,-0.4558128760551125,-0.37778106687786966
6281,0.6359981120204009,-0.5094099218745085
6282,0.2655734089997159,-0.5623139213649497
6283,-0.6835892339939147,-0.2762911861806915
6284,-1.1734588260449612,-0.3461759006306805
6285,-0.32290646631328607,0.025133087119708426
6286,0.36517563875854664,-0.4548427251046532
6287,0.07764469260387942,-0.6051888475027094
6288,0.5105686824040513,-0.5867694234360663
6289,-0.36915481952031937,-0.397243087471619
6290,-0.7581192021878058,-0.42784430762397485
6291,-0.3011491153837946,-0.5804680635294559
6292,0.01173972765963661,-0.5919663469912024
6293,0.6939178654161448,-0.5110890166141172
6294,-0.9259052337077531,-0.3412392319364823
6295,-1.1051943521450174,-0.25319849364611524
6296,-0.10027091654172264,0.5991652394669853
6297,0.11261083604478017,-0.4820223534794333
6298,-0.5081637144843324,-0.26152390227536204
6299,0.219054990468893,-0.30280980509716604
6300,-0.06005163342880273,-0.4734122641100537
6301,1.1713719578449897,-0.11570820048399032
6302,0.09803842814773239,-0.5230265172044557
6303,-0.42906554238483124,-0.44992660204032303
6304,-0.6486981243474358,-0.48370647127571276
6305,0.44060242861291976,-0.46330603383905783
6306,-0.7010675703204324,-0.3931122223418629
6307,-0.33859345284539005,-0.4168803203183532
6308,-0.20712553739134892,-0.30942998499215235
6309,0.673929850043779,-0.5541408967144816
6310,-0.5911398890084777,-0.33052011972138723
6311,0.18999742998859545,-0.5398687416065604
6312,0.4845009485575391,-0.33796920531417185
6313,0.44946441770351797,-0.43064811289501764
6314,0.2119371891583515,-0.4244240914680127
6315,0.3973553856392462,-0.4386520468709349
6316,-0.5172432642576191,-0.39940914315597476
6317,-0.3031315492330257,-0.5476746462123563
6318,-0.2693374020047583,-0.47481409381963635
6319,1.1817307288653418,-0.420139387720872
6320,-0.6476473726506902,-0.4724272009082082
6321,1.0372722901732865,-0.06903826769470382
6322,-1.0718902182335388,-0.3807614761146186
6323,0.019889887556278275,-0.6162463516780403
6324,-0.2430508374188708,-0.592763936273141
6325,0.2968250027819479,-0.5403810329703489
6326,0.18090510075939034,-0.5891253524650716
6327,0.2869325979347067,-0.40898014903820656
6328,-0.033326551162675855,-0.5999015228942202
6329,0.3264958939848163,-0.43182298040377176
6330,0.13406625562026997,-0.5716861381199929
6331,-0.5802415025114821,-0.27813236901615956
6332,-0.6711093359166024,-0.351398575748331
6333,-0.6834092514347141,-0.3636058897856359
6334,0.05730353836602389,-0.12244537938266094
6335,0.03285973014722285,-0.33109582446109437
6336,0.4966565751170375,-0.2267818150531971
6337,-1.3564685855318797,-0.20293810796366388
6338,0.12111221083360073,-0.395029782348583
6339,0.6510284186100876,-0.26393700189301195
6340,0.8012495983216497,-0.24363873458155652
6341,-0.7643479276061018,-0.27519630403713174
6342,-0.06330202874098834,-0.5062955107335226
6343,0.33327598461906904,-0.3813590726532656
6344,0.0560467400961804,-0.37105780574282476
6345,-0.25335130091149216,-0.5271183354440792
6346,0.3343809412422316,-0.42958921518952153
6347,0.6063695276815638,-0.3830993362694776
6348,-0.14474695825603223,-0.22037218006582343
6349,0.3271505885775674,-0.5761093623263615
6350,0.19390227560142162,-0.3405864397402943
6351,-0.35160717262242985,-0.42110099873591084
6352,-1.0271520061162922,-0.36882356573054553
6353,-0.45150970310769123,0.08225453920659692
6354,0.5872856987255054,-0.4351629693958876
6355,-0.26394024505609365,-0.3943645709424002
6356,0.7400318102962489,-0.5000460399504251
6357,-0.14042845872244972,-0.5343838918775216
6358,0.44600790182382094,-0.5342919268274378
6359,1.3408942770610475,0.03873815168631669
6360,1.14908104266234,0.15359673576141383
6361,0.0992264403824181,-0.19149090093181548
6362,0.2834753401508321,0.1761514184375118
6363,0.4742945803344356,-0.1156708235696777
6364,-0.24848519530858912,-0.43155265374257323
6365,-1.4324336739585266,0.34288021065741753
6366,-2.9234929207112663,2.043727603193769
6367,-0.2567833514400681,0.43220109437971305
6368,-0.4445067732482438,0.9618000952936788
6369,1.4782310265683996,1.1237798875477327
6370,0.24130165523644187,0.21632858466260918
6371,-1.0836422634635086,-0.22349486148606662
6372,1.5665941955841294,0.08210408785732742
6373,-0.3386428577538766,-0.5835727372077208
6374,-0.8227276550192327,-0.41298647988604453
6375,-1.1209617905689861,-0.3043417162299319
6376,-1.9180005595657974,1.5947064900046437
6377,-0.9777882793733106,0.6438859377849208
6378,-0.9579128205041103,0.9597853928922551
6379,0.654849180554464,0.2901232644155304
6380,0.25421588627382635,-0.20686581691734598
6381,-0.4879502195323732,-0.36528329700187434
6382,-0.13503080931451034,-0.3535186270898892
6383,-2.267479128319391,1.1495863966263742
6384,2.028594075467762,0.5109544861463667
6385,-0.7127320687291764,0.028504626043383517
6386,-0.054002486140755784,-0.3207925256777272
6387,-2.2109686284992827,0.8948526541278058
6388,-2.522001942751741,10.210959072216026
6389,-0.0970423978539068,1.053961829926001
6390,-1.082889110020494,0.5636601588616965
6391,-1.6281352696610705,2.0518885120842842
6392,-1.0552110805016728,5.810704373159972
6393,-4.214756399557992,4.965460669347249
6394,-0.8870881860806138,4.044363578186367
6395,0.7795764085391442,3.6442373621148585
6396,1.9514711062469234,1.3212297196947917
6397,2.7516506818736186,2.507379304239318
6398,-0.23089465235054482,0.4748791670379004
6399,-2.4108383924619776,1.0900315252063826
6400,1.083921602639694,0.41021792192072826
6401,1.122610433349087,0.35663522382715374
6402,0.21316302530261536,0.429267152558364
6403,0.44178955244136986,0.09539440045565273
6404,0.4513026141612151,0.1492233110318444
6405,-0.9003950946622566,0.21476298546212
6406,-0.37772596193163105,0.0010064130079505843
6407,-0.664407644604775,-0.06333767102374244
6408,0.672329584097936,0.6033059957904069
6409,0.9811449681858317,-0.18982674179768913
6410,0.6159382528976114,-0.31903232523499847
6411,-0.24394492493237965,-0.3057490671993012
6412,-0.09835838189156522,-0.38400655542467815
6413,0.4071996430305639,-0.24969040095269052
6414,-0.05425658411737705,-0.4618324105952144
6415,-0.26223492497570183,-0.1546694991014741
6416,-0.5988254504960093,-0.3329928077666693
6417,1.14254090921165,-0.19328907261104003
6418,1.2212290259115144,0.027837643591673025
6419,-0.36405034596772395,-0.27536462850722254
6420,0.9329461373573329,0.41558266241363495
6421,0.8371597389117801,0.09809727761162101
6422,0.4711053778580916,-0.2538573155410501
6423,-0.22603624230138206,-0.40016197567972867
6424,-0.04615085063120936,-0.05988467733509614
6425,0.8878353478157837,-0.2852030652695408
6426,-0.056950198683532564,-0.4056354242746982
6427,0.381757248239999,-0.28769701971571954
6428,-0.9175828277617781,-0.034462821835321136
6429,0.9618444460640716,-0.3519263537657688
6430,-0.059240780718099156,-0.4525429350499244
6431,0.8466848208246402,0.12665318093087946
6432,-0.7605151899626823,-0.1527369977945014
6433,-0.22135533682661038,-0.3990143903567177
6434,0.37044707670318244,-0.2237634437734361
6435,0.5309451221412065,-0.4415800109963296
6436,0.4451147122785746,0.04284292559203556
6437,-0.8570654656983043,-0.12905804304429394
6438,-0.1853090898759008,-0.5000218439840739
6439,0.5914828178945492,-0.14669214835727246
6440,0.07987263360201749,-0.5820779603867531
6441,0.2693571760725673,-0.4510475368046615
6442,-0.028218515869392745,-0.5631246288661528
6443,0.6478989248579964,0.022897053079701815
6444,-0.03120115781840914,0.14165710675165807
6445,0.20423924742397442,-0.41050240736827
6446,-0.3949275191929255,-0.2822001650069743
6447,1.0750118754030913,0.006483629025492762
6448,-0.009599484441726137,-0.40794257260897204
6449,-0.4469915629855532,-0.27424682008023865
6450,0.2898023647091683,-0.5191543429724004
6451,0.5665541461010363,-0.40187460082017906
6452,0.35891573444875596,0.007505408295094329
6453,0.21484042098713346,-0.34465368846797306
6454,0.027018402397165363,-0.18280391482329214
6455,0.4657113291652423,0.04571161457693036
6456,0.003948429670884522,-0.20920451379422986
6457,0.06806004131301956,2.7021543026752903
6458,0.10480288216070358,-0.22083027038580705
6459,1.7395609486770132,0.48303448954613404
6460,-0.19559322112166302,-0.10242777480300692
6461,1.4347383034952623,0.6349891578246515
6462,-0.8547762286600681,0.20352421952484243
6463,0.7975227307674063,0.14958459156228915
6464,0.44343015804595665,-0.10662488786682728
6465,0.6637017859142715,0.0920474192678054
6466,0.16793741089445274,0.47574229452203104
6467,1.076843287593383,0.11293075555423149
6468,-1.6916515900277758,0.4553037690284814
6469,-0.6567627176082685,0.3290187243632886
6470,1.0671841841057002,-0.28446875821509104
6471,-0.22759751001586787,-0.4819194291589472
6472,0.0864661057359179,-0.2566520843082413
6473,-0.7555010078361407,-0.16934566484005825
6474,-0.5758938364002203,-0.23409199524711194
6475,-0.9023697639488413,0.2655608617449361
6476,-0.24563636452614582,-0.09987441535741583
6477,-0.06006261779411976,-0.44057163921132797
6478,1.2826278262264699,-0.2629690794212978
6479,-0.9527053338255693,-0.15967996488887481
6480,-0.9042216858651944,-0.40573866898490046
6481,0.2978553564344213,-0.3985860798953408
6482,-0.3991099406476546,-0.4988686821972888
6483,0.443176606289596,-0.4314176106052092
6484,-0.883708637008992,-0.4090472239188574
6485,0.38339009848740596,-0.38378551529399346
6486,-0.2792806250607245,-0.4352333811301343
6487,0.5413512965296826,-0.43576053289960437
6488,0.09434203186801865,-0.6079840566243971
6489,0.6434202546921981,-0.32044240102965
6490,-0.5511807531098356,-0.535818666011943
6491,-0.4472694422743061,-0.5120994177779661
6492,0.030501339849306856,-0.5354703597407197
6493,0.923845936810364,-0.43261250207678026
6494,-0.39693590576200927,-0.5431180692049804
6495,-0.8351517167412773,-0.342073856285136
6496,0.2584200345338225,-0.4589995741886568
6497,-0.33713075933447784,-0.534220509946587
6498,0.6021374802977615,-0.3965142429074843
6499,-0.9388821449248681,-0.29406160814676324
6500,0.7584249406473618,-0.41279742559777327
6501,-0.06692091757945531,-0.45903892061557827
6502,-0.3578158640070248,-0.5528119400248793
6503,-1.1337592203053575,-0.31839659381570806
6504,0.49805904319338573,0.05968233884305409
6505,0.8775117658168565,-0.2637024609475078
6506,1.4031122350767475,-0.21707107698552813
6507,-0.40945387313678566,-0.40461907659776114
6508,-1.0311167996113395,-0.3796373156539725
6509,-0.05979954592798926,-0.5553240757945144
6510,0.3006468258013602,-0.5849807093211558
6511,-0.026168596797919306,-0.5580934184733988
6512,0.5419915708947177,-0.3270204762963182
6513,0.06108378319751382,-0.47089751311690314
6514,0.5657271023728643,-0.5082772200003213
6515,1.0042149481421592,-0.34942126668080825
6516,-0.05240492313193229,-0.5705401254434809
6517,0.40179609466545474,-0.4136242102958894
6518,0.1487172389127003,-0.570631712894724
6519,-0.8713456283864391,-0.29262053449502284
6520,0.028510417583483324,-0.5621279288251921
6521,0.22590203263386172,-0.540499677319743
6522,0.1683795656584749,-0.4457383238158983
6523,0.3680895765356668,-0.4457844671478783
6524,0.16212031765892415,-0.5361282416582127
6525,0.7504731683644791,-0.4007108046669215
6526,-0.0040181402706028204,-0.6058364926758953
6527,-0.37258702703675517,-0.49394767913681314
6528,-0.34863172164469425,-0.5583732860432273
6529,0.9727526219997745,-0.459618613208999
6530,1.701747308446783,0.33467388340968623
6531,-0.9026741251007286,-0.3566464516295706
6532,0.36640372336430604,-0.3450359923055216
6533,0.019480915438527015,-0.5214498548951157
6534,-0.28049530815995655,-0.451220470553137
6535,-0.24167510799008668,-0.47189087302136307
6536,0.31685315111984486,-0.575965237579267
6537,-0.4123753567502703,-0.5303607613475421
6538,-0.31883820419158543,-0.14121422465803599
6539,0.3017843590526094,-0.519170048710198
6540,0.11083937044752679,-0.5363751659720868
6541,-0.6308864860323737,-0.4050713281512305
6542,0.16010579674199257,-0.593842903379944
6543,0.6670320638520428,-0.4838846597763443
6544,0.6027866766338975,-0.3218130378880755
6545,-0.4972845818239022,-0.5683782336080958
6546,0.38858111196705747,-0.4596978069644439
6547,-0.023903703642103397,-0.6102188560087305
6548,0.3497844007804114,-0.44846897176639877
6549,-0.31366875468353755,-0.37046759837650384
6550,-0.15785632367605534,-0.4298679992558415
6551,0.36968868541399225,-0.4202752166655672
6552,0.15811725377961916,-0.580068202027768
6553,0.7959939970929767,0.11507527319975082
6554,-0.620982323515402,-0.5398115742887287
6555,0.21036013214574023,-0.31463684163860867
6556,0.10731310426433695,-0.30895905884996716
6557,0.5978813678790358,-0.3229900285546712
6558,-0.2650556065908792,-0.3817915047599529
6559,-0.11907948752085101,-0.5234173130849691
6560,-0.39114737007842365,-0.3404016756176187
6561,0.39125338191246817,-0.3911023368939521
6562,-0.5017979984070187,-0.6075465334634962
6563,-0.35955740922018714,-0.4683112055678321
6564,0.2946129520651478,-0.2748485497797228
6565,-0.4080456069089326,-0.5201185446402823
6566,0.5046546805597945,-0.4966828882992958
6567,0.19175578107174926,-0.5218467354189325
6568,-0.73567998039734,-0.44038234653764896
6569,-0.25294931164700235,-0.3646500964119207
6570,-0.4644796446173327,-0.3311495363475293
6571,0.5808611485002608,-0.45954932164640705
6572,0.021467525582211523,-0.658522306719608
6573,-0.39828249118455583,-0.5242442222822536
6574,-0.4721089890845371,-0.5825313800696729
6575,0.7673750910840438,-0.23211417170916168
6576,0.4885887395683873,-0.4142292160723745
6577,-0.8463391317289433,-0.42001938797163274
6578,0.047767621275661566,-0.5283536470803899
6579,0.4280807379112047,-0.42851845753745393
6580,0.5806554987437127,-0.3984312811309741
6581,-0.4763311453037112,-0.49428716099263176
6582,-0.031157826552079354,-0.5358436578605957
6583,0.45422428673862897,-0.6106731595092508
6584,0.0645825030355694,-0.5159952605769343
6585,-0.5759596708210714,-0.4448067905336475
6586,0.3277906215421032,-0.5053387496933585
6587,0.12212551282500693,-0.455716516968467
6588,0.11609000273555058,-0.632539706214982
6589,0.22340946775990717,-0.6396159482260085
6590,-0.29424514080046327,-0.5701961115546849
6591,-0.18935260534248127,-0.5450810466518119
6592,0.25553195708550475,-0.6538235391057451
6593,0.2993669401693992,-0.5008789702598474
6594,-0.25262381527240785,-0.45309356330116884
6595,-0.7344369549413944,-0.4460262603876515
6596,-0.06875027173183526,-0.6387662705600072
6597,-0.28662912198537294,-0.43247851372623924
6598,-0.014117321799494183,-0.545632461468923
6599,-0.9034915894905438,-0.37159700226823517
6600,0.015306863878170237,-0.4937414963795994
6601,-0.025406770655509118,-0.5016162350567585
6602,-0.07176639947850746,-0.6112994025213869
6603,0.05608321158288049,-0.4615011133454978
6604,-0.054227305656566686,-0.5650954526917251
6605,0.7239324682554259,-0.37816575933086244
6606,0.3879896918225358,-0.6084564173481908
6607,-0.8166484010796762,-0.4016339602473279
6608,0.005098902591594773,-0.5675246587843596
6609,0.5147078308305526,-0.506819855166798
6610,-0.5572543091174071,-0.47129491066546253
6611,-0.22514469322509278,-0.576933426728209
6612,-0.004978833199800138,-0.5275435784860517
6613,0.3595846297136567,-0.5645770823178098
6614,-0.13045163321767972,-0.5951425535055526
6615,-0.0047297913116359416,-0.6286699899673306
6616,0.15774542772010053,-0.6036415940369719
6617,0.6140322164569985,-0.45457804692748555
6618,0.21697630979137283,-0.5897092010956032
6619,-0.5486447919240445,-0.5692028149964995
6620,0.5967053348334614,-0.5208362660630004
6621,-0.4227523475638361,-0.4902916452138408
6622,-0.2734467202231999,-0.49895608103700845
6623,0.7930533346493966,-0.45934365513691683
6624,0.09583915752271527,-0.5805979385296103
6625,-0.2958562962227443,-0.5557387905997776
6626,-0.41241940039234914,-0.35581649453852593
6627,0.31848019064529054,-0.5651401839321071
6628,-0.4179113220371215,-0.5472748493031199
6629,-0.2447427951634866,-0.5719200872927417
6630,-0.13859724211805197,-0.39772640953541455
6631,0.13948314497610742,-0.4760597581748779
6632,-0.19289912917938504,-0.2176833173561109
6633,-0.0352289065455178,-0.40120021725572025
6634,-0.13748317017746475,-0.5476737597070233
6635,-0.5564890451456339,-0.07828701659061975
6636,-0.9072979770865491,0.5417555179612923
6637,0.14429751418006562,-0.42778964590160024
6638,-0.0033630163277198655,-0.5166831451839693
6639,-0.3926257699419587,-0.4312073505743232
6640,0.20454971967733876,-0.6249491044403253
6641,1.1044550362209824,-0.17101579514705606
6642,0.0015444071337089016,-0.4308435370279887
6643,0.43286984677519913,-0.2685127307398053
6644,0.6480942991033991,-0.21943760734344409
6645,0.281752973345038,-0.5336545412543613
6646,0.33065584551012983,-0.47964593828353835
6647,0.5137333075036037,-0.452121247596331
6648,-0.6013961895264135,-0.2216332394810333
6649,-0.2581040591494026,-0.36694566490831293
6650,0.6318007489645534,-0.3755847706325585
6651,-0.14383833590798434,-0.45718962274398967
6652,0.2969068092260674,-0.6041973955239995
6653,0.8954006719829828,-0.15374816144434433
6654,-1.413366624332582,0.3784273933740699
6655,0.4331618592100797,-0.2581079037354689
6656,0.12125813506926367,-0.25191727203244707
6657,0.19232880161713822,-0.5134363156668381
6658,0.3968754206824685,-0.2904600878779351
6659,0.9364035159616517,-0.15400924971225335
6660,-0.16457887585252387,-0.5068045195188448
6661,0.06543612123949404,-0.578087681395965
6662,-0.21053887639818433,-0.4410912060147855
6663,0.8396713887380781,-0.09555378797803923
6664,-0.12291204486214555,0.03500331852378293
6665,0.20707216151309232,-0.42209879024839286
6666,0.17932530104762776,-0.5425285472082149
6667,0.008299693765209023,-0.4820515871980034
6668,0.15040334528508648,-0.5685909096049754
6669,-0.03761406881976032,-0.41667758211779526
6670,-0.59292035819973,-0.44053382132817687
6671,0.9969311341877589,-0.029224013844066234
6672,-0.06367261677583001,-0.592214239784285
6673,0.18370119165794446,-0.5330575882877343
6674,0.2937010009962612,-0.5389770669824433
6675,0.13337938082737927,-0.4441915649941345
6676,-0.009473784915454041,-0.5255145515193833
6677,-0.5314887705969525,-0.4656326101187716
6678,0.5973387220969792,-0.5571504048557311
6679,0.17264713663873188,-0.4870970329439965
6680,-0.05119110834071185,-0.5440587768820366
6681,-0.11649440656119396,-0.5834964259304667
6682,-0.5603274700744759,-0.5155877235754314
6683,0.4220021262828129,-0.3961035632087181
6684,0.21162648907930046,-0.6338535573001661
6685,-0.14197877561458203,-0.6107394063715407
6686,-0.04459852744832822,-0.4155037153838165
6687,-1.586364617276848,-0.21750075963052334
6688,-0.09542531893838717,-0.45119808488944085
6689,-0.4272697458419574,-0.28258403547442995
6690,-0.570712734840456,-0.4511579787346679
6691,-0.2968838228950565,-0.4445093119756913
6692,-0.041170286814858785,-0.6047919541055468
6693,-0.01092691302691791,-0.4755317264344465
6694,0.08238832136202495,-0.5729602394214046
6695,-0.23831545237342966,-0.4761347785313595
6696,0.06982070133773041,-0.18179361480324757
6697,0.031398150232389614,-0.35449278138085594
6698,-0.24834241371801924,-0.4472461724510381
6699,-0.5680093509137111,-0.3343189760228035
6700,0.2673718379054678,-0.34728854725032043
6701,-0.5696879124753634,-0.44299197762190073
6702,-0.43393467964893817,-0.3879331697940252
6703,0.6764081559315588,-0.5661116434067968
6704,-0.11848669761442449,-0.6260924798101264
6705,-0.6398396727274753,-0.29459660016899336
6706,0.06288999379681393,-0.6519337899439382
6707,-0.5508518376928556,-0.21092053966169186
6708,0.12432651349919592,-0.44587796032825544
6709,0.4664582874726949,-0.4164702695601605
6710,0.49058880210983064,-0.5768464996863459
6711,-0.09515048824848261,-0.3926582673491206
6712,-0.4179450631096028,-0.39640271251668574
6713,-0.4397403294684302,-0.45410043596818034
6714,-0.4307971827947178,-0.4823419041164964
6715,-0.26328736200679737,-0.4632017229185017
6716,-0.0794295739240461,-0.5867613915377299
6717,-0.29749616311371124,-0.5814736947451152
6718,-0.07970719755816247,-0.5089146053748245
6719,-0.015797793214723844,-0.3176786925789746
6720,0.5616118545768263,-0.4137532395264226
6721,0.345288777318985,-0.37254533286979225
6722,0.5711528812468343,-0.5306679491422979
6723,-0.5396058959431973,-0.5590093518572506
6724,-0.22819791751469967,-0.5790357740157799
6725,0.40342854091600017,-0.5397259441739924
6726,0.054305449744725974,-0.3938524224596124
6727,-0.052074435618578184,-0.45725556636108466
6728,-0.34527278925405214,-0.5749950137382025
6729,1.1912070290597925,-0.37750894939180063
6730,0.8402783042391393,-0.3579367526022117
6731,0.0375672369109195,-0.5993818513387246
6732,0.7237702434369868,-0.3701637226945872
6733,1.8988748560615578,0.4866704369363221
6734,-0.018648173064524227,0.5906930911796188
6735,2.047530031913373,0.7752998747911508
6736,0.02127443884214515,1.1611453165560197
6737,0.30324694689635295,0.3603196209662795
6738,-0.19313733328980132,-0.09587568639818464
6739,0.5673427760448824,-0.021683010264456487
6740,0.156696606287055,-0.08828138723612523
6741,0.6809293605869173,0.19816450222451404
6742,-0.27316357621339354,-0.32505876840995784
6743,-0.9194535901923124,-0.11223851748062427
6744,0.16299337340105008,-0.23517019153360738
6745,1.1691321078889627,-0.06517907304369316
6746,-0.25748767328038863,-0.3700722232333768
6747,-0.6859854471857068,0.02358234125119708
6748,-0.5487116568522927,-0.26176733351216563
6749,-0.525631417650424,0.6769859272054051
6750,-1.2033939401765914,0.5966741171289073
6751,1.206749650809072,0.22803485123549894
6752,0.21375572096051682,-0.32196495356357707
6753,0.700093128096889,-0.09061382869190947
6754,-0.6718454729163454,-0.20229544554139767
6755,1.003694919085068,0.2512023198353879
6756,0.23380243954893362,-0.32690239013293343
6757,-0.8300412446689595,-0.14301791617775853
6758,-0.16080959153518573,-0.42387609612063093
6759,1.0436401157721602,-0.3075923828934035
6760,0.9481306354149537,0.15957371628924766
6761,0.29821754857625976,-0.2755911247925985
6762,-1.1056503765193861,0.09201604516906337
6763,1.857568675083832,0.3908236727274232
6764,-0.0009032738324086013,-0.09551454396863444
6765,-0.24286677586357958,-0.11553233447388069
6766,0.046830833321977856,-0.4417362067864034
6767,0.31904671261912965,-0.0100390637456223
6768,0.12637618504615142,-0.3740528823463391
6769,-0.5500580316002212,-0.43491575217016787
6770,0.3998599485063149,-0.35716970697935374
6771,0.02299216944896159,-0.260524949271843
6772,0.28261866237102434,-0.41181606746028815
6773,-1.0793244051909614,-0.3291715024932925
6774,0.24885149703986403,-0.3930339143511846
6775,-0.004222050607469139,-0.3465022449315627
6776,0.8769156565085021,-0.4118690820565732
6777,-0.050220746991961815,-0.574816190749377
6778,0.13459386780799698,-0.4220966830274079
6779,2.1048913071568998,1.0794015942177508
6780,4.1597451774246705,2.4270936264136442
6781,-1.6505400703547557,2.313193322102878
6782,0.48076544067187,0.22548235055778126
6783,0.20554219968619017,0.7559312761211703
6784,1.0867033349517825,0.10936567674338597
6785,-0.1267808613739796,1.4210705100000778
6786,0.1603737367040367,0.07594471324998185
6787,-1.1055500115488917,0.3407000683052432
6788,-0.019511270388474646,0.043669452897153196
6789,1.1701536357059128,0.6921877518751981
6790,-0.24071985855924286,-0.131662117621509
6791,-0.5134877573057952,0.6416703068998773
6792,1.571531513704863,1.117430799635931
6793,-0.7933851306783337,0.3376013912528056
6794,-0.14920021939346054,0.13313939864868307
6795,-0.5814868849648217,0.02903210592013665
6796,0.6260634452115587,-0.17943895299261148
6797,0.24785582976653506,0.06297980630013125
6798,-0.4635146388557668,-0.2555509778011115
6799,-0.8578918682183447,0.2514173971482571
6800,-0.012855820885050233,-0.2850016638153428
6801,-0.12045198717575928,-0.4613267792791577
6802,-0.10607721282976279,-0.6067976094310745
6803,-1.1183745157881249,-0.1703810947764061
6804,-0.03845912624235984,-0.49520863652050323
6805,-0.21845209854798303,-0.47057565232935283
6806,0.20706157443308346,-0.535320657895998
6807,-0.5055302483808002,-0.3573559085340073
6808,-0.13487151618131357,-0.45645705588792795
6809,0.2760846800147564,-0.3639076000593222
6810,0.03463883963057692,-0.39748722487817306
6811,-0.11146511943392523,-0.4815629713357994
6812,-0.8184158308458725,0.15782211669331786
6813,-0.17185131251128155,-0.34393098126185895
6814,-0.277760456842537,-0.2122900865183318
6815,-1.0175417846293322,-0.08293213856453673
6816,1.1755833515840195,-0.30448985634616277
6817,0.5786874621549686,-0.2805653158164515
6818,-0.181666580233018,-0.5299753126145594
6819,-0.6048312959388579,-0.46995427847919946
6820,0.6453934385685995,-0.4184624906214986
6821,-1.1563273218878445,0.05289132683541346
6822,0.20341850841810558,-0.31387965482326885
6823,-0.14060480488144653,-0.4034205493109202
6824,-0.4891470714175534,-0.3871800432341581
6825,0.21534126387621824,-0.3766427241969834
6826,-0.7316046315712634,-0.06361935025712549
6827,0.36374746982362643,0.10559466575497498
6828,0.42684694392852757,-0.1620977337856365
6829,0.2121874682173794,-0.2539465693794991
6830,1.0734695921808761,-0.33157019390274933
6831,-0.009901712551757754,-0.4256505727917331
6832,-0.4279835851324675,-0.4559548359285195
6833,-1.0737951102835925,0.3241713866331431
6834,0.6263815728996321,-0.25451472220955595
6835,0.3105774735708796,-0.13167137316528085
6836,1.9515258404464808,1.6820087075542387
6837,1.2939030817474122,1.8898997744049852
6838,-0.426882774153562,0.9249962605039458
6839,-0.5301000001486291,-0.035852756064552446
6840,0.7194258688479178,-0.05147940301914183
6841,0.9493155152998071,0.08334535446096418
6842,0.42028841713184467,0.48691991698254766
6843,0.2677777491221468,-0.10204283579170842
6844,-0.9646752519387195,0.9018546705919254
6845,-3.341041722512064,2.292751463801099
6846,1.2626887771829012,0.8936064270834523
6847,-0.7620848252232061,0.2773412125399178
6848,-1.1557783490827018,0.24089569312168485
6849,-1.0565096069136921,0.16961915353188245
6850,0.10826609854840194,0.1438750132901514
6851,2.1357107373361592,0.6913386121281149
6852,-0.22977620429661957,-0.27655736530827335
6853,-1.2238952653940596,1.1437183025774342
6854,1.1582045056022559,-0.26265481134768026
6855,0.93037890350378,-0.1610243623364628
6856,-0.35095766255965416,-0.01470040095005932
6857,-0.41647639687633975,-0.24317916098021986
6858,-0.6323205787835114,-0.2075736359718438
6859,1.1607419258748937,0.07693655956141457
6860,-0.4738038727413212,-0.38162854521867656
6861,0.012688804695985151,-0.49727698965073364
6862,-0.22118724963048886,-0.4458660599751228
6863,-0.25855766377865136,-0.43247083858494273
6864,0.7295710141179963,-0.5215563814454948
6865,0.8856988905521617,-0.5303588865516183
6866,1.228567226144924,0.27399793149035095
6867,0.5148048428160279,-0.12114128975453475
6868,1.1821218218492076,0.43433454571064817
6869,-0.1047837264482415,1.2877020545284426
6870,-1.121439085868103,0.8710214113337831
6871,-0.8602949764633331,0.27989128604701374
6872,0.672549291884791,-0.2429426616100622
6873,0.5128695016699643,-0.42508682928439545
6874,1.1207253847860672,-0.1462709242847303
6875,-0.6670602271325333,0.006496695345638963
6876,0.30123437861688596,0.3495194741370484
6877,-0.13976471899644782,-0.39876164628567223
6878,-0.14951507022208158,-0.42982830942261147
6879,1.5792883543973588,0.7377784693312032
6880,0.21370043299417119,-0.18721496242248825
6881,-0.9698716650816062,-0.07406922079280076
6882,0.1268977875008341,-0.09845135111168418
6883,0.06190954287660543,-0.16441011084523713
6884,0.6187374076852677,-0.34562930041313444
6885,0.8594244359432527,0.04268146569213825
6886,0.29690175579603306,-0.439485066270134
6887,-0.4233580527766796,-0.12837543863184686
6888,-0.6638384908327875,0.7390255580249618
6889,-0.2552324439489344,-0.2940853142209279
6890,-0.5318853090070195,-0.42721551993842605
6891,-0.249483864465662,0.11865781653340701
6892,-0.474497131378009,-0.36468416815327964
6893,-0.12060865777995154,-0.36603506033023847
6894,-0.25142877834648997,-0.4368143769016813
6895,0.875119570463643,-0.30881732354704
6896,-0.4797660918727054,-0.5216932158533497
6897,-0.17120681783930317,-0.45107729663475626
6898,0.2572652328562248,-0.4817889527501865
6899,0.8782879903533127,-0.3123872520470826
6900,0.08491377859335125,-0.3787078850464151
6901,-0.27652808859153366,-0.22443856877469393
6902,0.25879761166092313,-0.43742648800838546
6903,-0.8062064821696703,-0.34808664105559733
6904,0.1560349313612538,-0.46310121820531924
6905,-0.12245600836479724,-0.37820355437009445
6906,0.0296579730778688,-0.5067808843413836
6907,-0.4804628952056708,-0.3691755007084434
6908,0.6539692519948288,-0.556188949264794
6909,-0.4686626283438812,-0.44544537831084324
6910,-0.06070420853521897,-0.6193885561999972
6911,0.6612204860724108,-0.37363103957685306
6912,-0.18338893294283284,-0.37987895081274176
6913,-0.18278592901710813,-0.3441626304099982
6914,0.6785990132294927,-0.4358034152543306
6915,0.5336077649384686,0.07760368627099258
6916,-0.2876349986719557,-0.31905149098604346
6917,0.18078375239026495,-0.24333482438373746
6918,-0.2121380189737846,-0.12791079363537003
6919,0.5746223613384386,-0.2956806145064396
6920,-0.4683083187929681,-0.16964343838969012
6921,0.12671093376407686,-0.2306227132778682
6922,-0.2908324490383984,-0.019734087548346813
6923,-0.2910042703600655,-0.1399141346570371
6924,-0.13552048068639558,-0.31579993033422044
6925,-0.8024390131175398,0.10716112984860039
6926,-0.5718611499388797,-0.022889770959323923
6927,0.1608803262254871,0.04952721971039337
6928,0.038263663226641736,-0.38323022713605825
6929,-0.056864016041672925,-0.45310519199078064
6930,0.4842301558857634,-0.09693504662415178
6931,-0.42179092189618683,-0.4318929160287594
6932,-0.34552452080872187,-0.1732072908578129
6933,-0.3332793278048916,-0.41176473701031197
6934,0.37061256845060087,-0.4624774843388508
6935,0.34099638950649064,0.37553920656197803
6936,-0.6116482796551888,-0.033595383131309116
6937,3.2768763667426595,4.649575503093617
6938,-0.5848300228852166,0.4903540795536695
6939,-0.2655674771358116,-0.3017732437948132
6940,0.7106757379286296,0.29014882090088434
6941,-0.7095064812293765,0.729724077111521
6942,-0.32632079291358385,-0.4407154671518495
6943,1.2736890255098645,0.03925847252042276
6944,1.2013856835330408,0.6514381773042273
6945,-0.543065915347697,1.5672378476968163
6946,-0.6296709021302034,-0.16096183987860185
6947,-0.9720720871284503,0.4644251979558278
6948,0.4640628310635534,-0.1736539257666903
6949,0.006536841035803289,0.11496925322546678
6950,0.16347755057851635,-0.2795481214905969
6951,-0.9978917841287679,0.1288402299375095
6952,0.8158040722874431,-0.2164519475510864
6953,-0.687133946642729,-0.4504095678627251
6954,-0.24357069433941825,-0.14193706689397537
6955,-0.2618513221412563,-0.23363965409581552
6956,0.6045814719723732,-0.4295784121610515
6957,-1.668500116792513,0.392946343053296
6958,-1.3981534874802448,0.27357649523823446
6959,-0.7816893309334183,0.5560505872066809
6960,-0.09687790034567412,0.8216053879428532
6961,0.6922739886826897,-0.25618088969989816
6962,-0.7123769335993066,-0.34571825566920145
6963,-0.09201929437728781,-0.268091466037866
6964,0.09689531048651184,-0.418247842402455
6965,-0.46829522574665233,-0.3379456401586911
6966,-0.34384881613878454,-0.4735065372085046
6967,0.24382213209847245,-0.11749432900640507
6968,0.5783218356215044,-0.38835582419638015
6969,0.14783870339204389,-0.5714381672532283
6970,-0.4468745198305736,-0.325399305583099
6971,1.2398813766205456,-0.320854398192224
6972,-1.6911184143716396,-0.24425522552615767
6973,-1.0978005520905407,0.14311890986428996
6974,-1.1080890257777372,0.031222618793251975
6975,0.5579246672427716,1.0525332792292648
6976,-1.5128686066989943,0.5246790310573775
6977,0.06204111946245635,-0.23391239598481467
6978,0.44094603360275253,-0.43555732169162015
6979,0.36665247139269996,-0.36761334722095834
6980,0.47314949393985223,-0.34937820536809605
6981,0.3021589820658763,-0.37798664381572583
6982,-0.12750632232515222,-0.5607953329088258
6983,-0.10372780034680326,-0.2616122639237609
6984,-0.40633418308100816,-0.32131735562310676
6985,0.6740538466473665,-0.24410477184045454
6986,0.08835305233595517,-0.5012811423758844
6987,-0.47903825112574233,-0.34011737725708957
6988,-0.38875978464639027,-0.3769479529331397
6989,0.33405165477603,0.32808162979612976
6990,0.2844016378702367,-0.4252714311015751
6991,0.22326477432879424,-0.2838142506883478
6992,-0.4440543932229311,-0.32640395511559844
6993,-0.43597493089884987,-0.4879114679330202
6994,-0.12030054749076999,0.02160521955404501
6995,-0.2656639837343423,-0.51771413509949
6996,-1.677349980746738,0.9479924259540761
6997,0.981060780626768,-0.02278585305925626
6998,-0.8727837427441588,-0.19554598832062906
6999,-0.3583822903723132,-0.24069922682863684
7000,-0.07175445215413769,-0.23318469389990337
7001,-0.6136402657180495,-0.18646142450801442
7002,1.069869632231908,-0.23882089394880476
7003,-0.456587906142726,-0.46684140082498243
7004,0.9123500311216365,-0.40558473287805824
7005,-0.7508077894652849,-0.33979769815861616
7006,0.48904807782679127,-0.579198955825807
7007,-0.23179625541074336,-0.27095796649986775
7008,0.09156396246770161,-0.45719924227564634
7009,0.74806031187769,-0.359423704462493
7010,-0.4332848511895823,-0.41539548958907074
7011,-0.0943800213834118,-0.5710521782429286
7012,-0.7312841546856832,-0.23891478259334076
7013,-0.44994702856293833,0.3564442678680282
7014,-0.11267548788405524,-0.19823957588738744
7015,0.38904354936454866,0.4289293368689392
7016,0.05668542683058492,0.16123593670226033
7017,0.050105431253410486,-0.45129863767887346
7018,0.1546251440220309,-0.5059089318884838
7019,-0.3288101585045643,-0.5025662988786945
7020,-0.03626319984004466,-0.3490698025983282
7021,0.267100524999547,-0.5156254162340275
7022,-0.22834235794488017,-0.4652228628895772
7023,-0.6954590902220356,-0.35038446952136404
7024,-0.4347484884407453,0.075223496454931
7025,-0.03323428058045539,-0.41346964064846214
7026,0.23579999822616227,-0.398396068454738
7027,-0.4179886018404448,-0.3318613725345469
7028,-1.3644984641817115,0.40785370389758413
7029,0.5064292581148573,-0.09158431645665668
7030,-0.6992105223750756,-0.3536125262734592
7031,-0.05556897505980955,0.019456912250939068
7032,0.6171903106849834,-0.17391149425754407
7033,1.5736881084060284,0.8203520702221447
7034,-1.1297345577136253,-0.12195962312605532
7035,0.40886724903566146,-0.004180328245856032
7036,-0.7806973690908551,-0.14593468911627286
7037,1.2134594777318175,0.0951507429675393
7038,-0.21080456630454616,-0.5116760311007512
7039,1.3337388164773785,0.18204200438606408
7040,-0.11700250714869113,-0.24815201776773296
7041,0.3587344057406494,-0.32234856354190866
7042,-0.059445707650738665,-0.18418209513126677
7043,-0.1477100304648821,-0.31418822404495095
7044,-1.7811311885467476,0.07718114642720514
7045,0.43237526774686236,-0.4234563361049284
7046,-1.9828742630274119,0.9116950097106646
7047,1.1490972291356032,0.20171924620475512
7048,1.8478904650186418,0.3275353591963816
7049,-0.16284519330207334,-0.4172892395929967
7050,0.274957903805119,-0.37264756434822816
7051,0.5437532524056319,-0.3290848214923615
7052,0.8289578961540535,-0.21526822833586132
7053,0.5907052717202574,-0.31764951534595864
7054,-0.2390380266786905,-0.33724820988835835
7055,-1.159736328741274,-0.09794044339673214
7056,-1.3685613312952234,0.2062171368291435
7057,-0.7898938567053102,-0.33151925234274093
7058,0.294146155409588,-0.44996507862370644
7059,0.4862513038446422,-0.38954578808660256
7060,0.012312175451533411,-0.45054863515171334
7061,-1.2194094546382508,-0.3352804806037372
7062,-2.9161925175784256,2.570172393556076
7063,-0.552323430447072,0.1309617278114187
7064,1.1556589903492758,0.28247636563155887
7065,-3.543777132897206,2.2787439363354136
7066,-0.5345766559640414,2.755692479579702
7067,0.5939191597767717,1.121176036884352
7068,1.4980610135569814,0.5860733792888821
7069,-1.0398212339422903,0.05762603959773214
7070,-1.140785647785448,-0.2717015500745255
7071,1.0678734512297148,-0.3768149354381651
7072,-1.066775245033898,-0.16676867699051004
7073,-0.4682513787559918,-0.11889938292999061
7074,0.4046997905861701,-0.375240558827833
7075,-0.297128627170365,-0.026185092358229616
7076,1.6206802541487448,-0.19986447905487137
7077,-0.05246069421424039,-0.5229877556695854
7078,-1.4052444164978104,-0.12129084855429208
7079,-6.34391105986564,9.569243156501171
7080,-2.376149569081077,4.291538761772002
7081,0.08905348975174332,8.951607369889228
7082,-0.2115265251061677,2.616102511030648
7083,-4.74554259849971,6.956182227906551
7084,1.4796486682330245,2.84893764099471
7085,0.791497022069629,3.7136961312132564
7086,0.5022418350436944,1.335974101210357
7087,-0.9597862285899055,1.0628908606568634
7088,0.37891030938019177,1.2424276186952157
7089,-2.2215477666884977,2.491611072093591
7090,2.0679473511557758,1.158099629894121
7091,1.6306244244895944,1.1006149683739956
7092,0.5893240997255493,0.6862329454681162
7093,0.46564413275467,0.698250231447489
7094,0.7171306107925703,1.405642492330478
7095,-1.7003297944124387,0.3198368514504366
7096,0.4239830868916791,0.2972625135906996
7097,1.5653107041177987,0.029120459211876174
7098,-0.382778032675195,-0.29962902363286165
7099,-0.3797795941319216,0.010369124421436275
7100,0.0026425642423016666,-0.38453659850970145
7101,-0.19309325641850272,-0.24552160982926938
7102,-0.4297526363885727,-0.1996578821414184
7103,-0.12735525945737464,-0.42123607602619934
7104,-1.1475259366986863,0.014637603323395256
7105,0.9578837589596183,-0.2719053991237161
7106,3.4408568381140823,1.3450700695966853
7107,-1.1314445411256462,0.6144108859633566
7108,1.3761408051093253,0.81449899767465
7109,-0.01024229460459653,0.27265464361093883
7110,0.2611806503115501,0.8682309411640489
7111,2.5485857235769984,1.8570787690041441
7112,-0.9981982478295183,0.5421523504438119
7113,-1.0559724003911037,0.33350833956852705
7114,-0.4266099106049156,-0.14802807191772127
7115,-0.07844731790694427,0.9950832840632409
7116,-0.23744336722154455,0.3578951609245023
7117,-0.2545610041697451,0.07825747967992257
7118,0.5159038151032687,-0.10085299061905557
7119,-0.22206988314497877,0.28589731605890245
7120,-0.3701263741292945,-0.13027738143120357
7121,0.6683264775290543,0.24115524431044524
7122,0.862495288955205,-0.3074402525816254
7123,-0.3305645447744678,0.14752917518244069
7124,-0.6844237649953878,-0.03985073531461274
7125,0.9182634606834964,-0.36220457344178464
7126,0.6940559153565283,-0.33602586938101353
7127,0.30375980584698975,-0.010758145686087786
7128,-0.456480727949592,-0.012624220766951516
7129,-1.0519594174693467,-0.24926200063045126
7130,-0.23812981928165505,-0.4524218789733657
7131,-0.11691104940863747,-0.2864900636864358
7132,0.1189816078390234,-0.19442667010777615
7133,1.6189923716734633,0.6200511456947323
7134,-1.8963923877326494,0.3918957419358054
7135,-0.9148311464546086,1.215007790642355
7136,-1.3572664824169536,1.2782233150173474
7137,2.191328605978689,0.2398879766842576
7138,0.7895149226782782,-0.1038044971659824
7139,1.7216088839635462,0.7199938323642135
7140,0.591586594925774,0.7046810091272815
7141,0.26858672509697185,0.2770475857282893
7142,-0.733020772379319,0.17924354596981917
7143,1.9144042830670043,0.744987725458908
7144,-0.6654077550237169,0.25853528358704575
7145,-0.8377801218647197,-0.17332976795446053
7146,0.8912286522309191,0.21086336429447253
7147,-1.4333721084430158,0.026478962366423615
7148,-1.014759670274462,0.26310248426532795
7149,0.13540503442549626,-0.425077021559618
7150,1.0091468677848312,-0.2561359854388207
7151,-1.73607572942327,-0.07366692834928897
7152,-0.5054314047704284,-0.019543686389294528
7153,-1.024938722717281,0.21328643124583635
7154,1.190433766725481,0.09762837324297555
7155,0.3403032186858909,-0.46353546764810877
7156,-0.9014943858623462,-0.30420317245767736
7157,0.04932381742256929,-0.3702790476121694
7158,0.22925453047459093,-0.3577547464633824
7159,1.096923124163385,-0.39490284094072003
7160,0.0037275494471452992,-0.5328505091646789
7161,1.5452659972372238,-0.2135534383963494
7162,-0.5121011302259812,-0.4609499135216041
7163,-0.4555634437733114,-0.4533203793124527
7164,0.9392914156998627,-0.3793361410525711
7165,0.23296614652753192,-0.5282842728840952
7166,-0.15115901460838674,-0.49895552812710464
7167,0.35166651906096535,-0.5064334352027953
7168,-0.3314338349978254,-0.6078984032261933
7169,-0.07200115828060402,-0.6010363949343558
7170,0.7062376383415112,-0.43246317086057795
7171,0.03958852698680798,-0.4745582008808735
7172,0.5402017722621318,-0.4936829496634276
7173,0.4571373365606124,-0.2941290269381426
7174,0.09702799721873859,-0.3217817217322833
7175,-0.6992633661988154,-0.39134742569377173
7176,-0.560323093212748,0.3636810650948164
7177,0.5251218662644972,0.09192730137225671
7178,-0.5673817225258173,-0.08151627954405688
7179,-1.174330739645753,0.2208207285763307
7180,0.15315962988189447,-0.4827797113614243
7181,0.06171462503421636,-0.36196063063839223
7182,-0.4837789973568221,-0.502516071475093
7183,0.05887241614009044,-0.5071731667838207
7184,-0.341589864731718,-0.44362789926162827
7185,-0.3786584202224098,-0.5083742062370049
7186,0.25199119446183005,-0.48525914545718535
7187,-0.07737984860921314,-0.30444626488589127
7188,0.3640298666476184,-0.4748174512892487
7189,-0.06433248559034727,-0.575826983734191
7190,-0.3826327617899642,-0.5598570334481234
7191,0.23175346017097018,-0.49484978489723763
7192,0.2424141352925329,-0.4402425719672972
7193,0.02195830047668095,-0.5067041336123832
7194,-0.24285780139278276,-0.533092876752181
7195,-0.5231270501548709,-0.4850302854117335
7196,0.003740859302428906,-0.5098582575138402
7197,0.32283756001643427,-0.6273979496000343
7198,0.035818357852578246,-0.5289944183507456
7199,-0.38363541013807373,-0.3114964282434379
7200,-0.4647766960204347,0.11171630778561374
7201,0.21965267408776687,-0.5402046820876708
7202,-0.25971463300319675,-0.33516077804282973
7203,-0.8394441123296916,-0.27417576039971014
7204,0.26963783457104995,-0.35410020662779346
7205,0.9352333827157657,-0.4728355017886311
7206,-0.3058352379489479,-0.5883380440625321
7207,-0.9975075121618293,-0.4279752692131887
7208,0.5667048362916736,-0.3968963236484232
7209,0.2103734532696115,-0.38812339627551423
7210,-0.012684523660912073,-0.6329381938235195
7211,-0.3816017462677164,-0.42086925156810007
7212,-0.22295437494452272,-0.5690142781787696
7213,-0.0801264274617475,-0.6078356398527537
7214,-0.5147573451308345,-0.4957673247638587
7215,0.582475212426945,-0.5676427335669352
7216,0.1408161912779669,-0.6020257073072289
7217,0.19474090422866572,-0.6009858450600604
7218,-0.07531651775815712,-0.5495285179598737
7219,-0.0831527120045979,-0.5862723431716921
7220,0.2176034334003263,-0.5795508497955884
7221,-0.27954215295165474,-0.48351826603159986
7222,0.43926188179903003,-0.5416406983664143
7223,-0.6760434812854964,-0.5160060720021971
7224,-0.3119531731668918,-0.5667388274177203
7225,-0.2470325947385369,-0.4145833216542726
7226,0.9322955616440448,-0.5413164710224383
7227,0.06992131806364474,-0.42831343617285483
7228,-0.3045586046873383,-0.4829437386553742
7229,-0.2777555963645191,-0.47249385047729014
7230,0.23511563340804195,-0.4717908408549211
7231,0.10374127945403534,-0.6058749956022691
7232,-0.12171762473493292,-0.4684397797044766
7233,-0.640226063072234,-0.5132451008616625
7234,-0.036302791961482075,-0.4586262856434338
7235,-0.2336245135234157,-0.6022258757113489
7236,-0.24046373038415944,-0.5232169627296063
7237,-0.8881975379019633,0.3228936277162761
7238,0.5464505205167978,-0.23170162408786865
7239,-0.24356670408583456,-0.4188022799698111
7240,-0.7108041530228675,-0.4239412907046247
7241,-0.5884287837399488,-0.3107740359659326
7242,-0.7202232504865194,0.904994436384944
7243,1.0161163627290157,-0.3510238446949254
7244,0.63490883896252,-0.4802644511088281
7245,-0.96493443291853,-0.40211135332701126
7246,0.4853586520746692,-0.4787676249395515
7247,0.9312400546252678,-0.43344573652405183
7248,-1.8465089667709822,0.00992237207450074
7249,-0.8014374279311478,-0.17454586396399407
7250,1.6709785495277498,-0.16062824252152205
7251,0.31959332186688577,-0.4495841844005914
7252,-0.10355390240924399,-0.58011116638959
7253,0.1859582796945042,-0.6189251075937924
7254,-1.4555033023323491,-0.30296672154542104
7255,-1.3277507652055405,-0.024002840161342878
7256,1.2163144656034037,-0.26403004494618804
7257,0.8871580094864171,-0.5738086313129294
7258,-0.12055341433133293,-0.6172410185742625
7259,0.31165862767134167,-0.28697845848433334
7260,0.924517936797749,-0.4130412595240246
7261,0.1165306034172145,-0.45169537477027855
7262,0.49369933298989,-0.3298634951589415
7263,0.26368918526219015,-0.49166557954829465
7264,-0.06645252178461324,-0.54927542122047
7265,-0.8287297398048148,-0.4449217879763121
7266,0.5395704453710625,-0.44731594342629427
7267,0.18492381484228546,-0.5083140063850228
7268,-0.060300814745746764,-0.454669294819199
7269,0.4441796017735537,-0.6055160790260585
7270,-0.29674115562811293,-0.5671479134821265
7271,0.10054134554590455,-0.5963723322476006
7272,0.013837987845012632,-0.5282967400360762
7273,0.07193130253638814,-0.605886586596737
7274,0.6369063291535311,-0.4467047537167159
7275,-0.19824149603865338,-0.5502381587041397
7276,-0.6649224031813862,-0.3801242721561946
7277,0.2305825703763489,-0.5700093931860848
7278,-0.2253697937059117,-0.6347762759764326
7279,0.9300416200441062,-0.37098782920322465
7280,0.08184160067418578,-0.6328914874660625
7281,-0.3532710258007601,-0.5296360036801131
7282,-0.28088822521922996,-0.5919536790791349
7283,0.1716994182081647,-0.621016665448023
7284,0.1525048005461046,-0.465129205101505
7285,0.010368588655051856,-0.6273234637336418
7286,-0.3197368786520205,-0.516985501313356
7287,0.35091879825663724,-0.6065281653330592
7288,0.06388850266301822,-0.6359785274284646
7289,0.1933596348310199,-0.5079813196653197
7290,0.1501006950839515,-0.421442922351599
7291,-0.32390719407911284,-0.48457100513846485
7292,0.203531999311042,-0.5481123277357086
7293,0.6265509060966642,-0.42301287174138535
7294,0.5990953307082008,0.1890033242994557
7295,-1.0925620085298393,-0.45458733327915185
7296,-0.7344874701388379,-0.3030364922865999
7297,0.05167713503725682,-0.32481707556716694
7298,-0.3987574688704148,-0.5530950764702816
7299,-0.10400856471386959,-0.3068580201104563
7300,-0.572049293028841,-0.4050264741522128
7301,-0.020474815343268588,-0.5824331530846473
7302,0.14678653345477674,-0.6192524623467563
7303,-0.7644687705046155,-0.5247848074064327
7304,-0.037537174136522,-0.37306916632829007
7305,-0.023326350265077112,-0.6088670473758341
7306,-0.054114496271709306,-0.6322676129238053
7307,-0.891354347426102,-0.369277470730844
7308,-0.09729972307348872,-0.055554507465629975
7309,0.06532575571321148,-0.38536506252130837
7310,-0.42005421650429137,-0.4354128143731144
7311,1.251542511247269,-0.41269530187184117
7312,-0.48227571218429505,-0.534603173719212
7313,0.6213277736975228,-0.412702369840146
7314,0.13214547894857714,-0.5504741281382854
7315,-0.06660762782204131,-0.6101068243290703
7316,-0.5171031849471522,-0.5197669563105809
7317,-0.05887103382033531,-0.4157510145715177
7318,0.3108753177252242,-0.46864452467030054
7319,0.48948975301691355,-0.5870686737832557
7320,-0.34125846428215245,-0.5488815827588998
7321,0.22747083389759407,-0.5275923527222033
7322,0.9278929830893834,-0.4617231366673496
7323,0.16160503775390897,-0.3467739648033892
7324,0.15390361310290757,-0.5528411051739637
7325,0.15015511402918444,-0.3872324816611896
7326,0.17949625404692807,-0.3226799315002344
7327,-0.5740189703449556,-0.13882438391057178
7328,-0.31478949104021703,-0.4245201614306927
7329,0.5295475118575864,-0.462024403496756
7330,0.8726177202275117,0.07145714697487619
7331,-0.2844665022804701,-0.47954113248833474
7332,0.0919134679268857,-0.408234175328018
7333,-0.42146110331156555,-0.43614367049194125
7334,-0.5407168543630277,-0.286623906066856
7335,-0.08974147116003235,-0.5564377560046173
7336,-0.22894700626185774,-0.47760572986093514
7337,0.4563937911746633,-0.4963318713981392
7338,-0.0518652193064954,-0.5303195872341623
7339,-0.5790707442317601,-0.4259580952555353
7340,0.4011232244343087,-0.47003583732384874
7341,0.9235943445492789,-0.3673349649918773
7342,-0.15890959122451098,-0.46731400155524583
7343,-0.5787503342279665,-0.546680453425513
7344,-0.19433605004456836,-0.5155938884660906
7345,0.11200142028592724,-0.5172465119958116
7346,0.0371034280261019,-0.48918918775377057
7347,0.3220872602500426,-0.3900021414287548
7348,-0.2956729470910268,-0.5321682616100191
7349,-1.3062459242623978,-0.11806090699944985
7350,0.5619688407408145,-0.5658771539726868
7351,-0.9342141057134893,-0.348718199770524
7352,-0.8733901398590207,-0.45751066580342326
7353,-1.5034864203144431,-0.2753889092343531
7354,0.3345652569403804,-0.28154682370381284
7355,-0.6507922215928543,-0.23937286666100743
7356,1.3453967039423267,-0.40218744544200097
7357,-0.4677061562908644,-0.5659068086518932
7358,0.6770735749759266,-0.5302460457141756
7359,1.3083374024746035,0.004929280501433776
7360,0.13394970562016148,-0.04889877872496983
7361,0.0955594197577415,-0.47256414914906125
7362,0.1746384842643539,-0.5213457999974143
7363,-0.1820746402330873,-0.519634814737014
7364,0.5322752703214578,-0.4716165621582764
7365,0.7968851783385692,-0.5576541566551254
7366,-0.16012164744229185,-0.4131385493909095
7367,-0.3922486839879859,-0.44924220498167317
7368,-0.3236082213327982,-0.4324437381772054
7369,0.2554182485608483,-0.5676325750468194
7370,-0.21745557560582,-0.4001943580386256
7371,-1.462857273925715,-0.10651805145521936
7372,0.07603371706977306,-0.40589229567776697
7373,1.7611954012264333,0.28934878678929116
7374,1.324459875700436,0.4792163903791675
7375,0.7874619538394778,0.5207224801458943
7376,-0.7164513250851986,0.2548768904981557
7377,0.0895247264189611,-0.5163012182660727
7378,-0.16578299432405066,-0.46597529423243117
7379,0.22035568070288034,-0.5472550303123024
7380,0.22274284191003602,-0.4082725328944246
7381,-0.28230558344381057,-0.5158696683287104
7382,-0.4128605387552251,-0.5302244865556388
7383,0.642706084329073,-0.5126514971194377
7384,0.5240345523741122,0.046816061427335035
7385,0.20658630917574475,-0.5232937982106121
7386,-0.011829139689544532,-0.4129219724752137
7387,-0.045355858652907546,-0.2854083581142255
7388,1.351065140192508,-0.06379810873176724
7389,-0.23350494681221118,0.38514959684624545
7390,0.044846238134240116,-0.23124562203053717
7391,0.018707297560964044,-0.5823741540131155
7392,-0.04979401614627912,-0.5124713968837437
7393,0.026845532687220897,-0.10975589841902707
7394,-0.3126593905998949,-0.39452768446916786
7395,0.7821584137504125,-0.14562827960154218
7396,0.3216876166915039,-0.35285164977548095
7397,0.9085789928951428,0.19943471826029555
7398,-0.19171789608456055,-0.3142731989584309
7399,-0.17102827581300936,-0.45707495419255545
7400,-0.7131552646293688,-0.3721693021605107
7401,0.6047579481525938,-0.4250224410152579
7402,0.08923682082827175,-0.09771120983783554
7403,-0.48470898463905326,-0.3799985570088679
7404,-0.1399920488839271,-0.5377321555131415
7405,0.0013086850797106456,-0.5038765449913392
7406,-0.27708012737710086,-0.40055039389660074
7407,0.6370282573437102,-0.27677528482627184
7408,-0.2416918796894609,-0.608611024427417
7409,-0.7740222591100797,-0.4712229013097107
7410,-0.2242303691303082,-0.25400180460048966
7411,-0.43849751472727194,-0.4072612208172513
7412,-0.42599728702449063,-0.051314102193218615
7413,1.2793659934324453,-0.32933873726737145
7414,0.008810521979289821,-0.45428133997782416
7415,-0.36102162266086024,-0.5185437386313396
7416,-0.39764644077932004,-0.271861670381256
7417,0.36734102628581555,-0.1948437566299954
7418,-0.13822555709722587,-0.4638811770489834
7419,0.057114367959097606,-0.4546503239360133
7420,-0.023760248099354845,-0.5296742179348204
7421,0.547394669178138,-0.21224742911356068
7422,1.3476305797974353,0.33220136483664087
7423,-0.6117747317145472,0.11026611026304142
7424,1.0605327686097028,0.14909639563256769
7425,0.8488111761592172,1.3478984186802807
7426,-0.555160324323155,-0.02964589187607353
7427,0.4344986933952436,0.08723306803942359
7428,-0.4848170297603431,-0.09928122073961648
7429,0.3199424780219589,-0.17045558886311382
7430,-0.6067315556292622,0.01623856138162385
7431,1.502018871018879,0.15195044787785097
7432,-0.35016720716221245,0.15106324761671797
7433,0.19469807388619742,-0.40301149228137
7434,0.1613228614786319,-0.3757752769285665
7435,-0.10884988055720166,-0.5048469724005713
7436,0.3745115676895886,-0.4894659662015136
7437,-0.07520217226442855,-0.08910029475970399
7438,-0.3674712209004138,-0.31707970440652616
7439,0.6594626159012843,-0.4593719291859032
7440,0.5653317315534191,-0.3276836214687256
7441,-0.027788265220470648,-0.3714502200296404
7442,0.6682206054326495,-0.30095178660249994
7443,0.49884666528025084,0.05082126863663262
7444,0.5733969072376968,0.2136712513282553
7445,-0.8523986254549963,-0.1618850704860004
7446,0.36303410205756925,-0.3429948214113724
7447,-0.4871775245309169,0.28684636317376994
7448,0.10503982814918715,-0.3682405614377152
7449,0.439991797909891,-0.41871325700758527
7450,-0.033788381057880165,-0.27061822790591167
7451,-0.715900155148981,-0.5183835872993036
7452,0.3427904259609937,-0.5599608164986484
7453,-0.6576755175332779,-0.2492635473158867
7454,0.02905687213936941,-0.5365119062886737
7455,0.6256294831299001,-0.4093551097318133
7456,-0.3111794762910286,-0.44570114103156555
7457,-6.221760225516711,3.451659979270849
7458,0.6633410148690823,2.546090680892051
7459,0.8884520690836905,-0.15778373773000157
7460,-0.8064838218956655,0.01687775622771129
7461,-1.7388250019374445,0.35407872294574877
7462,-2.0885782846276992,1.8892362992821494
7463,-2.660230925332426,3.8803807227731313
7464,3.4598995786226596,1.1325791318631264
7465,-0.837620885789157,-0.23175897345450586
7466,3.305453629183882,0.5564316805104397
7467,-0.4718681807498124,-0.2700931964711389
7468,-0.2704219644499263,-0.5745017364664283
7469,0.25445900621388706,-0.2214336111931075
7470,0.07994064101410464,-0.49721034630743716
7471,-0.15727204813290868,-0.45605272276229963
7472,-1.3450625936217622,-0.023599975427591575
7473,0.6671338917490524,-0.12971764798607371
7474,2.0268852691068684,0.31217776129944136
7475,0.4047193278912157,-0.1966637118878313
7476,-0.899412851942981,-0.24382236912554497
7477,0.26548477365839446,-0.5816339839123823
7478,0.23092345412527823,-0.3836072019734371
7479,-0.0500277031883457,-0.4947962498527453
7480,-0.5097175888385947,-0.4144286309762036
7481,-0.5461191212962808,-0.43829871928181413
7482,0.17035524415546185,-0.499819833988709
7483,-0.09588035194166172,-0.6222636308551919
7484,-0.11278182093892505,-0.4910138368709549
7485,-0.12196628271320199,-0.5173008485564805
7486,-0.4021389672675638,-0.46256940786702827
7487,0.6154858605472232,-0.4317567437382169
7488,-0.8791171989630477,-0.36024023215613865
7489,-0.6083557942840444,-0.23564980461565266
7490,-0.0718710330535289,-0.47758759484446733
7491,-0.2456172424014078,-0.4843096963808886
7492,-0.9187731944304676,-0.0672508477456058
7493,0.5527707509729964,-0.40447257702817263
7494,0.3835923810505018,-0.31215562751335263
7495,0.013883803377852529,-0.45140994509094673
7496,-0.12733356120982037,-0.4514964897833657
7497,-1.5152119647564257,0.11194879038544986
7498,-0.04106767951198351,-0.22846796470525813
7499,0.06155925372298085,-0.15116090934627932
7500,-0.23474580414758286,-0.33740901159084785
7501,-0.49445036407916004,-0.19430300842351442
7502,-0.08659368693346309,-0.20650420007587608
7503,-0.44394825947320143,-0.05432589621067242
7504,0.1379934949796594,-0.11950002376023622
7505,-1.0985173246494506,0.44330629997474597
7506,0.9953530002655552,-0.24694120127979896
7507,-1.0729998626663204,-0.13187274677294236
7508,-0.6423666060021012,-0.06402531576005037
7509,-0.1756120145646923,-0.2690167454001493
7510,0.4284936100743053,-0.42411438278102054
7511,0.6950922731262078,-0.24965254759885322
7512,-0.48151403617409455,-0.4790871151011775
7513,0.39958433747316874,-0.2233709088760726
7514,-1.1094885928869227,-0.23358098450513232
7515,0.2511057991832432,-0.5062864137045787
7516,0.7108279062304763,0.2520071444639279
7517,-1.2130650287441151,0.37880496095190813
7518,0.22580093828158584,-0.3234568405732006
7519,1.3212161947935337,0.12793807719111183
7520,-1.0519744379048215,-0.421323445569108
7521,-0.9983797396901584,-0.01143470053613545
7522,-1.0750280236391068,0.3091311686485339
7523,-0.6893589498247644,1.9494829964182296
7524,-2.392023294354635,2.301410410225417
7525,1.0209399485144948,1.4198571755575775
7526,-0.4916644944986405,0.4671023057911931
7527,-0.004589375797032703,0.8567931012372592
7528,-0.7871560220172309,0.8147997934004159
7529,-0.418813194485495,0.32181921753322024
7530,-2.3786911071780863,2.477759934765187
7531,0.12477115566608804,1.916455046393313
7532,1.7849243790415859,0.3346310103373976
7533,-0.2205537282976351,0.31204184712659727
7534,-0.43647678829430503,-0.04878909648452911
7535,0.6943866085227383,-0.2966404936705357
7536,-0.7828610570214343,-0.2567450034229218
7537,1.4874825920118433,-0.1961161889212077
7538,1.8947374783159687,0.33052581544309156
7539,1.4237856956790784,0.401853622299757
7540,1.5311863710187177,0.3332302487787135
7541,-0.4787368857789305,-0.1727417763110612
7542,-0.7333880968965483,-0.21148904092721676
7543,-0.30044636064321545,-0.38756416709696323
7544,-0.09996228577813791,-0.07902418511291105
7545,-0.1184370888241346,-0.6078672780596489
7546,-0.8713614635655066,-0.31193013991912644
7547,-0.4772596273805882,-0.22221003270781858
7548,0.454849094971396,-0.2869274650880361
7549,0.6604316365198819,-0.34308908314361675
7550,-1.0669914469063513,-0.42074451110246747
7551,0.2650353744135958,-0.4955365122076117
7552,-0.4053229334187305,-0.5110941179049061
7553,-0.3555846887724124,-0.5425103351632269
7554,-1.1798814140869391,-0.33013188134426746
7555,0.9865951436394026,-0.529076099584795
7556,0.8171778532995104,-0.3727834003321058
7557,0.5003728553517864,-0.4474052108014243
7558,-0.8412513695543903,-0.40372748682471415
7559,0.6028414520289502,-0.37119275943646934
7560,-0.7597225597352086,-0.3828375221562499
7561,1.4240637409555004,-0.33846506163115964
7562,0.3164237662073552,-0.5657396985772707
7563,0.6063632535275929,-0.4820456240531319
7564,-0.6522760895022559,-0.37545260068008823
7565,0.05500364281619034,-0.5300804917082238
7566,-0.468585702052926,-0.472028629737866
7567,0.08169194583053206,-0.30122958478193934
7568,0.9149788750201379,-0.26242146710431236
7569,-0.8027590173137688,-0.44848303591636346
7570,-0.21982573037243963,-0.32506428222430633
7571,0.5009643039707111,-0.4769190873433291
7572,0.19898353255808693,-0.5904468018932124
7573,0.8400546281820825,-0.2262726498657745
7574,-0.3405236527261986,-0.5923505862016579
7575,0.4378246772151971,-0.5546122566160077
7576,-0.2794510779234348,-0.38536242730102266
7577,0.8299693751915895,-0.5495041071415122
7578,0.23904650627137095,-0.4484157300923185
7579,-0.2213281844228862,-0.3703240470054949
7580,0.2593614874184014,-0.55441209826377
7581,0.1291731745378713,-0.25591879748591156
7582,-0.4275599013260782,-0.5616422543846548
7583,-0.23398883433158357,-0.2608599062223797
7584,-0.4065374627091734,-0.4012084074630837
7585,-0.9831221762826646,-0.4911213323784323
7586,-0.33546955181789273,-0.38010362810048565
7587,-0.5149469478694639,-0.5501543166410517
7588,0.3313528931684326,-0.4209438470324052
7589,0.27758152090277655,-0.35060823981838085
7590,0.1976010299906604,-0.48162756256082717
7591,0.9227495208512424,-0.4391818270000081
7592,-0.8169655001692685,-0.31796510928603955
7593,-1.1151653695246209,-0.20053893359050498
7594,0.5745571572986914,-0.5444561009293488
7595,0.15754232950813526,-0.5644249268570094
7596,-0.40315548485779423,-0.4743690441018746
7597,-0.8081667654545827,-0.42695414176387253
7598,-0.17896759057729691,-0.22779581437113083
7599,-0.37769510202617296,-0.019048480793160186
7600,-0.8603057671253552,-0.16981852552475932
7601,-0.39525704615706303,-0.19668946118057207
7602,-0.9758426181149166,0.13330105494748243
7603,1.4542150248866543,0.27932722838310303
7604,-0.0452480970707248,-0.42162058263008817
7605,0.6502487420903151,-0.34262583843998695
7606,0.4913084887453364,-0.18637406392346847
7607,-0.10243750572361884,-0.4490886397013005
7608,-0.6644843040046376,-0.26743469201606634
7609,-1.0166927052199777,-0.30161724870187945
7610,-0.16597413348641113,-0.5165255461009832
7611,-1.49621586881416,0.7471293155816393
7612,-1.2445862715053964,2.1891130203342977
7613,2.2224671230131783,1.191864576057266
7614,1.0968582493912409,0.4321829667658275
7615,2.6724950125536253,1.819238505058691
7616,0.28720069901953776,0.18646705593958388
7617,-0.3349236011407305,0.1725085464729718
7618,-2.2058433499185277,0.7082115616349537
7619,-0.7020543119128962,0.43214510806748374
7620,1.0586796313483204,0.4914258189775418
7621,0.34607676930997955,-0.048048430178526835
7622,-0.21774977901266113,-0.12335324904423191
7623,-0.7294408427441514,-0.14517338202157906
7624,-0.9871952634381954,-0.035041074447037475
7625,0.6081491306244371,-0.1983487609099265
7626,-0.5129019785884243,-0.35088496177700373
7627,-0.7890841690001483,0.328979991097804
7628,-0.26503572710279666,-0.3075476235655496
7629,1.295275408876204,0.49477007859835725
7630,0.1931356250773516,-0.04177591226894951
7631,-0.4835018000783004,2.072761605450718
7632,-0.13497669819389604,-0.09222254080964568
7633,1.138940795935447,0.24234511610869616
7634,-3.2808655217571556,1.039450795355021
7635,2.937123585988121,1.5575756910752703
7636,-1.7624021183823095,0.4068179140644578
7637,1.2098333650576079,-0.28263661655408917
7638,-1.449605899238507,0.02282139461588638
7639,0.01828987852154496,-0.2850680919987925
7640,1.5595018593953471,-0.23306311325573825
7641,2.2003647754821993,0.3676739975297733
7642,1.2597495885896977,0.6329265432885791
7643,-1.3541788090920845,0.12795873301961508
7644,1.0673734994431503,-0.21019983773608367
7645,0.27890602842803636,-0.12833269403991795
7646,0.8231424794886065,-0.14052751528836782
7647,-0.7543279944569911,-0.35102294740959217
7648,0.2947668045189237,-0.4674240438732691
7649,-0.41341764590610963,-0.23981465386309833
7650,-0.13056303131298838,-0.506100594761365
7651,0.3084873594678123,-0.4557372630527767
7652,-0.494189618386098,-0.49886868152614416
7653,-0.9995677921377005,0.0792939087104386
7654,1.2261139804479586,-0.2844263719190039
7655,-0.6319678176098769,-0.39297533563925424
7656,1.8048756761888498,-0.18280375385232828
7657,0.36135259685162535,0.07166449355044756
7658,-1.0621913554035627,0.11601502790713517
7659,-2.037344333976984,0.476037489389077
7660,0.6683080773636206,-0.3353101857546992
7661,-0.9251094987774013,-0.07898407838622878
7662,-0.03337932365979897,-0.09271222815973568
7663,-0.16514243818253804,-0.15411181180765365
7664,0.21897578661493985,-0.45003759852189573
7665,1.254248419304983,-0.37167497014796175
7666,-1.2783949498881233,-0.3321962810497387
7667,0.511481595607573,-0.3886156973825203
7668,0.8607178241223928,-0.5084045306214005
7669,-0.16411352032856827,-0.6065437889366276
7670,0.5913792659513522,-0.41288908943035635
7671,-0.08941922523642636,-0.20893362659898781
7672,-0.8475710944954628,-0.44010013555735306
7673,0.27311354945008615,-0.45467349098558335
7674,0.6725314770226045,-0.2130694439862361
7675,-0.01717001831469673,-0.19748427846159067
7676,0.1698390097112303,-0.22423709578204146
7677,-0.47870679121192855,-0.336196636005988
7678,-0.4432593017531776,-0.4627209385980068
7679,-0.6433233387136315,-0.24248215368483841
7680,-0.41384739210888616,-0.4013864071975932
7681,0.1546621967652305,-0.49141235257335375
7682,-0.05692312369215431,-0.3723440702097988
7683,0.5249570599387672,-0.4143722013806985
7684,-0.2396463826093551,-0.44580407502304065
7685,0.04097169361216,-0.5675938172283436
7686,-0.39514440396134204,-0.5216709542942294
7687,0.9807689418537784,-0.3952522292442007
7688,0.10668917051190967,-0.5124485384186401
7689,0.10857084262252491,-0.35037552830829105
7690,-0.9007011358764367,-0.46302316011751865
7691,-0.021323262257225948,-0.5030102501980229
7692,0.9072666861764772,-0.4358324856835616
7693,-0.17729043432726865,-0.43232586266021733
7694,0.3144307417168057,-0.09725091577432948
7695,-0.24301641304680213,-0.5178850687749066
7696,0.4104999869818944,-0.3214207783016447
7697,-0.5057187859367467,-0.46611041267983466
7698,-0.2909642341835608,-0.502079696578787
7699,-0.45985666495979044,-0.46566140449291027
7700,-0.208682819345425,-0.5697386809024484
7701,-0.24585082428990604,-0.48714067333422867
7702,0.07081527228275611,-0.5139642434362964
7703,0.7518954698496683,-0.3797031080376514
7704,-0.23450733726547796,-0.5205980883104333
7705,-0.6470807920642521,-0.3082581699795246
7706,0.398122916190611,-0.38303667854808077
7707,-0.32243887259642273,-0.3847781246636668
7708,0.649529690125322,-0.36722582159982514
7709,-1.0156465615703005,-0.31069632316967466
7710,-0.9916134810354018,0.22109445272819436
7711,0.5418951934167773,-0.2628750616389163
7712,0.574678444999355,-0.46351581324629376
7713,-1.102110750900482,-0.20133032035756468
7714,-0.6988913877023382,0.43052666748452223
7715,1.105088007213956,-0.2177483260016857
7716,-0.451869622615174,-0.3122166653909788
7717,-0.40706034008796094,-0.5078909657016871
7718,-0.4594610478396541,-0.37490007508539086
7719,0.7185251697567103,-0.048521576182562705
7720,0.25024300844845654,-0.3307758571466678
7721,-0.2858513414107666,-0.470824108385553
7722,-0.9979993256639362,-0.08541370291715983
7723,0.5708208011713348,-0.31133710263110864
7724,0.16432776622863568,-0.5755896893932435
7725,2.196371666618878,0.5677619693275732
7726,-0.3335763933151973,-0.25431123782996246
7727,0.8231951246003003,-0.17514220345259646
7728,-0.7129752367413765,-0.4240273488731227
7729,-0.3198299701082939,-0.5259658867966482
7730,0.5255267133053798,-0.36854219651617043
7731,0.0854209683851843,-0.42050136291080675
7732,-0.35720626112298787,-0.36898763590889894
7733,-0.6021681542571087,-0.4911343536792882
7734,0.3344852264700592,-0.5947422075736964
7735,0.28738538436006933,-0.6247212773314216
7736,-0.06104890809142726,-0.4648971046664306
7737,-0.9300461130398844,-0.5226151479828304
7738,0.4778984712267452,-0.5750092181709827
7739,-0.08285270407126762,-0.5301010381518014
7740,0.16952066041802488,-0.4073537767764982
7741,0.16734941020337452,-0.14968984233892
7742,-0.060374565132695956,-0.6177177305660575
7743,0.9270026715826049,-0.4474567963552039
7744,-0.09283452845257373,-0.5169550101083219
7745,0.6809338791733839,-0.3498292530620513
7746,-0.4568951229826022,-0.3809560234048105
7747,0.1867931774515099,-0.5021980705629863
7748,-0.4844433702991987,-0.4096579075461502
7749,0.4128207110112811,-0.5286819812447069
7750,-0.2580305119153088,-0.5806625242129705
7751,0.3457214698071421,-0.4903195057042204
7752,-0.6554867706790891,-0.4759975309388074
7753,0.32690169074256914,-0.6188635662410958
7754,0.08673898222334159,-0.53569546787754
7755,-0.5446803191235572,-0.549552512464228
7756,-0.8500562207052831,-0.525274292470616
7757,0.6593895362330041,-0.28664621797832734
7758,0.6683321413990657,-0.5525962804805085
7759,-0.46684667983494316,-0.5959231503301764
7760,-0.18390750820230328,-0.621654760629776
7761,-0.4017446178180801,-0.2681889456269227
7762,0.16296056337157871,-0.5499138386374813
7763,-0.15975198524779238,-0.5480650495027741
7764,0.48720665373930155,-0.5132131521065842
7765,-0.5192417911449959,-0.46269602596664905
7766,-0.03204370915233617,-0.5619505463246784
7767,-0.25567355034299666,-0.5354708411563791
7768,-0.6526789877509391,-0.15104082662343762
7769,-0.5965198915349997,-0.11957388213504165
7770,-0.5887788078423997,-0.35399820617639455
7771,0.42328523753870884,-0.3944008647118457
7772,-0.41364552944511757,-0.35301439293285375
7773,0.8962528379148657,0.021479670020733446
7774,0.2806073372912733,-0.5170831444922789
7775,0.012865549615350618,-0.49532025887187237
7776,0.08334559397766009,-0.5627239108625233
7777,0.3642603453423622,-0.5280620906306259
7778,-0.2895082570860676,-0.2785377606694591
7779,0.1927789499589393,-0.5527205016930196
7780,1.5574215026014713,0.23142098236210135
7781,0.9923173375750571,0.6332202467396306
7782,1.1258965399492615,0.46226481917429507
7783,1.3105746730848782,1.1659479502935437
7784,0.16019467188016523,0.2677053525255697
7785,-1.7664061163539015,0.8230689084570477
7786,0.512481354933294,0.028275396838729257
7787,0.33899765366291285,-0.20632606917307325
7788,-0.7042781682773004,-0.31993941147531096
7789,0.11527033427575302,-0.2587330690920204
7790,-0.054446211095420666,-0.28652071545601265
7791,-0.014214938229126157,-0.1888231814917752
7792,0.49741047210656475,-0.2814016721350306
7793,0.5117310946796683,-0.3729550158730542
7794,-0.43548289827520825,-0.4599007675200204
7795,-0.22974398283372394,-0.5282107633948486
7796,-0.22070847564162097,-0.5468388246673931
7797,0.3487613601763655,-0.4787148518893583
7798,0.011946318644672237,-0.5080907623936762
7799,-0.012359502499498042,-0.5445733935872503
7800,-0.10918118681542756,-0.5745179371129776
7801,0.31745294655957523,-0.3898655478000326
7802,-0.31119938271899167,-0.46485201689941946
7803,0.29092020510466876,-0.42798163669759776
7804,-0.07485809376925534,-0.36469019971059113
7805,-0.7317792343079453,-0.3058651848983382
7806,-0.9239370481071485,0.5448952628119441
7807,-0.7560095544642101,0.3646057586840095
7808,-0.8101210274122601,0.5782626016691098
7809,-1.4198327179069463,0.3343113430991695
7810,-2.927883705282502,2.8126061847833785
7811,1.3646780359397348,0.6867022065990086
7812,-0.09244480481034233,0.5533180309513054
7813,1.1018329026369786,0.36167419151766306
7814,-1.6742675396768738,0.28020153438518497
7815,-0.8405615443948723,0.6910747830428134
7816,-0.3758740075938188,0.0889776067549414
7817,-0.2897530261726272,0.471224304243891
7818,-0.3944772091094628,0.14135860069789644
7819,-0.2965482161990278,-0.19330563397840644
7820,-3.6636090975499913,11.651667083159905
7821,0.1761329226095514,3.5008422738612115
7822,0.9419872019732694,3.142790820714004
7823,0.22977400521302635,1.304051859574088
7824,-0.5613269015529068,0.4609747908399144
7825,0.2761280002190679,-0.07562591112491773
7826,0.017306574959557466,-0.35878294660102256
7827,-1.0015922527274594,-0.0192381949288315
7828,0.5683427806775235,-0.3793588673536615
7829,0.9770408732931098,-0.3469078755871366
7830,0.3482652273454178,-0.17976522256640248
7831,1.4613451484108717,0.28224426619260384
7832,0.2241705273460543,-0.08864360516397954
7833,0.19203465328766509,-0.3266120345476226
7834,-0.3222453452832946,-0.5274791085361502
7835,-0.6386005554458571,-0.38233213502786767
7836,-0.3647749442651251,-0.45771872982358147
7837,0.43507375594536896,-0.472786318418911
7838,-0.6898479053620186,-0.4304764360532609
7839,-1.0380674965447325,-0.0037260440899202873
7840,-0.46521564188467535,-0.4881492084882894
7841,-0.17975397537029597,-0.30328598170710597
7842,-0.025901633217426796,-0.378695041077426
7843,-0.3302586005100306,-0.3941786791972037
7844,1.0695165407278895,-0.30573346919885025
7845,0.6483093931168792,-0.3917914156055177
7846,0.07954537576512367,-0.6331102341026391
7847,-0.31702039261914555,-0.33920824237677555
7848,1.0532724192228184,-0.19461517310824
7849,-0.19812733005284208,-0.4277192664634334
7850,-0.41003676797232624,-0.5316203395942236
7851,0.37598523351339724,-0.4390104812454643
7852,0.2439425283585882,-0.5762974521417533
7853,0.6162720043015584,-0.32699756907918653
7854,0.09846109571700129,-0.4207796303875734
7855,-0.7709410947416676,-0.3240427548745948
7856,-0.18222100006500544,-0.5903144880947105
7857,0.37853147811507676,-0.630459980669153
7858,-0.136136666829573,-0.6382908380312334
7859,0.2716792088423356,-0.6090102179656874
7860,0.48380415551884437,-0.5729536860218851
7861,-0.04475090990385147,-0.5576233590595959
7862,-0.2685821356884558,-0.5595503716116186
7863,-0.2718134918672477,-0.5067676470153775
7864,-0.10456204561013781,-0.6275836095687509
7865,-0.08822709970603075,-0.5517744860498226
7866,-0.4131999917119321,-0.6213594366896654
7867,-0.1668841125961935,-0.293211719092557
7868,0.7245814323567977,-0.29328185662578043
7869,-0.44692112717331584,-0.5388248836274703
7870,0.4188112492516732,-0.6231965129399304
7871,-0.08898030473292126,-0.6219668287441026
7872,0.11874042895929886,-0.41196972552771505
7873,-0.3780023902042457,-0.5487574716464054
7874,0.21850865327340988,-0.6229365066825916
7875,-0.9199546807773459,-0.18422789623753855
7876,0.2255097500097002,-0.48526778393303494
7877,0.056967851193546595,-0.44155708179753744
7878,0.0049669566567829395,-0.5092706118530815
7879,0.13306937706564984,-0.618919375050411
7880,-0.09940902444111438,-0.5628106897394525
7881,0.6597705918910352,-0.4842826005281662
7882,0.9952603039495979,-0.0629928772821487
7883,-0.6437766777023577,-0.31133649837570815
7884,0.10747899657168808,-0.39329068099257647
7885,0.2260051427427907,-0.49166187387892074
7886,0.09390852844358194,-0.4702298683926384
7887,0.4750465552572599,-0.38934488333959033
7888,0.05623304100234883,-0.4914313160666169
7889,-0.37624297758549113,-0.4714681656177022
7890,-0.15351670258499353,-0.5169652194427399
7891,0.1536956668836179,-0.3075907082446169
7892,-0.00047727260616322486,-0.5586871010990581
7893,0.09054091431225104,-0.46066528356906944
7894,-0.23665277759442357,-0.5456637905446834
7895,0.1044084281743256,-0.6159461838931354
7896,-0.48715417315472015,-0.4038795332657514
7897,-0.5822739710939875,-0.4961995228842755
7898,-0.4888118295512498,-0.42092525829409616
7899,0.11620287224587428,-0.6361165573280313
7900,0.016052779590832428,-0.5521050040907887
7901,-1.1645216746238405,-0.2334787239355894
7902,-0.6523648106215009,-0.12460747362680236
7903,0.02261650533414972,-0.3897695397974947
7904,-0.75785326148003,-0.07939341411643625
7905,1.1603274014722327,-0.2543705499593231
7906,-0.8231249006127619,-0.22284376227052594
7907,0.18171965140708995,-0.4350215650742787
7908,-1.0989212596051774,-0.17203577296459704
7909,0.43836311380919324,-0.09522082275553145
7910,0.4562005470578307,-0.3465335256323514
7911,-0.05917619437397199,-0.5782395134962856
7912,0.5060323011412245,-0.48111385145619806
7913,-1.0330937441408699,-0.16161348727835836
7914,0.38563751402224583,-0.42782827097275195
7915,0.37010694732840094,-0.2798739188734969
7916,-0.947135823844812,-0.3451853510923695
7917,-0.949067060609648,-0.004622009924048924
7918,-0.40250132360342256,-0.20873951057721904
7919,0.8154125385003332,-0.3077305353351548
7920,-0.26473562348231083,-0.40164607113332906
7921,0.02661916488647506,-0.3525459605357697
7922,-2.330397957428485,0.9327854196473772
7923,0.037402072556831124,0.3070718547436998
7924,-0.16739507804876247,-0.22562320448221018
7925,-0.2698265100580865,0.4648242534043609
7926,-0.8543121092765605,-0.2748193658384841
7927,1.132169461871614,-0.04052631661558258
7928,-0.3423974414798019,-0.4026856284471019
7929,0.9962379472207844,-0.2289947152765671
7930,0.3900097104215788,-0.02835021549167892
7931,-1.3181499265054402,-0.11774974730312776
7932,-2.9288221190209236,5.52368767431525
7933,-0.8694281720170123,6.8450045267277835
7934,-1.5413096579829177,0.9379711144161178
7935,2.381693063724777,1.6896988055005984
7936,0.24162136897607175,-0.022725467592152708
7937,-1.1684863401016776,0.07942597378683974
7938,0.5259922895134523,-0.3432219867818448
7939,-0.4712655544593927,0.1543539456581377
7940,-0.7147997715583522,-0.05100183958901328
7941,-1.2663107744216306,2.1570203051364394
7942,4.214378178977712,4.095318150133832
7943,-0.7511203478115607,1.8542858763079877
7944,2.083860877737687,1.3486061408963328
7945,1.5033459588492486,1.6082605795142546
7946,-0.12867315139798652,0.3051594244787912
7947,-0.12025178432884041,-0.10403713095007446
7948,-1.1074065964376725,0.10575649866213205
7949,-0.5069167952655591,0.43994514147057856
7950,-1.1654653306687281,0.1842109597522045
7951,0.07072410059724105,0.08633971621563317
7952,-1.4557369051924056,0.439659809286395
7953,0.07158178594671802,0.5609082835566085
7954,0.47840722817992265,-0.02462836877100652
7955,0.3003995439412625,-0.214777449339662
7956,-1.3512996845266587,0.015322704422833656
7957,0.5560296684448487,-0.27298910824534045
7958,0.38741155166545094,-0.4088124693193474
7959,1.8925371345331694,0.0483732313303666
7960,-0.4551376217562465,-0.5022175480772628
7961,-0.560760610852923,-0.4044053184328051
7962,0.5553023785393117,-0.44567574122472925
7963,0.8676237115882351,-0.3911527083960506
7964,0.32552816133402546,-0.34206420035941976
7965,-0.8679748135870236,-0.46456374796425093
7966,1.0521349432832554,-0.3630073144618248
7967,0.4171108001513169,-0.3106647445868865
7968,-0.3279202875624713,-0.5112876298396288
7969,-0.311966652055109,-0.5048316372878311
7970,0.13435245349512553,-0.6183781592519653
7971,-0.5076426020339317,-0.5442305859620307
7972,-0.01661500484533514,-0.44817867644971116
7973,-1.3763401071475119,0.08773347004567902
7974,0.1314856361738277,-0.36078289712430495
7975,-0.10951028728699073,-0.12331352572469777
7976,0.4783400739072698,-0.48836719352993235
7977,0.07396898910940955,-0.42472318709410845
7978,0.12338259276254426,-0.5060094084275908
7979,0.05059369760791847,0.024337240481166988
7980,-2.167179633602833,0.2275146030464178
7981,0.23806770556615908,0.06187833601962799
7982,-1.5757050618143524,0.41965981949942477
7983,0.9822737398199222,-0.17663202156369462
7984,0.1986536162439464,-0.12469743409260506
7985,0.7342086795266738,-0.14722958464079697
7986,-0.5273489101399833,-0.30485552665181787
7987,0.779900682347161,-0.3960329901985306
7988,0.04076888853774776,-0.2979633279343695
7989,-0.43406137355704855,-0.14742341112874724
7990,0.3302878168214072,-0.3922945346704122
7991,-0.033822230428702846,0.03471992135535878
7992,-0.703134685550962,-0.04608143001851567
7993,-0.49522919354763717,-0.41943489475131657
7994,1.3359725803614102,-0.19866847215238034
7995,-2.4747450279996914,0.9049197008789592
7996,-7.282740276218043,10.057996420860281
7997,-2.541614483680896,9.577996152460203
7998,2.1417187746044903,2.9256861148598183
7999,-1.3269861641092857,2.3973878767914214
8000,-4.034636415157269,7.300854200009289
8001,0.10630488097970855,4.968380130961899
8002,3.301461017056136,5.053826893124162
8003,-0.9610059284227739,2.5741280729700993
8004,-1.2771681816554388,1.1331847949511853
8005,-0.40775040330674656,0.28624928676676314
8006,-1.0467651301064587,1.0138452546398715
8007,-0.13142527289321626,1.2893364258800668
8008,-0.4946519223058274,0.3525104407149096
8009,0.5933690993785986,1.2508161449278932
8010,2.248228793869293,0.27637153689280486
8011,1.794739117439422,2.062296183240331
8012,-2.362348973418838,0.7504238545700532
8013,0.9608498485563943,0.08273301042229628
8014,0.18686628659240978,0.12869701374426173
8015,-0.6581183349719045,0.14786041419238471
8016,0.639088330078658,-0.16088459500302713
8017,0.19376554237363985,-0.5029127517844704
8018,-1.2646480220178544,0.023938095670812815
8019,-1.1203505757394296,-0.05046277499357407
8020,-0.28900152381673694,-0.1377598242486673
8021,-0.3961733846164332,-0.3038145644583411
8022,-0.46692204438795143,-0.1726300061335429
8023,-4.5145565101953595,4.89541951822498
8024,-0.32755132304543955,3.0947411495660573
8025,3.8881059483369054,1.6593902338753816
8026,1.8806163816480366,1.062056976575128
8027,-0.018445074563133875,0.48827328061980063
8028,-1.9204302476872592,0.2413444191376531
8029,0.7974583956472374,-0.12038092654247573
8030,-1.1239299198488366,-0.3167166556827534
8031,5.094415905351922,1.6608595349777766
8032,-0.07497481477200242,0.5381260532194064
8033,3.1008588226244185,0.8045279035622128
8034,0.46363087477729276,0.09043641866422378
8035,-0.7354850536292568,0.3329963018397861
8036,1.1804017519914778,0.37313947468061726
8037,-0.7379179289029032,-0.07473021514519963
8038,0.34956527380992664,-0.007646747008049535
8039,-0.41845346842238695,0.5971104382690473
8040,0.5169531797590315,-0.09322986484692562
8041,2.0479071899017462,0.39838497789589133
8042,-1.2709787242716042,0.6714408567448743
8043,-0.2756027141963002,-0.3089602238060427
8044,-1.0620131352449584,-0.2995237433209326
8045,1.0316823634460917,-0.40583051782269125
8046,1.8086582693591011,0.14611227519335504
8047,-0.4701844591882592,-0.3741792952626804
8048,0.6242882192605602,-0.4315340009689484
8049,-0.2087072145460574,-0.41156806223626696
8050,0.17859046062733175,-0.4317776203756275
8051,0.48528255271651743,0.1452725502559621
8052,-0.6830672325349616,-0.33259454561573654
8053,-0.38125095183554136,-0.3808771484564113
8054,0.5382686859091924,-0.47693769774105166
8055,-0.1531780257206465,-0.4403430058127359
8056,0.9852809210688627,-0.013342567956925401
8057,-0.3760769926449714,-0.46061441566019484
8058,0.08114968742432428,-0.5045698272598655
8059,0.6781317630261929,-0.2376551505152821
8060,0.22851068457484897,-0.4727651941800579
8061,0.02574864937557149,-0.3743416103300499
8062,1.1625767875452988,0.2676724969317887
8063,0.5299606058499591,0.0005490737726797273
8064,-0.7338739399007153,-0.10609988023007424
8065,-0.11037998972980846,0.29671308571859395
8066,0.7300766311156746,0.03997259062771377
8067,-0.1968797012318355,0.22558648377453708
8068,-0.506389564919207,-0.3541617280085642
8069,0.149853630678189,-0.3213267430809321
8070,0.22790707831531642,-0.42594727133599036
8071,0.4526878666177058,-0.2778242157009335
8072,-0.44551756863218983,-0.44321619171954374
8073,-0.536187212171267,-0.33147295156877904
8074,0.33858036562451455,-0.48183545494536295
8075,-0.619257317918536,-0.3125310179011807
8076,-1.0440896100347365,0.03384330137770644
8077,0.3278176922821239,-0.267920364561495
8078,0.20536448237866087,-0.3794065349553953
8079,-0.3205052000292101,-0.4176279624777069
8080,-0.7192187950579658,-0.40233001539773533
8081,-0.7382249499761123,-0.3909256109668378
8082,0.8886897793793893,-0.2888449875484815
8083,-0.2629903052873348,-0.2547804637560943
8084,-0.6580330843816061,-0.33264740320997094
8085,0.2959761231814614,-0.43908303972168783
8086,0.4046619265219181,-0.22901340106204554
8087,-0.3965989842482793,-0.31861034071573624
8088,-0.0387051996456034,-0.4942724618128516
8089,1.6831386356953828,0.12127504740566743
8090,1.1625109073350965,0.05174516316450589
8091,-2.294110567328887,-0.15439701095154232
8092,-0.5262818028810532,-0.2562999435212733
8093,5.12755914956182,4.400153831127249
8094,1.842793444589953,2.5429643118768896
8095,0.003674860493760882,2.956894445437426
8096,-2.6672798323859777,1.6748671778264548
8097,0.17761413438362258,0.11081675945304337
8098,-0.8241810472763739,-0.2540348607846472
8099,1.4795397985878074,-0.08924911917919372
8100,-2.6199931110468366,0.43989569224054637
8101,-0.3533885859304077,0.4875345868677462
8102,-0.6194697049296097,0.33030237328686235
8103,-1.5208670865713703,0.9058495983503306
8104,-2.87036366880582,2.9590900514824257
8105,0.9279251510423093,3.249414523706952
8106,0.01510398818398012,1.5419068040692492
8107,2.372803666046144,1.5539564424735388
8108,3.4896472049662486,2.875236846494137
8109,1.8000342334932622,3.44981370933594
8110,0.14018792000685934,0.41550279290184755
8111,1.6055042412650922,2.5502112135319215
8112,-0.7872591535293405,0.8004914614994162
8113,1.2777471920378038,0.9226669304882344
8114,-0.4576775951289466,-0.12452638775507399
8115,0.6266912072390783,0.07395344451350948
8116,-0.35561049730780325,0.047408445735732885
8117,-0.7578271192752954,0.5225716204548004
8118,1.5112251014647553,0.07253253995107939
8119,1.7364336211943396,1.6960437023737551
8120,1.6087650219104161,2.9939015965393554
8121,-0.5442195466241153,0.6713129167637575
8122,-0.8528591470804782,0.41798528568702176
8123,0.24046280234857348,0.5771428128172265
8124,-0.3887340431016324,0.7039903756202276
8125,0.07843992707787717,-0.2606207964548559
8126,0.264387522978088,-0.13861270860029073
8127,7.157886581462337,6.278799241600379
8128,2.8059040857699244,5.671536128546587
8129,-3.0374629088344136,3.3698278875952075
8130,1.7267441171469846,1.8222172513518586
8131,-0.6195679116017239,1.0425052969193955
8132,0.1028727695435223,0.9211148388206886
8133,-0.1223918492101937,0.6690895834495992
8134,-0.28627038789621995,0.3069792726674168
8135,-0.3413718791129569,-0.015609007729839688
8136,-0.46586800160975606,-0.2813876351576866
8137,-0.10399733986603214,0.2105461865637097
8138,-0.1348345049761988,0.4221021005866404
8139,-0.025705958323424462,-0.5131559549518966
8140,0.41383749631912037,-0.2386192231912041
8141,-0.5230618012599815,-0.3781216801022191
8142,0.6380222614919606,0.011004343887309555
8143,-1.7149422260503155,0.26669664035239743
8144,0.02902440529940055,-0.21876480783710278
8145,0.09162792275364245,-0.34671523838107277
8146,-0.7050125767990657,-0.17908012953547334
8147,0.7254043961897536,-0.08831203416015222
8148,0.7053825919479821,-0.17666782648458856
8149,-0.41833071448293807,-0.42660807482736884
8150,0.19432261958828717,-0.4328024665090464
8151,-0.4491414865058357,-0.3860881720055188
8152,0.3174043912573785,-0.5189304383484031
8153,-0.1795598989969744,-0.4095442868253354
8154,0.10243171044774085,-0.4832699554806684
8155,0.8154196057194778,-0.10256740126009481
8156,0.7676127174970506,0.46292085628631063
8157,1.0770853297674297,0.4171190492476922
8158,0.7718035171153056,0.49451295185607536
8159,-0.5509564383942231,0.2713718775050379
8160,0.36652360477961493,0.09705190071738871
8161,0.8261419037937772,0.6123186095386288
8162,-0.3000235311085913,-0.27053729118030695
8163,-0.7239605332820073,0.3335036044812542
8164,0.2156433868651254,0.2275306390327757
8165,-1.810999322971222,1.7402843199470643
8166,-1.141791640005279,0.6415255606525246
8167,-0.4862135065534518,0.7749484864836085
8168,0.715030523899184,0.2702231206624826
8169,-0.3053619187948627,0.24375806151359275
8170,-0.048244212707304925,-0.47175981027536973
8171,0.2616444293523674,-0.29255522865395833
8172,1.8523576563073905,0.28374132501194826
8173,-0.8881252113519031,0.22970543614760214
8174,-0.45484919297723686,-0.4560661224662229
8175,-0.18479177505847738,-0.397303333632048
8176,-0.042370950617927686,-0.47168274230409024
8177,0.0845240461979639,-0.2759402727403024
8178,0.3548341631552377,-0.4171707078795407
8179,-0.5064427908943783,-0.07044785021933325
8180,0.8122253004414084,0.09022366322600762
8181,-0.5590340141441904,-0.36843940883795384
8182,0.3428615319557884,-0.44072497507624847
8183,0.27831800380025895,-0.3033823265290749
8184,-0.8539738712600787,-0.2912933903555106
8185,0.46386663590615174,-0.34587235057852944
8186,-0.022509710601500626,-0.39499343358903244
8187,-0.012657783011104713,-0.408229293868945
8188,-0.33888013613569884,-0.12458954672781569
8189,-0.12188317877268934,0.5406549138876815
8190,0.08845171931777625,-0.22236153926984797
8191,0.7446088048259821,0.2854118835370462
8192,0.7183602316043769,0.706387353483871
8193,0.71611520720076,0.04013413905385565
8194,-0.7591141565505981,-0.011830873293990114
8195,-0.029197244665653592,-0.1938716868365393
8196,0.26826307405404676,-0.1491704694903069
8197,-1.5348661417925877,0.1074189168541493
8198,0.723781884317965,-0.33859426713394636
8199,0.021934053485182677,-0.4490779356266177
8200,1.1580492727118061,-0.1997908279709733
8201,1.3761326019749263,0.4161109929844449
8202,1.5253358196123807,1.1475141672835798
8203,-1.6580267914398354,0.9823318070841504
8204,-1.4009704692675629,0.3478104595030383
8205,1.2006809078895966,-0.3556493607058093
8206,-0.14178253393734289,-0.47249194113647897
8207,-1.0284450845771729,-0.3338198720849257
8208,0.1944758412853741,-0.272426606617972
8209,-0.45544885904114,-0.47037135825733745
8210,-0.5257918522078563,-0.45804963121303693
8211,-0.5785938296004902,-0.2924892788168068
8212,0.26940088920263294,-0.6082611039001244
8213,-0.27003899661220376,-0.6059157057474283
8214,0.4761051809882354,-0.3918358335326675
8215,-0.5478403543368382,-0.40930420169556875
8216,1.24010373056841,-0.5032565717042721
8217,0.2509736098786535,-0.46376038392179597
8218,0.887830084956571,-0.23387789933673236
8219,-1.0089395230490914,-0.37333531107044793
8220,0.527750996417983,-0.5718280136759173
8221,-0.20641270058299171,-0.36451824508603536
8222,0.4757627183530573,-0.5174763091910795
8223,-0.6769973223589619,-0.2574123460676257
8224,0.044196789083980385,-0.6235912054508364
8225,0.17517871327277434,-0.6042746909691027
8226,0.33847491419617376,-0.6162008587938521
8227,-0.9243507521777236,-0.46903449386106166
8228,0.06891739557504495,-0.5393666921443812
8229,0.5432181853663655,-0.4564948663537979
8230,0.9108498100847875,-0.5348356397822748
8231,0.7987498271800234,-0.3472214986587226
8232,-0.8547284139183392,-0.31546980177343537
8233,-0.9587629148001969,-0.13082541251328061
8234,1.9631441015500974,0.014632356693684529
8235,-0.1593046114955484,-0.44457227694893525
8236,-0.8101196673762386,-0.21949411970343305
8237,1.2001483075333832,-0.1473870630375708
8238,-0.3098351842106066,-0.55604466618636
8239,1.2058299252761884,0.16185393610915302
8240,-0.7975441103439619,-0.3588634756346804
8241,0.06736728147776196,-0.6014869706701281
8242,-0.2015319999338887,-0.4668718649453519
8243,0.11645982449758828,-0.48583667647399276
8244,-0.10883577505345546,-0.4199877449709601
8245,-0.5162750649534512,-0.4974129841741497
8246,-0.5893751766823242,-0.3620019321949039
8247,-0.23757579776699383,-0.47580394229378437
8248,0.3832227278143807,-0.4755511971668824
8249,-0.9772573455890882,-0.1465251036326815
8250,0.27642625592587877,-0.5123865895167844
8251,-0.015603484094122946,-0.41434516708633656
8252,-0.17520729560756987,-0.43259338502481176
8253,0.18215403464447216,-0.4290588097227361
8254,-0.08166351168348696,-0.5477328406164811
8255,0.031489116059643794,-0.5112622841725237
8256,0.8521473224399534,-0.35921213673826025
8257,0.19241043462236326,-0.5605298312159633
8258,0.09691004006116953,-0.5830489319492318
8259,-0.24855439595657838,-0.46464375983350914
8260,1.1150355636729248,-0.36803518772552857
8261,-0.14321478331153956,-0.4331808211547506
8262,-0.311326634442975,-0.22651754787904146
8263,0.048233347773211095,-0.45152940085375887
8264,-1.1917507435827295,-0.11818440677060779
8265,-0.47923803205059207,-0.3707508355512827
8266,0.8522789261051544,-0.031645298144767214
8267,0.46895278541116164,0.061129551806276605
8268,0.17896242482009803,-0.548074385131925
8269,-2.1851436038315883,0.5438774330446408
8270,0.7295461828061373,-0.39143046578007107
8271,0.18753718646377204,-0.3822550500696369
8272,1.1867928674955197,0.11721914015725626
8273,-0.59954755975696,-0.2968865905866364
8274,0.37539242470518774,-0.5197325352254203
8275,-0.497367644786465,-0.4987061982489117
8276,0.24756517245664292,-0.2706956676374031
8277,0.9304322289093924,-0.41625276291578717
8278,0.18710168726906068,-0.20317955322526907
8279,-0.8533657671001305,-0.20440623959593754
8280,-0.2778339913704976,-0.3006619293074453
8281,0.26825611377951825,-0.23228487777591691
8282,0.4208467379102113,0.022605991536258623
8283,0.6220112430625528,0.1517964007736837
8284,1.6864851218794827,0.9920989528541017
8285,-0.1081026945248948,0.5907764451482388
8286,0.30813941789597804,0.4758280319377072
8287,-0.6655946996449386,0.06807112433387412
8288,-1.9650485986231798,2.5397692493451416
8289,1.2297763484814273,0.8123645765709216
8290,-0.2916003516193785,-0.07838903221933363
8291,-0.9999934543781828,0.34745147923334385
8292,-1.8989695265139814,1.5603038833404421
8293,-0.6329723514829136,0.8798089085325658
8294,0.22415165626796082,-0.18294312440364696
8295,0.8160846541064787,-0.14388061689571952
8296,0.2841596353940743,-0.28035813936886544
8297,-0.7694418601579405,-0.027849417737688
8298,-0.15948796070650575,-0.2356848310413125
8299,1.1909238170035277,-0.20649664078690658
8300,0.5771044915084919,0.03041151339148399
8301,-1.2684746481043512,-0.29939932725711477
8302,1.4204388516235542,-0.5046645547141952
8303,-0.11134412455340184,-0.5963616578739825
8304,-0.33190228274643446,-0.4058013288497817
8305,-0.12822609487301773,-0.515159867955523
8306,-0.06328797567948505,-0.4684875361967044
8307,1.2182354332749668,0.03446053769482221
8308,0.620909978156107,-0.11581027574675051
8309,-0.5873038114648415,-0.3841478412588287
8310,0.33020199729171934,-0.42165224177204463
8311,-0.37148328147472925,-0.5895172162406136
8312,0.11547813667003824,-0.5243794046412025
8313,-0.31241969041251805,-0.5524011473374068
8314,0.8587770647241116,-0.49697270906420515
8315,-0.5968087468687593,-0.33980474345054335
8316,-0.5861570196843437,-0.3166835227781061
8317,-0.08221127537156538,-0.2795672745842456
8318,0.07439439471807488,-0.6283079264036954
8319,-0.550948218418712,-0.4682708984446235
8320,-0.556721087623434,-0.44867271188206403
8321,-0.4234085048604874,-0.3839543557754287
8322,-0.017565964515315904,-0.5118741787671148
8323,-0.10233438679344602,-0.4789621997607878
8324,-0.23888258971989046,-0.5815595915756547
8325,0.4409375380731489,-0.5667797177447336
8326,0.21873729407771092,-0.3447521575762883
8327,0.6478657319585126,-0.2935787003323046
8328,-0.31490629813463916,-0.3884264843007043
8329,-0.27801203071895986,-0.5605391177297699
8330,-0.024230429166382253,-0.545790919185559
8331,-0.24996290492662582,-0.565838817781662
8332,1.0691149980991488,-0.2906765623334031
8333,0.5444543085445388,0.7496804333033856
8334,0.11276371555285339,-0.6309039370476389
8335,0.48899826698911286,-0.21434562367544474
8336,-0.3523925248788459,-0.5382585201204908
8337,-0.4670860394224028,-0.4977141144468052
8338,1.5753873264345153,0.8313195163527076
8339,0.18165659410724275,0.6713538866900857
8340,-0.7239614884376192,0.013257433650257396
8341,-0.20548370318569859,-0.461594484994166
8342,-0.10796063444583925,-0.3633780425277617
8343,-0.45924709623401194,-0.26234831345873416
8344,-0.43939790561121533,-0.39943683266492735
8345,-0.16234673244184578,-0.39694694897954
8346,0.4400788257581897,-0.3824164647097462
8347,-0.260612336438869,-0.3727913169078875
8348,-0.6135021680919318,-0.5094079647978007
8349,-0.4159396052558211,-0.5185289670633129
8350,0.4229011999677136,-0.38703751911348505
8351,0.3851037626620608,-0.38282903659521267
8352,0.030104269393641015,-0.5946049769157604
8353,0.01952342223691826,-0.5740018504846407
8354,-0.014351206809577879,-0.5778194473728596
8355,0.3119645515375067,-0.4426816861920323
8356,0.5627458866062356,-0.0030080753911710164
8357,0.21009300844760204,-0.3173258135630995
8358,-0.8312640731798226,-0.2530596478972162
8359,0.6661490625714085,-0.19220487684571222
8360,-0.7449967127775871,-0.2236794662039033
8361,-0.30816242838247815,-0.3374948951827495
8362,-0.1332118701063256,-0.5766212142375328
8363,-1.6943285053391475,0.16297503954575077
8364,0.19751122342279243,0.014166924808321652
8365,-0.40310621210984016,-0.1435955935855565
8366,-0.3391503300791577,-0.39717465745128566
8367,0.30876872690524726,-0.1628685593294235
8368,-0.18318564724827685,-0.5169775225684117
8369,-0.22868420198912048,-0.2760010241986766
8370,0.04578167339480635,-0.5136318054166007
8371,-0.10132068077727033,-0.5801861521610892
8372,-0.47457699826259,-0.16495768061702454
8373,-0.22316585393948735,-0.5016432671436137
8374,0.29681777496206463,-0.20906050256178163
8375,-0.31505219314825045,-0.4535779891799313
8376,-0.22715795279298195,-0.4100154382261646
8377,0.48299772256026097,-0.2647577845235288
8378,-1.3242343108582477,0.13822363926033365
8379,-0.4950897124611455,0.1640062972477303
8380,0.20398344254890244,-0.07075160102923282
8381,0.4247820149924909,0.8648224336002538
8382,-1.456826202232096,1.2531095877197602
8383,0.3035300853288683,-0.0814590978027109
8384,1.034596989224175,0.10544214651547384
8385,1.2117762560624117,0.26550127481429997
8386,-0.677830568944171,-0.2937032207777896
8387,-0.20305019353242704,-0.4743915258387286
8388,-1.4628483313823883,0.4305691806804163
8389,0.438801380693965,1.2836791897917428
8390,0.8243528731436607,-0.2006204989024734
8391,-0.49941533769139496,-0.3723124514179741
8392,0.1463228298051224,-0.3784266343224803
8393,-0.19064498447579278,-0.5361988091524384
8394,-0.13876316207404268,-0.4769495364636533
8395,-0.028232951696577076,-0.42563362923640713
8396,0.5337510029717442,-0.37745225746058686
8397,-0.056440368376150414,-0.37179726113826056
8398,-0.6406523723627838,-0.42764423037590565
8399,1.4268913602500737,-0.2516660234729571
8400,-1.0984877865623972,-0.24669661593956846
8401,0.00728400669604939,-0.5193094735422924
8402,0.13162305228240034,-0.5993855210626902
8403,0.09029940928941406,-0.6164602725237279
8404,0.4232879750239906,-0.4792367143978252
8405,0.60877395718812,-0.4154181796453837
8406,-0.38071788688448893,-0.3674674049271882
8407,0.4246662937136232,-0.462253297124963
8408,0.30237486352654935,-0.5332011179734966
8409,1.778405752291371,0.3598021427691716
8410,-1.0795652311666795,-0.02046460678474455
8411,-1.669237911939749,-0.19007940367995257
8412,-0.36971608191727773,-0.18989539742583997
8413,-1.183097817459036,0.34452591288026957
8414,0.4729581048788055,-0.3991751057152351
8415,-0.4361871795091213,-0.3847069472071026
8416,0.28311998430187196,-0.3447078619703969
8417,-1.008459533367055,-0.40943966727301917
8418,0.03752129585000102,-0.6310388608485308
8419,-0.42620652039825024,-0.527296043384487
8420,0.6998893677266694,-0.5281073009817339
8421,-0.2545854148010901,-0.4748462456085863
8422,-0.05027456909178369,-0.5860123792872516
8423,0.07591724511686998,-0.5160809198290133
8424,0.6946317355701411,-0.46096210739843824
8425,-1.090282331001981,0.01974353222270319
8426,-0.8346191035580002,-0.08339385740822673
8427,1.8953608342779449,0.6681932041379791
8428,0.3376910104168814,-0.33371192615729883
8429,0.6404335206242473,-0.38065690301742544
8430,-0.2959971978308338,-0.4448469277283267
8431,0.5022738131687337,-0.5446379443512579
8432,-0.02431815909993008,-0.4937228851366571
8433,0.2518466159695064,-0.3960431936224389
8434,0.14000873705985917,-0.3579096657005774
8435,-0.49738104927908666,-0.18570769668907414
8436,0.770808915063184,-0.3460198293520855
8437,0.33131006049663214,-0.5903900031114803
8438,-0.1493684717167918,-0.4498150205632124
8439,-0.37413973303314046,-0.4518213473650784
8440,-0.07069177249810313,-0.4532712912532111
8441,0.19877065297704147,-0.43799098198744524
8442,0.09365381548899482,-0.36999824855676755
8443,0.25380533584291576,-0.5569329395153377
8444,-1.2175182237840458,-0.39875811153261986
8445,-0.4190698787594688,-0.5323079677912743
8446,-0.31555558942230594,-0.4812083158376463
8447,0.2744650763485634,-0.4018806208756922
8448,-0.20430399729213417,-0.5126621922801317
8449,0.7835611452466712,-0.38855511410098686
8450,-0.19641997990299181,-0.5354625791000605
8451,0.6754502973765831,-0.5136396416049359
8452,-0.6195732653062682,-0.27271859250841524
8453,-1.4187900754506961,-0.007972697742469989
8454,-0.20268961718727085,-0.11509595056724448
8455,0.4008505106666645,-0.3881840466077765
8456,-0.5370772425755118,-0.34719036187987634
8457,0.8365128550980255,-0.2537758513136705
8458,0.6498191055454857,0.06724960977455056
8459,-0.7559174412219447,-0.27061502139452626
8460,-0.12202752980173924,-0.5051283034916353
8461,0.7498057091652318,-0.1649886273199079
8462,0.194064229719118,-0.1688993371894821
8463,-0.6704814307076006,-0.37001392767710156
8464,0.1445064341769454,-0.4584488304177776
8465,-0.03686223466584494,-0.5526745255716965
8466,-0.29790105426379637,-0.6247185387337001
8467,0.1418605122328037,-0.6088413502810329
8468,-0.45458418959466473,-0.5216904152346755
8469,0.2768839128781931,-0.5205558955886253
8470,0.11938062816758375,-0.6167638809041395
8471,0.11785141550447147,-0.5118994599885712
8472,0.774762272008215,-0.4011318778153841
8473,-2.138540621343602,0.8212759595829201
8474,-0.40892786493135264,-0.4824569861323503
8475,0.5649166204244063,-0.4329148232017548
8476,-0.491601024712346,-0.4039064550648014
8477,0.5432577081622244,-0.16243420795466387
8478,0.21353984447800634,0.1811959188987372
8479,-0.3531863194155479,-0.06854563016150944
8480,-0.7791975708132829,-0.016887715923743798
8481,0.19454531441565265,-0.11991316596704182
8482,-0.1829069535052225,-0.18305981308197972
8483,0.15162263585652133,-0.28677307738083596
8484,0.9133812971383014,-0.2399091062520461
8485,1.5220084957325952,0.00911155809117434
8486,0.31643695907942626,0.13254446909525008
8487,-0.6068964786708302,-0.3203178149476106
8488,0.7025866249196251,-0.29044380006054415
8489,0.6349927900868999,1.1068934752265331
8490,-0.06382244298890882,-0.06398962693398336
8491,-1.4533519127876162,-0.270000417699465
8492,-0.8162789768216424,-0.36444355395008776
8493,-0.9533155973029043,-0.1557617103426508
8494,0.28921550342590474,0.05886078357780599
8495,-0.5822284466632424,-0.42290706729926925
8496,-0.8078879221636569,-0.20248384145886975
8497,-0.5855573102417625,-0.15768811179268227
8498,0.17116972743471492,-0.4265285420068131
8499,0.9291046240479396,-0.1920103951294474
8500,-0.07277685938122544,-0.4253387325891639
8501,0.21887967700007194,-0.588298577693044
8502,0.14735512031792075,-0.4493365205914246
8503,1.0879803792474174,-0.40880904658090367
8504,0.1442110450483556,-0.6221843963628226
8505,0.4153731359552155,-0.4990285871799321
8506,0.16750832678400504,-0.5093233468711995
8507,0.06868126690291852,-0.4264967541075857
8508,0.7553820459169713,-0.40343626572632735
8509,-0.29407473132383505,-0.0962849854923467
8510,-0.06478510779526608,-0.4836382977445141
8511,0.5736881993818568,-0.5459906140989179
8512,0.14733342834270313,-0.4754161131772453
8513,-0.16567419006440912,-0.5316501537219268
8514,0.035490867535727756,-0.5680894859713133
8515,-0.2895685862846655,-0.406312391983777
8516,-0.7036377407615135,-0.49252679297217966
8517,-0.01534864040342999,-0.570182799197301
8518,0.3121318603107481,-0.5108903674260841
8519,-0.7225553229416157,-0.4661647138716851
8520,0.7483894828267718,-0.5129570328636214
8521,0.006542753682304523,-0.5296065099975464
8522,-0.3771821108608957,-0.5632248030365509
8523,-0.435440751057836,-0.5500943904178507
8524,-0.2243044162056654,-0.4558573327821964
8525,0.6267801489939877,-0.49187954937245976
8526,0.7474804742329961,-0.3134652392497506
8527,-0.06759704433431454,-0.425094189042038
8528,0.4356222777383224,-0.5584458745686874
8529,-0.19014758552969646,-0.5865826961705679
8530,-0.5134790896853952,-0.4560912403651293
8531,-0.16587508351597646,-0.6181119811172328
8532,0.33320272700627285,-0.614246783596474
8533,0.16697810739611685,-0.6230803109011248
8534,0.10082885961435782,-0.5975685790595954
8535,-0.2131953575129514,-0.6076052190776455
8536,0.14396195494552852,-0.6090569034688341
8537,-0.2314246660946991,-0.6114749081971426
8538,-0.09573286048357632,-0.48642089354084866
8539,0.47396999347383245,-0.4127434858241479
8540,-0.4093469241254744,-0.4821015683552463
8541,-0.028755930676898273,-0.5840741996500936
8542,0.01757222339290355,-0.6220576728506866
8543,0.43249725218774804,-0.5510818373356223
8544,0.2506616230005914,-0.38495866782932725
8545,-0.30430316723316164,-0.5539750470630886
8546,0.26099904780831634,-0.5496898595145097
8547,-0.15021813902715023,-0.4890041229632985
8548,0.1536427446891257,-0.36344169230081147
8549,-0.1529145895604125,-0.5062066034355643
8550,0.363773178185763,-0.5418350512091591
8551,-0.6244807128475077,-0.4812663707584059
8552,0.050883898859921686,-0.4841160538648726
8553,-0.23885065470363487,-0.5363544651153882
8554,-0.06574511099308172,-0.6268112588868815
8555,-0.3407113175755676,-0.4418703245748158
8556,0.2719163289897651,-0.488248266085975
8557,0.42797002762086434,-0.4073794516568471
8558,0.13790394489060254,-0.5406609929746614
8559,-0.03068180115965982,-0.4568893447390557
8560,0.22183136151456861,-0.5735394416793401
8561,-0.3399014199257595,-0.5034621833692374
8562,-0.08407648587996826,-0.59264768745546
8563,0.08825181304255088,-0.6015151847946035
8564,-0.034726698200284414,-0.5778482364341586
8565,-0.16044196140568925,-0.5278270365205713
8566,0.005625327759292937,-0.5506897077363809
8567,-0.11430511771413751,-0.5802069952820499
8568,-0.41152271272796254,-0.5032771177291689
8569,-0.11102287000126648,-0.6119078895778945
8570,-0.06607291543152032,-0.5920232603811504
8571,0.12151426154959016,-0.5906612199576212
8572,-0.6099846058234402,-0.34500215489003483
8573,-0.09960287285648599,-0.4430748304677498
8574,-0.12462086573917817,-0.6068194796843067
8575,0.42533590117762415,-0.5106383824512853
8576,0.3538039251435635,-0.47365562890506313
8577,-0.022438458973246537,-0.49124591069053536
8578,0.058149751021227374,-0.5972795586183812
8579,0.13243794439092352,-0.6375235590164553
8580,-0.27168177581057135,-0.5441371540094729
8581,0.37813369068741565,-0.4484938722007263
8582,0.8368583343039907,-0.2033617127284894
8583,0.07557943549257674,-0.32524427686593255
8584,-0.16035546858760483,-0.3633400207311375
8585,-0.2749112745774947,-0.5241055891476699
8586,-0.3555875180319732,-0.5675827280091273
8587,0.3520452567410544,-0.5948258220748422
8588,-0.22718610195623828,-0.5675750833578447
8589,0.7169120982512638,-0.4635109292124722
8590,0.6696856812522465,-0.09501707937803046
8591,-0.6074884359466021,-0.45595098491266745
8592,-0.43027820928022914,-0.24171629021317312
8593,-0.05196054046268985,-0.5984395059720764
8594,0.5419147806717765,-0.26670899353456007
8595,-0.1836769005187892,-0.4794747847047408
8596,0.15002239610279217,-0.5316494150328172
8597,-0.2043451429597417,-0.5214080838406404
8598,-0.34970437648236774,-0.46031780833231506
8599,-0.3650096877807683,-0.509877448154884
8600,0.1430830867615323,-0.5893847587162037
8601,-0.39657199203082827,-0.5023729382577482
8602,-0.13140350740447848,-0.596163219729358
8603,0.07333119416099289,-0.5622021801219196
8604,0.2797419472165663,-0.4730843529088151
8605,0.015536548178388596,-0.6373311736645415
8606,0.6300115517811379,-0.49041287278192597
8607,-0.20107454168190433,-0.43863367206802656
8608,0.21210485448956168,-0.6148379671111845
8609,0.2466486783828812,-0.5860006723073041
8610,-0.5397893037347283,-0.5214554893124668
8611,-0.2587770988950724,-0.48830234361770714
8612,-0.27324197759714436,-0.5885613629713145
8613,-0.201104040360446,-0.5848100596722139
8614,0.1968061792549307,-0.5990210072150581
8615,-0.06459826465152257,-0.5117767617366289
8616,0.5552576426154336,-0.35427755094854546
8617,-0.31837822880477085,-0.5557043090346362
8618,0.26623442159364324,-0.5161509317665574
8619,-0.4104781214936066,-0.4588322252155315
8620,0.08953784998219931,-0.4524146851419873
8621,-0.6094654781326407,-0.4748907170403242
8622,-0.08490741700976955,-0.5758968035149528
8623,-0.36079911880180915,-0.49247663314030815
8624,-0.08486155665681279,-0.5539367427119851
8625,0.3786208518275452,-0.618312598810632
8626,0.08651696312915629,-0.6128164539675711
8627,-0.06271178513038352,-0.5900132073585566
8628,0.09044982957362727,-0.6177392166464991
8629,-0.5313958930582404,-0.4448166052737507
8630,-0.08467709201846368,-0.5854794713601525
8631,0.25307544738296034,-0.5599648181692322
8632,-0.28530896913069603,-0.5084248970332411
8633,0.06934387389601365,-0.5696936532228729
8634,0.05410986314738439,-0.6304647730820414
8635,-0.07656246473896323,-0.5416636168833331
8636,-0.054628555988349925,-0.575026114950871
8637,0.16923164717040673,-0.6191041510118976
8638,0.16902538201931389,-0.5815033710271282
8639,0.07010601269858538,-0.44223025339660593
8640,0.08987537966443489,-0.5819857076176753
8641,0.059403074470081016,-0.5446189569205134
8642,0.11732076292536478,-0.6336373610174877
8643,0.13316350781671749,-0.6652969767053842
8644,-0.10419341898251291,-0.5679029709287483
8645,-0.23261005375892027,-0.5979195634712768
8646,0.3204737262790596,-0.45041602268766145
8647,0.07034586691860191,-0.4692625094485043
8648,0.011154619010378373,-0.648720646061968
8649,0.8401678456299709,-0.34461999192290166
8650,0.05078333984079092,-0.5895535251216583
8651,-0.08092469311564864,-0.42935286958663854
8652,0.2446078263267712,-0.5837490865078513
8653,0.3734817566221432,-0.3968335500844541
8654,-0.33040812683707904,-0.48231131842093306
8655,0.7507980972877788,-0.34135460540483464
8656,-0.20637999114274985,-0.2898252208324955
8657,-0.3314422501523369,-0.2952112064716224
8658,0.5296256358067839,-0.2269311120223572
8659,-0.3424669824612438,-0.47933547130454174
8660,0.14908815833077896,-0.4619367681976482
8661,0.21672249683045033,-0.5388723365259296
8662,0.7333972874436558,-0.21253345479729938
8663,-0.9907068560505918,-0.27845045173538263
8664,0.2289987781966428,-0.619129823932118
8665,-0.4991017279955337,-0.3930212617509648
8666,0.7308994375590189,-0.3716125922049829
8667,-0.0872436034819739,-0.530514173931556
8668,-0.08168995673123536,-0.5566136353018528
8669,-0.2299676036696126,-0.3916177473877627
8670,-0.2682998867497789,-0.46060279451749003
8671,0.6211704747527041,-0.3998643054216003
8672,-0.34324982500885115,-0.47513656223957024
8673,-1.1795703636414427,-0.04868360531531742
8674,0.02464752292833378,-0.1596845281885108
8675,0.09821601084622338,-0.4975251931571417
8676,-0.2697493889962278,-0.3643775673544571
8677,0.10234543434070628,-0.5327152932863989
8678,-0.6448329349548421,-0.3234575381318961
8679,0.12932532268714317,-0.33019829220928026
8680,-0.47326691378306485,-0.32988815389262127
8681,-0.09991986676634491,-0.4986093323280671
8682,0.44657904069304927,-0.39709397831317006
8683,-0.019031752959044582,-0.45106680792439363
8684,-0.37599104389300964,-0.3997194222460262
8685,-0.3496399972498371,-0.4286279425284984
8686,0.7588943303007004,-0.5312624843455884
8687,-0.4077525463233871,-0.5533443274874353
8688,0.6492571210277154,-0.4569515652457376
8689,0.247650758544983,-0.5638424814489724
8690,0.06354422982991775,-0.31543241938631733
8691,-0.2818942896570027,-0.45840332692262775
8692,0.18064916716656082,-0.40917436115103323
8693,-0.5261016364858718,-0.48563909446304615
8694,0.1394129610225315,-0.5522099278268939
8695,-0.33478422229218197,-0.6008628199866042
8696,0.33990997744411644,-0.619412360187891
8697,-0.2970660322195171,-0.5060731139782534
8698,-0.28088479709632413,-0.4680866160705525
8699,-0.04800907737181717,-0.3948346808723422
8700,0.6158365559364851,-0.48094246754138487
8701,0.6415175491424401,-0.4763709523300135
8702,-0.20719140233531708,-0.4053041235514684
8703,1.6640481302100247,0.28664934507894174
8704,2.67797261248557,2.931811576884771
8705,0.16775348756504613,-0.06506906555385936
8706,-0.30936422606367037,0.07210364753603754
8707,-0.07609488206576076,-0.1393086981552384
8708,1.0056568692798147,0.1871447823454152
8709,-0.7457140765229557,0.617350392828343
8710,0.17090156031580378,-0.35689795157308063
8711,0.06455474533247528,0.12758828283671733
8712,0.5596859819982647,0.6300089298034063
8713,-0.23107640719155625,0.31007670056191733
8714,-0.15779763569865446,-0.36669826865427024
8715,-1.1002295679348375,-0.03457539615140599
8716,0.14613404756711743,-0.3978070328608062
8717,0.4372618859950841,-0.44096332469195587
8718,-0.9787865881891089,-0.4059601175153486
8719,0.18737918003215598,-0.4503169366673437
8720,-0.44022020456872535,-0.47052701860304375
8721,-0.13792794343754586,-0.30014651445325274
8722,-0.6137388341838096,-0.19181668480027148
8723,-0.05330270111956889,-0.6069246223987319
8724,-0.4702633988485409,-0.38610438000722597
8725,0.6727313187236307,-0.5821790171845413
8726,-0.16281105584249775,-0.5230448580613928
8727,0.04583584131759074,-0.3638827001312328
8728,-0.4722527835859989,-0.5492831193036717
8729,-0.6834839362948714,-0.22523159788122007
8730,-0.007811533421500958,-0.47424008543428214
8731,0.3374173831527548,-0.6002391225314951
8732,-0.436554168446915,-0.520431437730334
8733,0.34829066011006504,-0.5458890677085353
8734,0.10739538280365737,-0.580184877672119
8735,0.017187502724395492,-0.5591142302705396
8736,-0.3094399661544095,-0.5898712003877232
8737,-1.267814313796058,0.126447627595165
8738,-0.7452237464782169,0.5863332260640451
8739,0.2557522287186856,-0.30661758284965296
8740,0.4985014256454975,-0.411364825451855
8741,-0.04027512489112453,-0.46828294756312167
8742,-0.004690652507711047,-0.5595858102764579
8743,-0.25964066539345504,-0.4688400742761949
8744,0.04653471712978709,-0.35693097169564736
8745,-0.5843381284742805,-0.31262845052490973
8746,0.12450183966078625,-0.37411760933267907
8747,0.4488968206089484,-0.3963305783577282
8748,-0.23618533051263838,-0.6011740767529001
8749,-0.7880329089461792,-0.37326353563614456
8750,-0.21742219558089107,-0.42526099731019346
8751,0.08505219293104703,-0.5277627081940831
8752,0.21671716457219456,-0.4565983511209192
8753,0.228257093549074,-0.5819704159475637
8754,-0.05714047216861439,-0.5209871666618656
8755,0.3773816973744825,-0.4022100702679862
8756,0.28656113986023557,-0.3672208724765161
8757,-0.15787336509501823,-0.5511523264113692
8758,-0.4108908413236479,-0.466092360840904
8759,0.09366912123252727,-0.6241763307025073
8760,-0.30357281997892754,-0.48734392495159673
8761,-0.3595323552776896,-0.4041865084662065
8762,-0.36683114195247263,-0.33777818557838624
8763,0.4749207371609541,-0.45695344614696426
8764,1.101772420236751,-0.009149337089458589
8765,-0.9338926924124664,-0.045019469540926754
8766,-0.3729153375248093,-0.32536414046512513
8767,0.06269482272872548,0.033553486111863526
8768,-0.14439695187494223,0.06278897035989565
8769,0.03985207691665396,-0.19926850908099086
8770,-1.7617854438139728,0.7378352593116698
8771,0.18083227959471987,-0.22182137058478438
8772,1.599907766852131,0.9715447770736921
8773,0.48346439576426753,0.274653719829009
8774,0.457626865795767,1.1990040437034744
8775,0.5847760185892654,-0.21983440332656617
8776,-1.2197094154924093,0.42809935340393024
8777,0.67815532310818,-0.19410245834575868
8778,0.4905841172581145,-0.19113620634464243
8779,0.24343773342188743,0.025516354964541917
8780,0.002490844442173972,-0.4863965102251474
8781,-0.148161132271645,-0.4667582643682794
8782,-0.7116668085030098,-0.3330637265732152
8783,-0.4550747073808411,-0.275075658323712
8784,0.524908557767706,-0.20227970881526997
8785,-0.4863938818488085,-0.31950421141776736
8786,0.02099896248589926,-0.5228605773223681
8787,0.9883994881456022,-0.4449525209166121
8788,1.1547869769261403,-0.13893271488437864
8789,0.1820667941995832,-0.04509183841687204
8790,1.095975126237612,0.4109263330014772
8791,-0.7883268506893322,-0.28739995171184346
8792,-0.028359061322903445,-0.26057035639569204
8793,-0.18635405446252168,-0.47685594847262763
8794,-0.048181031953595556,-0.20072646318836337
8795,-0.390439131626726,-0.20451810305657986
8796,-0.2168966120800765,-0.5072677315185943
8797,0.05915709134913749,-0.41443454732003104
8798,-0.9565877033895517,-0.12163510399632915
8799,-0.13081665775240092,-0.39426876927040233
8800,0.27555706849999934,-0.5524231088579552
8801,0.1446040707726314,-0.5641296399034706
8802,-0.6330098762858836,-0.31369534808761057
8803,0.5279537522401891,-0.39067411376947886
8804,-0.39734295406140396,-0.5520428673359288
8805,0.08955737366912883,-0.3757367177469
8806,-0.3374676301608778,-0.4697374627070182
8807,0.8111490542571934,-0.4452052767756001
8808,-0.8255758899105642,-0.3236607050435499
8809,0.450892543329911,-0.37913575021969614
8810,0.2665565211844158,-0.5234971792849484
8811,0.6138843546196129,-0.4128101560497346
8812,-0.2822290216230511,-0.23520101658870274
8813,-0.40573150814857584,-0.48294145684158063
8814,-0.617710009179951,-0.3957304982848849
8815,-0.07113441254314838,-0.4694934060421415
8816,0.4175851947999724,-0.5110471524607265
8817,-0.6331368795644111,-0.4080771533788028
8818,-0.6739077410428261,-0.24052600574880614
8819,-0.007089852550611488,-0.606030338844735
8820,0.5531417293257863,-0.5076371418649007
8821,-0.19059031962780934,-0.40621463761430904
8822,0.2551540047293962,-0.4103212422455354
8823,-0.3206439265504754,-0.3769999138902395
8824,-0.5518960828050576,-0.4382370032000136
8825,-0.2793158741981228,-0.5125293164246927
8826,-0.7494845512766978,-0.34421515349040194
8827,-0.3844722306133873,-0.3583461410817144
8828,-0.4357095090306295,-0.30624949131927376
8829,0.16751773011498355,-0.21305858690057644
8830,0.44543949821402984,-0.3919598447695507
8831,-0.5305801837973688,-0.4957610388168587
8832,0.115515160911885,-0.5850124415373869
8833,0.5212059141841872,-0.49813210933944896
8834,-0.004597564941083992,-0.4639036532602276
8835,0.010377526634805765,-0.589089789917718
8836,-0.23003368215622877,0.21350335490411665
8837,0.07631379250008455,-0.3782136340523127
8838,0.6015694397200358,-0.18449592442188206
8839,-1.0950049538515918,-0.42462758666989714
8840,-0.04402983944870403,-0.39398259926629586
8841,-0.8205054772851947,-0.44309523936531514
8842,-0.1242257238587284,-0.40022731703996345
8843,0.1027518015011586,-0.4364018917893855
8844,-0.052962735656094766,-0.3084000629560188
8845,-0.24315796112511878,0.030679821386493916
8846,0.2114928774434202,-0.5366004520634728
8847,-0.15466291496329368,-0.34966700831825476
8848,-0.11749053734434929,-0.4822865918616387
8849,-0.1469205097190098,-0.22679918216894904
8850,0.3370936917723413,-0.4163108166199696
8851,-0.9146629093226929,-0.42905791657527204
8852,0.6350002962347048,-0.4563272939606295
8853,0.1536423877353027,-0.500942271060755
8854,-0.01142817380827644,-0.4023578228623994
8855,-0.2892388581321132,-0.45024459264067324
8856,-0.6814271173098172,-0.27223348008722487
8857,-0.13638608235994581,-0.3913256343825726
8858,0.11824551120391961,-0.3002233081008997
8859,-0.4559564072935753,0.37676223947213494
8860,0.5830331556813806,0.21328698298435572
8861,-0.7516741341102227,0.8112372600429464
8862,1.4443864072498327,-0.07859214000796126
8863,1.0482395362798504,0.17288854121630404
8864,-2.5479352865302993,0.6440921662848292
8865,-1.391767928014184,1.21433484867313
8866,0.4588038036092199,0.6184512431935443
8867,-0.51632989872072,0.0804487763104058
8868,0.7253703400360081,-0.3233440781311139
8869,-0.35163338024153873,-0.2087508168043061
8870,0.17405433922821584,-0.6214277866263678
8871,0.9631056677980342,-0.11099498663112525
8872,-0.23053390264086218,-0.44635639626600865
8873,-0.11688293349148829,-0.4144084838250559
8874,-0.008766860103613357,-0.23237194863625624
8875,0.015495965806158456,-0.14760951992172505
8876,-0.09170058775473136,-0.4806685901242627
8877,0.053598866342047906,-0.4638536719815858
8878,0.02778409548828874,-0.5450138177391927
8879,-0.4685448428026047,-0.488321314323621
8880,-1.2998735888993107,0.20112014988709379
8881,0.1988985588274519,-0.32902330492265436
8882,-0.5383975851531312,-0.23318987259239995
8883,0.759687979418317,0.5518030729983235
8884,0.06675476690916922,-0.4184358099768381
8885,-0.8809786413558299,-0.16275032731203334
8886,-0.3746957196728872,-0.5182872311093802
8887,-0.3839006714024321,-0.1377775778268493
8888,1.2042196042192623,-0.333217897801138
8889,0.38665633951444667,-0.5108652278768849
8890,0.2005173490305708,-0.49636086172239813
8891,-0.24303109340316914,-0.5307053544331198
8892,0.7492865564869196,-0.22582202919311473
8893,-0.3922104773532357,-0.5571617458693372
8894,-0.1048701408586413,-0.5719816952715745
8895,-0.0990545055433401,-0.4459320253061337
8896,-0.344726853417362,-0.559829912817294
8897,0.5822301427122307,-0.4580599463520659
8898,-0.8253761278056317,-0.3523705370914116
8899,-0.813127111775691,-0.4133317539781855
8900,0.4943595943844015,-0.5239682964737987
8901,0.20215847105836426,-0.6138564460597756
8902,0.3292261336874662,-0.4949266781076075
8903,0.22709627311430275,-0.4265703655758618
8904,-0.06023033038638302,-0.3883711216270942
8905,0.02275760078375453,-0.5555727301591449
8906,-1.010554381947812,-0.4691679686058024
8907,0.017283246766668984,-0.44809027119007583
8908,1.120940026222544,0.2742501530091972
8909,0.7172806196588499,-0.37131651128336
8910,-0.08683984943945781,-0.5612777497233167
8911,-0.5567566158854278,-0.46522112676644034
8912,0.5281548957868734,-0.5672209733996604
8913,-0.15406225284419417,-0.5159574752376183
8914,0.600230655204817,-0.4768374123591413
8915,0.6408842736206769,-0.4085309661589466
8916,0.48979760972087477,-0.2543580240248986
8917,0.06343725726235128,-0.49997528919498785
8918,0.0793619776889839,-0.545389875227924
8919,0.0876063800888563,-0.5399625996968012
8920,0.14943650602654782,-0.4948023914911064
8921,0.15807880453101464,-0.5855533771935986
8922,0.5942300347393041,-0.4881194939575326
8923,-0.42284256721921315,-0.4425470626431863
8924,0.40688800423729027,-0.21979622015744357
8925,0.17331734316621206,-0.6146286276348079
8926,0.21775671248424672,-0.3315699642736316
8927,0.40851363749316183,-0.4144375102952897
8928,-0.4714718685934098,-0.4234541107306606
8929,1.0995003769546057,-0.30562661981404476
8930,0.46992156891081605,-0.15949615714843143
8931,-0.5466882397150679,-0.18193054682064244
8932,-0.1618525847738879,-0.3486009977036748
8933,0.7355086643587314,-0.31937548305401714
8934,-0.19466655125049448,-0.5427452139830817
8935,0.8233766136390065,-0.1039007576469186
8936,0.47141098366121975,-0.3564646011879151
8937,0.0838588978355266,-0.23067625687175228
8938,-0.061159016857144415,-0.07860491489882039
8939,-0.28061463905435424,-0.1600672183261235
8940,-0.3823730665593716,-0.4528012678562349
8941,0.25317229971013705,-0.4531550191477318
8942,-0.38592909870478026,-0.5157601467885149
8943,-0.04076770512547944,-0.39481964814469556
8944,0.27910975563244905,-0.5633436065272379
8945,0.5432424202719887,-0.36118360959202195
8946,0.0663584116563572,-0.3618920268084183
8947,0.27178754437964464,-0.36541049863594394
8948,-0.34529545363287,-0.4900738776369738
8949,-0.6131218738405311,-0.2606203311247189
8950,-0.28400815630011667,-0.33249867903757435
8951,-0.3988353972511887,-0.46986155750315944
8952,-0.2494277168201105,-0.30183538548717853
8953,-0.4925850133057886,-0.17466560227945727
8954,0.6392673724485314,-0.558360475354812
8955,1.2870781376845244,-0.18713925701809253
8956,-0.580343089570913,-0.5282554011626636
8957,0.8725334859779457,-0.18587371984154558
8958,-0.0450828677924571,0.0024328990526643612
8959,0.6513033291424379,0.12930825690563316
8960,-0.05578725292871338,0.19262236332092605
8961,-0.4471946039087246,-0.11466904269533894
8962,1.454117165513897,0.14941011729516732
8963,1.221145397622199,2.2495398974435483
8964,-0.13933448759860506,2.9573747328413797
8965,0.44060433271897603,0.2866764168811404
8966,1.2116085121025357,0.31982968866142003
8967,2.7245138716098283,3.903369270928576
8968,-0.42273510337664283,3.359224736769262
8969,1.2391726681668898,2.3989632264699488
8970,0.19673449444835106,2.156742015998057
8971,0.047412264376037995,0.6256514682334102
8972,-0.23743857318150485,0.7282407647018934
8973,-1.4877337718961834,2.620618044136726
8974,0.061760146867302426,-0.18254703778993836
8975,0.006176311764502273,-0.02642590075868538
8976,0.5509051379742435,-0.09424053821952957
8977,-0.03892526188971788,-0.054434868324726986
8978,0.2539038730553473,-0.17976094378256693
8979,-0.45978655537270874,0.27163164991893857
8980,0.34332045040014336,-0.27585020252316267
8981,-0.631745998628112,-0.19717121278389943
8982,0.9835111849789243,0.5221891725760981
8983,-0.13651135001259715,-0.037722806505578715
8984,0.4772515063564739,0.19397077949216193
8985,-0.3646151974742607,-0.1375797711838335
8986,-0.7263494538217727,-0.2849304478891807
8987,0.5650957369909507,-0.24047119994050742
8988,-0.4917626447580188,-0.3991221056419847
8989,0.20984575524819032,0.20123800805984782
8990,0.5452979906063166,-0.1686592303012761
8991,-0.32259452116960075,0.17541329874137962
8992,-0.03320908826744679,-0.5505947751039436
8993,-0.05657604125757726,0.04920824235976998
8994,-0.31844367231961274,-0.5331238721361798
8995,-0.4003526068625674,-0.3999086462361485
8996,-0.7851705850163045,0.2955384879489287
8997,-1.1366774741308823,0.23126887331070375
8998,0.2729066412584572,-0.139506571120679
8999,0.5128631740541494,0.017744608448785212
9000,-0.4000534902883364,0.046035440048065084
9001,1.2913152443822546,-0.18960033082654376
9002,-0.5250799504761409,-0.512768687125178
9003,-0.16840579926488874,-0.45963658419966796
9004,0.6982958246919797,-0.054050380101621165
9005,-0.23196893475342192,-0.4798576364200904
9006,0.2747973812299119,-0.43484955596409436
9007,-0.8370286497479081,-0.44586730626851284
9008,-1.0505596041199083,-0.37649203613052057
9009,-0.2928017080881189,-0.5677538113951599
9010,0.9165428507554166,-0.4293891684167967
9011,-0.2459702691389177,-0.5922511254141245
9012,0.5632873277844126,-0.4749288310546347
9013,0.23476027158926147,-0.49359556085944184
9014,-0.7171267839948571,-0.5235867489084146
9015,0.7102762548750599,-0.4102213164078131
9016,0.3497933715280786,-0.4399161475866337
9017,-0.14720191799504057,-0.47158838772108175
9018,0.020754721107184064,-0.48145881377936484
9019,1.2773155059854637,-0.07721812047127294
9020,0.44641437705872533,-0.06822558614494453
9021,0.6873311476839333,-0.0983768759717451
9022,0.20907987172295317,0.05942908819492615
9023,-0.3546424557599122,0.15899199134784744
9024,0.9912400363133363,-0.08478289413677575
9025,0.056294644896309795,-0.215841106218746
9026,0.12998680023198292,-0.4180429104835091
9027,-0.7300867518605074,-0.12098940098267573
9028,0.3617968158743359,-0.12384373852645983
9029,0.20312408916356844,-0.18459495824858507
9030,0.13198055661908772,0.12604589966735044
9031,-0.07516923962110432,-0.014871247888730661
9032,0.5223540910916494,-0.24262198181960123
9033,0.08086208487108845,0.08668554838855812
9034,-0.9179810671754711,-0.14362012911530975
9035,0.9078564629637874,-0.24749671621324024
9036,0.5499958286571093,-0.025700158083943596
9037,0.9728995458776947,0.4368146123381249
9038,-0.8367538246396496,0.5582366893573542
9039,-0.18778626604712578,-0.42386696377284894
9040,-0.823867446633149,0.1277235793427008
9041,-0.1118656894089264,-0.0740366210879193
9042,0.10829745146754315,-0.4840215757364459
9043,-0.6061165456698162,-0.08685612211157455
9044,-0.3204050100444104,-0.3559483716136069
9045,0.12948194182651618,-0.4537672857965513
9046,-0.16418126871854313,-0.5886186524206828
9047,0.2534864688989782,0.38484336859936846
9048,0.45167363977383673,-0.4096022908250829
9049,-3.0760904877208985,3.7753747375319957
9050,0.3378926578752675,0.7905796840574603
9051,0.4001528071492625,0.9105355865831244
9052,-0.31243482894407415,-0.008554616849469334
9053,2.9974916953285806,2.2252821746280205
9054,0.5567843623492152,1.2838237066273863
9055,-1.3218783433284365,0.9100937730127218
9056,-0.3394746105742633,0.5106790970186258
9057,-0.28326904795574237,1.0523780339484121
9058,-0.5119224816966601,-0.3524875206163916
9059,-1.2089845322422799,0.2858098466491209
9060,-0.24022041931078636,-0.22970627753513143
9061,-1.4313865681396132,1.6625304928174833
9062,-0.8834001071892817,0.08952443474304715
9063,1.2261244733391272,0.31765016822989345
9064,-0.7605316431946494,-0.14535723337612944
9065,0.7781133312601797,-0.40043702838168693
9066,0.07688239394853143,0.07442955577822125
9067,1.131409270730226,-0.18825757570813223
9068,-0.40278712782061343,-0.4174375666447694
9069,0.2676735711940815,-0.5804469447496562
9070,0.13287862151629504,-0.6062968419932343
9071,0.02736612776253601,-0.2737170448273425
9072,0.565977551914166,-0.5808623480445791
9073,-0.1536489470723387,-0.5593373287709964
9074,0.19636431963482426,-0.5527522754115093
9075,0.3023080623908659,-0.4604289473116093
9076,0.2846528332711878,-0.5705034276915426
9077,-0.20010460512053066,-0.5251308938373569
9078,-0.14489277349599736,-0.616550723923574
9079,0.32990305101403045,-0.39476495649933474
9080,0.45911809677433946,-0.47048202912257464
9081,0.1844774805063337,-0.6115308149315704
9082,-0.02746958424572139,-0.5171346995213133
9083,-0.3391897425301725,-0.4354386860935363
9084,-0.13914085290953404,-0.5529191559231481
9085,-0.06861286689939995,-0.5719574630842433
9086,0.14633771598305717,-0.5616225938576853
9087,-0.11448202728131923,-0.5889246687620152
9088,-0.24044679809672168,-0.5225338880534843
9089,0.0843626634846224,-0.611841022864526
9090,0.2167154104262843,-0.5793568156710813
9091,-0.3817698441240281,-0.3911141689138198
9092,-0.44241165226131224,-0.5333951710014457
9093,-0.17840616860909325,-0.5953857206380814
9094,0.20840115083556912,-0.5762742929133361
9095,0.21854533945416235,-0.5286691927134128
9096,-0.5302696557281804,-0.3946193531450459
9097,0.7600646837982122,-0.5306152802096553
9098,-0.7591106458623764,-0.5662801484506613
9099,0.6478186699369445,-0.5483995362539761
9100,0.14686677784493754,-0.6120704960656952
9101,-0.4464080681084767,-0.5052597495184424
9102,-0.11107252048908899,-0.6002705607706759
9103,-0.5634421235600984,-0.2778857815041196
9104,-0.13066838190368785,-0.21946571418163763
9105,-1.2056738071243165,-0.2769973615390068
9106,0.0974752363923247,-0.3251563716083705
9107,0.4249273503037215,-0.464426346640701
9108,0.5525018333819613,-0.3335990495368538
9109,-0.00994190733795044,-0.6149714905326267
9110,-0.5107314019709821,-0.3358918855222781
9111,0.10305628304237249,-0.6157055495936558
9112,-0.5338963545167742,-0.5817618427884212
9113,-0.7615175253358327,-0.37972885901828163
9114,-0.5154628413244385,-0.15293141869678004
9115,0.6146279455173711,-0.34070420324341144
9116,0.06173023101442122,-0.6403175001513177
9117,0.24979319148011572,-0.32943882796980084
9118,-0.44408334758393847,-0.3785057509860604
9119,-1.3473108009978305,-0.13413669446546334
9120,-0.046921109439082495,-0.39445424069282514
9121,0.15111746498059778,-0.36668886756317254
9122,0.19133011617706086,-0.5889036333197322
9123,-0.8342573878523093,-0.07246080635652062
9124,-0.47138432309984196,-0.11159512901416141
9125,-0.034196805450890363,0.2774856316237766
9126,-0.7280689120463247,-0.21471086373372317
9127,-0.8153992868665735,0.3768949627020268
9128,1.5310044608748359,0.12249027443774953
9129,0.7294215995920781,-0.07099723457045377
9130,-0.39972669901657965,-0.5642441213954272
9131,0.5879744637334707,-0.37427450611217644
9132,0.44411387556470566,-0.38658898694264826
9133,0.0464126770870376,-0.4757061157034659
9134,-0.2502124392605324,-0.39162747012234
9135,-0.013725097598435121,-0.5995274237432884
9136,-0.3641660749163349,-0.569165654517444
9137,-0.2790766809830974,-0.5646969484456469
9138,-0.1507288668531758,-0.44873379117442974
9139,0.35351765209463243,-0.470210943392781
9140,0.4196360781475094,-0.45361415158587026
9141,-0.34583313455107323,-0.5833388169727463
9142,-0.30768031287977476,-0.5346175110411597
9143,0.02936376150365092,-0.5324065223921742
9144,0.1672311802420988,-0.6234748769269904
9145,-0.5695288206890936,-0.4417511810052215
9146,-0.1322872230550483,-0.40205485552728215
9147,-0.5819778255932386,-0.33053670569859295
9148,-0.1842715147006219,0.016260339574463937
9149,-0.7570593415807947,0.26515083795355276
9150,-1.3947624812020007,0.5329644448794112
9151,-1.0976710080647545,1.355278932706821
9152,1.4454362704474286,1.115507442413575
9153,-0.1744545103537509,-0.031703818557612305
9154,-0.7306292354350272,-0.371867791117904
9155,-0.7262682211444605,-0.06867965860868261
9156,-0.24886155840203933,0.9000555843090297
9157,-0.2678100226545165,0.20883759899914797
9158,-0.20464556576913995,-0.2603203157982875
9159,-0.9287167093320702,1.2174479215399046
9160,0.11417121795680693,0.5885820286055143
9161,0.06301258343952726,0.882531897974876
9162,0.3012627331663242,-0.381919111515835
9163,0.04344794107307443,-0.21073356407699226
9164,0.16285591117407866,-0.5112860714752749
9165,0.30660656215225507,-0.25286913477978046
9166,0.44226299724478374,-0.3198351724745548
9167,-0.6361484040993343,-0.26010696552137813
9168,-0.6675348900317735,-0.40892137288841
9169,0.3606664338757101,-0.541016923812435
9170,-0.6136711398801684,-0.3119542958758203
9171,0.5260614394908204,-0.34963099097902917
9172,-1.260259504060062,-0.14881598342764765
9173,1.0852188881471962,-0.5260155954613888
9174,-0.3377720190033136,-0.4859197688666558
9175,0.9343856781450494,-0.40607372950838005
9176,0.24641074559306503,-0.47853232056303335
9177,0.3116562073202473,-0.4067093123887659
9178,-0.1285454079391285,-0.4771483999419165
9179,-0.1588002321842462,-0.5722390686369424
9180,0.6329999176617279,-0.4649527818894284
9181,-0.028900977001948363,-0.6056151905329901
9182,0.4635870545335053,-0.5396764931139078
9183,0.6644939935607852,-0.34423648548699093
9184,0.2181078074369731,-0.4142971911190323
9185,0.5132097631182022,-0.5040356732033459
9186,0.14382689959132494,-0.6103151031430797
9187,-0.6761676949056108,-0.36205419475784595
9188,-0.36113525566184945,-0.519215980621241
9189,-0.5678540309191807,-0.5041106224658471
9190,0.14408490217885764,-0.6190096952794253
9191,0.4233150828726579,-0.42494800351807294
9192,0.3804426663188976,-0.4843368751252725
9193,0.22537527342787564,-0.5579330371972181
9194,0.02353777855969657,-0.5843824045970859
9195,-0.4032312725982719,-0.434680935296262
9196,-0.5468378837579079,-0.5545100956014513
9197,0.17081551850677962,-0.49412216455729935
9198,0.24938482788182523,-0.6120067687749405
9199,-0.49058215248512094,-0.5406669173501064
9200,-0.5616681371516639,-0.45663642634991464
9201,0.4483605574870538,-0.4879528580174188
9202,0.3642367846399317,-0.5324830963228162
9203,0.3726925022994002,-0.5747345115072566
9204,0.29217447594363405,-0.5269490320313845
9205,-0.16411432925323022,-0.38847154008353896
9206,0.23744327928475922,-0.44886401400099124
9207,-0.45157396939917965,-0.5028079189289408
9208,1.0711840379245785,-0.4032831713040253
9209,-0.5543622638914677,-0.4585152656889578
9210,-0.5931583604011944,-0.3730987812935739
9211,-0.09558539355591586,-0.6025837387332896
9212,0.18712945078800636,-0.5854485608901784
9213,-0.20805517662792702,-0.5853351388007454
9214,0.4156876338768092,-0.5544925603494096
9215,-0.13393927800231498,-0.6108402669732338
9216,0.6751920888831013,-0.44695729786255906
9217,-0.10200299111635829,-0.590649824507344
9218,0.4054752845109201,-0.5822667023039767
9219,-0.37175989881952765,-0.24684033640067224
9220,0.10915520998136807,-0.5626039614177
9221,-0.48874910734214133,-0.5459847808350716
9222,0.04614973880931733,-0.5471008013729025
9223,0.3637783337790564,-0.46810830199411446
9224,-0.40042094642392767,-0.5675163849598028
9225,-0.7648283432271374,-0.4409132254604142
9226,0.1783329061879817,-0.41746588794794226
9227,-0.610506663701041,-0.5604649024269468
9228,-0.0013750685676558235,-0.6156315106064827
9229,0.16801470598077498,-0.6537232961150059
9230,0.8834124366502164,-0.29979492670753793
9231,-0.04211207608924897,-0.5230405947159712
9232,0.13967831602235659,-0.5352292087269389
9233,-0.11341707540273994,-0.6122594065329998
9234,-0.5102625740440974,-0.5521610501186115
9235,0.22338930718511185,-0.5256267029038926
9236,0.4646824273003295,-0.5172136028678715
9237,0.07668282357703107,-0.5813308839816792
9238,-0.5181096789262931,-0.46896882811581675
9239,-0.454254586530092,-0.4947674038053607
9240,-0.29780976794255887,-0.5234818974453169
9241,0.2910977094597088,-0.5179890252305981
9242,0.3688790185149508,-0.5804930532765318
9243,-0.33406593409721685,-0.5832499397818887
9244,0.4805005072139166,-0.5981567323648748
9245,-0.34052738676056615,-0.6012835987470446
9246,-0.208003197804243,-0.6042862356017294
9247,-0.03349435158410648,-0.627039629865261
9248,0.14518983900444252,-0.511801698267601
9249,-0.39147806085438025,-0.5774392505234618
9250,0.29196425228345957,-0.5610645772556666
9251,-0.09892115470364642,-0.5241473098000936
9252,-0.45720390673989003,-0.5176303008026927
9253,-0.1469493611207434,-0.583169526872572
9254,-0.11258591737391752,-0.5175839881520335
9255,0.16992806899384597,-0.42552309207014466
9256,-0.516669072852984,-0.49599542629483045
9257,-0.4716965178816752,-0.38177001128837157
9258,0.8695821786540472,-0.42899530557110815
9259,-0.4746767680870719,-0.49148641263092907
9260,-0.19894741490403484,-0.5698139383230715
9261,0.31442500772668347,-0.5496421909621765
9262,0.11024987791800651,-0.5046801268485546
9263,-0.5981710875172828,-0.48394802266997194
9264,-0.48247141301100455,-0.5248864540372785
9265,0.22793314605733828,-0.6322184471879175
9266,-0.06930480960781099,-0.5440769102227587
9267,-0.21208290702599686,-0.46336124340884555
9268,0.9270014215150623,-0.5241504699405506
9269,0.37628062718510874,-0.6298918892240676
9270,0.19276620357182153,-0.6042291954353533
9271,-0.28054520098088376,-0.44540396600756277
9272,-0.3939787654851792,-0.5368698039877006
9273,0.5269004114970557,-0.5479506018859763
9274,0.28460610240815043,-0.5394854308043302
9275,-0.30532331951770303,-0.5264095391648188
9276,0.29088240584427283,-0.5838073624150862
9277,0.1274077580285808,-0.6312465477102586
9278,-0.03531795413049958,-0.6533363290208756
9279,-0.2223298995052384,-0.5606004380402995
9280,0.07191174768641517,-0.6636991803484023
9281,0.15029232121820446,-0.6361892642472737
9282,0.2838937209133925,-0.64987707889029
9283,0.16117729336827644,-0.649139307928643
9284,-0.30407524481502557,-0.5247417200879922
9285,0.04823157893514633,-0.4611470525122287
9286,-0.13428284719308878,-0.5509108741230128
9287,-0.286376423987432,-0.4604911010940934
9288,0.2732102130073587,-0.6092224562761391
9289,0.2300783544890631,-0.6540066559411342
9290,-0.022975952345946828,-0.6244829618195201
9291,-0.2283968017703236,-0.5705464127012881
9292,-0.36841547329977814,-0.4639826239814014
9293,0.10634943691870427,-0.5909881463998181
9294,0.18387707952654167,-0.6518632199537032
9295,0.17594921767934393,-0.4483840451887247
9296,-0.5776467063597145,-0.5361037450951984
9297,-0.14291310259090154,-0.563006399534347
9298,-0.3845239601290898,-0.4793008973652524
9299,0.13251876982424673,-0.6217312558808977
9300,-0.18537592596126998,-0.47853791840901044
9301,0.1638184758567386,-0.6221420587886347
9302,0.14835407066837814,-0.6247857126373909
9303,0.23657762303020938,-0.6340237004277014
9304,-0.5435503083214094,-0.458531743256245
9305,0.1265195964189962,-0.64329413932195
9306,-0.042558451675631756,-0.5691868046643274
9307,-0.11177105010339919,-0.5547788212162817
9308,0.15833913758751117,-0.6232962818062372
9309,-0.3865460755148603,-0.566174300522943
9310,0.043908755927231716,-0.6059550166520193
9311,0.39174217384320137,-0.5252418108101194
9312,0.174864019231297,-0.45737209769495846
9313,0.11213983537373023,-0.5458379129549599
9314,-0.008005355902124887,-0.5033181952052062
9315,0.07402967624403428,-0.5936166898612959
9316,0.09327665328606283,-0.5477311081059448
9317,-0.27776136533375095,-0.5769933683271042
9318,-0.10355748414838362,-0.6242828730015149
9319,-0.33487275157138585,-0.5287242504952177
9320,-0.3688292902357236,-0.2967992079070721
9321,0.6500383749546667,-0.41701950753447015
9322,0.154974646711637,-0.49352321287064066
9323,0.21317897775739664,-0.6192533196403545
9324,-0.14406632632190075,-0.6110953466475197
9325,0.12285240595012967,-0.5822171189827448
9326,-0.7733162394732862,-0.31970953884677933
9327,0.1613639087120709,-0.39082377012952596
9328,0.4475776539679794,-0.4975567248378653
9329,0.41289809919423015,-0.24186672922075492
9330,-0.08830632416237542,-0.5278416946981057
9331,-0.17725264624119952,-0.29883772092325556
9332,0.19221910018266494,-0.5227117311832531
9333,0.25351891972727936,-0.6095064983742895
9334,0.24552754308283592,-0.5662071418115379
9335,-0.19404007973628373,-0.34579273890719747
9336,0.0433224725547564,-0.5633634289189247
9337,0.538404483573937,-0.5030759968154641
9338,0.6049441657700515,-0.24866706105458916
9339,0.05982983651779371,-0.4098573017874406
9340,1.0005047046800357,-0.2679739067573373
9341,1.021184527906702,1.436439711122219
9342,0.5122319034907704,1.4073104275591666
9343,-0.49833852571578463,0.35879648050329926
9344,0.08857176196887603,-0.40562734940033013
9345,-0.7990320619155614,0.5969396831256644
9346,0.8490052328464986,-0.0938845134103195
9347,0.19300080394997668,0.12146795021642574
9348,-0.32291107865916807,-0.5224225016099054
9349,-0.2115868247890472,-0.25068811470797614
9350,0.33820242092691205,-0.43891287129979306
9351,-0.3305830110592792,-0.2561500253411888
9352,0.33036201092184747,-0.5253581193769548
9353,-0.25980342968516235,-0.47390873787316196
9354,0.5702506573780588,-0.481651819034507
9355,-0.4732737787883036,-0.4746368161602775
9356,0.23998079183961465,-0.548797621512151
9357,0.17686140233386458,-0.429258568568891
9358,-0.3627273120154787,-0.5607401699989791
9359,-0.3680841895726018,-0.5585233113614279
9360,-1.137399545386328,-0.36943006385908556
9361,-0.7431545449777649,-0.3793856395258745
9362,0.32171779601702083,-0.4252424078408339
9363,0.4698711925449844,-0.5456796035893181
9364,-0.207764265149845,-0.6012128234698282
9365,-0.535126642568466,-0.40070456901971924
9366,0.7616642230728141,-0.4964244715861515
9367,0.9684023241706765,-0.441816868847469
9368,-0.38261324498316435,-0.42304180627026566
9369,0.13209056798968152,-0.44424733526811894
9370,-0.5822098836664102,-0.48927685925954006
9371,0.9092897462900399,-0.4146660712685837
9372,1.2337413369193453,-0.19583581351006743
9373,0.6275083041670122,1.1498220635260934
9374,-0.9652272930029779,0.015505262984955203
9375,0.8818778497176095,0.24535764996962983
9376,-0.01131273772902447,-0.2917004570359743
9377,-0.44432053266391963,-0.35519551965988505
9378,-0.33571292015520693,-0.5644650503200477
9379,-0.6041446190179921,-0.16933383378871827
9380,-0.7022918994357802,-0.22092931018472156
9381,0.4088572422347145,-0.430076913794811
9382,0.11375275638779153,-0.6127028270078025
9383,0.1327710654273022,-0.5730446215788149
9384,-1.0106946475617176,-0.39058916907612184
9385,-0.7020259506618008,-0.38313826753168256
9386,0.22046560450544525,-0.4417017866260142
9387,-0.3978577322543615,-0.5328533755917785
9388,0.5815079509957457,-0.41799990551912614
9389,0.34410798776284873,-0.6197178091135755
9390,0.08043426052421263,-0.6112301921846585
9391,1.5011708337752256,-0.08386586732201069
9392,0.18197491100905733,-0.34969980990004
9393,0.4337219056616764,-0.5199418300255366
9394,-0.7591047312519688,-0.430046164547399
9395,0.0456037365512847,-0.6001324190748953
9396,0.7890627109767832,-0.4033645999809369
9397,-0.4139562477851997,-0.4326810662376291
9398,-0.8346519296966178,-0.2735882485952884
9399,0.012588596720900149,-0.5408377263957241
9400,-0.41495112017200797,-0.4893331254588805
9401,-0.2817679282185996,-0.5513414371773045
9402,-0.04157525867369336,-0.6293132815668256
9403,0.09664367851300205,-0.6243814350278953
9404,-0.2173298897872559,-0.6008669583131152
9405,0.24952795028137584,-0.43521026594857737
9406,-0.39197762469275604,-0.5609839693373507
9407,0.014645236459853299,-0.49317126388435517
9408,0.20760368680791427,-0.5225906220278332
9409,-1.174018612544793,-0.3383539331143981
9410,-0.14642303012203,-0.41118156590028926
9411,0.41658709850383735,0.053684014846312314
9412,0.02027670656790078,-0.5906410658236916
9413,0.13361562555759543,-0.4122589582096649
9414,0.5999255101481985,-0.3228539006908487
9415,-0.5254702624419604,-0.38056484215498115
9416,-0.06485642697846844,-0.5376974475010303
9417,0.48725454926952344,-0.562907738325653
9418,-0.10434072002936899,-0.5701973834993153
9419,-0.5099857950203917,-0.45900335663129055
9420,-0.3153052496348953,-0.38525611339402377
9421,0.13058660384113532,-0.47707465222568524
9422,-0.3338610048233967,-0.4644584436300922
9423,-0.11143044036816312,-0.27993321549289246
9424,-0.24603387008233962,-0.38536949807711
9425,0.29864397304099294,-0.4344267957383618
9426,-0.32661313437193473,-0.5154888050681593
9427,0.06176303160543131,-0.317447315102918
9428,0.259454126363302,-0.46676537676674884
9429,-0.010008477553849749,-0.32979920200277674
9430,-0.42299459281116003,-0.5496348154036355
9431,-0.740013529246375,-0.37649018764235576
9432,-0.5548953052247672,0.09907863167059686
9433,0.24269649430483806,-0.3931909118805547
9434,-0.39615397751767323,-0.48321746403791993
9435,0.01771022140803546,-0.47389358554193284
9436,0.8028110659088711,0.5555150170737008
9437,-0.7820808223793686,-0.29165922333510197
9438,1.5662128030030822,0.14694723119747924
9439,-1.7484147090727786,0.6658984752166296
9440,-0.008784919692615733,-0.28629234922625657
9441,-0.5461341224375418,0.10995975964073419
9442,-0.11141397344149578,-0.32813692245354953
9443,0.947424355517842,-0.13792246466536695
9444,0.1581671539433377,-0.005066452228928882
9445,-0.42528880891374626,-0.3340983893085238
9446,-0.48139237572772337,0.05541035781515198
9447,0.04426400495745278,0.04874413972097123
9448,-1.2095839982153873,1.1548861796754664
9449,0.6184939949124713,-0.27835381961021616
9450,-1.2201767801772414,-0.12817724823534443
9451,0.3705059634221333,-0.39608027910177535
9452,0.09124210745023718,-0.47673429572838744
9453,-0.4824166781373438,-0.35727532723963756
9454,-0.11085250352371333,-0.5258096323114282
9455,0.3985005137066824,-0.4607703428212935
9456,-2.1450132300358873,0.8446775468148937
9457,0.6837884733216605,-0.04322427678120103
9458,0.9420288543131121,-0.4694994606400637
9459,0.33848467838530644,-0.1915783676072727
9460,0.48104900745580054,-0.4481105708331864
9461,-0.4941440676437572,-0.48189402388891545
9462,-0.14083814068357609,-0.0986902716861594
9463,-0.9602436634528911,-0.22406134488447108
9464,0.1470761015885962,-0.4151571375177464
9465,0.09834563990237592,-0.547786055769848
9466,-0.5314751210541586,-0.4798660362655653
9467,0.14991122870471657,-0.4134074405432044
9468,-1.0502471141024718,0.0385605707736434
9469,1.3500990769131993,-0.1341689277776828
9470,0.36487588130463366,-0.42283509594507385
9471,-0.4981828140862904,-0.457838969772756
9472,-0.7098438858765016,-0.4820549475352515
9473,0.8552775676758153,-0.2971080865771347
9474,-0.2626622233270355,-0.5668192703959387
9475,0.6653467975551639,-0.4261653921998355
9476,-0.08162434574584054,-0.5743178303166718
9477,0.22383118058852028,-0.5416866305484196
9478,0.30221099333376406,-0.4836755275799495
9479,0.37697806624756985,-0.3198558371986014
9480,0.5866674349555454,-0.3630656881885188
9481,0.12437304900706611,-0.4125698354303915
9482,-1.2048669629674782,0.529657718537485
9483,-0.47031649548936166,-0.34968855196431803
9484,-0.4833957766222803,-0.506834116957718
9485,-0.48208938955497904,-0.44866920640086044
9486,-0.32378046222312873,-0.5172120495464861
9487,-0.33028226041820624,-0.1170349060250791
9488,1.0689683305153619,-0.05066703183867131
9489,-1.0026500068270792,0.1940939876435652
9490,0.02796409304877609,-0.5538269101013626
9491,0.5015427980846979,-0.5713542143462225
9492,0.5242863829814353,-0.5330028861546839
9493,0.196250659002002,-0.5658414269382441
9494,-0.10339768727174418,-0.6058062279463214
9495,-0.6320541130249415,-0.5580754668038415
9496,0.11027531586885148,-0.5671697713835749
9497,0.4589143236027213,-0.5064475159130635
9498,0.1110474560771509,-0.6360456348139902
9499,-0.31418452062323254,-0.574669216192243
9500,0.5499309939412986,-0.4650386011758062
9501,0.11161640520049616,-0.5693754385064724
9502,0.1016591349206211,-0.5192489486079562
9503,0.06341970910057364,-0.3377254628901082
9504,-0.44089760928293553,-0.4336729342485713
9505,0.561075478089308,-0.44012310077874994
9506,-0.22229237268359056,-0.3876349720368926
9507,-0.49633384833523975,-0.5174305830766461
9508,0.2139881147433446,-0.4877073433403353
9509,0.21406861953030476,-0.39443587676442393
9510,0.6369715641725938,-0.29581712455554265
9511,0.21946942414364623,-0.31893096968141427
9512,-0.45952127774362667,-0.4410176553066194
9513,-0.48044152855817446,-0.3883629901191541
9514,-0.018141440518379237,-0.47546614022656924
9515,0.4489414859728174,-0.5503895514093661
9516,0.2948311954494106,-0.5741494193729648
9517,0.3499811719890504,-0.4338246726310265
9518,-0.2828074116480929,-0.5220330993852467
9519,0.44123488778772624,-0.38070921701589383
9520,0.2476994152699514,-0.3341754312155291
9521,0.8761008079222323,-0.13036150330660312
9522,-0.13352784093851608,-0.4021872898503501
9523,0.5907849040507752,-0.018515103957587237
9524,0.0908347076709654,-0.35060831047289875
9525,0.07216939703540853,-0.2979290879423557
9526,-0.4911893396245561,-0.33585086794592933
9527,0.36585526718563094,-0.5201304209858433
9528,-0.48114337644674604,-0.4044874661367912
9529,0.22503335160214671,-0.5412871452366025
9530,0.7643977761756499,-0.323955231686682
9531,-0.36569102034555256,-0.5595043113509519
9532,-0.1064018333153621,-0.4528560286186357
9533,0.3139405243713479,-0.29968400167541964
9534,0.07010584945911034,-0.06965099059623872
9535,-1.399023719767071,0.21592388011404487
9536,-0.538808389697821,-0.36792636912872095
9537,0.8242441323541232,-0.48227629756417245
9538,-1.4854815651208815,0.1666861885026062
9539,0.3692492313373687,-0.25866173470548204
9540,-0.683396930520853,-0.44363521048911275
9541,0.24842229041061503,-0.5261006723183995
9542,-0.2670295448059803,-0.421723030546516
9543,-0.5600985119421716,-0.5232464703620978
9544,1.3518163954392313,-0.2635309074131904
9545,-0.3241458317501734,-0.49591503510469154
9546,0.26947466368884754,-0.5674875406457827
9547,1.7128868469810086,0.2006091399243645
9548,0.37306982575279884,0.8343031354633794
9549,-0.5806126762207245,-0.2694257693459936
9550,0.8039759249193666,0.018191175200740192
9551,0.47637846190797056,-0.4534210422488797
9552,-0.3052103346060523,-0.4736549396063512
9553,-0.05430285995299482,-0.3780052001111982
9554,0.5401214149574419,-0.3131534013196123
9555,-0.7750220133789533,-0.3272088291247988
9556,-0.07022596301646346,-0.5364764996957105
9557,-0.8413032766082087,-0.373626632164996
9558,0.15674954148003542,-0.4577814717099465
9559,-0.38451753249543463,-0.47840810237547765
9560,0.422127783023982,-0.3948058272595734
9561,-0.550153776007589,-0.5057741506452428
9562,-1.1065007064425407,-0.3959539768429777
9563,0.6839524264891707,-0.4317632863396238
9564,-0.18905461647860697,-0.596942915353762
9565,0.6267462758700402,-0.45193525739588347
9566,0.088181999555011,-0.40018022642746376
9567,-0.12101298314731425,-0.5146762022297134
9568,0.08585096459605074,-0.6188976577641319
9569,0.2174107286855919,-0.6108216628754195
9570,0.13385820727013797,-0.45797240212507373
9571,0.1221786517727988,-0.592483530053777
9572,-0.5136676668946487,-0.46619295297540403
9573,0.5103017806885211,-0.5128967079697524
9574,-0.08759429381876174,-0.602790437384573
9575,-0.5142492682561608,-0.5366477778720903
9576,-0.3782007247165284,-0.4797877746718527
9577,0.23091534463150235,-0.6184152564492318
9578,0.14094374761902811,-0.5622218999207075
9579,0.88539101851686,-0.48474640828586163
9580,-1.2809836026116777,-0.38613419495217094
9581,-0.19393963449275786,-0.5163052142043163
9582,0.2973891107419028,-0.5895525513885135
9583,0.42446634778640524,-0.5320760310108272
9584,-0.3693413567501125,-0.5885324788136114
9585,0.2768323047242831,-0.3616662255222937
9586,-0.5418137966662617,-0.516202668487403
9587,-0.39546638928337885,-0.3261605835147794
9588,-0.08582540441231945,-0.5208970140124713
9589,-0.20070573394878224,-0.4450845230424484
9590,0.0362927585781658,-0.5288550728090078
9591,-0.1418967389309634,-0.5753284724489667
9592,0.08757095140449271,-0.5329497506252049
9593,0.5716034929283197,-0.5773881067451562
9594,0.44135691447296055,-0.5135203854851035
9595,-0.151186534755217,0.12055150365810889
9596,-0.02779124734522,-0.6073582859126267
9597,2.1474122618205356,1.4086468822574192
9598,-0.50345764242273,-0.043341405462192055
9599,-0.28451575189242323,-0.2911420047742845
9600,-0.08580036467837679,-0.4857385688916708
9601,-0.14252885808011606,-0.48829024061117726
9602,0.6105444550913462,-0.47130414546949934
9603,-0.4928950165322136,-0.30327352023366855
9604,0.17131818639446939,-0.5989989464718392
9605,-0.44574907456470947,-0.5833429832634373
9606,0.37474228766535383,-0.4710867673786149
9607,0.06598911605869813,-0.6106875805037061
9608,-0.06415391958737898,-0.3995611553217888
9609,-0.04149404556460245,-0.6230830008640124
9610,-0.4585896227654614,-0.4869609566758883
9611,-0.5078109167446448,-0.47094355768327445
9612,0.2673123213029426,-0.5363152311256598
9613,0.21038047379092664,-0.49928259572237466
9614,0.19726661769365245,-0.4934046059068046
9615,0.09982270681543387,-0.48137238497713125
9616,0.01563541816593478,-0.5444617286743648
9617,0.7260694935068611,-0.36498697366589894
9618,0.16919337272367385,-0.3340486485864379
9619,0.4108557284726676,-0.10415616698590782
9620,-0.07077934828902559,0.07414813621807821
9621,0.29782130482815833,-0.2648182785283226
9622,0.05372973431142752,0.36830175973515744
9623,0.9745060560959341,0.8015382504028047
9624,0.4673837406685173,0.43178806284911225
9625,-0.0957249234704156,0.355601172029761
9626,-0.5333530507542605,0.3855561637101982
9627,1.3749368837318137,0.36046369579491633
9628,-0.7285293340336496,0.23145301627996986
9629,-0.5357413648103724,0.28901922979978895
9630,-0.8827617659138315,0.7234111098393111
9631,0.25134796671292686,0.2786129526567003
9632,-1.0433264235909379,0.01952655291335403
9633,-0.8018987905619089,0.9602423770997115
9634,0.7581898373612078,0.30728683876554336
9635,-0.3608900515694373,-0.073839217903869
9636,1.1779862837614126,0.03645302801841607
9637,-0.42195935725230554,0.018219619621181356
9638,0.575210881092404,-0.31971355980891725
9639,0.4672674727667061,0.04357476368631009
9640,-0.06401895992172037,-0.42240928886395473
9641,0.1749850633095379,-0.47472099301358506
9642,0.3601543667583653,-0.5515229417580465
9643,-0.5475435695071789,-0.4645010835036862
9644,-0.6474390225241936,-0.2978021130471305
9645,-0.006380997764048226,-0.43956777811918113
9646,0.035592795452964426,-0.021689644765447345
9647,1.8190752582300762,1.0417338534202407
9648,0.3379934871950915,-0.342296489914442
9649,-0.778827179591795,-0.08705687266173885
9650,0.33677535497006894,-0.404918952967044
9651,0.5250119965729755,-0.2531379699733252
9652,2.5278238179899386,1.1403412175975978
9653,1.9610372451165186,4.2511503460760585
9654,1.4059699447761562,3.563955278002819
9655,-1.359764295294869,2.59804920951906
9656,-1.0357369365148623,0.9050258403549563
9657,0.5096028842777163,1.2365536268613997
9658,-0.7789900240442588,0.2860875721854008
9659,1.286351546406375,0.6066553027392707
9660,0.5227933325901639,-0.0011982349064096533
9661,-0.5988955273242396,-0.29296464777392006
9662,-0.5279434727194902,0.2018977489453568
9663,1.8919806988055297,0.34069811372511216
9664,-0.797022801963318,-0.0714505776860826
9665,0.6107638558195272,-0.48425108028925046
9666,0.30678860123026075,-0.04807661253725547
9667,-0.6201011222650972,-0.3504421781370786
9668,0.1701478158135562,-0.24186874848357254
9669,-0.44899450292307036,-0.3129424858068866
9670,-0.405690335783758,-0.22324900821212604
9671,0.35787091433228946,-0.3564197502287896
9672,-0.8580394558007128,-0.25375912562599245
9673,-0.46863929027173884,0.03663565951129069
9674,-0.5402325196479915,-0.3527248246038456
9675,0.6515514074361317,-0.32002606952832763
9676,0.4029354443779479,-0.46564618001868746
9677,0.4822084011539908,-0.4722503451490729
9678,0.17355249290396857,-0.24142118965015896
9679,0.7743782137894235,-0.2737263979360531
9680,-0.2703077001862733,-0.2592309216293621
9681,-0.3295586341349422,-0.4769062665020241
9682,0.2375298922002052,-0.5025331586703249
9683,-0.3048965141225502,-0.5414592982383976
9684,-0.26009683199744077,-0.5152295114547286
9685,-0.27507005087085945,-0.4522075178492442
9686,0.28260928827210313,-0.4666307667511739
9687,-0.8548831266249547,-0.4201699198165294
9688,0.6680857379006799,-0.5270527299285748
9689,0.7438687425922379,-0.4110370714304415
9690,0.0790154904735508,-0.541517897009479
9691,-0.48027645919046547,-0.4427255047270667
9692,0.11179393672283233,-0.3841222736250623
9693,-0.5251030321146595,-0.5125483427055267
9694,0.2549937737184243,-0.09586824946130995
9695,-0.14735122671579284,-0.4570151283731022
9696,0.48093461954264294,-0.4657357329531133
9697,-0.49745239092885635,-0.21466826455834792
9698,0.6696971871754792,-0.2947594286214547
9699,0.9604773388879622,0.7368117839421402
9700,0.0431768553496968,0.3333100295604934
9701,-0.011167770306522544,0.3061039451046349
9702,-0.33624896281836575,-0.14314474621329773
9703,-0.22995466317631041,-0.2739215785260984
9704,0.5641903751964399,-0.4207384658397405
9705,0.7176887131810266,-0.1860263530095372
9706,-0.3337792623864824,-0.28348368476696256
9707,-0.424929215499487,-0.3761236536148608
9708,-0.03071982833522642,-0.09330077306723349
9709,-0.254142533384851,-0.0933342606628632
9710,-0.24431195216896143,-0.5223281451682344
9711,-0.7081119105915594,-0.13622641823497963
9712,0.14983502295100157,-0.4940904478175917
9713,0.14725936600317313,-0.37298942381632905
9714,0.48363931690249345,-0.267163995390152
9715,-0.3160167044404737,-0.11970662163658391
9716,0.28827794206125185,-0.4631685898828387
9717,-0.26195326539485914,-0.42317552860760144
9718,-0.2096220446264689,-0.457429402869425
9719,-0.7164058123284742,-0.35671708838849886
9720,0.36499378200270627,-0.1754545320663389
9721,-0.6590682493981888,-0.32886215934452573
9722,0.46514860835937755,-0.5149409932048024
9723,0.25204349530205755,-0.4068855302422662
9724,0.6364224899229471,-0.3056006662201446
9725,-0.9284543262982687,0.5902510634544429
9726,-0.2552959854210113,-0.287989096290205
9727,0.46794666216840086,0.28569788000883123
9728,-1.188639603713928,0.44498354299014414
9729,0.6759460876294177,-0.24253477413188945
9730,0.6023608813543482,-0.3674200965603881
9731,-1.0865221362659054,-0.23321241987968716
9732,1.1691090170942635,-0.21524744390096223
9733,-0.5942071589439579,-0.06278438330459558
9734,0.5336377514542927,-0.32039939098625253
9735,0.0077744997746100495,-0.33217462836973866
9736,3.390354840121626,2.676379440426638
9737,1.0976216519077702,1.4049889004684522
9738,-0.18638387590074074,0.6765442472148439
9739,2.4111947856366753,1.4504587926313652
9740,0.011889687997246606,0.7086928574455303
9741,0.9982022529338569,0.6664321498704839
9742,0.4708203564414483,1.268660322982902
9743,-1.0970013287635174,0.5457089289974244
9744,-0.5910177251653065,1.854498160284936
9745,-0.6926339680327628,1.2202765756454053
9746,1.1213377450557094,0.7018521904738718
9747,0.9914255392824731,0.4390912685995506
9748,-1.1613389911018033,0.08525965108319664
9749,-0.1704669416428496,-0.37371824657248853
9750,0.05081842295306637,-0.19940243411619424
9751,0.6996333021470156,0.014483038958873653
9752,0.037200217912773254,-0.33592636733713144
9753,0.4024427748447165,-0.33017063543077285
9754,-0.07906790849402873,-0.03722131094372548
9755,0.7576397017545277,-0.02755869886433842
9756,4.834897290722544,10.357949245056837
9757,2.8222437686841158,4.841567110989807
9758,0.10831649596886579,3.1121830240195316
9759,-0.10213670833768557,2.211680959506909
9760,-0.14966361078617846,1.5874986347864501
9761,0.5433325690399332,0.445152879741687
9762,0.42280526285825487,0.12350142238466162
9763,0.13760280720067256,1.0385582412481253
9764,-0.9861444235307423,0.35958668676459865
9765,-0.35451583972856177,0.7215493470768276
9766,1.0071944574090181,0.10104873914637152
9767,-0.7230504437039537,0.4592950016832697
9768,-1.8796356867818875,2.4276278130499307
9769,0.37234639939217795,0.8268739495402522
9770,0.7853323901028267,-0.29071656633407567
9771,0.8582544311370798,0.6753858003160448
9772,1.613417219908456,0.6259334242038249
9773,0.08149320561443268,-0.11698741829502227
9774,-0.007419571877630935,0.9822900208237685
9775,0.2053677478623039,0.19678321387218795
9776,0.9764587364327707,0.46588164413330124
9777,-0.021153804454592626,0.4948865969277829
9778,0.6443528706659454,0.4159526043411585
9779,-0.6389551940093017,0.5876354403201607
9780,0.22874820331097095,-0.18510392554239527
9781,-0.1319712322535075,0.053216992539711135
9782,0.4759447290655922,0.07596478769832432
9783,-1.019851089495744,0.5243691385576679
9784,-0.01074029253543121,-0.11123397236955224
9785,0.04036892401648221,0.3136213646567888
9786,1.2369664690818167,0.5665237207354913
9787,1.2171381657947604,0.8292084281401564
9788,0.3159604397525826,1.5122509376213142
9789,0.9157655242994989,2.897928123102371
9790,-0.67408983731108,2.4192117779974085
9791,0.5253618607752545,1.1465781203154304
9792,0.14996357079490996,0.1660625899530263
9793,-1.4216263011973396,0.9094550219582831
9794,-1.671062045012259,2.4266578093729505
9795,-1.1603976280944028,2.0189542797442472
9796,2.1119390181099305,1.9547965678366233
9797,0.20264814506064813,0.7508929169429106
9798,-1.4678731710499215,1.3675875944970113
9799,0.8682623193728322,0.48243467783910093
9800,0.9595495195005088,0.37256022635007335
9801,0.46665478842699687,0.3771172374968902
9802,-0.14945161334978313,0.19693303955306632
9803,0.162998193361086,-0.054238541455873666
9804,0.883996543607813,0.5340734875905045
9805,0.7045605438314496,1.1365013265962038
9806,-0.03375038345578019,0.6339261620298933
9807,-0.2810908815369501,0.7154229185592795
9808,0.7903550712580266,0.618238437159858
9809,-0.5762005423498702,0.19607562520957925
9810,-0.01143184082269286,0.22419990475619278
9811,-1.0826386823257388,0.5874755393987293
9812,0.09928993253080773,0.39944576321683783
9813,-0.059571347450073156,0.18617220277002278
9814,0.18570870711377438,0.44690484771680383
9815,1.2458322878421833,0.35914113677100906
9816,-1.8858081351109683,0.393909143294058
9817,0.5337964197850136,0.030213632743703304
9818,2.3735848983650096,0.46807779937178423
9819,0.11697244062684216,2.8041983493030487
9820,-0.5052052301387071,0.8456230834960536
9821,-0.45832480935311204,1.2560707484724407
9822,2.9216807910701736,2.6323372096621696
9823,-0.12133941998667724,1.5267407045738821
9824,1.07486123679013,1.8094551324244972
9825,0.584111854957581,0.6027060782053965
9826,-0.8038156059644193,1.8448705307742705
9827,0.09919584839319855,1.5779574186590155
9828,1.4430530266535866,1.207278437070354
9829,-1.5506167315578159,1.3043325702887287
9830,-3.9002235266268213,6.2788409083799
9831,0.5232889744795794,2.1169568542598154
9832,1.3500659911251276,0.7225106607544588
9833,-0.3529732164453408,0.06817299147155406
9834,0.6995885161321145,0.693276978284944
9835,0.28418462543605194,1.47334673287489
9836,1.0002104937974163,0.3543488901703591
9837,-0.5754176800810904,-0.0036248847992275714
9838,0.8968083735029072,0.277078968882988
9839,0.6593336109542314,-0.1408005815504967
9840,-1.271200870395512,0.21858734891287454
9841,0.9228735924055016,-0.08101349575586334
9842,0.19001971787695396,0.126655165327712
9843,-0.5684994466852948,-0.03288855926288785
9844,0.2300420339084199,0.32562370440361
9845,0.013983422315430809,-0.28632977321401376
9846,0.9388146883377203,0.7657500901582349
9847,-0.6886882481164246,0.11600706123039231
9848,-0.6555257691316845,0.4468688129586495
9849,-1.0780390420019237,0.4504556168680136
9850,-1.0340517591925384,-0.00556939043531564
9851,-0.37476403518904533,0.09197647605808212
9852,0.9814619036619543,-0.1477984177480209
9853,-2.769718473951577,1.4202379601153594
9854,1.0226041184583814,-0.09629492699390266
9855,-1.0637084624407265,0.1189272039538567
9856,-1.7348168112085893,1.001376066907614
9857,0.5681401570529104,1.5267017287422653
9858,1.32479293914293,-0.08450145969004046
9859,1.228713240367,0.015060790007810878
9860,-0.18638264754791795,-0.2073390739271356
9861,-0.24680443849217656,-0.36382692929930555
9862,0.05350699518358745,-0.41896600980922344
9863,0.24136138226669943,-0.13699548622675317
9864,-0.20900546124644578,0.02813188795118828
9865,-1.7144267559710815,1.0970605477869382
9866,2.015228607735218,-0.26070855165820367
9867,2.03674186843861,0.5079369993382977
9868,0.4511808606630949,-0.07834994183465455
9869,-0.11320696027083171,-0.08948374612559135
9870,0.16523967126386285,-0.37412998010578247
9871,0.3846515094960198,-0.2688539741724032
9872,0.28038139115064686,-0.4685309556514818
9873,-0.1310627819404235,-0.23659840532648546
9874,-0.9032464091319667,-0.23520083675350467
9875,0.8518048397240102,-0.3672870345402643
9876,0.15899829237274699,-0.25441783460508227
9877,-0.3623494391552419,-0.3322407640304075
9878,0.14577591532826104,-0.058610322739954215
9879,0.45197819308991005,-0.069653352270039
9880,-0.10475495635409454,-0.28888605387889543
9881,-0.6985314003110045,-0.15097999606400667
9882,-0.518063460724494,-0.004441804234516871
9883,-0.8457839251236361,-0.14350800296742322
9884,1.0562383954292933,-0.016231241678759147
9885,0.18752962534745027,-0.38061724386579676
9886,0.08245738092880373,-0.4458604035805487
9887,-0.5635683168002905,0.11305360869088149
9888,0.783017904480763,-0.3741496445457139
9889,0.9535786949262782,-0.28814791005549817
9890,-0.3539133699870649,-0.45076233477101263
9891,0.3326613635251733,-0.3359909364141125
9892,-0.2711918856176622,-0.11445595699637556
9893,-0.87867281650807,-0.2991282743408068
9894,0.15172731360452557,-0.40923463268747345
9895,0.25401269014542466,-0.25516554209619535
9896,-0.2797719646588236,-0.5310778265404381
9897,-0.15741430374973528,-0.25014606337582496
9898,0.12816991162267624,0.2058556737170521
9899,0.07740998551839878,-0.4054346579188456
9900,0.3431546960603801,-0.30624540284012514
9901,0.8678715780751127,-0.213370381467475
9902,0.10113149224025042,-0.3058478889528385
9903,-0.5579391493485691,-0.2866408820069021
9904,0.15241438083834866,-0.2634386840945718
9905,0.7243882060056577,-0.3582219063227567
9906,-0.20112904022111838,-0.24700881061991053
9907,-0.4817601720050646,-0.3958223091145332
9908,0.07867096280205506,-0.5573004426609037
9909,-1.1823686764342407,0.46151877889347453
9910,0.17284501422499832,-0.3297251475536758
9911,-0.6131819731613658,-0.1221840746573844
9912,-0.8927234627382181,-0.034039981570575424
9913,-0.9014424445086833,0.7056847851523669
9914,0.3648062621921014,2.123235785323382
9915,-0.45054694117901883,0.9225316226162517
9916,-1.0226896403414933,0.18613058699174295
9917,-0.26798869465274744,0.32805486182882765
9918,1.320471502076814,0.40053728861332055
9919,0.5357905863181681,-0.142122190794483
9920,0.12083098377687639,-0.36327629687838253
9921,-1.196303825173285,-0.12357224018633335
9922,-0.7323337571901644,-0.21122215340991427
9923,-0.413753943501884,0.07966834914848567
9924,-0.7243599666442908,1.1918673377695321
9925,-1.5358526579790672,1.939813314571575
9926,0.4699517655361828,0.5406961671776412
9927,1.7553700816404105,0.8618350475773784
9928,0.1901832455671782,-0.0074469382033655485
9929,0.0964615798621401,-0.5314516621859711
9930,-0.5841270507368608,-0.3198134222496117
9931,1.075257746169348,0.10921118255327675
9932,0.9005432280367142,-0.15159859478476886
9933,-0.03497040523985955,-0.34412894048976744
9934,0.15044377800525394,-0.5153792440072446
9935,-0.17236003687390575,-0.23069391982479345
9936,-0.14155002548071915,-0.5963901390718034
9937,0.1390622361548661,-0.5708338008208835
9938,0.2521295900764772,-0.3594421995374698
9939,0.4581192190069473,-0.3355499395620185
9940,-0.6356721617415994,-0.38317083273452573
9941,0.6357758183875502,-0.4752278434096182
9942,0.007549874356436722,-0.542387937557838
9943,-1.0021778579330631,-0.44502708828020976
9944,-0.07279489186252762,-0.6142121293318534
9945,-0.6468322445877154,-0.4045619704235498
9946,-1.3226119150189977,-0.2807943951193859
9947,0.5804619144591201,-0.22277298748298827
9948,1.6015905879238874,-0.5053579057645256
9949,0.8768373139767104,-0.4443320429198526
9950,-0.08172715504360044,-0.5737620722667215
9951,-0.3332810999981725,-0.46189705175774703
9952,0.13362696006084657,-0.6160711824147708
9953,-0.030344669008164512,-0.5891685214081671
9954,0.14235370980148676,-0.6117502069493503
9955,-0.7135056711242624,-0.5089888450499047
9956,0.30861324301071197,-0.5419372150273234
9957,-0.2714568658791098,-0.4982060770935869
9958,0.8146164572418386,-0.30016126361857837
9959,-0.2734741179757883,-0.4725646829963147
9960,0.5581719235261048,-0.19770470878208468
9961,0.1078386994397048,-0.30737969527697234
9962,-0.7468119041278516,-0.49662569632797876
9963,0.1855775897698115,-0.4657970508800949
9964,0.07848577145278934,-0.5667643301305421
9965,0.588395699351265,-0.14114720678177411
9966,0.23243642517849528,-0.46966392514067157
9967,-0.42769234652037275,-0.45521711606891885
9968,-0.4549526054439606,-0.4633949947954973
9969,0.5333638202918809,-0.4956844242024001
9970,0.6110469302180541,-0.3243833446023233
9971,-0.7729375492468123,-0.40514391922790627
9972,0.6236908338337812,-0.3396980405286824
9973,0.2255761970815069,-0.49109737752449417
9974,-0.2053833685269351,-0.564159985507244
9975,-0.03443236264928293,-0.44633156873483193
9976,-0.25421659913835154,-0.3993628927651461
9977,0.4544784431567215,-0.258904272409747
9978,0.5191567793750942,-0.10804529564594527
9979,-0.14535043056781355,-0.2478221299469386
9980,-0.1658404582275508,-0.5943945796474898
9981,0.08068172950200667,-0.591323158678019
9982,-0.5182709799006726,-0.3271562482109724
9983,0.5280262270697057,-0.18780226724359342
9984,0.3654789866166841,-0.2688071301350475
9985,0.2768639073301488,-0.18974699823440663
9986,-0.676963589590259,-0.3216356496253176
9987,0.24805773886382546,-0.11819590718663814
9988,0.2691909652386061,-0.24432506603622478
9989,0.06271496312240456,0.13303394589891404
9990,0.30711017018982634,-0.25549237633583227
9991,0.062328301802572206,-0.18454787904978368
9992,-0.2996493766103469,-0.29414575216441263
9993,-0.3986278695682617,-0.3684373513634243
9994,-0.052442383291043365,-0.42980524093947425
9995,-0.11393595265185963,-0.5379401097171663
9996,-0.23081416509348604,-0.30607830814101594
9997,-0.3981432908343691,-0.36788801472342414
9998,-0.19030008838711276,-0.42072753653389805
9999,0.6584579485792124,-0.5153891851256581
10000,-0.20227014718640127,-0.5939258415768593
10001,-0.285377781103146,-0.4465729818535876
10002,-0.4461744323205307,-0.27487376925896584
10003,1.0116989836060781,-0.37849634688962736
10004,0.27540066888440967,-0.20763424605728747
10005,-0.4002581327734238,-0.4536727424732113
10006,0.37384378616565955,-0.440842803320868
10007,-0.021176075811087,-0.4745114914847734
10008,0.7240549062721696,0.02710031405508923
10009,-0.08220766112498186,0.17002926405943897
10010,0.7399334404625829,0.5475300162403546
10011,-0.8585102066119622,0.3939065926496214
10012,0.5239930631948548,-0.12599547525292631
10013,0.9568899533255372,0.15974322121699147
10014,0.15736907262423647,0.19011224236992
10015,0.2830438951418822,0.20326821319478264
10016,1.999431273123605,4.275630171652428
10017,-1.695165925563173,1.6119173899104582
10018,-0.3726746718426678,0.6075914516783383
10019,1.0665247296415987,0.41692223886349633
10020,-0.3939431236874155,0.35055871993314286
10021,-1.4376180370036915,0.6365119977255289
10022,0.13360742021925362,0.010424338547454969
10023,0.493791974588836,-0.03255756403282279
10024,0.18021645998365848,-0.2942387165605566
10025,-0.2934855682428419,-0.5012742551125884
10026,-1.30682762652134,0.4611824766009883
10027,0.328256705482413,-0.17406416436330618
10028,0.5214598144834478,-0.4523572105170723
10029,0.5786665925328557,-0.26930915739083044
10030,-0.07985899762689097,-0.4448844124208082
10031,0.11010756020118566,-0.3542623316958428
10032,1.158101479508086,-0.22325092549940873
10033,-0.24489035969803585,-0.3964225346978476
10034,0.27073393777142085,-0.41423959701265356
10035,0.1222441812072841,-0.5491708933752847
10036,0.6913184728422153,-0.12435647010948267
10037,-0.8315538456815419,0.16885145565982365
10038,-0.526187216575873,-0.3371137229452296
10039,-0.10200031149714181,-0.45979553130636497
10040,0.8818278983429171,-0.2630606653322298
10041,-0.567881804880727,-0.5385683381560209
10042,0.019111799529101577,-0.5936988951428728
10043,-1.1136821375239854,-0.434035321262953
10044,0.1219788730747519,-0.36819649666002496
10045,-1.4804174201176659,0.4655258573564381
10046,-0.10500024159961396,-0.2954169025556989
10047,-0.5649435513816554,0.006492548827741327
10048,-0.37938829139471386,0.42100832268591143
10049,1.8677908571990296,0.007094042836179256
10050,-0.8864781911529466,-0.41007852732755085
10051,0.2774555358258608,-0.42558412163605863
10052,0.018337451984468452,-0.3054942616239647
10053,0.3064730680008499,-0.5538098994944647
10054,0.9859466212664365,-0.20238874751621944
10055,0.40906322291969927,-0.35914091149037897
10056,0.3617726062645936,-0.09164620785595667
10057,0.5860448443546001,-0.1009584313273326
10058,-1.1471822071192677,0.42018343457630425
10059,-0.08085536323554678,-0.452773009969259
10060,0.14827269408187768,-0.3409579108822516
10061,0.5806921862625097,-0.078823903164882
10062,-0.0424572204501607,-0.33199945062773667
10063,0.46134193586170497,0.2334631012423146
10064,1.909537665749636,1.0184090289630248
10065,-0.04572032530582884,-0.024452654840947243
10066,-0.25680231992819375,0.5108369857648871
10067,1.221612499264557,0.619152608895793
10068,0.2900050090151125,-0.015938080702080318
10069,3.5758294115389697,4.551074280655343
10070,-1.124700695791622,3.2226880807662273
10071,0.3594205476496393,1.24311562218669
10072,0.5626229810339265,0.5550260558934914
10073,0.4672930412153824,1.3982732903225754
10074,0.6906095489666719,0.5709245879090384
10075,0.19148484374788632,0.7571633720411509
10076,1.8861837690380916,3.4882981822213437
10077,-2.0780655526626775,1.9813718188270955
10078,-0.39116885506106824,2.883940233238182
10079,-1.2959929462408752,1.9624266874711045
10080,1.2582184159183256,0.4139620916379463
10081,-0.8944001880308994,0.6413495556696496
10082,0.054618674586049715,0.2327395497179161
10083,1.058708716100242,0.7617088023449008
10084,0.5664524079042428,0.5556451197724755
10085,1.3275152007073516,2.9242211038651957
10086,-0.09414163216051379,1.432241859814818
10087,-1.2892507710710095,0.895174684519075
10088,-0.5829876330371274,0.6343858359955074
10089,0.9420122562733023,0.15584455677067754
10090,0.15762470697841763,0.6961005230494913
10091,-0.7915483528011906,0.2396754198311027
10092,0.3697497654586225,0.6572523471905182
10093,0.767423233151115,0.7540250514565605
10094,-0.6064749741790942,0.49406692559023446
10095,-0.8927607291309656,0.8608533447726384
10096,0.632915638531341,-0.029471697839544758
10097,0.5641549157947469,0.2884508073031661
10098,0.09572350611863373,-0.3693362359400082
10099,-0.5664664110204136,0.38682509256094105
10100,-1.110599244924291,1.1517284849144638
10101,0.38422106661843736,-0.05701123459350337
10102,-0.5790476278333236,0.4828823362063341
10103,0.779971725390771,0.05103533020972615
10104,-0.36852848360493795,0.42220258777265085
10105,0.08735325798124283,0.006271965014931113
10106,0.12080158444128981,-0.21577892458287345
10107,-0.08332326013838288,0.21676796057898304
10108,-0.56785794548627,0.38134854631266357
10109,0.2852015641409916,0.6880257886064165
10110,0.45487563055984254,1.0108297667309016
10111,0.16340603154019154,0.850587180569898
10112,-1.683287034719211,1.371608284828228
10113,-2.2559001918946224,2.774999948965849
10114,0.9169991871257623,1.151956645759857
10115,-1.8298213607441483,1.4601317694918265
10116,-0.7024410449252422,1.291617394826322
10117,-0.9034327484675373,0.7353716325067736
10118,-1.4426901193349204,3.1031478366604532
10119,-1.8985365415228748,1.4711058318471026
10120,3.1211475148158048,1.4715051627783502
10121,-0.5043155257527338,0.5335259068798167
10122,1.2068038746565344,0.6213306372024736
10123,-0.39806513223256246,-0.03190103404614588
10124,-1.114369449625513,0.3780157767007164
10125,-0.5154639625120938,0.2747382912112939
10126,0.47095300549708696,-0.28876968194143726
10127,-0.8335146104929559,0.1377399774006468
10128,0.9196512278242669,-0.2175904942425061
10129,-0.6288601501431126,0.029631247258474852
10130,-1.4411548586205385,0.48952384768980045
10131,0.203574969849392,0.3275241278731641
10132,0.20822024793299762,-0.36866139588815755
10133,0.11930988406028291,-0.24903471520814247
10134,-0.06137250404850413,0.3361688486323051
10135,-1.6174067817906599,0.570530220164264
10136,1.2557374572285096,0.6427562987575339
10137,1.0981110129976939,-0.2877595546120558
10138,-0.13702132394434746,0.1017517064346539
10139,-0.9181092056049188,-0.27579352511957855
10140,0.4950692653158329,-0.31311738337063305
10141,0.23076955251762463,-0.2944725308020962
10142,0.1647249251651651,-0.45097797476322143
10143,-0.3173534454780721,-0.15768448518576833
10144,0.2695709785740484,-0.5508040834646885
10145,-0.13587315034116249,-0.40401567366740315
10146,-0.22175770439867828,-0.5454189247320466
10147,-0.4373140348654626,-0.5537675662568443
10148,-0.6144380983072135,-0.44344997386312146
10149,0.4515810911645965,-0.38874066336239615
10150,0.039461804404680036,-0.5449409664994025
10151,-0.967592657641629,-0.060819463809032255
10152,1.9041022590672285,-0.024271333704018225
10153,-2.5641028979927922,0.3998135778907054
10154,-0.2870790528547882,0.2751846464190703
10155,-1.213210775429757,0.6574422163281877
10156,-0.35095523423261776,0.5643433401944358
10157,1.6369875492371664,0.44983135895682447
10158,-2.144615556492629,0.6871996214677901
10159,-0.21394846205907514,0.1002043297406065
10160,-2.3692200186147927,2.0084641582258285
10161,1.4807575905696246,1.0616217312817433
10162,-0.3527074485723947,0.21058858017279344
10163,-2.8999410253804867,3.352006929758127
10164,-0.050408470157519335,2.03502486378064
10165,-0.30596376157050853,1.2823723401117464
10166,-0.13169192339012598,0.48178872883250934
10167,-0.3414746174814547,0.6446198032953049
10168,1.624432060719206,0.6544020366297495
10169,0.41003155569798444,0.05993257765701598
10170,0.13530809190456616,-0.401702783237841
10171,0.6443745690584821,-0.03916433252592558
10172,-0.33312765361242697,-0.11126928313413732
10173,-1.050922887150003,-0.021810056241302188
10174,0.4858741077308113,-0.43918126846030836
10175,-0.23886159847645863,-0.09902589510401916
10176,-0.35667000768412566,-0.3401765671045489
10177,-0.16862877409603816,-0.24893441938187774
10178,0.21104941974616714,-0.20310907090500993
10179,-0.25104077629817195,-0.1891092228076106
10180,0.1299358424774507,-0.33897242360595814
10181,-0.839205966983178,0.2895347957390048
10182,-0.43298900534667817,0.057164313940986894
10183,-0.24568561829629762,-0.1774428083061506
10184,0.5786109288709266,0.4575305409769595
10185,0.07859825009994148,0.056318137247262305
10186,-0.44593284670382444,-0.3675504475372997
10187,1.3759758027056521,-0.04712413657161514
10188,-0.46499002170819476,-0.028117995744171388
10189,-0.39639504562710476,-0.08858753326042997
10190,-0.32739730287119717,-0.518117168810503
10191,0.12019906956401714,-0.3405114397447846
10192,1.0811760557053451,0.3311700311590288
10193,0.24346814080212123,-0.050661796508316946
10194,-0.12162321750635705,-0.21892691749036963
10195,-0.5469999286992792,0.31186478121890526
10196,-1.2450895565759559,0.35813297600515037
10197,0.6042535051683801,-0.35905087359556753
10198,1.1723588786377943,0.0016825716855629156
10199,-0.3534236429283024,0.21858523488458753
10200,-0.4867111234386619,0.02518990420588283
10201,-1.3942092874894607,3.1296643125492194
10202,3.1217455426123064,0.9386977160803122
10203,2.845717747961597,2.18433163256055
10204,-1.064906813055523,0.503688336721243
10205,0.6982791888353092,1.0022241318303542
10206,0.35781352824173907,0.9932278463303167
10207,1.1921685880460726,0.5867978854992395
10208,-2.502951762922568,0.9147447981809291
10209,-2.870426560811247,2.8205476063368162
10210,-3.102597917718291,3.784221389158995
10211,0.8512120284745008,1.4589281947594444
10212,0.3381658953855742,0.5141355803191208
10213,1.0446646138447335,0.6529024572534066
10214,0.8666737656874959,0.6835635157475711
10215,1.4513002669046946,0.8693119113019441
10216,-0.09844946531521766,0.10393557212029492
10217,2.427866241086978,0.399154239116388
10218,-1.5147859570844175,1.0948581443159975
10219,0.44290324031328027,-0.2545417802583968
10220,1.5634397471644763,-0.023906808957752018
10221,0.31775479012167757,0.2412560929931836
10222,0.7970569519562207,0.3756127763276054
10223,-0.7897204069734696,0.978758812287279
10224,-1.126745738109698,1.4607929703212434
10225,-2.3937867595010167,1.9831762099370087
10226,0.716661820685877,0.16271274978872152
10227,1.229005033081182,0.19489029693887577
10228,-0.9156053406505622,0.09190276337495366
10229,-2.2766620078762987,0.5732799132900267
10230,-0.790204556518011,0.7627535407931215
10231,1.1892465295458963,0.28803537751708164
10232,-0.07157332284490046,-0.03749765530603946
10233,0.10385377998208757,-0.4789202456495558
10234,-0.49137350182973977,-0.31188386239300625
10235,1.9509620307062223,-0.003890951534234507
10236,0.37203532686999524,-0.4278354569686114
10237,1.58487399809951,0.11269562657256563
10238,-0.02938417836824613,-0.3901845190127412
10239,-0.3589382449112491,-0.4319046361719107
10240,0.14409852291111774,-0.47185489263844993
10241,0.5429899251364645,-0.18894146584156296
10242,0.48112766576127136,-0.4163833998649954
10243,1.1022827677824265,0.3637709781179489
10244,-0.45740709512294586,-0.2567706656631465
10245,1.0192411874196663,0.294603046619825
10246,-0.15273859102403567,-0.3212542689771523
10247,-1.4062001556928234,0.30457937627265
10248,1.0086476325344358,-0.1690677181077679
10249,1.4939336238653125,-0.0008542241075716164
10250,0.30218855534346173,0.08058097828023265
10251,-0.8054433843598733,-0.026884177071990516
10252,-0.3495763847991487,-0.06194202419177107
10253,-0.2707656305862208,-0.18922577102312524
10254,-0.1526853796786963,-0.17974248839611565
10255,-1.0328696109143543,-0.12497827787860402
10256,-1.605549535619135,0.8145820693631155
10257,-0.9099604615389167,-0.3577485123810562
10258,1.1309941786410673,-0.2633032185343959
10259,-0.36793450534015376,-0.37861414833709306
10260,0.4805394919979486,-0.48138904671847493
10261,0.5708578864238599,-0.2401603835260998
10262,-0.4194027420208656,-0.5559944378422995
10263,-1.2141244425563318,-0.009265655633883523
10264,1.3590976444634024,-0.43964414542717284
10265,0.19213920327797368,-0.5811436082841658
10266,0.2550389522576468,-0.514229642021451
10267,1.284223943010532,0.17952188473788064
10268,-0.4016709463625658,-0.38473853465332697
10269,0.5444306352915115,-0.4707127263826418
10270,-0.5590645899358464,-0.08060164671831746
10271,-0.46456643854750285,-0.18838999825110073
10272,1.2097644368837437,-0.32252922380905624
10273,0.9141582917196309,-0.25460365384257444
10274,0.2172657147828794,-0.15924219493702074
10275,-0.6257494666893187,-0.4043419842783563
10276,0.8407436914942065,-0.4546671528754078
10277,0.08474734070643343,-0.03502863724030611
10278,-0.3642303985681057,0.29307331047894786
10279,-0.22321703093076267,-0.2969646898557194
10280,0.2680268546253524,-0.3201778162925655
10281,1.606237677169435,0.2724146103021895
10282,-0.1331725522636313,0.2268850147407837
10283,1.1874178825486679,0.2404016024106885
10284,0.09340532978396472,-0.25811485614327706
10285,-0.9727963507640208,0.8144758406423874
10286,0.8583023750748856,0.2687499004683247
10287,-0.27748606825275685,-0.04711278356239423
10288,-0.15482107921726945,-0.03388590294690765
10289,-0.990526830139852,0.43817543488720184
10290,-0.27476055554731804,-0.09676335114623318
10291,0.8564675705581938,-0.22332463559106278
10292,0.051681072999466185,-0.500579703046665
10293,-0.06789355275707995,-0.4854034104443932
10294,-0.06626887727619636,-0.3361782010350817
10295,0.24439539520894357,-0.2779509125440312
10296,0.3757141973607439,-0.007663890337570732
10297,0.1788175727263803,0.12089159944826347
10298,-1.1232619017742358,0.30963417597160403
10299,0.34360243488679454,0.8171587865218077
10300,0.29711654277251587,-0.1608731879828165
10301,-1.7332575449685297,1.1949555728197434
10302,1.0676977895653241,1.072739737915837
10303,-1.5421209907871494,1.1028494258420969
10304,0.6764006926527977,-0.12542315246798305
10305,1.2930919499453737,1.3440977379572734
10306,1.450772636824783,3.627497184412326
10307,-0.33532796813356386,2.93147659002978
10308,0.3069654580652553,2.719860068382557
10309,-1.7888905416155765,2.445534040392529
10310,0.536722594640697,1.123862433058011
10311,0.07662110043227566,1.4530002541391744
10312,1.807851849682458,0.23062598383310606
10313,-0.29991058508706603,0.8073258088858506
10314,0.7141674239166175,0.058324523665390815
10315,-0.3717668577219634,0.3547016117058404
10316,1.0112342092564137,0.5981675033166294
10317,-0.4542862105622185,0.032000465686888996
10318,0.2511773742758382,1.1877832785052673
10319,1.1216967170604788,0.188085546844877
10320,0.054969307379044624,0.1254944683487021
10321,1.598325343878094,0.5708128128415925
10322,-1.3243755437463944,2.0204693927766155
10323,-1.0667708646343674,1.0352562654043636
10324,0.5124894908252245,0.581669169380087
10325,-0.8380466000118425,0.7262631942532326
10326,0.932007389253689,0.02761082290496491
10327,0.7899101605795328,-0.013196323112382611
10328,1.5667776581160673,0.7298593480929486
10329,0.5591407581629151,0.2196188578276761
10330,-0.395629848660884,0.18494654133333477
10331,0.2400137901067043,0.7458435461048388
10332,0.8285094278752945,1.4066605817755202
10333,-2.5349525169230223,2.1432489719822603
10334,0.44071622840201846,0.05523521108844527
10335,0.8174684525617857,0.8844334457652882
10336,-0.7046687929283383,0.6539757356365915
10337,-0.6211486613973809,0.2078920168737459
10338,-1.6709658424275122,1.21295025689949
10339,-0.6149387003649038,0.02206997248816748
10340,-0.12562078248175162,0.06004238668688112
10341,0.5348604964416134,0.2223577585447402
10342,-0.4085535537496073,-0.35852654091813113
10343,0.47784817349750497,-0.0006551785298000929
10344,1.697642491067787,0.039202498546969916
10345,0.9746145440666922,-0.27673128809681435
10346,-1.3209414683283718,0.16215931682215629
10347,0.6552554814707682,0.05928436605415687
10348,-1.6110201682892387,1.0024664816030482
10349,-1.4283946015247373,0.9307648647849497
10350,-0.6880402012987907,2.3722090582280133
10351,1.0700545817832436,0.32769486571955264
10352,0.5361265259755161,-0.2670796060863993
10353,-0.27904944812386345,-0.1577608869427009
10354,0.15736854939875522,-0.32831584913093825
10355,-1.9906105604279056,0.2125245216642716
10356,-1.2240682358261514,0.6137902579711061
10357,-0.015756262869167818,0.43376648304132664
10358,0.8550192904022282,-0.3550653443371968
10359,0.6257017519772342,-0.03105346158150231
10360,0.2529763497608515,-0.32846525360455986
10361,0.2865005791827875,-0.30352865103196863
10362,0.7844091525324786,-0.19939012635476877
10363,-0.8461855415784055,-0.29232665292358895
10364,0.9484344816705752,0.04791061109357789
10365,0.9530815464995608,0.002710661395747237
10366,0.4056684030638335,-0.2803947430000735
10367,-0.3712527435475054,0.04468769978689073
10368,1.7454275916951973,1.6163972483117397
10369,-0.034880348532993294,1.1411080625219396
10370,-0.03847448216564086,0.4726855866615314
10371,-2.1899590954030654,1.2215294621089472
10372,-0.44473362714379117,-0.12828049568057184
10373,2.317061303371501,1.1284624137150887
10374,-0.6536671456770197,-0.019276840194904006
10375,-0.5156096757363272,-0.2628904772571196
10376,0.6305660555517671,0.29392284000195756
10377,0.27702471311832594,0.28134318109977313
10378,0.80489228392853,0.4181469969439071
10379,1.1178050996101037,0.5275374527542528
10380,1.525039837201231,1.8778389557865744
10381,0.27020013245436725,0.32795100716555536
10382,-0.9372972092048328,0.8910953539798966
10383,-0.7087019336491396,0.6705308139752693
10384,-0.24245913893565116,0.33108175930163575
10385,-0.9086065440642658,0.13674053232009376
10386,0.5430938055936475,-0.05542762591135151
10387,0.12761293008205768,0.28985330782647667
10388,-0.07087619993635279,-0.1654960392698805
10389,-0.3061534678678074,0.15471133826266825
10390,-0.10466984726960735,0.15997745119108017
10391,-0.8174788203718151,1.459870198879927
10392,-1.5000084667831348,1.168063193428441
10393,2.491432490857186,1.5406743395533755
10394,0.16063319148709831,0.5250083338040692
10395,-0.49819168752981663,0.3112521121405943
10396,-0.058163300006376,-0.036858312720718746
10397,-1.9592753678622017,1.230165972543896
10398,2.1942438908291977,1.7971152419568122
10399,0.6474967663041526,1.0563179740943733
10400,0.4480103593854944,0.5465838211565646
10401,-0.27248566058653345,-0.007744276073009166
10402,0.32423446654270127,0.01300531700281209
10403,-1.859565878294066,0.390346512967676
10404,0.6007319540328289,0.09535462452211965
10405,2.1852102382345517,0.0071768713153855645
10406,-0.38280351864075973,0.40306735959082773
10407,-0.9535028577812598,-0.012530899130644108
10408,-0.9484707785391302,0.8935437979990007
10409,-0.005537465832630623,0.819414558346567
10410,0.6631227911627403,0.17428358566363206
10411,1.0224614802771297,-0.10617805013181111
10412,-0.586998366896429,0.19088554378675185
10413,-0.12756938807613838,-0.22394385117948803
10414,3.02860308642794,1.596883508646859
10415,-0.27018333245287024,0.7145824624399759
10416,1.1404401855636204,0.14346116974347234
10417,-0.021846210365787256,-0.24551655550339624
10418,0.3413784028292426,0.07814046044204505
10419,0.12479833025133362,0.11769312525677929
10420,-0.3994377875016559,-0.17636324191416652
10421,-0.44390993023048564,0.0351311524518904
10422,-3.184112324872677,2.330623155039127
10423,-0.8139375015707837,0.8953728180281654
10424,0.9282662434192522,0.12284313357376282
10425,1.064332731690477,0.09516527072065165
10426,0.44173045992604254,-0.31438361217577226
10427,3.310265606997435,2.448454122327851
10428,2.4781227973135205,3.250134678931323
10429,-1.0524549997500932,1.5448252475497508
10430,-0.2361917694014064,0.8877966020436658
10431,1.8511179667747089,0.7316851087154863
10432,-1.2674787231065447,0.4910688117534992
10433,0.270870437140883,-0.18365386208930815
10434,-1.1100298800163102,0.6615567558836923
10435,-0.013917571307861358,0.3030163449079888
10436,0.720973541732387,0.9276915116570553
10437,-0.7511952406918297,0.15427450012680594
10438,-1.0207800018498479,1.1253142526876179
10439,-0.3249282156318278,0.8259160145553979
10440,3.0229315628435325,1.0190269463696016
10441,2.0923146395028143,1.3084761502973903
10442,0.5555824683375067,1.3183992613000106
10443,1.626469421192214,3.3497323650653597
10444,-0.6489246047091377,2.3793138039292328
10445,0.19434071556272556,0.8959531088331629
10446,0.6084225960808388,0.19710355238288138
10447,-1.1849343486800565,1.9098486343945644
10448,0.5697519213718693,0.33774237154270514
10449,-0.3189311807894696,0.494087154233763
10450,0.5128928892527909,-0.0450322993281578
10451,0.44331631267841715,0.377185566058334
10452,-0.18792364625433755,0.3831205262919942
10453,1.1365717015951384,0.05536118175346821
10454,-0.16980683717639425,0.24202317643355944
10455,-1.2053219170504008,0.43751251980116485
10456,0.9535907238655729,0.8569418351793672
10457,1.790490994048778,1.4632488450126615
10458,0.11011336378892242,0.05857626634725682
10459,1.8669873385381528,4.435491905675366
10460,0.07515018123279454,1.8283353296250624
10461,-0.2546688355052994,0.7834157946469686
10462,0.8533789719548669,0.7930091201050034
10463,-0.8244551656862444,3.0053068394233473
10464,-1.0831873525517317,1.1375137952142864
10465,1.1552917667741733,0.7372875768421475
10466,0.16202269988876772,0.7226524436011427
10467,-0.6040640448900405,1.3947665979558932
10468,-0.7537650814562085,2.36358725456728
10469,-0.927121613347718,2.1936539653701614
10470,-2.3302012964317775,2.679128962790662
10471,0.20677157232991378,2.4510480974117654
10472,0.8732746613772088,1.157935108743835
10473,-3.380562076706414,4.1711015836244885
10474,0.8545230514171881,1.253659494075054
10475,0.5030073659650103,1.2524634482136934
10476,-0.87382861886958,1.2017687242722734
10477,0.5696333100917573,0.2674752459832264
10478,0.8633298619278722,0.5979742502006191
10479,-1.0373412420953807,0.6936619656548829
10480,-0.27227409729153884,0.9604390402929236
10481,0.5515407602055804,0.31607023544010693
10482,1.573665570306686,0.5918233991289372
10483,-1.6317734378452897,0.585354108216915
10484,-0.9268177861878144,0.4077046207907127
10485,1.3004156150029373,0.45954202135015143
10486,0.12444357028318995,-0.0365241118229279
10487,0.1411331488838499,-0.06641437514923845
10488,0.3073474238150794,0.21062512091120303
10489,1.5527887723375895,0.5929278283811621
10490,0.897781285389938,0.41224004602651937
10491,-0.5624179870135111,2.0522719747832863
10492,-0.07972769219198689,0.8408734172089579
10493,-0.11358343007699538,2.1777464233070107
10494,0.29350687233398337,0.9500628575711328
10495,0.5800013612272891,0.835739115593956
10496,-5.378167755920317,6.333292450700015
10497,-0.48111969207696703,4.939863607723998
10498,1.510286569618717,1.207062513251157
10499,-2.2846396779157616,2.3059543900253616
10500,-0.7691296079849088,2.7523162396016714
10501,-0.5909468087995452,1.5599737188602731
10502,1.2118639241897151,0.5105457122706568
10503,-0.5660326463450321,0.655478116434518
10504,1.1595747141595936,1.2027216990784038
10505,1.727653147898954,0.8090049065686329
10506,-0.8972617735129259,0.6591142286990304
10507,-0.6499238496139431,0.12130709735750904
10508,1.9216019617511422,0.27155435861580607
10509,-0.9398180792427673,0.27017650583053515
10510,0.16611836300921323,-0.22953741232534708
10511,-1.5110754022916029,0.01937882879852842
10512,1.1381673991503236,0.5242990997015464
10513,-0.5419887131332309,-0.20345073040814995
10514,-1.1351077092385973,0.11513309937199391
10515,-1.0444840947187437,0.5009220176595578
10516,1.7449575348654702,0.49489806960335186
10517,-1.2883149105872176,-0.1425297701607687
10518,-0.21565185276727636,0.2600320164817818
10519,-1.179059171380033,0.27981409306058214
10520,-1.9129620369164488,1.4774692348258507
10521,0.8133230415340355,2.517614193953285
10522,1.4686839559235219,0.5160264254588012
10523,2.0118561064589495,0.23735704612751646
10524,-0.04953777969886063,0.12561264059748975
10525,0.3629128058871465,-0.2044541859345647
10526,-1.0054471709027255,-0.1040517539822225
10527,-0.5700867082490001,0.1951068775549823
10528,1.7406637062541273,0.13337308043863405
10529,-0.8297304526248225,-0.26179193837919834
10530,-0.9802317331675525,-0.06136431751384017
10531,-0.5515841351466244,-0.015149225535075497
10532,1.0391807018828296,-0.041131774084358294
10533,0.4403678988115143,-0.3727349113723004
10534,0.5777020914692022,0.13308178226483364
10535,0.10608858912412511,-0.4431768647303709
10536,0.15439116540675063,-0.20673859492224664
10537,-0.4252176507479396,-0.1020658025631112
10538,-1.8003939321557647,0.05920642514353105
10539,0.20893641841490182,0.3047890720646663
10540,1.3536108119909995,0.024141783677483222
10541,0.27685021563079165,-0.06578427177331242
10542,-0.18913703124267894,-0.4101676361162337
10543,-0.3648921556747937,-0.17688846588859705
10544,-0.09975059284963837,-0.3228487517129043
10545,1.4115295094312237,-0.22286404176167157
10546,0.4294018388907554,0.0792523349872721
10547,0.529974450047123,-0.4430311922479974
10548,0.2505733407197519,-0.4166209032200178
10549,0.7746864024780278,0.2516193264688713
10550,0.13282179148758821,-0.33486239178865945
10551,0.9869502065644915,0.2757327046427166
10552,-0.4016133013160359,-0.32301973000975714
10553,-0.11633013166936632,0.1652345419471216
10554,0.010408420413467628,-0.5072447734589786
10555,-0.742432371751021,-0.2187386167369025
10556,0.36581049710830277,-0.39597137679765737
10557,0.2699810067259327,-0.375090838907744
10558,-0.4326153837104186,-0.42193640720293457
10559,0.01973490009318278,-0.5304489990842479
10560,-1.1508820583819688,-0.2309865628994559
10561,0.1450174876980391,-0.279028277908255
10562,0.3067053091958737,-0.5228493617374104
10563,0.5920276070832137,-0.23378551033901232
10564,0.4814302013327605,-0.2989519889717679
10565,-0.6466758990313415,-0.19525407818760335
10566,-0.054534670086127994,-0.5409777616997843
10567,-0.9216503154073271,-0.23889699259607228
10568,0.11756137486851952,-0.3376700884852969
10569,-0.09113842307787384,-0.02173673645758849
10570,0.3048205992424399,-0.42424339992345644
10571,0.03696172779534906,-0.3741020353729273
10572,0.4582703136738617,-0.32092029515574927
10573,0.5373650485054937,-0.2500198562707288
10574,-0.2965982457524511,-0.31281976036092796
10575,-0.4526468978951666,-0.3776372634157964
10576,0.541987307335376,-0.5221149420009507
10577,1.3659510917060709,0.3173820578542148
10578,-0.7147670277614236,-0.07101364563811731
10579,-1.2215443203162661,-0.2808699246953786
10580,1.036257670479631,-0.03821330810752788
10581,-0.38644429271922176,-0.42929169721119437
10582,-0.6292043904089528,-0.23098407748509087
10583,-0.5669009292585709,-0.20995713015372403
10584,0.9677564533204659,-0.23606595326685217
10585,0.11232504727876226,-0.3973891374332011
10586,0.7451482820600703,0.010886068017911654
10587,-0.37037029843802016,-0.04540598972327447
10588,0.06224606673020526,-0.44751493853049795
10589,-0.14730978476608544,-0.10413011582279258
10590,-0.40675088819569033,-0.17146990300935944
10591,-0.9702463960204528,-0.25664205587879485
10592,-0.6458722496327803,0.18562804954193932
10593,-0.189226825531278,0.2736251359766393
10594,-1.0945446259592135,0.5912754271059432
10595,1.1181720717404755,0.5135142884182349
10596,1.8013094518795578,0.5611985747995243
10597,0.3393249587818516,-0.05421995298617094
10598,-0.8128609415730925,-0.15990248633710188
10599,-0.7822501544032359,-0.408014765166828
10600,1.8378949564581297,0.0486510996304816
10601,0.27128499797741773,-0.17090869218917482
10602,-0.3705731929777781,-0.17732151308643085
10603,-0.46339936624583705,-0.40654689574916203
10604,-0.2858203106561988,-0.44105292635804433
10605,-0.552816450570193,-0.3646463431323955
10606,0.12538910095295452,-0.5348720405297311
10607,0.7476077876753715,-0.3279848123979045
10608,0.04013019798445759,-0.49725025880163626
10609,0.19996906994397137,-0.5278280176505104
10610,-0.4031497201021771,-0.5676272077978339
10611,-0.47614844620015495,-0.28179635290743765
10612,1.1950068248867123,-0.15449240325137706
10613,1.1366423440471023,0.10231983293131144
10614,-0.6407224618015674,-0.13520634962731864
10615,0.1763646991331919,-0.4541233120925331
10616,-0.1281636181627815,-0.5105930729396997
10617,0.2791856604724555,-0.4596251032368317
10618,-1.1811216315572497,0.5339120645800776
10619,-1.6186828319058304,0.416898763710092
10620,0.2021438919669351,0.897754536732285
10621,-0.6736774018294526,-0.2648444358328839
10622,1.2185011992823747,-0.27550584760630603
10623,0.21369953173514936,-0.37628095449547233
10624,-0.043930857300260015,-0.5439352117221197
10625,0.561565989677984,-0.4735888830706919
10626,-0.21513770971169058,-0.48314320618328466
10627,0.47542326806267077,-0.5172438554473152
10628,-0.42470513287645234,-0.5255492221934869
10629,0.6526939235552982,-0.30952335533438297
10630,0.04865632075884056,-0.5509099620626428
10631,-0.6878168583818257,-0.18495404041211141
10632,0.011453892338219234,-0.3476062824776486
10633,0.28931810863268,-0.4113898867052497
10634,1.015226747846895,-0.19882329896407497
10635,0.9707325971498969,-0.08522228946226287
10636,0.1939144317511499,0.14507837232288026
10637,0.07566413350424096,0.0633128312522334
10638,-0.7151466474480094,-0.07457837651281013
10639,-0.15135913289703132,-0.43006291062061897
10640,-0.3373875103060782,-0.4414528320406408
10641,0.6285013909874865,0.15327872193211944
10642,0.27705225564221114,-0.060120801719681635
10643,0.07076262356254662,0.10806071647235643
10644,0.19327173311490498,-0.03629174142655101
10645,0.6949390909682475,0.6679578602765386
10646,-0.16094909405776595,0.016017046215635752
10647,-0.2991088877410264,-0.41311045065727225
10648,0.5062132328576443,-0.24385702339737733
10649,-0.7277673351168669,-0.04483781713287287
10650,0.45246573355842756,-0.31866305337298667
10651,-0.5192913089487272,-0.30059854929246776
10652,-0.4293720155649896,-0.339085877527587
10653,0.7199085554344498,-0.001731254288368482
10654,0.631253572378481,-0.047619331480460755
10655,-0.5197181869527393,-0.35113578710151616
10656,-0.040003028663560355,-0.23893831520773173
10657,0.1738708367467317,-0.46298480963617833
10658,-0.09517416591844186,-0.5466322961006091
10659,0.5768340608634921,-0.230435325178442
10660,0.977885091065013,-0.20705012872997972
10661,0.41920084838630267,0.0705209249634341
10662,-0.6801954985006025,-0.22464803641360198
10663,0.9400856487144612,-0.1696640361056646
10664,0.20290514174670718,0.022022228449863256
10665,0.6201284191361238,0.31964238514769117
10666,0.8785133347883419,1.4409107880274323
10667,-0.8381908687005919,0.3533277243004035
10668,-0.5565362941518596,-0.034361100063359906
10669,0.5664974704514752,-0.1343492471660692
10670,-0.6828020677339158,-0.05945106024301631
10671,0.08432232096692786,-0.018639701805273908
10672,0.4545632587120294,-0.1616520180754602
10673,-0.34868294973006736,-0.19149215196581712
10674,-0.4983192579849357,-0.2688326414928678
10675,0.10062794327063582,0.04870780739818171
10676,0.3313932122117299,-0.07234501340245642
10677,0.6622889018819798,-0.34471700683684603
10678,-0.18043664919703345,0.24797762599802262
10679,-0.27240498958349757,0.2961087951260406
10680,-0.4364373260329092,0.02917293354690445
10681,0.025581339235295753,0.10020641565934073
10682,1.141548153765244,0.7281582799074735
10683,0.4707352215926802,0.28872151380970545
10684,-0.2988360533345772,0.36919320583806936
10685,0.31789438005643755,0.13705743290106467
10686,1.2034836992380058,1.0766129523162682
10687,-1.0719289111707662,2.228363129850813
10688,0.6724093149714432,0.39903700109818063
10689,0.09027514683443826,-0.001716126740643917
10690,-0.19435771387665138,0.5360477696548929
10691,0.22231226600078302,0.06118816688685068
10692,0.18896258228821594,-0.13646803433885027
10693,0.15198151356838788,-0.14903513818486192
10694,0.8853861548452286,1.1788101531730408
10695,1.1393693820698108,1.0216270767576063
10696,0.21161603726579264,0.8334917465208039
10697,0.6111788450436992,-0.00781559015070024
10698,-0.9285706752898834,0.6397161208117736
10699,-1.3264739799418406,1.883159202267807
10700,0.30949957211714685,-0.04181076213713407
10701,-0.5433115155313277,0.1306970733454528
10702,-1.1787136027846319,0.5515986379795333
10703,0.35553440655407414,0.651396879036025
10704,0.19985522418755675,0.12439973251483324
10705,0.15562994022251064,-0.09048515028903172
10706,1.3657920494474787,0.5143261426244272
10707,1.0826578121456802,-0.05062084861734162
10708,-0.14897145747731494,-0.5042536215414771
10709,-0.46775518402573646,-0.07895469010413542
10710,-0.6416318091847854,-0.0022512698126597548
10711,-0.7804072353709941,0.5922930865295843
10712,0.16038461063132736,0.013862280407439531
10713,0.501000870026352,-0.26214231695071605
10714,-0.483461172373286,-0.4706140802824386
10715,-0.8160210039513883,0.3200343510005094
10716,0.9418374792691409,0.057818245626955526
10717,-0.00875958495426146,-0.11508175017956089
10718,1.2020768006546867,-0.24974979629503
10719,-5.1277714878390945,3.3729191857490473
10720,1.2451719513796413,5.302215753025484
10721,1.5755302522903536,1.7243805298120178
10722,-0.2313026257723945,0.4936156695769277
10723,-0.2760574865212898,0.7561320787389373
10724,-0.4134108500885246,-0.18725058918373644
10725,0.8776772604487084,0.34754900301358616
10726,-0.18557737218813686,-0.15914837643549254
10727,-1.9267713703831362,0.8746075274696092
10728,-0.33297785126225776,1.2349572814988978
10729,0.0566208642121201,0.2357230067837172
10730,2.062280797081534,0.7747842834692277
10731,-1.1080819457877333,0.3168195239902454
10732,-0.10731213389220202,-0.2892984515697083
10733,-0.47937289640516584,-0.02023602984830269
10734,1.4118681090266747,-0.1321488899518277
10735,2.1742665370622043,0.49285840374224277
10736,0.7368336178614021,0.33101720186346784
10737,-0.429250729002944,0.2961519202161432
10738,1.5098062774574468,0.5669634477569085
10739,0.7999371617112536,1.5177999855870195
10740,0.5679771357687902,-0.19520973175645612
10741,-0.18425917999565392,0.050496305284175216
10742,0.1396451914618355,-0.2347037217607755
10743,-0.37100983255236686,-0.19375945035981165
10744,0.500085803440074,0.4912151326757469
10745,0.7025042570046023,-0.2972407810550882
10746,-0.7511532000160883,-0.25093165662962247
10747,-0.17214248570071114,-0.06682205037952203
10748,-0.5056076835965807,-0.2795277792411335
10749,1.1539756558316256,0.38789474124747103
10750,0.7469285573632558,0.0019412064768333137
10751,0.34295966119390797,0.3754520534396982
10752,1.537819889972373,1.394735365627355
10753,-0.9171491864651639,1.3343667761575406
10754,0.5698884350700255,0.30879082191090024
10755,0.6691641421265614,0.9029743932304579
10756,0.9615901785103929,1.1946963274399944
10757,-0.9459310576224594,0.6859271382545987
10758,0.2845522244577518,-0.1343041626160213
10759,0.3752654823570418,0.3872386314886232
10760,0.18437038172028963,-0.15848219934950067
10761,-0.4732131906495002,1.2901384996796792
10762,-0.3651401841135029,0.9311352427545221
10763,-0.4686927418718107,-0.04812813175165871
10764,-0.6914688739669274,-0.14188943302952123
10765,-0.18805077114698548,0.333410025588287
10766,0.6811647299729491,-0.17024746456092502
10767,0.17835722212961042,-0.009458422902863946
10768,-1.0274222456723798,0.15822821021586406
10769,1.0640563021206575,1.0789499589174028
10770,0.8588232891882306,0.4705032617963226
10771,0.4364178360192075,0.7562122778234426
10772,0.5443002493350106,0.6283147837610566
10773,-1.2912841638299162,0.4749186526603886
10774,-0.6217511352302482,0.7915864712128271
10775,-0.4813423699435152,1.8993010638060692
10776,1.6356515688619084,0.6251667688601514
10777,-0.4790938980914477,0.4273281415556853
10778,-0.023133259116257642,0.33650325883341126
10779,-1.2987681681262209,0.4894986188100166
10780,1.303252757424565,0.29955906641472047
10781,1.7216338804403974,1.4603124855311915
10782,0.5045918903898121,2.4485545372249744
10783,-0.13638961682402745,1.7655554039961754
10784,1.1260897691941443,1.6102791684647442
10785,0.8065496075323011,1.7692633280734866
10786,-0.281599662751035,1.3097174528604623
10787,-0.05045087667920944,0.5872087636713111
10788,-0.39109478865137476,1.5389141710559888
10789,-0.8458624116841817,1.2826297868728915
10790,0.09325868253205945,0.2681596565529817
10791,-2.021204487844795,2.6483118730692983
10792,-1.003261599757803,5.3677200352313745
10793,0.2110218290789044,1.8824398751374563
10794,-0.1412872819193296,0.6571184213603704
10795,1.095979748472711,0.12620149721977852
10796,-1.3181080864839594,0.37390292828804944
10797,-0.9931357232082856,0.6902238852202217
10798,1.49723707719467,0.4962854585912321
10799,0.5523880087396271,-0.10738687275769683
10800,0.05591508664644639,0.6791749629621472
10801,-2.3920398650460233,0.452593741058323
10802,-1.856263789798685,1.802646471813079
10803,1.4718741520301006,0.0642040891639857
10804,-2.307073459710101,0.5373682767910993
10805,-0.48440278176836477,2.039211066325377
10806,-0.12177903192806484,0.9505705254562532
10807,0.9985002005221749,0.7751142048768138
10808,0.5013326167181049,0.32972395597483634
10809,0.14718386216895746,0.026364679972688633
10810,-1.3436929856095026,0.40482915081581056
10811,0.4618899651404789,0.30739824405898586
10812,1.2556456912638387,-0.24794550838056403
10813,0.7485788320242635,-0.09382582657439832
10814,-0.2499128106471025,-0.10312940304733978
10815,0.6475514630633877,-0.35964950059483675
10816,-0.03085634327991181,-0.35427151645685556
10817,0.9321873967804426,-0.1181486304175616
10818,-0.83470131403662,-0.15191481815342045
10819,-0.5497881121559361,-0.32718966167903624
10820,0.3976570015545968,-0.3585459719027701
10821,0.05919218216586659,-0.2909514429877292
10822,0.002011484446350705,-0.21891349601865018
10823,0.2858438907257682,-0.1968682897706385
10824,1.167857729931201,-0.35969860294424627
10825,-1.9914338743610378,0.8405121847249083
10826,-0.5853222188998548,0.3399006585343939
10827,-1.8365830951676905,2.442241282705129
10828,1.677676042738737,6.024706774164368
10829,1.7750036139868535,3.1075544917785423
10830,1.2431627914327847,0.8718102866500607
10831,-0.4855081369981451,1.0360504493117428
10832,0.6239329893138952,-0.07009589037962334
10833,-1.189606028948116,0.9815764688600107
10834,-1.8046923737224032,0.6350953881746246
10835,-0.08440174686105026,1.3887476174023974
10836,-0.2697877717993061,1.0128059203477515
10837,-1.2770406399197736,0.838975633922672
10838,1.3860114314073966,1.2511665058479595
10839,-0.7672744381025631,-0.03993719284305068
10840,-1.2196306730205375,2.470676360907481
10841,-0.354392595188592,0.3594077739029664
10842,-2.5768215493703237,4.881338634046513
10843,4.162609400113197,3.843929062419069
10844,-0.0981031097722472,1.1090065642897762
10845,-0.6541832634330832,0.34053383889202243
10846,0.768221083578209,0.5156360054659662
10847,1.4070614940355737,0.4518595487687685
10848,0.4024325344539728,0.49455090178279393
10849,-0.7327407792700251,-0.07275171853792439
10850,0.6427513816324572,0.49991967531656195
10851,1.9634868187653765,1.9596431414850264
10852,0.9863716198094569,1.2467544638855328
10853,-1.5480408348648487,0.5455830539131074
10854,-1.2642166821510665,0.6786155390787267
10855,-2.244441798915445,2.361317819451266
10856,-0.7091664161266698,1.1336853776891493
10857,2.240484448410838,1.339253736438713
10858,0.8371261615092774,-0.03491153406644418
10859,-1.49664625186342,0.48598388808506
10860,0.8363755539440101,1.6331181403895365
10861,1.7511032656247085,1.3315880456964455
10862,-0.5288086104878724,0.7611101971509128
10863,0.14962189270828893,0.5978724104554046
10864,0.17652150391642896,0.21102332118428763
10865,0.9345872788211014,0.2505469241745249
10866,0.924388160915788,-0.14489876176883623
10867,-0.46966358854844587,0.7081646130504032
10868,0.3553155943980002,-0.11140221293130549
10869,0.10929653547073842,0.13808212583479967
10870,0.6203279802674108,0.3580394117908963
10871,-0.17631975075006032,0.563331802729618
10872,-0.11850482749714758,0.17866651881832724
10873,0.544278315790629,0.16331671968157382
10874,-0.2942435671424307,0.34729486933604775
10875,0.7585812321816543,0.6844842617607548
10876,-0.7433965468115873,0.2879627782658758
10877,1.067084031303165,2.296422953644706
10878,-5.2550293722581145,4.588562941148653
10879,1.1408070035780913,3.334242102343018
10880,-0.28163935714326555,0.6099632357919763
10881,1.2082538811267973,0.6393013031631019
10882,2.013210625277223,1.9402188896730266
10883,0.9376681661990526,1.6450162213406623
10884,-0.9144092163342405,1.3539868127140824
10885,-0.7409302094915963,0.3787986970467197
10886,-0.27772853539304443,0.6735942381797259
10887,1.8570276364282126,0.8431169181852952
10888,-0.5815840626626612,0.7524086160484318
10889,-0.3324422525630007,0.045595537067478674
10890,-0.4351202803817359,-0.10816350639966049
10891,-1.1594452589098518,0.4344016934205664
10892,0.12180251414231998,-0.026961976147059027
10893,1.3616745047819958,0.5617613260365768
10894,-0.0544016368950121,-0.28836114616635133
10895,0.5693887823246154,0.38303870057635736
10896,0.2978085611221535,0.3033650059126318
10897,-0.6799258995152304,-0.17825194311662998
10898,2.7876905832846353,2.184438474062228
10899,0.442545051032401,0.3797197256525437
10900,-0.5787041431872644,-0.25709640577105264
10901,-1.5071450418901384,0.31425432350192645
10902,-1.042936543007962,0.7262354240623334
10903,1.9942783218971676,1.237063876836865
10904,0.6390526103455002,0.1997723364426235
10905,0.4872799140888122,0.053230497152970804
10906,-0.10603585341087182,-0.1307583657437468
10907,-0.4074018866795069,-0.040509904929797065
10908,-0.05882020113900306,-0.21260291097318465
10909,-0.2793896190025875,-0.37778487129585736
10910,0.7448921835516543,-0.11504133222844684
10911,0.36294652009141415,-0.32747716676477445
10912,0.7164796238187339,-0.2646830980368171
10913,0.5439955650787774,0.22182712553470524
10914,-0.5391743057974819,-0.09755604453266473
10915,1.3026538862353876,0.39259404417056365
10916,0.7012454638133978,1.1936881915864561
10917,0.08111250991878069,0.1832807334692985
10918,0.12737954777414331,-0.13944877033969486
10919,-0.9031803048391422,0.36188920133949165
10920,-0.5794016778323884,-0.018769617621878204
10921,0.6778547074326791,-0.06686502551615595
10922,-1.1335749264167863,0.11865515835967651
10923,-0.8812802594888276,0.09652258354596714
10924,0.4881024229555838,-0.4467428515217678
10925,0.5697487167295959,-0.17376875108426584
10926,-0.2947453724022939,-0.3980699085126355
10927,-1.1723578139233362,0.7506495873209262
10928,0.7154718450540634,-0.050863273793089914
10929,-1.0497826858899626,0.049581261750888034
10930,0.5920455820474992,0.6742977066332391
10931,-0.29578640057888816,0.07026366887497255
10932,0.18623404287858855,-0.2893713766955696
10933,-0.4253194430154232,0.023738509738400294
10934,-0.6288148572343354,-0.3912386352748761
10935,0.3368480899876335,-0.4542457678119319
10936,0.6296222914385872,-0.18915991807389948
10937,0.23670174622664228,-0.17532736207638058
10938,0.6165527383777059,-0.3777040430417702
10939,-0.5844536038892376,0.5059399066271496
10940,-0.6071087365154886,-0.27426394611238597
10941,-0.13172417660553612,-0.3890628850323241
10942,0.04909281328719933,-0.5161457516428939
10943,-0.5944601253291455,-0.31677496774709424
10944,-0.4169523938062132,-0.016318465143597256
10945,-1.0012316652831743,0.3821015901272126
10946,0.3721011089273186,-0.23036119129787902
10947,0.19051647053268578,0.029880876654858723
10948,0.460537039491664,-0.38957994803747886
10949,-1.1114125388487115,0.23353375035568283
10950,-0.07246521059252319,-0.19142223105917458
10951,0.926301944544747,0.7471491320722683
10952,-0.5778157061859962,-0.31448891696581105
10953,-0.50442166092757,-0.1873795406543441
10954,0.7485132610765918,-0.16822432244422406
10955,-0.9076833766019279,0.011901673704654565
10956,-1.1931817412686423,0.6959468911540477
10957,0.06002005213137312,0.737118047879047
10958,-0.1097433994456549,-0.07850869534934883
10959,-1.2895688586233265,1.155902524809679
10960,1.7865664252158182,0.8998350672429486
10961,0.18659386577918788,-0.16401478368993833
10962,0.4203045726618928,-0.3185001822058252
10963,-1.275962294737868,-0.167920000013659
10964,1.860374499070013,-0.05425197229174052
10965,0.07741757726748259,0.2046900730066066
10966,0.006161929012303986,0.055710982681907606
10967,0.16904027832259183,0.11637967643101042
10968,-0.817653280372546,-0.2025430942628883
10969,-1.9643077913222136,0.9641114612954865
10970,-1.7421650446343255,4.433886863350102
10971,0.6546880187042121,2.391820015562148
10972,-0.008639229228304486,1.998103345372339
10973,-4.469607820550852,5.503917163760214
10974,0.2454759070575979,9.48191673090468
10975,0.8884789271579345,3.4825530808525076
10976,1.6423817138540835,2.3107970284171113
10977,-1.0019925468482085,1.2981585448892736
10978,0.7806881895463489,0.1275792647454928
10979,-2.305485641876368,1.5216280262120492
10980,1.5232067716926405,1.284771156054254
10981,1.8160042049900849,0.7758400273460766
10982,0.8243096052412059,1.2901601848912327
10983,-2.7678155088788547,1.5182248542643422
10984,-0.10513505994254199,0.877599205559784
10985,-1.1411906275029693,1.1629688759015269
10986,-1.519430284242781,1.0044770884096161
10987,-0.8794035021884566,1.7955593357667419
10988,-0.3570392390655433,2.437843002697312
10989,1.6012530015477828,0.8753210856293485
10990,1.0322401748887549,0.07230445879043534
10991,0.26116788142283254,0.5762392038112781
10992,0.22275105367452042,-0.06157594346761926
10993,-0.024804189554860946,-0.303226530271542
10994,1.4346455946744177,0.4962205259071808
10995,-0.6742232111244707,0.10671135407891094
10996,-0.2471270517042198,-0.21967005712222445
10997,-0.45327536776133187,-0.3614286010653164
10998,-0.3633198730153206,-0.003133203669264992
10999,0.331638127502894,-0.04490159450305762
11000,-2.417724154582212,1.293299938599979
11001,-1.4008576472755052,3.1074097094966375
11002,0.6070862577332917,0.4871568969659228
11003,0.394731619241216,0.16898385572845612
11004,-3.273051663438868,3.178102979503287
11005,1.9615912684188226,1.5041083853800958
11006,1.1571997218994567,0.14175417683282932
11007,0.6429936028132055,0.027881590486462448
11008,1.6541605062278544,0.4121130571180662
11009,-0.2768348134020881,0.1421558186675453
11010,-0.06347813369707123,-0.06983446953751725
11011,1.373694217659439,0.22700079191947178
11012,-0.39999177928116425,0.272781744018714
11013,-0.2861958986529013,0.20702062442589578
11014,0.2993693754545361,0.006783989463952962
11015,-0.35187281360314515,-0.057895056694529004
11016,1.9444846748333804,1.6462472225514093
11017,1.0210955724518862,0.723575020127086
11018,0.3473006937363813,-0.25709401732439646
11019,-0.9957898515124475,-0.02492989957027469
11020,-0.11342091029477545,-0.33946384701008336
11021,-0.16724401427941704,-0.14844317791874276
11022,1.1023907026363575,-0.016675650937769994
11023,-0.619906750463178,-0.21538853814539954
11024,-0.9549852533084744,-0.06444919065347582
11025,1.0039867606800184,-0.021562152747179143
11026,-0.41469638115405016,-0.20703835171227053
11027,-0.019206522710047733,-0.5338372643304402
11028,1.3618992359492534,0.25258957226447376
11029,-0.9942371999322563,-0.11546512869624326
11030,-2.1129966109084766,0.9143874419348242
11031,0.4070157172553089,0.6796703443720095
11032,-2.2579867907136926,0.2932441350811683
11033,-2.1636211745536142,0.9254090356190119
11034,-0.24676494324978407,0.29937108948501284
11035,-2.3069312265498385,2.4724025535346787
11036,-0.17949347843798752,0.8853887913820719
11037,1.4299754617193352,0.39106804084453584
11038,-4.448193147628998,2.280272098983243
11039,2.1332965710751126,3.2009355443643814
11040,0.5534435285839314,1.2284751148527555
11041,-4.200214244669167,1.579540733961694
11042,0.7036029779101359,2.8068960947752237
11043,1.4568503093393355,3.7597552799042164
11044,0.9972058934901513,1.1835277188211344
11045,0.5193574556391904,0.40426710442975095
11046,1.2208316603623661,0.624462390192648
11047,2.266617501493839,2.3568483552426316
11048,-0.8703509974307463,1.0202323082226281
11049,0.4585817942268235,0.814892050664955
11050,0.6884966019919593,-0.0866236427387783
11051,-0.3626899938278435,0.1734870714061526
11052,-0.14102971217376878,0.29511378193729754
11053,0.4933016298881384,-0.04596439681780136
11054,-0.5496010607923649,0.6844801264282172
11055,-0.30047831879750647,0.28106036470846174
11056,-1.6132767063800726,0.21514868155555356
11057,0.23334620579591087,0.36178246052080537
11058,1.7531467617896361,0.7143051910985304
11059,1.7191244129551524,0.570864216081117
11060,0.2742573054944613,0.024117294220427257
11061,1.0172134227583176,0.037851990587913754
11062,-0.3482733734684926,0.31594335355544173
11063,-0.46971797866975684,-0.10556913315455735
11064,0.30563939024690895,-0.06036969533848187
11065,-1.3946399055529357,0.5525988848129153
11066,1.0032346075852905,0.4647809356727772
11067,0.45230395243674854,0.4942361092035916
11068,0.221713992417368,-0.006202517657635638
11069,-0.478356903582917,0.166160808913761
11070,-1.9669276002904519,1.1460685251719516
11071,-1.1110443050206558,1.779525082933953
11072,2.23118539187996,0.6897586139989745
11073,3.9817228730430334,3.0569641782872874
11074,2.051974898885181,2.236780488694291
11075,1.6230180527612388,4.548108193262104
11076,-1.3804198589959527,3.3323402014335595
11077,-0.83655960875779,1.0479952018781185
11078,0.3236214550752614,0.15913699412878565
11079,-1.3680530347054978,1.3305188801636292
11080,-1.5285585756336726,1.3768478760006704
11081,-1.0787344467495064,2.19814018641971
11082,1.019686743400979,-0.00021393224725954437
11083,2.2651001510308264,0.27580455374548407
11084,0.7882416367187665,0.5283580373205009
11085,1.1487218890784832,-0.20697772707942635
11086,-0.3439364260849004,-0.12560096685925937
11087,1.104126880755473,0.03847840124192837
11088,0.04836799786040217,-0.07800127460478622
11089,-1.1313410846544643,0.006052244247404632
11090,0.3466730886209084,-0.1040576358934349
11091,0.6145390014451099,0.13997500274744737
11092,-0.7092602323195516,0.06578525521638817
11093,-1.072182062056219,-0.05029991634798285
11094,-0.35377110102674386,0.07678048487980461
11095,0.40066685798548457,-0.17839482345981317
11096,0.1788791200425153,-0.49907236375714203
11097,-0.13029892343959573,-0.39593400306650195
11098,0.5115946048962946,-0.3017824169859812
11099,-1.1823402425694223,-0.20814305603224115
11100,-0.6314509187364317,-0.3051020195937352
11101,0.05573825023567138,-0.29987646845288585
11102,-0.6711790459338057,-0.4217147046932182
11103,-1.061200649013156,0.36539376829627623
11104,1.1444407178553988,-0.0958768724127671
11105,0.5892120451442853,-0.2753295743501025
11106,-1.2160623042474563,0.04937448246019553
11107,-1.8275958393730571,0.2440542671410634
11108,-0.3659186959416488,0.380087125000346
11109,-0.1337131950801909,-0.02376289657200896
11110,0.24239134975075335,-0.3666620488432945
11111,-1.1854227225490424,0.8487920957546247
11112,-0.026303068208764224,0.1626126235897426
11113,-0.6077041523160124,1.2814999400037035
11114,-0.5444981938929546,0.5896082456896133
11115,-0.1337153800405044,0.7145949591711016
11116,0.12697351630806528,0.5082564114159777
11117,0.8423498302579424,0.48109639175621505
11118,0.33003394606372005,1.052065804156486
11119,-0.24852203948486828,0.30690461564999155
11120,-0.472722758975695,0.04737652824036005
11121,-2.9283045085392545,1.5025918533811267
11122,-0.9944008589471878,1.9544138449103925
11123,0.4388347076481744,2.3479373999540614
11124,-0.9682171240141809,0.8384749752263858
11125,-2.538760906769962,4.097630865112138
11126,0.9149590411449823,2.0344385545643857
11127,-1.3090614434939618,1.4184367101930317
11128,1.0813112515011172,1.3005043444119624
11129,1.7042958502757692,1.9692800393958192
11130,1.878463777557619,1.503977974085302
11131,-2.363671243053689,1.1901232458167075
11132,0.995220755857254,0.36594893456912475
11133,-0.47418878231017425,-0.09214889791334914
11134,-0.6780902266260802,0.2564703068334983
11135,-0.5266329793549805,0.3126987461429179
11136,-0.35592857792874505,0.15577853637002909
11137,1.266646595972313,0.3556304473833912
11138,-0.43746397402764237,-0.10847449373472856
11139,0.6570893075948006,1.2711609651409674
11140,-0.13179686147649444,1.3330197433685647
11141,-1.565483144553787,0.5440287137076896
11142,0.8242993806082705,2.65979374990981
11143,1.342874584125264,1.3124738321785991
11144,0.9700935465588704,1.258011069489836
11145,-2.8026171935339166,1.1580346480401131
11146,0.6561978845432851,1.6793563128773676
11147,0.35933247753000863,0.19493901903310829
11148,2.615972844489389,1.5383712468585404
11149,-0.4786535035741054,1.210056480756172
11150,1.8880392422268546,1.0700162839247254
11151,0.26502143042874704,0.7298626331696076
11152,-1.0137411444777908,0.19333777815342362
11153,1.3889223965002129,0.10279532278936099
11154,-0.13512516920197237,0.02065899583224042
11155,0.40887005857572056,0.4836463117444934
11156,0.930889856709,0.24990124623172058
11157,-1.0354251351497312,0.16630236989381772
11158,0.34533248451263016,-0.15371461660802543
11159,0.7753223448110833,0.6735604187723631
11160,-1.5823345662943393,0.7940079995115884
11161,1.1714941996207628,0.8115148955108316
11162,-0.989487291700469,0.2506047625742355
11163,-0.2644581580046939,0.01505830779600591
11164,0.021261994602002794,-0.08674491800409868
11165,-1.9944429379529012,1.7062564444485593
11166,2.13351807577004,0.9770685801096719
11167,-2.423334112072465,0.8860939120876878
11168,-0.814300329149047,1.841347097200494
11169,-2.6352162431875383,3.5383575300860604
11170,-0.8060598897034075,2.5056552121116593
11171,1.7745828903250034,2.1778064357979985
11172,0.3669813879729141,0.6076565763580564
11173,-1.4573456688687267,0.8776242883088692
11174,1.74285114456429,0.6663874076724953
11175,0.5576788652029511,0.2103182871341022
11176,-0.5629125405506981,0.8799609371435827
11177,0.44768092288594696,0.035043578332273936
11178,1.892851269424562,0.5556296140499385
11179,0.8029689405036967,0.49136100970655683
11180,-0.4161782364094405,-0.44016832052666843
11181,0.6348090170776358,-0.43463794082016655
11182,-0.6416965645077886,-0.0602532205450996
11183,1.0813655686269101,0.10699885391013651
11184,-0.44323628945475846,0.23027539414945652
11185,0.7380192435122512,-0.2831433166540754
11186,-0.30880418856076103,-0.20460292863836405
11187,0.42593251721862024,-0.34363296615626454
11188,-0.47503783143499567,-0.4552623393582669
11189,1.5870449177307844,0.27690136741250304
11190,-1.2150416045245205,-0.06745921627139836
11191,0.20262721202326606,-0.4863148192051902
11192,1.4547913246558395,0.10960955753311563
11193,1.6721378464232892,0.20269310971565033
11194,-0.47507240806477635,0.2611205171502381
11195,1.1823944254644483,-0.07517083776680052
11196,0.35144013118066403,0.04412268878460381
11197,-0.7611199522248466,-0.06854437316089498
11198,0.6442854012352675,-0.3023872670177836
11199,-0.02960643430379274,-0.2603474829431346
11200,0.18092764442184545,-0.17786553939676594
11201,0.6564241644646568,-0.47582599073218357
11202,0.049628850830435674,-0.4780407722551106
11203,-0.46938320268653966,-0.35484255711792156
11204,0.3863452595826811,-0.4776728690782661
11205,0.018561380097885327,-0.22612902204148114
11206,0.7071007295910365,-0.15854187280258
11207,-0.8770973316499356,-0.2605610728548531
11208,0.7553253803953184,-0.18154662503690847
11209,-0.4034747622160243,-0.35726091892914313
11210,-0.0947258498811345,-0.4219923586481654
11211,0.3718271950379959,-0.11054158139032229
11212,-0.6743466296968328,-0.4085734669685825
11213,-0.7864872413627428,-0.06401135607537609
11214,-0.5168223761081542,-0.3301819662816891
11215,0.9845604115091683,-0.27891189962644664
11216,1.68245277655934,0.20167814824419597
11217,-0.12354496734756241,0.25117056248493774
11218,0.11405131059278711,-0.44176651543047607
11219,0.01041962063962115,-0.34243695837577093
11220,-0.5002325758595437,-0.4402482022882572
11221,0.4379988894767448,-0.5574543413779047
11222,0.13685298605628676,-0.5738839454437114
11223,0.31411845103609126,-0.39022032605308327
11224,-0.2387649875507748,-0.4981270460484246
11225,0.023094771406846366,-0.567654441411256
11226,-0.21802574114668935,-0.45062572752827484
11227,-0.40022465504394156,-0.3214187721929548
11228,0.5863765018735632,-0.4724530523418462
11229,0.025970211005112,-0.5530289917853856
11230,-0.09681235280009998,-0.5081418118559479
11231,-0.3931962606383903,-0.352582827925856
11232,-0.09329830840012936,-0.48342471555512334
11233,-0.025839001709397347,-0.3208483731151987
11234,-0.2758516436806223,-0.5686585234649965
11235,0.48467602751888067,-0.3698220607050199
11236,-0.20582332994842598,-0.595595907477636
11237,-0.10426780895431761,-0.4189623552140223
11238,-0.26657054658120205,-0.5962490674724369
11239,0.10886202627832764,-0.6412413599355599
11240,1.0655789056624998,-0.24256059373342448
11241,-0.3276629888650296,-0.48888267988584494
11242,0.325878056798878,-0.2814381449107224
11243,-0.006114948924804,-0.5190451671799257
11244,-0.3269722962004839,-0.5542091761522374
11245,0.3557168049216895,-0.5249377429506802
11246,0.2578166497081107,-0.42378673987791354
11247,0.1569701831183542,-0.42419156975160843
11248,0.07736111615000908,-0.37935926052010127
11249,0.9536963128221232,0.13860130213533844
11250,-0.9553018089834217,-0.23275022285959168
11251,0.33138300387824016,-0.48684702089786497
11252,-0.879668482441104,-0.14438761114528917
11253,-0.4858585362237179,-0.12099433860143845
11254,0.3074005299207979,-0.45903192886310396
11255,-0.21594826935479525,-0.3909955168320498
11256,0.6275420555973765,-0.47309813604359463
11257,0.12642895564867979,-0.5612986010640955
11258,-0.0046721379179179194,-0.5917217029057679
11259,0.3272565273810731,-0.3056445455555317
11260,-0.3900335466950452,-0.24233785517076062
11261,0.8926072558412528,-0.35273803569950213
11262,-0.49438949802793997,-0.3625122844043666
11263,0.3660858575731737,-0.3536093143983788
11264,-0.5761772481845617,0.15200085389114296
11265,-0.06641230080403897,-0.2735016589435917
11266,-0.28072194098825737,-0.280693746917783
11267,-0.45378375044279623,-0.3041627633252191
11268,-0.020426208522042386,-0.29208170200362965
11269,0.263943512732984,-0.42986272134747916
11270,0.8292580961457838,-0.3318149075030706
11271,-0.5111402669511518,-0.0080740388534838
11272,0.40974368385117516,-0.427572151053872
11273,-0.40602862053860583,-0.20366958402298188
11274,-0.1618387227713032,-0.30268269103121215
11275,-0.5111017371835093,-0.3969906225948718
11276,0.19072944210711704,-0.6066473089520017
11277,-0.5905280001405192,-0.10772081811227313
11278,0.13886635194684416,-0.62430707851495
11279,0.13516611727619554,-0.47640336335442945
11280,-0.1090988095739211,-0.3837186790569905
11281,0.4649512424572911,-0.35823695480204437
11282,0.39711355362258194,-0.5378532169791582
11283,0.15548941820356973,-0.3601837717695701
11284,0.23420083084967236,-0.46973824297970757
11285,0.2480839282954124,-0.5003602082244675
11286,0.42673230174192206,-0.4495947870293964
11287,-0.795641860480776,-0.45829891283032714
11288,-0.6843264738844331,-0.38260266902485296
11289,0.6563073653009255,-0.4772347030870101
11290,-0.36898683711557306,-0.4383537283344145
11291,-0.5494482829089143,-0.5492985620304279
11292,0.36302321591352105,-0.49029579147217656
11293,0.1680865060021871,-0.6319887519162917
11294,0.6207878691888158,-0.47481254329455874
11295,0.4986767343058056,-0.2625945746137314
11296,-0.5969953671796214,0.5981809693301408
11297,-0.2303527183799358,-0.3750325938848941
11298,-0.43150522724744655,-0.319654710090042
11299,-0.2800881903137943,-0.15480259230931556
11300,-0.06670140624681356,-0.5156379717850489
11301,-0.31791238686433476,-0.38258800774348317
11302,-0.1669108820397642,-0.3418748797777375
11303,0.02262001735634979,-0.20581009650022516
11304,0.0874579062148133,-0.5116805879748525
11305,-0.15876431406295127,-0.510771526448035
11306,0.5105763616088308,-0.4072579600410662
11307,0.760266839464819,-0.1860359394387999
11308,0.2515301702889452,-0.3109350476700683
11309,0.08701898871301983,-0.4653945336309617
11310,-0.5372578028373698,-0.4898241232834784
11311,0.40491533877475655,-0.4974826968041781
11312,-0.3307662732143658,-0.35470654627990017
11313,0.4199272853421104,-0.5939979419255047
11314,0.426574661633856,-0.014013300747894203
11315,-0.7600319787200169,-0.0890760796070282
11316,0.23492554201328575,-0.4618071324988658
11317,0.2898604132448399,-0.5124505847757357
11318,-0.302891346969183,-0.5628189593773059
11319,-0.15510117595927533,-0.5682158347339852
11320,0.3642000754796088,-0.5263081795535229
11321,0.20942811948786474,-0.5369902672549667
11322,0.0686152704623485,-0.39130457164685184
11323,0.04842008263035969,-0.42743716075267385
11324,0.4838508082820811,-0.1681297353875135
11325,-0.16173174542339389,-0.1840377827203258
11326,-0.047199039033641574,-0.43225102347741007
11327,-0.44105147643609044,-0.25605996974313927
11328,-0.2226234487816362,-0.4985813097038641
11329,0.28674827108373435,-0.49138645402418085
11330,-0.5157061028714248,-0.4734115384353149
11331,-0.17393896961505387,-0.32044569778036147
11332,0.08691462952227613,-0.649981753824959
11333,-0.0255092972938284,-0.2522845189838525
11334,-0.27148847609593124,-0.4802527912719339
11335,-0.03750767346716513,-0.5615253756673916
11336,-0.5378545795111419,-0.38063358724912477
11337,0.08325171015756988,-0.36773159941797756
11338,-0.24945008302846336,-0.4235602157316103
11339,-0.2547285126741787,-0.46067150486174024
11340,-0.23377184175079951,-0.47021387087446453
11341,-0.2299373024129546,-0.4032695985362617
11342,-0.08179040306824165,-0.3516726506809348
11343,0.9045016763893018,-0.25263104712083956
11344,0.2950231154455717,-0.31240556048505574
11345,0.9466918962477834,-0.1771284068609443
11346,0.30291315065617774,0.5163205894273635
11347,0.13418323385968345,-0.356996215513121
11348,-0.17867670959367035,-0.364461337320553
11349,-0.5688408515299629,-0.2539625168558684
11350,-0.40232428676487586,-0.3511073052287221
11351,0.47141982143638184,-0.22047590499954675
11352,-0.8010106117631435,-0.2743786733764493
11353,-0.30299588457785376,-0.17836111476834726
11354,1.0808172016720703,0.05880930277045121
11355,0.2052736353386728,-0.42436124948095233
11356,0.03899107047859871,-0.4737258712454717
11357,-0.4285101991019604,-0.3151317926678144
11358,-0.08248538949711685,-0.3502172408467181
11359,0.39671818748305354,-0.36072871103726456
11360,0.3621462397134491,-0.35482198019402894
11361,-0.5649517787656828,-0.3049797197239283
11362,0.19393352273203995,-0.08868346288548844
11363,-0.3286445042553221,-0.12765656990689492
11364,0.5273663685174731,-0.17091243954798016
11365,0.21904322336269466,-0.39731537055997934
11366,0.8410075657001397,-0.09697046482322698
11367,2.4633679013042586,3.1718058714490525
11368,0.8680753692518384,2.497226771000274
11369,-0.461493273599583,1.463023317057371
11370,-1.0078457593840733,1.2749306059251981
11371,-0.10414186713925769,0.2533909432690539
11372,0.6352596982697193,0.22922631559684314
11373,-0.3214502841933439,-0.17540652909120077
11374,0.6594360636839879,0.38645710937773287
11375,0.5960861993335111,0.06244094150500459
11376,-0.05088843141183862,-0.2870900591126945
11377,-0.5319701656272611,-0.4823380627670466
11378,0.12449542030081177,-0.06624717293482474
11379,-0.3658445306618052,-0.4480641400599905
11380,-0.3682929577111942,-0.5558133028017292
11381,0.0362741968885098,-0.4121513131750155
11382,0.009446693588526036,-0.4964419383316062
11383,0.71241074487203,0.020062630262527397
11384,-0.054229738780730896,-0.49857321899431367
11385,-0.7378595160814985,-0.4617691185001357
11386,-0.3107627819274577,-0.22320188690119863
11387,-0.22569883163069787,-0.37308402027959786
11388,0.9652072326617877,-0.34938308697915743
11389,0.00402709083433486,-0.3355901424792909
11390,1.673531615987366,-0.2671784950220737
11391,2.2320593015737136,2.189586233828952
11392,-0.3289547457144365,0.30441331808859906
11393,0.28997750829621277,-0.22414298116899176
11394,-1.1121798826449734,-0.25370441447449943
11395,-1.227492117352691,0.1804866444077991
11396,0.8306699439729528,-0.21502153064300264
11397,-0.05962615312161965,-0.5675829278375439
11398,0.4304932052579018,-0.17793575213266302
11399,0.2896189793946458,-0.3657764299973688
11400,1.2648913980863075,1.3880427113426956
11401,-1.3625399791057864,0.6944409679498069
11402,-0.38504493271578605,-0.09873344161072596
11403,-0.32932915879643054,0.19660077958984734
11404,0.34682653284647746,-0.167111405763705
11405,-1.3488137896846495,-0.08716694313940078
11406,0.44601751441092147,0.2834268058729153
11407,0.8724808623827169,-0.28043815395252325
11408,1.2498493013191316,0.08271764474684483
11409,0.6040488710377617,1.3976265124458322
11410,-0.5698582718073353,0.2627488924834453
11411,-0.39822043328864276,-0.37399133213709956
11412,-0.3282063031760242,0.04454059620865075
11413,0.16628566113897758,-0.27303023046716585
11414,0.45806733388179743,-0.3277765070349867
11415,-0.2771473458654317,-0.32935292190831417
11416,-0.08096365974355868,-0.1249450732713351
11417,0.7162384701845103,-0.07257796316851073
11418,-0.2286080380617612,-0.2720366732929839
11419,0.33289521013587114,-0.13972508392412786
11420,0.6059035204970511,0.5431750072358539
11421,0.5007476466458751,0.4526114433365752
11422,0.23140466404329685,1.4474996830335867
11423,0.20408381396128003,-0.04212090687912608
11424,-0.8616034613001436,-0.15588370048969918
11425,-0.06790881417354495,-0.26818045498860776
11426,0.15221953498136534,-0.25061438904195404
11427,-2.4501271484018012,0.760374219685099
11428,1.1361843352246246,0.9183759374568247
11429,-0.579695309569361,0.5124873373210884
11430,0.1158431806504177,-0.37090376645927464
11431,-0.2944985973912729,0.34013589647012266
11432,0.5073679520239746,-0.36106216887854603
11433,-0.7232970966749445,0.0011638334912442646
11434,0.6316907867421988,0.12261814798733382
11435,-0.7764227166658997,-0.1067217866146981
11436,0.15914853290421438,-0.18710311902961524
11437,-0.47662100266054436,-0.13155423516508033
11438,1.2863511186901642,-0.20252263642294877
11439,-0.9799825404682183,0.01431283810872837
11440,0.7066561034172949,-0.25773475770195725
11441,-1.3980404347467614,-0.060116757331963
11442,0.39799109074971156,-0.19738920834136026
11443,-0.5528200108511729,-0.19489269557624367
11444,-0.40759372940521776,-0.05699402503654718
11445,0.9273033856242227,0.6527107379200409
11446,0.5884586501493456,-0.11259879948095336
11447,-0.12854393820454418,-0.12421365045912518
11448,0.5404054372620342,0.4560532007695276
11449,0.33038318792643845,0.16350678713584232
11450,-0.883159270593189,0.36916117892041955
11451,-1.2680247360956356,0.2691221905738777
11452,-0.860665079382818,0.8283946917367284
11453,0.24384099445933952,2.502643820614827
11454,-0.7393550113793533,1.1232596848128429
11455,-0.32803943578997713,1.0880621860408786
11456,-2.331735622550969,4.280059455106463
11457,1.0099272703431663,2.5067443458606324
11458,-1.3854732127505034,1.0678057131135228
11459,1.31163570608238,-0.09691137198722422
11460,0.7949012182937417,0.4338765938174555
11461,-0.9660837275527296,-0.2437006161198486
11462,-0.32389168855835676,0.09512521704309625
11463,-0.4736397170686503,0.2603966922953231
11464,1.0136451749503588,-0.07567198856059947
11465,0.5136975152713902,0.8447964347838729
11466,-1.131410364978369,-0.11068974814035853
11467,-0.6953885551646336,-0.32426011489934603
11468,0.8676228818260897,1.277228623999628
11469,-1.080727757135434,-0.02207624454521053
11470,-0.5485620089973543,-0.28788230826464384
11471,-0.1442040309002906,0.6800085448978922
11472,-1.4464588355263992,1.0901806456191558
11473,0.7031635766180884,0.4674475449594213
11474,-0.24954253030562656,-0.19669743149555644
11475,1.510365696096847,0.5601011848236471
11476,-0.04532887169348135,-0.17975226616422407
11477,-1.9753514365348999,0.5447267381319589
11478,1.329104186755648,0.4271031736893033
11479,-1.6615428646932875,0.17841074396563986
11480,-1.4514521534595104,0.3329725636750915
11481,1.0034900807002742,0.021045029482040695
11482,0.641977245323249,-0.35227359232799493
11483,0.1530173193064928,-0.28206215089728615
11484,-0.19388844160635468,-0.19301394009245368
11485,1.6872795648567032,0.061208947129438356
11486,-1.3005002289157965,-0.17292909590977462
11487,0.051517849290624654,0.07584553582193504
11488,-0.32878260920988467,-0.31071141466323143
11489,-1.6120247211905274,1.3673697136036447
11490,0.627348256215638,-0.2848230987994129
11491,0.17502471015851392,-0.22869674746250626
11492,-0.2519483067689544,-0.13298175913205115
11493,0.029907005241223777,-0.3474710778337357
11494,0.4425706148864454,-0.05280796363337561
11495,1.3765222415681264,-0.12267238110712364
11496,-0.21917571636010344,0.7976069781253199
11497,-3.0515508623649965,2.0704734734670045
11498,2.061386574575951,0.12279142960780681
11499,0.27099591779084586,-0.42349380293383126
11500,0.755033571595178,-0.2713920022107986
11501,-0.3765544624920328,-0.41303074083912333
11502,-1.949699411250754,0.2553916967579616
11503,0.5487882988048488,-0.2558162321532215
11504,-0.3271315556677293,1.1783622530530211
11505,-0.2622774579394034,-0.148810728127782
11506,-0.09610383190666477,-0.14238247605368273
11507,2.830307375503015,0.6914127830326176
11508,-0.48299447834133397,-0.05437578671161955
11509,1.2273839149591856,0.40237930045812653
11510,0.6571142682383124,0.2528842773513926
11511,0.4906547218875062,0.12462847115457736
11512,-0.5850123104035522,-0.24722276156267334
11513,-0.7663710139223845,-0.36828882360970183
11514,-0.3447307958466154,-0.3590838687343435
11515,0.5660369872785299,-0.22652717450556928
11516,0.4643845275732555,-0.45392430392724004
11517,0.7601253370665301,0.06502514766888039
11518,0.481257667522345,-0.1616888774219143
11519,-0.1038576842106493,-0.2298802837561602
11520,0.41224530637045065,-0.20454585300639927
11521,0.5513905658962311,-0.2925456831309937
11522,-0.8287923361840964,0.4038374959222098
11523,0.356099575068597,-0.11612557381352166
11524,-0.2260103791425273,-0.07986790927200244
11525,0.9074135602664797,0.5994268560186983
11526,-0.22161416039263657,0.6321985759259671
11527,0.28224931967836114,-0.18682822515341113
11528,-0.979364783393804,-0.2797192110561946
11529,0.7462137863127988,-0.2976239632596966
11530,-0.41413695847285525,-0.2205094836219581
11531,-0.7688747945721245,-0.22893145994573721
11532,0.4775219040493655,-0.33740947759429185
11533,-0.13394251380026512,-0.38731256374393014
11534,-0.364018099011094,-0.34948262862900364
11535,-1.3408981675865892,0.5246629734389711
11536,0.25158395302565423,-0.019978189409883846
11537,-0.8922228427872164,0.0196709282360841
11538,-1.0193150600583238,0.22117801549987864
11539,0.751764000646685,0.14238383671603758
11540,0.45664746474937634,-0.31518504942133185
11541,-0.33731096892376383,-0.13836254630794265
11542,0.6037613810415347,-0.5366989285750021
11543,-0.30534880526554004,-0.06553849365283905
11544,1.9002499955583767,0.47003257974596757
11545,0.7162733712225554,0.21744870976430744
11546,-0.6690554214809796,0.09134572751774563
11547,-0.17729455099544503,0.053529311979376853
11548,0.5046255638799861,-0.007970162765775808
11549,-0.9549798896003863,0.10421519638234758
11550,-1.3190948338456936,0.6085380635774417
11551,-2.2261251433654543,2.8819000810799293
11552,1.2131711634418243,0.4936832343582426
11553,-0.39676640636123367,-0.008962034425604582
11554,-1.8251521977076124,2.2665287413849216
11555,-0.1292972537453707,1.0429101597891195
11556,-1.1925640973653155,1.0965366728358548
11557,0.06729655743874488,0.6438820526439497
11558,0.23329455709881752,0.5014780329469016
11559,-0.7179994014506599,0.7614066604347326
11560,-0.668981012278075,0.26984784163013187
11561,0.1933187350973815,2.2733060736027433
11562,1.246483713842606,0.6065143700601647
11563,1.1690933800236447,0.033598776360568496
11564,0.41111590730292513,0.039926741973668765
11565,-1.0954554867868078,0.47204291608769067
11566,0.6584239041026602,-0.1434606925490436
11567,-0.5707742475276405,-0.09462466143403025
11568,0.5040639972982297,-0.4219372605796241
11569,-0.48945643263306265,-0.21008030819871246
11570,-0.2504476962075966,-0.45933524774463774
11571,0.38455498309501057,-0.2477543734830257
11572,-1.5951126646899043,1.2595459627724879
11573,0.5752483682188524,-0.36442409773836515
11574,-0.3647038751739695,-0.4138722468395858
11575,-1.5618793785792102,0.644136506994165
11576,1.4036945887426855,0.6670101903577904
11577,-0.9321379655775077,-0.051900569214562785
11578,0.6978463513910949,-0.3201663453284121
11579,-0.2175828149406534,-0.1992357043824915
11580,-0.2392643551010868,-0.3323374619822118
11581,-0.04348492125009437,-0.3810533346639323
11582,2.055091774930242,0.499238964322107
11583,-1.2645430301416125,0.16611458419283706
11584,1.076035214541647,-0.48201606568629385
11585,0.01814196671791506,-0.4453721195354748
11586,0.7188179199910921,-0.44821529527502435
11587,-0.21333458707459607,-0.5437707054645718
11588,0.3160146574548754,-0.304177558704432
11589,-0.5382609226135273,-0.3196238211724095
11590,0.6104945297678303,-0.4917312284833638
11591,-0.2927840487648078,-0.48109993636153464
11592,-0.9641247124740632,-0.29602305408890983
11593,-0.6072178974086617,-0.16095216036214763
11594,0.761991563359955,-0.28753059712730034
11595,-0.17350219073942102,-0.40849680321054554
11596,-0.9972283510176225,-0.05453604614903813
11597,3.183784994860263,0.32747536869863614
11598,-0.010927295682820339,-0.37803513590794874
11599,1.0306656602688775,-0.28161557435200174
11600,-0.7610121929377844,-0.12483429813546973
11601,0.30145736482909585,-0.37277026216870446
11602,-0.3485163151415485,-0.45352243234310935
11603,-0.11578484119860838,-0.5748080922754386
11604,0.16874199398852355,-0.4834778627313201
11605,0.3023129800340369,-0.4394547046838009
11606,-0.565644545935552,-0.2235305848823933
11607,0.3588783117013771,-0.6020177227604243
11608,-0.6977247585594516,-0.42726916427741507
11609,-0.8729342278002199,-0.22853187171798728
11610,-0.33332536329382767,-0.47620560822855607
11611,-1.2611488163880793,-0.2644681666065707
11612,1.9390443674494495,0.11578832846285804
11613,-0.12961525809117805,-0.5341435315557851
11614,0.440006960980931,-0.3812639304196887
11615,0.1947914846695927,-0.5408199109647931
11616,0.29483196820632346,-0.49172712282309533
11617,0.40902603183865544,-0.5083860538507939
11618,0.013542762845478982,-0.5153345141784266
11619,-0.5427832870137774,-0.21198028087572132
11620,0.38885353960541685,-0.42793214862938683
11621,-0.7813565351921998,-0.18971130472086237
11622,-0.2623490111214948,-0.4658676915089219
11623,-0.680254125455696,-0.15272135239407136
11624,0.7203198262420814,-0.07228287998714716
11625,1.0712321564961735,-0.0525563234492091
11626,-0.473925632510443,-0.25535965322691684
11627,-0.7786289063580566,-0.26506843829602783
11628,-0.5473557815803161,-0.02549982520127553
11629,-0.9375915673107343,-0.019913661824276667
11630,0.4146720343453813,-0.3105134147351467
11631,0.7544037643636071,-0.04324959327261442
11632,0.0714949264513342,-0.18514330867582768
11633,-0.06283082006486945,-0.31726408861223016
11634,-2.3863176174099987,1.050757022862407
11635,0.5612297971651219,-0.3751006169798371
11636,-1.7041148582220753,1.117269075263678
11637,-0.23372909880559906,0.3416225869442808
11638,-0.23900735638954324,1.488363725113633
11639,-0.4289216807079099,0.7160313394487514
11640,1.482475211699596,1.3594105520412731
11641,-1.0941652714930412,0.8994841838762366
11642,0.6783487908786686,-0.11185763513741208
11643,-0.49636010471884595,0.7362126505123279
11644,-0.5368666056810715,0.8927594821247067
11645,1.0207521356045255,1.0782100731485162
11646,0.3988692746170859,-0.09551164389205531
11647,0.4499136492148259,0.1667012792135125
11648,0.00954986666733552,0.8672640478672993
11649,1.4019924331254412,0.5363449958822164
11650,4.023337106183188,2.607123008423943
11651,-1.5853544374794257,1.2519234256552434
11652,-0.512193869539221,0.8667543431693332
11653,0.4186076392686373,0.01757059079953701
11654,0.02897365466409695,0.15656703227730595
11655,0.02047993418092887,0.3256490985046192
11656,-0.1888871336620349,0.7117046548749782
11657,-0.35103807436797946,0.1722091302068808
11658,-0.07427927863485703,-0.41309704376110884
11659,-0.18030156181431983,-0.3216004371225192
11660,0.20019173759532,-0.2855275519211602
11661,0.3858950777513828,-0.3653974118293253
11662,-0.06329803188030277,-0.28190597751314356
11663,-0.4023639696873616,0.8167638496585304
11664,0.1453357179435953,0.21917585921247684
11665,-1.558350490851788,1.1982308643590285
11666,-5.127573388609173,3.874231203890685
11667,-2.326831291410354,9.629764543628761
11668,2.2220960167577495,3.6224329444009147
11669,1.7062682267921105,2.7165093559529594
11670,1.2076775862148117,1.17434507467234
11671,1.782234505414134,0.7913091799707143
11672,-1.0879285460781682,0.19364575052536048
11673,-0.3828045951271389,-0.01957553893584672
11674,-0.0006016715323850366,-0.5213459528121018
11675,0.08752376171731598,-0.4668068370666635
11676,-1.1174369638958466,-0.0923784177331057
11677,-0.6063902441042456,-0.24272732681121006
11678,2.21205733303246,-0.04582538396952056
11679,0.1678426807825103,-0.45261811615664455
11680,-0.5386835527729944,-0.357135208299447
11681,0.5122515767807393,-0.4440247548416516
11682,0.3090227873850433,-0.6059721267724197
11683,0.9903550146983134,-0.2095464012105596
11684,0.6794333507771866,-0.2988226690398077
11685,0.7502280631739157,-0.2485409581175954
11686,0.000736525632154963,-0.3082321795133665
11687,-0.03401791903172319,-0.4326182585109404
11688,1.052273981885603,-0.22650761980820572
11689,1.2673850697966713,0.49193928589978386
11690,0.14103483308436146,0.07214149777787048
11691,-0.19255956390738757,-0.340780938272859
11692,0.26455359137245904,-0.25668231249016094
11693,-0.23592088851580317,-0.24875372547316604
11694,-0.43956404474549193,-0.40694968111705393
11695,0.23173779852715795,-0.3393525607152895
11696,0.009380092934623729,-0.5108952618876842
11697,0.9718648785163656,-0.13755951696941457
11698,-0.14802964190537704,-0.2479309107027448
11699,-0.04126045816777908,-0.2990257665726556
11700,0.14759694454259253,-0.43455101299850435
11701,0.24444626294640603,-0.1945670855141606
11702,-0.07901735863205206,-0.10325317837194563
11703,-0.2487493806460092,-0.261334596066089
11704,-0.40379011134999776,-0.5557066092423555
11705,0.6687330822681783,-0.39564247394206814
11706,0.29930726273694025,-0.25632933918456435
11707,-0.30222977627290787,-0.26923267895978475
11708,0.21551601121815836,-0.40285062284632595
11709,-0.06062946670293381,-0.6191302750445166
11710,-0.18001626615473446,-0.4389714543712253
11711,-0.26521177943578406,-0.42629530947906913
11712,0.5360998843282779,-0.4007618802808352
11713,0.43681114474723076,-0.38544750600181904
11714,0.6582686127606775,0.11148175915881696
11715,-0.06368917048589495,-0.25305164902924665
11716,0.2637376635384595,-0.3532210713153339
11717,-0.3662218588012166,-0.3154799315264359
11718,0.019616639206515577,-0.522507424228302
11719,0.1600079961553154,-0.3492685340043385
11720,0.16687593763867534,-0.3345178431163842
11721,0.6583496995639877,-0.2754544189129028
11722,-0.4675919292087998,-0.3948075408858843
11723,-0.2642367938997592,-0.3699546611531987
11724,0.11557294130747119,-0.524946479690163
11725,0.12369405980759146,-0.44856049360063666
11726,0.4133818728722683,-0.24212986844632106
11727,-0.4439611253286709,-0.16234749598428333
11728,-0.3774105384680797,-0.4112499140311566
11729,0.4871695999051767,-0.21718682015823085
11730,-0.6031346300694854,-0.35967757364069186
11731,-0.0827041538781006,-0.13246210411964007
11732,-0.8138396539902805,0.4413573281594156
11733,-0.03706195215337814,-0.3227668267869545
11734,-0.10332319199867625,-0.2820412316785044
11735,-0.2978986105690164,-0.42660191311431916
11736,0.3717962107365107,-0.20797770340881885
11737,-1.0194617388930187,-0.2132294106934187
11738,0.6283986182241483,-0.15248135426152892
11739,-2.592300367883441,0.47298743853700387
11740,-0.5524978357039546,1.043023667961906
11741,0.010637010057494511,1.3189858994839805
11742,1.0115763303509224,0.753001673926696
11743,-0.8584867257154072,-0.03356595445725467
11744,-2.2190942779478973,1.566892886900814
11745,0.13561331803234636,0.5993207850080894
11746,-0.49003442762097976,0.3719496615099914
11747,0.593715658094281,0.25538921416220683
11748,0.8201447531066125,0.22662418302976717
11749,0.9659370272018141,0.027919071388097322
11750,-0.029767826743925058,-0.31996603162701676
11751,0.46398514524802054,0.6973511286962821
11752,0.8454863278017553,-0.15623226364452938
11753,1.6190231749407034,1.2492983895481529
11754,-0.5770922458913303,0.3370106004006334
11755,-1.7340685002424607,0.06691450671525603
11756,-1.5841539668859412,0.40998655759367403
11757,0.5342796245994854,-0.23344285524773128
11758,-1.4520132545282096,0.3922193834445104
11759,-1.1008139692370955,0.9850528688183702
11760,1.9225224130481788,0.4313011920224754
11761,0.1294553343954245,-0.0828888520195693
11762,-0.733783688347248,-0.3089211921663811
11763,-1.9770196310748807,0.6010117963006956
11764,-0.3353654830763329,-0.03129093303874356
11765,-0.3320507004324094,0.3734774545964018
11766,-0.5284371612685405,0.3026638958039136
11767,-0.66045502924415,1.5204483255684869
11768,0.5802066211937486,0.38623091475064314
11769,-0.3960504153021769,-0.05416898990877269
11770,-0.19088263544965772,-0.19245540660450255
11771,-0.22743638321407234,-0.013260479763786996
11772,1.470617758975344,-0.2950136479257717
11773,-0.24083387444905827,-0.3551779732979202
11774,-0.7186619613939109,0.7251225744085977
11775,-1.1143780660115863,0.5677629928880337
11776,-0.050845076510920545,-0.04342499402497893
11777,-0.7799019291715878,0.8531532762370315
11778,-0.3582510365054231,-0.14047092073728573
11779,1.6182406958811697,0.6001449761044451
11780,-1.3823420042840164,-0.09909661431561688
11781,-1.1433921561303495,2.0437747020807655
11782,0.06058799897320709,-0.032293089691985244
11783,-2.0229040577952713,1.8834494973680327
11784,1.3860512383314865,1.1269127398955123
11785,-1.3638385757412008,1.5774582008907962
11786,0.9373536252405253,8.880241130936676
11787,-3.4361307971432336,2.6912323238078955
11788,1.9966992516773727,1.9101241628477452
11789,0.5266416511176759,0.6048490730949028
11790,0.03541901256731284,0.4509493045409102
11791,1.8391560725834126,0.6159720352982186
11792,-0.3350145998800821,0.8116716980866344
11793,0.6697509878937308,0.3627902033601782
11794,0.4146968647359666,-0.1100427763220296
11795,-0.6656176191820147,0.48798887524471385
11796,1.356265329776769,0.17206036226127552
11797,-0.7732907661702946,-0.003177053354579559
11798,-0.8761518286211174,0.14861526305823966
11799,-1.0192366586642332,0.4322398986697648
11800,-0.30319696721899714,0.4056106272042793
11801,0.30471771969488837,-0.47073194881271613
11802,-0.17937761019980122,-0.4372683110713658
11803,0.7637760710186035,-0.2593669326045724
11804,-1.4796425543483036,0.029567270108302453
11805,-0.43989695156967396,0.3849136780904688
11806,0.06294511259697724,0.014470734132987535
11807,-0.9256186011277542,-0.05834375946690582
11808,-0.6657515875049904,0.41576202352843056
11809,-0.48255190817703114,0.5485623702428736
11810,1.9791677985015,0.5034884300343903
11811,-0.6220830209524276,0.6408619240285333
11812,-0.6104616549535795,0.5681496882252702
11813,0.432724352798602,0.8006102427969999
11814,0.5964312323292613,0.46678037949409545
11815,-2.433044581519117,3.2733199000066717
11816,-0.2902955201414109,1.8130036450121336
11817,1.4339757201498882,2.9403396962564203
11818,-0.43556296845464665,-0.015623434412082445
11819,1.0555522002135151,1.0807326753180515
11820,1.0730311299753326,0.3858252464101928
11821,-0.1086069162173501,-0.31341127524041357
11822,-1.6697777413021653,0.18641776261021156
11823,1.3078283653563167,-0.1307547123455265
11824,-0.4366746068878769,-0.3007979111372332
11825,0.7497401782896247,0.3564770320313634
11826,-0.47238345856405656,-0.1932476952882281
11827,-0.02047971372738413,-0.22320573296491295
11828,-0.050087169726153784,-0.07704796562720333
11829,0.9600711221068913,0.2066765862682031
11830,0.9800203662476709,-0.22263839164195265
11831,0.6294087833761953,0.31548510645866346
11832,-0.479344453170897,-0.06418622566186684
11833,1.4865259510426272,3.005528984186729
11834,-0.8923877208746062,0.5236598198181764
11835,0.40477281735465614,0.5502233606183917
11836,-0.8137365302687324,0.509932742194911
11837,-2.912250137507883,1.4927051159372382
11838,-2.15665529426471,4.172958364740901
11839,3.682567348695199,3.4584296382139383
11840,2.9127390439518206,2.0111168289925936
11841,-1.4007759873424848,1.0171144961498813
11842,0.838354499838494,1.048215688030744
11843,-2.0910964454690943,0.0049068759208011035
11844,-1.2551793953821322,1.1171276106542547
11845,1.9440860190264515,0.42376958619864097
11846,0.09061717828629627,-0.139664301867602
11847,1.300819934844182,-0.1791810245414771
11848,0.10609537354136746,-0.4053657531443676
11849,-0.9083690513457122,0.5141850806081267
11850,-2.4917893357945933,0.5031464360549878
11851,-1.5162816817843443,1.2255035736806816
11852,0.9033756966776534,-0.07237112325119116
11853,-0.8674153893684741,0.6794574035052652
11854,-0.12932993590620062,-0.12789695943612725
11855,-0.2742332179245506,0.4524278232515961
11856,0.76650644949857,1.139638366946659
11857,0.42256041876409733,-0.07331948195857059
11858,-1.3551383509071209,0.22489587255774737
11859,0.1570443538127699,0.021920277731247478
11860,-0.20324038718344442,0.3500958071335589
11861,-0.015857144392459197,0.43791253216977877
11862,0.5564280455270513,-0.17436483031035482
11863,-2.106444701759386,1.9318530193077053
11864,0.5776849379476956,0.9439911708132679
11865,-0.5572687822728103,0.04929158071655056
11866,2.205422341520157,0.8765292092219191
11867,1.0614275231889336,-0.20429185674578484
11868,-0.06316579947676955,0.02099416618903857
11869,-0.27290532086505315,-0.45853941117350205
11870,-0.7485619604605896,-0.44507679081243084
11871,-2.020158236750366,0.6590499610856684
11872,-1.7125622155626004,1.762072027756598
11873,-0.7392695682933094,5.042295896367464
11874,0.5289013870208502,1.343536856191439
11875,2.0556556887764192,1.0901976067532122
11876,1.1094053364699676,0.04153481592187116
11877,0.16261290766758374,-0.3056470001164065
11878,-0.23884929329255083,-0.40153943844301454
11879,-0.2748169465009609,0.44966650751102577
11880,1.3544039887599042,0.22394873273874627
11881,0.21987004388398837,0.2356455355977573
11882,1.518035933505859,0.5521471890134697
11883,-0.2627680757820948,-0.2160835236825569
11884,-0.9861458924288985,-0.2339990842254599
11885,0.7279317066171265,-0.4217799022246617
11886,0.47779693812720025,-0.5170524889200675
11887,0.2514618563012764,-0.3253195661474997
11888,-0.33077862507827405,-0.571907334357025
11889,0.04533888372650116,-0.5515409394100198
11890,0.07308544076425379,-0.5806702592270809
11891,0.3483667458651394,-0.6234628883617251
11892,-0.1448036347095951,-0.5873241007380327
11893,0.10376694075734473,-0.6545497561732533
11894,0.1924826330793792,-0.3922070145123616
11895,-0.13722898651175008,-0.5393817506414694
11896,0.6272319289946569,-0.35560651737122184
11897,0.5694389055710521,-0.2065906664180637
11898,0.026305795583543,-0.1842753378443443
11899,-0.694293143717476,-0.21490284060185808
11900,0.5813799188413624,-0.487130982905383
11901,-0.3935592714806528,-0.3673902105319242
11902,-0.18168018153116094,-0.4591043060917842
11903,-0.8066650528329924,-0.3851893837616139
11904,-2.6721253538267753,1.6348604577511678
11905,-1.1679533398854687,1.0409160215774533
11906,0.8307236245153434,-0.12068976416825349
11907,-0.531747157426807,0.1330976313574147
11908,2.497727713016175,0.40096642702474405
11909,0.594464529275933,-0.14499256874402333
11910,0.6703472466055921,0.009058707940058386
11911,-0.12972149169783387,-0.418846347036093
11912,-0.6418753427569601,-0.3064083674775787
11913,-0.6289371424240539,-0.02793304510596707
11914,-0.5168884603061102,-0.4457440184890036
11915,0.6797441819104738,-0.48957104523229034
11916,-0.6596697640881221,-0.4598037394909204
11917,-0.6177648688999083,-0.2976234598879324
11918,1.0893990961720166,-0.5216271594958265
11919,-1.3434965709939661,-0.2418802809595251
11920,0.32203458094504644,-0.26423311729319676
11921,-1.0185905861906628,-0.22136793511570765
11922,1.1075109597375397,-0.40162023704262084
11923,-0.7791357859774029,-0.23456945362239104
11924,3.643033991139633,0.3160909661371825
11925,-0.46534234664825225,-0.1755013945975775
11926,-0.2551359760465006,-0.44878895370401756
11927,-0.35145328906442763,-0.5862301518804424
11928,-0.15506995810794344,-0.5414320990924422
11929,-0.884256575790051,-0.4139435982982837
11930,1.209480362286931,0.2528471246012077
11931,-1.0031845515862328,-0.41307407066285734
11932,0.08065853103131242,-0.4879122510307661
11933,0.6982617777928131,-0.0461975285920727
11934,0.5418080149347355,-0.2760553596645395
11935,-1.0269502074812582,-0.3739505183032621
11936,-0.6378966756808498,-0.339375427378032
11937,-1.5457804267797248,1.5389252029008385
11938,0.04483116923539412,-0.0458608217670847
11939,0.7088566551981687,-0.18021951774034067
11940,-0.07613090449180936,-0.22406552673660454
11941,-1.5047874511996222,0.3855519472402294
11942,-1.527481466178873,1.024570466097621
11943,0.03709733805268621,0.6073681739239238
11944,0.06726108107435669,-0.09663901456737951
11945,1.4448224221158477,1.0585149973645402
11946,0.028771118416401228,0.07245549437911541
11947,1.0941970994054302,-0.17210882623281365
11948,0.06195118679778759,-0.5056099172797257
11949,-1.8113094275392339,-0.3134626005321752
11950,-2.359104221036207,2.0734219237086564
11951,-1.0606223633027103,0.7189176954229858
11952,-0.818677714758669,1.7851388828496368
11953,0.20541246231811428,0.6253796608264305
11954,-0.368694869148231,1.8172781867360834
11955,-0.18634139347128223,1.401416573664028
11956,2.806112305304753,1.1135764504087557
11957,0.11490974186773835,0.28989520549098136
11958,-2.281440790246545,0.22053664210219007
11959,1.2265462473143467,0.002264093160160174
11960,0.314933419321602,-0.3648023232550717
11961,-0.5966257459845292,-0.09251163970089361
11962,1.6044453727288857,0.13791962719986262
11963,-1.1278889922636441,0.3134754960276573
11964,-0.1189394080144607,-0.5148803970342258
11965,0.7990512628586789,0.11834973669525109
11966,0.04470831187324736,-0.4944290790705277
11967,0.06630544568306682,-0.3825655160068074
11968,-1.6773275155723082,0.008297115374642137
11969,2.2218934478217895,-0.07374484721566929
11970,0.191666334935363,-0.4297887512938526
11971,-1.7827439959449018,0.33103699386332947
11972,-1.6324785991240196,0.710445152774971
11973,3.306337198612561,0.49099353256206413
11974,-0.6332916278127857,-0.21306033856415968
11975,0.5107711904891822,-0.07361180702200196
11976,-1.6865208768575468,0.4796172933823559
11977,1.9289728753443647,2.3946374818200353
11978,1.4786843947275166,0.08439299201572135
11979,0.12424903828649121,0.33384241246920987
11980,0.8096093126365563,-0.35948959610871584
11981,0.04916005959312826,-0.2155854585627339
11982,-0.5181763286581594,-0.058120594894774745
11983,1.2863466625577038,0.07360354060584733
11984,-0.3957621810914157,-0.365614937441044
11985,0.6381921730485631,-0.33880635486262795
11986,0.3150041888013867,-0.5410719637614306
11987,-0.281136171598914,-0.47616345387769726
11988,0.05979738263817071,-0.5330259239631193
11989,0.8254969355352421,-0.22053622984522325
11990,-0.503023041004298,-0.5061106483778661
11991,-0.7788146527363257,-0.45388930193156013
11992,0.5981354500709353,-0.3896610647790043
11993,-0.5677484103866239,-0.27658009698199104
11994,0.4494817393254924,-0.4973979878874581
11995,0.12568434912998783,-0.4629713222241043
11996,0.48507021062169786,-0.5415406128998271
11997,-0.29845129460739983,-0.5358430612077022
11998,0.23877661906852451,-0.5471967496011599
11999,-0.4620852497998032,-0.5454501931538405
12000,0.2769260558293027,-0.6007634226888571
12001,-0.0654745789547463,-0.4953816270172808
12002,0.38923584983446596,-0.47957624976069113
12003,0.633696817870333,-0.5135916161723935
12004,0.2195191256897357,-0.24757394830008383
12005,-0.06470518749571594,-0.3826975108150854
12006,-0.033808665393853375,-0.5570332154840507
12007,0.7026140786651074,-0.2942811561596559
12008,-0.4701068271574378,-0.27434591158152866
12009,-0.15903647556633937,-0.46783717570210437
12010,0.4276740176083139,-0.1461858031750885
12011,-0.5087906394276581,-0.2802980279998806
12012,0.0682615087857528,-0.5616001601596601
12013,0.08086263692920204,-0.2157412460489985
12014,0.1388152623836414,-0.5136692759660115
12015,0.6359651070426701,-0.3931676797330998
12016,-0.2081394586157466,-0.11780102946992255
12017,0.19171958063458733,-0.3649915100853505
12018,0.19539378953355657,-0.3995086026267895
12019,1.8308069768898332,0.9722137994305686
12020,-1.218987993058817,0.20734173508867237
12021,-0.4384353801528619,-0.20062939039278774
12022,-0.20331485632507298,-0.37147938229200733
12023,-0.525505309374175,-0.37297426652502397
12024,0.14305007814886483,-0.4679713363938548
12025,1.1233763226362337,-0.1332241425217177
12026,0.010134012915553865,-0.4952756609288004
12027,0.29700436361739607,-0.31959029145518386
12028,-0.8970196670162137,-0.31601021038674465
12029,-0.0859515145334089,-0.43910126116907994
12030,0.26199304985392713,-0.3436455240863568
12031,-0.6666007785583206,-0.19766352786810604
12032,-0.6670570699077435,-0.09961569415243232
12033,0.9571624495411577,-0.11090457958171225
12034,0.046842477098937005,-0.4322820731048441
12035,-0.22666663955045416,-0.4992561464716288
12036,0.44190807136436583,-0.46583030422420796
12037,0.3002645861705102,-0.4178630279393779
12038,0.029696121089723457,-0.4839943794090069
12039,-0.7980414612446596,0.055723813800639024
12040,0.24747895397706268,-0.43135952962454527
12041,0.7018698714241799,-0.5130329657714721
12042,0.34029658464144974,-0.3517292235408193
12043,0.4551619459958552,-0.32374606611680795
12044,-0.7493491910833561,-0.3426285544110218
12045,-0.20313400235355722,-0.4319856286763126
12046,0.6189890315760429,-0.39615007216846054
12047,-0.3541471082285041,-0.35231493589940477
12048,0.49007647368184826,-0.2583252409258447
12049,-0.21008147423397763,-0.437858425064658
12050,0.6184300235739827,-0.3191450469425002
12051,-0.21878325076786356,-0.5385887350031058
12052,0.8223621169256827,-0.012695878002213976
12053,-0.5478953257040924,-0.2528587697988929
12054,-0.2566403464746378,-0.4784713401787804
12055,-0.5441656408119195,-0.4386409131357739
12056,-0.14700644448370448,-0.5936464773939757
12057,0.6692193016331364,-0.46387580327264094
12058,-0.024937844926471605,-0.4986044499906862
12059,0.3772389560599931,-0.32955170576848625
12060,0.09182070904281081,-0.5603898955562174
12061,-0.3927357337249939,-0.5096715586703106
12062,0.5069135588988459,-0.5352297041687637
12063,-1.0383352283306542,-0.2068955178739543
12064,-0.2333685874665693,-0.4695459741479886
12065,0.7069916835936811,-0.5346630789884977
12066,0.1347328253112876,-0.5756504597700903
12067,0.5975448182462025,-0.08328148344986828
12068,-0.6183340770057214,-0.33245735583522906
12069,-0.44244376488271814,-0.4801861246079601
12070,-0.06298163685824036,-0.5680658188477868
12071,-0.1664963092136799,-0.3304585672901655
12072,1.5806486836688984,0.5958863438538365
12073,1.5127558987079937,0.1490554659963637
12074,1.373872425695432,0.201673842146373
12075,-0.7434994105564776,0.04113576537222158
12076,0.06384089986152267,-0.30390828550479365
12077,-0.36502223271124173,-0.3050117947987134
12078,-0.44482568483157586,-0.4102232444173504
12079,-0.8468538605989123,-0.3520827535389017
12080,1.1389745904917201,-0.30910722482910574
12081,-0.32799606939279996,-0.3496422544467612
12082,1.4520244687451038,-0.20806139380460092
12083,-0.5571560331631178,-0.34664283622875325
12084,-0.26356192821604113,-0.5094541095517318
12085,0.05897553436502747,-0.46890380116491476
12086,-0.296362201684969,-0.5839712463637563
12087,0.16124676907045773,-0.49606560795840393
12088,-0.03456102827321493,-0.4972336299476536
12089,-1.1342935067640836,-0.2640292676281654
12090,0.10087853216944186,-0.5546978610845954
12091,-0.22455578369215387,-0.34361258757199553
12092,-0.2869294305176426,-0.48532869445635113
12093,-0.17759823150914528,-0.574736108038685
12094,0.9286932954193519,-0.4321175995122817
12095,-0.7670877311806831,-0.4162369092804854
12096,0.05396541983022444,-0.5315532533929153
12097,0.5862948751942104,-0.5075133996614943
12098,0.3804723081517639,-0.3087046504484171
12099,0.2560796622288418,-0.3157246327440155
12100,-0.13560953103031773,-0.5056342460385768
12101,0.6747290404202847,-0.17077692083562407
12102,0.07009376832695376,-0.2492957443198996
12103,0.08675067248250498,-0.1916004582671295
12104,-0.6361903249664111,-0.1423020284657719
12105,0.3136576389874879,0.26998221559183216
12106,-0.13913847549454236,-0.4388377377724768
12107,-0.09644482910025355,-0.38981490091575144
12108,0.38832161501599344,-0.22521883763147382
12109,-0.5497403733871714,-0.42951622064407774
12110,-0.7502473127019413,-0.33245272455381075
12111,0.5467376728949094,-0.36062222091630736
12112,-0.18364057739120823,-0.11093456500425944
12113,-0.2054468324687617,-0.4863939524667309
12114,-0.19353107934225086,-0.4219759305247696
12115,-0.18649540397023923,-0.44593519582803043
12116,0.11485558843623965,-0.48041553777069657
12117,0.11899119575639679,-0.4660832305853598
12118,0.10553964695550513,-0.44492342217917374
12119,0.3486055212167172,-0.4906711595167668
12120,-0.2900484343881398,-0.5499709758637555
12121,-0.042656408786493606,-0.5017804735836668
12122,0.5517844776446081,-0.4557841196284525
12123,-0.1789935997530142,-0.2884354527459657
12124,-0.5270268424259793,-0.44474485340432585
12125,3.0404761501500217,1.301238690030734
12126,0.595756887059472,1.5019450637583216
12127,1.330027619459354,2.9882841260767545
12128,0.43408655429241727,1.8730982163900933
12129,-2.034879636553444,0.5742404265066307
12130,-0.8576894504237265,0.9261877740813845
12131,1.0400276406716826,0.368103482165447
12132,-0.4163896033959692,-0.3279258335243489
12133,-0.6448203988917576,-0.20073313397807616
12134,0.29717794361506306,-0.19754742670601902
12135,1.1488938921041716,0.18841257609308854
12136,-0.059323844329265726,-0.082851155644485
12137,1.2186597226513998,0.07441257313068947
12138,0.8403532547609465,0.25940981978157507
12139,1.5728213881639457,0.9542350747045262
12140,-0.9807541138361867,0.007563532012735019
12141,-1.1177565845639839,0.06097713649262091
12142,-0.3071326352865722,-0.2789554113887883
12143,-0.78700861332491,-0.1508191443813955
12144,0.7248038889633298,-0.2650319671507962
12145,-1.003107781468038,-0.32001705085626625
12146,-0.19995992819468986,-0.3524105431334556
12147,-0.15040187439540442,-0.4647955847708175
12148,-0.6289330975348387,-0.3660544573410961
12149,-0.6064528286239581,-0.4108018266410617
12150,0.2509905152315093,-0.47902870775103873
12151,-0.01470640238876304,-0.46097736812293816
12152,0.33338122013263727,-0.6110748981665615
12153,1.2444455632773088,-0.2721655362517412
12154,-0.5456832594717403,-0.44978435178766063
12155,1.0897857324211475,-0.2455270567309283
12156,0.15565467338712125,-0.39583029220357424
12157,0.9771955595212539,0.07799222199645961
12158,-0.4760496446208993,-0.25281197993590093
12159,0.6340413130894553,-0.032689453286512654
12160,-0.4443974364383718,-0.5286395182245017
12161,0.0775985516831977,-0.4791992628440779
12162,1.1080119121414755,-0.2425974055496385
12163,0.08723754434054029,-0.30479733705923856
12164,-0.3455343827483189,-0.5284340783326377
12165,-0.19064198393822396,-0.31075621730279385
12166,-0.2353151361998272,-0.3862246613896471
12167,-0.43208384355512985,-0.2314213805038225
12168,-0.2536110609156747,-0.46067176588939857
12169,0.3373752447773862,-0.37063042077645664
12170,-0.19892473595986143,-0.22256258226648398
12171,-0.11798839457418295,-0.30597445182215827
12172,0.0016207524309594283,-0.378915574589056
12173,-0.19782921646856022,-0.5238345105693201
12174,-0.9602849131723099,-0.27085445710009387
12175,-0.06838221265955836,-0.3485750473274783
12176,-0.13562001655396458,-0.5880016328496831
12177,0.2918867555260638,-0.4171441917648541
12178,0.6668793029277812,-0.4041646760216659
12179,-1.4584472301732592,0.05736185262904828
12180,-0.45115958075047663,-0.2386305269992687
12181,-0.2224680246941592,-0.3165456837379173
12182,-0.1557921163623205,-0.4008012494642057
12183,0.730471842951286,-0.08615992320994557
12184,-0.6890345710142531,-0.2909387832837346
12185,-0.25247359768615896,-0.42972288180905827
12186,0.22697551362321303,-0.48107641593956935
12187,0.38533035361984375,-0.36555988454234994
12188,-0.0011748746896777101,-0.5974576352511023
12189,-0.5023932209284883,-0.5020136747487919
12190,0.7505923812440598,-0.15197225172159
12191,0.15783832679944507,-0.5206474209898692
12192,0.24747915058454337,-0.4461444135585242
12193,-0.7767637619457592,-0.44256110873113513
12194,-0.8862237033970954,0.11800604120581747
12195,0.04179379251834405,-0.17691094397582305
12196,-0.7200803578427264,-0.3104425307464711
12197,-1.1812539321540263,1.9153870960493486
12198,-0.14173450808639057,0.2343751643319445
12199,0.05437044671414414,-0.2703636892815312
12200,1.5113606644310642,0.1563138147369144
12201,-0.15939780571105586,-0.20769272700706476
12202,0.12086210880264156,-0.5897671332977761
12203,0.6850849123452756,-0.32492532594398804
12204,0.43525340654892114,-0.2794070277603966
12205,0.7996185422542635,0.12709779188674994
12206,0.5694880954170705,0.0357580917565322
12207,-0.18938068850148557,-0.39084870268722904
12208,1.75893639116688,0.09260373030376202
12209,0.44573348787621314,-0.13204014544139392
12210,-0.3609330848118436,-0.46635241941483974
12211,-0.0323199277481143,-0.47855816609890534
12212,0.36924741706705405,-0.421980474157316
12213,0.01849260274143622,-0.27906892779570397
12214,-0.4357604013681272,-0.4549531714631183
12215,0.14282693622531067,-0.4518619183912835
12216,-1.8564330748763707,0.5979750143495159
12217,-2.2977613592381685,1.0798490024405871
12218,-0.32886456119780705,0.2825564443517227
12219,0.14548836059036893,-0.17274686966024644
12220,0.5321668989592804,-0.39969596773487004
12221,-0.0874082027954528,0.228649023061215
12222,0.7076939551607478,-0.1443520419858466
12223,-2.699972911661264,1.5538632473859715
12224,-2.572769358444953,3.3580228789548614
12225,-1.5972588771657599,2.259664089263718
12226,0.7511385542201913,1.0376565794182466
12227,0.9183337448381138,0.9409834206092171
12228,-0.9778398655443121,0.3750263688266367
12229,-1.0437770858121889,0.7934359285157891
12230,0.3829252701486099,-0.13195472542111308
12231,0.9842515963389242,0.30782347010934785
12232,0.41505047942363577,-0.012169023951314053
12233,-0.8549660358760519,0.2263170798539668
12234,0.313555514716853,-0.4824047196517545
12235,0.2242885592472702,-0.5617888622453081
12236,0.5847283954486157,-0.5037030826620077
12237,-0.29339434302535616,-0.38668124173085777
12238,1.1439978399369592,-0.3207654394401679
12239,-0.9496817915694487,-0.43828968920495376
12240,-0.2800457051161859,-0.40809804826515694
12241,-0.3143042705306092,-0.3863391613403302
12242,0.9753487166069887,-0.33408934282201846
12243,-0.2891596274332584,-0.4845462942925893
12244,-0.3244989573107725,-0.5449610471673576
12245,-0.2797538508501086,-0.4404765295196496
12246,-0.35921030202526955,-0.18700705165929282
12247,1.0352782245314047,-0.46532433863229467
12248,0.9177228153022462,-0.34069271121371253
12249,-1.3776440841531328,-0.277525445975626
12250,-0.4644505332990969,-0.26395827087674667
12251,0.0863872440950721,-0.5381764377782788
12252,0.995387152541404,-0.44491977920397796
12253,-0.5590676389117343,-0.4191841610255675
12254,-0.6927045631356313,-0.37002728634025667
12255,0.6079837548850425,0.04941474579195901
12256,0.4281053949676625,-0.5046638996843913
12257,0.43494226827037524,-0.4920764105604871
12258,0.2509765661213452,-0.4402726712327491
12259,0.6570266844661813,-0.2542791079036967
12260,-0.015910935125050665,-0.503589065180322
12261,0.2947132639716222,-0.5800691942809291
12262,-0.3524848003583261,-0.5143452589260883
12263,-0.38132849097228927,-0.24659647106432828
12264,-0.2255559236135543,-0.5061547808149398
12265,-0.4698319383022326,-0.5483883589800388
12266,-0.9821227934030601,-0.15160964770310284
12267,0.1579153834165741,-0.46269610259279587
12268,-1.249199583608329,-0.2122188519310349
12269,0.9322393203648389,-0.30669558093722044
12270,0.3996867628183957,-0.4888612925628194
12271,-0.8518346106525543,-0.21825912365858585
12272,0.6529770736917309,-0.45526745039327443
12273,0.02853994065419905,-0.6311116953698687
12274,-0.38193603585057845,-0.41750036545075303
12275,-0.38200061929170515,-0.5740326479088367
12276,-0.9255470258492207,0.14692418569801405
12277,0.5382815100723242,-0.4580626848731207
12278,-0.3048465444859406,-0.43983378139135715
12279,-0.7013896310069626,-0.35783439844934184
12280,0.5252964246816823,-0.4491013816102442
12281,-0.17507734150362517,-0.5193755437646815
12282,0.23490830515951047,-0.5221754116378721
12283,2.8730901248850302,0.40434476693833743
12284,0.21215722405041057,0.03469183738715567
12285,1.604075230357168,0.6262605335376723
12286,-0.6067392239312324,-0.18133009014472865
12287,-0.9143252137730653,-0.498093386347596
12288,-0.17611998669822454,-0.5650695131989069
12289,0.7588386656825804,-0.32427907905667774
12290,0.06206630913229931,-0.5921281937161259
12291,0.8667500667295576,-0.37845109826225515
12292,0.3675514675096286,-0.42083669527295603
12293,-0.6177702069296259,-0.31017470108290607
12294,0.16933662300972638,-0.5223796050757479
12295,-0.6345538968359756,-0.0451624832519912
12296,-0.10703321606011343,-0.4659501264609617
12297,-1.4563584997080028,-0.13915336519931426
12298,0.62027530550528,-0.42929211955611907
12299,1.0298212881060336,-0.3670827082436515
12300,0.1128722854182685,-0.4200111063923695
12301,-0.6884463053443699,-0.23284643295040264
12302,0.44502040461521736,-0.4921398289065617
12303,-0.23696652923983477,-0.23925009150639925
12304,-0.46409751439705516,-0.15730946730376597
12305,0.6088352220002917,-0.3531177817125782
12306,-0.36611306942219257,-0.43068310977563884
12307,0.5664039138898364,-0.2936711154177933
12308,0.559809864019332,-0.43478173093892863
12309,-0.224316410221248,-0.5082267857779543
12310,-0.5912968578265899,-0.553449771136057
12311,-1.2789820752704442,-0.09021819958422132
12312,0.5890398529868925,-0.15134149983063966
12313,0.08992648456187062,-0.5571651272869245
12314,-0.4721356497659935,-0.2868888457391442
12315,0.9745909086671698,-0.36777966358986014
12316,-0.09833287034288166,-0.4966492203475355
12317,0.6878367318498013,0.6030925205339001
12318,0.4070673019836746,0.6279341852192831
12319,0.6104841184170196,0.6401531123677425
12320,-0.7048569327050339,0.3814357039876251
12321,1.3257441439026587,0.2750588888363202
12322,2.638191217449268,1.2167979823435693
12323,-0.808972351961766,1.2045623596743793
12324,-0.0857432932685524,0.054518291015269026
12325,0.8074054058867246,0.14840668615577424
12326,1.7890279146155053,1.439845655493725
12327,-1.1655251692065363,1.1631203291898016
12328,-0.3313264847253838,-0.1635423333398851
12329,-0.6981259901407032,-0.23533684693001583
12330,0.6713806192862584,-0.5315959047047587
12331,-0.024582977819659676,-0.4516344461504201
12332,1.0483639518583865,-0.30051282402443996
12333,0.6941726326309363,-0.3974192425971743
12334,0.38557866798604595,-0.3806443243885355
12335,1.0013919018473871,0.19705552967391882
12336,-1.1985836613404501,0.009327812110407346
12337,-0.2816579648000855,-0.4474388143927491
12338,0.034351397088148376,-0.5306811026834226
12339,0.0320196617870017,-0.46608976726533774
12340,0.019893272900818756,-0.6220859074808632
12341,-0.5288565491760729,-0.556654943795432
12342,0.32084827850581965,-0.23171492150735865
12343,-0.3331359354883412,-0.5877406670068178
12344,-0.30169965619024924,-0.5119895595320585
12345,-0.5428558253720128,-0.31699869727427077
12346,0.022232358712280985,-0.6145592150898085
12347,0.6264070629135517,-0.5779682698824015
12348,-0.24269818484379233,-0.6011816542160975
12349,-0.9250891902958683,-0.37040924783445744
12350,0.5783003039039931,-0.49345640084788484
12351,0.30427778130516897,-0.2934360877321856
12352,-0.09160220531980488,-0.5566416666176291
12353,-0.3756756112661553,-0.5481342843278967
12354,0.2616131979528265,-0.6162439133411989
12355,-0.19920875075687744,-0.457358044632948
12356,-0.25610040033992665,-0.47369101001495273
12357,0.07486021142132301,-0.6207667638526432
12358,-0.18618581075514057,-0.5275919427467141
12359,-0.24268014890280878,-0.4214774996839207
12360,0.09986393196557578,-0.628801128244734
12361,0.04099263072731661,-0.5150879766394404
12362,-0.11087048878905426,-0.5722322514468189
12363,0.11700738112095896,-0.5646325988974955
12364,1.1658071296819872,-0.28727152268931133
12365,-0.5911786796582765,-0.3573542244144974
12366,-1.2553231529723192,-0.012912208145651506
12367,0.31598319123353846,-0.43260058143830443
12368,-0.17730221624441572,-0.4484111589176639
12369,-1.083269766276798,-0.4100721832344027
12370,-0.04443288634342987,-0.3381125521983846
12371,-0.26213299427764747,-0.5212478671675544
12372,0.015326209432557157,-0.5447355459774996
12373,0.2522521108452203,-0.47863052047593185
12374,-0.317504229256498,-0.5242434797551063
12375,0.3198963267642514,-0.5177829457102273
12376,0.5058618080650025,-0.4492210098369495
12377,-0.5229673313428637,-0.5431695744406727
12378,-0.1573653930788363,-0.46174405886647607
12379,-0.14908219537569178,-0.5215944099964256
12380,0.6812571924295727,-0.42626166618576006
12381,0.050245589078738495,-0.3852181299673664
12382,0.6602065906537402,-0.2607297372999083
12383,0.7820442751701028,0.7836563667755289
12384,-0.3854007663760373,-0.2903127990818837
12385,0.2304088494718103,-0.30686150183411715
12386,-0.29405255014090703,0.16527703428556442
12387,0.579783106493521,-0.34393508149577373
12388,0.13726403693812506,-0.2682462498049314
12389,-0.389492908329691,-0.2854679970876622
12390,0.20991301911695381,-0.48415116495528393
12391,0.3446701676471969,-0.19637404374978698
12392,0.7100931320630868,-0.4136946827514138
12393,-0.4644941268312023,-0.4609213156656344
12394,-0.36543845258487756,-0.4929953417126585
12395,-0.3810093985924605,-0.4002657950803644
12396,0.6483154017700593,-0.36463021958952674
12397,-0.08795480857726712,-0.6084787338459272
12398,0.2758384464671261,-0.5371343537475999
12399,3.2875033151497486,1.9696763653520375
12400,1.2590537628637282,2.0635420430389146
12401,1.8480733009885453,2.84432593330349
12402,0.06708927894893262,1.5551274185710013
12403,0.34897860501960054,0.31775206798950967
12404,0.8834608968739646,0.43348638494287806
12405,-0.24835444231603315,0.7934300936724267
12406,-0.19464910679987468,1.0340147928578076
12407,-0.802174526076001,1.2548742603549115
12408,0.017643535424339565,0.2198697138921041
12409,-0.2781324187486046,0.5208831559332832
12410,0.33953628356346116,-0.07818162734378117
12411,-0.26898574838262135,0.08496488711254307
12412,0.03237344882845563,-0.13045555253816193
12413,0.46238314202781033,0.9080753919228411
12414,-0.25984304123006413,-0.07270962728126917
12415,-1.639640407438617,0.6308883383189552
12416,0.09631082631805779,0.237188052396627
12417,-0.23947160823490912,0.43585831604109443
12418,-0.13049003237212797,-0.012921325873097229
12419,-0.10584056413864308,-0.3651344589279671
12420,0.6635875875803277,-0.3168382315919862
12421,0.785006785107887,-0.28580785245765805
12422,-0.283564789890451,-0.24683630366471093
12423,-0.3061578923294499,-0.29409518883000674
12424,0.12502577416292893,-0.4556541664096784
12425,-2.486472274864117,0.496026875587918
12426,0.043229967804346875,2.948890837452313
12427,0.29093264164069327,0.16207024663707817
12428,-0.10415200857999314,-0.1146325038405617
12429,0.586409400094546,-0.3418486930002085
12430,0.30560277582627243,-0.5142336751219521
12431,-0.8526841975866152,-0.37616133027333293
12432,0.6501651921512454,-0.3902947991732424
12433,-0.5812356529954397,-0.3238327613229995
12434,1.0067808809420757,-0.4053004463574315
12435,0.06748371333062046,-0.5655215913499795
12436,0.4017889764117705,-0.577985504521362
12437,1.2957386689163397,-0.10816699141364686
12438,1.4218171866194427,3.0004760227639964
12439,-0.17761111305241006,-0.07365470023535009
12440,0.7337754518661153,-0.31384912881899124
12441,-0.05938829326683395,-0.23411633442738855
12442,-0.14966638213279213,0.19981986532988458
12443,0.17499624950951745,-0.20884825566687557
12444,0.7995723552460605,0.11967690779100255
12445,-0.1896351081058221,0.21443001039073198
12446,0.22563240355676745,-0.2938039138271487
12447,1.1913810902799817,0.05532006753194749
12448,0.22191080866639276,0.22268870115398706
12449,0.022824412761918333,-0.2735144244786624
12450,1.253940471205566,1.380343101270383
12451,-1.0724811023134244,0.4523608981743088
12452,-0.10985321959621407,-0.3152725449938205
12453,0.6518282886424395,-0.21160141267788524
12454,0.3606038859883317,-0.3305504081352953
12455,-0.01819250916406883,0.008282202434019633
12456,-1.1048113315632906,2.9062498254829285
12457,1.7159561367703917,1.9848547745645635
12458,-1.5024722755549724,0.6018822458651025
12459,0.28704568535670527,1.384146646931275
12460,-1.4538814683078078,1.5611100446320088
12461,-0.4700995529389762,0.15039904529486148
12462,0.2800131084970732,-0.05513647735409389
12463,-0.039005924819543084,-0.15348279827206698
12464,-0.5105485538122891,-0.305606539120291
12465,0.42588859172340454,-0.40126174620604227
12466,-0.005085756813913661,0.04385574266617241
12467,0.6266632704503375,-0.3391717425419817
12468,0.8714710057195708,0.9345303627356308
12469,-0.9803998847993395,-0.08109150446263177
12470,0.05419997500218109,-0.32097148699746453
12471,-0.41418122066496393,-0.1831045787303044
12472,-0.02547834126636758,-0.3289615276343546
12473,0.0022193538090375764,-0.30555648412197345
12474,-0.31889255268309835,-0.276519382565087
12475,-0.3137779080809107,-0.1436764494388793
12476,-0.11668724975451199,-0.3340239916772157
12477,-0.12623184426519335,-0.45062189537528946
12478,-0.27971184550583816,-0.373734845335163
12479,0.4557851978903067,-0.19298952877853662
12480,0.5009090943122211,-0.517391381891793
12481,0.483235077528365,-0.3194020513048817
12482,0.5163639924199427,-0.2913175372620026
12483,-0.3196640571169478,-0.3586592366399325
12484,0.9955585772292856,0.018312392779277577
12485,-0.19229156420257623,0.03140938248375383
12486,0.42805561738631753,0.08506462524338496
12487,0.6413161902617566,0.12751308095243818
12488,-1.2293328354667417,-0.10234113295115002
12489,-0.672067254842514,0.27399510848307607
12490,0.01375110307080786,-0.2708156888913634
12491,-0.2346455720461347,-0.34221118150323077
12492,-0.32155241786891664,-0.4238997827854746
12493,0.07327909142826798,-0.429627587021423
12494,0.7755612925790725,-0.2950915842728186
12495,-0.11830625542175854,-0.3157137583841509
12496,-0.47788639403888233,-0.44267409797364615
12497,0.11083644075936962,-0.4055807849094801
12498,0.3409251279804741,-0.3687218598223195
12499,0.732191193163836,-0.12343166784495642
12500,-0.1459955313043357,-0.39059617450788486
12501,0.2968568920989847,-0.44867806444852393
12502,0.26611456927146643,-0.5167897171463214
12503,-1.4053396004054914,0.1511699631856786
12504,0.01915544685612869,-0.3074739039171349
12505,-0.10956402214138684,-0.3678119817896478
12506,-0.4669850316043991,-0.238835501961714
12507,0.38457527706205236,-0.4141404886753036
12508,0.9173083718837033,-0.4370837377099875
12509,0.6220910058660409,-0.0017682481589352311
12510,1.6794574241314786,2.463150705182963
12511,-1.0262198196409524,3.1847000286259988
12512,-0.3259325173472793,0.3609637228971105
12513,-1.4816245615065116,0.4384976661468762
12514,0.2542156092117295,0.36837784986742983
12515,-1.3413395883579495,1.2227903202091068
12516,-0.06828807681866891,-0.24745965390208052
12517,-1.7901204100896473,1.3316424443216714
12518,1.3652530881592926,0.4953777929711367
12519,0.11950811945352083,0.1604499598927677
12520,0.18915490608123595,-0.37256724046106077
12521,-0.12344781668501784,-0.3674560779635342
12522,0.6801049753803795,-0.4153695035973412
12523,1.1330259392344952,0.1481237156674269
12524,0.36040716864348105,-0.21731610073549304
12525,1.5283871236533069,0.07489078525257441
12526,0.7119046984599201,-0.10125321143726385
12527,0.06431050854473899,-0.40755044458855233
12528,-0.38887978301752957,0.24109520362981282
12529,-0.7589733130647625,0.9575059548791248
12530,0.03571581510575123,-0.314859345738475
12531,0.13337348239954244,-0.37190659901518
12532,0.46939197469507316,-0.3939787041291049
12533,-0.21486384266445305,-0.5728576021231144
12534,0.7265356567126682,-0.1339998482381296
12535,-0.8178627935344935,-0.005464125616452784
12536,0.06282009512768823,-0.2580904312661655
12537,0.6636583029312362,-0.3502398155191211
12538,0.4330291294939778,-0.4396688311301697
12539,-0.1567144428101205,-0.39830431693752316
12540,-0.3506283854815998,-0.4627091289846391
12541,0.4914346304398245,-0.4838875076862865
12542,-0.0874674803762552,-0.5123052902998074
12543,0.24779237086571815,-0.3324513682504106
12544,0.27604992313242677,-0.46809692050818447
12545,-0.4719384072712531,-0.29958559297107634
12546,-0.044832661676262535,-0.5534349720296148
12547,0.1442051074663774,-0.4005942156052148
12548,-0.4978558146070155,-0.45932496986894505
12549,-0.545460501990428,-0.2331906954805687
12550,-0.10037173895077199,-0.5190435387466623
12551,0.5348370434313761,-0.4465328567767941
12552,-0.06027910049134805,-0.56171875531636
12553,-0.5137074359617306,-0.47606169067659565
12554,0.06668439339243257,-0.5339846982792846
12555,0.19860395768769162,-0.5805802546158492
12556,-0.1746042445083571,-0.49685905691571036
12557,0.7336570231433677,-0.3432274930252631
12558,0.10576586566081707,-0.4626524085176673
12559,-0.3564245118880313,-0.43021374849269056
12560,0.22002280984803385,-0.3942684793836095
12561,-0.3060349088895198,-0.4679574712227208
12562,-0.20446911306039905,-0.595987002782606
12563,0.2011515774688574,-0.3839677110561116
12564,-0.0802167521905855,-0.40447637804461295
12565,-0.20404544484901677,-0.4169337847411044
12566,-0.2016126144642055,-0.4220783295897545
12567,0.580768106373638,-0.5226796821042665
12568,-0.28140228927594946,-0.5129690878005444
12569,0.2455907827530782,-0.08575106251162389
12570,0.3674375042558182,-0.4584065188766763
12571,1.543824747099003,2.909208397097526
12572,1.8403634198113716,0.7166732481473066
12573,-0.5842219705700769,0.44687308685318183
12574,-0.1818787528508794,0.24421698345594373
12575,-0.8520994379296154,0.10712159662910047
12576,0.1829871568009144,0.32638027856110285
12577,-0.47946929308287767,0.10191551016517363
12578,0.23138388577285027,-0.37755097459320447
12579,0.7164997057753943,-0.13112079287212444
12580,0.3153041252043423,-0.3874529119525782
12581,-0.2058605358722855,-0.41060374813064976
12582,0.18507146842281683,-0.32004734082305986
12583,-0.2175477795615411,-0.5045297827590497
12584,0.5667743175279716,-0.23694364575719049
12585,0.8927826938986211,0.23219655119664837
12586,-0.5310380654225492,0.07360236311471335
12587,0.9870883456788876,0.15580470651781714
12588,-0.41360805519330784,-0.23044824160885227
12589,0.10040604020330761,0.1688951460898318
12590,0.652194315810663,0.5988182570138142
12591,1.1073928900190138,0.389737702024085
12592,-0.323372287255088,0.6506833796836626
12593,-0.5788319243360993,0.2714300701349688
12594,-0.409902338517373,-0.2487465235084288
12595,-0.7576166658737855,0.17683899023549057
12596,0.4797389749874689,-0.37423933301302825
12597,-0.43215441057486664,-0.005893662628925124
12598,-0.4254190307029233,-0.20859074602157532
12599,0.813274580462695,-0.09558978037238662
12600,1.0965266447834308,-0.02683221855993466
12601,-0.6438234864835143,-0.10093911905718306
12602,0.5226294612941028,-0.11419153362048214
12603,-1.4323458499156603,0.1573008762656116
12604,0.4445255691730665,-0.24579276374362047
12605,-0.3815168336834439,-0.27108712850543404
12606,-1.0275114142755895,0.08943865800186726
12607,0.3259382160294,-0.09120440766658514
12608,0.04782920308947359,-0.37014281895498025
12609,-0.40185991815623906,-0.001746429225481209
12610,0.5337703013373618,-0.21744954148632917
12611,-0.42465746838802443,-0.1969942394342277
12612,-0.8015753247698351,0.054776546125601504
12613,0.07337459242190365,-0.12422981077327944
12614,0.21540568804053375,-0.49161033357224837
12615,0.5149827716430129,0.2728890413980061
12616,-0.3203805539229629,-0.2689122709900679
12617,-0.14213166169954577,-0.28243581230279646
12618,-0.48348722268237365,-0.3229114483752268
12619,0.7455335415544434,-0.11051136778142485
12620,0.19404409282353832,-0.051682760419051225
12621,-0.036773653866884366,-0.35030459220840376
12622,-0.1980452893269318,-0.18543246989556889
12623,-0.29191231288199865,-0.3758238280219367
12624,0.5705727861513897,-0.34200060008124517
12625,-0.388155036944493,0.08466661856248667
12626,0.3234590209856823,-0.4000691819961102
12627,0.552997387777131,0.013863070812167779
12628,-0.34684196442220566,-0.2727812520984262
12629,-0.32240087989042204,-0.3630296565726841
12630,-0.2488861303804663,-0.27053294917722265
12631,-0.20336749055846717,0.15093349045389565
12632,0.8718699836323838,0.3048252983976051
12633,0.5361196514106902,0.38181141426309945
12634,-0.21539436162913397,-0.3511357289818757
12635,-0.3045051630753627,-0.4021169649275676
12636,-1.8130471130855454,0.1021885988391658
12637,0.020326441190064642,-0.18589269180964935
12638,0.5148578812533978,-0.3971153064970804
12639,0.10033722805652007,-0.47147708481509926
12640,0.8202852679213491,-0.3511976487151926
12641,-1.1949040442581351,0.03174222649772771
12642,-0.6304058548996231,0.12004373101265874
12643,-0.40765387406758,-0.23451972309141858
12644,-0.0991514393421497,-0.5579087541967074
12645,0.6115889375111592,-0.32059855411819227
12646,-0.22330484650970256,-0.49850550898664264
12647,0.6693447065456982,-0.23645065637049978
12648,0.13073027864912973,-0.2679159254909092
12649,0.5177671281496992,-0.408264788845552
12650,0.5527650493874188,-0.28515962486261387
12651,-1.1357952280591714,0.13419567685750486
12652,0.3640473972015809,-0.38567772786968524
12653,0.42667254021196604,-0.006208189423556213
12654,-0.08950926644263264,-0.34979466319114677
12655,-0.012224776979249759,-0.2411419601000609
12656,0.2844866462041225,0.005661576177760185
12657,-1.2466163267614427,0.8684993546961384
12658,0.8111311301039952,0.012026132758379104
12659,1.567644755951127,1.0781621203081897
12660,1.6796395258149683,2.010473769540853
12661,-0.04133840457412555,0.9427440673616903
12662,0.399806038549649,0.39559830684049724
12663,0.45245474498791566,-0.19045355184607485
12664,0.4509193591721378,0.246051988044224
12665,-0.38768266708321525,-0.4009853212045642
12666,0.12102780014387009,0.14125910603801445
12667,-0.9883705238373243,0.06588706808460108
12668,-1.6297476164892577,0.26390385837789077
12669,1.0915923274858104,0.2953714952726613
12670,-1.069610470861274,-0.08669381860773288
12671,-0.3382622999857209,-0.18520483145682584
12672,-1.264987032774078,0.4098492254245605
12673,0.9368384136204304,0.11914009806193135
12674,0.1198146416609643,-0.34569395475685427
12675,0.3110493796103344,-0.12156888088045502
12676,-0.7110828412979916,-0.3681055423457938
12677,-2.794223701390394,2.13218230601341
12678,0.6651543315571259,0.7952686958538459
12679,-0.35961415214980297,1.1119418616669
12680,1.2802627968592128,-0.13827367728437337
12681,0.25504005665688584,-0.2977585596896582
12682,0.5796122125721741,-0.18940911228382248
12683,-0.3713718140522626,-0.1658233950801259
12684,0.03937426759528058,-0.3515469351017325
12685,-0.20006040206992867,-0.4416076357127413
12686,0.07947221733347423,-0.1712928885799172
12687,-0.7453119789978274,-0.2790409145442049
12688,-0.6061376517887396,-0.2642402316160976
12689,0.37134188330761075,-0.08685344837677043
12690,-1.028641948373116,-0.26438258602460857
12691,-0.15984303586821713,-0.3082236220396145
12692,0.8495990853756359,-0.27766537313562606
12693,0.24771598092974803,0.17068709637989887
12694,-0.6268804198004795,0.12926418335686224
12695,0.02781901505668972,-0.05008172032804453
12696,0.22029428638702397,-0.3593061443701299
12697,0.7795945894962749,-0.22740825355513958
12698,-0.2806992809429011,-0.2670266292065626
12699,0.2937582379191381,-0.46487551644623254
12700,-0.01666456449951072,-0.3526293159821289
12701,-0.910732144420038,0.012830217809448017
12702,-0.6049327252296672,-0.15482295559551773
12703,0.9694670715022282,-0.033810943345381095
12704,1.2438782168815863,0.11457419043444415
12705,0.7624129520943235,0.6741077115081316
12706,-0.22477648776986572,0.19925466019554494
12707,0.5395661302174212,0.10212156808238623
12708,-0.3284003462157614,-0.15802487001969845
12709,-0.01597162130851766,-0.4229910903325581
12710,-0.07465472265584784,0.3192370563009763
12711,0.1858742678223547,-0.4428096814449034
12712,0.024760129398555177,-0.4551606599248737
12713,0.16700348799426362,-0.035670401134668926
12714,-0.21905314001829537,-0.35216421839566747
12715,-0.3356740313169461,-0.33769566944755797
12716,-0.5042123058768484,-0.3748575814650548
12717,0.4270397956296634,-0.4213577391490211
12718,-0.08823274107616574,-0.1711633536781463
12719,0.5193167771896195,-0.5028082229781619
12720,-0.4087920358606621,-0.46270038170936656
12721,0.32108323510261977,-0.5548455365742919
12722,0.31030285716581807,-0.4864252247930003
12723,0.461125700439576,-0.3269910921391058
12724,-0.3905529283713108,-0.45392759483514716
12725,0.16542434935884345,-0.3857913136502456
12726,-0.06808310126968248,-0.40496126369899277
12727,-1.0138458283652811,0.3127747267814016
12728,-0.3814044517850202,0.23038760449874462
12729,1.259468704115329,-0.21716377984384674
12730,-1.0924071985370867,-0.4158060378116164
12731,-0.47215596595052306,0.19159864670345844
12732,-0.16262281961369918,-0.2771428529367427
12733,-0.20686911881078707,-0.09708977892818764
12734,1.6174888004111012,-0.16972220786699463
12735,0.0069075031619458245,-0.21043255604757646
12736,0.08145999183198961,-0.4737911224903617
12737,0.488032287290929,-0.33505422003737956
12738,0.17984429926248335,-0.30709119460837764
12739,-0.4631847173587061,-0.3451310989811058
12740,-0.04504925159055321,-0.4044122746428355
12741,0.632901943549556,-0.2999747924501282
12742,-0.06969951760671207,-0.1420757433591072
12743,-0.5647211018487738,0.02360153700015196
12744,1.731451956621898,0.2166090553833038
12745,-0.8672327817186125,0.0006142762782334858
12746,-0.5384357981509736,-0.338339413644436
12747,0.8754770747386641,-0.41955901131615775
12748,0.6284973418021644,-0.210610962711648
12749,1.3952144094534213,1.2520673348758706
12750,0.0011670096135965643,-0.20326744050551526
12751,3.203858043124688,3.697234974809911
12752,0.7936237539226059,2.5205568879221265
12753,1.6531830496618098,2.1890888672187385
12754,0.3141475358987559,0.9421503071595958
12755,-0.32171815127914305,1.6954122057060335
12756,-0.7825585325374159,1.1266947941809218
12757,-0.6073964966908192,0.3529683294827862
12758,0.8776665201696335,0.12355362505597396
12759,1.0245542711562554,0.24695720222265966
12760,-0.3382125038767599,0.14671533203066278
12761,-0.16316191427223894,0.15659740238939043
12762,0.025811632583672455,1.0452263321805277
12763,1.00231178969525,0.5815296078607717
12764,-1.017539213755275,0.2838774292131038
12765,-0.4729458007432827,1.0111591305250425
12766,0.03206598377647626,0.6223862162510408
12767,-0.13792426419491835,0.11898708777077865
12768,-0.26729477238966803,0.24342090947744924
12769,0.43972290969054023,0.28040025302209387
12770,0.18142969363245826,0.47450012534835906
12771,-0.8677014137504444,0.270418330077973
12772,-0.9835397623348799,0.6467180592520713
12773,-0.5275413814382495,1.115748688722053
12774,-1.268701649340028,0.8191400280582448
12775,0.4905295755657991,1.2341260765755393
12776,0.7686000869176008,0.3080890894397169
12777,0.24946563286327433,-0.1605589336841314
12778,-0.10776667879116132,-0.29324424175055575
12779,-0.5556247417380937,-0.23084961880767882
12780,-0.5616723494656053,-0.15834604563182922
12781,-0.18928352202324436,-0.19599828650976542
12782,-0.2780507646432854,-0.07865125816557385
12783,-0.6510235077646612,0.11426385206935441
12784,0.3196769430041941,0.36872445290183686
12785,-1.0018019051625178,-0.1241775497740635
12786,-0.38562533633571305,0.28820714097279326
12787,-1.2147114981210752,0.9363991295140659
12788,-2.746912892226488,2.7696317524876384
12789,0.8753237275436959,3.475448062000035
12790,-1.1293411040083574,1.913861912242574
12791,-0.17571338846744197,0.7523177508906336
12792,0.05566945987449702,0.24103759464919736
12793,-1.863522948842994,2.4195538211443064
12794,0.5860465697412209,1.0074504792336534
12795,-1.073242617624908,1.622958729866772
12796,0.08169494927970698,0.18685233145912045
12797,2.9522962942276667,2.5000564316471903
12798,-0.20667168835514832,1.5290003776384264
12799,-0.08340791465436198,0.39604885834497194
12800,0.22804606504656447,0.21333307796636564
12801,0.43140658496122825,1.1470828420105665
12802,-0.277404472331101,0.38695967542255516
12803,-0.7609254363894519,0.9143078924934103
12804,0.254440409418719,-0.018951989379099896
12805,1.9117350096124586,0.5854574522344639
12806,0.2713129564132836,0.1024475660945153
12807,1.5481854576464158,1.524120403986786
12808,-0.7125468095948705,0.018312052948690274
12809,-2.6383379541437835,0.8787348675834369
12810,0.5685776724012485,-0.3065850515209637
12811,-0.08021669166095935,-0.39950254160008697
12812,0.12215451806182286,-0.1412635497260161
12813,-0.5677722638203431,-0.2148203290472723
12814,-0.7027036252963587,-0.11859917532556567
12815,-0.11599498425210623,0.9142009138142992
12816,0.33477813783366456,-0.2740225410719719
12817,-0.020913241827198434,-0.36784678694575335
12818,0.9371952851309509,-0.45224718411491
12819,-0.8093163540185473,-0.44340563457291166
12820,-0.16003754225575303,-0.3735048992101448
12821,-1.2084677326404916,-0.10320770274517012
12822,-0.7479220714458422,1.7011598441343556
12823,-1.0386264877523386,0.40167116080924486
12824,0.6174455932240267,-0.2795254311286157
12825,0.3685980524525875,-0.18170615364078077
12826,-0.23458308215881143,-0.5011231776164211
12827,0.7077635113572808,-0.444691353808035
12828,-0.7848693514920003,-0.37262751051415033
12829,-1.8130247491053098,1.891769433029899
12830,-0.015745906963290826,0.439919871643937
12831,-0.9133977829556865,-0.08375137082543843
12832,-0.3791927087780181,0.737095077484828
12833,0.742069978072108,-0.0644515876886206
12834,0.4758841056190882,-0.3679324168769505
12835,0.42343024934970797,-0.4690965851567772
12836,-0.4917635806654303,-0.41547594559775247
12837,0.45019367653565384,-0.19684279256309067
12838,-0.5450907699898658,-0.3267877364467539
12839,0.41153258079772165,-0.3595927970666874
12840,0.6475369107724193,-0.0655411311839019
12841,-0.41616869492518915,-0.23686423219133945
12842,1.1925766915708806,-0.14501782181883582
12843,-0.3195840955926546,0.23448924179858502
12844,0.6239971756553903,-0.22876319193839997
12845,0.03981207195051058,-0.4800464858635643
12846,-0.3420993144891165,-0.33747488863119274
12847,0.07694594962370113,-0.3163578088604403
12848,0.7342283661229174,-0.2641030490197146
12849,0.375915310460315,-0.26495718401403856
12850,-0.6839147746080879,-0.1356106786106748
12851,-0.5382595356236137,-0.2818972496506815
12852,-0.32463708171540867,-0.142954299058726
12853,-0.043556964096011716,-0.44116842103991305
12854,-0.1947530535672454,-0.6023923557858509
12855,0.8083800595479725,-0.4721299474305114
12856,0.5245493272886278,-0.4188308565142539
12857,0.27837807007245297,-0.24755374354415913
12858,-0.1908345021150334,-0.4074090967451675
12859,-1.1932881957353252,0.10070774950305653
12860,-1.6145552318655383,-0.030727950245899093
12861,-0.59912859227652,0.23235320070597737
12862,1.0590060122042202,-0.3007100212503997
12863,-0.9706837320919032,0.43594882988866746
12864,1.9211165353992194,0.4007050234738674
12865,-0.08659466682702,-0.03999837562663845
12866,-0.5106220026839012,-0.37255353740604763
12867,1.71174282976237,0.3790078716147201
12868,-0.054221864351406815,-0.4308484914930111
12869,-0.4532052737875985,-0.03835648909984643
12870,-0.0034439455513541584,-0.45871966075224174
12871,-0.575393919081747,-0.2288455105795714
12872,-0.47705109282451685,-0.18729553700791782
12873,1.3860500615568625,0.06046166571124461
12874,-0.8939295441056578,-0.06394291309469378
12875,-1.153728869407345,-0.20141836078043443
12876,0.6508450459374311,0.2828353681648611
12877,-0.4089777958191153,-0.42970965930976185
12878,-0.7234242561698053,-0.2937367033595686
12879,-0.6819610194794204,0.1956944795210878
12880,0.9555439998322443,0.05225236343850117
12881,-0.43136311451905307,-0.3709468628035294
12882,0.17298423505749427,-0.2646502570833214
12883,-1.1563651685530998,0.6153696297708607
12884,1.1920837188748046,0.11542304787300135
12885,-0.038595058899930576,-0.4149296302613504
12886,0.9070909914776584,-0.19356064941990053
12887,-0.5560024129052118,-0.03155667655326361
12888,1.3902530483238216,0.1950619615501768
12889,4.268640580713435,7.036486515194877
12890,0.2688787193466615,2.6976752355037235
12891,-0.6851662396639061,1.7730680459839618
12892,0.9324827843646704,0.7150904632808696
12893,-2.0760838803809034,3.064798091124245
12894,0.18244570524980236,1.9745855415785614
12895,1.745869538075538,0.6159589211708392
12896,0.41866752840819516,0.21101560071086398
12897,-0.047144962850370585,0.00565721938443524
12898,1.1211082667271146,0.16756633095465667
12899,0.175663080260251,0.8201271197768114
12900,1.653651660376126,0.8305992151277053
12901,-0.2662832598893572,1.6287987218942606
12902,1.535326468194667,1.0019525688873205
12903,-0.02278689546751391,1.2721491633871644
12904,0.7750269751703351,-0.004760381658481447
12905,-0.2831986691983175,2.04839571653412
12906,0.4806361044913799,0.8046258039614403
12907,0.8044648209234212,0.46470282905555854
12908,-0.8596741510820328,0.4861433410090793
12909,-0.04332016382475572,-0.05858188946977433
12910,-0.151142812132917,-0.33282140833222684
12911,2.31406178845488,0.6256868774725785
12912,0.6459076118505075,0.514954554017635
12913,-0.29483653967843243,-0.04412962841874687
12914,-0.538892834048144,-0.1201999117360954
12915,0.707165406145756,0.2572064468635585
12916,1.146654779908993,0.16455271411812805
12917,-0.20811981077128103,-0.12444213294270286
12918,0.9531088776979891,0.12081693872090117
12919,0.07158865832605187,0.07792625595088286
12920,1.055335443910797,1.3623938011524928
12921,0.30074029003613023,0.3798318662640081
12922,0.3618221808237536,1.0561247051336893
12923,-0.7327033489514662,0.13883360591335778
12924,0.02821870514065166,-0.15961391926035653
12925,-0.025009045084973387,-0.12451544300118077
12926,-0.6622688030094845,0.13634114197275707
12927,-0.2713040771836413,0.11272339152218383
12928,0.4151548444906789,0.13731205021070683
12929,-0.2248813662165306,-0.05115347459179094
12930,0.41761814614130516,-0.09464461325286827
12931,-0.37623357940110297,0.248947679698919
12932,0.22039539079710996,-0.330033941388491
12933,0.3203132601652602,-0.4013736410437469
12934,-0.5634639474282436,0.07672977362478477
12935,0.38635563797912326,-0.2657007975885498
12936,-0.3555515317076572,-0.004173434257494737
12937,0.6626963368558921,0.16699653024238922
12938,-0.8323078825340366,0.6071269237996111
12939,-1.9848250742755114,1.0752245222010464
12940,0.8530947754012667,0.8222522716757146
12941,-1.2745011761188207,0.22348385272655855
12942,0.3651920933626239,-0.1744787024198535
12943,-1.0887140041575416,0.33781925728191836
12944,1.0607773639379579,0.33407293204957966
12945,1.7218587384861086,0.4542684167773002
12946,0.5993339045997071,0.28023953173334637
12947,-0.7519171255770791,1.5147717639712033
12948,0.4517983709826905,0.09471212525195977
12949,0.9917480685031177,0.41235478537064346
12950,-0.3264967876741372,0.8525045629728589
12951,1.0556513829925287,0.9971634655873648
12952,-0.061078322575960124,0.9098365460101195
12953,-0.6290325536867448,0.3000270775951241
12954,-0.17992567399855225,0.18661597241082728
12955,-0.011282656547718796,-0.3464604348099813
12956,0.021740296666998463,-0.1390703482883285
12957,-1.4518052669296762,0.8207533654341083
12958,-0.6684060107324279,0.5537407261022658
12959,0.5819596198863052,-0.012542777415208463
12960,-0.7823341081476284,-0.18525391822599155
12961,0.11042866339445584,-0.2936824934496558
12962,0.7954534858258596,-0.21168993236797162
12963,1.5193253701185685,0.23039356777012976
12964,0.41152360913112157,-0.3444519244349244
12965,0.07845425270700097,-0.1720308018484658
12966,1.0400761822212226,0.589414444195759
12967,0.8521330296651948,1.1078161522145766
12968,0.5202700202652273,0.30209613540522434
12969,0.4894444481072031,0.7893731002662021
12970,0.5625904554538743,0.6331654929441061
12971,0.5736665820632559,0.9248015140284768
12972,-0.7599976140212346,1.4791779618318837
12973,0.16063461312139135,0.2697506614870459
12974,1.1108524633363779,0.6998560715667201
12975,-0.06944058250619124,0.9757336834291571
12976,0.0571429317707856,0.20332793814199873
12977,0.20428112108719587,0.9167573236828087
12978,-0.2782807919021508,0.6374081480230805
12979,0.12784782125721886,0.24895923029081157
12980,-0.33247566558474473,1.1384596365261341
12981,0.3365550503231769,-0.28971623770962124
12982,-0.09034207584765089,-0.11757898604274628
12983,-0.2068013891147055,-0.0005107056058851126
12984,0.2775900256626445,0.3574291208928534
12985,-0.0754516806948362,0.5258270618083022
12986,-1.0748930871336793,1.2017313735624864
12987,1.0786839051813568,0.379866588231795
12988,1.1016979715745423,1.4785108297014562
12989,-2.2619986374972365,3.4707740528985744
12990,2.676882864252426,5.902875586128434
12991,-0.36770414185573214,2.3079947666672016
12992,-1.096860153343666,6.241161339793723
12993,0.510617500769012,1.0778194556099743
12994,-3.328851184799601,2.4680763454461014
12995,0.2048124033332973,2.5177358974588566
12996,-1.2969572680294132,2.0242688214570754
12997,2.0518251556459677,1.5894234912265657
12998,-1.18843577718257,0.8337666518949053
12999,1.1715531005496815,1.0817029340543354
13000,1.1056127350075642,1.1995354818586528
13001,-1.439502951378785,0.6574133807370742
13002,0.3715708043369012,-0.07693542125649416
13003,0.6769118302256567,-0.04382977690986674
13004,0.8054710205917567,0.1342719891665217
13005,-0.8947076427801036,0.210709047567896
13006,0.4113832635798482,-0.1836622661167712
13007,0.4468999276491191,-0.03222918435421281
13008,-1.6006117270407623,0.4934333475418897
13009,-0.291450793097426,1.072225353400564
13010,0.686514004748428,-0.13731306382896624
13011,0.274593810377484,0.05435377590550584
13012,1.4119887088833232,0.25077273490759106
13013,-0.021282081296817083,0.028152631460515037
13014,1.1006966198172299,0.05887002411920784
13015,-0.5076024533347894,0.07027587320913072
13016,-0.4967876093613593,-0.3890492726713353
13017,0.8851841463625102,-0.04336500718646011
13018,-0.17617870448211748,-0.21115942784411904
13019,0.5683613347220714,0.24556148221729157
13020,-0.06452005860511822,0.01239752930749794
13021,-0.7586248098571989,0.10293056175197199
13022,0.5977561261494039,0.029634379437303043
13023,1.0143738938722577,0.16799442002146014
13024,-0.06086190940968969,0.12222786558713629
13025,2.0009014014583006,0.5903081467080171
13026,-1.1113565239616412,1.598386299214111
13027,0.41656981894172324,0.9075129577617532
13028,0.2408802148047784,-0.22618804382800778
13029,0.3352730787393819,-0.03494478387861532
13030,-0.7099557176353458,0.2704799110131312
13031,1.6831089471726546,1.187647866449015
13032,1.4094107441950785,1.2064069469294647
13033,-1.8204264990191794,2.338564369878891
13034,-0.3210295925415466,1.0789588891572248
13035,-0.7275025467453453,1.3645183762036288
13036,1.2738850903311432,1.0493395352742017
13037,0.6039470526657362,0.40240873032103086
13038,-1.0581162898853795,0.1879123313440618
13039,0.5044702355818401,0.6644113190414798
13040,-0.331942674886707,0.38011481248882434
13041,1.3233423713855672,0.5085272664793887
13042,2.0434828417963398,3.205652522695629
13043,-0.060927117591946585,0.20266329620792217
13044,0.14803254878329186,0.477884971226461
13045,-0.21872405796081826,1.0087564475214077
13046,-0.5039405746604174,0.3323598243978118
13047,-0.8382848273434698,1.2676513009324544
13048,0.9884049891151464,0.5147424372997601
13049,-0.4150758983458406,-0.06445768687553115
13050,-0.7813945199051184,0.3737489639326319
13051,-0.265222879483076,2.090647158221996
13052,-0.5525288414131403,0.824131220092718
13053,-1.0903775626692969,1.304692818720106
13054,-0.23435986202881118,0.9577741841881208
13055,-1.8662814613291996,3.84336465242034
13056,-0.010314499680651134,3.282817692207128
13057,2.164893502645107,2.487154309464703
13058,0.6065324990317236,1.6852323713789543
13059,-1.25757103344875,1.984106828277581
13060,-0.47229707020256084,-0.10752585218473079
13061,0.34043292222375227,0.9419801207570044
13062,-0.401389176861757,0.030522522112122353
13063,-0.5502950692516893,1.868891124698402
13064,-0.2444431234277,1.1350985920777759
13065,-1.3627909195986256,2.12871727161883
13066,0.5383936378409445,-0.1932629384029804
13067,0.7140031679016393,0.1476235129621469
13068,0.4428114236782878,0.07260386361187321
13069,-0.8216738291259635,0.005360771390347194
13070,0.7647644523340308,0.39914385515250117
13071,-0.8994852657452483,-0.008634014710020302
13072,0.15436426932443748,0.22328189588806396
13073,-2.215471941472113,3.16723089846407
13074,-0.29404300238086944,2.7552618522487817
13075,-0.05160237783189026,1.0145754988127014
13076,0.017705216282803436,0.49542447336906925
13077,-0.08870429047639833,0.793205218634216
13078,0.48448587660867903,0.04929085701539765
13079,0.34112103626751167,1.030845440401073
13080,0.5151520371885291,1.2926846221343797
13081,-10.02599054428968,25.00005858399807
13082,-4.292209571171821,8.761165228809228
13083,1.2881857171687716,10.824353861870897
13084,-3.8153755390219017,6.503769939413005
13085,1.1296589434857787,5.370706412186693
13086,1.0177809165370388,4.598494961055789
13087,-1.458198943693762,2.222520346019631
13088,3.7719017972638973,2.9288507774110983
13089,-0.586392210489305,3.620434422793158
13090,-0.13024466296174014,1.8807326097824504
13091,-0.8242308848124685,1.739898528807189
13092,-1.6355897954200274,2.7238207627745017
13093,-0.19142228552074392,1.8825284092280088
13094,0.2783577988312984,0.8816068542317897
13095,-3.7167587275602836,4.929175388925965
13096,-0.5513021884836666,2.861542831495914
13097,0.5340055682410829,1.9472308231940456
13098,0.4045612113005253,0.7330468818535799
13099,-0.606204863970721,1.0513854979291466
13100,2.144799319392079,1.5092979811801632
13101,-1.7039325450192129,0.2736870757386328
13102,0.43450743687749155,0.7886431155910514
13103,-1.5295354642711891,-0.011996667636257405
13104,1.191764803217186,2.1083593860211205
13105,1.2942057267638871,-0.07348600991563452
13106,-0.20396482906700894,-0.21107912492006434
13107,0.15070958251999772,-0.4337922168734516
13108,1.1913319267936753,0.28355284737177044
13109,-0.12921339566971976,-0.058440438252933234
13110,-1.5830782608605491,0.7450878909413042
13111,-0.7789462902425709,0.38129429599774206
13112,0.94585949601374,-0.21631984744461355
13113,-0.9163013403075609,0.011016264295946564
13114,-0.0750188071778694,-0.16046853837089947
13115,0.3561834784543747,-0.08565477742913608
13116,-2.9268244701798896,0.5641696665639728
13117,-0.3945646175990925,2.15860004478055
13118,1.478320804332876,0.20052013384996215
13119,0.29840436844522417,0.09097490565029456
13120,1.1738609458628138,0.05591400002283123
13121,0.20412796633927488,-0.4316192645818378
13122,0.5529291780748455,-0.2337217886013162
13123,0.41085072742840284,0.571012370425008
13124,0.3886580042840886,-0.14262500904596112
13125,-0.45132620934938134,-0.11780650088684523
13126,-0.1926742823212569,-0.2206227840579325
13127,1.489615234020121,-0.04135992660409835
13128,-1.3164091969735972,0.3805474946469766
13129,0.5530836006554312,0.5557703261100823
13130,-0.9145634524160594,-0.13105875566149292
13131,-0.49870029877105687,-0.25600280086401317
13132,1.5999785615935296,0.4846802462488681
13133,0.529149892265161,0.4742156985350002
13134,0.28030958557338115,-0.033802530624139966
13135,0.2876560554976508,-0.23356038227447698
13136,0.2254506387581476,-0.2308456370772442
13137,-0.23878809497029826,0.23642330770370545
13138,-0.504735182584441,0.08666758200078982
13139,0.7173264002124582,-0.16692526381190467
13140,0.8904891905752996,-0.16619489254672376
13141,0.23557220718636196,0.4631494062829165
13142,0.09131313081793614,-0.20184959907940297
13143,0.607550837336615,0.06888225446714488
13144,0.05468126126945916,0.1730187701222227
13145,-0.5275917390827617,-0.09142640698208922
13146,-0.6968927972580629,0.558600445886269
13147,-0.7460563599219826,-0.0899111625527849
13148,0.6612405847489323,-0.1890909739330949
13149,-0.194064594488061,0.035952448226056304
13150,1.8396181728920866,0.3297533282108142
13151,0.40809194922458686,0.2742741992772498
13152,0.664587087921451,0.618285498650109
13153,0.30012844664134675,-0.049879083388190144
13154,-0.5335015177705908,0.37168162327829657
13155,-1.0445836241733382,0.07248802045843926
13156,0.06575767275889009,-0.20074893914929587
13157,-0.4766052012209262,-0.005115739671519142
13158,0.436284297113206,0.30213470944226944
13159,-0.0554018523354199,-0.018966469602523385
13160,0.8210070032121964,-0.17836333266968085
13161,0.37130977095279877,-0.345157016995686
13162,-0.9730053031153296,-0.2488432831438571
13163,0.3972020910708863,-0.14051155018152148
13164,-1.343412455306285,0.12476011995983835
13165,0.24024521609217295,-0.1441286473214207
13166,-0.4239773705960357,-0.17968438012205257
13167,0.6018843300223563,-0.005189377245456903
13168,0.6765276819513764,-0.1934054880850483
13169,0.051728650165650966,-0.36271052063557463
13170,-0.6538304744541414,-0.01426394737093769
13171,0.35676418042892655,-0.16916082311825625
13172,-0.5050168271149538,-0.06263334080016983
13173,0.38552323752588263,-0.30763339294585207
13174,-0.2201552910020807,-0.3625110488068717
13175,0.5935881351896218,-0.41751605360249117
13176,-1.9767179044440086,1.7229753094079008
13177,1.2135093002259416,3.82788314932134
13178,-0.18838899359349429,-0.03213218315016611
13179,-0.5759489446764607,0.2716501713294535
13180,0.1802388539487292,0.09138693877449768
13181,-2.573147972248983,2.2952464482523887
13182,-0.6200961053727388,1.1970546505147504
13183,1.4301798540023276,1.8227231563483568
13184,-0.8220720309714717,0.8006166083003591
13185,-0.5358183333095978,0.5018423102817139
13186,-1.6721829792462444,3.044531809216033
13187,-0.4454547968154956,2.9713873952001073
13188,-2.5191448476085734,3.393342284355017
13189,-1.5194292652806727,3.4322349490249437
13190,1.466921961517936,2.757151926611554
13191,-1.4508974717679026,3.2641686385709825
13192,0.6660214455880074,0.09867126521909697
13193,0.6642329590667831,-0.053477342822371494
13194,0.4079153705715139,0.5706070546364456
13195,-0.9719362732273099,-0.10457604404268515
13196,2.3035233955971948,1.995219582015217
13197,0.9244836572862063,2.168378654612884
13198,-0.6586941147431433,0.1313053463183342
13199,-0.6774931981631228,-0.29178410333922516
13200,-0.17999886362488074,-0.42859753414017576
13201,-0.3784947892752256,-0.20747630885771493
13202,-0.6912555884806493,0.4873423687347194
13203,1.0699331561761214,0.38029870514536124
13204,-1.1997901952307162,-0.1587865934200242
13205,-0.19657646003329574,0.0065445623378282735
13206,-0.4851291075796537,-0.06665758397150472
13207,0.809133246052689,0.15299436232938138
13208,0.3042069182699315,-0.33181135223126484
13209,0.051434538633374306,-0.35446085918532594
13210,1.2419028984371774,-0.09325724822528901
13211,-0.6646245360168396,-0.10253999151652796
13212,0.4638017064453656,-0.01848398678724479
13213,-0.06610225114797794,-0.4008857215309494
13214,0.5563768466563498,-0.20321004061481598
13215,-0.33308491578235944,0.29396436155403977
13216,0.9360685369348367,-0.3035458755843889
13217,0.5786116532010531,-0.08418661233827036
13218,1.7172755233085504,0.43968028702971934
13219,-2.0408051721064773,0.4840129906620561
13220,-0.49467058853984625,0.1395032431452363
13221,-0.4645407946360736,-0.17749802397803743
13222,1.0334108127839836,-0.3365069158355361
13223,1.2553341081210005,0.36908404798467404
13224,-0.490003009571963,0.05111627815444764
13225,1.8279883380917838,0.408981010336296
13226,0.3454750843385529,-0.2268213710890551
13227,0.007236058112658914,0.14346573330594692
13228,-0.7316079649720741,0.07925243396122833
13229,0.4397731371361375,-0.08331678798484908
13230,0.011097402891184258,-0.4231124386696504
13231,-0.41738465064622043,0.26107445385775585
13232,-0.23702054886876409,-0.4118240619964543
13233,-0.5878477541901505,-0.4340995662182351
13234,-0.31103057444802906,-0.05822520283739627
13235,1.0000944738803763,0.018452271598064073
13236,-0.17661867097953,-0.3416744231666109
13237,-0.5475623924415282,-0.37989782013577894
13238,-0.42427581338985393,-0.3306398625136308
13239,-0.09164828469022708,-0.19819800137038557
13240,1.1351180933483063,-0.4942003727872232
13241,-0.20541981935171255,-0.30912746641274624
13242,0.4983330477386187,-0.5443119889807473
13243,-0.3788298839912747,-0.5245508975614005
13244,-0.9891899121446024,-0.22141973570151258
13245,-0.32341458544682566,-0.054354779435150574
13246,-0.06945464001525727,-0.4530075299532737
13247,-0.367351436797007,-0.3410093957130958
13248,0.4193339263112872,-0.47438427331144745
13249,-0.22408093457784395,-0.4411697303376985
13250,0.2768984450671791,-0.3144161499780379
13251,0.6200320067338109,-0.40268534486701213
13252,0.4424985977998276,-0.4395631882156667
13253,0.4373089099886102,-0.48446214649335817
13254,-0.02378114754076708,-0.5171830840199637
13255,-0.289573928608526,-0.39675949323429127
13256,-0.026350813887807117,-0.41907415633737666
13257,0.48705962618537235,-0.40468640843192255
13258,-0.028843794877469624,-0.5683536558820615
13259,0.2590720451699558,-0.4462682638985357
13260,-0.05714521690571975,-0.4131433538660497
13261,0.015132738185349402,-0.46088434464257333
13262,-2.4916557607906746,0.6057318714023271
13263,0.009090523102095065,1.1761528525768805
13264,-0.22409685289930184,0.277938676875335
13265,-0.44110493273170354,0.04543558424701313
13266,0.13857800643561094,-0.40362059290440294
13267,0.860282207652142,-0.3825034125785169
13268,-0.42243921758803,-0.4875040764969337
13269,-0.5690183166514344,-0.16125535909893593
13270,-0.7829137831034587,-0.14341885020635012
13271,0.13388094155999675,-0.25017238608577796
13272,0.4321834033365765,-0.26319602840438183
13273,0.4818352908491438,-0.3857591245002854
13274,0.5220676271758888,-0.37681666677976755
13275,0.42619865710458993,-0.4097124345802235
13276,0.27953413993436765,-0.3628863367533045
13277,-0.7025669967878365,-0.33068298961815584
13278,-0.6521380696239195,-0.30081009384594615
13279,0.23163924786059922,-0.4272993829002118
13280,1.534656058004371,0.19509871147937183
13281,-0.30311284715400566,-0.38783367143675923
13282,0.7796220333594818,-0.38431516889554174
13283,-0.2858248256822878,-0.34300491673957595
13284,0.3459308578243318,0.30477754630038334
13285,-0.7179026433482315,-0.07274593699549971
13286,-0.018998357998858982,-0.3216675994081127
13287,0.8897876806722035,0.3249301098649465
13288,0.024403949748677684,0.1668876931253088
13289,-0.5071918716345366,-0.17650425308252138
13290,0.060874538819593066,-0.5973082305765754
13291,-0.6983185262416449,-0.4951530086656416
13292,0.017204106446862197,-0.5425383371503559
13293,-0.39541946794796606,-0.5673834481849198
13294,0.15215115751333205,-0.3573567381072133
13295,0.3850642040798447,-0.5455509688846849
13296,-0.3228345898604792,-0.48626395498760994
13297,-0.09409068038417777,-0.6540223353756215
13298,0.2306596518328362,-0.504138792615569
13299,0.12242888391104113,-0.5202259343265196
13300,0.27569818239979,-0.392357472110476
13301,0.08138618571551985,-0.46207830806191635
13302,-0.596695303603861,-0.5474475866873569
13303,0.002192592760196217,-0.47190706821330786
13304,0.26027499558548217,-0.443429766584523
13305,0.08452650434742674,-0.49908810830939465
13306,0.11965702351285534,-0.4979256854654364
13307,-0.6968415113736072,-0.3272214795583934
13308,0.4603524883881793,-0.38934507336859453
13309,-0.32865086947632804,-0.4472964937957512
13310,-0.2194621523822347,-0.6159575023546852
13311,-0.018017740745647163,-0.39340050303557583
13312,0.28020576649915374,-0.5823337141331866
13313,0.3874279862019862,-0.490604795758127
13314,0.0021449115715381087,-0.6398851083085774
13315,-0.3433021190879345,-0.47926692146538663
13316,-0.5581273809778222,-0.47377911828943753
13317,0.2342525697474813,-0.5739874611107271
13318,0.3978835139717244,-0.32672389080312997
13319,-0.44857258192152805,-0.4740390534025025
13320,-0.1597240465320461,-0.5731226805137912
13321,0.029693544874572618,-0.47281302686833365
13322,-0.09829094063168753,-0.10309256561698021
13323,-0.3265646183403596,-0.31791319945405705
13324,-0.20974908614018178,-0.29352576528054625
13325,0.6515647537029519,0.1024465058383858
13326,0.28624441534464706,-0.338260194708893
13327,-0.27731727702168607,-0.43760382744948295
13328,0.9739435494732127,-0.3744734527444894
13329,0.2871728779385095,-0.5487699981688887
13330,0.40187052362115816,-0.2936152670876266
13331,-0.2943832597166528,-0.37797558536290127
13332,0.002776697975205591,-0.42841563718774395
13333,1.0484000293906721,-0.17526916471955445
13334,-0.38834349407417534,-0.4652078958967241
13335,0.5783648855407261,0.030768884859970477
13336,0.40874246223060595,-0.2284494011708947
13337,-0.01201805768934902,-0.3427909049143295
13338,1.0165404803564524,0.456314170777144
13339,0.32344178080236885,0.5055796823991878
13340,-0.3735118245703732,-0.1767262191799997
13341,-0.21839881456886495,-0.12078204095556132
13342,-0.36206851732136136,-0.26130301608356576
13343,0.49632978439765374,-0.43047559130330804
13344,-0.23323247362947497,-0.2549845167629002
13345,-0.5917749699212485,-0.012493595086234202
13346,-0.37723606429767575,-0.3148624306935699
13347,0.6970622202114091,-0.1402183624536235
13348,-0.3473228460495293,-0.4212754730537671
13349,0.3425471944938285,-0.27835349083333816
13350,0.4492676887665285,-0.47629067960657473
13351,-0.23759996628433014,-0.24580422086273918
13352,0.31383312148081194,-0.5775834984840282
13353,0.1947686840620024,-0.324072526866121
13354,1.4479560989325517,0.475853350326624
13355,-0.2149209678410879,0.343165764507273
13356,0.16687576098829218,-0.012683307649109328
13357,-0.4103538325020131,-0.25084193528688387
13358,0.5870503966955783,0.7955240510776455
13359,-0.5162582700885181,-0.15509050382567885
13360,-0.383470259691541,-0.23979759217098703
13361,0.6270551352478781,-0.314344569343532
13362,0.24492538945166487,-0.19800796451588837
13363,-0.5275806407662712,-0.1586758503305413
13364,0.3211211534502768,-0.4610971527295312
13365,0.1897581869964815,-0.293737019726037
13366,0.17211693650273735,-0.28946080848690886
13367,-0.5796883185164001,-0.2937254311295413
13368,-0.4423073085101085,-0.2832369790951997
13369,-0.16054494932393595,-0.32193051407476825
13370,-0.2695379135359316,-0.39425264450979425
13371,-0.4618287668252442,-0.37381594758113545
13372,0.5285460134119975,-0.43890422143284363
13373,0.9821771241574211,-0.376499077059255
13374,0.320139765928998,0.11706490185289889
13375,-0.2709424765124299,-0.4863768719460374
13376,-0.17043199120560765,-0.255990877787994
13377,0.6821984415416629,-0.05181198101552617
13378,-0.34454048726400804,-0.3127525234006033
13379,0.5842254750247209,-0.1288827174398449
13380,0.09607501377928046,-0.08923311288712066
13381,0.9068217714455297,-0.07838603154363559
13382,0.18957724627297132,-0.083798150444327
13383,-0.7181056239562035,-0.046174476446831536
13384,-0.3448111353159433,0.5423936244362704
13385,-0.2865444058178973,-0.05997235816746099
13386,-0.5687932617919644,0.47895902032574716
13387,-0.14051132908165356,-0.1423125769994371
13388,0.07050559098198377,-0.09149826563615818
13389,0.009591192734323581,-0.34395801707627505
13390,-0.2890559644259717,-0.373925411140044
13391,0.007029173057456634,-0.36650403977213114
13392,-0.38851084139462266,-0.5006697025188056
13393,-0.09056569675661395,-0.4517557902697672
13394,-1.110842358098281,1.5574902370119332
13395,0.3978307853731235,-0.09471351633567655
13396,0.2765585576062749,-0.49256679461095665
13397,-0.8549584289484651,-0.1540218268806776
13398,-0.303502003799248,-0.2950546114045287
13399,0.38407470464307303,-0.5063594026778749
13400,0.07501696102401516,-0.38327943394267167
13401,0.564585632776943,-0.47282787175943364
13402,-0.7281814839625029,-0.3884519367154224
13403,0.2749229244037608,-0.4434194449938119
13404,-0.13211515593751866,-0.489973119394765
13405,0.4780012524462229,-0.31806888518102744
13406,-0.17090048376557665,-0.5202833890636152
13407,0.7633775863846324,0.1799651261928553
13408,0.48958063510463773,0.006979280039300326
13409,0.9542246464635251,-0.2278839820748027
13410,-0.08974568003170237,-0.4709040954198179
13411,-0.8668365393223932,-0.4341853738144049
13412,-0.5669095046510035,-0.15182271611371523
13413,0.3273906929919685,-0.4780042659408696
13414,-0.9796053140224399,-0.19810482511629096
13415,0.6062579028706633,-0.32817280101437674
13416,-1.7616102465941514,0.46383499688355295
13417,0.5006184317888499,0.3936211313339556
13418,0.19413235336519535,-0.33445888806723445
13419,-0.24624534110622587,-0.19287583361666416
13420,-3.034384075083771,2.172781963367186
13421,-0.7234987920874878,3.1275406229961447
13422,-0.7975663752388812,2.016495272696809
13423,-1.0951004271909586,3.700124751931189
13424,-1.2804950415492449,2.1068153701968213
13425,0.784933838752168,1.0219476662785767
13426,-2.4085605069958196,2.4797636837491144
13427,0.025977518702047505,0.807574288878081
13428,-0.9398815509794392,0.540082378046933
13429,-0.48813023129018673,2.131464823700364
13430,1.0334574437225805,0.9111630399044308
13431,-0.354179126590015,0.0661560624838647
13432,0.8600349489465202,0.2187552067931904
13433,0.09965378611104202,0.22976132665652288
13434,0.4345236116059556,-0.13903483211608103
13435,0.7265200487889963,0.11904528011709388
13436,-0.9072578196427927,-0.21774168027890603
13437,-1.6320650412168027,0.6790359209478107
13438,2.1432503911478413,0.8280881497384341
13439,-1.6729599216667015,0.4965510808589887
13440,-1.2065938492749049,1.7248827180676656
13441,-0.44389762879343886,0.7298283143846036
13442,1.3041702453465733,1.2025502552211802
13443,0.12041245427235586,0.0870639078773102
13444,0.12329361476391645,0.15448082565427249
13445,0.0687049908660709,-0.24840347761566395
13446,-0.37183309692094263,-0.17890329269039015
13447,-0.2876737466353099,0.1574240247768829
13448,1.2703074053626013,-0.08947485218927426
13449,-0.5671159556248498,-0.08674112537108179
13450,-0.5722778533836929,0.13411975431782214
13451,-0.6156040063866015,0.35523108121564007
13452,-0.7904225105173307,0.8210662741772652
13453,1.9051119606797038,1.360346334011851
13454,-0.035086632068846484,0.6710111821894778
13455,-0.5037399030781416,0.827089511909558
13456,-0.27118136948369215,0.4769152323251547
13457,1.4023972962484572,0.282331891386155
13458,-0.9140482706212947,-0.05739217008854678
13459,0.15946675178049097,-0.4440375891577937
13460,-0.14677578044089518,-0.27156899860195827
13461,0.34758773601760284,-0.021918741431291494
13462,-0.03163039406329572,0.3163857726562572
13463,0.8174107313477318,0.6934740825806445
13464,0.1855774459284436,-0.04722087491921419
13465,1.1758218608745175,0.05512066926376634
13466,0.9506290526889917,0.16674800213651303
13467,-0.6923716034344614,1.257393147811932
13468,0.6051028764245927,0.47196981635319474
13469,-1.430588997727523,0.9250902253562313
13470,-2.240955509803447,1.236155584092223
13471,1.6962994306093142,0.5868720286947038
13472,0.4469374693262313,0.06406848756159794
13473,-1.01097774974878,-0.07321831886678183
13474,1.694172969166588,0.7377037951778643
13475,-0.7365927995032368,-0.21332189095368573
13476,0.07527354743599775,-0.3444149028057852
13477,1.1220109178107003,0.9110707821283571
13478,1.2897786773870357,0.6115784910609148
13479,-0.370354648920615,0.1300322539830244
13480,-0.4507688491345276,0.21151391831803767
13481,-0.3758603262963682,-0.4285186920070323
13482,-0.4293129893877649,-0.3617846590329592
13483,1.2063149471909986,-0.38336081782411624
13484,1.8100826556807013,0.4776463163670637
13485,0.8369604256612639,0.9239063712849276
13486,-0.749545117639975,0.04519886513384285
13487,-0.7185173373293068,-0.32579384406952855
13488,0.3502855132852234,-0.3632798670967674
13489,0.4448567769836601,-0.30398282866290516
13490,0.6532483545183423,-0.42894636545007253
13491,-1.0405455531320642,-0.19117474563607162
13492,0.5409688682130579,-0.48253690596933885
13493,-0.6479666632541075,-0.24784527698438785
13494,0.3663423387844739,0.009684224014745007
13495,0.5991775163374995,-0.5190196151789593
13496,0.002228489545347419,-0.623042069770683
13497,-1.5687344477485223,0.14434193407791762
13498,0.9398043538383897,-0.3242440288622223
13499,0.9188708979040026,-0.5139177055847651
13500,0.23198624199670415,-0.351577933928553
13501,-1.1690695393898396,-0.46235020446305447
13502,1.072833664661752,-0.35006055686269916
13503,1.2894778510111382,0.11113255152046843
13504,0.3031820963277839,-0.2857338661454643
13505,-0.5030239028347446,-0.11619838518418878
13506,-1.1532133628328436,0.06468537083666753
13507,-0.2441509269648352,-0.5163757583889076
13508,-0.40713872431752407,-0.4422621690805114
13509,-0.9835807199810078,-0.26770022721305947
13510,0.294778392509779,-0.4567085499765776
13511,0.24442425449272773,-0.3770968873242088
13512,-2.4189545152464174,0.38323978100944317
13513,0.6300339368905131,0.9159125790997997
13514,3.440128716145623,0.2193438806515099
13515,-0.4034842119312906,-0.055048465250966544
13516,-0.8317510971599215,-0.1872321025702834
13517,-1.1716570738446932,-0.043846360312693095
13518,-0.6732966646957942,0.00735248189304497
13519,-0.32654981315333104,-0.4351477188836633
13520,0.022641235005299166,-0.19767834554210797
13521,0.12073850845650445,-0.34860769785306794
13522,-0.07996234449902197,-0.2373715023361891
13523,-0.369097487212827,-0.11518804964846999
13524,-1.0901215377060773,0.2380207664791978
13525,-2.391506607889571,2.0207652727295047
13526,-0.9447803856835064,1.9315244155003393
13527,-0.5257205745941008,2.354521657401746
13528,0.2095165683338304,0.6100456787326362
13529,1.821780781799579,0.12026913708587231
13530,0.6152228757946412,0.21471905967471383
13531,-0.7478488267779061,0.6765850490139461
13532,0.7900270024629144,-0.22493314492526445
13533,-0.30228051339020107,0.04378309988671011
13534,-0.727486014580247,-0.46500906450857143
13535,0.20495375484293185,-0.2503588677447279
13536,0.39020613995795245,-0.3344839384749384
13537,-0.4068863148061894,-0.10536496586939346
13538,-0.005135379739531948,-0.30581165201380406
13539,-0.6388806866101685,-0.11235680613495322
13540,-0.7383628330398534,0.43858064929569385
13541,0.17728529411546506,0.0730370950631892
13542,0.8641040842824111,-0.33244231363475485
13543,-0.06394420674783144,0.028063199510615203
13544,0.117459285828712,-0.20369486305779994
13545,-0.09214641082520453,-0.31647552412223984
13546,1.412958122996753,0.14192322666384233
13547,1.0305590267144755,-0.1531011573190648
13548,0.29748095131047564,0.12681875367101716
13549,-0.23290910070318585,0.2157128775295022
13550,-0.20772201821243721,-0.4471582224746103
13551,0.23500459453320782,-0.44996418969890895
13552,0.6206470630747142,-0.3766116998620461
13553,0.07008064426934418,0.07906302623942019
13554,-0.42397796540929056,-0.3441012308055354
13555,0.16688505332020218,-0.328682914397807
13556,0.14024879417569308,-0.006771525168862171
13557,-0.5959402121485323,-0.40108878076914484
13558,0.6934263481384173,-0.39890178260270526
13559,-0.25742507517912516,-0.4570111918453539
13560,-0.12160604297178669,-0.5075408972538813
13561,-0.14313167091480017,-0.5763493266071795
13562,0.21444360738284027,-0.09397404016697138
13563,-0.6451500695073813,-0.06490188606599774
13564,1.5720404775327594,-0.2868942241247298
13565,-2.951302249508089,2.471125743323108
13566,1.0518326370703326,0.8978771902500285
13567,-1.2213614307037892,0.34176993119381677
13568,-3.760461780594517,2.5195606731090474
13569,-0.3852787316972692,3.430399071483078
13570,-0.22653710748073955,2.1707126972066804
13571,-0.2311599268598275,2.256144099562447
13572,2.205356129385328,1.762954801002545
13573,-0.7590282448395973,0.15732530984023277
13574,-2.0633003495085487,2.158339184299779
13575,-0.253521960017755,0.8599791930195647
13576,-0.3487984173168217,-0.11445251055967656
13577,0.01656558478891277,1.264126691003306
13578,-0.7647806437232285,0.9439114701421885
13579,0.5577938455817276,1.3016787615745056
13580,0.5223325126558775,0.4080903356689067
13581,0.016968095708886,-0.3402831524838997
13582,0.27708290082199133,-0.2420856557009828
13583,-0.193586952300617,-0.12854410622707582
13584,-0.5015600685098548,0.16324687162976473
13585,-1.200948376169833,0.26610899799842375
13586,-0.41537271747907767,1.3362287448489192
13587,-1.1186530424492764,0.22666525217219052
13588,3.185433188230279,0.8378783277699823
13589,-0.035183800099135645,-0.1580540107125581
13590,-1.1725937533942508,0.3035710893547354
13591,-0.9170941276835456,0.1184529831485637
13592,1.2506862703616342,0.275762170368759
13593,0.5960618335501422,-0.25976140350094784
13594,0.8063078659848434,-0.006056856213143858
13595,0.16313906426742997,-0.07341565400487242
13596,-0.2658487996066017,-0.33573018466739185
13597,-0.07968467128083125,-0.16483993885955933
13598,-0.05263492295638094,-0.5491117119012473
13599,-1.1439323300075614,0.23529376671039232
13600,0.1264225569673434,-0.14883931394087863
13601,-0.015685691681492607,-0.44813867297145515
13602,-0.36530835149453594,-0.31489730232728197
13603,-0.7895127869853138,-0.13582853650224233
13604,-0.7560306988138819,0.6200461376139069
13605,-0.0034792614083894546,0.28374468763674665
13606,-0.828857651152098,0.28394042149894966
13607,1.08221588430277,0.06531349645335703
13608,-0.4498808733904577,-0.1808933615914615
13609,1.4139737912116976,0.5050312051096575
13610,-0.21933193752700741,-0.039412510863717436
13611,-0.187672807221079,-0.2903311726014493
13612,-0.9027937293836397,-0.20501364490673363
13613,-1.3813073920119872,1.2242486020572279
13614,1.9906625053291065,1.944540183039998
13615,1.0355839433363092,0.392648292920024
13616,0.13234461352164828,0.18765478503398503
13617,0.008647066982763818,-0.24715093565610072
13618,-0.10799677347847329,0.22753691234648066
13619,-0.4172927515327225,-0.06324454864660259
13620,1.8351031325484755,0.43677007259640555
13621,-0.43965163755654957,0.09865089818155334
13622,0.15671020269838423,-0.49561855303846836
13623,0.33487433415369744,-0.10279583672245264
13624,0.47852115417470414,-0.05792325024020999
13625,-0.39211193442734016,-0.1318015243078934
13626,0.31766769661123845,-0.4357273012449346
13627,-0.6491065388742157,-0.17433834193406522
13628,0.15563274231461363,0.15230765201212795
13629,0.15540404777828368,-0.24782230879840825
13630,0.573314717918719,-0.3871270172316719
13631,-0.49017076600777193,0.42385858212744104
13632,0.4205174838615774,-0.14879001114901275
13633,0.5775946386266979,-0.37244530991980185
13634,-0.08829859525368201,-0.5271092384784827
13635,0.3736713835974924,-0.04122475902876898
13636,-0.08051328201403131,0.06960415282694632
13637,-0.6004280852424496,-0.1317502306925154
13638,-0.38115080873237905,-0.3769041217743297
13639,0.5984498589902425,-0.19454914393146658
13640,1.0553201586665637,0.29769903240247386
13641,0.5678454122967999,0.38618788245237196
13642,0.3890255178630769,0.8301080784996835
13643,-0.3917440518683754,0.9526822274536799
13644,-0.5204954216729171,0.29321489696674025
13645,0.2000347129369288,-0.1314497733618207
13646,-0.7860116426301296,-0.2411742423183547
13647,0.006643802197373306,-0.3871244742036983
13648,0.01917741393936181,-0.5320288256332821
13649,0.9429781548926225,-0.363032369074218
13650,0.0980069433039353,-0.3955386380347671
13651,-0.92799986416198,-0.05402712972249
13652,-0.6403160668029245,-0.27332103694225873
13653,-1.9726964786834023,1.360685410457213
13654,2.3496107320988533,0.27705534047006536
13655,0.7903057427062841,0.6061267940012298
13656,-0.6412627570022269,-0.1619423124694175
13657,1.1430443399334929,0.0074315171921421185
13658,-0.517623550977346,-0.20410212496667066
13659,-2.3011348193820633,0.12988851584093036
13660,0.8019219314373132,0.08260038267136327
13661,-1.1375936713263541,1.5989361492684357
13662,-2.3601951453768333,3.8061658481765273
13663,-0.5965651846088802,2.2118957861750026
13664,2.0045189446755485,1.7428295137027994
13665,1.860700565389963,2.8608102691192205
13666,-0.07754070646536514,-0.011381798132850335
13667,3.3320736125605235,2.121744646044693
13668,1.5789631026744604,3.090883020269889
13669,-1.2752782034819585,0.8773900536494907
13670,-1.7911322127825398,0.8773209717760758
13671,1.9253879439947992,0.5814787049329782
13672,2.02758847603026,1.0152466958910151
13673,-0.921368501140994,0.009920318537404632
13674,-0.43021563026247256,0.2775486734843285
13675,0.5146608903913953,-0.0005161018396958667
13676,-0.4326983117951132,-0.32963705752376393
13677,2.8706485599068565,0.9483241744155773
13678,-0.36181000443821953,0.9943220880221381
13679,-2.2041371403875707,0.4323026077344882
13680,-1.0605343107505187,0.9912826417533926
13681,1.2060579979786485,0.19505640936146737
13682,0.1485496658314358,-0.2395895518253561
13683,1.85472571313212,0.20926498359022974
13684,1.291376283037002,0.7904490979736676
13685,-0.05551902787703412,-0.08781232760845556
13686,1.2921614890327886,0.48175363229981805
13687,-0.6442792834784961,-0.15292907489481794
13688,0.034921918578715176,-0.3830883632161365
13689,0.19121950308524707,-0.30844962214439386
13690,0.24167386275624753,-0.2046973829070772
13691,0.09770137480271344,-0.22512436242490685
13692,-1.5076033952550771,0.3855864992590318
13693,1.3730157983893816,-0.09269840340348352
13694,-0.129373248501977,-0.38537954891754433
13695,-0.16861507915901186,-0.1059056368670697
13696,0.1398083238736483,-0.42186374807863886
13697,0.3384370869553108,-0.372917357007742
13698,0.33053133707868343,-0.13062749283995712
13699,-0.7772699650270173,-0.3737825078821811
13700,-0.3843451157696575,-0.4598546124389981
13701,0.3635837509283587,-0.4230459111586793
13702,-0.3358931052855341,-0.4547762645923573
13703,-0.69295236701843,-0.31012900371052876
13704,-0.04654047576549487,0.04347938141491997
13705,1.261425980093981,-0.138564399007724
13706,-0.2679753270498679,-0.35613196019069027
13707,-0.4232213402168351,-0.36467332182858736
13708,-0.2768112095925672,-0.5046728432123975
13709,1.041561155713369,-0.31187977218116136
13710,1.8896716146948598,0.342911407829058
13711,-2.8797151612015726,0.29633685987523156
13712,-0.9499248681642305,0.6850221116937247
13713,-0.3483573150687003,-0.16632509725974198
13714,0.517719582720943,-0.33140171802627955
13715,1.877165879148754,0.6593500787259434
13716,-0.8757765534550451,-0.1802372307296432
13717,0.020728210374125835,-0.3957808386109881
13718,-0.9610663227602205,-0.2089124211170466
13719,-0.4687667294363154,-0.4886487837809922
13720,0.04977503742947671,-0.4671578630354108
13721,0.5448351802555707,-0.438661313678643
13722,-0.390985663064195,-0.26044296873844075
13723,-0.632588755756826,-0.03259794498199454
13724,0.16116620053429873,-0.15933416286446578
13725,0.6064103260374185,-0.40441651003077117
13726,0.4806012396390172,-0.4281917845766792
13727,-1.6596629526193758,0.10511326080666689
13728,-0.1371002123915659,-0.37204551652696644
13729,0.6285780065817371,-0.4672973058879759
13730,-0.27249459873118953,-0.09948558671678623
13731,-0.7530254801238095,-0.3436025591432829
13732,0.027984816590549744,0.21541846674198883
13733,0.7382991399584234,-0.08991039051955502
13734,0.15106292029185295,-0.605951863169371
13735,0.06312522737216122,-0.39769952990654184
13736,-1.0411931084432036,-0.2902054737513634
13737,0.07217650398895045,-0.38641152673199974
13738,-0.7982040107799393,-0.2872409873767777
13739,-0.6963184707991529,0.43540625828580815
13740,-0.18759520033385926,0.3466778660492845
13741,1.0601179469562476,1.1093556072884505
13742,-1.0774830567184375,-0.24353008375644117
13743,0.12713483031708023,-0.5102046399670865
13744,0.15533371141651842,-0.45272630439354905
13745,-0.08764315883437492,-0.5234777850055639
13746,-0.3852586458421896,-0.47180867008248867
13747,0.6949161754748769,-0.440941844749319
13748,-0.09364981315495205,-0.480793201961454
13749,-0.5931171782299722,-0.253450279273657
13750,-0.5723606805919439,0.09898184691401711
13751,-0.2031393009080741,-0.49045992775614833
13752,0.14871585984491242,-0.13306288931364837
13753,0.13925286667261683,-0.22771653176341278
13754,-0.8730028146381834,-0.12242802022258426
13755,0.4577150054378055,-0.19609787243044802
13756,0.9076637080686498,-0.3518485877317865
13757,1.1152917061428615,0.39435391973044054
13758,-0.8543424407609551,0.07030068154480096
13759,1.7173406418422028,0.3834028026600723
13760,0.7302948170448705,0.07380536054509007
13761,-3.3275555179330762,1.2443121695684713
13762,0.16228992777615678,-0.3816577770900002
13763,-2.5512224777903505,0.7334523824300976
13764,1.3706976928493202,0.9283079471497793
13765,0.009872068279739202,0.007927109467891854
13766,-1.1913665217660296,0.019908628986078702
13767,0.687075091444572,-0.1245543612733702
13768,-0.5142442724127965,-0.0588907606071366
13769,-0.44297862138706634,0.15946869161257346
13770,-0.8724715362924149,0.18560728266022977
13771,-0.5719254486249244,0.8470829402055053
13772,0.11975728898028896,-0.43979642919709605
13773,1.1712759431227413,-0.33124713128444905
13774,-0.1374378945532253,-0.4871332854342281
13775,-0.08582826712647944,-0.4364729993162018
13776,0.9329254598497217,-0.12190864338366651
13777,-0.6398767302803262,-0.4450972117766435
13778,1.3376545842271326,0.023490692466586048
13779,-0.25575982616421017,-0.48408209011503706
13780,-1.5169961736030795,0.04099734372359318
13781,-0.8307753082445659,0.25402355882824246
13782,0.2062933588148619,-0.23045909573551704
13783,0.24899149172792284,-0.5267237344501173
13784,0.2793075171753645,-0.4693020533620399
13785,-0.07296812631244137,0.011459482659039661
13786,0.7808301533282538,-0.10940874266284904
13787,0.3576931380774293,-0.3745700686387435
13788,0.22992791882564073,-0.5390584641234198
13789,-0.2984442687262092,-0.4128204608849472
13790,0.3764613119688277,-0.4875034379505434
13791,0.4151763496918452,-0.45736667090373645
13792,-0.0036383558425063358,-0.3942094925088139
13793,-0.9535455289660694,-0.3427354351571457
13794,0.27688240152412935,-0.5814342875456808
13795,-0.9333515620770987,-0.3129776404426336
13796,0.38279560768568077,-0.40004740889734225
13797,-1.1805012785372604,-0.25953214336342956
13798,0.9246029559484615,-0.44576797783785266
13799,1.0108774630744892,-0.3133753814630445
13800,0.2067483780228308,-0.39381712859559137
13801,0.08193207383573982,-0.2085751618839833
13802,-0.5869272274104214,-0.5209957859495726
13803,-1.3301168174244082,-0.24048796232590702
13804,1.4702195961826634,-0.09180068969565211
13805,0.549529882887896,-0.4402292199441977
13806,-0.0032282338090362443,-0.26308395613127755
13807,1.6520194453087607,0.5929843120250411
13808,1.40320290291666,1.08549490550657
13809,-0.9925256782923726,-0.05685781625427027
13810,-0.465042263416088,-0.25962923021191825
13811,0.5862371769076488,-0.39769197178494103
13812,-1.243935593879698,-0.34944156828979767
13813,-0.990546376231303,-0.2346183508814851
13814,-0.11842637969702516,-0.3497231770845385
13815,1.476599078216086,-0.36649091169083287
13816,0.3755469535211293,-0.11619388811161425
13817,-0.021956528096581468,-0.5082390242478225
13818,-0.725783665402013,-0.35644801876087867
13819,0.5857260304491493,-0.2334495255912966
13820,-0.3668060380330073,-0.4534767307448571
13821,0.25791114540246335,-0.41392510380055575
13822,0.5467465974440472,-0.2824216366014862
13823,0.15085333422797792,-0.04680523299072702
13824,-0.17616289041363484,-0.43464158074728887
13825,-1.7066497334182325,0.1990871248650541
13826,0.3565783466188907,-0.17901968399759613
13827,0.863149979777354,-0.31464618097511854
13828,0.7564256434480826,-0.04336556001995861
13829,-0.21941630017106134,-0.2953760533323496
13830,-0.17832235539398547,-0.18572313432270487
13831,0.904273280263402,-0.085282804291485
13832,-0.09585665234749996,-0.3432710730050952
13833,-0.5857688983668776,-0.3723948122032708
13834,-0.5815739202234798,-0.23556936826052857
13835,-0.5048870143257037,-0.20197899353262858
13836,-0.0034419446955511455,-0.18115165533578373
13837,-0.3887103685025037,0.4219998050203172
13838,0.5256540560996057,-0.21728731799069326
13839,-1.218352843547254,-0.27377685499550486
13840,-0.33873217569212066,-0.35395651873404993
13841,-0.5920121769519604,0.15003648732662847
13842,-0.06065739098141253,-0.25640599588196156
13843,-1.134776002164846,0.6191599820624291
13844,-0.17008084574637464,-0.0680688669401682
13845,-0.019466929151308862,-0.15933148279274387
13846,-0.0375443593124194,-0.049423895768795585
13847,-1.335203871220809,1.8082065566850654
13848,-0.3504350196135473,0.17546622994896496
13849,0.42408378987975676,2.6064714078114424
13850,0.2510730975844131,1.6810850267142752
13851,0.05329366846858623,0.12402800170691526
13852,-0.10927029132804321,0.07427543851331987
13853,2.2768583829079545,2.2049734716946423
13854,-0.507262452400255,1.7097983627094313
13855,17.744125875524855,17.264877949494252
13856,-0.05141791728364731,14.499781888905751
13857,1.9038647107532387,7.732787896213816
13858,0.8460769270285283,4.552660357246129
13859,2.5559926737303775,4.807423412429156
13860,0.5928372102009266,2.7249026835995793
13861,0.7723049665318601,2.175795026466777
13862,-2.3531682986033235,2.6137971661217163
13863,2.9907180762612016,5.293957785850342
13864,-0.7041972980992073,2.91980621456643
13865,0.3338223743549827,2.0775017672544407
13866,-1.1048565161790709,1.777938301512221
13867,3.09356330402238,2.3869245220076807
13868,0.9328681656654366,3.5057100830754284
13869,-0.9789256345903721,2.859668228105258
13870,0.03890720503332577,0.47352550842311886
13871,0.9043185814431376,0.5403552872994031
13872,-1.9234905154260864,1.9784814955524341
13873,1.092706308228496,0.06404993963326527
13874,-0.5216608978911585,-0.14475465114335173
13875,0.6658885791982785,-0.016655914274165236
13876,0.026984851002365726,-0.08726348507054232
13877,0.18948950583861676,0.26854480189800206
13878,-0.2816521791937716,1.1591155523154206
13879,0.5593137068779486,0.519592698713462
13880,0.2169751899724902,-0.015735501661248315
13881,0.00011096958931673755,-0.18594665376947137
13882,0.38719431148023,0.40155817662671967
13883,-0.153042647789615,1.5038104436011444
13884,0.4781132129770396,-0.0867304371833351
13885,0.22725904319307536,0.28080230596368627
13886,-0.16211626597056233,-0.2101651402340955
13887,-1.0923274016577622,1.0716449152806495
13888,-0.3508646167850599,0.29159054857598543
13889,-0.036733578036322344,-0.006501877895652462
13890,0.09774548556170401,-0.11877533992439035
13891,-0.34792906217222624,-0.13396060200762797
13892,0.7728676803946212,-0.2509181493131924
13893,0.5845606174777944,0.04935599993722383
13894,0.09742189600894903,-0.35791288001302285
13895,-1.2149663172229288,0.9495018603169713
13896,0.5756726965001395,-0.2140855690137316
13897,-0.8015255011126508,-0.03471341017131662
13898,-0.23024053478693077,-0.20206567442812282
13899,-0.2868984403332273,-0.04348333835181388
13900,-1.4476986146777775,0.9034371861654164
13901,-1.0067651660035752,0.7294806369077649
13902,1.7931376538607517,0.06059689289814915
13903,-0.8561533226727164,0.2663857920593842
13904,-2.262473140564556,1.5867575600352344
13905,-0.24769537455541568,2.810595582408059
13906,0.8463360993376596,0.46343070305995354
13907,0.26662395795415317,0.2283479071360771
13908,-0.3205726683536281,0.38022110450036223
13909,-1.313388732097391,-0.18715030706841987
13910,0.5372011835427452,-0.3428315258350594
13911,1.2055789739894822,0.0636794053841692
13912,0.09810431629838444,0.2486723388010864
13913,1.2478925155589131,0.7976774340396203
13914,0.3516560917819273,0.2430805334710032
13915,0.07900025840277576,0.3013553911023674
13916,0.7315737874462723,0.04443499408394445
13917,0.8329432863104127,2.2438277941533507
13918,-0.29072910188350215,0.6584426395577969
13919,-0.6517269082259622,-0.12675450962719043
13920,-0.03061962987729432,0.108527680936446
13921,0.1930418088324985,-0.17962172729785675
13922,0.2320431884561699,0.015834777430063344
13923,0.655940287162827,-0.12109608239476553
13924,-1.0275046899540257,-0.13557648336967376
13925,0.3233979808822909,0.07647317234857971
13926,-0.4860529596464959,-0.21381642788824062
13927,0.17593510142574145,-0.274868614951668
13928,-0.9699959984196362,0.6516602247864199
13929,1.0489437694758836,-0.0734437160192605
13930,-0.22291849286279256,-0.14588894010441503
13931,-0.4068700394464381,-0.15286705222391184
13932,-0.3092730063364461,-0.31418892944459237
13933,0.7309556321861196,-0.014086505366073414
13934,0.08146638600547629,-0.309350512806951
13935,-0.9272185257624406,0.07254131184640715
13936,-0.2663065258762063,-0.0803860458932858
13937,-0.36101879914436,-0.18394776768114915
13938,-0.2007824169049002,-0.4164159797776329
13939,0.6538353544999717,-0.29168614129117887
13940,-0.38568648693162433,-0.4288143481030122
13941,0.04195996728223885,-0.222578745285299
13942,-0.35050004468201446,-0.3721599560307994
13943,0.6012351890170925,0.2887819472829737
13944,0.03352297123753058,0.0705187448123986
13945,0.3036326296066554,-0.3923594381881103
13946,-0.6928004359232454,-0.31435590115928164
13947,-0.07269721075600069,-0.2784742377253913
13948,-0.6414721418573821,-0.007988114345687575
13949,-0.4917539336155315,1.0247812620844323
13950,0.19512501641067714,0.2577532138333282
13951,0.06005258877723135,-0.05544561992400082
13952,1.0042724056610324,0.6360307180688237
13953,-1.1757411633075838,-0.10341963389512786
13954,-0.2092097038270916,-0.3399119639942221
13955,0.2700211488014657,-0.05991124787152269
13956,0.4878076287721915,-0.13547633992069927
13957,-0.35612068389587664,-0.44739919210846674
13958,-0.09913861217006031,-0.45604702063235975
13959,-0.453142532045199,-0.3539506196575842
13960,0.2913126028113905,-0.36708667022536695
13961,-0.4228069724841392,-0.2803366295103762
13962,1.0219844809257896,-0.20619187926873683
13963,0.20078704109973336,-0.41127364248419346
13964,-0.5708435517522645,-0.10962902048848439
13965,0.3277369219740604,-0.25331426731310275
13966,-0.08880790826660391,-0.5093080809700917
13967,0.3804939797635797,-0.41301426692164883
13968,-0.21118213094019198,-0.5347515290478
13969,0.3989736014787727,-0.603711219508999
13970,-0.0903758186915511,-0.5524466187134908
13971,-0.04351884549742622,-0.47345118549704507
13972,0.09622524445420616,-0.5375740049432287
13973,0.10310807839395313,-0.5375429949457806
13974,0.227872641246941,-0.5748483295291862
13975,-0.44684112816188604,-0.3580782030032594
13976,0.2731316952294744,-0.5645381520948793
13977,-0.4136815169090225,-0.23442021009054756
13978,0.5251047533379303,-0.39342790350709916
13979,-0.7618596347652022,0.08334474198184413
13980,-0.3479581715856544,-0.2127515657806375
13981,-0.03487697658926487,-0.4009477077614967
13982,0.00813422858222052,-0.4177543764396113
13983,0.5329792452169253,-0.38074962704596804
13984,-0.08984505212345394,-0.6303669347311633
13985,0.19263556369788554,-0.5413554366779745
13986,0.739441217853334,-0.408480073188138
13987,0.04417207639682293,-0.3251713596661373
13988,0.16855603860809468,-0.4288051891305094
13989,-0.21413624013713523,-0.5616669527132727
13990,0.26997725086057595,-0.349970424520531
13991,0.12633254039572417,-0.34910532342995393
13992,0.2602472339337752,-0.14261721485685103
13993,0.6628391621366998,-0.3339288367229517
13994,-0.44133207989929324,-0.23480520607961733
13995,-0.2813047899842067,-0.2517498346952953
13996,-0.4848397499039816,-0.3449632323432516
13997,1.0520436749475346,-0.20535789824532677
13998,-0.3601818381181644,-0.1750506657851141
13999,0.16935463117613975,-0.2555389478035859
14000,0.3572314350201502,-0.39627007202327186
14001,-1.296180530627124,-0.026039339961551437
14002,-0.8575406777850588,0.055938117646882474
14003,-0.1854126595679078,-0.06850614209612496
14004,-0.4456831089669406,-0.3662579971570908
14005,0.2771449569886547,-0.30636180527150614
14006,0.621669204986316,-0.24536280838930458
14007,0.3046198907562697,-0.1633324877805326
14008,-0.08960399709229329,-0.35115594860180827
14009,-0.5631402473072368,-0.3828380284055305
14010,0.6847835858998795,-0.260483968026826
14011,-0.3344722701534646,-0.33074407553257457
14012,-0.24777735744355783,-0.3697419268622128
14013,-0.2730832481553911,-0.29101190090208784
14014,-0.3052060105415753,-0.15239537493351896
14015,-0.4472579298347201,-0.3613579316367167
14016,-0.23652326752950567,0.13480883966687096
14017,-0.2507077203134102,0.4217557755657924
14018,-0.8883945148363698,-0.14750209228467884
14019,0.8154228041077376,-0.12769661687012268
14020,0.29509456792779526,-0.298981906242405
14021,-0.38113438156126944,-0.2142266012525589
14022,-0.6031894032543172,-0.37944825785131164
14023,0.6093194564673302,0.336362508988403
14024,-0.2518065028178874,-0.31830182082889963
14025,-0.18597015285522123,-0.3246267910270859
14026,0.22265810470256486,-0.3061251253237171
14027,-0.7456120747348314,-0.21392804022138143
14028,0.4359998151006635,-0.4737183387733879
14029,0.5839944150239628,-0.36263682635399624
14030,-0.6057547954579221,0.22896039471529284
14031,-0.6583810904860105,0.2839460373484208
14032,-0.45484188261490416,0.3232321734310362
14033,-0.2010551937473696,0.46000210797063035
14034,-0.2858492868494775,-0.1910307252980909
14035,-0.346102965954467,0.31609099234921983
14036,0.1181162671862851,-0.2299611051356133
14037,-0.19980910377164812,-0.11444124796901621
14038,0.4748119703231837,-0.4759791363722329
14039,0.4031152854813971,-0.28558440201818674
14040,-0.27014219153924995,-0.45314660396311274
14041,-0.06182248214975864,-0.4072935647460457
14042,0.2746873776825531,-0.5819025203962334
14043,0.1337358829181572,-0.26535177996923065
14044,0.27912043759134836,-0.05886333417371783
14045,-0.27955096748299185,0.30563583934851296
14046,-0.3281134322711203,-0.31104599382591824
14047,-0.46140656735683266,0.3349286908459713
14048,0.6672932626423208,0.24860035239781036
14049,-0.11416341608459415,-0.27757922531229273
14050,1.173135079834661,0.33336513671715307
14051,1.1699216592931543,0.24005890961022072
14052,-0.028783182262466726,1.261913056373338
14053,-0.4060314513362758,0.7960948552461369
14054,-1.0388148168661915,0.27120227789802526
14055,0.6845450484580679,0.8269944322337595
14056,-0.6913123244231448,-0.09002662436788979
14057,0.7624807626594599,-0.3202812803217045
14058,0.07222430712590289,-0.18679817129760842
14059,2.014895960416337,0.7725151759112454
14060,-0.5680387704661203,-0.11887077823783761
14061,2.079525620740819,1.6872915033304765
14062,-0.4237352315553567,1.4265845479474666
14063,1.6558304931451304,0.989849033660512
14064,1.245383037332109,1.4279069298472644
14065,1.1866025251814285,4.236320162603298
14066,-0.3525183374690438,1.7587029016225355
14067,-0.02964117124406182,1.0185669568010463
14068,0.4642051138405003,0.3350703794685748
14069,-6.867013903263022,15.094156527230744
14070,-2.110984686333607,6.7958808252885365
14071,-2.653330734530265,7.156203996564907
14072,2.7374694937027364,3.306345908221334
14073,0.6498981060675121,1.169950346994874
14074,-1.3323140844650778,0.5249983222323178
14075,-0.16299225961490815,1.8175474519708552
14076,0.2953904840055911,0.21239563636615913
14077,1.145659616962167,0.7594391283645604
14078,0.008852891664517814,-0.3061612713888897
14079,-0.5376810834354447,1.055208420910269
14080,-1.6849259018625724,0.5709294542293888
14081,2.597652477725358,0.5057764450552451
14082,0.7454138420681773,-0.13725631035395064
14083,0.29924332303159606,0.2748347962110158
14084,0.3235490097463395,-0.334192240284828
14085,-0.008466825354332746,-0.5482326832849198
14086,-0.6704833784178191,0.25007177849746876
14087,0.5782109386367105,-0.24466849456734197
14088,-1.5154542167145508,-0.002147362229390627
14089,-3.7790686304475587,2.885377461344216
14090,1.3749700657732442,0.9315999118679243
14091,0.8950547709219304,-0.18066777142188672
14092,1.2413983685496104,1.2997835530238375
14093,-1.386043298710811,-0.13142681641560208
14094,1.3171242375206156,0.11038848822139297
14095,1.702935766356007,0.1179750212013995
14096,0.451864990415384,0.9780015668813565
14097,-0.272654175362004,-0.09064954809855788
14098,0.5860047677011455,-0.3705859094785328
14099,-0.2519861687641382,-0.21558038919247824
14100,-0.4559912901438462,0.16065615267700867
14101,0.10323240542042303,-0.35227510732270645
14102,-1.549727831005707,0.3313650715758532
14103,-0.7376400952041275,0.7030990125181792
14104,-0.13242944205327944,0.7744047650581524
14105,-0.05101935363608542,-0.16719397005304962
14106,-0.0933992059144913,-0.19246405366735242
14107,-0.9912641210182827,0.040730768731267124
14108,0.38817967499229605,0.6363597882974478
14109,-0.3159563117262765,0.29041987510912004
14110,-1.5561721252347698,1.2153046497219726
14111,-0.39385815906047644,0.2188612719614505
14112,-0.30800656231612167,1.0429970201411662
14113,-1.3790221493475423,1.4910261486364285
14114,-1.168735366814643,2.0415977955326765
14115,1.0252245911684665,1.3397285990076835
14116,-1.1697536638049346,0.5510263211323881
14117,-0.32186989392111826,2.7420828495794325
14118,-1.7307271008316898,2.4858785692394805
14119,0.10908634607758469,2.5868835457313617
14120,0.4980271816073868,1.1809594377699566
14121,-0.368790536202017,1.1661110809662794
14122,-0.045618388595487155,-0.07747247170264393
14123,-0.6327221043066293,-0.17029971678545933
14124,-0.22748866495583467,0.13165328495327006
14125,0.8772910196596085,0.06567847959625837
14126,0.5447819375949082,-0.06550086915619124
14127,-0.9098139127796027,0.8514764261772139
14128,-2.4912610437086964,3.127985234501064
14129,-0.1506743177047857,1.1982225233845893
14130,-0.05212564179175269,0.9613489898521332
14131,0.3243339784551825,-0.1448847121190029
14132,-0.12974560165959992,0.17933158418565656
14133,0.43412379935166584,0.45576296296746904
14134,0.730292215414878,-0.036058367956527164
14135,0.26697066734409897,0.06271159129891146
14136,1.2643125394426031,0.5283442250207729
14137,-0.013445158711695717,0.36480030247180273
14138,0.4260992351916576,0.4227510916175951
14139,-0.9343369385148174,0.39292594444148976
14140,0.5645621984020223,0.6035464930248111
14141,-2.3233335894197156,2.1907419778601223
14142,1.5586033739235898,1.4953630922059133
14143,1.4056784909338331,1.4207903542322042
14144,-0.08636087410345347,1.2635479101406986
14145,-0.05242311693422504,0.8889318906551061
14146,1.2320435746409353,-0.03678336150679761
14147,-1.3837236313042913,0.5677523284273596
14148,0.8076970859569442,0.35878742820752707
14149,-0.5495870555592425,0.2680843415109855
14150,-0.8202562639101667,-0.25462387526875696
14151,2.044587339089112,1.0044797224423132
14152,0.16173557733848984,0.4154807241681307
14153,0.41050070238741093,-0.18632089451927275
14154,-1.2312769108562842,-0.20606139661047393
14155,-0.5371026166459171,0.8804644123242508
14156,1.0926734467709358,0.11589903968554197
14157,-0.8899864597947824,-0.3537607943489281
14158,0.2901795571619434,-0.3375935203837331
14159,0.2517887231328977,-0.2897855889353645
14160,-0.09977558030237724,-0.3815410296350353
14161,-1.0696497086511256,0.11178528192556277
14162,0.2391247760564502,-0.6063711675838903
14163,-0.8506634858779972,0.31834285935751483
14164,-0.7829676371889402,1.8678701807693308
14165,-2.2053962546073658,2.2485607790518616
14166,-2.259029193433836,3.2453823323496396
14167,-1.9246739396731882,6.426745874187577
14168,0.636100505151428,1.6952058479143965
14169,-2.4888394587616056,7.755075747536295
14170,-2.4030008220352275,3.193366653454835
14171,0.04633557994238207,5.478677300767259
14172,0.21544980389055904,0.6972179457367303
14173,1.3783698988245214,1.7239802198594623
14174,-0.5939906495989365,0.5190261455928155
14175,0.6390498783964874,0.9021168775186794
14176,1.5214073832557604,0.017095277891398555
14177,1.303343424807224,0.9808866635494552
14178,-1.5596885760902923,0.25813908879308245
14179,-0.5268922325325023,0.7191535660075651
14180,-0.6165506917856172,0.4493767270590561
14181,1.092892347107419,-0.1897163852931028
14182,-0.24970038533594674,-0.36169871656735375
14183,-0.13393970725541504,1.2595096211836496
14184,0.10973523032667717,0.6910928999089582
14185,-2.1169492317995795,1.3192560485922535
14186,-0.16428259524495586,2.2663121626719627
14187,1.0704934691513732,0.6438066508656918
14188,1.9920423210390805,0.2806656773561167
14189,-0.13858845716194573,-0.23792601154652931
14190,1.0991783299767526,0.39116084874369295
14191,0.9551350891341847,-0.07823607307708874
14192,-0.7594004975992723,-0.1659743850427596
14193,-0.8552604806332283,-0.060811631431624706
14194,-0.07849401648451723,0.2837659824000473
14195,-0.7133801288837668,-0.34883201630189914
14196,0.7109885385792296,0.14203449830650386
14197,0.4778299206637366,-0.39667830259414977
14198,-0.35072524084172046,-0.5008491510653161
14199,1.323244513737003,-0.1906999570041317
14200,-0.045921298355940686,-0.053252854414964884
14201,0.1336987519895032,-0.39693107298704666
14202,0.20444102696046534,-0.42523794658704955
14203,0.4433170021451995,-0.3407220813834654
14204,-0.483500864281494,-0.2906474130452001
14205,0.6547195678954921,-0.30024799249548656
14206,-0.7743424738536007,-0.03776191146803551
14207,0.35221893909692925,-0.13596657756429287
14208,-1.289485194062594,0.5602497794452647
14209,0.07299063028930838,-0.11587023425379081
14210,-0.18913072736586373,-0.45778734193085496
14211,-0.38383871272667913,0.23662912972194686
14212,0.44306715785767564,-0.3752777476015523
14213,1.7661323226988839,0.5922183401250489
14214,-0.1679923142136865,0.06166312495168123
14215,0.0604491222750907,-0.28009428986404106
14216,-0.920208816672662,-0.2324973719500228
14217,0.26515283802009715,-0.3315172295836178
14218,-0.18710731904012312,-0.30606558268296685
14219,0.5122765018437917,-0.31819458193451416
14220,0.23663264720926228,-0.46852988343575597
14221,-1.3489831990943801,-0.11804074254766977
14222,0.5240811239272365,-0.1553385815921217
14223,0.6367976145790171,-0.019473093527926012
14224,-0.36944054546973737,-0.4544086214356725
14225,0.5838858584386675,-0.29038950147248366
14226,-0.6595394862780101,-0.3559485838872907
14227,-0.351963798768161,-0.10495965131696058
14228,-1.0538474489485974,-0.21472493000775938
14229,-0.4002498475955031,0.22630114144470134
14230,0.8034825786852693,-0.22647329894196835
14231,-1.211247887847324,-0.025147513437375014
14232,0.6282837319646976,-0.44330897418107845
14233,4.098449648997239,3.846014291474986
14234,-0.9682131081844757,2.645182996802372
14235,-0.9623858131477689,0.5139672148742378
14236,-0.4815683862780285,0.22672338735206077
14237,0.41172298374542327,2.1714834226048505
14238,0.3945151415285406,2.4126665254077806
14239,-0.8180614822909184,0.902857995723797
14240,1.747040896739486,1.0412299107180045
14241,0.6605673677355373,0.5165510290841719
14242,0.4141544159794659,1.2798808139196127
14243,-0.4881970994739776,0.5530563199956994
14244,-0.2048602199016154,0.634363962681301
14245,-1.7933156090229827,1.2406198068543048
14246,0.43393403839491207,-0.3209376794620083
14247,-0.3249509440611671,0.11953600016241422
14248,1.2244177475676987,0.08603380766597217
14249,0.5108662152024936,0.05857255575163184
14250,1.2753253914773952,0.35357470793180484
14251,-0.8996160741043806,0.05798189986651094
14252,-0.034580309744579825,-0.36760110717183714
14253,-1.1961430783256441,-0.01508070065711876
14254,1.2885536612762123,-0.10857699396508534
14255,0.3260297544451896,-0.33687984091369805
14256,1.1130068139881337,-0.1609412780180394
14257,1.088350035460413,0.20971026251625166
14258,-0.48928849742743763,-0.1402236885147148
14259,-0.11509551217321681,-0.3075910889153425
14260,1.8422882483651835,0.14610143883572982
14261,-0.48688609763658014,0.5396706005530693
14262,1.51217598454154,0.7171030897149643
14263,0.3198345640284739,0.408304594970524
14264,-0.10474954363345587,0.09140281215399426
14265,-0.812539544380978,0.09808473711078806
14266,0.5475888466447103,0.3294538688793336
14267,-0.919588271779815,-0.03764214765056683
14268,0.019319353749239997,-0.3082884934136619
14269,0.16473822625904996,-0.5401372608380263
14270,1.1302760874642,-0.10315426750450568
14271,0.299421289937698,0.03728013292075716
14272,-0.7297117385464333,-0.3256019890765272
14273,-0.1754541376021506,-0.29668346017310565
14274,0.9708807510591965,-0.34120713838669503
14275,1.3181634424187496,0.3206488869590897
14276,-1.1521596420036728,-0.1506566500395959
14277,-0.2213415675958562,-0.38880102816097073
14278,-0.5535468131645781,-0.5785388076500952
14279,-0.41367212489834265,-0.3876645516702802
14280,-0.13963737538494644,-0.4254059572025108
14281,-0.12391516856580626,-0.4821709577168435
14282,-0.8478735701308555,-0.04917316492329421
14283,0.07559115132596486,-0.14161805386120702
14284,-0.34826932491274976,-0.469461685032247
14285,-0.32610546454844547,-0.5025926717541394
14286,1.0283350703644933,-0.15357559548430713
14287,-0.8310199645822266,-0.39362037664594135
14288,0.8339092018064841,0.11362325575411869
14289,0.5545523834785786,-0.2590992251549423
14290,-0.7643223613537367,-0.36627064597555337
14291,-0.43205670669318763,-0.3916125066225094
14292,-0.4861341677351436,-0.15324278948374317
14293,0.7809104944500841,-0.27662332904214076
14294,1.7029457995034014,0.8816036679311539
14295,0.906210838529235,1.063578160684778
14296,-0.5219572955723267,0.2734542483747805
14297,0.6247105427823526,-0.4090598679133348
14298,0.14311517934418633,-0.3226251251832558
14299,0.0206484328047525,-0.3448469512754966
14300,-0.856817571015464,-0.3866076650426292
14301,-0.12240627607107822,-0.2515266194805705
14302,-0.3005268999619922,-0.5675757469366687
14303,-0.4163271487325935,-0.32449521111645835
14304,0.09358636836151693,-0.47044640503661683
14305,-0.31641808960768375,-0.49028039486286235
14306,-0.4736918128285687,-0.41432524365565654
14307,-0.16049239921293953,-0.07648208546682962
14308,-0.8567574133653075,-0.008460575373776109
14309,-0.29705155342532497,-0.16444088887097905
14310,0.1265764411076825,-0.09315193232302191
14311,-0.03823016644314581,-0.4487615351278373
14312,-0.48606392330731624,-0.11547327242225083
14313,-0.18298316652026758,-0.276981833242252
14314,1.2450097840220484,0.21912380009649288
14315,0.34251296375783546,0.08084574901263045
14316,0.5715927430265745,-0.17065610243274792
14317,-0.3597060825080145,-0.20105212965886277
14318,-0.304056893009258,-0.5274370818277494
14319,0.6832909744093011,-0.3526520070926893
14320,-0.21523542395595358,0.10593560914947599
14321,-0.5341673999475032,-0.4642016245833714
14322,-0.18795418028795507,-0.5004031975326849
14323,0.8712273569397517,-0.13551759425823737
14324,-0.32936182588479435,-0.4801830419056049
14325,0.17557147829707445,-0.4227397560140364
14326,0.36267244518309943,-0.5227397633383827
14327,-0.11977174835544568,0.07033080723646751
14328,-0.8525060345623742,-0.4316678015077601
14329,-0.4163053727290666,-0.46589463708986384
14330,1.3276442081614683,-0.19375511063335515
14331,-0.8669111100633563,0.09075855977166197
14332,0.6184251028842733,-0.5176343616777754
14333,0.9683303390296157,1.7064480263589537
14334,-0.4933899693669164,0.5943540435886182
14335,0.6139131400424988,0.3170893781454517
14336,1.6545312849048324,0.66438254401809
14337,-0.2242581690894748,2.3466878408510223
14338,-0.5237802163608457,0.6004636476531481
14339,0.9372953476350834,0.027128967491069335
14340,-1.0030583382746845,0.7410985797211298
14341,-0.0382209518279343,0.3204324477622317
14342,0.6736005371610929,0.12429870432391789
14343,-0.5820181130537648,-0.3201464352183158
14344,-0.4172530261160302,0.3025120305096806
14345,-0.05584136531005481,-0.01839314626309424
14346,0.9119560483996275,-0.14393479169372825
14347,-0.7131022461118358,-0.4129676296955919
14348,1.1157949478312579,-0.003962646438334247
14349,0.20608539779420718,-0.07950029780381346
14350,0.23287126754852003,-0.33562643451632346
14351,0.5128761416530736,-0.41225702826780763
14352,-0.1400212708435256,0.13493825286581382
14353,-0.5827115170953813,-0.12533068294254682
14354,-1.5612620092308365,-0.15578488695616907
14355,-1.6813024640298782,0.6430229535509518
14356,1.0853149387203884,0.12424024116655728
14357,0.2743274574078193,-0.373662420751837
14358,-0.35528974022253074,-0.30000207356497355
14359,-0.6199251548299128,0.30856928820944185
14360,0.9121783541408276,9.283168689678934
14361,0.9520808309416309,1.3354104231388646
14362,0.17046049883610287,0.07758291787420891
14363,-0.912008485510393,0.24075261779322685
14364,-0.9561004126552843,-0.0033958222502106757
14365,-0.6151292643437933,0.0006941517065210931
14366,-0.8551396220577949,0.3811572368676233
14367,-1.7972725250781425,0.8556026110049928
14368,0.41698792541433716,-0.22379998594357936
14369,1.9517374766049962,0.008418561331627033
14370,-1.0811034121798695,-0.15315292411242315
14371,-0.08688246554940104,-0.46783804906542814
14372,0.04978267340810534,-0.445065575506567
14373,-1.1694825776660736,-0.23050067534317167
14374,0.34892101748784504,-0.23480650026655833
14375,1.157584030440224,-0.06545928390718499
14376,-1.506471486352866,-0.027827485368637092
14377,0.28542967344990616,-0.13229304628150518
14378,0.2830356752811726,-0.28949252602674014
14379,0.8060349980927539,-0.306336064817056
14380,-0.1879855888358788,-0.47991765991233154
14381,0.6114625477390891,-0.3274947044943369
14382,0.27974911672958963,-0.43489843797676647
14383,-0.43790345167323463,-0.4575029597598514
14384,0.8476646328889388,-0.3166211227516976
14385,-0.6800567125497656,-0.43825979942683974
14386,-0.1833087904366997,-0.3943534501690699
14387,1.4117532737615806,-0.11326404323722042
14388,0.1217194328656279,-0.32775708140734977
14389,0.0331567627337302,-0.43620032372080225
14390,0.38931274707076713,-0.4730984232514903
14391,0.7197977055075185,-0.1800493080175896
14392,0.278403351483027,-0.2663698034715514
14393,1.2167761312999206,0.44186274818864146
14394,1.2700872163142998,2.1250738160045843
14395,0.07488927149737472,1.3700961555212736
14396,-0.3864304306836261,0.8334393876758804
14397,-0.2797604400577759,-0.3170491250055463
14398,0.2729323997230853,-0.06709697931536286
14399,-0.15494072969906333,-0.33129241437142976
14400,0.8332909133727425,-0.39868456864336416
14401,0.13216218001425017,-0.38719875486565214
14402,0.2684616552867821,-0.07633478527283516
14403,0.2778661777147595,-0.2839328306055146
14404,-0.8060749761815506,0.494222113766199
14405,-0.2558007863165132,-0.19965918353278767
14406,0.5673773330695591,0.043741688211438395
14407,0.7216143499280366,1.7810253564700833
14408,-0.6533729856293194,0.1897490991696753
14409,0.0707701051477632,-0.33562124053165304
14410,-0.2571103677708949,-0.20163763209816188
14411,-0.9218839251058719,-0.021383414270269983
14412,0.12602326563572674,-0.41301051086313195
14413,-0.5799797315943497,-0.40830026019251275
14414,-0.2295710125729836,-0.33511551357944297
14415,0.5999885335552689,-0.041540915706712686
14416,-0.0031839008923233232,-0.44211266436418584
14417,0.4057881555826487,-0.23086307158970562
14418,0.28160295435005295,-0.5455733744835904
14419,-0.7525996538637125,-0.2777052873442331
14420,0.12004696651656234,-0.457366321105468
14421,-0.18709818950861634,-0.44422332462005004
14422,0.594998383016174,-0.37561697645019415
14423,-0.23804704735685017,-0.48827324482054957
14424,-0.24499110497375323,-0.500567641132547
14425,1.0402189372875217,0.18589613901429458
14426,0.04210896779495824,0.16591762869252868
14427,-0.19510559300753388,-0.3458800485049386
14428,-0.052048590404528694,0.34338388139097004
14429,0.03273605898786055,1.2423628696555769
14430,-0.5255847078515645,1.7324990284110504
14431,0.8241732520967763,1.1019409421952708
14432,-1.4497987614179495,0.5253045353034616
14433,1.588871022853274,0.44479549607197166
14434,0.5095791164397675,-0.19441663907141307
14435,-0.6386994130422079,-0.1687365767739609
14436,-2.023372225405356,1.581695759107716
14437,-0.3980720952108724,-0.014307418265776736
14438,0.18119607764588772,0.23035676480093378
14439,1.3829737334780028,-0.19168322561152965
14440,0.1366223130987017,0.23822441490390303
14441,-0.6513510457405696,-0.21617503283633835
14442,-2.800718198023123,1.4949342275588284
14443,2.5975090380729386,2.187012771219438
14444,1.0038374756815083,-0.15710803333183454
14445,0.2844841882509945,-0.31209520772969124
14446,-0.23840822837498232,-0.056722890087509976
14447,-0.4770915298914196,-0.40543622493430465
14448,1.3606821517288665,0.05138870271699731
14449,-0.21149471713084467,-0.3473032795204277
14450,-0.6335088550606092,-0.18403814535147855
14451,0.1503068237332343,-0.49553353839527836
14452,-0.22253211824015304,-0.2908676094609317
14453,-1.46027675911599,0.15928482764264687
14454,-0.7917510559125751,0.4249633881011945
14455,0.700273769433617,-0.05323356943223522
14456,0.18740982200479117,-0.43762598362615324
14457,0.13968196340644784,-0.4894844748931483
14458,-0.22117288507145275,-0.4892429257269215
14459,1.0347324837144243,-0.09797421893650933
14460,-0.4157637789367564,-0.35090336330981736
14461,0.07450579037219249,-0.326067991134448
14462,0.5163989954227286,-0.44617445471038414
14463,0.9443796246795826,-0.09046438477521485
14464,0.8817561826649315,-0.23163733432460165
14465,0.177291764044487,-0.2058507296476417
14466,0.16682982132997787,-0.025058561943116606
14467,-0.19102188472064888,-0.03969954088113581
14468,0.05741919415350478,-0.48572442894371265
14469,0.20948376697241078,-0.4139570920793785
14470,-0.0412328670555343,-0.3587135019633583
14471,-0.07324705507200684,-0.14312282181817346
14472,1.178663355648744,0.0465172824103942
14473,-1.7353912046161832,0.448782227072012
14474,-0.20888374090672157,-0.4410791576725193
14475,-1.383592230895767,0.15889683735304255
14476,-1.332833038115345,1.3198156824798914
14477,0.9386221649002238,0.15558489378798196
14478,-0.8617360388032224,-0.2909577076812848
14479,1.0601674696848107,0.21107878360707222
14480,0.15697921076850468,0.27265329607178795
14481,-0.5235212640571691,0.10895854617017077
14482,-0.16546241978439846,-0.47319095099413955
14483,-0.357017558225267,0.1167157016601822
14484,0.5113493966417963,-0.4309910216564758
14485,0.38404632817894674,-0.08360937018733612
14486,-0.191867064616004,-0.4929069653447378
14487,-0.3867796372143292,-0.4027477335858461
14488,0.33862113450738107,-0.3754134197697742
14489,-0.18529508165319888,-0.44800898402089684
14490,-0.7754563669711823,-0.2428288151305086
14491,-0.3277716692334813,-0.38413283644872626
14492,-0.5935091526908208,-0.08786298381943387
14493,0.12129874798244648,-0.16109267401346206
14494,0.1905379983660317,-0.3490643039313481
14495,-0.9776478867080128,-0.157112722871905
14496,-0.7417552758815374,0.5512160220917148
14497,0.5853532810912121,3.6548628415086433
14498,-0.6438554887255359,4.628659199565249
14499,-3.552605640219431,3.5894101723569816
14500,-0.9454140841502907,2.4679265463474342
14501,-0.11336021162010519,1.1968463450583426
14502,-0.2983989560920032,1.453205679502648
14503,-0.16581933911658744,1.025139502063502
14504,-0.2647029041264797,2.0662436980293117
14505,-0.23130146239057983,0.9964206637519938
14506,-1.6051340672917689,1.9053201488330698
14507,-0.29559484590293483,1.9114811796501612
14508,1.2394353474506346,0.5190008433832343
14509,-0.26225739276916066,-0.10606179064858164
14510,0.776898075292559,0.1072144024538112
14511,0.6942566325856012,-0.16771568792553693
14512,0.36544692409303453,-0.27859926297007137
14513,-0.4188376932588799,-0.3409302582511964
14514,-0.09451645612260001,-0.35381706334464175
14515,0.7335439084667145,-0.273520894678991
14516,-0.657261750124305,-0.43066857815918236
14517,-0.6612324484162763,-0.07381901364715403
14518,0.7576211506574498,-0.40467880314542176
14519,1.0011257230450417,-0.133151277948644
14520,0.1126608658787926,-0.2826652880958753
14521,1.3373859127304286,8.121694776912078
14522,1.0862449747882779,0.33858754631860977
14523,-0.351405811361934,-0.16583169793009517
14524,-0.5329890606451804,-0.05286379100951628
14525,-2.145894992354475,2.7002113963893315
14526,-1.1903321536535434,3.3388779601721312
14527,-0.8947858340815519,5.3870234879776175
14528,0.7368207882007727,2.457248272210727
14529,-0.11672009707831961,0.9071679433014483
14530,-1.24813991135566,0.6149112855797615
14531,0.7193461331796261,0.3389904935990147
14532,0.3215978244185589,0.7576977886338885
14533,0.1111208114412413,-0.163265020787596
14534,-1.0309338046144336,1.14535355634006
14535,0.4901277395086025,2.253425473329661
14536,-0.38178911262250376,-0.16244079061991393
14537,0.4296881075747755,0.09966001837281924
14538,-0.2882414966908211,-0.15709373049332062
14539,-2.5356628106356593,0.6332823534533142
14540,0.3663152238006449,0.00016949687878239168
14541,0.5513388346733283,-0.4005686655771401
14542,-0.42442356772908213,0.04003923290011107
14543,-0.2231538517750845,-0.17797057281903744
14544,-1.0574817209778171,0.2258761833303551
14545,-0.05203495080573178,-0.23880014445835543
14546,0.021459760585571804,-0.4978261351146871
14547,1.4024084589763648,-0.09569611177280576
14548,1.4494047015673737,0.26762043515082895
14549,-0.19286369836142814,-0.3615054313091886
14550,-1.0809888953219973,0.05734464497065558
14551,-1.0972117675742414,0.27904795103559527
14552,0.377608790585289,-0.08258807550667538
14553,-0.8913481162653244,1.097183915512951
14554,-0.24079871905269173,0.4058685093593223
14555,0.5143178088666529,0.6176695893197983
14556,0.39672946841242196,-0.36393340803036156
14557,1.854182583937441,0.17276202353226908
14558,-0.14691652556972867,-0.40287842685902675
14559,-1.1613259619518657,-0.2529297571788303
14560,0.6245665194784084,-0.4612497688809588
14561,-0.35052995130527465,-0.4921078454730639
14562,0.47393749749374037,-0.5597659596886612
14563,0.26551585708756525,-0.3600598809797318
14564,0.2632568255873232,-0.4210853174967958
14565,0.5913228406776035,-0.34565085914253246
14566,-0.5809497867550615,-0.2798609211736205
14567,-0.40743313603929976,-0.21089194379832624
14568,0.0896403507116251,-0.2786877078501634
14569,-0.6745250803519329,-0.16349481074291503
14570,0.7288248454766658,-0.11733306969635965
14571,0.1320756972443032,-0.5721484787282956
14572,-1.171673514760649,-0.35006683028200186
14573,-0.10887291307241906,-0.5604417224587531
14574,-2.790107148634036,1.363225675699873
14575,2.0194613860382034,1.074285053644054
14576,0.18148782827348484,-0.2623916979060994
14577,0.5827014672780247,-0.16667962866161093
14578,-0.48622979823920276,-0.1749152234045053
14579,1.2650669914198647,0.1551725014001861
14580,1.3602431768367598,0.9743436459207417
14581,-0.010503541343099908,0.3752812118775436
14582,0.31025400193519503,0.41611277757422216
14583,0.13238185867746835,-0.36342833065130337
14584,0.45889377139250753,-0.2752596160437943
14585,-0.904397191701534,0.35680876898308417
14586,-0.2747501931784384,-0.26488866812580086
14587,-0.12465179405524171,-0.2694663492450992
14588,0.16912753136600397,-0.6018273482893501
14589,0.9490386961350322,-0.20508590704838395
14590,-0.37915365999381545,-0.3632126742434474
14591,-0.10531650411300207,-0.5130894137896501
14592,-0.0014406778855936219,-0.5035399219878317
14593,0.5431585236339506,-0.36303619936487247
14594,-0.3621478608873604,-0.40910397663521403
14595,-0.043228242020059426,-0.34091136501302144
14596,-0.25218566454271024,-0.5113254021684643
14597,0.8152926141512138,-0.3996861231724704
14598,0.06973839072515774,-0.3790231482849867
14599,0.09409565025987832,-0.43910215913192935
14600,-0.04723853348005651,-0.5057485660823986
14601,-0.40617225937617507,-0.4636830178348832
14602,-0.4302006148088158,-0.4864220746749392
14603,-0.3620013749366382,-0.5372399439997831
14604,0.1646215089005799,-0.45981082070544615
14605,-0.40965035390225396,-0.3557634612789025
14606,0.20311058695536333,-0.4261166837854282
14607,0.26101990058679636,-0.38017143703086603
14608,0.2818852831823629,-0.30752897597286644
14609,-0.8991181467962146,-0.33513392760072613
14610,0.0827805867291496,-0.5313444252123245
14611,0.28667854996843345,-0.39071983739663174
14612,-0.3401888027754043,-0.6135239518778025
14613,-0.0726293350026356,-0.5082612755146305
14614,0.5750843792143155,-0.3375472884236931
14615,-0.5563902902594261,-0.4720531474981717
14616,-0.6263883667385455,-0.40632494908997985
14617,-0.9639492446859295,0.1347050378951627
14618,0.7186897552441538,-0.23066533036148215
14619,-1.8092659531313426,0.8888405861559019
14620,0.8610346230328303,0.054460348003035765
14621,-0.1027600672272369,-0.3657250695764406
14622,0.7183831809285085,-0.3035768826364082
14623,-0.6430832644498892,-0.4822314223183197
14624,0.36392134313246766,-0.4478929671055139
14625,0.3809721086206919,-0.456734046557733
14626,0.4906360576283234,-0.3075532084565846
14627,-0.11858440012208125,-0.4240941770301847
14628,0.7796437393791542,-0.1973079205621293
14629,0.5932446127994279,-0.3555347503459449
14630,-0.28337206872507326,-0.40774454973900204
14631,-1.0058294458519697,-0.35319373847039803
14632,0.15404075551265617,-0.4783769525227094
14633,0.39440334120363013,-0.5305113234297822
14634,-0.3265782691004959,-0.36508454076842123
14635,0.7581363150683775,-0.543472809832411
14636,-0.4119503566359582,-0.37409347656401293
14637,-0.6847088680881551,-0.3497520996544272
14638,0.2977387975333323,-0.6156900554747992
14639,-0.14856576608850308,-0.4000974270134383
14640,-0.2089168228884359,-0.4781084446331451
14641,-0.06157510609675732,-0.5922601591992893
14642,0.13813867635536548,-0.5958747500914493
14643,-0.12752838002451652,-0.6144261266800977
14644,0.35585164266865776,-0.4659632353758936
14645,0.20883127851911581,-0.512788973873895
14646,-0.09606079458369116,-0.5605449404741026
14647,-0.5313890895521556,-0.5628652592810162
14648,0.23037753658117713,-0.5569167404823178
14649,-0.40246887385266306,-0.4475102621663709
14650,0.3902896398890174,-0.563959607866484
14651,0.26205042547498836,-0.45478837521576687
14652,-0.3368888320193528,-0.547148518628619
14653,-0.09000378337631157,-0.47221762785993227
14654,0.14956659634979627,-0.5485879521812949
14655,-0.563339537270118,-0.5433215968698208
14656,0.6508936779214544,-0.4938972758424789
14657,0.24929988637363587,-0.5612785043873921
14658,-0.04360964952474825,-0.5824227527378641
14659,0.4334694134876858,-0.5672850462981406
14660,0.2858325185897331,-0.49677715286231994
14661,-0.02508792493504379,-0.27901599444176683
14662,0.009444525750670585,-0.49169466806978596
14663,0.26601674335244113,-0.2977611220424868
14664,0.1575236689539453,-0.42545288334235004
14665,1.2220610829673353,0.038535286755027716
14666,1.1103136609039637,0.5597698874001439
14667,-1.028378789149909,0.23929960424168076
14668,0.6470373489024535,-0.47813989379542576
14669,0.34701208322012034,0.0218840121345644
14670,0.388625882996655,-0.4017855932479451
14671,-0.23706915967850745,-0.5253836793832575
14672,-0.06047515914032223,-0.4274548918864123
14673,-0.38305513315732825,-0.5079556344156522
14674,-0.009297102805675535,-0.559506905343707
14675,0.04544080930987685,-0.5315705760790727
14676,-0.07527121193261035,-0.5338544880857371
14677,0.4451121944296947,-0.5032405171256848
14678,-0.03629697514105004,-0.38545659387682585
14679,-0.5830803340399413,-0.37538647648165197
14680,-0.9763950906407107,-0.1797819775817364
14681,-0.41388721834070114,-0.275098874410895
14682,0.29420191494402775,-0.3006901220662096
14683,-0.5442012028197096,-0.03931927076661738
14684,-0.5015935993892572,-0.2747298423812255
14685,0.6268949054966464,-0.47922623565370487
14686,0.17510024155352888,-0.5171053134590058
14687,-0.10435645944558238,-0.5532716052403613
14688,-0.8360349572308091,-0.07528797215848353
14689,0.061877046928929265,-0.37010957252879206
14690,-0.2353715060734732,-0.4464483580779576
14691,0.5330798628117683,-0.3253191409752298
14692,-0.16535362432803566,-0.39760914958811966
14693,0.10179258259272546,-0.5313285081886128
14694,-0.24532261105755204,-0.5831570146180118
14695,0.591705920757909,-0.38668570374451106
14696,0.27973619887800116,-0.38837887536199306
14697,0.5232014673405058,-0.509216941626441
14698,0.13510301165489563,-0.26462401319355894
14699,-0.26841888479226816,-0.37544917594500177
14700,-0.37067690409308285,-0.48925115896993404
14701,-0.12261327304636974,-0.4355497044407584
14702,-0.9389001280759686,-0.2348216419959805
14703,-0.4223930991966052,-0.025738803788424382
14704,-0.1902241337729106,-0.2986892831051117
14705,-0.5399786992937522,-0.3492430762341005
14706,0.5403454570307176,0.010250917101470495
14707,0.015022015603067873,-0.5406667594147855
14708,0.3167448310787686,-0.3302829234684645
14709,-0.4359666498424191,-0.466077651378239
14710,0.5429757142747346,-0.4899435048488994
14711,-0.6270997832504757,-0.32826815142298477
14712,-0.18180329700483866,-0.4012678439527732
14713,-0.05663480577731151,-0.5151879349182393
14714,0.5064090166385055,-0.3342539687185624
14715,-0.4545299827121729,-0.3752778150549703
14716,0.359308986395362,-0.3290046385665655
14717,-0.27991327541154465,-0.09635597586053653
14718,0.0528494604018183,-0.42222526887621065
14719,-0.6411515846486638,-0.26727814572516595
14720,0.504436524797962,-0.5043247554868494
14721,0.4007267259612107,-0.5770256857757236
14722,-0.2542794339358985,-0.4787630263853947
14723,0.33569539317273067,-0.23073734866017442
14724,0.10338511231666862,-0.33576217545876974
14725,0.5741445897705421,-0.39814741506006135
14726,0.2758642196453787,-0.3997474084313935
14727,-0.35192143742360427,-0.29029879433462286
14728,-0.3724677086695546,-0.5035999700358039
14729,0.6908915552614013,-0.21675497720219905
14730,-0.07657797738973404,-0.4115884939667937
14731,-0.09312788336543132,-0.5214404791982639
14732,-0.0747834922403146,-0.5289107821899692
14733,0.26350168084006353,-0.5028645561863868
14734,-0.28878496974193696,-0.5653737942354227
14735,0.11424858993789626,-0.4695703953801869
14736,0.23470747784995585,-0.4149040006521188
14737,0.30606595840307865,-0.5514065020183789
14738,0.38766947146330444,-0.521610391541353
14739,-0.6244787798280607,-0.3860611401052716
14740,-0.2593155740736368,-0.5360237778390222
14741,0.34619219627662945,-0.6122280564401565
14742,-0.8164142384084232,-0.3074998086016638
14743,0.6007327718131055,-0.45393667112785735
14744,-0.004999009021822908,-0.6278810970688011
14745,-0.19646567666298043,-0.605593149726861
14746,0.24462721065303814,-0.6044160422392324
14747,-0.07590207274583313,-0.49384099048872554
14748,0.07411916553733598,-0.5605055373170198
14749,0.334643973542158,-0.4397922265421003
14750,-0.18718771718477195,-0.5207489481196937
14751,-0.23969820748230553,-0.45130869622699904
14752,0.25851709706014175,-0.6057951720268568
14753,-1.8743459085955225,-0.2304118680724311
14754,0.18593885469097887,-0.46559285360572955
14755,-0.8192535366361176,-0.10456688459355774
14756,-1.2346235430091046,0.4518887642099388
14757,-1.1011348404277852,1.2157114132471853
14758,0.07357344301007339,0.006911887437876652
14759,-1.0574489226124226,1.146805592910839
14760,-0.7237900101380568,1.831358529315648
14761,1.334532508839894,0.5700046054588273
14762,0.084096722808145,-0.32729903753004796
14763,-0.3461905230645176,-0.17070270068330134
14764,0.8143299618491783,-0.12584103923827206
14765,0.34313373509018463,-0.18516886737415103
14766,-0.8320786716227658,-0.23328960105176885
14767,-1.081659459176529,0.43622696443190834
14768,-1.2053070816131461,0.8985558389437759
14769,-0.6640390874431228,0.3110208747015352
14770,-0.19434142475051647,0.7615684703160881
14771,-0.49980901836123626,0.47450269467064415
14772,0.2837033388044603,-0.032125786560874336
14773,0.25140408683239907,-0.17654144955834072
14774,0.37181536308122154,-0.2559408836828604
14775,-0.05799151829744513,-0.3778208652108263
14776,-0.9992716511060458,0.07976115711683288
14777,-0.8645539003112998,0.3335719586414684
14778,0.5060542848696754,0.07955488039337573
14779,-0.3857081487081328,0.48826166707343177
14780,1.1344873559756194,0.19814023784812893
14781,1.0339891415616673,0.03905511710776389
14782,-0.30891314049753604,-0.46258371820315214
14783,-0.45900763028865155,0.4429420651773052
14784,0.5878891153502087,0.31234032954035357
14785,1.0889040432427948,-0.20762850968378377
14786,-0.33364146150005264,-0.4199674010048071
14787,-0.5260161106373055,0.020773244593503475
14788,3.6909691034089405,1.405780978621612
14789,1.3479714983887212,2.469854370462856
14790,2.9840734727988707,4.555669360253054
14791,0.004792999980365855,3.770210251245044
14792,-0.3821944814033631,1.0264316307049266
14793,0.9845854533650028,1.0388360568124184
14794,0.3870575097687906,0.09152365296936953
14795,0.7245317571472717,0.17836347065473102
14796,-0.829657865765385,-0.09656471832071263
14797,0.12679204920963355,0.21027166369408118
14798,-1.2697647294202046,0.2643156577637755
14799,-0.45015132087664483,0.6522016329568215
14800,-1.4480777231157276,0.3668084972587133
14801,-1.537004311323725,1.6583254712173292
14802,0.7098229380807014,0.3269241278555483
14803,0.10088792975150496,-0.3979520293295199
14804,-0.1009026024061083,-0.3527595537968963
14805,-1.0783021313520191,-0.08696366930680298
14806,0.6630600493730324,-0.05154164358179147
14807,0.6782502249424444,-0.14626989331825394
14808,0.05310044932564585,-0.4755544210456364
14809,-0.399967071209693,0.06296847240051942
14810,0.30438285338493287,-0.3907452870938571
14811,0.09445710378241728,0.24011699126084335
14812,0.9760101468995755,0.04391621990287348
14813,-1.522552624485712,0.061075319439219206
14814,-0.5939106206174875,0.8426547899160757
14815,0.996305380249209,0.006479514253085702
14816,-0.7511403972576656,-0.14043790915780902
14817,-0.3340975995730787,0.12315257704207937
14818,0.33800945528865256,-0.22629859701175692
14819,-0.20114820283969614,-0.31777144659376255
14820,-1.0521460125881341,0.04267756313292315
14821,-0.3351190462478165,-0.16926095324745646
14822,-0.046655335453541225,-0.2162226533011925
14823,0.22588192252828843,-0.0511980987269306
14824,-0.2505852855635584,-0.3292560402706013
14825,-0.17826320981463398,-0.3046479956343643
14826,-0.3775453776736469,-0.14679616144205235
14827,-0.8344416374603252,0.8294671765306447
14828,-0.2941564710847596,0.20055524252103768
14829,0.4247249758956692,-0.14590562203325752
14830,0.24492567389725337,0.05128999580929798
14831,0.6109997528518103,-0.17803391482367428
14832,0.23539148761436274,-0.2894142126416646
14833,0.13840940747831806,-0.4305020932334747
14834,0.3285215614647818,-0.3791335481689312
14835,0.1873109558187031,-0.35480657777392133
14836,-0.451059767635401,-0.5090852495875009
14837,0.666200882970913,-0.42824139628049346
14838,0.04685548661229827,-0.5614441566337429
14839,-0.519739947379943,-0.35320319228484354
14840,-0.2925198257517414,-0.5554729120410528
14841,-4.342284413420224,2.599704609959941
14842,1.5848338371553259,4.260878698875448
14843,-1.5178227518052612,0.3537085031202221
14844,-1.0807773207619094,0.3502351197368425
14845,-2.026334682505913,1.9877290288544964
14846,1.039756120419569,-0.029120858019316357
14847,0.32292281320861044,-0.044634029131205795
14848,0.19175365546649725,0.3996381818743711
14849,-0.36118553039611384,-0.003984338225766662
14850,1.710741362798553,0.1379511068640199
14851,1.0188931264609082,-0.15478015221731906
14852,0.04948729129578167,-0.44510502802085844
14853,1.112548245819742,0.11141384909720374
14854,0.5499818030326756,0.5877400524465343
14855,-0.422987139117838,-0.33331564336002356
14856,-0.15885887728696022,-0.17450661136641654
14857,-0.5784737638118578,-0.284068285551249
14858,0.5934527905096424,-0.43830771588705375
14859,0.5583233585617611,-0.31101991401646706
14860,-0.01592101125952885,-0.30809984658289524
14861,1.3345193032893718,0.49370927611230664
14862,-0.7148116516981295,0.07652214384059537
14863,0.1973114822766586,-0.4654909294315919
14864,0.47083373898458036,-0.28165161808224665
14865,0.5563721572568872,-0.13532791986125575
14866,2.3185784637948315,0.7443525257171941
14867,0.596404472220519,1.2208075373030294
14868,-0.6735476522359893,0.6722210184828196
14869,-0.023642574223185053,0.3033113610717362
14870,0.01793953549382914,-0.5751663867432929
14871,-0.18862233402881412,-0.17182208132379057
14872,0.32360338515147086,-0.24160205043215283
14873,0.04643344343129513,-0.3242415607797393
14874,0.2664386779240261,-0.1286209385995928
14875,-0.401770561627254,-0.47347118619214146
14876,-0.165133480959373,-0.5752758566536457
14877,0.08421061606316,-0.49447686826075876
14878,0.33991080804612717,-0.3759138800896873
14879,0.3824733807235313,0.027449801790617415
14880,-0.05116878657637563,-0.41881325860260055
14881,0.16595087634008443,0.025355905563948927
14882,-0.05568972883391457,-0.3568043699822826
14883,-0.8001361360703193,-0.03746864128004067
14884,0.1547278528745487,-0.43537881380961907
14885,-0.1470935494142805,-0.07035390041987113
14886,-0.24887408034338696,0.1766399196244547
14887,-0.4336525573555783,-0.14050466417903915
14888,1.1132727810046603,0.07470283117974093
14889,0.30294603598497444,-0.21471148743141705
14890,-0.5084612649011184,0.24992127956481178
14891,0.7136268484885016,-0.45651744528620847
14892,-0.6195484678688505,-0.15961719589864137
14893,0.2267539103782398,-0.4616339503473054
14894,0.10086506056675953,-0.601266110311924
14895,-0.2310737677563827,-0.3614914906132622
14896,-0.6565539186110417,-0.3392884535996777
14897,0.13447046786305403,-0.29101604558294913
14898,0.07651440580697928,-0.419774111435051
14899,-1.0319898128610077,-0.30884759199973033
14900,-0.3849436070509837,-0.1540755995800356
14901,0.2132507130423133,-0.42084249915966554
14902,-0.8246739748299649,0.07971644704073882
14903,-1.6044632579615794,0.804233066324028
14904,0.4004456570979228,0.04590189985939265
14905,-2.5244794393888914,0.9486270572513701
14906,-0.8907840602549871,2.22782743056056
14907,1.3007489104302392,0.6216634885383132
14908,0.6618468308533404,0.4862133478581129
14909,4.25233642302859,4.600439506746944
14910,2.139002114297389,3.079139740654942
14911,-0.8846019011654468,2.751113055873002
14912,1.327859242410326,0.6875398303692282
14913,-0.2377673412262149,0.8460520943651679
14914,-0.254189025030586,0.6556096949057012
14915,-0.3797467560337481,0.598839077922718
14916,-0.4617512165874221,0.35110617263944005
14917,-1.5166605179786166,0.4088717664298469
14918,-0.8511940851854185,0.5236549474315491
14919,1.042927305738695,-0.11270184324001367
14920,-1.9746302159722078,0.08926563404993988
14921,1.09687674495182,0.18120296559258547
14922,0.4413805200447309,-0.3425801867111191
14923,0.17879899002104208,-0.36355140320185503
14924,0.9731475073500424,-0.4100198822860176
14925,-0.22964736358108137,0.4533254817001254
14926,0.17480183685752984,-0.4942137118041
14927,-1.1387144351989869,-0.1795712657146424
14928,-0.4189511931435138,-0.43516453548791384
14929,-0.12336684074096795,-0.4466650340467655
14930,0.9663132633163063,0.1060803382953935
14931,-0.5202097023233818,0.06752708248288798
14932,-0.23348957430530798,-0.18174833234279947
14933,0.36114645188800265,-0.46253407230859184
14934,0.49888386454793754,-0.299259941882088
14935,1.0460627904267625,0.016272675389055934
14936,0.696432387822747,0.4966673818899014
14937,0.3197148479111487,0.09646521141943254
14938,-0.22145787145043472,-0.2467210277074689
14939,0.6541635457930904,-0.24661704749684307
14940,-0.6728418433484039,-0.3321272696049698
14941,0.6245014990881385,-0.40368294289025847
14942,-0.41998184208778283,-0.3812950267189745
14943,-0.1911286477363743,0.11039357376309702
14944,-0.29151311775649513,-0.4082024317486856
14945,0.6551737322837642,-0.014614268478116815
14946,0.382538206286724,-0.38443798017399955
14947,0.03723987103087887,-0.3488782721436206
14948,-0.5761500841046567,-0.4068089416178017
14949,0.03898339186112659,-0.4574897997280051
14950,0.4528495687401302,-0.5228827200453194
14951,0.599621128256178,-0.04405357286863748
14952,0.41587041777329803,-0.2318945176460867
14953,-0.9101202517688957,-0.14518346191632395
14954,-0.4065662935758395,-0.44344245374252916
14955,-0.7003887860796408,-0.1839950148406156
14956,-0.520943409706092,-0.2530135483058827
14957,0.005940901843583154,-0.5217850164724787
14958,1.7188213070869633,0.46125246108045964
14959,-0.3695801764784803,-0.27313142927560147
14960,1.000218704524463,-0.32790179023368
14961,-0.29009347518934386,-0.41451445062553477
14962,0.18218056176076616,-0.4054173458835582
14963,-0.8503302345384169,-0.24323527068018422
14964,-0.18639277806928436,-0.5611950268387821
14965,-0.39578316366034677,-0.1723963278616529
14966,0.24004581055247343,-0.4855227526159707
14967,-0.6043881244252037,-0.396190149051556
14968,0.28760266579145405,-0.49278500605065007
14969,0.2209767112377291,-0.5129609454457242
14970,0.19094012646303185,-0.5875605931713536
14971,-0.4275643448249603,-0.47039279301265535
14972,-0.5166837032980038,-0.4214234720928679
14973,0.00551607538991091,-0.4076453276980507
14974,-0.15688888326669914,-0.3672130083592326
14975,0.09547498436527029,-0.13606032876992707
14976,0.4367151296692593,-0.4790318078527364
14977,-0.1216447601426056,-0.37196501229298534
14978,-0.20648908170388125,-0.5769865480443921
14979,0.027805590294840442,-0.259998990514196
14980,-0.14589596530922638,-0.3067753049813957
14981,0.7772112026731216,-0.3950329607861602
14982,0.30222348919682324,-0.23028751727757457
14983,0.6932454380496245,0.10605525646294266
14984,-0.3775456627074582,-0.25598578943351125
14985,-0.2210494877055404,-0.1061990238354234
14986,-0.15194745613168023,-0.4725796564393436
14987,-0.7132694583391356,-0.3351046070981481
14988,0.8589114526711173,-0.44500979163070925
14989,0.39602699663325636,-0.4999214362339312
14990,0.4365645146690253,-0.42737330945241503
14991,0.026513575790179544,-0.3537744472793032
14992,0.7258502951745949,-0.19000655222723747
14993,-0.28080309729786207,-0.3972268564261124
14994,-0.22277476558882403,-0.3019122176304263
14995,0.8007468623946953,-0.28134382142256803
14996,-0.35219865378033993,-0.3145261492901039
14997,0.059301833452171514,-0.3992059145979843
14998,-0.6628271102586326,-0.451234118182851
14999,0.12607318130139988,-0.528838335405233
15000,-0.012668253997077614,-0.5100622512608503
15001,-0.8870931422818086,0.07508432584142559
15002,-0.31094298523258745,-0.3734070740871686
15003,0.9785024686549346,-0.2652016427855116
15004,-0.047286576976690774,-0.4152550752946029
15005,1.4126776817250575,0.7113997026951978
15006,-0.8426984507020867,1.3332210526821981
15007,-0.5085179172056479,0.7363237053607432
15008,0.8697371579044488,0.29337733588417564
15009,2.7108029462938634,2.36507594061645
15010,-0.743952272472258,0.4697698150722826
15011,-0.3218895931419857,0.5141322075817165
15012,-0.6244927426247908,-0.44944915380383704
15013,1.2212090988207749,-0.02968247745973098
15014,-0.3852721982594904,-0.3238625151919999
15015,-0.03770888592852364,-0.131590732837364
15016,-0.8530776807243194,-0.308037312875971
15017,-0.8379872874175786,-0.17887374160401717
15018,0.37325514845346935,-0.5031863378315786
15019,1.9521537380544516,-0.3785054891404072
15020,0.14663439729125122,-0.4413265601188603
15021,-0.44955222135634076,-0.28904645160150394
15022,0.1686194865670245,-0.41063737262914046
15023,0.27571134393743096,-0.5008609561040911
15024,-0.6751003461772414,-0.49383199183261905
15025,-0.7584282018212113,-0.1955130976729967
15026,0.31141604667069167,-0.44694112292042937
15027,-0.3640696224430615,-0.541042707406527
15028,0.2578038847305589,-0.38134512684628274
15029,-0.04941195070743487,-0.5006922432238209
15030,1.0594089723664224,-0.027067488256636397
15031,-0.1364792782139157,-0.21911573072157306
15032,-0.5258988293160596,-0.42170155025105915
15033,0.2624594644910075,-0.5733490468258876
15034,-0.042148936761967244,-0.5127784944525657
15035,-0.2129090906522394,-0.5179061559328586
15036,-0.019572864259818995,-0.4346893253359641
15037,-0.8990601401844015,-0.46716001307539246
15038,0.28944355713934683,-0.4982455374879268
15039,0.43449121367234866,-0.3499051943466218
15040,-0.48687416959850977,-0.41467619480860407
15041,-0.11309009232733935,-0.6346081229507893
15042,0.14113245280038894,-0.6299149637423416
15043,-0.4809614515627998,-0.47470522651899705
15044,0.008154352140317594,-0.6431954753449455
15045,-0.6490929011627038,-0.4349960118354417
15046,0.24656787270005373,-0.3517044013712033
15047,0.20977936316603002,-0.40322855219378684
15048,0.5440356462534165,-0.18852997220938753
15049,-0.18928763092764875,-0.583488389612921
15050,0.17605352735392152,-0.6199272667030415
15051,-1.5730225311600292,0.18993133258723943
15052,0.15681328887717197,-0.370745728460494
15053,0.19193094369953415,-0.3184086621137755
15054,0.15770596311973534,-0.586960275739257
15055,-0.5306604976171981,-0.4365818963263856
15056,-1.429105087552414,-0.20236783440961204
15057,0.16290762852349921,-0.24192251361428332
15058,-0.3720721653779625,-0.15231535494883963
15059,-0.13276295790842024,-0.3248152182430225
15060,-0.30173935005434616,-0.21318322027668876
15061,-0.47464790349256225,-0.3482871444997566
15062,-0.22588920892752662,-0.4282255262603327
15063,0.22929992884315883,-0.28071758887840353
15064,-0.28340299997236884,-0.4644927204223166
15065,0.09949110364827277,-0.28671687476217445
15066,-0.7069540528550187,-0.2942377954634504
15067,-0.8460878648094193,0.23424978988135337
15068,-0.26371740090594753,0.3514412067972208
15069,-0.5865493555386618,-0.02701379647424743
15070,0.40977771966626314,-0.3097422553414845
15071,-0.008404599879696833,-0.39181368623015056
15072,-0.40903834735943,-0.2956997586210332
15073,-0.3468985630430846,-0.12093512174575424
15074,-0.27293667721650783,-0.41096486451931985
15075,0.8496036479539378,0.0064804312408668656
15076,-0.541706632457752,-0.4328935387898934
15077,-0.12108347956526862,-0.503216637682169
15078,0.28805891333851996,-0.4933960308211336
15079,0.8012038727943788,-0.2884565660059494
15080,0.5329754858645809,-0.15145352397078754
15081,-0.3127902481508118,-0.540852624506726
15082,-0.5535295745224841,-0.5319423320978369
15083,0.6741604788384126,-0.3908015740885827
15084,-0.3903233994505824,-0.4456895155662679
15085,-0.11570628974749848,-0.49053385675987893
15086,0.22667776298846565,-0.427378153853009
15087,0.655393944242621,-0.31638774387732316
15088,-0.33156905938190717,-0.23155270832410124
15089,0.2107494347616191,-0.5645981448380178
15090,-0.940855671788684,-0.3148020268715127
15091,1.0505541284062108,-0.05847849970135527
15092,-0.45351623658153706,-0.3131848435311104
15093,0.13216580318518753,-0.485359351580577
15094,-0.584941797867466,-0.2548080740788557
15095,0.7509193232545713,-0.4320392968782735
15096,-0.205787583846523,-0.3955341126756489
15097,-1.097819509654729,0.3464639249360615
15098,1.365362323406893,-0.36168004298836004
15099,-0.574868518729585,-0.4123785869636116
15100,0.09068004751733998,-0.36346469574652956
15101,-0.541330114020586,0.26276472341296175
15102,-0.4387077673648092,-0.4013242315045586
15103,-2.2958342264361264,2.5431231773411915
15104,0.9121832926448162,0.16842180274200566
15105,0.3058305849700263,-0.20079896453939194
15106,-0.7826547669075338,-0.1981856581256592
15107,-1.6447630360563144,1.0495486668722611
15108,0.15883068494721353,0.25174783987065974
15109,-0.13871878378499847,-0.13309174121655756
15110,0.1031171071753036,-0.4843531804101323
15111,0.6146313420020401,-0.02019202980675062
15112,-0.7448522971427194,-0.17511211265248428
15113,0.297848694187035,-0.28966549607564906
15114,-0.04000106565535974,-0.4674392375742935
15115,0.5778910752717699,-0.3359969355010297
15116,0.6324106415584726,-0.45650349729579326
15117,-1.0579811687711296,-0.27734605460131756
15118,0.16391905407476312,-0.46682308003830586
15119,0.7382278527961889,-0.3205840740091785
15120,-1.0359305297398682,-0.13211769954327526
15121,0.32576601761026064,0.14806274916222964
15122,-0.364427243789739,-0.4033758743445636
15123,0.6879376563375976,-0.44643221248713627
15124,-0.28672053328465497,-0.4664621847305056
15125,-0.5751150820596846,-0.34043913729612085
15126,-0.1764001353034914,-0.565621821836648
15127,1.3245720639820868,-0.013500058970628816
15128,0.6635397279191367,-0.3995659000071987
15129,-0.2801435554990753,-0.43193687711915985
15130,0.16569442848864027,-0.4315352883702016
15131,-0.10800895917124449,-0.5231815800699158
15132,0.16994490495888281,-0.47700955069195977
15133,0.3825658680099966,-0.5919193175592636
15134,0.12887092882131113,-0.4121810368067091
15135,0.055059031879841305,-0.5184586070259253
15136,0.5726597729246774,-0.4291254136076363
15137,-0.5297444403968374,-0.5417514170282179
15138,1.6482231114714647,0.09715396765835989
15139,-0.29875291393326614,-0.2262956278405059
15140,-0.7955442110473961,-0.34367611066087284
15141,-1.0649022835619513,-0.3906737876794697
15142,-0.4717337783173876,-0.2955614829778909
15143,0.24219910231694594,-0.23471544369042607
15144,0.14504907114269444,-0.471868153093879
15145,-0.2208275585336551,-0.5690029730291959
15146,-0.9203349294324927,-0.37141167742856757
15147,0.35441827456470937,-0.48028826241728884
15148,1.0375495972379314,-0.31395650067372716
15149,0.8830689681510371,-0.30479172245717706
15150,-0.061398991996003856,-0.44145748962305376
15151,0.3704344513612435,-0.39902073340076266
15152,0.14502454914981094,-0.23322718113608654
15153,-0.14587892147383674,-0.38397369384788715
15154,0.08767032954906273,-0.27435876524812797
15155,-0.822960741147101,-0.42456252003297856
15156,-0.35145739338989584,-0.4184469122421994
15157,0.2687604174476214,-0.5360100468572881
15158,0.6075086196687591,-0.44677662226930964
15159,-0.5044574905035608,-0.4790612705498537
15160,0.2412316318032899,-0.5797319061654153
15161,0.5709375016831691,-0.43415709329092195
15162,0.17669292689859745,-0.3592932920861673
15163,0.2641584051849736,-0.4013786068735737
15164,-0.11060914383452257,-0.551045592788403
15165,0.2395153905749652,-0.5523540703126273
15166,-0.19322858153921277,-0.5759985863094729
15167,-0.04878617747854415,-0.5846293275300045
15168,-0.3523730068047994,-0.2637711126880941
15169,0.5846353673185505,-0.45548100756927246
15170,0.7280933257845877,-0.3195457004635334
15171,1.233909008512596,0.4678607610887538
15172,1.2597865049326171,0.5418837909881405
15173,0.5901841913307768,0.738436000489387
15174,0.519202530172116,0.9618517422872997
15175,-0.7956112030534997,0.37199411115399555
15176,-0.24423406950365714,-0.25152928937145386
15177,-0.02745048058743696,-0.5341284393365661
15178,-0.2520478996261372,-0.29536114563000787
15179,-0.32643765074844416,-0.17914019690196856
15180,-1.3878913984557724,-0.19598977261364228
15181,0.5651307305505867,-0.323632704709763
15182,0.18162041438656587,-0.4186067040228347
15183,-0.08370722069585945,-0.035538292161491424
15184,0.09017826260257067,-0.5684821614962149
15185,0.12406783210821044,-0.5916243827293052
15186,-0.3202512486699672,-0.5308847106631169
15187,-0.06302734393218486,-0.44323921422443374
15188,0.6064425277799416,-0.468871004085149
15189,-0.00016168725973342735,-0.484120397110274
15190,-0.1518593049163359,-0.5561889393391993
15191,0.010247907842696613,-0.5471026085917124
15192,1.2626682153148185,0.23277932170883386
15193,0.08366705977475125,10.89235686065141
15194,1.9887840791089995,1.4152175224019148
15195,-0.45926925309070105,1.2202462036588333
15196,-0.13491717577423526,0.34839165348357315
15197,0.5980367920751258,1.5026686726413936
15198,0.038748263018129746,0.8974417558997214
15199,-2.3963118812017363,2.124325917286997
15200,-3.6558203870810253,4.98735807835233
15201,-0.7133763143560853,3.046519542160787
15202,-0.6549757839897161,1.9313639251793726
15203,0.48755130141519126,0.584875804632102
15204,1.0288974887461624,-0.0347524682116625
15205,0.39007500199015943,-0.26838788217312043
15206,-1.08984768056641,-0.0904675865916122
15207,0.1637286564763051,-0.2543442697382215
15208,-0.34572174798943034,-0.38379743106018177
15209,0.6850788523444349,-0.4438002861343304
15210,-0.09801056778704353,-0.544289505343192
15211,-0.2039010553347422,-0.572296018857902
15212,-0.21619727222626875,-0.48175584688922507
15213,-1.0444535710081166,-0.31359893947358414
15214,0.755650693507873,-0.4346344209781301
15215,-0.20353959871583274,-0.3244048184256148
15216,1.2672115193965887,-0.27256641734232434
15217,0.9509459401303368,-0.4097294293238558
15218,-0.017553500028902446,-0.3529205888315056
15219,0.1315471292747882,-0.5299503674680659
15220,0.6421954968718927,-0.12545833335758824
15221,-0.30437807730081196,-0.5584234740754136
15222,0.8040442298932549,-0.280325033714476
15223,-0.39818510504935384,-0.16753237121335762
15224,-0.10014446373540334,-0.391960356591997
15225,0.5364041736737303,-0.43111386854568357
15226,0.5870812104923461,-0.3374400103253138
15227,-0.968794146933033,-0.11410870659544696
15228,-1.4282163960448704,1.544625445861021
15229,0.042850129017797146,-0.35663541245171076
15230,-0.960733715653405,-0.4134435454234034
15231,0.026822367089915332,-0.49935682693658456
15232,-0.11071368758052787,-0.3284209422126546
15233,0.9016107598495929,-0.4165769442125897
15234,-0.06782973492828752,-0.58054802374843
15235,-0.29221747779833956,-0.5200214285354335
15236,0.024932531315828572,-0.43723595744978616
15237,-0.2907617644121567,-0.5939522040818609
15238,-0.23958059491883357,-0.5666530367238997
15239,0.17823212303039918,-0.5284460590918971
15240,0.36463619891066107,-0.5889790891537263
15241,0.22289940302391606,-0.6043756302711456
15242,-0.1314901203050793,-0.5210416531970189
15243,0.0975463997063187,-0.622770879588173
15244,-0.1754754109852119,-0.47161832899648326
15245,0.20013629166756425,-0.47051607854645916
15246,0.10488137280674542,-0.5927787407850361
15247,-0.4534854605654564,-0.45413844094079564
15248,-0.2496732765643898,-0.5652820957007649
15249,0.24196327741931192,-0.37469472843700635
15250,1.069599301038985,-0.47031460494838456
15251,-0.23561903891151817,-0.4590008257497308
15252,0.3901603950733171,-0.4924542881220959
15253,-0.03892863681504129,-0.3258808163249041
15254,0.11365644964647785,-0.550307361278896
15255,-0.7532749243357871,-0.17064125266170294
15256,-0.26395658395663074,-0.46966357560397
15257,-0.3577511126367372,-0.34926773738624206
15258,0.14749910555895646,-0.5272063860520358
15259,-0.1015689145064367,-0.5099429638943074
15260,-0.6907987101253904,-0.42993575176289794
15261,0.046033098305032175,-0.5271615442090658
15262,-0.2138745365246273,-0.48130459306121254
15263,0.2327929793788536,-0.5046526097039084
15264,0.049688349714772956,-0.40743508540299195
15265,-0.033679911901387166,-0.43529197492523797
15266,-0.0067103581787988165,-0.4505173090623397
15267,0.23954214408865826,-0.6267291682947053
15268,-0.05723178815672315,-0.514715522209308
15269,0.05010466401704029,-0.525934191387089
15270,-0.007484823507858717,-0.5335709379099633
15271,-0.4316975466964427,-0.5157865854785254
15272,0.046679131830124045,-0.6291089713151892
15273,0.2520519871702883,-0.46115171852600917
15274,-0.035247024853162515,-0.5838399290181742
15275,-0.7893560893894792,-0.44191552900542463
15276,-0.07578067029219417,-0.5302458551984512
15277,0.48676449908979313,-0.5067947949437055
15278,-0.4493465733667323,-0.45755725725666146
15279,-0.046967479069731366,-0.2941927733455553
15280,-0.0967253257503461,-0.5337780333200834
15281,0.4602643172457859,-0.46496683294950136
15282,0.0942844631768241,-0.5596143373792595
15283,-0.1650318311626896,-0.2901484668782726
15284,-0.25431416383948396,-0.5545827472235788
15285,-0.06107480473605761,-0.5587418404953882
15286,0.24967124678508357,-0.4654218724447455
15287,0.3532861703148903,-0.5650954960507647
15288,-0.24604898118964924,-0.5141113249542938
15289,-0.0885600013900512,-0.4970721544772215
15290,-0.012188108643551538,-0.5568203648737606
15291,0.2857846458554908,-0.5199493556025163
15292,-0.2812015757109891,-0.42068804853491437
15293,-0.23346428312653777,-0.42575047648423736
15294,0.34647328813556455,-0.5482677510879772
15295,-0.04627551684693861,-0.6408752533954819
15296,0.18923117996922723,-0.6143615349287711
15297,0.022778603637514543,-0.5702988029032113
15298,-0.23148141768206043,-0.580191362164275
15299,-0.6131619340341193,-0.3497669839588508
15300,0.32879001631166566,-0.47374371198422416
15301,-0.5895982928413759,-0.3860457303160541
15302,-0.8068414727768889,-0.21935252131352068
15303,0.04826460843301894,0.15148381845516493
15304,-0.14993094782310265,0.10212386491732385
15305,0.039532258138012116,-0.48110714997322845
15306,0.08050327881326581,-0.15027670523327555
15307,-0.2422751959597071,-0.5456376796004312
15308,-0.2576823399543459,-0.5899768118566384
15309,-0.5755403958637286,-0.2046129291267333
15310,0.5460564964477294,-0.5042821891200777
15311,0.4259357053277148,-0.5670961007211713
15312,-0.04763492037310087,-0.5733683075565775
15313,-0.5782649820394503,-0.53899983095533
15314,0.6390388923786903,-0.434371647157373
15315,-0.20435201289559962,-0.5265413677389588
15316,-0.15068706440567659,-0.4297204810634833
15317,-0.4059484899134286,-0.5738528050266766
15318,-0.13286792716151644,-0.4583815034465452
15319,0.19439684600061258,-0.5827894795112959
15320,0.05086107759782208,-0.6095690599914103
15321,0.4092680011325641,-0.4768397250208631
15322,0.16974858709638968,-0.4617918902503196
15323,-0.18540603013259982,-0.5737727448717818
15324,0.017084790031670592,-0.5918434847249494
15325,0.10071598471066764,-0.6279424061506629
15326,0.047709657395448565,-0.5281939392479632
15327,-0.08147703193164962,-0.5916809914756564
15328,-0.13991705503905585,-0.6121155571705456
15329,-0.2458351370202779,-0.6420699136599152
15330,0.1284397411206405,-0.6509698358952989
15331,0.06796472945932922,-0.5817774141279555
15332,0.6432813087784243,-0.4840153576564331
15333,-0.09966155547172367,-0.32050655996498534
15334,-0.33197034418082616,-0.5717510122205266
15335,0.6076064070087124,-0.30265291090473495
15336,-0.22107614096778658,-0.551102998779422
15337,0.49527726443702574,-0.5873894732599528
15338,-0.0553575533308887,-0.43431041637853673
15339,0.4101247270891083,-0.4503347369324933
15340,0.23009124648339466,-0.32162179131928104
15341,0.14865177077447342,-0.5796330956576462
15342,0.0675932647073878,-0.5879145234657778
15343,-0.2552237186224762,-0.490299537629323
15344,-0.15837811819363876,-0.5636367517195705
15345,0.13198021243107505,-0.592461160015583
15346,0.685675299269434,-0.5609126600603428
15347,-0.28433001872106284,-0.5147188912170866
15348,0.4607200377828716,-0.5572011884234281
15349,-0.4616997490770238,-0.47935761893088263
15350,-0.16222398541606262,-0.5567801132814163
15351,-0.6445795747768686,-0.5043087619652606
15352,0.06664379669214102,-0.5858888157332165
15353,-0.1339162863946729,-0.542978857299016
15354,0.3083652352742614,-0.6586452062281795
15355,0.1510071180642872,-0.4823316849373526
15356,0.17245581710447266,-0.550506771976351
15357,-0.22061430238529106,-0.6166343061033688
15358,0.15250219583527236,-0.48933700970206245
15359,-0.2628012906952377,-0.590948839100776
15360,-0.2771823332324641,-0.6140155420185676
15361,-0.1606094021706733,-0.6114629167458461
15362,-0.11292125303899865,-0.41844413936462205
15363,0.13406174360531964,-0.5562180201954824
15364,0.39746750360630023,-0.46019594218295695
15365,0.523813885955185,-0.2343414631349976
15366,-0.3163933919303988,-0.49253191581777
15367,0.37689825996834486,-0.4615580786209666
15368,0.7353603654719213,-0.2128487319665969
15369,-0.2469185865926387,-0.4260852289332412
15370,-0.18057377855921974,-0.5657333565614914
15371,0.14355174570708132,-0.5672050271962861
15372,-0.08821897311835905,-0.6141693768407938
15373,-0.6505143516932134,-0.405201815335912
15374,0.4277124762290203,-0.38680377355260814
15375,0.23363211566713385,-0.6101293121296294
15376,-0.49814620713774277,-0.571460762086731
15377,0.5715355879767304,-0.38793766438386856
15378,0.2642649193753898,-0.4813478517586891
15379,0.0075109427707658405,-0.5957132657119883
15380,0.0027044027867268406,-0.6275298499084075
15381,0.10440316009530606,-0.4497784651229636
15382,0.2124919881614754,-0.24561230609428658
15383,-0.3133947547099718,-0.21421980592549564
15384,-0.22076742801083168,-0.2500565498559161
15385,0.07251305891365047,-0.13233416346983137
15386,-0.022322167445695474,-0.5083089503147822
15387,0.07286512601394989,-0.16890644906438776
15388,0.09379481287184588,-0.3606516686054788
15389,0.2893164242494024,-0.3446522942339748
15390,0.4867129242536016,-0.4137286950551428
15391,0.3205496741281841,-0.019879871156701666
15392,0.08932178369174057,-0.29314018478996184
15393,0.40555832571888517,-0.014039542183688539
15394,-0.5868811498223505,0.12191803482322766
15395,-0.4981882573861282,-0.13805214971866187
15396,0.9356366049625799,0.37754528313660535
15397,-0.00020096529236211203,-0.1263285085237316
15398,-0.1293434583798799,-0.3738397542242222
15399,-0.0978994927595458,-0.2466758006167816
15400,-0.4159628152976763,-0.4100297791651466
15401,0.10757584482500465,-0.48482973174128646
15402,-0.2697640562655671,-0.4490049922469761
15403,-0.40790060912382203,-0.3667027493439323
15404,-0.41681305573251043,-0.17179451107085794
15405,0.569204552795208,-0.42245288390636526
15406,-0.7933492997743029,-0.3382077430764351
15407,0.17627679219426337,-0.4848622391209744
15408,-0.25504912748836284,-0.42095905214937024
15409,-0.26794152559336454,-0.4011636709339381
15410,0.3920717523852258,-0.36619540933513
15411,0.1407348810051899,-0.45785510930319084
15412,0.10046717630236826,-0.43512432496454617
15413,0.839404105406217,-0.1383683199857076
15414,-0.14499936018423976,-0.4134482344527106
15415,-0.3883796416580042,-0.4486690101071576
15416,0.23912378981021656,-0.5094685868404994
15417,0.030240122274365608,-0.5962574928131216
15418,0.8273678826852288,-0.4192823287910803
15419,-0.25804779768262864,-0.41358780301109477
15420,-0.1568943161364478,-0.420638658626217
15421,-0.09498220097383353,-0.40540482979348963
15422,-0.18436287173712465,-0.5000511809685372
15423,0.5043843325415279,-0.34448290183833513
15424,0.47712943929525686,-0.41325050518999723
15425,-0.04025231167470994,-0.4421711723568776
15426,0.5768712601974876,-0.3233139248199518
15427,0.021255170259640462,-0.34856311129819195
15428,0.9736485783936862,0.07184927609188668
15429,-0.1739331005086803,-0.42323409462996975
15430,-0.8789934816047663,0.31297949029137934
15431,-0.2281898033697263,-0.21379505208587798
15432,0.5022263659843502,-0.39052476759570226
15433,0.2777114454795329,0.4496067639155997
15434,-1.3138511114905467,-0.03182844942499637
15435,0.353047176685107,-0.0023379807153653316
15436,-0.26875415576310246,-0.41740378447012894
15437,0.2265810368835032,-0.16857974621796942
15438,0.11573212152949537,-0.2029706880270204
15439,0.07419408856980125,-0.27223740788427697
15440,-0.36131694969493006,-0.3471955742270072
15441,1.4236468423527595,0.9936937656647029
15442,0.5903452701288859,0.0022840742418851288
15443,0.07503802487830387,0.6936951512063176
15444,-0.36473310763676053,-0.09038007124122478
15445,0.24050850997866555,0.5425353416061255
15446,-0.6709054644255281,-0.25677333435867516
15447,-0.39375587998304185,0.33859789421639264
15448,0.5470462507263293,-0.34656630888082113
15449,-0.5303477893970517,-0.22008599655079714
15450,-0.2482324829467267,-0.10410514968886352
15451,0.12990634211954458,-0.39809270241236994
15452,-0.08593747147799079,-0.3802222325612006
15453,-0.5054174907449052,-0.3583451442932168
15454,0.5600413001716009,-0.32494963811643535
15455,-0.7254900876068736,-0.11730676726077335
15456,0.9335744330048159,-0.43488043579755387
15457,-0.06906086824276807,-0.48915166829763945
15458,-0.3164420815394362,-0.35431328743107465
15459,0.8491727330554208,-0.018166305005859897
15460,0.544507037259066,0.0010833717834828676
15461,-0.41365548873720415,0.6464562457571834
15462,-0.3284268532622935,-0.31979727594960033
15463,0.009292943797759929,-0.2838157937046912
15464,0.9299182827822247,-0.20752675133438028
15465,0.5858532655553661,1.2270545835523305
15466,-0.7460697004916231,0.35839646849453116
15467,0.828356990012394,0.15494179296124158
15468,0.22838995518522753,-0.13457511943111164
15469,-0.0686962323887969,-0.39249796091912503
15470,0.7341730730656012,0.2640121980816639
15471,0.04007887890691985,0.25721793437786133
15472,0.6576380308876153,0.232102350775317
15473,0.329533262870765,0.30692687849415257
15474,-0.30914417269744415,-0.02674829144845107
15475,-0.8782663165219752,0.9437915569989851
15476,-0.14722967563497444,-0.28767788205316475
15477,0.09642200892725769,-0.2217160617809248
15478,0.4463506480600124,-0.1769842912172502
15479,-0.2648086778324824,-0.3854235070835821
15480,-0.11921443449252457,-0.4102043780076766
15481,0.796276565476439,0.20330157308431476
15482,-0.21524114310415088,-0.24125813736588275
15483,1.500358955648737,1.5359393316584646
15484,-0.5712465785561011,0.1673927264442845
15485,-0.3963568480814114,0.3602480744843174
15486,-1.0204490987893053,1.494042979105775
15487,1.09790536091882,0.6575420168648448
15488,0.3615706355865927,0.35292797836597706
15489,0.5821983739510661,0.5640397185201165
15490,0.10907583037789989,-0.03113030807665301
15491,-0.06021883735526114,-0.048367398510510855
15492,0.8321061510112092,1.1205726253500483
15493,-0.88021251122716,0.4298801153407596
15494,0.07587693175474308,-0.047712882277945755
15495,-0.7048600309677079,0.3761496101003726
15496,0.5850744505512623,0.041046592978292676
15497,-0.6834826103982392,-0.09476043860626686
15498,-0.25836616038786625,-0.23427795300766896
15499,-0.3348723431085689,-0.07659607007110499
15500,1.307865873948212,0.04815507433592772
15501,-1.07106479005847,-0.265255309205482
15502,-0.3023455872106546,-0.4009119365080791
15503,0.18741271520253025,-0.48465592550352177
15504,0.39989467545873025,-0.40115462480848657
15505,-0.28867246983315625,-0.48175621134614005
15506,0.870804110420165,-0.2370016591423147
15507,-0.9115264159528335,-0.1285176337922157
15508,-0.20513939309614165,0.6223618187184841
15509,-0.5275507514075941,-0.34162256818768844
15510,0.04900587573838575,-0.377339443977864
15511,0.008372652757486207,-0.45197475739959325
15512,-0.5160372141879919,-0.43650605772243667
15513,-0.5551519400933455,-0.1951112595131275
15514,0.32806064282333125,-0.36715058081187535
15515,0.545319522765946,-0.311420827958152
15516,0.40330969868295513,-0.125568387596749
15517,0.28055763172249143,-0.36613217170254986
15518,0.2935056035878999,-0.42197966874407555
15519,0.312408897355842,0.0095595554110522
15520,-0.46139692342262,-0.37469166152020433
15521,0.11760458655448294,-0.39415303193170365
15522,-0.4871561139559223,-0.47441664753172025
15523,0.025768854567285327,-0.3569986387478908
15524,-0.5774932871967976,-0.4795137013887574
15525,-0.22445910031852098,-0.2999168301580294
15526,0.08251210595913673,-0.5207876373189557
15527,0.48978243866831067,-0.238879622129412
15528,-1.4225141323599901,0.5074737553837319
15529,-0.4389074701619583,0.005146851968630504
15530,0.5641757113103728,0.011745034017407993
15531,-0.07957185771920539,0.33134702758631457
15532,-0.8040520518832248,0.47549150966338644
15533,0.5116431498480554,0.299829144942151
15534,-0.5101938593870211,-0.45937013971875296
15535,-0.7136138757551018,0.12121337244496938
15536,0.1288859211813456,0.04408413391491361
15537,0.31617288075790845,0.020531567000202262
15538,-0.6019563081379498,-0.007719959757365818
15539,0.3755108906137919,-0.40663040628676284
15540,0.3686508214984461,-0.05125985990704842
15541,0.3448339972725299,-0.21420237863485678
15542,0.5090538726468846,-0.15950913494224733
15543,-0.35237465184565214,-0.3145575546315931
15544,0.8699324470374566,0.07945869352267186
15545,0.03151755108314814,-0.4156679460045829
15546,0.23490548233909578,-0.1661905173453807
15547,-0.5537878655779762,0.056815956038008125
15548,0.1536897997720411,-0.339964545916979
15549,0.05151292339910487,-0.40439890105444426
15550,0.9509842374946222,-0.31309729156546334
15551,1.8630542333868076,0.8148633888014466
15552,0.2770721685120211,1.4987973315579899
15553,0.982051728770721,0.26891421991466957
15554,0.3346193184988227,1.2523855765646745
15555,0.36320481613765176,1.0515493557749562
15556,0.8451207083211318,1.6972190627120904
15557,-1.4562635626515585,0.7735188850146837
15558,0.46600776943283667,0.7956184599965954
15559,0.2457726392622783,0.2909950191253963
15560,0.24947592943662641,-0.2581846589424438
15561,0.13725026407186244,-0.2178090741673849
15562,-0.15745267731726753,-0.13183823183277668
15563,-0.31065032049808194,-0.009346107600859448
15564,0.21787161028577087,-0.20590237206558337
15565,-0.37363899304219816,-0.33465713484159587
15566,0.02309761309523114,-0.12273961492290639
15567,0.44001373624757134,-0.010327328885658625
15568,-1.2169932563310173,-0.17106701985682135
15569,0.5899540890639251,0.1360696306320846
15570,-0.5180351430344061,-0.253905451453963
15571,0.18092713636417151,-0.0855766146078119
15572,-0.027597634746100965,-0.26130686686834154
15573,-0.30456762322722514,-0.43390321206510457
15574,-0.4296572231398333,-0.29605227345000895
15575,1.0908667280602962,0.7183761309412782
15576,0.18258383118401245,-0.03696483831948082
15577,-1.4919283054676875,0.6404706350660622
15578,0.26988049275210235,0.3270064803795513
15579,0.0284028273247322,0.595648730582759
15580,-0.021396210259505867,0.31313115249789925
15581,0.49502408541645687,1.0328983579491438
15582,-0.016877899081963195,0.1250942466051523
15583,-0.5720250779171515,4.589426523259274
15584,-1.0667072220892153,0.8812958148236466
15585,-2.972539976103749,4.50916544425151
15586,1.1105209337740873,1.0197099149077296
15587,-1.5584797840832656,1.5450775098029934
15588,-0.3337341768712927,1.7676441193277987
15589,-1.7325051259933333,2.3957416346630698
15590,0.6778042888049924,0.7148456383217883
15591,0.49351944434106676,0.2920909879609699
15592,-0.650088039473288,0.014719633527169325
15593,0.4819312626257238,-0.3795964372366598
15594,0.04990969911583794,-0.3967273473422863
15595,0.7385115857197723,-0.08608658125625315
15596,-0.9741648791810976,-0.11986517242490453
15597,0.3132919661963567,-0.1289918017407228
15598,-0.10627381319796315,-0.43628872907281413
15599,0.22283208591227663,-0.4476962976296728
15600,0.7029776537904349,-0.13709939767838455
15601,-0.5314071395612288,-0.21723383008601785
15602,0.35848156303794626,-0.47426914359736577
15603,0.30834124385070927,-0.4586598878374915
15604,0.2854075713507845,-0.4610346834408189
15605,-0.24869154106499863,-0.4339039024924214
15606,-0.02360589464872874,-0.4419398600028906
15607,-0.5220770655246217,-0.4073405824016125
15608,-0.4246826093460996,-0.4241997576365329
15609,0.27496223460512265,-0.49434924366640337
15610,1.0642026618886786,0.1096945009943347
15611,0.49293860778909265,0.23296694514460164
15612,-1.1570081702537727,-0.13997141296230559
15613,0.25837484268543526,-0.5058090915317484
15614,-0.5284335161469752,-0.43500330645407864
15615,0.897671434171217,-0.4297513257751032
15616,-0.3753231401003717,-0.5216204309544473
15617,0.6535319960082756,-0.2564079562047266
15618,0.19391613414124464,-0.3785833410594108
15619,-0.16958764216941155,-0.36126859498402775
15620,-0.5012591334105028,-0.3300297225123688
15621,0.20650852150775187,-0.4935241478782485
15622,0.10904513063234374,-0.2834084256258652
15623,-0.3744658498327185,-0.387027392128701
15624,-1.149049014252802,0.3243128172982238
15625,0.8153687579932716,-0.2571926013653453
15626,-1.2075393983455276,-0.11294071511262777
15627,0.6432582419399852,-0.17767053665014143
15628,0.008796400589161842,-0.29844550339830844
15629,0.47699649425720453,-0.4106736006103712
15630,-0.2715114975882736,-0.33319971005788496
15631,1.410305051588528,0.07671829693101065
15632,0.5463660618962309,0.8105707544602729
15633,0.4146563925709967,0.07033999505050327
15634,-0.4241241573059493,-0.31661961065218586
15635,0.1478342093549302,-0.452699144011135
15636,-0.4975665574738891,0.029548967544995534
15637,0.30075733212863515,-0.49308920412941
15638,0.24263993068845963,-0.36536454863314743
15639,-0.2639928106278978,-0.5358318763675064
15640,0.1492270235262454,-0.4465683816153628
15641,-0.6652762147549409,-0.33171785860825836
15642,0.39343246606996596,-0.4946656426279873
15643,-0.247202945274464,-0.07644513288595689
15644,0.2571586613786538,-0.17641010483574657
15645,0.5030417571358671,-0.44578284629332465
15646,-0.48635004342972393,-0.22567515378577935
15647,-0.28743046544360845,-0.36629700641307117
15648,0.8491437338149896,-0.37172846452972913
15649,0.3932437103309783,-0.3015031546820454
15650,-0.39242460448392136,-0.22119590578546677
15651,0.3871537610032416,-0.25754867536620496
15652,1.143379519453992,0.8977421966588385
15653,-0.09279624916705088,0.274831746456117
15654,0.5374928584168766,0.19165556952864385
15655,0.39393055997742293,0.38249501040993683
15656,-0.48572663005103406,-0.13394830713941058
15657,-0.7313650150286601,-0.3254362422800731
15658,-0.28105352110986476,-0.4398063277330374
15659,-0.4296238459494861,-0.1241921590118858
15660,0.47371739579280975,-0.2114413165404395
15661,-0.1949044341726639,-0.4730214005735575
15662,0.19366229379657315,-0.38922429697250194
15663,-0.01901904793357781,-0.4037942674583162
15664,-0.06622325785848661,-0.3851727298530634
15665,0.04673204794975501,-0.11508373970313032
15666,-0.3828165720014152,-0.08938300508252399
15667,0.33649651589175716,-0.2531439837745917
15668,-0.18006974115096808,-0.47170715480063274
15669,-0.43950590734299505,-0.24134687939462715
15670,0.5240112311654519,-0.4020853784485257
15671,0.39123817509341974,-0.3666948163751103
15672,0.6215442928509655,0.038707930007258605
15673,3.254816152012823,8.146601753661663
15674,0.17196268563580744,0.8750288193682563
15675,1.5657259951242748,2.545531109695396
15676,-0.13029631034719785,0.6766100438445041
15677,1.1656532229337078,1.3261611571477392
15678,0.5257194981077034,3.0730172522704544
15679,-0.22355881756165563,1.4198758221591141
15680,-0.29690819971117505,0.47413907507548664
15681,0.16254057956974693,0.6515779167175326
15682,-0.6677407528765911,-0.11572249848082217
15683,0.8184396497294181,0.8122239422864566
15684,-0.8156975623504316,0.0575257239442421
15685,0.24479375342177812,-0.1902038579200878
15686,-0.287923366101561,0.05360183786200936
15687,-0.6369228714700522,0.33056223806358487
15688,0.3301289867343875,0.2518596491164056
15689,0.15184468199282872,-0.07279360360784377
15690,1.3475493237705558,-0.08654976426335347
15691,0.30254921770571214,0.31466112385542244
15692,-2.1572872711482707,0.517630946048641
15693,0.969281112630873,-0.007674004182699328
15694,0.22441784798619455,-0.3839598332614889
15695,-0.09321873427851722,0.01566387472166801
15696,-1.4703141198241187,0.2627026459536296
15697,0.4194596540330342,-0.37060398818838514
15698,0.3721512893685786,-0.4169183306297829
15699,-1.1535278322853808,-0.11224366285282622
15700,-0.626573234824856,-0.24701690660937792
15701,0.6253076106670266,0.7572282830064028
15702,0.10119215833246853,-0.07917220248003651
15703,0.5502412523745722,0.20118610685047028
15704,0.17237412383220477,-0.4958515590915167
15705,0.10140550940977322,-0.4566689038100784
15706,-0.48462117571248614,-0.355008402148915
15707,0.5121204498117042,-0.2667962696784341
15708,-0.009879023490938957,-0.5080558006956881
15709,0.3418495332366448,-0.5127392573636567
15710,0.22447613871615513,-0.48122500976923804
15711,0.4616578565194225,-0.39227254817528723
15712,0.03457036887437913,-0.5283854776499967
15713,-0.5238557970240896,-0.444088967154993
15714,0.3810312160948402,-0.40821367577490564
15715,0.266522099898248,-0.4595976978735574
15716,-0.4560660161860987,-0.44149283761145425
15717,0.04933501901440101,-0.4563998610891019
15718,0.35147390840461606,0.05653833816160708
15719,-0.5323091433018253,-0.33181679973094824
15720,0.17821704486115933,-0.20763236049156064
15721,-0.34655428309886316,-0.3782075416968015
15722,0.7076318642803412,-0.40736871724892104
15723,0.8989067631786761,-0.4017355093659868
15724,-0.4775236657584629,-0.2020745989033474
15725,-0.2894383198114418,-0.3538351314450045
15726,-0.010555410472000294,-0.4308758935459304
15727,0.3603048249603529,-0.43386887706214966
15728,-0.8346769461005583,-0.41276228846165913
15729,0.44813084287396554,-0.3086633480731385
15730,-0.4723157906403974,-0.45778029448928187
15731,0.4375596149516125,-0.440444263981308
15732,1.1825585844726938,0.1310306241134132
15733,0.1185294072475179,-0.379534525033116
15734,0.5782715155007039,0.19399755346386818
15735,-0.7506654285991775,-0.00500655594785221
15736,0.0950725474617775,-0.1852182190438303
15737,0.13035180565501783,-0.2783457556838734
15738,-0.35243352822904717,-0.4587769124755022
15739,-0.6557119817835708,-0.2025712543960427
15740,-0.066186386921096,0.0019574675094891016
15741,0.36452231158069665,0.4315964843382066
15742,0.16949681370726058,-0.23850335301545494
15743,-0.16177860264784427,-0.45496331576565197
15744,0.4169675063201197,-0.2842783283701593
15745,0.3892004878836219,0.044981356117385685
15746,-0.13217273676290417,-0.33966395868974436
15747,-0.813600001549351,0.18077771529961456
15748,-0.0752203373116072,-0.46851869268866203
15749,0.5023023644492336,-0.2548049284765571
15750,-0.11520323949824522,-0.3865240697722293
15751,-0.047731810051681006,-0.38973297734877926
15752,-0.010452503617400227,-0.43594172170990597
15753,0.19490658632301192,-0.20087790332727107
15754,-0.09717006978030279,-0.3239176514205589
15755,-0.42174887372231656,-0.3877625818301139
15756,0.2688072754598779,-0.39405704852080947
15757,-0.004762715955963586,-0.36429647617763555
15758,0.1460766475073539,-0.41607579913085774
15759,0.3301753917387107,-0.34620966520178237
15760,-0.06548315861286146,-0.47758970389475425
15761,0.36180928531723483,-0.3531425236600376
15762,0.18836189975784967,0.09098109043321165
15763,0.10311361785839417,-0.1567060271104308
15764,-0.6211688995994986,-0.48657932031465334
15765,0.0050315261758618855,-0.09239829986804385
15766,-0.10497015491228176,-0.18917966856785223
15767,1.4207211989532502,2.0558956392662924
15768,0.804540125288397,0.9359164371606212
15769,-3.0731312102461277,10.06063298927734
15770,0.34923856810337756,1.016618624545037
15771,-2.352511598582048,2.1571150277440854
15772,1.1735905968425633,0.9451024779388567
15773,0.7561550440137746,0.6901968322983899
15774,2.1227060482630735,0.6636790062803922
15775,-1.7482476999096763,0.4016656982534606
15776,-0.36855271302543535,0.35137126197770097
15777,1.293936103793116,-0.13923565242364566
15778,-0.25297612461678165,0.3829924311424209
15779,-0.45868903598671695,-0.3115078194327449
15780,-0.4084655796183968,-0.4630676309597597
15781,-0.3598746718180458,-0.5204135541789139
15782,-0.4162194543873173,0.0924399711500986
15783,0.999831990378853,-0.05693340372805305
15784,-0.5779828583935638,-0.2891486153878224
15785,0.8595352969259538,-0.3931647096856599
15786,-0.29688332349759333,-0.33535723044327187
15787,0.15240358601441556,-0.3320073885666779
15788,-0.24417706843583897,-0.5645726970916889
15789,0.7515527204034792,-0.46981087480262806
15790,-0.04674450975269287,-0.4461865908914509
15791,-0.5141806526845002,-0.393094314861131
15792,-0.26257656108347044,-0.3935065860498083
15793,0.1302986223546361,-0.5667552516450262
15794,0.08186259665697312,-0.5486614557532912
15795,-0.020692458726623796,-0.3174769133835106
15796,0.5067089065740706,-0.5313036490190648
15797,0.1532907279988284,-0.36704448329150435
15798,0.01787646311197586,-0.45655823810929347
15799,-0.7058192922943359,-0.34895171667620434
15800,-0.008790345744525842,-0.39606791497810334
15801,0.05994554231419585,-0.4779301620554746
15802,0.08526844475264798,-0.4994393004332098
15803,0.19387489258832707,-0.44616562442251895
15804,0.09289480360777272,-0.5652506749870141
15805,0.3497728120663195,-0.3933007338224809
15806,-0.14014517225463172,-0.4105924133846475
15807,0.552600563831702,-0.3809767907348664
15808,1.3937378121874031,0.3237534256146961
15809,0.05437063342117148,-0.20280698812692435
15810,-0.02559995264164375,-0.3647720622330325
15811,1.291065268190318,0.6210933170799331
15812,-0.2263933620439592,-0.36405914033123815
15813,0.20271579617136035,-0.2264390538791362
15814,-0.010488124105668937,-0.05511056713422144
15815,-0.33729698792699137,0.2755928691883392
15816,1.3249133451225998,0.1460049830669754
15817,2.3692837053932827,2.1182655780359134
15818,-0.6573276619263685,2.2953375338855757
15819,0.008223060002815563,0.5709968326807615
15820,-0.15521666527279512,0.5012981075304701
15821,-0.5097253047011475,0.15716577328969353
15822,-0.7779380845751541,0.353488744454417
15823,0.5326857496789468,-0.41135549327620974
15824,0.025432884742832503,-0.328880271985183
15825,0.05900368301762169,-0.1788043338160178
15826,-0.4878874930453136,-0.02978068553844264
15827,-0.5677339792014484,-0.33055918041597715
15828,-0.2351585158464163,-0.2814658180305592
15829,0.029824089231090763,0.18066382723459387
15830,0.327538817778531,0.28247373332707043
15831,-0.1337145710509695,-0.3713358642203774
15832,0.7322850559680445,0.28698087450482723
15833,0.1069788408428105,-0.17787891362897537
15834,0.01830999628104114,-0.3219429036251975
15835,0.3694700325777434,-0.3453682234805978
15836,0.26704430100901344,-0.33258771743028887
15837,0.3086162546342723,-0.09430830717369948
15838,0.24212401930241367,0.47231769526595174
15839,-0.897223506119965,-0.09495905822543073
15840,-0.2995298345295861,-0.022123717745873395
15841,-0.20750034437983975,-0.028599590364820987
15842,-0.03000550275021415,-0.3737040426514266
15843,0.08018518319213827,0.19077979194537284
15844,-0.3886405629368137,-0.43328907027464925
15845,-0.3119785000871452,0.2714966932229765
15846,-0.24384366985097003,-0.2109947997588364
15847,-0.23204749881814846,0.10115934838261449
15848,0.2917824657885401,0.12290376132298102
15849,-0.23130874592020906,-0.44005200723434934
15850,-0.055801541581353226,-0.5485869356193779
15851,0.27636495383772647,0.28369612361861696
15852,-0.24150056038625625,-0.27395162666641637
15853,-0.4284711113279996,-0.0583182074220975
15854,0.48278280640153803,-0.04318734982416661
15855,-0.39799018300692923,-0.027470672283783366
15856,0.019486935835675494,-0.2786440796267699
15857,0.14499478601804952,-0.5897188998761212
15858,0.0939469610456844,-0.5418739404768594
15859,-0.08059278958511928,-0.2555028054662301
15860,0.5616868067732725,-0.2053423765698906
15861,-0.5225116832548333,-0.24218556458363374
15862,-0.37765412684703237,-0.2842397662015655
15863,-0.4252206588771832,0.802481567045367
15864,0.7913230657035715,0.36053312620315275
15865,0.0036569171167377935,-0.26870741136016885
15866,0.38953354938403734,0.23377028379489415
15867,-0.274624935933497,-0.22084078970907584
15868,-0.09177230469010547,-0.3204480560341558
15869,-0.23403989136646125,0.003239589409905287
15870,0.6531782723033307,-0.017879680335738786
15871,0.3603272537245043,1.5449176533285527
15872,0.35461610150046324,1.5189864001490818
15873,-1.467139881269077,0.1863585841050793
15874,1.1448093025495516,-0.36939674917836873
15875,-1.0056865932797847,0.1852028800092885
15876,-0.058530005002637456,-0.2692447047605666
15877,0.38848480355747655,-0.32426420976848375
15878,0.08743298921842703,-0.1934241569667802
15879,0.619882535760338,-0.1832798455131276
15880,0.3890502191900649,0.0748184969829907
15881,-0.318264542968388,-0.21539385903696803
15882,0.7193255904099337,-0.19442041478103408
15883,0.2569892053024448,-0.09738575615976838
15884,1.211863895599642,0.7933778393327435
15885,0.30909833552480703,0.911578361235015
15886,-0.37934538388884803,0.8210785784413888
15887,0.5513427146559003,0.9177930959806383
15888,0.5368727269649086,1.00209574005421
15889,0.6586539616377688,0.7939007671678319
15890,0.06278740839348762,0.09585759134870414
15891,-0.8218918146313753,-0.020842251069571414
15892,0.5395398674166778,0.07261107516231453
15893,0.21848575063157363,-0.16543692019282216
15894,0.33717654063996855,0.08995321028931498
15895,-0.9759361511797843,1.728636278136166
15896,-0.4799319091274635,0.7815919727474361
15897,0.5757033587234388,0.05582436899739571
15898,-0.026393168034196734,-0.15387844032870526
15899,-0.3251086384408141,0.11313303152156867
15900,-0.3122752180650422,-0.3713492179490907
15901,-0.2858777308414291,-0.42351456547572175
15902,0.08936020894599928,-0.27008307679248983
15903,0.9883492602020589,0.19239400571431273
15904,0.9904336217948488,1.4155145842207302
15905,-0.6510145109030238,0.15191176479333332
15906,0.06719762748937592,0.1914785586236516
15907,-0.3176680235267525,-0.1287011124626152
15908,0.5658195337592745,-0.18433272821021063
15909,-0.051718291558774915,-0.3726839694977333
15910,-0.2329378202627111,-0.3347133072297084
15911,0.07283224097135775,0.4416224400297866
15912,-0.5610863317998598,0.3179455930195946
15913,0.9501786867426867,-0.10199676820255901
15914,0.3003778203888142,-0.047929607799966224
15915,0.025725377594383415,0.32288118333729293
15916,-0.4259738132323316,-0.2487288957848689
15917,-0.3494078549467991,0.275750666013365
15918,-0.7777759568332269,0.2681200739399752
15919,0.8894793003680752,0.045795654920867894
15920,-0.0006487584769143545,0.06228737848872513
15921,-0.13062962217908594,-0.22727684214822602
15922,-0.198722041364055,-0.0456963962892581
15923,0.07783153495785612,-0.31313542217069434
15924,0.3775102825893933,0.013347033753271047
15925,0.27841480840962746,0.4758927820822314
15926,0.26207626538247786,0.3713161622402733
15927,-0.21611298305578708,-0.07887510038669816
15928,-0.3314578020420914,-0.19648103529620553
15929,0.4093970534036994,-0.39859342548806076
15930,-0.3525678678336678,-0.13393384607003928
15931,-0.06888028145043272,0.47119867096697193
15932,0.21942011842318532,-0.26786642033117647
15933,-0.157916451440978,-0.23348114856332053
15934,-0.08141251408487467,-0.09254836802367887
15935,0.23560513624331952,0.1677938386390743
15936,-0.16723577056109376,-0.3868814384885233
15937,-0.160755708260786,-0.34075208354801423
15938,0.33465904532007046,0.1148215510411102
15939,-0.08027082840486707,-0.08496153651765902
15940,0.12167027170649368,-0.33709684328908424
15941,0.026510761294761112,-0.5260045353347556
15942,-0.19989738862510284,-0.48846928566929565
15943,0.19454131599178287,-0.27072247806094324
15944,0.5456255342314758,-0.26980101865493106
15945,0.5575233916545657,-0.05036005131132541
15946,0.17948946842737137,-0.20930218129825684
15947,0.12650694246149188,0.9567598899123627
15948,0.4479308486966424,0.16677544545293307
15949,0.0646566732195116,0.15550862720068825
15950,1.4743281416283482,0.38652844645104795
15951,-0.01313444776620305,0.765258750794
15952,0.0028547402938367585,0.20710471337769473
15953,-0.2869307322246069,-0.1357097027054265
15954,0.02079009834427509,0.06710929888559884
15955,-0.9720510160147198,0.068049859097108
15956,0.5533133603884628,-0.13656006705499868
15957,0.36459902132445465,0.15981031912490615
15958,0.439685369793083,-0.112613450273886
15959,-0.513870688997714,0.5623994093811105
15960,-0.29288851272672944,-0.25046350312096727
15961,0.6526883330139854,-0.22255143879494108
15962,-0.0521594611029164,-0.13340095807642766
15963,-0.3564861856266154,-0.0140770596999566
15964,0.4260631913099601,-0.04630155345718705
15965,-0.44294632905235504,-0.05976662603486147
15966,-1.7044037187798327,3.116383463149121
15967,-0.3268487472022031,0.47269464132328304
15968,1.5104530184394034,1.3183967120338205
15969,-0.4727022477680197,0.4413808186722747
15970,-0.37040829590201263,-0.17165264174523354
15971,1.139614303375447,0.0716148631742134
15972,-0.40893687367325554,0.46801008621184326
15973,-0.7514141906756348,0.9128305496306317
15974,-0.08201318429651931,0.25206134111145906
15975,-0.3194495865184071,0.9378961633269617
15976,-0.5155093849434879,0.7065015972118316
15977,-0.8182041747371605,1.4715773800684802
15978,-1.0751376224128943,1.0067381528947796
15979,-1.6458175364848797,1.2105605421803545
15980,1.2722753739146957,0.04765392899234524
15981,0.9213726665877476,0.0300738213520993
15982,0.2103416969972556,-0.383173103971602
15983,-0.2536982795145591,0.025414094967159816
15984,0.38319111340711126,-0.4122431583243253
15985,-0.15435752283679394,-0.5211277676407358
15986,0.22790360656833733,-0.49740978600099356
15987,-0.07917952727089471,-0.5242581116244334
15988,-0.07146329416624236,-0.5154644918374783
15989,0.3061027314592723,-0.44727726129682027
15990,0.16859387476233628,-0.4508516809608431
15991,0.8388141216352261,-0.14291573451447975
15992,-0.35307906130324523,-0.3452963783852677
15993,-0.09241308751058172,-0.5005192580106158
15994,0.2998038883212436,-0.5091961058469101
15995,0.6148337061029756,-0.0782202850762297
15996,0.3060096900894111,-0.5073074347529838
