id,Y1,Y2
1,0.47814883612508724,-0.21501324637049601
2,-0.2562921177622065,-0.5631487375754164
3,-0.2082976024461518,-0.12277749323560018
4,-0.43494305850851817,0.2447343208769775
5,-1.099126424073291,0.31429390188948286
6,0.38667566364157857,0.5781634367847901
7,1.2718884589875967,0.7374956540069788
8,-0.24106485254894403,-0.2392166194407001
9,-0.8374541615808753,0.024944489183555154
10,-1.2566187522385348,-0.36924363240430214
11,-1.4083086323564384,1.4008063687188579
12,0.03591108825444538,0.15030934946891908
13,-0.7180989285109209,0.7319805053929352
14,-0.24721854171742258,-0.3041174499439792
15,-0.14493402599734034,-0.153465268990531
16,1.6214535932078962,-0.2693550376527788
17,1.0194833965690402,-0.2637849041115342
18,1.2779460855119555,0.4463270128682211
19,-0.5244893227295759,-0.1253591810949907
20,-0.9541229977426728,-0.1662755024990666
21,0.8054825976326485,-0.21346090698526063
22,0.9178386460475002,0.39772467341456574
23,-1.0165687876207563,-0.1999003657403255
24,0.8274862207714777,-0.3769470022660171
25,1.60445679765664,0.7789119341023287
26,1.3820241518313405,2.7826722576181493
27,-0.7740811640014195,0.6727486446385582
28,-0.5144343238475948,-0.15177687033355908
29,-3.1843278903326824,2.4562778572505763
30,2.6451490236222943,2.6841381912210815
31,3.5879371589579625,2.1884872954406513
32,-1.897597459145142,1.5159963774928351
33,1.7004279033071306,1.742590268307817
34,1.3082767383677758,1.4342044353472057
35,-0.36228279398139707,1.0475261284827804
36,0.9877545357008832,1.5022435570899118
37,-0.6362339099519453,0.3295152695068805
38,-0.4219870725602191,0.07868968488425197
39,-0.520801279887673,0.10692147384730605
40,1.4524400772531008,-0.4348199212367787
41,-0.9655555257147036,-0.31509686874394605
42,-0.5143931850017129,0.005900462938316388
43,1.072997911216963,-0.5304507946872495
44,-0.5971249711818758,-0.2748828907686766
45,-2.7644229206391464,0.32325358509974605
46,-0.04484106353539485,0.534545661293663
47,1.7994590128506245,0.20427062591162576
48,0.911432395629755,-0.2596644551774396
49,0.46395365271324074,-0.07327170635511485
50,-0.47796759925362087,-0.4300205965319035
51,0.36761654624800033,-0.2829527784578703
52,-1.6388388480930394,-0.39661151803289785
53,-0.40190039769173524,-0.46225686447167885
54,-1.5310885415919346,-0.08389825307578275
55,0.8891044441934812,-0.3986538956689883
56,0.6326145226725441,-0.4777673482144225
57,-0.20282135498301943,-0.3861841131670135
58,-1.5352315702049497,-0.31861621440575205
59,0.9695978262980358,-0.45061979767529353
60,-0.19152922329287742,-0.4923986464578253
61,0.23765649601925581,-0.5482020182237105
62,-0.40149225689139967,-0.3623790738312083
63,-0.8769791950795867,-0.4150645883066374
64,-0.3224833043328875,-0.32925552061113383
65,0.060763336649552906,-0.5142449238714251
66,0.4829195214933253,-0.5007132234900703
67,0.6938610549893873,-0.033605186448322014
68,-0.9540390469487579,-0.18631386890001514
69,0.47353513434483274,-0.5335509270854063
70,0.07387370649163694,-0.4624963333939511
71,0.07328229417694415,0.1058898711021779
72,0.8449732031685713,-0.29346976173953077
73,0.20279972444802155,-0.22864382678166886
74,-0.2780992848978678,0.3973068954612369
75,-0.6989962265024048,-0.49366355251691973
76,0.6511220657333345,-0.2855057919834797
77,-0.7692921519835886,-0.001504878129635025
78,0.5275457288722463,-0.5620590276106009
79,0.9300620476878159,-0.49558167395879715
80,0.21767410334636872,-0.24116087384303636
81,0.37343995720648193,-0.4933606386368053
82,0.8889648021715504,-0.20115335985297195
83,0.4477875222067504,-0.3933289549283186
84,-0.5645370478621485,0.07071567832888781
85,-0.30165161426898535,-0.32681562082981785
86,-0.04727287183962041,-0.45244795213414235
87,-0.25040877274664297,-0.5215539811496989
88,0.3995687109038901,-0.60682001893665
89,0.5681323440411099,-0.46830504694540953
90,-0.1672343545470898,-0.3680457592837249
91,0.6031740833691297,-0.39484253204017505
92,0.6765283147675212,0.0903859108848852
93,-0.7985051977016481,-0.45339354700057066
94,-0.8632000110697495,-0.3691286549695607
95,0.14270917053481563,-0.4962935284010473
96,0.6783594192613196,-0.45347883794674443
97,1.1521346694831212,-0.3638952572714687
98,0.2643551994665816,-0.5154189298154827
99,0.030362791825281656,-0.27334905690739675
100,-0.31212437814146177,-0.36845153170863326
101,0.41288697909791694,-0.4340953476105056
102,-0.5022394047237326,-0.2618834498806326
103,1.4813509351122371,0.3439911267636806
104,1.84938621159114,1.0711566100945165
105,0.12198543192039049,1.6415285770442822
106,1.0098531483579072,1.3262980158312223
107,-0.017596447978770018,1.3953403310544632
108,0.3320584088379992,0.32774418504871783
109,0.5377160294481476,-0.15834990221990494
110,0.027375547857449174,-0.48349975663619765
111,-0.7203513423929162,0.13511425244845174
112,0.3154819623624997,-0.34876464479231994
113,-1.2689014568415151,0.4438627540635088
114,-0.6601610038250012,-0.27440369831638334
115,-0.6261839531861207,1.2840246437961411
116,-0.198947688272215,-0.008209904304079108
117,-0.6821301842659765,0.860240082192703
118,0.05355630930943208,-0.3201952179999418
119,1.4265573318743872,-0.09005915587432903
120,-0.449993956736064,0.004900978463425567
121,-1.3328435137189814,0.15415423647205848
122,0.09421116602208653,0.09258411391485971
123,0.7929110278376731,-0.15420329894529977
124,-0.04662756216978483,-0.2280884314526205
125,0.1692949314675382,0.9799626756496799
126,-0.30429936716275047,1.0732827221603332
127,-3.7295560259987135,3.916008047296461
128,0.7901249207105491,2.373324017313594
129,2.2648364315930865,1.8358831377953673
130,2.2277654482826383,2.6736679035270785
131,3.0142405572415045,2.303120357697697
132,-0.5866857671343334,3.640346723327096
133,1.738487062907599,2.561324422172578
134,-0.11070035254307076,1.236073246038325
135,-0.9373405984818206,2.0258288067072088
136,-1.0347852275809217,0.7873719183743295
137,-0.11860585940341292,0.30084824705047625
138,0.4562797931963467,0.31323440149564175
139,-0.25602537179072615,0.3722306837148738
140,-0.175919271606866,0.1485304505003453
141,-0.161178105744981,-0.4517365984309242
142,-0.056326383414941984,-0.19721342371124698
143,-1.3080705197500084,0.09834996077451152
144,0.023154593365478364,-0.17442638563438567
145,0.8032877657358388,-0.433766237626809
146,-0.20312202926205325,-0.09957756404833878
147,-0.06114507344148346,-0.4402987782146812
148,-1.014504698922748,-0.5510524931693376
149,0.3499185977634616,-0.31918568627577365
150,0.1300599117921225,-0.3389299300588203
151,-0.05984827697207922,-0.4504959117392376
152,-0.5904405131098447,-0.4011376000444743
153,0.36203006722559594,-0.5475551242005663
154,1.1529054952657793,-0.4176502704140367
155,0.49654610366053714,-0.5508815374400693
156,-0.3994399570010388,-0.5319950408706269
157,0.43806742609767346,-0.491572366143787
158,-0.625663245632815,-0.4507979279404684
159,0.6819681075719569,-0.3734869218679661
160,-0.18580648322216747,-0.4365092816024808
161,0.09939096773644827,-0.2832701221265805
162,-0.6030500975937227,-0.34419141967835926
163,-0.5981712395848326,-0.20945237560806496
164,1.3851214923858894,-0.47943448335310485
165,-0.1891228920569675,-0.16664154250214702
166,-0.5257970996003557,-0.5258211166835085
167,-0.6364348337339379,-0.4357657196685532
168,-0.3775955340652225,-0.32165756210755697
169,-0.15128518434793603,-0.26143850046411127
170,-0.45586627429731763,-0.41309695892556914
171,-0.6786057119519039,-0.0183058130375614
172,0.041940818366488865,-0.3843812812838253
173,1.117145012908793,-0.4081095663849955
174,-0.3932552698468873,-0.33256381039425253
175,-2.338221923583462,0.15804190153791292
176,0.36153950759547027,0.276950260942439
177,-0.4954723070746344,-0.33638581307321297
178,-0.031429414256016856,-0.11817563649440825
179,1.0287364489471575,-0.43023632092353764
180,-0.2989061906251228,-0.5573072200938679
181,-0.4679579614803703,-0.22894646064063506
182,-0.37572240493156583,-0.5005768736587353
183,0.6674346419683872,-0.48000876142471105
184,-0.15020332497708583,-0.525182797352676
185,-0.889376579110969,-0.3164740501405125
186,0.6901217320009758,-0.36864390368245015
187,-1.4033602797168487,-0.3151123770991627
188,-0.9231405196235903,-0.10759668635522543
189,0.012174145678226769,-0.20717810077949603
190,-0.7583967053402566,-0.2027255582044469
191,0.018836243345747107,-0.3080187140184316
192,0.6908469579886874,0.07983536268135585
193,0.747727611621733,-0.2993886933533048
194,-1.2879887091129938,-0.37051414165870056
195,0.06532031899871941,-0.510298914268789
196,0.3737669176780252,-0.13699438684345522
197,0.769898681823747,0.8491954926212203
198,0.7670958307500605,0.3708440606175794
199,-0.1619738079857523,-0.2759202304622311
200,1.4590653957056556,-0.04350399196067764
201,0.26207075774779853,-0.2914996239759638
202,-0.3131551648988823,-0.31287590916373537
203,2.923666747441949,0.7289523383261903
204,-1.1856933253679711,-0.21654440751474716
205,-0.5039581963519846,-0.24307495283886257
206,0.15763335374798643,-0.3614725870298574
207,0.2704659447266614,-0.10944068791323822
208,-0.07854645304858664,-0.2787132090959497
209,-0.5487450422323472,-0.49028761378072344
210,-0.6584486232657496,-0.5076852407404241
211,0.21573833653864893,-0.4877076824949511
212,-0.17463155047099674,-0.5077482565867846
213,-0.398131489225662,-0.48778784352108756
214,-0.7793719827327237,-0.4573205876891234
215,0.5416911021363342,0.236800455006368
216,-1.015893227813179,0.019319732165926688
217,1.8210381986126272,0.20836859503888552
218,0.7687170242605765,-0.3483269704477525
219,-1.2453220010064048,0.057385352609504975
220,-0.9239371848255582,-0.3585164592148368
221,3.410586219191048,1.0114070587604564
222,-0.8006955995310899,2.5891202747003645
223,0.4679588359438955,1.4523369982002297
224,1.4296871441308692,0.107899528200429
225,-0.5841287450747157,-0.34768485394081766
226,1.0671696757432176,0.01004140696843951
227,1.6464764596195283,2.452361608865953
228,1.0717750816179092,1.616783138066581
229,3.3937184146517048,9.081703937909577
230,-2.1442497845326627,11.200952557153945
231,0.6486241552201313,2.776502079920618
232,0.11731789624648686,0.4834283180700061
233,-0.30898353429710235,0.8277702825736031
234,-0.056496810774284714,0.06685253145342364
235,0.641490557586468,2.8231965125242193
236,-2.3656799285691394,1.0924876242814374
237,-0.826727671000067,1.0957688853924876
238,0.19696303257157632,0.12523690504317975
239,-0.24275700631811156,-0.12409258766087959
240,-0.7390417020014988,-0.5059612689586677
241,1.5281011620596199,-0.24378969506497783
242,-1.1246944725151788,-0.36181593197465617
243,0.10385282114501526,-0.2701777511663289
244,0.13995735433911347,-0.4151933823945073
245,0.23914660160849943,-0.37684317816085117
246,1.7784642893139704,0.13160165428235215
247,3.587166096989357,5.3591516909480825
248,-7.701469192362544,12.246353529543565
249,-2.4994150100513286,4.773350666841212
250,1.7466297125572885,1.9036068385277685
251,-4.798061437136465,2.59504656592427
252,-0.12531526802591622,1.4561178791065958
253,0.7612093608807755,-0.1456016891630527
254,0.6194402159426697,-0.05062053879880375
255,-5.661294057974303,2.7687660649843786
256,-1.585824293484502,2.4073311463287035
257,-4.5520322196732375,3.522267200432921
258,0.7866607816636184,2.5254766451225477
259,0.2895871804554105,2.26537424342325
260,0.7877620512548531,0.9199368502138436
261,-0.14177536174145955,1.336556418780718
262,-1.197627083511774,0.7237190479578903
263,1.4477961848108771,2.0744078641978394
264,0.8470669610140034,2.3533840155221837
265,1.4658365217589178,1.1395257047321117
266,0.326273317165885,-0.019143115721578716
267,0.6048837406580444,0.4918183655556959
268,0.40717611000048365,0.3324426945413987
269,0.6784829576096307,0.5099671371326856
270,0.40807640760313324,1.0419607725312563
271,-0.1262524145775857,0.6339691665604803
272,-0.7703101988029816,0.06610144969275011
273,0.9167821930609614,1.2353593693961153
274,0.6055806312870134,0.06060198861090403
275,-1.5609526206169093,-0.41073793618055715
276,0.4691157093616128,0.1591686395264889
277,-1.1669492510227075,-0.13969298392307697
278,0.7184859119786942,-0.3256511469967435
279,-0.08654548287915409,-0.31614313254079507
280,-0.47510898837212806,-0.33313449056672195
281,1.9603645337642435,0.20459789823849076
282,-0.5670670961876179,-0.5294708770216956
283,0.4630822652172401,0.10052977941444488
284,-0.43609700695257375,-0.4938839956501437
285,0.044801206215180564,-0.3420813535345598
286,-0.9467099857375189,-0.4641467398681636
287,-0.01084125587423323,-0.34161303638122403
288,-0.3859164708819358,-0.29752508805150857
289,-0.7753150194454526,0.1605500525960482
290,-0.8791266112553451,0.39134672838631196
291,0.020565681508644677,0.4083978252329652
292,1.15123695506305,0.9932616264694104
293,-1.0733247062904423,0.03224110740219564
294,0.7603357806310788,-0.3955334480672482
295,0.7321828578254987,0.19131420462167487
296,-0.6000671710483705,-0.2574066770417701
297,0.3590656501804565,0.2938177292241688
298,0.04822322403055717,-0.10846307842995447
299,-0.36098774648270626,-0.10099078376252732
300,-0.029727133832634735,-0.3588103114696658
301,0.6938287968978661,-0.3533866189175312
302,-1.4514238867732312,0.002065142594122201
303,0.254350126438863,-0.030773129702062668
304,-1.6692100484292556,0.1926737513071374
305,0.00949552577467117,2.240531836913939
306,-1.072027720492387,0.3153588295338943
307,0.8755368189221902,0.3652523969420708
308,-1.2055655987430123,-0.2066564379456106
309,0.4269789780134937,-0.345754342569886
310,-0.5403781340934191,-0.33919202358987
311,-0.12327379393444601,0.3514381478326741
312,-2.162904500898571,0.8484706719196835
313,-2.192397280627527,2.501887164632365
314,-1.813377585003755,4.966816336803349
315,0.11236640656355977,2.226400919757005
316,0.7527825973160495,1.2022416013646946
317,1.8005100014335467,3.0096884198196046
318,0.2918230204915852,1.1923251427621764
319,-3.391187351998128,2.736398395655902
320,2.242885007115765,1.3186911754808703
321,-2.3971927950332326,1.394811009033361
322,-1.5960289316658858,2.750579505058525
323,1.329714881321804,1.8187895978005175
324,0.7871722863756255,0.42128749009377836
325,1.55837811171725,0.41995465311968033
326,0.04787167549972662,0.5081538878915937
327,0.6295138742915659,0.9201903802475002
328,0.6833956244885301,-0.010838664418828602
329,-1.2451884497688979,-0.1363083540893711
330,-0.8763806345258256,0.04537325019692874
331,0.45308489993554074,-0.49398219075821836
332,-0.19866655186184046,-0.31150960885110457
333,1.5921308569217822,-0.32582293927639927
334,-1.1592597429431546,-0.25684635020505353
335,-0.7959361455078258,-0.3905889891256827
336,0.49818863042370864,-0.2442606837038889
337,2.2963092366823563,-0.4251072193407865
338,-0.22605345693960432,-0.36549897746256077
339,0.7131133328975539,-0.04329165917359677
340,-1.3673600738878031,0.06609632101689528
341,1.2433660532400341,-0.3453676969685761
342,-0.9330245949899637,-0.3149579249129888
343,0.27334002588876544,-0.24990032186264086
344,-1.1239992634552014,-0.41885056285191397
345,1.1714411659363335,-0.4473893209180544
346,1.2140870863069173,0.12656799302072655
347,0.3296422986128848,-0.28178121356577934
348,0.2468403757145015,-0.519796963366355
349,0.13020398332928654,-0.3623729263403401
350,1.1475950314421792,-0.3539342612321199
351,-0.13735780804685538,-0.3612886050372323
352,-0.08554880866426984,-0.40282618621503813
353,0.0033234645058335035,-0.5366752244182286
354,0.12220022686395247,-0.5768244880426444
355,-0.9883644452036447,-0.43664106759034443
356,0.8557390580742186,-0.44237749460110365
357,0.36359890458218974,-0.2976080295508369
358,1.3211572765503903,-0.08385531340715861
359,-0.6959702886241111,-0.021883364694935074
360,1.2042308958040973,-0.11186636195702586
361,-0.33733507801729734,-0.28829762660088504
362,-1.4733415728134631,-0.414520697292367
363,0.7293551744757576,-0.4267503931711123
364,-0.4506990778695542,-0.41547064764434755
365,-0.7578915903290527,-0.4825704909920647
366,-1.4757171660387167,-0.17161821914732503
367,2.2385446812722445,-0.37735056877195816
368,-0.6249678145022579,-0.374577637279716
369,0.18580301360008894,-0.5164550151356133
370,-0.19078299125907142,-0.4796429147524689
371,-0.3161341367552174,-0.5676193696734143
372,0.4559261196722564,-0.5426781685071784
373,-0.6237437747397968,-0.2633357763044481
374,0.37449696750782585,-0.4864342856850475
375,-0.6182304216065857,-0.536022397590411
376,0.5122218930022577,-0.5703349419475738
377,-0.4410231814570842,-0.41368344741006047
378,-0.20970242659852514,-0.4539718711619251
379,0.5849536005808921,-0.23302545031841107
380,1.2189577271107412,-0.4876920233911958
381,0.8158405346358859,-0.22099130613408288
382,0.09615149037309063,-0.2987650774559012
383,0.21654935415453302,0.2398532337704709
384,0.006067708574853182,-0.42483298947573367
385,-0.8862406236136697,-0.5099273939334137
386,-0.3716492143802227,-0.5268214129953056
387,2.3998358019407093,-0.25494459113913875
388,0.3712933745752416,0.5056205338630837
389,0.5328998424484948,-0.07759993359589051
390,1.1016000023195773,0.39944913983206687
391,0.9846696812967375,0.35497499969697555
392,0.28361388106636726,-0.05419964228973052
393,0.5730181443117556,-0.2819668799047356
394,-0.4728936433348476,-0.00834026267363945
395,-0.0014540144181081228,-0.07114921120378404
396,-0.3326557850633911,-0.29268236438958717
397,0.7089202831041754,0.40508869107135786
398,0.1196635403652388,-0.40960299503764885
399,-3.5508554046881122,0.7685994658854011
400,-3.376888434816898,2.8664269232381145
401,-0.7939850939835796,0.8462573090520655
402,-1.2301134928830268,2.022338887085034
403,-1.5749904971791242,1.1860271960680298
404,-2.272982959470289,1.4452297355420878
405,0.6146251339156306,1.3331709376979974
406,3.3572195624787224,0.2371745091236155
407,-0.8551137539683855,0.5581086212759044
408,0.11182933242421672,0.6994718672988625
409,1.6691082796534762,4.563092298970592
410,0.7013772869690791,0.39616191519249816
411,0.17405601045374305,1.0193012860220647
412,-1.6160733728070258,0.3626353164791669
413,-1.1467243633181232,0.5127820837816666
414,4.879786366053801,2.5612540556792722
415,-1.3141745606344557,1.659919756949629
416,-0.7037721803440373,0.5372888642819749
417,-1.4196747147237916,0.3916477923260728
418,1.5539816792893546,1.6668601853876264
419,4.415420192649796,4.204272410759449
420,-1.1950184231603476,2.533881409991137
421,-2.0639523357350167,2.5325679785995416
422,-0.08250692747721582,0.7987469896003355
423,2.090083761267869,1.8832495477194298
424,-2.0552003395925995,-0.06289189758763017
425,0.4375532497955274,0.33656141663873895
426,1.557357051898505,0.462391641490105
427,-1.3784765442988987,0.6585546999364819
428,1.5532952455625797,-0.1150653324877091
429,2.5315760037249846,0.9611305872801756
430,1.5298114797841889,1.1475998610927116
431,-1.8727344717697691,-0.01250532365873074
432,-0.16407232181618756,-0.13285891188101737
433,-0.35769649733849807,-0.14638400359566206
434,0.01202566881129658,-0.329730853282216
435,1.3393363856607665,-0.2003654813230069
436,-0.4066945048295714,-0.2941847396539865
437,0.10401667134648285,-0.0478372968515925
438,-0.8190652897782281,-0.24411861630313997
439,-0.46114200437105946,-0.3311452647078407
440,-0.25013004347742895,-0.4952598104072744
441,1.2886411818170436,-0.29976142791498456
442,0.36274774117442976,-0.4967006327516429
443,0.3866861433541873,-0.532088647657471
444,-0.3188887594000409,-0.4270398792407202
445,1.037409288655406,-0.47652004995896713
446,-0.8715271257168955,-0.4829749172391641
447,-0.037694189237137674,-0.4359891852372742
448,0.1272239428706401,-0.5498246174186647
449,-0.37942363946834623,-0.5149464179303059
450,-0.181918801093641,-0.6140192854598344
451,-1.0679877864705603,-0.446845237133657
452,-0.4258190269532116,-0.14601068062567343
453,0.3025913066855986,-0.48795129752666017
454,0.45588509917797637,-0.620847300168853
455,-0.6966152117671931,-0.48797761507287457
456,-0.011360537442682861,-0.5391363829956152
457,-0.9907402865533815,-0.32936530261251273
458,1.3907111337297982,-0.5295511787014764
459,0.59581048547446,-0.35279239860798706
460,0.8306945885390872,-0.5622312797555324
461,-0.4850464345878952,-0.5228927564878558
462,-0.4684999075455257,-0.381091514998321
463,-0.432682843985173,-0.4361474862764185
464,-0.4881965825914379,-0.506526157396778
465,1.0893841493046466,-0.5397137018861684
466,-0.5728227836658416,-0.5191821636309139
467,-0.5998933907417937,-0.5603333273953592
468,-0.41909689718433396,-0.507086237674768
469,0.03491360106539266,-0.36573498593695614
470,-0.35407049076703045,-0.5498555354356792
471,0.7184075800905589,-0.48989176620229935
472,0.15630751729244574,-0.5762319338703809
473,-0.5916400154625194,-0.154658275460662
474,-0.3772488275056648,-0.5167794695716479
475,0.3081306546741578,-0.5838210945591109
476,0.555338997403187,-0.640533350005623
477,-0.6172738192637474,-0.4866410029736372
478,-0.2770808889813444,-0.5017922189440351
479,0.07221772153233771,-0.6340827132048743
480,-0.20692287929156952,-0.623679287652414
481,-1.084940300129262,-0.3768958279525483
482,0.4322125063355589,-0.4440439678761273
483,-0.33638951619807117,-0.3744414713561552
484,0.752451260443127,-0.5676489488986788
485,-0.1504841483508159,-0.5099142039114715
486,0.24140329895825952,-0.5060053248707795
487,-0.10437953112984727,-0.5279982594518685
488,-0.40901335737568195,-0.5705751574317801
489,0.6042232936943531,-0.4712710627504209
490,-0.1296320665641558,-0.5580475647240027
491,1.0250201328262503,-0.2845554706126554
492,-0.1248833450663576,-0.5248721600598184
493,0.2028934297637038,-0.5235114669350411
494,0.30780308548910895,-0.5531316752908783
495,0.16147432615676122,-0.48359303821339644
496,-0.37154638674774,-0.4918732249591671
497,-0.6272390692107571,-0.5336309504352701
498,0.11537158579952098,-0.5983424793241331
499,-0.6086914877379485,-0.32869751809869624
500,0.4905149566325867,-0.456553778138134
501,-0.48385507627111246,-0.5446996503494006
502,-0.036679785738560934,-0.5678876014385675
503,0.047559732245039524,-0.4472054963420169
504,-0.29299992267381075,-0.4643838322846393
505,-1.230079574652206,-0.2426740928066847
506,0.36935102796089087,-0.048833891786459645
507,-0.9592936149792206,-0.40974713271512564
508,-1.2298774301090287,0.35565636944338264
509,-0.8211114243856253,-0.15742867504424113
510,0.19922775476192192,-0.013679968981116512
511,0.2536281888666664,0.21117747289394811
512,0.42851134186913564,-0.34193563020867745
513,0.1442185750961522,-0.176637467496016
514,-0.18738336987614573,-0.4339587386913035
515,-0.965992773454805,-0.42174050138957564
516,-0.23725206374867316,-0.4969952862407896
517,-1.2242495929271955,-0.35625564874723314
518,1.0432015511179398,-0.4942128325718488
519,0.5289454169381214,-0.5385511462188547
520,-0.13117828937457107,-0.4936317102080771
521,0.5843784419274044,-0.49330410688832665
522,-0.27103263459918936,-0.5021557671588702
523,0.0020942278020130486,-0.5813892625510559
524,0.7843571453580644,-0.5549445146426519
525,0.14405971941189538,-0.5196648555051806
526,-0.41222212152095433,-0.5062914095619371
527,0.9839577140497977,-0.5895709660216509
528,-0.41392249411609805,-0.3954241664105291
529,0.157045509242589,-0.5667470910220314
530,0.23102093455313844,-0.48421308805975216
531,-0.008103714627481497,-0.5706690805404769
532,-0.27430698349236915,-0.48064183902062413
533,-0.5461355175231863,-0.5737510943301454
534,-0.4182016796368433,-0.4854852721918019
535,0.5482301554248219,-0.566456180312811
536,0.3896981528216745,-0.6386293392230691
537,-0.016965920944974934,-0.4626093338053131
538,0.07783936182180336,-0.5544512288578225
539,0.26383840260448777,-0.5398189047004995
540,0.3618060389507784,-0.49679883888698684
541,-0.7865431271407824,-0.3648891752314626
542,-0.5705462397870638,-0.5099962168419151
543,0.5944898361608604,-0.554140794902689
544,-0.20619707116578623,-0.29410560215977544
545,0.4122234448380629,-0.5541764984443673
546,0.46262271813532857,-0.6521645993347184
547,0.1623717510112161,-0.5209695556728258
548,-0.15582155579896337,-0.4833256031383602
549,0.5412914019900255,-0.6058870351078003
550,0.8857721857003695,-0.4259228922883826
551,-0.4670707167739009,-0.4097752543460248
552,0.48984607739197045,-0.5198676971880983
553,0.05527119246875494,-0.5110849186462016
554,-0.1960403653843854,-0.5537152664320076
555,-0.04020936643149234,-0.5845356416662095
556,0.5147439070948203,-0.3924227593054516
557,-0.8554791339050833,-0.49888276207062837
558,-0.27148186171677907,-0.42246645838497254
559,-0.31133452998025474,-0.5156376889158877
560,-0.10151952883047,-0.5382704857476848
561,-0.12917241380883226,-0.6542206018209458
562,-0.41027617002002936,-0.44592384068484636
563,0.18058191996631967,-0.5070097639499185
564,-0.3934239511929599,-0.5314682082309232
565,0.009623884386322201,-0.5262676520570119
566,0.4527843588019088,-0.45870288346680305
567,-0.3375755177239079,-0.45746370429074734
568,0.355985769337239,-0.4052629618218157
569,0.12994890217408597,-0.5759613533113552
570,0.31118176225955546,-0.5133140248578765
571,-0.189424537739263,-0.49150033595611203
572,0.3584722427873923,-0.5758515325168789
573,-0.45565838306156553,-0.4191358544866142
574,0.4304308838627554,-0.6061454483227967
575,-0.32493359954967993,-0.3742769085542028
576,0.04270475444647679,-0.5665533311696711
577,-0.8991156086466251,-0.28739920889496634
578,-0.6234477249270568,-0.49195931772463025
579,0.20721879065034157,-0.3920206589005918
580,-0.5654487172737848,-0.3359051334386162
581,-0.09405201040727085,-0.4613943980004704
582,-0.2644938835370458,-0.3771109644934934
583,-0.8512306579119329,-0.2388474080011318
584,-0.38851244449024014,-0.21704271773014674
585,1.0315207661245813,-0.293985809697617
586,0.35658077908174307,-0.6480649333818175
587,-0.4800450063573347,-0.3814260499434563
588,0.8227238616107526,-0.5549327484175782
589,-0.15023002101421673,-0.5398382959130534
590,-0.17855675086116515,-0.3859017307864907
591,-0.6026238081345188,-0.5939464022835593
592,-0.4194505668400768,-0.5353542166316395
593,-0.11385751264104273,-0.524723749009932
594,0.5044415730782291,-0.4479388796468394
595,-0.8014248900000149,-0.4909057166547134
596,0.3125760543888364,-0.39257712893813607
597,0.09964283746185382,-0.2883945889212421
598,0.38776650617858716,-0.5654375185638805
599,-0.17218253666051797,-0.5644007725831782
600,-0.05575721270981628,-0.547623521409415
601,-0.8726980485084334,-0.4358816364978476
602,-0.621804739650633,-0.4028797089501468
603,0.16814255797321304,-0.21925084579678425
604,-1.5461921290455074,0.2560287560728332
605,-0.752098031654987,0.7231498817630835
606,-1.106758108960226,1.5701347287969862
607,2.167290108408885,0.2396880670008525
608,-1.5209242157515743,-0.17752097109277368
609,1.145886925720936,-0.2255393325988003
610,0.8213394532210069,-0.41494341580324856
611,-0.7948575469346266,-0.09757012505369587
612,-0.7904774397976596,-0.13686313766683142
613,1.0423184385840163,-0.45792349085621903
614,-0.4513590889468422,-0.5823904004081986
615,-0.7347221296051722,-0.3282196886644059
616,-0.05751089299855485,-0.27491654253039355
617,-1.3806045650261611,-0.23955668543257755
618,-0.9129062072787881,0.3931124873048936
619,-1.3307903504246135,0.7413258399093697
620,-0.7124566241265442,0.9262027542358702
621,-2.7075794129816657,3.041390418682884
622,-1.4774438935957508,3.3395990681514185
623,-2.0814104746138335,3.3568321583998895
624,-3.903580882049635,6.735274930459358
625,-1.9591530057621467,3.6124689653754225
626,-0.3844816232921813,5.029626578897282
627,0.8795728850911928,3.336017079545725
628,0.41574886284984913,2.945808525306541
629,0.036018222213980454,1.261004645480751
630,0.7648017190043266,1.6486093302909335
631,-0.8115902936336352,1.3472833498068773
632,-0.5070838337622,0.356692461531314
633,-0.8954135672272578,7.411357793245424
634,-2.618366869555039,1.6741564433403453
635,2.5813384387293574,1.745473059632723
636,-0.4117722312438606,1.3249898487721425
637,-0.30879265579716625,0.708325789142447
638,-0.9600001350422823,-0.20496495044184618
639,0.5773397728046844,5.474144184329827
640,0.1594362703828055,1.55679893537992
641,-3.9526628901955743,0.8059646276193259
642,-0.737766645758023,2.260270192895545
643,-1.5033837210064815,4.239059757493557
644,-2.262025907452707,4.208005103292576
645,5.2231682517559275,2.8430525162372624
646,0.28513311083178233,1.6226833493329722
647,-4.244465318962387,2.3475173631307493
648,3.80871913141541,2.131351827600646
649,-2.0719352406431293,1.4301982906083317
650,1.4085790848358213,1.095988356606035
651,3.0124249160248553,2.1238475185531787
652,1.4247052502879147,3.64056453063621
653,-1.997846789627786,1.1914064470700303
654,2.0500284229892776,0.9393631616196058
655,-0.7825836435892581,0.6432927794488713
656,-2.2723554752440784,0.5821502118305081
657,-0.9089107894533617,0.01274985094935313
658,-0.24462660789606017,0.668247795169638
659,-2.1791166275271516,0.5661367807878706
660,0.7899638552354431,1.953203124410481
661,-7.160580044400212,6.184461849668937
662,2.3597396982014542,3.0149834176654156
663,-1.0015016386285456,2.2749688557763696
664,0.8053162860563108,2.079434855457362
665,-3.3990548079247382,1.4281215248325438
666,1.1083821966251222,2.706282919552203
667,0.3977707000555877,2.4509745177176696
668,0.16919965381460034,1.2835271208041863
669,-1.7946196069565985,2.1869377508686365
670,-0.49554542994072837,2.1868793421756245
671,-0.5583590444662406,1.3211285226145444
672,-6.868823914468666,8.192466364017005
673,-4.484119268501615,9.436354979834526
674,-2.619488534586207,12.698323623604557
675,2.8904336591501147,7.086894360988248
676,-0.06020688838652082,4.7787216530070475
677,1.192043263660482,4.196054434026993
678,-1.7780934264668276,2.533158058516336
679,1.8904373483317707,4.64791286522265
680,5.436121921187028,5.501298398897706
681,2.5435173150922012,11.10913765262022
682,-2.192149698010703,3.4227465102322348
683,-1.112132608661507,1.8837419270659255
684,0.8882165968799218,2.0176120345743236
685,2.150107403021412,1.7505860851352728
686,-2.250899062712753,2.244039075892875
687,3.9786618887649876,2.2749995094069466
688,1.2028195832790207,3.596513151376558
689,0.34276422304442933,2.3600089846382626
690,-2.3564260037699283,1.419901889578936
691,0.8607683624728206,1.2790586044955434
692,-0.5184861489247973,0.880281168635858
693,-2.766709936313056,1.5835243627858249
694,0.5890418059588545,0.5353570202849889
695,0.3451577105910688,1.1432843508736092
696,4.380914691573186,3.7693387533891154
697,-2.7357586872247515,3.2280960184511143
698,2.576686794212084,3.385911336657772
699,-0.774685389869212,1.9499680682761702
700,-1.7199941322333128,2.0109186187559285
701,-3.8036964495551002,5.539893899735931
702,13.133023887050042,11.87408958348174
703,6.342482618267144,11.893449695048629
704,-7.376543874832568,13.943137222405285
705,2.107412114180345,11.652910979210777
706,2.0037467994171787,5.278990343137443
707,-5.194882129218466,6.508563120178434
708,-0.05625706441546629,6.394922743366943
709,4.676277631268238,3.2588183411121068
710,-2.2519827429085164,0.37920014234863286
711,-1.0021131985228413,0.6822825980537092
712,-0.16489075537728348,2.273612378065508
713,-1.938923317175966,0.9860578295491907
714,-2.553032303440999,0.9250533869203691
715,4.641885021235695,4.058790107195291
716,1.6930033989951343,1.1419257075684668
717,2.1468736203451697,0.8354221254749574
718,0.11511633507261759,1.9846912181393777
719,-1.372433625653591,0.1381089051878746
720,-0.9434245619362271,1.0355995039002317
721,1.4020488749563575,-0.19658544126717672
722,-2.170608235732836,0.21597800913324303
723,-0.7129189158528447,1.133881086517684
724,-0.2650846761756706,0.64625013614056
725,-0.03699541867495664,0.43003191968728804
726,-0.2520500023499801,0.7918147385691543
727,0.8717101152921971,-0.031223593971550223
728,2.3776872543896395,-0.07840156313292558
729,2.2707704367873607,0.014884927375645328
730,-1.0573995061647825,-0.22628549317286434
731,0.37943951022212047,0.09784694762369474
732,-1.111169351959963,-0.3749949834141478
733,0.07522290821609778,-0.4608631557091061
734,1.247321624012929,-0.39672821039684714
735,1.7587469949481733,0.09543913602867515
736,1.0740831165921205,0.03271390703837035
737,0.19943011412094133,0.07747349050309346
738,-0.3494323763698807,-0.1940609932018486
739,-1.0096387967662672,-0.13835148585590903
740,-0.11687668692722333,-0.09853764667135914
741,-2.267218171873144,-0.2015574628696465
742,-0.3822875725765757,-0.05571964211775228
743,1.6821275082020153,0.5065899337894275
744,-0.943756691142807,0.07856925464386003
745,-0.2006380871544662,-0.2873496330535592
746,-1.6861226973496517,-0.3507824578389328
747,1.1576809831901806,-0.3249854632771816
748,2.701626914538182,0.4324875151688015
749,3.3950873457236046,2.0765319478908233
750,0.6879677726182342,0.7060204316431441
751,0.9962459159858299,1.1882297489918794
752,-0.9721521652758047,0.7855211493120964
753,-0.991160347605337,0.4848417120479889
754,-1.0561645258855024,-0.023291736174739865
755,0.19619650629350693,-0.40660706009562514
756,0.7119677210199316,0.25782282836874326
757,-1.6509517092877288,-0.06000489745578007
758,0.2795922438264232,-0.1775996929223753
759,0.8963174667303304,-0.5386467440599746
760,1.0059126273537988,-0.4276866286705512
761,-0.17973517135472647,0.015132582787407211
762,0.2549661806731454,-0.1797747072603072
763,-2.300810950284924,-0.0633403472414398
764,-1.2678000827721492,0.028507017430851732
765,0.5570738807259423,-0.5305219424714656
766,0.7031430744153263,-0.2603212479121599
767,-2.0375158591315143,0.9247514617115423
768,-0.41560685757022275,-0.3089155125217712
769,0.4096873483952904,0.44531308122822477
770,-0.7824153475405955,-0.20215554095925886
771,0.0926064015421147,-0.08356071019461227
772,0.6695594961298283,-0.0818973759744819
773,-0.32742361109482615,0.07923581918809962
774,0.3432466639177689,0.23779109264579143
775,-2.1468544996441477,0.29919976595818326
776,-0.5036738035594911,0.7167320606269365
777,1.466385426612023,0.24745758954512428
778,-0.13332391906361313,-0.31865125659635135
779,0.008867656234826526,-0.033464174194342514
780,-1.1209325155521168,-0.33413902590085276
781,1.5929111958697364,-0.14160003575753005
782,-1.2174391184489093,-0.15877406398682875
783,0.11567968742204252,-0.35358577533361557
784,0.44584250032640393,-0.5059292601407543
785,0.4958283566359224,0.13107410434135164
786,-0.4389858067878539,-0.43353339481639347
787,0.8669908286829604,0.12451757689120158
788,1.4345827662282973,0.42327962899201277
789,1.5002434703852927,1.627507290188241
790,2.078147459530303,1.39867224393461
791,-0.27654590314808103,1.238919684598924
792,-0.6334637106405561,1.408103362970743
793,-1.2435718491279222,0.8385971950636513
794,0.8191009182066156,0.4236317221824467
795,0.942476107225866,1.6319318387909527
796,0.9583247104442332,0.6174356624527189
797,-1.8423475073173983,2.2855859456374996
798,0.455444424983227,1.736647822530298
799,0.5598109479474274,1.68725026886583
800,-2.5218094993543856,0.6627596168132179
801,-1.905372687790934,1.330543784069837
802,-2.9548660965846834,1.846412910175132
803,-0.4977073227256125,0.455294901667791
804,-0.3904110854689909,1.2186154777633922
805,1.6093852560424806,0.6756324366527342
806,-0.6255497170009348,0.24531201004650566
807,-1.33616198858734,0.6912031146215416
808,-0.2961141084633762,1.549993845747359
809,-3.743120268588055,1.866942701387116
810,-1.0364163959889237,3.064461221854061
811,-2.0180051786504345,2.530231681219631
812,-2.2903675041112512,2.356774065121218
813,3.659690177444392,4.2431877933892075
814,0.5076693593592516,1.0439655669662746
815,-1.1008152705959564,0.9049543044168404
816,1.27047915859758,0.10694516137320985
817,0.07552224474155285,2.316149141874071
818,-0.8602424894016036,0.13474925336242038
819,-2.3709156782490655,0.2880635805216468
820,0.5419036523828231,0.8613375178400077
821,-2.638423051543187,0.7392644146190784
822,1.3639719396940302,2.39807277685853
823,0.3678173103603031,0.5864023766794411
824,-0.8608916202267296,-0.22870910733540875
825,2.8746612058412206,0.2231582357546999
826,-0.24990274424719622,-0.10587449120448003
827,-0.7987670155516522,-0.1454996990823101
828,-1.0985212361045482,0.16138609961368636
829,1.518030289849595,-0.34244063094912264
830,0.2286304829942991,-0.4659508785407935
831,-1.843753766177694,0.02639602575212951
832,-0.41208320719203567,0.31773619461377905
833,-0.9940696693749222,-0.13170152574133995
834,1.1110466462898805,-0.19600547443317812
835,-1.525441709936224,-0.062492964262817884
836,-0.7321556049459417,-0.30353116796262525
837,0.1655966381167066,-0.21351044007733513
838,0.10674759546979554,0.22574724084684097
839,1.195287173317228,1.1375322863839192
840,-0.07117738164593594,1.3100131433520346
841,-0.7369303897699249,0.7884291902454451
842,-0.7226601120658386,-0.11007141225040705
843,-6.750264645424033,2.816626037872167
844,-3.754390195925329,6.657073850407111
845,5.301509731495124,4.8050547432859245
846,3.2798471107049925,2.608486136759535
847,1.1101198052257484,1.8347621846614055
848,-1.9172848018276858,1.1387654583153028
849,-1.2018576331342725,0.5314495740319002
850,-0.00842488912563657,1.0959245918940244
851,0.3800009939592296,0.3033622680951938
852,-1.6988402138332057,0.36184904385956945
853,-0.7390924509394983,1.0014079862694283
854,-0.6363875755813109,0.4571689776097253
855,3.5277719898451325,3.025673652252458
856,-0.6369326260934355,0.7827694705494368
857,4.166919169771829,2.260163945441696
858,-0.8649010561245458,0.7053441295938689
859,0.4344461005153488,0.3318835429513213
860,1.1341706289817606,0.43900246336006993
861,-0.4570900505269019,0.6094997337216134
862,0.6890905278839448,-0.21551668630370227
863,3.0441487333276185,0.8045771888725352
864,-2.049011580577609,0.03565484641746039
865,1.064938481101425,0.2444804136823393
866,-1.3889771905943014,0.09647320993105789
867,4.023971822913996,4.1494573055673065
868,0.294006511545834,0.6320744271312896
869,1.0405123976211657,0.7391437404219606
870,-1.1202688303387298,-0.07449635802534535
871,-1.3668876126248986,0.35454695557083954
872,0.02197882521000783,0.06659313793842016
873,-0.42391591958253194,0.680700423048298
874,0.5576192889904767,0.13729648110622078
875,0.1509645680816641,-0.2891045874523039
876,-0.7468453365534616,-0.2327167721664669
877,0.6021046991757961,-0.33143235805123267
878,0.20847241012492912,-0.37585095917833894
879,0.24105649800568063,-0.11061410747322102
880,-1.3255235180673315,-0.2333511380103855
881,-0.5931056682639853,0.21962305571523427
882,0.8619887690994941,0.7476613691432396
883,-3.428681067555299,5.7479301032778185
884,-0.18580931577125398,1.2183918769885973
885,-3.5516063553525794,2.2319798696661217
886,1.1551286270680867,2.914750355719022
887,1.2959609450322083,-0.04904277397646067
888,-1.4281045888859583,0.7455720599448197
889,1.0933519081172525,0.3685190493884588
890,1.493552644253583,1.5708466563524384
891,0.7716061062353838,1.4105082011957397
892,-0.7992455628563847,0.46934741945363184
893,2.8260782553044006,5.435321492837602
894,1.515698262252683,2.1097737266226106
895,-1.5840379661149555,2.4112421928691474
896,1.4645768340876268,1.15742304566541
897,-0.6660338044543055,1.2099563519360055
898,-2.836725742314222,1.7015965884547828
899,2.4077736274558887,0.31792982692831545
900,0.10599263252224257,0.5188584227334951
901,-1.4896918545854574,-0.12016353146611009
902,0.6800194709176781,-0.347810775584429
903,2.6107866262205537,0.47890135011497803
904,-0.8913949842840792,0.06308507732226544
905,1.4384825632462213,0.44578617377292706
906,1.9444521308511733,1.7823527584581274
907,0.7515980564311344,2.6445311548304025
908,11.803246887515169,15.875732579126744
909,1.6324197130768632,13.087104405003801
910,6.4658366569824075,11.030436985292987
911,0.2624227367970884,7.433733904527463
912,0.35858098984747333,6.3542383170886
913,-2.1754434428496685,4.405683163988293
914,-1.5440932262254432,3.2484124646203556
915,2.406166224122446,3.3763982520780482
916,0.42175708360531927,0.9720468320275266
917,-0.5635138638621806,0.35306878279233633
918,0.00572657867320126,1.0395037269258796
919,-0.28446687830552986,1.0884113141236544
920,-0.4722545516663351,0.4700391311152174
921,2.529701541579124,1.0662688030373035
922,1.8512385888662208,1.2661158212282446
923,1.1233588898468982,2.0251144531511542
924,-0.6860931498746935,1.617041512384805
925,-1.6985424524013368,1.1141726987008564
926,1.4994439909639594,0.4120626099475065
927,-0.3868438571888667,0.5047030239616196
928,0.5003189805676347,-0.08664031498157097
929,-1.5241777526011993,0.23396552957242397
930,0.08273413224214288,-0.08284417899300578
931,-0.6731433521195427,0.3424256088821105
932,-0.574514584707257,0.43176202819812703
933,-0.07700251779429748,0.1657569952992695
934,-0.6058903987693353,0.22075900608885257
935,-1.0705341591531647,0.707395379633105
936,-0.5939127313585248,0.2997451283621639
937,-1.8344615051121633,1.6600116989567932
938,1.4536434369113367,0.4697609318987096
939,0.22545474418282369,-0.1142262838569001
940,-0.7525229058411953,-0.22633806488868488
941,-0.3042272914003848,0.06897660955903527
942,-0.12548167922165926,-0.04284143907531739
943,1.152994155475716,0.2314054739058473
944,-0.2690307989613017,0.12342887230959869
945,-0.5727937106672467,-0.3781605990206677
946,-0.6996281150296241,0.1789681545816154
947,-2.7945441035763565,1.1084231981296206
948,-0.7481314834256492,2.0270437494151876
949,0.7242680801242845,0.4761236903395737
950,0.3688369486370154,-0.21773710195888565
951,-0.3444392261206431,0.17552644595584493
952,-0.6361585621728667,-0.3641058676953058
953,1.0582937910484729,-0.1028425963010457
954,0.9950844340835832,-0.09436188027116967
955,0.5828512593063181,-0.03965679020156474
956,0.7590332845281781,0.007765733788482779
957,0.060007837420296285,-0.26107265760200377
958,-0.24964845917746212,-0.10156871722676913
959,0.7247480738769184,0.22767664480114339
960,-0.6385959410229227,-0.4005161792695902
961,-0.9800231433180988,-0.028038156723029412
962,0.9149698872634126,-0.33528483417269217
963,-0.042729854995445904,-0.2359545721815587
964,-0.9892950740439169,-0.3388761779635249
965,-1.6193791674747169,1.638495101120463
966,0.30419716872118274,-0.12023181520948893
967,0.48317810786240456,0.5308264250403046
968,-0.1317625172446203,-0.17438291586206944
969,-0.7870824892179097,0.3389870247751446
970,-0.22915398104741574,-0.1868767517311601
971,-0.15642397950953768,-0.11030173490037434
972,0.9415490185410743,0.1892913774507157
973,-0.12657450295913336,0.054197724992543134
974,0.9615240350143905,0.1841168289694078
975,-0.13276230305795317,0.09281563220554373
976,-1.437131232890495,-0.1598338090980345
977,-0.8420311589044658,0.19164281698385138
978,0.9686331101178223,0.7711008864436434
979,-1.5468595714881366,-0.09609615089384288
980,0.2548878949283381,-0.03542061329949872
981,1.0306725640480465,-0.2052757147281278
982,0.21077251951695825,0.2467443592982093
983,-0.7049926839300391,2.1653009707247834
984,2.4242273766362605,1.5269257131598797
985,-1.0997748132207825,5.14795750884223
986,-1.0194327700266463,0.9412157490488285
987,-0.5366733316260017,0.23967746713070726
988,1.1580889785349289,0.278941943764427
989,-4.181221108755531,2.996776660290548
990,0.401833703954703,0.6275641206705748
991,0.6959665782962293,1.1848654836072268
992,1.1973032592865231,0.6575018934850296
993,1.4665577436516604,0.3846833337428853
994,-1.8201899496557956,-0.005532620109106517
995,-2.4638286416328006,1.3868249911690789
996,-2.8139275247422963,2.4782924043191006
997,-4.185086037612315,4.850298967682074
998,-1.558251629856102,3.825666677734554
999,0.9702091062793302,2.642377757372707
1000,-0.9915564594493035,2.5791597184920283
1001,1.9015457552859596,1.5698004697900656
1002,1.1135583070045645,0.1642362791006328
1003,-2.594107627078745,1.2435569988884503
1004,1.628615479867801,0.6189282606884923
1005,0.5468807589756274,-0.2516802531620123
1006,-0.06112528776254709,-0.25127034173261636
1007,-0.12021487059902577,-0.18405630396783687
1008,2.1936658438467997,-0.20898362999100814
1009,0.262313131570011,0.11388468328187201
1010,-0.665284625746415,-0.2717321517651476
1011,0.16190187605715317,-0.44031896493938916
1012,-1.018823208743633,0.15330344337551846
1013,0.00727122013282566,-0.40757794334480046
1014,1.3916792195912147,0.2046259670498541
1015,1.2863861790040176,-0.26740212432229915
1016,-1.2218807016541238,-0.20279712677463965
1017,1.4044498288785532,-0.24182581062277295
1018,0.30481053538789515,-0.2819312331234808
1019,-0.3907191567115198,-0.322000129944495
1020,-0.3142321508593779,-0.35547259626888
1021,0.20674201564411876,-0.3092071367448268
1022,-0.5773129943668311,-0.5098567565783624
1023,0.36157828070143583,-0.3428521399550732
1024,0.10842002854684278,-0.5181093565539235
1025,1.0167727049944626,-0.34789388110043407
1026,-0.9298091046246566,-0.3648221186595998
1027,-0.7584637637777454,-0.5728932453682697
1028,-0.24749856893294966,-0.33259446831864115
1029,0.8476143879567841,-0.3074224218077391
1030,-0.15911861915281014,-0.3586700908011376
1031,0.8018817405122812,0.5252739562249382
1032,-1.1681134761066085,-0.36759228122609283
1033,-0.13856419245516147,0.039141079052990385
1034,-1.5658601979714253,0.10443934492649944
1035,1.951705461981305,0.4116782184743722
1036,0.5275820854282074,-0.08933704278235903
1037,0.8924628070126586,0.6150721509946382
1038,2.7218282137650354,0.5285231800101159
1039,-0.8529499052474776,-0.11828455557676634
1040,2.020699195658245,0.10124068807703208
1041,-1.2593355038071523,0.6284597390626235
1042,-0.5567629419701402,-0.08754941207811542
1043,0.8252711429789943,-0.1439534239794572
1044,0.7512493004951493,-0.09572160459579263
1045,0.5237986231102798,0.49670927972179146
1046,-0.03500976791658649,-0.4448209044313601
1047,0.6783774436081007,0.10601193489515635
1048,0.05539690758890492,-0.35018272724600846
1049,-0.9212528928129208,-0.46957175104627846
1050,0.3201313667349068,-0.5832604041107964
1051,-1.2434983656465433,-0.19745366619997498
1052,0.6167987452810897,-0.17101343631196733
1053,-0.43439736199911544,-0.40740808798455064
1054,0.6550455768917347,-0.13509815217592017
1055,1.392724144072019,1.1308715430413234
1056,-0.6811077021094749,-0.2341439106451962
1057,0.5138205654791426,0.2383909947096376
1058,-0.21237154667325955,-0.10570120585649238
1059,-0.42214151460378396,-0.31637572432771155
1060,-0.7298596306244136,-0.34445473747738287
1061,1.9228562772877473,0.24151208529310814
1062,-0.5432214444277372,-0.36553218605004173
1063,0.41972670892655745,2.3414666741274024
1064,-0.6080691018370604,0.04564142907646903
1065,0.9755813986515424,0.11752462993133715
1066,0.035762905480873776,0.2670781277672417
1067,-0.6272240611812857,-0.1045355277622932
1068,2.2415158165547915,0.020094160083079307
1069,0.6330785534754158,0.6513755536752351
1070,0.8961592443488242,0.07223877278700314
1071,-0.5876595840903376,-0.041326186154372384
1072,1.5330281790400115,0.8442177003209884
1073,-0.22641356024442266,0.7704996548855707
1074,0.09932348619153418,-0.05901238226007312
1075,-0.6296010120612768,-0.3015887872639127
1076,-1.0236017652075085,0.6073232925969045
1077,-0.4119950988826689,0.21146258458028297
1078,-0.431781821832994,-0.3781556684556215
1079,-0.5914243285392631,-0.23542199109639592
1080,0.9757778074853698,-0.3681966653208571
1081,0.2599669601957382,1.0387746222975485
1082,-0.7957076132268978,-0.25848831324810023
1083,-0.6552675392774725,0.2636816517770214
1084,0.6148783735033522,0.152720185056322
1085,3.358400885344454,2.4466636902339385
1086,0.07329914878765717,0.7631094497383994
1087,-1.3215975625718648,2.552810927017882
1088,-4.195619549130173,1.3214519309265684
1089,2.349521168839728,0.35695837103808914
1090,-0.4513390941218162,0.5184008617509434
1091,-0.3231455849203564,1.0294063207351538
1092,1.1305580673531925,0.18248396283852134
1093,1.3008081056432546,-0.07601905379663712
1094,0.006280405828714862,-0.398227476587554
1095,-1.0455168728174626,-0.2162144907586044
1096,-0.0011157279237982796,-0.3930377243781178
1097,2.7268492846348575,-0.16758872703361338
1098,-0.6991068097495055,-0.1344974060371999
1099,0.6962006628005837,-0.1560299077729377
1100,-0.09458187651683027,-0.20344373828630496
1101,3.9173319527668564,1.9902013016827564
1102,-0.16079834814540672,0.7678804832584231
1103,0.3484069641688279,1.2936921905762175
1104,0.19951129426516573,-0.11289709756452157
1105,-0.6937878053795661,-0.3012440307596392
1106,-1.474932263890378,-0.3155383289957814
1107,1.1757376605788898,-0.11602465218269617
1108,-0.668929075638382,-0.2063898882087999
1109,0.24893391614036214,-0.5621709022605194
1110,-0.027241134380130747,-0.5058733980674106
1111,-0.370702082066148,-0.5546729826109558
1112,0.8586399396293645,-0.4386577519119563
1113,0.26077426428644473,-0.21874239643284862
1114,-0.43593962076593046,-0.5941920590658001
1115,0.3879584145859755,-0.45635419473283434
1116,-0.159289716715714,-0.3021873825862278
1117,-0.964531211269672,-0.3911677612225371
1118,-0.02816677380917721,-0.4543538177645776
1119,-0.2614758869989307,-0.2530373470386055
1120,-0.13793925144581412,-0.40409004840199614
1121,-0.5179779469716566,-0.4559671447136662
1122,0.02887134355086851,-0.4984310519523839
1123,-0.8701517818078788,-0.4714751537208054
1124,-0.4755336399078264,-0.43965160383603336
1125,0.9852228887717258,-0.4054450956488512
1126,-0.011892049623903363,-0.422744688234134
1127,-0.7284420352952452,-0.24275607105159674
1128,0.46977942787522337,-0.30886504123739983
1129,0.6221743712113279,-0.4735248423496779
1130,-0.7336674152924403,-0.44966484232729614
1131,0.03373865347810106,-0.47831514017494386
1132,-0.8464471684337107,-0.30782240196138383
1133,0.6379816261802664,-0.5387466750498022
1134,-0.2790268700005846,-0.6125346516990136
1135,-0.4128599688707911,-0.5204978794098575
1136,0.3052520695251806,-0.5278634988075989
1137,-0.041954780521490556,-0.5022930155466483
1138,-1.8376163056019335,0.1016512751193893
1139,0.6341501715582925,-0.4949568230405326
1140,0.45767295948670017,-0.590108097989235
1141,0.4283046976319357,-0.40142995442948515
1142,-0.5166076102240525,-0.4085264578248782
1143,-0.21957304347448858,-0.5412681035804789
1144,1.287455042224537,-0.4295760528770726
1145,-0.09301132035243648,0.6812285064547151
1146,0.624308828296824,-0.21086481727399903
1147,0.5407347601568301,-0.3265911253654631
1148,0.2330920798414208,-0.19982400497113992
1149,0.02109003109067399,-0.25305381830313717
1150,-0.12239219298270204,-0.5648625252114827
1151,0.9802863599665689,0.2459265825437512
1152,0.18146305485570507,-0.45607375763119473
1153,0.6104833593478709,-0.26298669272691527
1154,-0.8466357845612105,-0.04957733418590053
1155,0.3135473557159727,-0.4219728827969899
1156,-0.17495452862768346,-0.4236311752079379
1157,0.6756954500370009,0.4281409203420203
1158,0.02268643565821666,0.16555741321171027
1159,1.6831370802076238,0.9278502627695161
1160,-1.9722729633011076,0.41968689912566803
1161,0.19637192322986272,-0.15306563507739682
1162,-0.18541917402051628,-0.464841440033586
1163,-0.46122256244716225,-0.501191051063933
1164,0.11838744526932823,-0.25567581716236526
1165,0.6442381458194164,-0.39841994362267663
1166,-0.1849014232484622,-0.4879989134402443
1167,-0.24491469393528992,-0.5017327385951476
1168,0.006614876913826303,-0.43320420435523027
1169,-0.9469852230988093,-0.421343894851543
1170,0.560363831029148,-0.553395476130463
1171,0.5723748482050154,-0.4584000148656613
1172,0.2272787783874043,-0.4410868397170232
1173,-0.37942158197368403,-0.4934440141668252
1174,0.06744669181090882,-0.5240680069199245
1175,0.6397480187532837,-0.3763120681857186
1176,0.26386458678493646,-0.47987975882380635
1177,0.5017729404860325,0.028525482010619573
1178,0.25401066911874604,-0.4822342673114834
1179,1.1407781649570907,1.0377096226959435
1180,-0.4510672441666698,0.5480010404428178
1181,1.5917316145716667,1.8604652013863827
1182,1.4249688500425262,3.233078229482268
1183,0.5349044280911657,2.701874656633514
1184,1.6723553674998972,3.0718465865184643
1185,0.15773565015190477,2.6203273002354086
1186,-0.1310462858507307,0.9658150105263468
1187,-0.7768798376015693,0.9642532488623188
1188,2.2233089795513115,1.127194474277715
1189,0.46366345847805907,1.2242587187683158
1190,-1.3883285268867058,0.45701160401823326
1191,-0.5546267121019411,0.5823931186206979
1192,0.373555288154672,0.3151406381548045
1193,-1.4409971306779343,0.4480033744222769
1194,-0.18839290119542684,0.6516971591111029
1195,-1.4276329552552542,0.5268616950320485
1196,0.6343180897351286,-0.31053997201395395
1197,0.9745969385227096,-0.2646029168448073
1198,-0.5943700366789628,-0.46531307017290924
1199,0.543903679018621,-0.4154418514891982
1200,0.8411326457250409,-0.38947862441006426
1201,0.2597386529231948,-0.5399194807475364
1202,0.6007538149784557,-0.186027223945607
1203,-0.2645242221560623,-0.16297717908094983
1204,-0.5210459751080487,0.37972603394878746
1205,-0.4625978045378883,-0.4844099853979123
1206,0.1843300219516858,-0.35166604736121704
1207,0.745169170691998,-0.3791007755454487
1208,0.5376995476498172,-0.48325354925786806
1209,2.1666194014514546,0.07447697404030791
1210,-1.1004003643591245,0.10895612474304223
1211,-0.5494445144968423,-0.12009538907139936
1212,0.15273292532473998,-0.3994994528200966
1213,0.43264688114755046,-0.2900109389258007
1214,-0.3854662389045683,-0.42357012887398326
1215,0.7497827339085257,-0.5471173679324401
1216,-0.15888436102593714,-0.47523332047873973
1217,0.2930339760810525,-0.41437355502966366
1218,-0.9453032400711221,-0.4235070414036957
1219,-0.5058336621897789,-0.11998753093834168
1220,-0.06819337478829528,-0.25170717647059093
1221,0.14794227264997678,-0.4915547626689117
1222,-0.0343577230669649,-0.4925042278216155
1223,0.7238429549670004,-0.5152880272340029
1224,-1.358619256395886,0.11204623965006955
1225,0.3849277454181777,-0.14489913743604185
1226,0.9009846838745924,-0.3036225050617997
1227,0.9260988165682633,-0.20991243832175624
1228,0.11508318564965939,-0.4897199225704627
1229,-0.6469830864121143,-0.0651570318700202
1230,-2.2188318960541045,0.20192506916266043
1231,-0.3679159872167095,-0.22681369819809077
1232,-1.1516677464871885,-0.14672156421697907
1233,1.1659852261092263,-0.2176004752704812
1234,0.7950382750936111,0.2525299823789436
1235,0.15060404528478963,0.02186015420646552
1236,-0.6003899207670915,-0.3029311727196779
1237,0.8090672301907421,-0.41190923930688617
1238,0.03820096996014275,-0.2414400499436343
1239,-1.2604659457654774,-0.033273356069430576
1240,-0.29527353577927207,-0.49248013894906284
1241,-1.07017217693186,0.18191020053501028
1242,-0.961329256982187,0.43790665537061996
1243,-0.9730360839891914,0.2959535899795443
1244,1.0008662697196649,-0.07654296311831203
1245,0.4876548503448467,-0.03343668951255285
1246,-0.9608919628984816,-0.48714415954709117
1247,0.5475623744477127,-0.47051559207238336
1248,0.20272434672519654,-0.44630448943398404
1249,0.2208465024560069,-0.5172267733427319
1250,-0.6093209341959619,-0.405116279685297
1251,0.7314203556460508,-0.49612637622829836
1252,-0.4457501597298674,-0.49321525327480464
1253,-1.071962450005458,-0.39833166338415243
1254,0.01840277326915305,-0.4868016018942613
1255,-0.647461685842351,-0.4218857054780875
1256,1.4045396228161846,-0.004110992757235498
1257,0.1589265933623627,-0.32610457325483755
1258,0.7067027076101671,0.021030398911883255
1259,-0.3329571784691419,-0.3529580539271423
1260,1.0807597403518574,-0.02368396301942648
1261,0.44351811759916343,-0.23837059170377148
1262,1.0868837086104466,0.7668851401946775
1263,-0.9469515466479252,-0.26270488541574927
1264,-1.1693146505213403,-0.11014353064796849
1265,0.25992311555772885,0.1128106151092582
1266,0.6620460043864667,-0.1180965242759913
1267,-0.04275762502642937,-0.1404494978138315
1268,-1.317202585794386,1.0245959886530007
1269,-0.5316526446050865,-0.3525296851708122
1270,0.31700609723712037,0.3045087186817186
1271,0.42644896012282196,0.00894111924480095
1272,-1.7883798818782088,0.14445159876218264
1273,0.3060684141983541,-0.42640868689373485
1274,0.4779599333554856,-0.49310123121391647
1275,0.5844991089103306,-0.29964943096412144
1276,-2.331685151854395,0.5933455566985382
1277,-1.5650674160740528,0.5565090228460545
1278,-1.0567700928192418,2.0752488158999403
1279,0.7991707790999614,0.7453024956736978
1280,0.2941213422538439,-0.05463986797819168
1281,0.7317116714204988,0.03121289154945447
1282,0.2520958628166869,-0.2914022919097733
1283,-1.2096220520944374,0.053214939705474015
1284,0.0026056694307889736,-0.2635336120370008
1285,-0.17847827680332612,-0.2820227592358092
1286,0.6574772362036041,-0.44431958686488837
1287,0.9371067552812069,-0.21550222835568036
1288,0.9849458093668035,0.35608384528387715
1289,-0.654413017067592,-0.14150955476519841
1290,0.29589330014966764,-0.5376722624682471
1291,1.3725656684467964,-0.3227597926915061
1292,1.002979428455143,1.6823469136803884
1293,0.7739528701488572,0.14118637569381462
1294,0.025433803154340136,-0.0339105891105204
1295,0.2930497501534241,0.40579536472825634
1296,-1.0240734208236242,-0.20379275273708222
1297,1.3224498893691485,0.16920247327627064
1298,-0.7884280449324791,-0.36676873336349597
1299,-1.3097799588180548,-0.17620084509278572
1300,-0.3980936030892884,-0.2973304938717228
1301,-5.05396908525205,3.3102722438907977
1302,1.8759403905153582,1.0938992096705593
1303,1.6484129359479345,0.8243475323591856
1304,-0.4594821217401548,-0.411867178212101
1305,-3.203939440765373,0.1503149520765808
1306,0.21376450863359236,-0.06005051606642558
1307,-0.5383004674593167,0.49754258941482565
1308,1.0322524348689357,-0.2941842716184412
1309,-1.9273726066839059,-0.06945397571131424
1310,1.5943138614784071,0.016835843132550366
1311,-1.0927180245148158,-0.35084135180088566
1312,0.37594100609103404,-0.4367746205135221
1313,-0.8418588120429686,-0.2557946977030059
1314,0.025165424707365228,-0.5040956246351204
1315,1.1263481337417305,0.3343368391003284
1316,0.5075990461199322,-0.5229864662941299
1317,-0.7981874003090975,-0.38722204518857756
1318,1.401478257315434,0.10091687078278394
1319,1.7828917738342744,0.02211168272347432
1320,3.0047976497820335,2.3842026851700835
1321,-0.219703699780333,-0.026651420094818624
1322,-1.9111966448052717,-0.0954844841191959
1323,0.4281396971446371,-0.11771583263165789
1324,0.4893632016653543,-0.5405939558654299
1325,-0.39292754277155567,-0.332609973310096
1326,-1.1034289282873317,-0.0842803344642327
1327,0.6634915672956183,-0.2642081568118519
1328,3.1227911859542044,0.9765834117720794
1329,0.8283088303976114,2.5418202310169695
1330,-0.6685507491753249,0.8737185479947226
1331,-1.4522208788059132,0.5316646134031077
1332,-0.36077802828006017,0.05986050371956246
1333,-0.19785853472440731,-0.19350791356544542
1334,-0.5643486256492409,-0.26669877994757324
1335,-0.25568841949415755,0.1708061701152697
1336,1.6220294907962483,0.13289202619552867
1337,0.8199497390980042,0.04614483981340738
1338,-0.29506216448593947,-0.4062457410944037
1339,-0.6114018084419613,-0.15677717626850024
1340,-0.0005253841120331868,-0.45749828176628116
1341,-1.8357093616006719,0.1107734794542414
1342,0.8415636969503515,-0.4348212072719142
1343,-0.7310327569091698,-0.20446142164828743
1344,-0.38719016897381436,-0.5015077120423265
1345,0.7832582745677358,-0.44726930311882823
1346,-0.14776052408084386,-0.35928041205087785
1347,-1.5653530077543227,0.25674925997503684
1348,0.9584980917601598,0.2311325497811967
1349,-0.047646410234531346,-0.3203060090066984
1350,0.8795377687019471,-0.4769828265452702
1351,-0.45617630584875707,-0.21317362064144887
1352,0.5133193385898935,-0.49289323116697265
1353,0.8982617039954293,-0.3621234948486438
1354,-0.3063433361360901,-0.3023617593287289
1355,0.49250810276379897,-0.38818372549147206
1356,-1.7615935720157108,-0.28148197370304595
1357,-0.661304846124209,-0.45455860655246966
1358,0.38021537840440023,-0.38564632865357423
1359,0.2180296990717699,-0.011273298433778655
1360,1.2726160375812692,0.5512329509341081
1361,1.0946074765167118,0.6326712327360912
1362,-0.2899655646656455,-0.3116484912168451
1363,0.6338090330397324,0.8640430186575516
1364,-0.11668617726252614,0.06163299718714362
1365,-0.007098689224327858,-0.37983700870913634
1366,0.6171301475626977,-0.4988257755079704
1367,-0.7671369087985112,0.2233825895837221
1368,0.9257960751412435,-0.20817747216318466
1369,0.25958741121542317,-0.3037813956071511
1370,0.04834203766108205,-0.06921607020994958
1371,-0.220877288723282,0.0997091508911937
1372,-0.793283295054148,-0.21375458791228086
1373,-2.708008598722822,1.138746617004416
1374,-0.1827478268325052,0.5297937499243406
1375,0.8246435742427493,0.478799417732742
1376,1.9554581459596463,-0.1245791567038878
1377,1.7240395452789403,0.534227820512288
1378,-0.1731124428055697,0.4330883449201856
1379,-3.587283149431215,1.325270105999105
1380,-0.5584046277934323,-0.07984318339069596
1381,-1.3504654620754704,2.774132330752923
1382,-1.1171284879499852,1.6053361157837118
1383,-0.1949320836345232,1.0404743967010348
1384,0.04927719219388061,0.47859662470047903
1385,2.0733381069727965,0.602861847163222
1386,-1.660539360013814,-0.14754193592631185
1387,0.6915186686136595,0.7065070971578179
1388,0.8005081464709864,-0.12039805563841618
1389,-0.11052167469193323,-0.4497390297297681
1390,1.144852180040782,-0.2965669349512504
1391,0.29264879776461955,-0.37895652858277085
1392,-0.2795380699373032,-0.4477190037714529
1393,0.02085156269691618,-0.31477544437778415
1394,0.4330521649339497,-0.300315227948337
1395,0.5514185019091431,-0.20777802962512823
1396,-0.372892152197085,-0.5370816443600189
1397,0.1833627368630802,-0.3800885599301434
1398,-0.5836729184984071,-0.25206240981166894
1399,-0.4143407981165984,-0.4478915096132336
1400,-1.065411046040844,-0.03782944673448454
1401,0.06768293311129772,-0.5449672493637532
1402,0.7789559144806406,-0.5325407892624702
1403,0.21791154854516512,-0.48516826395592844
1404,-0.7756328293150005,-0.4397229272593512
1405,-0.9725663874471072,-0.10731039651995314
1406,0.8381050324584989,-0.4869032207301737
1407,-0.590068479210546,-0.3783809768158193
1408,-0.39848471847493605,-0.3569276279625118
1409,0.7135317160608745,-0.4066284212680887
1410,-0.6039182853045082,-0.41047270941771624
1411,0.33641789806431377,-0.532439799848416
1412,-0.07217790154411757,-0.5247873719496149
1413,-0.8871308293165966,-0.4855730895514064
1414,0.5254391218667497,-0.45618034113350675
1415,-0.9147495648450139,-0.20974908678233117
1416,0.9103366973544921,-0.4420283325117777
1417,0.8618555274126418,-0.3520015181912167
1418,0.24751117020125946,-0.48405411825846517
1419,-1.5596300425615066,-0.14434998898289866
1420,1.5655648870055776,-0.22298186486500188
1421,0.2761655784474564,-0.3447811049398878
1422,0.1612851204718472,-0.38773437632591073
1423,0.5577536763313391,-0.4062882082970609
1424,-1.7226941057592509,-0.19216781841583033
1425,-0.08854353693953507,-0.3518919685466768
1426,1.463883379519301,-0.3516488966117526
1427,-0.32547452555929496,-0.3206669825497581
1428,0.6149939852270787,-0.2490256780179938
1429,0.411855719649413,-0.28082202604747647
1430,0.5603199587516772,-0.29909473922567337
1431,-0.8033436914415749,-0.07699131098040014
1432,-0.5480609484520069,-0.4034734629009114
1433,0.7914925151128136,-0.5447106313724976
1434,0.8799684402219086,0.2722890322530062
1435,0.5607554718339886,-0.43718829321848046
1436,-0.49543669823073316,-0.40590098666982183
1437,1.0035576423049604,-0.021051902435557133
1438,-1.0501289343401223,-0.4030246176349034
1439,-0.38891228064816863,-0.3218687140878804
1440,0.15237518747932247,-0.551362449460428
1441,-0.0871356382668392,-0.47868739594657406
1442,-0.5834564090966871,-0.413082563642338
1443,0.9366747828715234,-0.5534048039281132
1444,0.7539637130912518,-0.435845582855215
1445,-0.10368559015660214,-0.2627023936555348
1446,0.06658458548781991,-0.6083300634786508
1447,0.6458465497451751,0.0908869529030327
1448,-0.24649167197345906,-0.12599285470648083
1449,-0.11790334343489128,-0.09191128408057143
1450,-0.058576617111905024,-0.342065382463709
1451,0.7871815116471639,0.5775698827489573
1452,-0.02646333538283576,-0.17717785810691358
1453,-0.5850383252037209,-0.10531971345508916
1454,0.8683584228828573,0.10545354150440264
1455,-1.2185949706240016,-0.23711587212447816
1456,-0.29365860852916925,0.2653694723140283
1457,-1.2277317119669822,0.6114744508467153
1458,0.6669967726304327,-0.3066124194849705
1459,-0.4158336053482415,-0.10855082587223422
1460,0.04268171024138955,-0.3070927317391178
1461,-0.12877081248935984,-0.46986136961317027
1462,0.17009558926067392,-0.44303742710249916
1463,0.593655207477042,-0.18500368426092254
1464,-1.2535825514545509,0.015352066419289023
1465,0.2506212696757367,-0.5362727608118849
1466,1.1661822575533538,-0.41195724067281286
1467,0.07509634303397561,-0.14434616674340506
1468,0.29250510007304714,-0.2992286301468684
1469,1.0712292821364662,1.5254266002285677
1470,-2.08154713969692,2.0864009540100454
1471,0.48746422609931955,0.8414846542164494
1472,-3.7273253713717933,3.1100022970734327
1473,1.357932938871939,0.6250105262044403
1474,-0.6991629661287649,0.2900519422841488
1475,0.4937563923412252,0.9618433317189448
1476,-0.10101324306842,-0.40580953212664345
1477,-1.6920783119371745,0.4033457064669168
1478,-0.0902133314615216,1.210365053181711
1479,0.40413019797246685,0.12471710172684129
1480,0.3700251777806205,-0.2687120586060274
1481,-0.29042217165023376,-0.4797835224616672
1482,-0.732898852056969,-0.39981786507850253
1483,0.7212125524109331,-0.4239475123636592
1484,-1.5893618227460555,-0.08347441731030054
1485,0.5523986310951179,-0.23957789620628592
1486,-1.292462155833017,-0.010001394664232183
1487,-0.07180360714412688,-0.4179239951919758
1488,-0.7750839550788897,0.8033471001863899
1489,0.9611372830717653,-0.3577760374185147
1490,-0.8576865121020996,-0.3401846327679979
1491,0.0025632471131344283,-0.38755374820807753
1492,-0.44526148120095194,-0.3244149383835274
1493,0.0685981338830993,-0.4208665208613824
1494,-0.2977245690852396,-0.4746484227732226
1495,0.7139987551041077,-0.5693602080783369
1496,-0.6075665884985229,-0.3896456561346776
1497,-0.012750258876323832,-0.5359963597140031
1498,-0.46858508111713376,0.23925891024985008
1499,0.03172610752261775,-0.16201452842440958
1500,0.4687374466914406,-0.2657437231086735
1501,0.3462405083738051,-0.448503681857686
1502,0.025445065816782235,-0.5973314557538765
1503,-1.3612416490764678,-0.2099509848837541
1504,-0.2731886765926606,-0.2504789169053377
1505,0.02120423545977105,-0.41399268588933463
1506,-0.5404696360167504,0.42733079540155844
1507,-0.1909562679167766,-0.35908617937874326
1508,-0.11421033261832798,-0.5034684368713401
1509,-0.7513132585559292,0.3249636069049762
1510,-0.07139982020896057,-0.08778149282302242
1511,-1.438853387938196,1.2192700311701306
1512,1.4692506825304539,1.3069216253182756
1513,-0.8120147418020661,-0.21457679319037765
1514,-1.1482362383699354,-0.39217236394091715
1515,0.9835748627057248,-0.3019193362406266
1516,1.3170227565700185,0.34383006494658247
1517,-0.3147874149223905,-0.3598544074699027
1518,0.8875720396984587,-0.4775919489307971
1519,0.7025866114275989,-0.34789857709770716
1520,0.11413080058103058,-0.14030540205458641
1521,-0.840455114447501,-0.49690439331303277
1522,0.9206268724331867,-0.5228918365818409
1523,0.4003893907902923,-0.4385467666504229
1524,-0.49014669879710954,-0.5224474406962489
1525,-0.3209847078853677,-0.5559902622211309
1526,-0.26728901579386666,-0.5347737703649744
1527,-0.07875358409442863,-0.4708468924135659
1528,-0.7363933282013835,-0.2035723231156607
1529,-0.6237920924101104,-0.2770127451363296
1530,0.8910580925782878,-0.2462074993869069
1531,0.7018247866098628,-0.34363047178199374
1532,-2.0435705722746365,1.1288159238233348
1533,0.32274716740398923,0.04156697263807442
1534,-0.4262183749859322,-0.1932272335165393
1535,0.6404800844747949,-0.212411731807366
1536,-0.1976135093149417,-0.4203497296484728
1537,0.38244987670242636,-0.4001285743180123
1538,0.14327601280849217,-0.400071432158125
1539,-0.5702441707160314,-0.43904201266624676
1540,-0.9924359116883962,-0.49592765464401817
1541,0.18301986723640618,-0.5020211228826886
1542,-0.39051554106391295,-0.4037421769057948
1543,-1.2860227552106904,-0.13413092289923229
1544,2.0314039724873805,0.5675917708932084
1545,1.599316843726735,0.4757921896276537
1546,-0.7189259310452789,-0.16653695060952906
1547,0.2614230723040585,-0.3816077021577981
1548,-0.4036021596760554,-0.14273047362894933
1549,-0.2949503341394193,-0.5047402794712629
1550,-1.07108413237535,-0.2851597263072513
1551,0.903144333396408,-0.30878651463340434
1552,0.8245991302076603,-0.29251783693332584
1553,-0.13649510663979614,-0.3761413731869276
1554,0.31418096384754396,-0.5569661504616765
1555,0.1350571899608948,-0.4551274427351572
1556,-0.724195739194772,-0.5441198963688147
1557,0.715912785018233,-0.3584614595271889
1558,0.6018003435092232,0.029455757594161025
1559,-0.35143527969054245,-0.5609447234682137
1560,1.048912889750603,-0.061961656330237404
1561,-1.35712153434388,-0.2424269602802484
1562,-0.8629456694062212,-0.1340334992325455
1563,0.02331438030690823,-0.09553734456430611
1564,-0.3235159309428858,-0.06580087348724087
1565,1.5892630525068727,0.6521639181938372
1566,-1.6396136449991259,0.13243756390426878
1567,1.1929497410445353,0.034731348986730214
1568,1.9765088282579784,0.6327520268713581
1569,1.5377215162506148,0.9831203631345464
1570,-0.44448864918457903,0.6375614015828093
1571,0.7815284983868087,0.19741595239034604
1572,1.5439435053517603,1.6313291407968078
1573,-0.8050649472545119,0.6786533063850252
1574,-0.8219389209710273,-0.30570394449371485
1575,0.6364650199299804,-0.40495613330208785
1576,-1.0026785647880108,-0.05122131011207032
1577,-0.22654016375252012,-0.1905987753070372
1578,1.264543970950192,-0.003370656918790186
1579,0.6133847002704063,-0.343244398739841
1580,0.9855271558469848,-0.11435148567763566
1581,-4.536567665270048,2.5701646417210986
1582,-5.018926985521106,4.381288659535002
1583,4.746747751705536,3.821892972140243
1584,1.0603592670771236,0.7998221656816534
1585,-2.6952652424218013,0.48961356187274613
1586,1.226827275979624,0.1679716003627858
1587,0.7427848138617508,-0.39275038852697813
1588,-1.6715755973403021,-0.0995670221158267
1589,1.5982334621464045,-0.4285569650029133
1590,1.842741612627435,2.4566085839865535
1591,0.5278447065713827,-0.2500218747406092
1592,0.8010564755094909,0.28010350897912045
1593,-1.0952119333712453,-0.45700758953324333
1594,-0.8205163105243823,-0.5696489904401157
1595,0.979246743846073,0.29068258045257944
1596,0.6997237594206586,-0.2525065525127964
1597,-0.5190494199763339,-0.3806124644879941
1598,0.3322281361759617,-0.49844176013787894
1599,-0.7004414904539363,-0.4466580075456435
1600,-0.29422161439033445,-0.4812965808367555
1601,0.6426552633366662,-0.6112734405228316
1602,-0.1977525556882193,-0.3894632204662164
1603,-0.9539791905440393,-0.4279525776690114
1604,-0.5168427252697383,-0.4958823651354348
1605,-0.6249608043293858,-0.4399940460751463
1606,-0.04353585190473474,-0.5467919955039556
1607,-0.0074126365098849695,-0.2862241845019024
1608,0.09429610244170192,-0.23468277440678362
1609,-0.0005610449182017509,-0.440593620372336
1610,0.6511927232819393,-0.5715713579809117
1611,0.5432758645408917,-0.5424300678395244
1612,0.4283440217543195,-0.5744031694468038
1613,-0.4187516932195385,-0.3998546355579458
1614,0.2685343575630378,-0.32945011444018063
1615,-1.1214387867039883,-0.39187529370274105
1616,0.28087199705543586,-0.4983022148810046
1617,-0.5041046842993383,-0.45913662505294234
1618,0.7368801464587678,-0.6185413076189333
1619,-0.44675579025121026,-0.6021833596933436
1620,-1.7108065204932381,-0.33056922024725616
1621,0.3264874729142939,-0.5506547138815692
1622,0.6005891212452656,-0.5370773721623278
1623,-0.432751775898966,-0.5687591984378992
1624,0.41223026166652443,-0.475653892966324
1625,0.25983594412740596,-0.4250812651596185
1626,0.7893659112010842,-0.30354684129487924
1627,0.41813063384508115,-0.48254020011864746
1628,0.19677907587750978,-0.3629564740559219
1629,0.9735926235824259,-0.3129965780010849
1630,-0.23066007234353053,-0.458308086146224
1631,0.14948017814518527,-0.295389518534177
1632,1.324881071811695,-0.07421856701029815
1633,0.583276468498836,0.08769515971873475
1634,0.032829603099512474,-0.009902339107329688
1635,-0.3468077872248089,-0.4998134070387948
1636,0.9637308599417199,-0.1818135978092836
1637,-0.9187950330465492,-0.17804761110272163
1638,-0.28310905475192627,-0.4981837682141679
1639,0.27166243172882804,-0.35649418101878
1640,-0.6069582661868799,-0.41594541236333243
1641,-0.060307991567031705,-0.45579340498358323
1642,-0.6852477930936662,-0.40585574994513596
1643,0.2550772850116975,-0.46035577803846434
1644,-0.28565859554035555,-0.3823620986032828
1645,0.8901425885976909,-0.5322031046054316
1646,-0.28803878924650844,-0.3990544739347266
1647,-1.1503328276315217,-0.5563517109977124
1648,0.6862693506250614,-0.5462985637959406
1649,-0.31122738624895147,-0.6040751524385193
1650,0.39441022027850114,-0.4784562766018427
1651,-0.27709303811028396,-0.45576506674896267
1652,0.6962275553837528,-0.49614129464667955
1653,0.7872494581740169,-0.6211666791941992
1654,-0.5272240997267651,-0.3112653094977023
1655,0.3214351709035741,0.23894338039507115
1656,0.6429630522309037,-0.4756257913954279
1657,-0.08180008841575656,-0.22815903224790376
1658,0.0466217499665381,-0.3685337304194533
1659,-0.6589476240376818,0.028641024069476606
1660,0.009760834104350675,-0.4490044631989878
1661,-0.2987046964458751,-0.289230048886286
1662,-0.39362719115123,-0.4007777265618429
1663,-1.4293259534143046,0.03459379157841637
1664,-0.821279507236536,0.051232605687352425
1665,0.5052492771202943,1.266042867458315
1666,-0.47281092772262656,-0.2993764625210818
1667,2.449728704004796,1.214861458054845
1668,-0.8993121164565359,-0.08563117149480663
1669,0.847298870829456,-0.1256072054051981
1670,0.07059475515019277,-0.3880325113717708
1671,0.519912304724272,1.6609933556067293
1672,1.693673534299071,0.7197935315806344
1673,-0.9575344690983687,1.038133815905715
1674,0.73250778434655,-0.1570928721762694
1675,0.3194573900708312,-0.2937711878478072
1676,0.0038472852732210957,-0.34990904041829435
1677,0.2525548233753112,-0.3564842656886682
1678,0.17897148461977436,-0.4058057201549636
1679,0.4872621245173018,-0.43633235352836447
1680,-0.009407997719457434,-0.3758133158983538
1681,0.3106094396073007,-0.5886854045802826
1682,-2.040061524224022,-0.07681377334577584
1683,-0.16489066580277795,-0.3140366900388375
1684,-1.4842164803147866,0.16728554010484195
1685,0.39366589667022245,-0.06963165228284929
1686,0.5023425054241869,-0.40587289539024574
1687,1.127272931129236,-0.550048433325784
1688,-0.016836932750318882,-0.47732046837484315
1689,-0.2672097962380245,-0.5015628032699838
1690,0.45466013010310236,-0.4289956293961082
1691,-0.46755514889879746,-0.5252547874793059
1692,-0.4434134636063443,-0.3252232250824449
1693,0.3144278380824638,-0.416361751265391
1694,0.3072352781557424,-0.5781214378972585
1695,0.1419190140520518,-0.29736929614959456
1696,-0.26452890725656725,-0.5951798460507401
1697,-0.4750851153493124,-0.4934320997437731
1698,-1.0929776941073268,-0.4180178689619086
1699,0.9904706880527658,-0.3775508194475518
1700,0.43900648799582764,-0.5165923555262261
1701,-0.43545814920224063,-0.4772639053713793
1702,0.2821211791280994,-0.5076138792470194
1703,-0.21108898890865196,-0.4523859651206077
1704,-0.1498906430353682,-0.44522992415543383
1705,-0.506886385349663,-0.38061520058374027
1706,-0.33708414265324327,-0.07206848387372367
1707,1.2889653494631017,-0.43883609888995484
1708,0.39045858706720615,-0.2991269903446455
1709,-0.956709672466939,-0.38755513134059566
1710,-0.0706351764354373,-0.4633313291234736
1711,-0.6005173507124469,-0.6213330929105059
1712,0.8232210263522486,-0.5550957899124579
1713,-0.05319714811919767,-0.5629714049886886
1714,-0.02222240217902329,-0.3903950014471893
1715,-0.5514982725752557,-0.4887192893644631
1716,-0.28217867173709366,-0.4526734604757698
1717,0.7153261054110842,-0.5552557490955521
1718,-0.11414458044139923,-0.6083784945622556
1719,-0.9435440176545559,-0.36837233227031607
1720,0.5064222773286146,-0.498539370034979
1721,-0.034416653736032345,-0.48587826615106905
1722,-0.03843418353350413,-0.3988992839648422
1723,-0.4104856539152838,-0.45895874363916356
1724,-0.27302366011873747,-0.46303524512556077
1725,0.5367503098650248,-0.47629079242666383
1726,0.51257368694247,-0.5258711963298218
1727,-0.02374649883687801,-0.3921348042504026
1728,-0.2755132847830681,-0.40069560107092045
1729,-0.2995105672681095,-0.4443951893624147
1730,0.3559970750244714,-0.41611835984540974
1731,-0.7746523179781306,-0.5126530887285607
1732,0.10185112495162352,-0.2776962665411745
1733,0.5881119219566796,-0.5048860260333409
1734,0.04522131906749617,-0.5282334340874557
1735,0.4575108289605899,-0.41279822019053736
1736,0.09711129315904937,-0.4719038216720246
1737,0.13328890947220384,-0.5145954123873903
1738,-0.6124104459922031,-0.4179307155980081
1739,-0.3502818861062912,-0.347406191072435
1740,0.1720960132732962,-0.4089574715740333
1741,0.3080200802352046,-0.47628898790540103
1742,-0.20328591711221572,-0.4822853663989215
1743,-0.12087109775089805,-0.42403186872493626
1744,0.2552620398642839,-0.4343719284131205
1745,-0.40315190739996254,-0.5314330012458984
1746,-0.17167362425217303,-0.6001873494687536
1747,0.3490867796402789,0.12845096542861126
1748,-0.37166397453895206,-0.5537812241872362
1749,0.3711413616762359,-0.544509978375056
1750,0.5460330812136868,-0.3787770380952361
1751,-0.15344732279345707,-0.5042606652718048
1752,0.1717144367783602,-0.5044322911580315
1753,0.5301613546075599,-0.4320776571778155
1754,-0.3563871316361299,-0.38477827055533126
1755,-0.6283185099784172,-0.43918723669719417
1756,0.12472513398320095,-0.45684531756935154
1757,-0.3147540562440607,-0.40898459964649936
1758,0.5299163513753875,-0.54196661174398
1759,-0.25033724242342364,-0.48800699689284815
1760,-0.2704985958911229,-0.34102421633512137
1761,0.36532676315160073,-0.49419175719508707
1762,0.03383242461292161,-0.38535150872755247
1763,-0.6269743724255428,-0.2337680846110016
1764,-0.49404082333486143,-0.4524145515861726
1765,0.18053051210874174,-0.18932262226718566
1766,0.1418567711229642,-0.5790574165547984
1767,0.4513530781117756,-0.6027489490718201
1768,0.15248056676587665,-0.36960361727415186
1769,0.06798185725638159,-0.5432030308414183
1770,0.12695209358688794,-0.6748968078863996
1771,0.14796840528753963,-0.5207316625823405
1772,-0.3463168792320005,-0.4603901214608246
1773,0.6439469090678196,-0.506532430753113
1774,0.19775768415540698,-0.4455657711531811
1775,0.06803391048457637,-0.45479301809477973
1776,0.25545046237577285,-0.3126881517813151
1777,-0.011778090063514208,-0.4381424129245947
1778,-0.25287086331468445,-0.5909766805518284
1779,-0.08537734761983772,-0.6356839478227493
1780,-0.06781126323147117,-0.5266401592826595
1781,-0.4271852437546402,-0.4327830123049235
1782,0.09804199423614948,-0.5930429137839196
1783,-0.07782450019821589,-0.4493735851220699
1784,-0.0199438057165573,-0.5996427872315307
1785,-0.2910708258668298,-0.36766013527268543
1786,0.2441915027371196,-0.5167207419999853
1787,0.07980072416492934,-0.5014358630111216
1788,-0.009868790382505628,-0.5740165578345043
1789,0.8035125228088885,-0.4385125841438677
1790,-0.16882438070556988,-0.5351707162288488
1791,-0.46105966461166487,-0.48656977536120993
1792,-0.25383665487122103,-0.49630274078907327
1793,0.15435922904685906,-0.4735396846372937
1794,-0.2378353457885713,-0.40122536901493683
1795,-0.6904584122045614,-0.2830592483040421
1796,-0.019633777901571947,-0.486262632901794
1797,0.2751076767001657,-0.6313235690783918
1798,-0.2726922026472251,-0.5363040883971593
1799,-0.17038351070831703,-0.5131265255572629
1800,-0.2769778994706309,-0.41614291559017424
1801,0.4077173576025519,-0.5933991859686816
1802,-0.19762958589044674,-0.5032312856796471
1803,0.6460129136761492,-0.5485849014669254
1804,0.3526801050367967,-0.4804827145371755
1805,-0.3392920564609273,-0.2870418022734175
1806,0.1990626551604593,-0.5722345937349538
1807,0.781952270721324,-0.18956312432693048
1808,0.432283926083895,-0.3992730131151071
1809,-0.3983989788507927,-0.439903839715916
1810,0.5619613049086898,-0.5399590678871772
1811,0.29915797553947854,-0.37078229425832077
1812,0.19645813600561268,-0.4536709358184359
1813,-0.4805593821930204,-0.31173967687800597
1814,0.5829310005456694,-0.6213435886897507
1815,0.2161879505374471,-0.5515221969412352
1816,0.7024759784579462,-0.23334943300699995
1817,0.3021840229830635,-0.23815389789536845
1818,-0.82375373114697,-0.5332674882271109
1819,-0.025303174329350038,-0.5240268560964287
1820,0.6581990066032569,-0.4462711826938604
1821,-0.3327105980000233,-0.4918977968861403
1822,-0.2479435898448688,-0.5480340306651099
1823,-0.4531619556736406,-0.37149313645760296
1824,0.08551323267082521,-0.6097441336449879
1825,-0.5173993108964206,-0.5807815416351649
1826,0.06864687754931081,-0.5546641233777122
1827,0.2252871271366404,-0.6107701194461016
1828,0.7166267645136501,-0.5613080673937307
1829,0.31582900805859015,-0.5290957993015829
1830,-0.12039348005940152,-0.3681534689884829
1831,-0.49241697700499903,-0.4279706421973097
1832,0.4679322915826273,-0.49284293415097924
1833,0.27471729548952556,-0.5479607645373675
1834,-0.04480106146568313,-0.49142657892374036
1835,0.2749446277149171,-0.43485170465992623
1836,-0.33372683277154414,-0.571680228205977
1837,0.06638487152168326,-0.5670051588941243
1838,-0.22483899538748356,-0.5032654299997064
1839,-0.3057479142226627,-0.39237064607161914
1840,-0.3171216655892013,-0.3304586206569913
1841,0.004809653506496819,-0.5523659574857126
1842,0.06735207612950062,-0.4192539882846474
1843,-0.09544543878965717,-0.6035666430376161
1844,-0.14233795303137067,-0.5191733696687839
1845,0.09472666663685766,-0.41794106484666255
1846,0.04849680037438054,-0.5923719218586009
1847,0.09450347089085619,-0.5299494598315736
1848,0.002991263932488086,-0.39767779343724713
1849,-0.2611537562721818,-0.43277472848426424
1850,0.0385099143830789,-0.6121365641978174
1851,0.22571047924977158,-0.39210761434892927
1852,0.23560721547982433,-0.5752338747684677
1853,-0.20076326263541114,-0.6284686632766071
1854,0.3559879755964224,-0.3353413362252932
1855,-0.4204236114971874,-0.5174346364572988
1856,0.14117718652105626,-0.2168942202754582
1857,-0.5022275354699656,-0.5496183989540944
1858,0.31381100426990954,-0.47316949672676095
1859,0.20186931102194602,-0.6225672132608512
1860,0.5025627576871126,0.37377184633170246
1861,-1.1367814676167673,0.15715872010073176
1862,-0.3313543040696746,-0.35546094305917336
1863,0.2494357671541687,-0.44315608969467774
1864,-0.6144793140316095,-0.17839918859641965
1865,-0.5119587776483467,-0.2665598134853655
1866,-0.6672574746935072,-0.35922612360847295
1867,0.5584521329218466,-0.33746922015834674
1868,0.3768564073219373,-0.5128965485457804
1869,0.6267310775145982,-0.48244988072706435
1870,0.42489395996703927,-0.37233919558755274
1871,0.3255584678457976,-0.2938375668196818
1872,-0.16218974908173422,-0.3113077348458478
1873,-0.24777660309139588,-0.36945644845822373
1874,-0.27064815937088027,-0.3562869517609025
1875,0.06411749751843157,-0.5578292454054165
1876,-0.015466251682036494,-0.5366441581698166
1877,-0.1093511193702172,-0.5284481916473407
1878,-0.01680281833668866,-0.4676198154300312
1879,-0.040858418315570015,-0.4821107777635198
1880,0.38970223439255214,-0.6242689428360899
1881,0.3108543706586189,-0.641557927916929
1882,-0.18654654663481005,-0.4982383282259303
1883,0.6810002977651469,-0.4593693685431946
1884,0.05684143786254814,-0.5848619331917717
1885,0.11209280381916902,-0.49119183172848563
1886,0.20789480407181407,-0.5978638947064286
1887,-0.01585185841330803,-0.6094586702549755
1888,-0.12860030748150025,-0.5337292009703314
1889,0.28137592231442693,-0.47800810462873594
1890,0.04794704764039511,-0.5818141745778295
1891,-0.32896695964974765,-0.5156603308754875
1892,-0.2806639676282391,-0.5971592121144027
1893,0.1755201064884404,-0.5698643233947709
1894,-0.16984946705630316,-0.6050321461994209
1895,0.990929008595841,-0.1981320718521776
1896,-0.1463061803174911,-0.33583122043986474
1897,-0.5384271632154057,-0.40894727212980286
1898,0.08222350813389383,-0.5002313282957536
1899,0.6482842119546635,-0.48654054059884455
1900,-0.18877883610484308,-0.5508328861544559
1901,0.215312730158069,-0.4376398539589428
1902,0.29137985587346693,-0.49784488884279215
1903,-0.3926129807950124,-0.49659388441112456
1904,-0.2551408509143214,-0.5364345663341991
1905,0.5013387109625669,-0.485245175176565
1906,-0.3598850679256793,-0.40433481870208965
1907,0.04289382193175905,-0.5867073668999111
1908,-0.16533885275015853,-0.6024859778925629
1909,-0.24549000394842801,-0.451211527658639
1910,0.39572833811760044,-0.5623301968316438
1911,0.01927067721161603,-0.39162708313114636
1912,0.3293125479735517,-0.6093183228743037
1913,0.37499892209827174,-0.5346016171841679
1914,-0.10968610788155224,-0.21503703180658454
1915,-0.1389943815172105,-0.39136315609660144
1916,-0.026852824213956024,-0.6483127575316063
1917,-0.09609569455844036,-0.5054345127962968
1918,-0.16972289479608127,-0.58434992768941
1919,0.25497462386002917,-0.2808466068088366
1920,-0.4772489014443487,-0.48136813355663527
1921,-0.38918008634577317,-0.47199508399618373
1922,-0.267582707655878,0.19176646283834844
1923,-0.5903595046206737,-0.18601702146462237
1924,-0.5631274790860819,0.07973815665837833
1925,0.041027185332892284,-0.19793789755803898
1926,0.3482694813886743,-0.5841740788597947
1927,-0.15040582903718958,-0.30717673119914135
1928,-0.29621821264589066,-0.5131438942986997
1929,0.014753326693195295,-0.4921893531302856
1930,-0.5282878056780835,-0.47648269250448244
1931,0.031973252673687634,-0.5280648176027304
1932,-0.1673235005088859,-0.5157413531486903
1933,-0.6151166983167169,-0.20009972935616155
1934,0.3080461093562825,-0.4239777762173712
1935,-0.27160822538939033,-0.5518090493226233
1936,-0.24202813096183934,-0.22230935149387646
1937,-0.8018743504087964,0.2874201568935494
1938,-0.7731747487043317,1.129394566417059
1939,0.3366652943556131,-0.41304940124143014
1940,-1.075123187221284,-0.2652199068701721
1941,0.026261926271972456,-0.25881406323122436
1942,0.2779134977267464,-0.24809589471712012
1943,0.8417653256826274,-0.06322871756142068
1944,0.3138293419361135,-0.5893260410874133
1945,-0.10900974697260771,-0.39848748739899054
1946,-0.06802874334789287,-0.4616103735540318
1947,-0.7825476477967036,-0.4807908954696215
1948,0.7016404668602221,-0.37275545344856015
1949,0.42139849350925906,-0.4555147076770526
1950,-0.35688683767179796,-0.4816928366515766
1951,0.971133084473307,-0.27885916649196724
1952,-0.11995136245049079,-0.48485782122151944
1953,0.06268092442618359,-0.49704039797871113
1954,0.31539724343957504,-0.5221021036866664
1955,-0.5198257603581447,-0.39659645553327794
1956,-0.8992249663126115,-0.37485669744852734
1957,0.6117939007208248,-0.5654614293524102
1958,-0.7780116141252508,0.025644841217341174
1959,0.5702086395807391,-0.1609205544103854
1960,0.43865493079357887,-0.36736125144560683
1961,0.1811109092595526,-0.498595008150826
1962,0.4959352427824692,-0.4932813929807662
1963,-0.8520758222359255,-0.4394458796797106
1964,0.1019599295525705,-0.6866896420464507
1965,0.16739374788640016,-0.5933902546070307
1966,0.20521956034372751,-0.6030472737435153
1967,0.061089316975443224,-0.6163108054570052
1968,-0.1733238251963169,-0.5506623818942499
1969,-0.2937611262157686,-0.43712517838565307
1970,0.334140682201133,-0.6574332804694036
1971,-0.25186433938467595,-0.5759575550652586
1972,-0.001092395163568025,-0.5638221532673224
1973,0.24163175447701238,-0.6189329082056475
1974,0.6152381885213116,-0.4787759051268889
1975,1.2931214220988851,-0.30756363439171197
1976,0.6461893191222616,-0.11068214346184171
1977,-0.08121704597836528,-0.0973296021320553
1978,-0.28478814814719394,-0.5772846248089751
1979,-0.49904145869839234,-0.422802873425231
1980,0.05530639372551493,-0.5544490954467232
1981,0.3979067945034784,-0.5099037190707464
1982,-0.3189549450883265,-0.5416002503100875
1983,-0.6963831201359645,-0.3676673771087121
1984,-0.9303092794490736,-0.5460390199145296
1985,0.5129309082635436,-0.504539104693793
1986,0.13151339614744004,-0.4870586767525829
1987,1.2319321207449618,-0.5109661059065204
1988,-0.23357506157337363,-0.4370932341346167
1989,0.1810142140672884,-0.6357834045625879
1990,0.15108160262900966,-0.4639031681747402
1991,0.7178571892567513,-0.03521250107799211
1992,3.796522884781488,2.6665165350623266
1993,1.6507603455664346,3.323569254710689
1994,-0.4106611094881127,1.1418888690231612
1995,1.0209904562513015,0.8077879706759631
1996,0.4422584101533891,-0.1442220612999675
1997,0.8144950043871249,0.34307065866215064
1998,0.130027218284398,0.9300978616736164
1999,-0.16612862125158084,0.45159218930660955
2000,0.3546527893131882,0.188477949132178
2001,-1.2348053262001595,0.26398941059331155
2002,0.7616252431472992,-0.3508279469808692
2003,0.19022409019427983,-0.2575303630649103
2004,-0.3849568856947633,0.0321446214298667
2005,-0.32043915642460924,-0.04421231164197143
2006,0.035713123931158504,0.05525445384754266
2007,0.31886195665616757,0.015544068645356127
2008,-0.36962446632841595,-0.2586703651623376
2009,0.28174484281437373,-0.39849941009546974
2010,0.6683416635672113,-0.2559941200763677
2011,-0.04373569749447593,-0.10747373848608001
2012,0.5394098134878202,-0.2676409212958052
2013,-0.014456983289534224,-0.16504727007614034
2014,0.6261067304136434,0.5897483979524213
2015,0.2226875575886562,-0.22812568864173374
2016,0.06394742497047212,0.18663939100657612
2017,-0.5282049550104672,-0.09535211765891592
2018,0.09256253400081085,-0.459197156241913
2019,0.042008461426973585,-0.012110965513589055
2020,-0.4671390280105188,0.15498368695682585
2021,0.61055098701463,-0.43394175992457057
2022,-0.4262597119278598,-0.5044130651762027
2023,0.5217186159935152,-0.08611372484034947
2024,0.3071613418799216,-0.13744453148534297
2025,-0.27553251290664216,-0.39078841810929676
2026,0.13683266968146934,-0.5445066633925094
2027,-0.3771706572204587,0.09462693153521967
2028,-0.685301101757426,-0.14651584205411078
2029,0.011989034370679668,-0.48700620912125936
2030,0.395853378968268,-0.29014431664523155
2031,-0.43061748151080104,-0.2771873404830691
2032,-0.5889186380733169,-0.4365808214003845
2033,-0.04157980319967978,-0.1715446981739304
2034,0.2969912968447683,-0.35458177401251734
2035,-0.9359045257886316,-0.22482289229720837
2036,-1.3447911653241735,1.1988222322758033
2037,0.385629282756291,-0.37210536794293075
2038,0.005017383517708555,-0.1183496494263252
2039,1.3509218620608026,0.1305101199616781
2040,-0.1575462312803657,-0.1346149697856529
2041,-0.6582695761243726,-0.05984352815157544
2042,-0.586546360087718,-0.3330356683209949
2043,-0.35094392987159273,-0.1901426166291591
2044,1.2171082699476206,-0.3530780753223336
2045,0.5120200154808958,0.2575524526802853
2046,-1.7048672520689834,-0.39004350825890927
2047,2.3374976285500457,0.4227138784275344
2048,2.796295414023682,1.8621866525202828
2049,-1.1041864405691084,1.2325937940171563
2050,0.20891892102232199,0.08722758817589585
2051,-1.5560391595831566,0.3418300848792255
2052,1.1355187699339988,-0.1810200944632549
2053,-0.6208854705971215,-0.25650385348732735
2054,-0.4320273343715663,0.00986287779622501
2055,0.29746762221828604,0.25548510042491934
2056,-1.655838990465474,-0.22204247612691994
2057,-0.7739440631681955,0.020176493416778175
2058,-2.188958919219334,1.1287326813748786
2059,-1.3588253530674546,2.683858787730932
2060,0.95632940680659,0.8180217384183054
2061,-0.9204401480563789,0.20733918278474525
2062,-0.19726568786105242,0.21338809707739792
2063,0.10907210956998759,-0.06309406069916043
2064,-0.2694317170812703,-0.2691303252710211
2065,0.2768031861389353,-0.33726139172163
2066,-0.5268255225200591,-0.24161104355231638
2067,1.021500586819429,-0.4792773146430135
2068,1.05649408421106,-0.1684224839748246
2069,-0.050206997732119,-0.35051142624093645
2070,0.4315114990952942,-0.13972264289948183
2071,-1.173647157536902,-0.25123731790775944
2072,-0.17717378802895095,-0.555721694526008
2073,0.6852682540900802,-0.5086675885819861
2074,0.3143096575840314,-0.5300330921447097
2075,-0.7433079233978246,-0.4184328849803864
2076,-0.21502132344615427,-0.5909645055050075
2077,0.2220284667078002,-0.28461570496650107
2078,0.29098856736133893,-0.5554963428929809
2079,-0.7374118532974174,-0.3360670871703858
2080,-0.45913034424722954,-0.48231451573260065
2081,0.4399954483921754,-0.5281567682911684
2082,0.24930444154229536,-0.5690059036796635
2083,-0.043858024888587706,-0.43426428892817603
2084,0.563584842122511,-0.5758827808395078
2085,-0.3866132095949092,-0.5066499022803459
2086,0.9792007589007485,-0.35663394911485186
2087,-0.2939134708076454,-0.48020083198788865
2088,0.45327911008207367,-0.5023774114799304
2089,-0.9575831880655709,1.205097449765491
2090,1.2434055402611168,-0.4177612487482933
2091,0.4193038292187755,-0.20420820803509115
2092,2.1958379519609745,2.1042664667225184
2093,0.5832671716874483,-0.06121377241135791
2094,-0.26294070483724824,-0.26402066785323053
2095,-0.4899295249339106,-0.10520745359105874
2096,-1.149553034239289,-0.15528515873953871
2097,-0.6300944404530071,-0.3625194018587794
2098,0.848427610011719,-0.2993671527678419
2099,-1.0579994273644995,-0.15181648074323742
2100,0.6929670041185534,-0.42670536105516704
2101,0.4317334909603294,-0.14622557502406885
2102,-0.14079248730572955,-0.5675034525392583
2103,0.16779900053566202,0.02413321941206884
2104,0.00957020886856661,-0.375942010766908
2105,-0.053496923037606,-0.44237565466927964
2106,-0.9273770243136394,-0.4174864654103205
2107,-0.19813408265506627,-0.40746250591064875
2108,0.6004900885049033,-0.543509276012154
2109,0.6143902358946651,-0.4149104853468043
2110,0.21045126706394937,-0.37113997134621923
2111,-0.3623906914584249,-0.21692672416752554
2112,-0.9299102426656587,-0.09661242987822802
2113,-0.08523206492119745,-0.0538581943979352
2114,0.9293391961893576,-0.43614318869177215
2115,-0.32015916954812723,-0.38082860182132305
2116,0.9468432784175549,-0.034634738563338444
2117,1.1963486382617246,1.4934543163225322
2118,0.09895319821695542,0.17555178051080741
2119,0.6423328423054779,0.42639872850251265
2120,-0.7049330176350367,-0.1154026388853304
2121,-0.18667375077812065,-0.2655932300919265
2122,0.20419326870020435,-0.3190670137838446
2123,-0.34195353670146594,-0.25105294514262577
2124,0.848357708041288,-0.01858222105703974
2125,-0.24072110488460677,-0.45869585983003874
2126,-0.08653346313450083,-0.371771212219821
2127,0.3802095980652779,-0.08717065991164888
2128,-0.9951151229031618,-0.24767016539793155
2129,0.8914378652511892,-0.3582917310433603
2130,0.060268384858432916,-0.4661039096485725
2131,-0.09924266898721817,-0.208929828093882
2132,0.6186439855293574,-0.08628247852381375
2133,-0.6973326551810121,0.03300247556969779
2134,0.4394213014776917,-0.24458812114575498
2135,-0.06440509389504286,-0.2488025227013188
2136,0.6406489649222255,0.3957730427382153
2137,-0.5022422163817942,-0.13805012224487792
2138,0.9860885214142352,0.4639810459628246
2139,2.5317697081772472,2.3598303322715024
2140,-0.7304683158721379,2.0486762371603358
2141,2.0493902142333034,2.684562963854861
2142,0.5222420441589763,3.9549453748905643
2143,1.0611607655195854,3.288406782047798
2144,-0.7642494326250395,1.8596768574803155
2145,1.9525121174889308,3.216440983592032
2146,0.4516557530337895,2.8911173513205632
2147,2.3134872305458702,5.544962202598261
2148,-1.6243599686301884,2.791999977173784
2149,-2.473066901965917,3.836333456592643
2150,1.987476413290564,1.1252516128155763
2151,-0.41628553162502485,1.1467326011077164
2152,-0.4454551770689711,0.725892631161822
2153,0.2768374499288614,0.09229628241828512
2154,-0.4918820586911652,-0.19857912181668497
2155,0.5251261191559429,-0.2427135246810526
2156,0.2927189894626472,0.12140706191129604
2157,1.0244411908074142,0.06870722637915289
2158,0.40468191152950206,-0.17722969649864104
2159,-0.5382863800722767,0.32925504479181955
2160,0.08879242437190546,-0.40160175793631925
2161,0.799599496399737,-0.37106781648807013
2162,0.14844957827999597,-0.23253263274305908
2163,-0.05337853397252218,-0.44906359436382487
2164,0.10623542095159111,-0.4465698150072498
2165,-1.560672409910918,-0.08158468959672266
2166,0.9294500302549725,-0.3981073283639018
2167,-0.4837239363358569,-0.4120108449037431
2168,-0.026497947070661845,-0.4655354493218654
2169,0.10320513144228864,-0.5053974250743157
2170,-0.20509748508645947,-0.46179880695673264
2171,0.10919348734544676,-0.39565681560758603
2172,1.1127741617965845,0.6735526767643181
2173,1.4712793996918643,0.7455526556679455
2174,5.016437455840768,7.2980198811790284
2175,-0.6660610880509827,2.5563865371347565
2176,0.07463018994754728,0.5160494423056683
2177,-0.4461400747615037,0.6774787693027068
2178,0.3999999077185929,0.227236535999304
2179,1.4194075047845163,1.4857719253705672
2180,0.8575740211603186,1.6164065762397175
2181,-0.10340008921359076,1.3917260503522404
2182,-0.09375562658464971,0.4162510703549048
2183,0.23022520630642104,1.2103755549805775
2184,0.2500818468351401,1.041730556481344
2185,-1.3057211708384242,0.6410112894593345
2186,-0.8567587777178285,1.1538786883446432
2187,1.2323354761873138,1.2088688307458924
2188,0.5794111333703844,0.1397259293896995
2189,-1.2883130443656599,-0.010360620939344313
2190,-1.683793526308064,1.2337487234179827
2191,0.9962088270758446,0.35397483888742154
2192,0.8131185742987305,0.6760445165043958
2193,-0.0265623277143398,0.6392700143115424
2194,0.0477453252388829,0.38259114402692773
2195,-0.9119484972523637,0.1468508778124191
2196,0.973211087420397,-0.1567461293733828
2197,0.6336615418352527,0.18990742035899627
2198,0.6048023640899665,-0.06915750153758571
2199,-0.14756078377586093,-0.06339793543346771
2200,-0.6254905510548094,-0.06372807072053488
2201,0.757909370600049,-0.286623451145749
2202,2.4020503348183437,2.1429232233726707
2203,-1.0992333639891112,1.3216858599396
2204,-0.49728500184141433,0.37560752914389034
2205,0.04527636328836286,-0.15268124157791632
2206,-0.28176304631663707,0.16961141370846153
2207,1.1564544448533363,-0.00508588380472381
2208,0.03728688355017179,0.06297135233715588
2209,-0.19497111634589642,-0.2659088486404135
2210,-0.227494321252174,-0.38519564487141
2211,-0.6237943493095801,0.34099105590713313
2212,0.37711047858627433,-0.2714860749961592
2213,0.15863291721462033,0.022997169762302563
2214,1.7166496866940177,0.190507003604393
2215,0.7539392843571819,1.3018360661285564
2216,-0.5440591413594931,1.045124930572751
2217,0.6105839133320923,0.5317132418539404
2218,0.11363022918419786,0.7292993737829875
2219,0.38747465446293716,0.2152112882325938
2220,-0.9399934641410084,0.05679132521881153
2221,-0.5372020753721034,0.42490010094232944
2222,-0.7624487064265331,-0.28933217349623813
2223,-2.0868821730583935,2.7539448056634024
2224,1.0976519187148888,0.5620373734060983
2225,-0.29759764199533134,0.0706578263250574
2226,0.977015850467063,0.6671151468131598
2227,-0.12156167935206551,-0.01753858544703908
2228,0.14057491714789028,0.05626531107168742
2229,-0.8065624376819772,-0.08843447105949963
2230,-0.27910035188340365,-0.29063557472076484
2231,1.3593240961636053,0.5248398283910836
2232,-0.3142392924380032,-0.327982156928083
2233,-0.4251516361460774,0.25998141293873533
2234,0.5912029456642242,-0.18892838572405654
2235,1.0530807445951889,0.004408547206337708
2236,0.1284141433568793,0.5452884283152696
2237,-2.9144552715315077,7.212267355234154
2238,-1.8870519146478275,3.627997256332877
2239,1.3402965724116311,2.647821451830815
2240,-0.6686754032791685,2.884177201035188
2241,0.4852378950985693,1.0237163801065623
2242,-1.4303217549255178,0.4589805195561974
2243,-1.5176167155081381,2.4969951691514667
2244,-2.253805245336812,6.806789030139334
2245,1.7903567017343363,1.9801900265410228
2246,2.231607409378859,0.9446322489493073
2247,-0.42666520430857807,0.7201818893709208
2248,0.4663315248367122,0.90470347715652
2249,0.9365605517441675,1.383599522645833
2250,0.2832548794389213,0.23530167027609208
2251,1.1774085187831325,1.136304511173039
2252,-0.7058715483100193,-0.046008607636424205
2253,-0.1383795016627666,-0.4032273803995557
2254,0.6712987579098244,-0.11462124795628086
2255,0.9011386319913754,0.03518977802303953
2256,-0.5199075322527178,-0.101408880633741
2257,-0.9892396759631085,-0.3526671769739529
2258,-0.2736383575284694,-0.3829530323079434
2259,-1.771648389762455,0.05951330860027523
2260,-1.052544582623009,0.20803962385941757
2261,1.6423152324285957,-0.026334689334283748
2262,-0.08964638487393399,0.20987993144720107
2263,0.41681985503112085,-0.3525032263028532
2264,0.7548589187819995,-0.2882539293542635
2265,-0.16491310952780913,-0.39850109513051457
2266,-0.0736393766086671,-0.5308600303473127
2267,0.4039572642578381,-0.5928173053910074
2268,-0.1902585073838956,-0.6268740070506704
2269,-0.824471273373643,-0.40648231568913756
2270,0.18659651009030026,-0.42172438458929196
2271,-0.7966966575760727,-0.3573415333848464
2272,0.5524746102624789,-0.5397702164194274
2273,1.1764053158804961,-0.49096659841626994
2274,0.4121766207536663,-0.5176318819783431
2275,-0.03711387442661369,-0.5591216670227317
2276,-0.4028284727898024,-0.4648883673470561
2277,-0.5944267293421147,-0.41964186547423604
2278,0.256046125315734,-0.5254286999510509
2279,-0.8359448557092568,-0.1813810376450715
2280,-0.8879840350822985,-0.10134827107310736
2281,1.2802475388902967,-0.3962081213015831
2282,-1.1501792455031505,-0.3768972448982043
2283,-0.7372878333864785,-0.1992122440790005
2284,-0.02035744779828988,0.19297205422239147
2285,0.8122500654465428,-0.48629896237169634
2286,0.28379515090116714,-0.33555182588916466
2287,0.6285337904667352,-0.21641054811113591
2288,-0.08289451098733665,-0.4009311051680352
2289,-1.4565795142502924,-0.2698181802641021
2290,-1.0851180536281182,0.441565632481004
2291,0.26784307608056795,-0.2614475365773111
2292,0.9877875261993876,-0.34195173930234996
2293,-2.230301992018744,0.45136402686949295
2294,-0.9262048151293751,0.5656156211934511
2295,0.22948439521392586,0.5733023992359323
2296,0.20017315411410708,-0.003527818866890669
2297,-0.615588625783747,-0.09738626864663116
2298,0.6428749060127481,-0.33302959261920045
2299,0.8638406782739778,-0.22719771843864942
2300,-1.3161270856257155,-0.2839492024026924
2301,0.22737973292020494,-0.3195294416917546
2302,-0.26306038386921327,-0.5185257029084935
2303,0.014163443954681642,-0.19324306190907126
2304,0.9309472499155266,0.023061904890468755
2305,-1.0808098329268971,-0.39159704051681005
2306,-0.40545566952691126,-0.3349041826147003
2307,1.2890896686336764,0.21380031655816642
2308,-1.2230390794744805,-0.10943134954472028
2309,-0.9101631917067013,0.3731371830500989
2310,-0.32737134694979886,-0.14093588429005927
2311,-0.42810688367743477,0.3271047503853726
2312,-0.9555431802235816,0.71490821910744
2313,-0.9096725863383692,2.8393544077741786
2314,0.19577904144027164,2.6026653179792945
2315,1.356947504722191,0.5470060476790511
2316,0.1654963726924464,0.046268681154052534
2317,0.17419572796937577,-0.33965717329694484
2318,0.49702786178857933,-0.19288470366180727
2319,-0.05394473522327947,-0.3729827091019441
2320,0.6652139521004851,-0.1752949633178783
2321,0.36740667426016793,-0.4119279098742702
2322,-0.1103209041725755,-0.19870021079175054
2323,-0.8771440959449053,-0.03850545506863746
2324,0.3430911392623472,-0.5393951391323665
2325,-0.31394853274146317,0.2181232633449285
2326,0.7804018713562799,-0.5511678315003347
2327,-0.2162797689247336,-0.4760995524572949
2328,0.17999254483772176,0.13088053953205603
2329,0.3223249973327605,-0.1307427014105615
2330,0.6784010951275876,-0.3303125745841673
2331,-0.25160826659032987,-0.21427614154428487
2332,0.3817453122405731,-0.5093700179886728
2333,0.17422312705416587,2.3016214210541244
2334,-0.1725090642353857,0.8013483722349817
2335,0.5078439908575457,2.391295565272282
2336,-0.10645723953613567,1.7000667969327374
2337,1.5350561566520955,0.7678878098143063
2338,0.06972434471364662,1.446584619746497
2339,1.9659985192714264,1.4611626099634913
2340,-0.9003744859982168,1.4036468377388893
2341,0.20723664535064076,0.7525299650156217
2342,-0.5288272672223888,0.5305053949256353
2343,1.129399350761078,0.3208435135985353
2344,0.8009415424066492,1.0240561093245688
2345,-0.026857841959668463,0.6653957684995817
2346,-0.4357670873861518,1.097314724528836
2347,-2.0693496401111835,0.5160124807845032
2348,0.3168721012705156,1.116965815161334
2349,-1.189668261910852,-0.09559416194220834
2350,1.151002966971577,-0.2148539691516658
2351,1.4162575808522886,0.04668875235687681
2352,-0.6799243115435712,-0.07224828101290699
2353,0.4611913194642678,-0.08318647745574147
2354,0.3363845221607422,-0.2515347039284583
2355,-0.8514371624780636,-0.15553416147536336
2356,1.0652784125962265,-0.4106445877622328
2357,0.2409712601498381,-0.5138864803388358
2358,-0.044168582444655456,-0.33015169101030073
2359,-0.24965219260241683,0.3466048572183853
2360,0.0702184525763365,-0.46630047631287813
2361,-0.01148112611719898,-0.38953784355845494
2362,-0.08726240451791228,-0.4375175180568937
2363,0.4862670122250375,-0.0292229865604304
2364,-1.6472188713888334,0.5103392693930231
2365,0.33526467926394765,-0.45703092223334524
2366,0.6649136658197042,-0.5070409879224583
2367,0.5635517476332111,-0.5109903131934573
2368,0.1366329164846299,-0.5584168320860756
2369,-0.2543024903893465,-0.5413754095615367
2370,-0.4347897734382608,-0.2818685257651741
2371,0.3226426491118808,-0.4741778385567105
2372,0.9408869215015607,0.09568365936153558
2373,0.719801433495732,0.09370448046713022
2374,0.2976579753965234,-0.04579053299082145
2375,-0.8676158481066044,0.41350466368013716
2376,0.08422660151141573,-0.04679084749351547
2377,0.8698201475075976,-0.2783545379820089
2378,-0.14744651241662612,-0.2871110570824867
2379,1.4270428471058356,1.1242511391214494
2380,-1.8973423084919774,0.20346503971062296
2381,0.7939258664903512,-0.02902915261922704
2382,-0.9937118639872189,-0.5008829283833187
2383,-0.6236881252658968,-0.3186285302180006
2384,-1.2398991519245142,0.4876422136398809
2385,-0.5511084327699978,0.3528934897011211
2386,-0.985716190320103,0.5411994221089725
2387,0.5798540208621861,0.334270690019516
2388,0.09841614597828574,-0.12583484832854488
2389,0.9134490545677408,-0.28550733890192437
2390,0.06359224632669547,-0.5096727185514085
2391,0.8951323569730949,-0.2888172351486867
2392,-0.9736033127146424,-0.36607732230632634
2393,0.20851904683966244,-0.10494822259496872
2394,-0.6549086412968641,-0.20172845473399578
2395,1.262022995131115,-0.2846338095555765
2396,0.43500994200855125,-0.3915707820576
2397,-0.6862461888149508,-0.3055634216866762
2398,-0.044770971847435524,-0.3637648111940388
2399,0.8600681615828947,-0.2612308973656832
2400,0.43670486364601513,-0.11890551302410862
2401,0.4500694315735734,0.1434383084718941
2402,0.14257678323830802,0.14757198030928023
2403,0.05365320077492699,0.7997581953409518
2404,-0.5362683581081249,-0.33208295549086286
2405,0.5299508374336901,0.1757840084985591
2406,0.3425937099448211,0.41080910466692183
2407,-0.45848647129368075,0.27577288474127204
2408,0.6574317679185193,0.25845074378979266
2409,-0.2934239278263549,-0.23656901116895362
2410,0.23031728461295958,0.16804444252799866
2411,-0.37511767269743695,0.04903866400129664
2412,-0.2787881755301468,-0.4583280382123446
2413,-0.0454821420511817,-0.2926895084226388
2414,0.8068715005242945,-0.17373841294654074
2415,-0.8172343058751599,-0.22364652914364058
2416,-0.48885132026071715,-0.12228649965712274
2417,-0.4504718398216209,-0.2594320199228835
2418,-0.160509493178978,-0.23141831661744042
2419,1.5906243068793493,0.34996895965676295
2420,0.16053151254161208,0.440504637198993
2421,-0.09018912942779658,0.029396626594069303
2422,1.451238990761533,0.25664688799903645
2423,0.9654951770355226,1.6533422798057835
2424,-1.7551430333051223,2.2516827119173084
2425,1.0589774320560945,0.3399333697994924
2426,-1.9188957806251208,1.311463399033308
2427,-0.24393491335238138,0.3484626000164185
2428,-0.8288019243087066,0.4004227429453943
2429,0.8931168306537728,1.4560852250758085
2430,-0.3062174511454943,0.6121934849451222
2431,3.6661676335324147,2.2808642394875314
2432,-2.3909450122699734,1.6545342706366906
2433,2.13884338813918,0.8529986045284249
2434,0.8472864334459453,2.7712874046190694
2435,0.18001732247092103,1.603689877010551
2436,-0.7301320095098573,1.4574008985955653
2437,-1.471761767509949,1.6292376986608785
2438,0.3699274424227262,0.15107172596924465
2439,-1.0642254919870038,0.9621355206698985
2440,0.7508821212422568,0.6237280228530452
2441,1.2842622503736327,0.5847983460228311
2442,-0.3942364062767191,-0.1025135817918979
2443,0.8007117305133752,0.35123782020663213
2444,-0.25246144263761794,-0.4316869807602131
2445,-2.390915701430119,0.8098539599769813
2446,-1.0480552419251015,0.7522932703624153
2447,0.5596506214156187,-0.24156606962290428
2448,0.7712475789456732,-0.5231496491722987
2449,0.9692999083490222,0.01852050271831568
2450,-1.0392775031156682,-0.43368739433669967
2451,-0.2218039919572067,-0.2933593139649526
2452,0.2858332546339048,-0.3383946432212616
2453,0.1956904777696553,-0.44396183296846964
2454,0.6499136508826817,-0.3150488946240705
2455,-0.7932126782536131,-0.27266354205993587
2456,-0.2514390911650117,-0.45730696528613507
2457,-0.46062592374620703,-0.36923913868806146
2458,0.2463498894245143,-0.4483618704811843
2459,0.4478960672532851,-0.4954903417356152
2460,-1.2133550766514658,-0.3966571884136126
2461,-0.00037208945872535017,-0.49544934312760114
2462,-0.7593773192982936,0.2771193174201954
2463,0.8093251856580571,-0.4123685984353827
2464,0.2803111366347539,-0.46874866778668767
2465,0.6860814977866397,-0.5166376097548204
2466,-0.22385295021371246,-0.4892830567263156
2467,-0.315766207150493,-0.2684181711371799
2468,-0.38046712703606905,-0.5003924987113969
2469,0.0818347999164937,-0.5819595784569427
2470,-0.4083175911643911,-0.5347263548131378
2471,0.9564261361916512,-0.3336939950661684
2472,-0.024884954115545775,-0.3337649613606591
2473,-0.5653558059941995,-0.3471940637680639
2474,1.2529657227042663,0.08349829255927618
2475,-0.4620718936225414,-0.007835548067288924
2476,0.79672260340594,-0.1965788470376149
2477,1.0088145406193336,1.1211366899481956
2478,0.33379972525067036,-0.04673496487806374
2479,-1.3251473922582475,-0.274697249949355
2480,0.3576288692057197,-0.2103046229751883
2481,0.7344751898717412,-0.249876589035265
2482,-0.48730318133210715,-0.17789358728948748
2483,-0.18775500528437125,-0.1355772219054216
2484,-1.192863094292356,-0.295261031963714
2485,-0.16614524527056765,-0.48864695356615956
2486,-0.0717736462350798,-0.33286356168142317
2487,0.2027159797050872,-0.41378489229547477
2488,-0.7016622970193201,-0.2652419749238383
2489,-0.03833529890589401,-0.4846571077428363
2490,-0.7010172722343736,-0.3788162229558825
2491,-0.0751862166167773,-0.14999231797226895
2492,0.43435552291104534,-0.4714511245234403
2493,0.35116390840489664,-0.3138993083554019
2494,0.04220253054294335,-0.6067980061565056
2495,0.424419137767568,-0.5579009734968762
2496,-0.17386131603853713,-0.5901013731886415
2497,0.459324722388026,-0.11910716721596239
2498,0.09692528448690538,-0.48953935384456404
2499,0.7238025655049124,-0.2656702683161537
2500,-0.10035644039484928,-0.4603112013208445
2501,0.04423011033879449,-0.42139822344996075
2502,-1.0688061511618334,-0.12697038870761793
2503,0.19087654845208457,-0.29825759086149173
2504,0.747540187643231,-0.371533432694029
2505,-1.6256233962897413,0.5285653844784581
2506,-0.5231930274366794,0.2477655161640627
2507,0.2312654457563986,-0.15754796202377216
2508,-0.640162340724669,-0.31698755855000904
2509,-0.6740418163257449,0.32563083278639926
2510,0.5834146666459644,-0.28228748896124534
2511,-0.04790342277776643,-0.2661619212339242
2512,0.32758930541254505,-0.4606365545315066
2513,0.5168370289637096,-0.49587974333755847
2514,-0.8304566354626892,-0.4568231068415761
2515,-0.400815961700622,-0.157324385043068
2516,-0.32950131480399414,-0.3704828782904816
2517,-0.5858266307951835,0.6886511860771181
2518,0.05098163075411904,0.49492686230860294
2519,0.6293755443639364,0.006593754664022226
2520,0.15251813232762945,-0.19231887430304098
2521,-0.41370605059867716,-0.41901182772514034
2522,-0.17720752827181205,-0.5077392663139683
2523,0.15950679969783838,-0.39643808434011313
2524,-0.8995392749774163,-0.2898442187149825
2525,-0.4504101410016315,0.27574740923843505
2526,0.7916252605376709,-0.2664569936556045
2527,-0.28170457551122857,-0.1880594291982695
2528,0.280108048554616,-0.3194558467603552
2529,0.647133072923978,-0.40853722032101997
2530,-0.06921012642959543,-0.05268210597193628
2531,0.702430707935396,-0.31668349733550993
2532,0.43618881934779585,-0.08099713894611661
2533,-0.4601982124927656,-0.3806233056994668
2534,0.363961472292285,-0.4799907875519139
2535,-0.4446187744350715,-0.36168829143059245
2536,0.4592936675703058,-0.543570395795297
2537,-1.0131504834863028,-0.3574711790852087
2538,0.6084482325903655,-0.4691110075222612
2539,-0.28520767736731656,-0.5183808353790531
2540,0.4669541557401522,-0.47777679761248126
2541,0.054001259392210184,-0.5296356435873312
2542,-0.12883142986129237,-0.4103701163703958
2543,-0.3042603624038771,-0.5762838783359625
2544,0.34937522460156983,-0.5595936816849344
2545,-0.3277442410930542,-0.6425930570751847
2546,-0.3796052818180866,-0.5089731472618962
2547,-0.024066085877355557,-0.5898160296696241
2548,0.37585108856839694,-0.6026957091799552
2549,0.11475530231817077,-0.6448393314648356
2550,0.25779033214522035,-0.6441938691411304
2551,-0.23439635179297338,-0.5831004370597264
2552,-0.22180187942441917,-0.41499307939349095
2553,-0.20365415888099883,-0.5801895053938915
2554,-0.6211899570229544,-0.5589655756195901
2555,1.0562114838759051,-0.5535376948827574
2556,-0.09250420547718788,-0.573121506526624
2557,0.1629998565295773,-0.5813721637709157
2558,-0.060579905668606666,-0.5606459853012273
2559,0.9722154886098249,-0.3310274590524188
2560,0.04777600390763733,-0.33658254361102324
2561,0.4171954635067485,-0.5890823733864686
2562,-0.24636326597419034,-0.4928438081949832
2563,-0.507648504678085,-0.43072569855543597
2564,0.25115737991239817,-0.575870462209709
2565,-0.2633623468928124,-0.46001320394058787
2566,0.019281452286160426,-0.5670942109302337
2567,0.5551575440281963,-0.5351237859425988
2568,0.8390963438717434,-0.040981268035658845
2569,-0.09467039726058783,-0.4220081787298997
2570,-0.4385528068592306,-0.33482442908248433
2571,0.5280138258201761,-0.015468254086643367
2572,-2.201127307977309,1.5390631031289448
2573,-0.872052541064753,0.8636134345114747
2574,-2.081004096767426,1.03553563558334
2575,1.4349769140290152,0.09346515868557274
2576,-0.24279902128790828,-0.4920262111613244
2577,-0.33730453676594263,-0.4599379269731229
2578,0.24419239444357924,-0.47503985941439997
2579,0.026470316384187967,-0.6180055766887013
2580,-0.48230137136608825,-0.5765401469015009
2581,0.4540889966362034,-0.6428622460769147
2582,-0.21708522887369627,-0.5225174458432229
2583,0.3236603414698308,-0.597813209824353
2584,-0.40149280396137466,-0.5744629353323286
2585,-0.8893516040517021,-0.2680775287058684
2586,-0.3748157043361144,-0.22785743378823828
2587,0.17619239218528973,-0.18369237887986709
2588,-1.3819971641309354,1.0853832573613924
2589,0.783482156939478,-0.2822670855699494
2590,0.07940692065925598,-0.4415043480510824
2591,0.5016562794748207,-0.5561803182093349
2592,0.13019006013683332,-0.505489493329762
2593,-0.3545109379958626,-0.5884194856717101
2594,0.24817870309010484,-0.4819891099971031
2595,-0.15565440461113214,-0.4728901680145962
2596,0.5135212599361816,-0.6447883445803133
2597,0.021615235565634237,-0.46558227712387273
2598,0.01462503990549664,-0.3142050028219723
2599,0.19283719557079707,-0.27963265265512927
2600,0.2726076664228428,-0.2972793993453569
2601,0.3860560292981482,-0.32511572978375136
2602,-0.11445001121573385,-0.4314783581281898
2603,-0.5662108427061933,-0.5485837697528091
2604,0.16522492043692408,-0.627289475169141
2605,0.5699900882355946,-0.5718361796540421
2606,-0.351446103407704,-0.4998509280192802
2607,-0.23808500259854418,-0.5483873810506324
2608,-0.39565122545776504,-0.5445147475870935
2609,0.07401702842723742,-0.23103956601516595
2610,0.14939387984136432,-0.5308621014760444
2611,-0.38758682390721666,-0.5223183435204599
2612,-0.06796378716977199,-0.6294898687072363
2613,-0.19508761343760844,-0.5427833456342586
2614,-0.16977942903513157,-0.5214047824277974
2615,-0.6322483042899227,-0.20897969828747603
2616,-0.19183998250528597,-0.5066755820584363
2617,0.7437800732877194,0.7010298855526199
2618,-0.5093310132036228,-0.05395685744080455
2619,0.3594611180085801,-0.08343233619341582
2620,-0.25474261986499924,-0.3504337058147537
2621,0.9254740793875628,-0.14977604031277658
2622,0.2952662205591722,-0.12309842773978001
2623,-0.5679505960084079,-0.44292754458782163
2624,0.6394489265842502,-0.27624070414066504
2625,0.037514529735948446,-0.5388449242788783
2626,-0.22911866058497093,-0.4180331660952627
2627,-0.7570498412427065,-0.35328107518072777
2628,-0.6346480708112129,-0.41286527942640594
2629,0.27989567285483563,-0.49447697351032543
2630,0.257838805138913,-0.5442310243483327
2631,0.11237421068554533,-0.5134443015946065
2632,-0.7166457610621431,0.008539228757121056
2633,0.2802443265073365,-0.2170946295532643
2634,-0.11041435576222225,-0.5332820897473753
2635,0.9870000376626662,-0.40493783448329324
2636,-0.22038991837742525,-0.48285953195470277
2637,0.039104363332355375,-0.5264963009016842
2638,0.1555619924562316,-0.5108421213349114
2639,0.673740230982489,-0.32179992881311437
2640,0.2764251530582213,-0.36001906777637677
2641,0.7629111901343224,-0.37106131485296706
2642,-0.4113968453207108,-0.5044973326787429
2643,0.3286029285929587,-0.5029264119202473
2644,0.6200482279081212,-0.34244937463963165
2645,-0.07778038226999434,-0.34360879713972736
2646,0.5562633908886826,-0.4881502543434568
2647,-0.42673454153799656,-0.2547238520008261
2648,-0.6092995950990008,-0.503378712364299
2649,0.3453748939552632,-0.4246606214467862
2650,-0.31462241937479263,-0.3789989973459384
2651,-0.40443570730008865,-0.43933705553800073
2652,0.9128066168145603,-0.5620451399955961
2653,0.4035201389113554,-0.2504397093666214
2654,-0.4358940195526994,-0.4962455519943247
2655,-1.578282221713884,-0.28535694473201717
2656,-0.30767766183244954,-0.08566746575265269
2657,0.5538446461937507,-0.42374391341484685
2658,-0.3054837912248586,-0.4766803489815547
2659,-0.9246710345336531,-0.3482178919585064
2660,0.35614839370038337,-0.49223545875095237
2661,-0.3707471522752638,-0.5400914984539935
2662,-0.026059678541034026,-0.5452616692068156
2663,-1.5145975921538772,1.1071615542521176
2664,0.9275456791553855,-0.0875508289352018
2665,0.2820676643719984,-0.39812925196486254
2666,-0.8830166063451614,-0.3210137319829497
2667,-0.44864958284412737,-0.07232160549182824
2668,-1.4705589787545408,0.4937113534674063
2669,-1.371747509934616,1.4678874958272732
2670,0.26737719010305794,0.3008946227467651
2671,0.6098206977976798,0.48234265230020756
2672,1.2476064423221935,0.07335929892642125
2673,0.4320269647085133,-0.49395814305113817
2674,0.684579654063035,-0.4056683017842017
2675,-0.28151329804648956,-0.5180356258531326
2676,1.2006011093067206,0.0028881368107364735
2677,1.0313997820652745,0.189287221452313
2678,-0.1363648607873865,-0.4696590428216449
2679,0.6372381011579331,-0.29340651170651755
2680,0.9458430796784407,-0.16144291510914552
2681,-0.7536039796366514,-0.3201400699056123
2682,-0.11443191137882093,-0.37955505926647026
2683,0.43809183379017425,-0.33437077035234514
2684,-0.09645711341947719,-0.48750948865975663
2685,0.09070157211210453,-0.24230276042203644
2686,0.3072396372446457,-0.195094322578245
2687,0.8569681327947323,-0.41327754152489876
2688,0.18874592909315982,-0.26432451689793807
2689,1.1483136692145184,0.20959179849937495
2690,-0.20640859130875977,0.29826663077745547
2691,-0.41914661452837737,-0.08087761379536773
2692,1.1233833637028945,0.08990980737726445
2693,0.2042611504777075,0.09210279868082805
2694,-0.07366838800097875,-0.21185705287246795
2695,0.5433079128572362,-0.11256369974760633
2696,0.08567147185377075,-0.14912221877960571
2697,-0.4539327667367689,-0.037885332212591515
2698,-0.18293814547667983,-0.2901162018768475
2699,0.06283178749529365,-0.07241759490621309
2700,0.24047985254005322,-0.3102125938474221
2701,0.35095316168919133,-0.2783576147794092
2702,-0.63781359449065,-0.18965684969623028
2703,-0.40844424491759734,0.9063346267070935
2704,-0.5920771060064838,1.0143334596036442
2705,2.637735614197406,1.6394660067550813
2706,-0.7797400213525337,-0.033473220183375584
2707,0.3625751364243047,-0.03507572036495504
2708,1.1525157253227707,0.17312392852407077
2709,-0.29506394237304384,0.8997291744164952
2710,-0.47084828592844385,-0.14327063802934165
2711,-1.1300223825212738,0.15228960330756136
2712,0.602281060636045,-0.35775935344329934
2713,0.7959774672433354,0.10986279000836763
2714,-0.9124438301871274,-0.05393943014805793
2715,-0.22568591825027617,0.09927512474517189
2716,-1.0080163683133017,-0.43430663900392047
2717,-0.9108781440790793,0.6935663903644251
2718,-3.1464713440904886,0.3624532144797938
2719,2.064727658834676,0.32694158753805147
2720,0.29836476241696014,-0.19156652413380879
2721,-0.2604081964147008,0.005549657898416079
2722,-1.037593284988545,0.5536548392799289
2723,-1.3212904332144064,0.08732480099373802
2724,-1.8656223868993405,1.4095875771140898
2725,-0.07134605431511806,0.1818575553712229
2726,0.6668136576000643,0.5049177510493528
2727,-1.224487453914668,0.6998496107293768
2728,0.7982006332344714,0.7926486048975656
2729,1.4912576524987193,-0.035849353501887
2730,-1.1867395211786944,0.2371196039148722
2731,-0.29253496859629474,0.15044804374346682
2732,-0.17490863221563657,-0.3906426696446694
2733,1.4031128710043366,-0.37496368280966325
2734,0.9923366050250495,-0.2823903281574637
2735,-1.267281679960757,-0.024869424173367835
2736,0.42781861122935594,-0.5253806815971593
2737,0.5193245678991363,-0.47302569158462077
2738,0.6408613647911345,-0.45694278601136484
2739,1.130548939737946,0.1962222605110528
2740,1.0954884214689307,0.2275112398135908
2741,0.8980930056167764,-0.3994989394209425
2742,-0.5291761777208088,-0.11552906371332478
2743,-1.042053742401384,-0.29953248994181075
2744,0.5231472835465674,-0.4509375587997128
2745,-0.9798594517346155,-0.4374645086737331
2746,0.06274973789067259,-0.33892931687034206
2747,-0.36895881623995974,-0.4853956434787061
2748,0.17323805317590923,-0.5762621581218872
2749,-0.05278132772375437,-0.5477673427010947
2750,0.8470986354737076,-0.4973153825762957
2751,0.32452843584838703,-0.443760212850456
2752,-0.5517992839622653,-0.48973357439997567
2753,0.48352214309954306,-0.5910167128310161
2754,0.5533710732609809,-0.4609452099394769
2755,0.25374707436707034,-0.5670362061215035
2756,0.06332248616263597,-0.4003595946401017
2757,0.4475132717668284,-0.33066287587971444
2758,-0.2885453142541628,-0.5539597893168027
2759,-0.2575144807401938,-0.25079844499613424
2760,0.5735042953827947,-0.42010766945807715
2761,0.7759172653738267,-0.48604353494146835
2762,-0.24762680196198444,-0.2396845184550234
2763,-0.3480577541786585,-0.1806286718493415
2764,-0.12082323019959573,-0.48616425034018473
2765,0.7992043248731051,-0.4649249649439895
2766,-1.1969943380835684,0.08615905431669385
2767,-0.3765801460072383,0.10444507337366815
2768,-0.17085281550036624,-0.4199614305985275
2769,-0.31474643299728844,-0.5240105016920694
2770,-0.5179075760630898,-0.4182393347107136
2771,-0.15843306063745116,-0.2638327898519347
2772,0.7156209795844195,-0.47763750570555735
2773,0.20119358974057774,-0.40329541771369365
2774,-0.17731161439469978,-0.5501566797830799
2775,0.4528789031285971,-0.3893175474483561
2776,0.30515748681766997,-0.5695675618256792
2777,-1.5395709775831385,-0.26122608885296333
2778,-0.8030441505978816,0.0076350139133785615
2779,-0.29921632158973394,-0.18248716878065513
2780,0.6027156429155164,-0.17971215953139907
2781,-0.2100205545419497,-0.3349771489280639
2782,-0.006642412833423943,-0.37820372803016605
2783,1.128762322355784,-0.2338335318410404
2784,0.8766153774716856,0.018258245640615744
2785,-0.21795803260084645,-0.1265588952391263
2786,0.6897040784565412,-0.07751184426183909
2787,-0.2659350338737221,-0.23997319549234475
2788,0.5691273766805975,-0.43444579916278214
2789,-0.47992027663637876,-0.41118475867437754
2790,0.39274213963325155,-0.06781459560448057
2791,0.23650776257892625,0.09605198054753239
2792,-0.31958822781992247,0.13945759511575312
2793,-0.44031478492909004,0.1159678490393897
2794,0.642558809809344,-0.035759213582669015
2795,-0.6646833505251808,-0.4043459444409923
2796,0.16289931348090908,-0.46167810337372267
2797,-0.1568463886040619,-0.10111212019047823
2798,0.4494878598860271,-0.4465165465944372
2799,-0.11614646086314993,-0.16432293419195731
2800,-0.47679934500178045,-0.332083270028717
2801,-0.624246005197161,-0.500982952589653
2802,-0.39196024656823447,-0.2095506959864471
2803,1.5750789721071705,0.11135273757024432
2804,-0.22481346623577872,0.3550182195088424
2805,-0.6478486255117756,-0.25117310097999546
2806,0.42965910741878277,-0.4482806950660284
2807,-0.33508372031844236,-0.30766103731050776
2808,-0.8931182421560812,-0.011842830898464472
2809,0.42379846743948807,-0.0491917619356141
2810,-1.1189072474727244,-0.17864214046085058
2811,0.11793318964423893,-0.15476374210231314
2812,0.1771269074876798,0.4821262756182712
2813,0.12388373970158734,0.20874918184469005
2814,0.007305622692262445,0.12046624816552406
2815,0.5441750311534284,1.8568526046326699
2816,-0.5693165435262568,0.2332967682988787
2817,1.4738992936028872,0.5445202683604087
2818,-0.4841761554540351,-0.3889854597956439
2819,-0.47049552308969794,-0.410936532855081
2820,-0.4411765601231233,-0.4187615716731954
2821,0.5763914554596092,-0.18739206663841199
2822,-0.4848285738121403,-0.23626994311866525
2823,0.2715463819874377,-0.3374429176697239
2824,0.7723758049558654,-0.31642346418904327
2825,1.2001491672586448,0.4867128806219304
2826,-1.8729241029557249,-0.1749337921415651
2827,0.13170623101032547,0.41177254673905683
2828,0.48397818136679066,-0.4628269530218648
2829,-0.09187590122330994,-0.355146010220876
2830,0.24803192142460234,-0.09909449425869676
2831,-0.4042471408004866,-0.02171693950783745
2832,0.8692911501943497,-0.002673976591001126
2833,0.09489647776639876,-0.33015600240345394
2834,-0.03981154052868125,-0.4375678770940229
2835,-0.21740800602625837,-0.3335377546888936
2836,-0.1860337195521677,-0.2651187904708832
2837,-0.46566257846004466,-0.5110116753384455
2838,0.08457447013111359,-0.45362474574611295
2839,-0.7948943502698949,-0.46994597298678253
2840,-0.8030231701805184,0.0028300071179089073
2841,-0.013965314665059462,0.004191164861084805
2842,-0.2799125311589593,-0.33261574406388694
2843,-1.05469201663189,0.12522887932854743
2844,-0.4667144598341959,1.0038479630133181
2845,0.34421463117750795,0.7719585724585571
2846,0.32338529795087617,-0.3995021675642937
2847,-1.5724847645927613,0.0032948895617966097
2848,-0.4595359853818382,-0.0928271270376451
2849,-0.5404617679688721,0.08290639561385645
2850,0.36880851113061236,-0.5436771547326803
2851,-1.5941067915712934,0.685618881023713
2852,0.3691528320710372,0.09935360323130273
2853,1.0207313174007542,0.16316675589821666
2854,0.7173864772294631,0.04572033628466845
2855,0.4784175608520395,0.11432473941665922
2856,-0.07014347696907326,-0.1389326571177476
2857,0.4066537026032173,-0.007474293682222395
2858,0.027352078143281736,-0.57559906351227
2859,-0.9557044713378622,-0.277202850741263
2860,0.8609624852063323,-0.30740800458916856
2861,-1.131324538961741,-0.35469358530379685
2862,0.8849926642575221,-0.3174946844698406
2863,0.21301391416985885,-0.36364228414314936
2864,0.022891450330464448,-0.16095115894087894
2865,0.8408634713111325,-0.3876194366009004
2866,-0.28433332205715756,-0.39453847366526523
2867,-0.2064029214702357,-0.38376562911333284
2868,0.28104411905048793,-0.5754462825900002
2869,0.186301308393223,-0.5274190182960947
2870,1.195137579067471,-0.22373030461362511
2871,-0.2423859093950572,-0.36531277948106033
2872,-0.35100006082788765,-0.21739514770335971
2873,0.02991334557989355,-0.5717036051314857
2874,0.5766562100039013,-0.4848159694009672
2875,-0.4367092396691117,-0.43052666463665923
2876,-0.16423312848550475,-0.43194192511940516
2877,0.11365830859605341,-0.6067098403685174
2878,-0.42055664848212876,-0.3372121471897758
2879,0.1405264085662603,-0.5797296318593236
2880,0.32881126978475245,-0.5210713856216976
2881,-0.7869251258182914,-0.5158992894214547
2882,-0.2109549219179665,-0.3017093128863871
2883,0.16442403939563355,-0.5209219876168446
2884,-0.36447779825958115,-0.3611224867591474
2885,-0.9168799726406589,-0.05188691710924304
2886,0.3112498726131079,-0.34012935064064237
2887,0.2941414979409385,-0.3516996768166725
2888,-0.8844236386795284,-0.16912804496763997
2889,0.37915963002393993,-0.5482428860205323
2890,0.13637422667435997,-0.46866508244791355
2891,0.1980085878880903,-0.47678485978812607
2892,0.49143779031981666,-0.6052181849566654
2893,0.6067196415392015,-0.2400086256733952
2894,-0.16067442802034093,-0.5108505457487061
2895,-0.13964890660925816,0.21564666150352188
2896,-0.17640279222714114,-0.5720322275902966
2897,0.3399213823218174,-0.6198923596704909
2898,0.12826612552397737,-0.29700018725614225
2899,0.16830004319220826,-0.5001372308062946
2900,0.437593182281628,-0.44133867338587207
2901,-0.008742676750005722,-0.40144373218234314
2902,0.20805733636299037,-0.37541565384689274
2903,-0.3382140380210145,-0.4477512852587049
2904,-1.1019528475143996,0.011338230023857665
2905,-2.0263689177204274,2.638565784615637
2906,0.1240973321794906,1.6478657840932296
2907,-2.0307892367338067,1.3617381824357966
2908,1.280841317132599,1.2945795388899826
2909,-2.4554851752519555,3.5724261410478126
2910,-3.478026119891868,2.88094991633071
2911,2.0800504985062735,3.5438787739011146
2912,2.593907227613715,2.4992153916568185
2913,-0.15630614318104297,1.0991576581671596
2914,-1.2782861969715416,0.06920859454981064
2915,0.8550436805256303,-0.09120153228243612
2916,-0.348529489668272,0.4231729621310673
2917,1.0416606748708548,0.10142061249954606
2918,-0.841858761107988,-0.3971286957517728
2919,-1.1662972813342922,0.16243031531412908
2920,0.07080290713815011,-0.13805274763092207
2921,1.4193430373199558,-0.2782895102216492
2922,-0.22712259259940654,-0.40887371632546526
2923,-0.7275184367214514,-0.394514238480921
2924,0.9749500858079665,-0.5300705271864613
2925,1.242321828378408,0.014297703540139185
2926,-0.3912171858073445,-0.09589102494796899
2927,1.0115920684133413,0.44973042186960377
2928,-0.7898705949964925,-0.3888460624878615
2929,-0.3406895063407303,-0.5471389128658688
2930,-0.0742374338883074,-0.5647119210773651
2931,-0.025349845665895245,-0.535039530427104
2932,-1.288345252708053,-0.4001112179653606
2933,0.8718155739185274,-0.5444816214256996
2934,0.8387298495362775,-0.4379644124321389
2935,2.073116185618597,0.16307660333489465
2936,0.38244035624168565,-0.009229478370081506
2937,-0.4539792900592067,-0.504251095034723
2938,-0.3728806845020274,-0.5002721364902808
2939,-0.09738249798448215,-0.4637302285217154
2940,0.3789303696582942,-0.563172135096152
2941,-0.5927622719464842,-0.5128835552283069
2942,-0.4134226854890247,-0.5801108046789799
2943,0.6935022682760541,-0.5633634138778139
2944,-0.755950624745431,-0.5281918511053947
2945,-0.3692038350453016,-0.47693490092547575
2946,-0.40169753467715996,-0.44722218710558387
2947,0.6344501508001508,-0.45202980312976404
2948,-0.1433857735174756,-0.5619358441490316
2949,-0.3321883380667202,-0.47126095543731494
2950,-0.09785700274491423,-0.5083489633407999
2951,0.6355464558750981,-0.5110381374868413
2952,0.10576073431231986,-0.5181240345257618
2953,-0.061032790788475476,-0.35466651941890887
2954,0.45114033584299,-0.48472100330504037
2955,0.6882576384815631,-0.3304842265756968
2956,0.20158125583464812,-0.34554167060269725
2957,0.2716164242318595,-0.49690750808057327
2958,-0.06297868650109074,-0.5817442933847123
2959,0.1089413608234813,-0.31303862822444023
2960,0.8744259736860294,-0.3547642964256755
2961,-0.22242130743598457,-0.4502166881367222
2962,-0.49790701256096725,-0.32849409490797127
2963,-0.20535713574918354,0.014663791835727668
2964,0.259159715385042,-0.480429241615832
2965,0.12836196866142147,-0.20834216936908018
2966,-0.4406048265073465,-0.2303060010617283
2967,0.07891681830934645,-0.4966113134938626
2968,-0.6251361076503529,-0.4946043252621174
2969,0.4582041471690351,-0.486124380298815
2970,0.39040480622022766,-0.5633714821939969
2971,0.4337399387811307,-0.5402453896982732
2972,-0.12311191400960253,-0.5751073969110009
2973,0.7124995757254451,-0.38798970629455826
2974,-0.0054055589830342785,-0.30362991625903596
2975,-0.41883371760296767,-0.39754817940531917
2976,-0.20275562329392025,-0.5413499318965521
2977,-0.5888227677833546,-0.4284845540127862
2978,0.17134705366440348,-0.4363916547014513
2979,0.343572361505056,-0.4684657083332305
2980,0.0975464919448596,-0.5027329526284714
2981,0.3554970357142287,-0.4333881236784152
2982,-0.15273177217279615,-0.15812095467019882
2983,0.14975453937231056,-0.5411245621551877
2984,0.8126187733123919,-0.30501802165735875
2985,-0.2512872670643781,-0.1646779332623858
2986,0.5798701182259907,-0.5112481385049635
2987,-0.16376380870283003,-0.4929937689268135
2988,0.42102447334342274,-0.3616100739455263
2989,0.6215253784990716,-0.07529364971156643
2990,0.25164295027949746,0.46829310727948903
2991,0.6316811164322576,-0.33280275004220594
2992,2.1360352338810285,2.4133076407729646
2993,-0.8161612976859641,0.13269053327388206
2994,0.21105049176584542,-0.17313019104188918
2995,0.10224648464345004,0.1618125762427378
2996,-0.9870439725369291,-0.150921850688629
2997,0.5942614754296931,-0.2720167114299887
2998,0.27983970117052853,-0.32919166239721326
2999,0.26090736585605323,-0.2544013024180568
3000,-0.4563095904365937,-0.17370128606705415
3001,0.7946678362659749,0.12933473796143363
3002,-0.24644007989830075,-0.5137612935839349
3003,0.5367744260271886,-0.16948465666602622
3004,0.29118976340169656,0.3281143216765255
3005,-1.9641024955020552,2.084986132549681
3006,-1.6532349152809265,0.9615013163869301
3007,1.7021209700633901,2.2092296983354474
3008,0.7534835515300704,0.37052196425369616
3009,-0.1949820216097456,0.14252987671407258
3010,1.8723040405245663,0.2152530848111331
3011,1.8158983652734597,0.8996143417509072
3012,-1.0038642168461356,1.626758362639837
3013,-0.8010030089156038,0.3433637895791073
3014,-0.8074923536134992,0.1551711893973138
3015,0.9791761397388739,0.34043879137327915
3016,0.28612184274763963,-0.24839917717486426
3017,0.8168371100708505,0.31260716633345753
3018,-1.4551014815566177,0.16977985623006073
3019,0.41612425654242485,-0.16517812354310568
3020,-0.6752116531016638,0.03810115137789972
3021,-1.3015240769245804,0.20675563229617197
3022,0.6751529270297264,-0.31102773804587097
3023,-1.0290143447691775,-0.20032487093109907
3024,-0.27942872317801093,-0.4783160752828755
3025,1.097724533136602,-0.2772468691666887
3026,0.4831465456983248,-0.13505547419774944
3027,-1.2135424004917568,-0.4675832165996444
3028,0.3218602711481558,-0.43471891809928337
3029,-0.2904253687913166,-0.484087398568022
3030,-0.12147851231357074,-0.3754043172371347
3031,0.7820054465639186,-0.18817520969697482
3032,-0.07035403707511693,-0.4724639676050702
3033,-0.48206217952768887,-0.28095183431270554
3034,-0.37649785092683746,-0.47877180556229604
3035,1.1247834450536582,-0.40229784788676937
3036,-0.4106832206272388,-0.6151692896941581
3037,0.6193781942607623,-0.5501624024528716
3038,-0.9477434093957781,-0.3874293457514481
3039,0.4727534296603884,-0.37925423677647696
3040,-0.23668875241733892,-0.27336612485685036
3041,-0.5806204661489429,-0.4743484304313853
3042,-0.17168768916743282,-0.4237880510558353
3043,-0.3523985964577777,-0.4866154345472918
3044,0.49717436404152804,-0.215696442879948
3045,-0.718077421644021,-0.3479508311782575
3046,0.6610539752621981,-0.5519721671208205
3047,0.15894350052130585,-0.028776989155048453
3048,1.2643112588190233,0.03013548259226118
3049,-0.278225326255503,-0.19558496727973707
3050,0.8922278805502936,-0.34269732054132895
3051,-0.010233968265936125,-0.005110388058672247
3052,-0.21643988717453289,-0.28930346014855646
3053,-0.7296891655966316,-0.3054167613240973
3054,0.5045843665854031,-0.45337419858581923
3055,-0.2418429992053355,-0.44159216553200037
3056,0.9593722387959843,-0.3074875034157162
3057,-0.07451209446519433,-0.07023259238515356
3058,0.3940841519781426,-0.2359620114063786
3059,0.988691019161507,-0.10018200134641726
3060,-1.0240075141080658,0.007112922923193153
3061,0.3544187974797416,-0.1324092360636054
3062,-0.4526785162040753,-0.42982769043194513
3063,-0.08209797919636136,-0.24307189718973213
3064,-0.3075953470690938,-0.43922698733796367
3065,-0.8708953411593776,-0.09964294168769482
3066,0.1389706178096059,-0.4527616640883993
3067,0.04107349332452708,-0.5480764726352502
3068,-0.5786320849936942,-0.3629103002290522
3069,-0.15004635399653354,-0.36466541471098407
3070,-0.39380055366658995,0.05241426167527722
3071,0.017448421593288528,-0.4458955544904405
3072,0.5030084013417133,-0.18383627234671482
3073,-0.8639424969921304,-0.20427005441872215
3074,0.456708191757968,-0.5290363292153101
3075,-0.8396653771032321,0.15730559334803337
3076,0.25608335935235793,-0.12216225266826575
3077,-0.6212515876235235,0.02982920922233432
3078,-0.5121183869553946,-0.41802790700183834
3079,1.1645691267555867,-0.27626712020693905
3080,0.333334371083166,-0.2198097934169409
3081,0.22669335883224842,-0.4277907450113785
3082,-0.1886463261217571,-0.5279944294791811
3083,0.5798858055832752,-0.3940883187069014
3084,-0.3110899216461671,-0.5287784106921661
3085,-0.6319554505541553,-0.32166984646627644
3086,0.05771571782052295,-0.6324909774460049
3087,0.6399307847943235,-0.5320533680169744
3088,0.04991493844484932,-0.5098586150714077
3089,0.12729665543819702,-0.4768300370468508
3090,-0.1588040120519722,-0.5825915270409348
3091,0.7083787491891044,0.23238608132693284
3092,-0.13896456989101258,-0.23493875816759083
3093,-0.04698269830114125,-0.5314308061742012
3094,-0.4190354485756512,-0.3121144386116759
3095,-0.411612547488178,-0.5063122092999959
3096,-0.14382652787960765,-0.3412355011724915
3097,0.6222065282143878,1.8726527940679547
3098,1.0599637242614541,-0.290569119331376
3099,-1.369618142326496,-0.26939505854388424
3100,0.5152440137148363,-0.5048612639225136
3101,-0.1441541748599173,-0.03754502388404275
3102,-0.4990004435562011,-0.44901435086866887
3103,0.4108630898708306,-0.13326330329590744
3104,1.1894839996621842,-0.2599080883022219
3105,0.49756633398920647,0.7618555560340877
3106,1.1761788161035927,0.028288022605740704
3107,-0.9942505088978024,0.08970018949188927
3108,-1.5535926524993198,0.061576445085796475
3109,1.1397787400275823,-0.44742435369258426
3110,-0.42745031402095496,-0.40119063166600566
3111,1.4749025100325874,0.4714303133407465
3112,-0.1931975252021597,-0.03539653361556161
3113,0.26665261124759443,-0.34313485179327424
3114,-1.266285259377802,-0.24776924275542483
3115,-0.8230588681885589,-0.03281063369711919
3116,0.39034424128042317,-0.29749652603035454
3117,-0.36807228169993667,-0.4164853029327328
3118,0.42387981077771536,-0.30043674139707377
3119,0.5026510066218707,-0.4674203124743329
3120,-0.5458566639167356,-0.5207546441939693
3121,0.4484689400093931,-0.566177998478335
3122,-1.2070319516002912,-0.393959292191544
3123,-0.6914081772212225,0.11569567999233227
3124,0.28410910887592905,-0.46657515800371024
3125,-0.8610989082821957,-0.4027695793555533
3126,-0.0032194281379314977,-0.36200140097622496
3127,0.4427069154750654,-0.4927675454477781
3128,0.010098758272258786,-0.52443653984175
3129,0.28902511174634754,-0.49352793572575726
3130,0.006232611835965211,-0.5395053317300773
3131,0.38006816589344716,-0.530078839259782
3132,-0.3340474485747249,-0.43923834861498556
3133,-0.43062654608620965,-0.5003634949113809
3134,-0.5660584053104782,-0.4559509299942884
3135,-0.19308449105636036,-0.4676567930006038
3136,0.25503605675786006,-0.5412860118987404
3137,-0.22803590457487927,-0.48163897741547085
3138,0.09255281746773714,-0.5856293257785381
3139,0.3075465851539572,-0.4819488892675247
3140,-0.15483779815859908,-0.4287439514969092
3141,0.386227157763284,-0.6576411598565904
3142,0.13474399991168634,-0.3773479603515026
3143,-0.2718650554783873,-0.4326833426789582
3144,-0.3305991615086201,-0.48798400024591815
3145,-0.3688791624083882,-0.5617866406249257
3146,-0.009913410082523772,-0.36168106406616923
3147,-0.6343637164387944,-0.4877521612873979
3148,-0.01490921505204826,-0.33139544406739185
3149,-0.3780427814126489,-0.39491022609488297
3150,0.10901270662791188,-0.6216996692400693
3151,0.6599315037070927,-0.5303509544573114
3152,0.3295967888443499,-0.5870167028909846
3153,-0.3243624514533316,-0.4660367741262872
3154,0.020150739983736975,-0.6576353432337311
3155,-0.03335695793949111,-0.6014377336502367
3156,-0.4444664939277922,-0.46198662837433563
3157,0.10765110263709883,-0.554136034626988
3158,-0.18768022537385848,-0.46536703494056336
3159,0.4430369492266188,-0.5768244250283975
3160,0.03090328970573048,-0.3133286680768245
3161,0.37212133735704345,-0.6373714657939062
3162,-0.08509535455930953,-0.6109812956013712
3163,-0.5011767789334822,-0.554412628551506
3164,0.4122134841948272,-0.5915944271655432
3165,0.3704885701012761,-0.5359708575381502
3166,-0.6543212104965197,-0.5231973202356729
3167,-0.4824677357203666,-0.2310907952865824
3168,-0.6410371715354524,-0.2855399014373013
3169,0.5809981125667105,-0.5908282786625033
3170,-0.39154163029579603,-0.48903968523892943
3171,0.17147791805195006,-0.43486719567147475
3172,-0.3454046334423251,-0.5990574250547294
3173,0.5074338916774228,-0.5170589327308377
3174,-0.08747510553124488,-0.5350290763684381
3175,-0.8349630885520094,-0.3510948649067019
3176,0.7392385717762855,-0.40772104604810405
3177,0.22877370948128417,-0.3284458711695638
3178,-0.3084498354753692,-0.5361866820712707
3179,-0.34892191938306255,-0.3514541709468689
3180,0.27255185546598587,-0.5372314142040692
3181,-0.3276251610119655,-0.2893128509906084
3182,-0.002901337439622587,-0.4666966935663955
3183,-0.5046579092212053,-0.37551625685929857
3184,0.021972071919049624,-0.5602811372899167
3185,-0.7861681397528505,-0.32304648133786185
3186,-0.38358090423725544,-0.1558550030261534
3187,0.41122500436162934,-0.396805590732877
3188,0.39563295060349524,-0.47515903719844765
3189,-0.29148663174286743,-0.5000063258709877
3190,-0.018365872584654386,-0.5073325031073797
3191,0.14830209438528424,-0.4098190695079271
3192,0.6228715778655494,-0.4985717073491727
3193,0.3827167592230338,-0.532628832209002
3194,-0.18855905542123141,-0.5332910205758195
3195,0.45432369079141155,-0.48773125476731766
3196,0.3806927898988785,-0.46925216481251614
3197,-0.21436231962785485,-0.4094182498770362
3198,0.24838495783451117,-0.5219248416952544
3199,-0.1360658852068037,-0.4881432789944129
3200,0.13156490150598607,-0.5235357813747504
3201,0.29625430210085685,-0.5366122369853422
3202,0.009732203234375384,-0.13593307518293316
3203,0.5288294913040814,-0.5500401039513548
3204,-0.2597755363822587,-0.47529922577913036
3205,-0.0631545240671494,-0.4265409766454809
3206,-0.1719407785176307,-0.39539371675613744
3207,-0.5787494972334098,-0.39462949159948874
3208,-0.15973440028014926,-0.2428206761851048
3209,-0.7656517993649237,0.31393736732551175
3210,0.2604454381025476,-0.26381421145225104
3211,-1.215923539540696,0.796370607907602
3212,0.40833838734099376,0.04455186230252658
3213,-0.3840112869032712,-0.4743835323712716
3214,0.8548606843248061,-0.46010768937072233
3215,0.23032610513984642,-0.47056118331858754
3216,-0.15878916074243316,-0.5235116369591298
3217,-0.7636309410664677,-0.314277121275675
3218,0.11005900174927456,-0.5225868179208724
3219,0.30902608754913247,-0.5653975964554269
3220,0.4950243652095673,-0.6128879140278028
3221,0.068006485250746,-0.577336391337054
3222,0.36804758138991966,-0.5186634291885144
3223,-0.24371943138230467,-0.5847994249770767
3224,0.14348751682284852,-0.5220359569364982
3225,-0.33804262199754775,-0.22978143744490234
3226,-0.022861196887045375,-0.5883855050187272
3227,-0.47964981921750793,-0.3814847803872254
3228,0.9719368843611679,-0.44148364806780194
3229,-0.6210179793076867,-0.3838688832847166
3230,-0.21609029425120913,-0.5204592679544776
3231,-0.30018624768683644,-0.4813091032570779
3232,0.13091990183386482,-0.680344470418765
3233,0.4552321213687678,-0.3505084903391284
3234,-0.4119263575840832,-0.4494306429279797
3235,-0.25369481810178224,-0.33437526249704846
3236,-0.8476872823532018,-0.5052248234073948
3237,0.13766215596847703,-0.4774045802051007
3238,-0.3401893040302583,-0.5550540652018575
3239,0.44591715368096757,-0.33036065072152915
3240,-0.48965593461652096,-0.5094604034902606
3241,-0.49350317348707884,-0.15512126667935536
3242,0.2412319359347293,-0.2566317724336811
3243,0.5039606949595015,-0.4326111694601279
3244,0.17683638986084005,-0.5328996480223207
3245,-1.1129999059790625,-0.3208504811223393
3246,1.460806607898315,0.6160298087598856
3247,0.9302399987886057,-0.09017574350451546
3248,-0.3267206258037245,-0.4958143503739755
3249,-1.2848211707909447,-0.23665066386670078
3250,-0.11920793456953309,-0.6238545031590104
3251,-0.8043971675634018,-0.3440742779395272
3252,0.3532629794705734,-0.40147306675023514
3253,0.12225694861914951,-0.4645163397752819
3254,-0.4630044191369287,-0.41536365894560656
3255,0.3420332714070741,-0.2340665826986821
3256,0.10928939216371633,-0.4263252125486782
3257,-0.7720695880081312,-0.1820499749380635
3258,-0.08922596871796262,-0.36752990644816713
3259,0.7559369154519642,-0.5525266684881542
3260,0.17250362575224637,-0.41349028726462295
3261,0.20317695994992324,-0.5171928835251143
3262,0.2055008835565555,-0.1036010213593456
3263,-0.31872317709099984,-0.4070537162664363
3264,-0.48970104624373684,-0.3361548021292654
3265,0.23052764820612745,-0.3431672405025392
3266,0.016900132519295195,-0.5895406186621684
3267,0.36704665870360476,-0.48188536850644675
3268,-0.6568612465800024,-0.39901869712042465
3269,-0.4661679130025215,-0.46969228976710553
3270,0.4454966382939336,-0.19190961179481683
3271,-0.12977307236487345,-0.3748623287960618
3272,-0.6665926160851487,-0.49365666529420416
3273,-0.6989875644995944,-0.030181288998298462
3274,0.07934780633282648,-0.5050258650895288
3275,-0.30631513853836323,-0.25145859095776935
3276,-0.6146392566340045,-0.38353954261595413
3277,-0.005553546769270055,-0.5550665922757527
3278,-0.08938751430863381,-0.5165313587453897
3279,-0.09746687936228625,-0.472116595006999
3280,0.28964937175919697,-0.3263950401097663
3281,0.268840485763177,-0.35461509347702674
3282,-0.3330705565621198,-0.45299806367018364
3283,0.21600106935427654,-0.3249525764876754
3284,0.19793937538155393,-0.3301873351084059
3285,-0.18722765419710463,-0.42611974379652817
3286,-0.26142758504615626,-0.3767803928466616
3287,0.2722437772847956,-0.4267212814490891
3288,-0.31298048426528274,-0.4234538164668581
3289,0.2754679075207418,-0.6306477029344953
3290,-0.3545287441619908,-0.5344111771452673
3291,-0.09638711088904409,-0.6080780429429172
3292,-0.4973406142477076,0.1833855018439965
3293,-0.8382892335128571,-0.23807155357023027
3294,0.6875607309983871,-0.43494522568062843
3295,0.4831792326184528,-0.3201485584968088
3296,0.5886136177401194,-0.5105762673824018
3297,-0.08990152330080695,-0.3710163468805792
3298,0.2045373921439024,-0.28817856523728846
3299,0.21649996131411764,-0.31359893535449795
3300,-0.3916544968096817,0.06568044629123904
3301,-0.7479790385171351,-0.3009821338189814
3302,0.23581215352430815,-0.40084716842532125
3303,-0.28720796692590234,-0.3763205322257142
3304,0.12479415174168446,-0.3201192929256014
3305,-1.0336029628544223,-0.08812408308451844
3306,0.10638366820537702,-0.20509170558172982
3307,0.48823748470727296,-0.48617426250969814
3308,-0.7811312509829074,-0.4259612266719036
3309,0.1981565042218077,-0.1501390453306676
3310,0.2195773444350346,-0.4533133984999722
3311,-0.25107511270968186,-0.3473756870907105
3312,0.5748975265539469,-0.5057947744535306
3313,-0.09422998418666623,-0.5225990212704078
3314,-0.4278935786716376,-0.5218311873252715
3315,-0.011556379364304212,-0.5206927318309544
3316,0.40397513888764014,-0.5423214729740647
3317,0.7029019351838601,-0.5262739706238075
3318,-0.3144550214785672,-0.5937744586914797
3319,0.29078544557017333,-0.5558960260502737
3320,0.5801437621797986,-0.5552881013306561
3321,-0.14926569787300523,-0.6099509337986576
3322,0.13188932261564598,-0.6152573639813674
3323,-0.7825832734347993,-0.5524835904007993
3324,0.4722828186628072,-0.6490388353784274
3325,0.3442212132563647,-0.5731525587853804
3326,-0.1433477576397736,-0.6845468900868334
3327,-2.0435689130084818,0.18778140424885026
3328,-0.14086233837456624,-0.3900437367574381
3329,-1.1916376716009747,0.07030466933927594
3330,0.5435840041467982,-0.5601118475787612
3331,-0.7218270388559883,0.19178546401562754
3332,-1.2902807488339312,0.05564010752130758
3333,-0.7191284155430423,-0.04601138097209995
3334,0.5400879993617114,-0.46094981372688343
3335,0.688713660326878,0.466438644334893
3336,1.233515344303998,-0.40472899402024365
3337,-0.24714473173484597,-0.2886121064480105
3338,0.36930223218483615,-0.5676919039752726
3339,-0.8143109944325215,-0.5330836526489218
3340,-1.119286896004727,-0.4513861764133239
3341,-1.1993728105809962,1.985861611764795
3342,0.002937693494019856,-0.38386593637881744
3343,0.693541154789123,1.0085559758510987
3344,1.1923579961193176,-0.0008955295229352707
3345,0.1202565097625449,-0.1092223960900187
3346,-0.0929128236165418,-0.5427568758165348
3347,-0.4665517785357157,-0.4965952818540948
3348,-0.3319772361983639,-0.3722894230437936
3349,0.6420134898118545,-0.4395515373569129
3350,-0.6597083126334244,-0.29862328685090717
3351,0.429617933318304,0.16924226233998393
3352,0.8369416775956041,-0.37108937102957423
3353,0.4921097392756555,-0.34191999133944107
3354,0.021387200786592786,-0.5008999079259007
3355,-0.4169295156910683,-0.038441026774978036
3356,0.5662352178939609,-0.5632445216375245
3357,0.1938882024341992,-0.5435616105695358
3358,1.2327252437243097,0.08041009453093133
3359,-0.5694126338332687,-0.3570989531841598
3360,-0.16868236542801582,-0.47994162333666607
3361,0.29184235503472594,-0.5684590437043767
3362,0.11269373593244458,-0.37903687629607413
3363,-0.5756328245048515,-0.35198433778797983
3364,0.020784758161675458,-0.3335403522561058
3365,0.5525310052089176,-0.4246709873186804
3366,0.12684005623492042,-0.5714250210579852
3367,-0.2724115456136148,-0.31171807481447356
3368,-0.29418532564925226,-0.2622005818280857
3369,0.0375256512172846,-0.5131033494324704
3370,-0.0743213177530162,-0.27806042918742685
3371,-0.1587753263160021,-0.49668819749226173
3372,0.5491337160244222,-0.43914122966022445
3373,-0.2918939753967629,-0.5360559916527566
3374,-0.32612738807595487,-0.35538715724550873
3375,-0.6971258327662319,0.09408997958546031
3376,-0.7100053042747474,-0.17849721393812357
3377,-0.5407293679605418,0.4501606310657622
3378,-0.09965330287700816,-0.09946984237812737
3379,0.40073270880990497,0.23336008714832424
3380,-1.0450703599800553,0.28751311429956333
3381,-0.4424244803117284,0.6682468415033835
3382,0.3769944499685197,-0.3758863034848106
3383,0.7878663817151469,0.14145365654879624
3384,0.4418824623970812,0.1537649693085519
3385,-0.04033956613022216,-0.33771992449554256
3386,0.06399374819526696,-0.47380686850812687
3387,-0.6446650151017976,0.10211731636675359
3388,-0.2255844168082231,-0.24986883521693906
3389,-1.0849926319304848,0.3802524322879424
3390,1.417041999737146,0.03891164626950571
3391,-0.6843893732300566,0.6405955859764861
3392,-0.10641699202590431,0.04256366391855686
3393,0.46744738132940067,0.05344974892343842
3394,-0.6183334644503763,-0.31732749186805714
3395,-0.41673750687780603,-0.36925875940308767
3396,0.2312112899014229,-0.357452377658911
3397,-0.8538414194331586,-0.27486290340759184
3398,0.1981816671657454,-0.10149587557025766
3399,0.7141815266069866,-0.4285933464585573
3400,1.1220264386156662,-0.21807228066630424
3401,0.2349484038943963,-0.3783486673158655
3402,-0.285384318233877,-0.36348851611369754
3403,-0.4622947122985178,-0.26851057840868514
3404,1.210474856083881,-0.5241472527861211
3405,0.5139567809981196,-0.07473486904464649
3406,0.2298319557659252,-0.5480068780611511
3407,0.6307353526978756,-0.47812192280047305
3408,-0.3000693361686384,-0.3231797474073409
3409,1.1027022717681827,-0.05147372385826848
3410,-0.3321640238411618,-0.555219913530139
3411,0.22524717599077493,-0.4043898952571478
3412,-0.6999185086574943,-0.4574988236198338
3413,-0.6808598393405663,-0.49290067933134557
3414,-0.5232213740373771,-0.3930622006906062
3415,-0.6650191635174653,-0.21847790269247414
3416,-0.17877593687862786,-0.5384709176472694
3417,-0.9951714987152589,-0.10876142217087242
3418,0.8916235701480247,-0.5459681846033492
3419,1.1770752788125158,-0.3868201188156027
3420,0.2000798198339048,-0.5792866756163058
3421,-0.43758975693444097,-0.49151606532663494
3422,0.6766208822058601,-0.4912368864524868
3423,0.46331762411240734,-0.6245776959329227
3424,0.17265610242154328,-0.49624572390715094
3425,1.2192880419648489,-0.3607340830987744
3426,-0.5447601332606037,-0.5970734262307466
3427,-0.2984437072029238,-0.47196477721704294
3428,-0.543937305141437,-0.4469524305623187
3429,-0.3116389920368493,-0.5766017798487965
3430,-0.47192314134854624,-0.22976312815265254
3431,-0.15523665335789438,0.21912585081517494
3432,0.4850368815480402,-0.5444204035439488
3433,-1.095771387102557,-0.4156700459128318
3434,0.4608264189170741,-0.5849092935937856
3435,0.44492388588378934,-0.5527204701106317
3436,0.28928859438094334,-0.3719704144470934
3437,-1.7116952076185286,-0.471171253741149
3438,-0.38583290920028435,-0.42603795271037387
3439,-0.4271471681340895,-0.3142431623594594
3440,-0.7878513880607674,0.30717097142222954
3441,0.4226422347991431,-0.36963750393556594
3442,0.9741850312583262,-0.23074094184407454
3443,-0.5111181889938655,-0.49682491752149766
3444,0.7571570088229296,-0.4256250571796485
3445,0.5097769463587426,-0.25442021259712405
3446,-0.09540338395709867,-0.3520063109910222
3447,-0.27836357137571266,-0.5444800809628072
3448,0.7342529131637114,-0.5365801101180744
3449,-0.2921420053426471,-0.34529565891089553
3450,0.3371120056082572,-0.37878048305386014
3451,-0.24704604635422958,-0.2645139619699566
3452,-0.6059702092349761,-0.29387966926195436
3453,-0.22578166886341272,-0.5618388244612462
3454,-0.2704872269680336,-0.34394618643448455
3455,0.564477963998181,-0.4672693845195279
3456,-0.14565526496027403,-0.5264238586136668
3457,0.31751513398195363,-0.4816711835146755
3458,0.23475074094898912,-0.561306849031026
3459,0.12001474724213422,-0.3448018781605906
3460,-0.5783156242401453,-0.46957021338333127
3461,-0.11203932914280774,-0.3594897283656412
3462,0.0071626315999610835,-0.3428702833725206
3463,-1.0080176038398903,-0.16142886047021257
3464,-0.9239728889052444,0.5475082767296868
3465,1.0983822658434632,-0.27901125517659636
3466,0.42088630410604233,-0.39816507050260347
3467,-0.7415459191116311,-0.5546077869095939
3468,0.0058989993270432885,-0.5366861677379009
3469,-0.5520578466239219,-0.3318970709856083
3470,0.5039672152472141,-0.29658567397827335
3471,-0.4191925251182263,-0.1955061044690869
3472,0.08354879870883672,-0.0819880531637491
3473,-0.7913047239965019,-0.16665311156605808
3474,-0.5844075520297844,0.506691912867597
3475,0.3920566519973575,-0.4129723422898236
3476,-0.5613510006069851,-0.2212063896860687
3477,-0.21650257398483136,-0.29503817301897023
3478,-0.4365678660061638,0.4153451084042266
3479,0.3415218026373169,-0.2624003584222502
3480,-0.266427360363123,-0.29470957138891535
3481,0.8341721247114391,-0.43924367657901187
3482,0.05925092470463993,-0.4120193969204696
3483,-1.0129317525502282,-0.1710625014462995
3484,-0.25908961122390467,-0.27139607615347716
3485,1.1763261083702243,-0.018082580560623403
3486,-1.2543360458028017,0.8111971354273891
3487,1.9206181663003492,0.4098046739322036
3488,1.1810024188189157,0.6336010672703423
3489,-0.40087301664898145,-0.3095016245876251
3490,-0.5479985327917121,-0.30517770996442745
3491,0.6494025361777815,-0.4732504665572843
3492,0.8841729960912634,-0.32455568788500944
3493,0.002155853090213619,-0.055078382758336576
3494,-0.2546888872001687,-0.4530910646015417
3495,0.9542321913378453,0.19863522454940802
3496,-1.0291008584576742,-0.5335953650701104
3497,-0.27570158202106393,-0.39632589621976255
3498,-1.1157429464162234,-0.2174554315333047
3499,1.3792170281593024,-0.19138862449663002
3500,0.9517047073939628,-0.48110472556584594
3501,-0.6520416392900714,-0.3233519312048269
3502,-0.008195996730643801,-0.5210021570409549
3503,0.4517263971308707,-0.4959492983380751
3504,1.3180092393543126,-0.32878492522259745
3505,-0.50164385260283,-0.5202339808818397
3506,1.3076737247061574,0.08138954760649207
3507,-0.18168203607680755,-0.21681417074019177
3508,0.23092759883014702,-0.34066516562657595
3509,-0.025220943655301413,-0.5630937498955892
3510,-0.7262862872387041,-0.39718489175056837
3511,0.22591793813398825,-0.36554530488755865
3512,-1.1253138142321533,-0.33887941806168015
3513,-0.3772482486095676,-0.543171085795374
3514,-0.03684494189053062,-0.4922561266592141
3515,-0.2571905918334132,-0.24653719617421763
3516,-0.9167099877414859,-0.26046686520324563
3517,0.6905525195698455,-0.08194096900614302
3518,0.15542524783615652,-0.29801381431948937
3519,2.4576708673297647,1.351107728917652
3520,1.672761401845552,0.252726481178833
3521,0.8480473149720198,-0.2155866550683781
3522,0.6747632126072663,-0.12917693578404504
3523,-0.598872489558676,-0.1390855398687395
3524,1.4507584616947573,0.016485048188159435
3525,0.9503963116963838,-0.2909588319715947
3526,-0.08959327993747104,0.39682695857139805
3527,0.6135518061974574,0.15133126856720466
3528,1.333766442439854,1.3909692928262771
3529,-0.24637519510301503,0.11425710961111392
3530,0.40234398354295126,-0.3904754647695423
3531,0.30493521399437434,0.14301046397690623
3532,0.38370466172615797,-0.19666276727036106
3533,-1.0268521961056747,-0.12031308026960008
3534,-0.3369534660123715,-0.14285107312190393
3535,-0.957803168370204,0.38183812419118585
3536,-0.36489217184175743,-0.08232572246183817
3537,-0.8259146176308363,-0.4378506143867894
3538,-0.30445135300011894,-0.17987326820875305
3539,-0.7502049939116084,-0.28687675547495595
3540,0.23175950267423415,-0.22857241574564754
3541,0.20058784358911924,-0.41207927766593183
3542,0.0846668989971245,-0.5107822904047656
3543,0.8846684805482404,-0.33951037465962824
3544,-0.4876501632137947,-0.5860377538656789
3545,-0.19690032513371153,-0.5387646679368455
3546,0.29501783385615266,-0.3140388541916173
3547,-0.3756071748881453,-0.35680349797987027
3548,-0.3164974072407527,-0.5336989234586844
3549,-0.2532805231730462,-0.18911205390963107
3550,-0.011126205644796288,-0.49870887016893284
3551,1.0936282122825995,-0.3705892997558853
3552,-0.5752132414843354,-0.513634881723339
3553,-0.2582999635163146,-0.3077393394287317
3554,0.44471172786182556,-0.32462513367813295
3555,0.4667499663085135,-0.5113271015184944
3556,0.5911487020581272,-0.4685100687932604
3557,0.3857475280941875,-0.47158346555901587
3558,0.400258833042882,-0.35493843851432183
3559,-0.7364735154223025,-0.439299802181753
3560,0.3563338885207277,-0.40573414393410867
3561,0.4563147352276314,-0.20487862912654375
3562,0.0750903261490837,-0.46039842682169024
3563,-0.06337407845896036,-0.022475166495318864
3564,-0.29695149265612025,-0.389507899145119
3565,0.4536930993806668,-0.45529685170047357
3566,-0.18204643054149844,-0.44847600970927143
3567,-0.2054301683607317,-0.500113355881394
3568,-0.5532997579104479,-0.46267568002475684
3569,0.7085803610780858,-0.6129102446965426
3570,-0.09043767414530558,-0.6427423266731676
3571,-0.017795413592665753,-0.38946257535099943
3572,-0.31386086344009356,-0.4865060455467958
3573,0.41540616278151254,-0.6155667542120197
3574,0.01783744431208855,-0.38954596692654997
3575,-0.13113345724022496,-0.32597838895834635
3576,-0.1552658034610999,-0.3558988477627814
3577,-0.3497798786433144,-0.2598959101517895
3578,0.14838302016402163,-0.38075056991045475
3579,-0.7494108597442195,-0.31122264640197533
3580,-0.4530751291959328,-0.317734853721594
3581,1.8914018267577564,-0.29729051866233086
3582,-0.9161257163427494,-0.05029709226130315
3583,0.41590506737985683,-0.2547435986830295
3584,0.9286844694282113,-0.432184750022378
3585,-0.6428920181250568,-0.3487313156730481
3586,-1.4287321478370871,-0.011232619153987983
3587,-0.4694551078864833,-0.18484567731043963
3588,0.23758619430403569,-0.23378622664356064
3589,0.29150809969706853,-0.2554316772400827
3590,-0.7286929316865093,-0.49518580724286365
3591,-0.49101083731899836,-0.1634576759787361
3592,-1.247892122270013,-0.04329199568844526
3593,0.5991895318738765,-0.17338577120869703
3594,0.8990724546392607,-0.35542439329829095
3595,-0.27299182421334617,-0.3300226969994423
3596,-0.5869299413300044,-0.4879101780243098
3597,-0.05650773994693716,-0.5867315367943521
3598,-0.7475784490801394,-0.019380584892341013
3599,-0.28951059690749,2.775667247175311
3600,1.263139106494299,-0.057200737104699056
3601,-0.37170633971325706,-0.08618726247349019
3602,0.7709476960516727,0.10135721996921038
3603,-0.7131831166517413,-0.20625785749831227
3604,-1.6377284626716684,-0.022868690570039804
3605,1.9156132363213458,-0.11993405393783281
3606,-1.2776836530415225,0.12343844018211675
3607,0.6713991254529905,-0.32500022005031176
3608,-0.5143911724828436,-0.5429882844241385
3609,0.16952318998208998,-0.5699490622375152
3610,1.2478352756393534,-0.44683183929897446
3611,0.3726886541746992,-0.5731444398826018
3612,1.325418260305867,-0.34945984917153683
3613,0.14033465982683307,-0.37495165471582054
3614,-0.33416847835229124,-0.5654500259200986
3615,0.48006026372018396,-0.40586311579527573
3616,-0.45661491221858436,-0.5231351720937781
3617,0.7787020429570634,-0.5157315879733934
3618,-0.000948980329700826,-0.49054360911976524
3619,0.6917091314145826,-0.25873797331044096
3620,-0.620647878499097,-0.39200575267559346
3621,-0.5081972432770436,-0.29706439914327304
3622,-0.0454180847405487,-0.6032324933669722
3623,0.1601653791203072,-0.5624587705933654
3624,0.245484232588301,-0.4574301633529515
3625,-0.9123607295724532,-0.4299618107276889
3626,3.0122012482704608,0.11455709826634575
3627,0.44714204867250545,1.7948240116627263
3628,0.4870813826263834,0.16829070114204064
3629,-0.6055935911631318,-0.26380384879111823
3630,-0.34734615637093835,0.04258601359579272
3631,1.0187368799243528,-0.15160783371673456
3632,2.304292831094201,0.8746624574559126
3633,0.6007299177510894,2.019036525645095
3634,0.07866549832422177,0.22453085864958225
3635,0.7166143786571244,0.5480934687742538
3636,0.37608982913810696,0.44670591318205055
3637,1.283277624306779,1.4423908537673524
3638,0.28813381869292354,1.0350205530370031
3639,0.7006818276424627,3.108341643111019
3640,0.6541089562074472,0.8477709980712882
3641,-1.1419845480983382,0.904114298196503
3642,-0.7656662895979535,2.12474198988047
3643,0.09819707902265754,0.5327752306228382
3644,0.05205316897989972,0.31023493963133064
3645,-0.1698310199884235,-0.25235424698625064
3646,-0.3756794197589683,-0.3915873180273582
3647,0.8960097809814771,0.5717218998421152
3648,-0.35443581429546106,-0.35618142985230344
3649,0.15647799109101868,-0.0050615577640582875
3650,0.31177086332232906,-0.11195637611089408
3651,0.5133569551343061,0.07022593706557978
3652,0.8083606845504663,0.3822848289753908
3653,0.14715883168639252,0.8558769229513455
3654,-0.6295200349385457,0.4215027556176526
3655,1.1765419954653566,0.8714416333237629
3656,0.31957118839129783,0.4329217878134991
3657,0.46294790715424744,0.17516549446772103
3658,-0.13564983650810297,0.29759113101060125
3659,-0.043979828134350904,-0.07927365038356729
3660,0.12307147930970871,-0.3124427639209656
3661,-0.12139950151979123,-0.033367613541972256
3662,1.1461656744122972,0.5048270792658329
3663,-0.1777396580461548,1.3991770657557536
3664,0.33738001484840385,-0.1541744214594406
3665,-0.4601656265864799,0.4418486210155177
3666,0.48656516265278027,0.49401658459221676
3667,-0.7510061634745447,0.28784694204525885
3668,-0.7754937273696392,0.6173149214960475
3669,0.058624605224269204,-0.08544010404209938
3670,-0.2507103147842167,0.16109390850109595
3671,-0.011515162609605922,-0.07202283429423524
3672,0.49541460319416897,0.14692148080799583
3673,-0.6974789031793533,0.9168445923125464
3674,-0.13949687564669477,-0.1404765723269557
3675,0.2026542818686109,-0.0747499721319671
3676,0.5448599838596856,-0.3413800358894172
3677,-0.36626365699432717,0.6930303811434304
3678,-0.019301297840037313,0.7971539130984244
3679,-0.6256079976386995,0.34615070385813324
3680,1.317409883146053,0.8034859279323217
3681,0.6328118700178089,0.9130552280316645
3682,-0.467592781984943,2.368121996517842
3683,1.53396208283567,0.0409962922108061
3684,2.8128064438216853,5.097749214168121
3685,2.2245307012452846,5.055744242163854
3686,-1.9747091548494367,4.963457508517002
3687,0.770935107786919,2.549210632490777
3688,-0.4856913297465836,1.1948439663004953
3689,1.0949293345784716,1.0770693963110587
3690,0.19440570153912476,0.4242610830263037
3691,-0.5041074396952014,0.6149154999972725
3692,0.8770235756951174,1.2430186770020137
3693,-1.9385325028746896,1.0752584833362417
3694,-0.1905219163706957,1.3546619154648318
3695,0.8148224267342802,0.7024851804520392
3696,0.12046570860704826,-0.04806855231664577
3697,0.21168907525004876,-0.15853355248578105
3698,0.10328643822084004,-0.2217431904626973
3699,-0.8828719223560347,-0.1790836982556726
3700,0.6358500809522319,1.1036849425884696
3701,-0.26142152200984525,-0.1950508831253293
3702,0.908213052204035,1.331254473429691
3703,-0.023081446996410605,0.7047761322307474
3704,0.9545850488301402,-0.1670766885157756
3705,2.04078006948927,2.9701973189141984
3706,2.562497126386869,3.8074139045092226
3707,-0.6861318066141455,1.9025252577381326
3708,2.0789119480708766,4.126085550457171
3709,-1.6121768819628464,2.6343252435133624
3710,-0.07243487927111825,0.5536862240535682
3711,-1.1193828095237432,0.8794142840300438
3712,0.7266670404461952,0.7362361320967509
3713,1.2829948512232827,-0.12515221789344405
3714,-0.5400503702557187,-0.14291154884304333
3715,0.06509614360562235,0.49498839230344754
3716,0.21498659241588863,0.492119056611009
3717,1.1075408312549062,0.26390622986368917
3718,0.8483806385638881,1.1386666958629836
3719,-1.2522499525954482,1.5937259045144994
3720,-0.7313778224884528,0.7167472031065942
3721,-0.20072597362881342,0.5406795851834613
3722,0.48580612176048354,-0.09862820257464977
3723,0.4082666836379002,0.9606260251027589
3724,-0.046854557937326395,0.8898773576237485
3725,-0.0961349326400256,-0.20228924703938195
3726,1.0258945873739167,0.2782222853025013
3727,-0.6611632290078332,0.5641849052167912
3728,-0.8017623777870226,0.0797302775447381
3729,-0.2473283770220801,0.4840564969778242
3730,0.07825162995694873,0.22493428974423454
3731,1.0766768700325635,0.5221146258556231
3732,-0.05484880706067995,0.24179950777518178
3733,-1.5525359984531009,0.7500571857426754
3734,-0.5715881667453924,0.4417345385760335
3735,1.0344028737411264,0.2552984517249109
3736,-0.5064886566343068,0.20450615354617147
3737,-0.28367638963317554,0.16070865809801227
3738,0.6505882984633077,-0.14309851015953093
3739,0.2050641799480984,0.21043430420983703
3740,-0.06571784966150515,-0.28043473855978196
3741,0.6816885550892373,-0.45922580622871617
3742,0.25434881229585715,-0.38430423315751816
3743,0.030169023153644475,-0.09568131413689321
3744,1.0283676849769254,0.6730522854808831
3745,-0.15305185681419042,0.17712408175507627
3746,0.6828791519987045,-0.26985779626485584
3747,1.6774164707556132,2.5333949476190116
3748,1.5968594145653452,2.171081327956249
3749,0.3417935113388,3.827876201218322
3750,-0.9130313810344354,4.1798226638175775
3751,0.25003774277826557,2.7118431046781293
3752,2.2175134942805848,4.27016568997111
3753,-4.977937703823833,9.819000375304636
3754,1.527855675212934,4.153168651898097
3755,-1.5248530554360131,3.866777633845545
3756,-0.8017222949855255,3.1733261105072645
3757,1.086651089196271,1.1227731990623961
3758,0.3957960960380347,0.9227608065201811
3759,1.1659521211660342,1.7835369930909415
3760,-0.0035408686197513934,1.4984213825001425
3761,1.2400692237449442,1.0210511542373681
3762,1.1349160522738335,2.3592774938381367
3763,0.14150429488725913,2.3713315265416073
3764,-1.1006968782664457,6.458320451590528
3765,0.938213156478878,1.8345039920715092
3766,-1.2657654880884288,0.1296596089817636
3767,-0.7088321164959581,1.5736858441480688
3768,0.9696385412955322,1.1043666488219988
3769,-0.4818181619746119,0.15020870246797025
3770,-0.20035407692139773,0.19718523106915153
3771,0.9258543173905092,0.8235666667575641
3772,-0.7193781535098474,1.3522140553724553
3773,1.3341251684944637,2.331948167206766
3774,1.1184726992594374,2.266755436930875
3775,-0.48048470983028835,2.0903717926503105
3776,-4.235668670921628,3.932207933797588
3777,0.7910161004938048,2.99174208949623
3778,0.6164643441837271,1.7955405304325207
3779,0.34957946119163263,0.5442032268039284
3780,-1.339500332803926,0.5928034682547083
3781,0.11585449443611955,0.46478644312461437
3782,0.7720517923167024,0.9568454377678042
3783,-0.4075643138322594,1.0397572507550803
3784,-0.38701730222211717,-0.1129841371206535
3785,0.4005320395746507,0.003488777356789531
3786,-1.622819496527063,1.0782941414829403
3787,1.500347518482888,0.3614780951301136
3788,1.5168873516803854,0.9194081477669549
3789,0.3887942113037949,0.2734057582582469
3790,0.4962583447763972,-0.2048941436581527
3791,-0.7451060356133372,0.050942167072475265
3792,0.11887268804078648,-0.405866942979113
3793,0.15936491483903675,-0.45897805153018456
3794,-0.45149704115008094,-0.4612561864254674
3795,-0.3735712538651873,-0.459060781647449
3796,-0.1948089311276169,-0.37545699797754617
3797,0.16481511322439674,-0.5955077697474486
3798,0.27120484010532064,-0.2794255593777418
3799,0.33619990592721294,-0.3364885809286151
3800,0.3442308815651548,-0.44635733841206493
3801,-0.32791668873618457,-0.4028196898638595
3802,0.4905901066049752,-0.3142415634373334
3803,-0.3594189089302731,-0.3294033548035719
3804,-0.7934848063929929,-0.09935531619683874
3805,-0.3146549615130748,-0.3674904367833288
3806,0.5953247967038633,-0.5007946001834667
3807,-0.05963608638543284,-0.47627313446793407
3808,0.5616339294553692,-0.5250518402396036
3809,0.015636714892373983,-0.4662971783536922
3810,-0.6958445637225448,-0.36311906930882015
3811,0.7216379556753065,-0.24584491290553276
3812,1.7406941214599452,0.0796913480945274
3813,-0.0681088771811123,-0.1569222411072522
3814,0.3567464443227012,-0.3555285266839111
3815,1.8330959383511594,0.5421961297958732
3816,0.02043998206104148,0.9753127804194063
3817,-1.0257263707515296,0.15779759197813142
3818,-1.2786068731911235,0.02395853748158442
3819,0.7903816624709166,-0.1100889951858688
3820,1.2443644449168163,0.17275885759060408
3821,-0.27633870632300495,-0.2812701579055554
3822,-0.3087848018305053,-0.2817545961360424
3823,0.5679138012233086,-0.35669332364073775
3824,0.10507293943112983,-0.3741233324574028
3825,1.0622493342815522,0.20314278848355455
3826,-0.10116124500893449,-0.3403072874889769
3827,-1.2775333122744412,0.018509057899578116
3828,0.0560325419435115,-0.20370305988981025
3829,-0.2871124249419509,-0.34100498546358093
3830,0.40204958220958176,0.17720607077598874
3831,-1.3910081132025305,-0.18276696902053066
3832,0.33852364431988413,-0.3342905669527367
3833,0.13141216499743827,-0.4821006249175098
3834,0.6813016894627093,0.13938511072965795
3835,-0.5246290160740598,-0.46185376841933845
3836,0.2079978095988944,-0.21874526960218763
3837,0.27585463907599306,-0.4740722340537146
3838,1.4870905280091231,-0.26242872573990256
3839,0.649268766810065,1.0717050863225446
3840,0.9619957753324369,0.1243637739525312
3841,-0.42505915545583733,0.3166073195014151
3842,1.6764530224069352,0.5598225279120342
3843,-0.9504660670724017,0.5471304148946282
3844,-0.29248118038908266,0.1021776944738639
3845,-0.025806349297304958,0.21099360955558266
3846,0.49943341171857913,0.03342244124269015
3847,0.15410151019313506,1.7081488960211033
3848,0.8511055270581231,-0.1481820616995398
3849,-0.7397381253307058,0.11549441192483663
3850,-1.0075621640672396,1.134380252276834
3851,-0.8110547361902166,0.7835407475811229
3852,0.6542701754937399,-0.25547569917290314
3853,0.8697239286390818,0.4459567260884804
3854,0.4306088809577604,-0.29272975901112835
3855,0.485312774397989,0.3805974586510301
3856,-0.6468508872047588,8.699744562688361e-05
3857,-0.0820836100998631,0.18942845975515793
3858,-1.450484582116673,0.8170212286751017
3859,0.9096524456375865,-0.007021693186635382
3860,-1.140818448865548,0.31051758461682716
3861,-1.353034761788447,1.2327937122063997
3862,-0.4508436657198467,0.029279243414286983
3863,1.3921440055014853,0.9583186719169001
3864,0.4025377485138962,-0.04220141353467369
3865,-0.9958430962367135,-0.09590873148156809
3866,0.6973320239361477,-0.3285758545155154
3867,0.2721507485387398,-0.1308278297137155
3868,-0.20438001299721043,-0.22790430610763135
3869,0.20481734474378074,0.013662248848777293
3870,0.13520019352118123,0.27849763318799536
3871,-0.45720857891438244,0.26182344450169454
3872,-0.3561308744779517,-0.22480091185634865
3873,0.37273455453366733,-0.4832798382658638
3874,0.3692798255099824,-0.42942348683103226
3875,-0.49995786710156975,-0.025891331124549364
3876,-0.1396879012257552,-0.14740933942780426
3877,-0.713112303751437,-0.26969684629304225
3878,-0.4402439534446273,0.36071359072660175
3879,0.5378215343552978,-0.05168284832944499
3880,0.7060428429556642,0.6175217746506099
3881,0.5107194929027876,0.15458650413789196
3882,0.4868255057481616,-0.30721053929739306
3883,0.5007068488697693,0.789131534544559
3884,0.6497717349669784,0.03238296522541678
3885,-0.0912614925291595,1.0772112946338441
3886,-1.802924568342933,2.097136586423532
3887,0.6661082239191984,-0.3499509054954156
3888,-0.7573884727998474,-0.1621041074386269
3889,-0.2517266943394292,-0.09094045517005175
3890,0.6737685931695325,0.28436942870635645
3891,-1.2034182513305922,-0.1090219060739025
3892,0.7320251412438635,-0.10233423532656682
3893,0.4695390988908552,-0.3960922796833109
3894,-0.3509477441937765,-0.3416201966661719
3895,-0.15774337061808516,-0.3327356513548823
3896,0.2732277635217421,-0.37962972026572417
3897,0.5389307017230576,-0.298445067888214
3898,-0.029013221959324285,-0.3551849216229454
3899,0.2014249305767219,-0.2509731684455671
3900,0.17855233124342612,-0.38391731667008033
3901,0.669866862647438,-0.3081130252022388
3902,1.1912521477468272,0.24488389586174475
3903,-0.9656050830410515,0.055848737983491464
3904,0.3696835955851846,-0.18210940781304846
3905,0.9416850298314854,0.016779050934734488
3906,0.09886772877102883,-0.07102255111864327
3907,1.8527483490264054,1.3702545503241401
3908,2.189389460611463,4.290637388207307
3909,-0.741815580288059,1.8476132861485044
3910,1.6315878808355022,0.9708856821012267
3911,0.499239863109209,2.416096864244448
3912,-5.93239596351133,4.334418594389068
3913,2.7051187799612064,1.9924858937125118
3914,0.6114887900952508,0.8473727003143059
3915,0.12122857055751063,0.27209329625735285
3916,-0.9762573159932866,0.546822894155445
3917,-0.22495814397510694,0.39926151468877985
3918,-1.776924919065163,1.1886327033607773
3919,0.25512271159677236,0.3929225712189365
3920,0.49507007535655506,-0.3106244826239788
3921,-0.30209240817059463,-0.12740469054938347
3922,-1.5046517278501594,2.203282533454333
3923,0.6918102148911681,0.34837821684098996
3924,0.9298427337767358,-0.1146731683626565
3925,0.1889906805777571,0.046722995304414185
3926,-0.7792870899206185,0.09077791502800968
3927,1.3372456036596356,0.2671078264603388
3928,0.31467556303845245,-0.26868048023879754
3929,-0.38051789219389115,0.048602800113096666
3930,0.25090719185526944,-0.2870469007935478
3931,-0.30679039581699996,-0.27000933308891584
3932,-1.0177491791376743,-0.0897253949855909
3933,0.5586113733543827,-0.4811154621559311
3934,-1.090718151268356,-0.18773993301817363
3935,-0.9280745980185094,0.5651549126348988
3936,0.9964983901964715,-0.07544111348155091
3937,-1.6798636049443607,0.5578133454983863
3938,0.26052462426025574,0.10389266847643173
3939,-1.212288190474092,2.4172663290507033
3940,-0.5250020519554885,0.5332790357704835
3941,-1.9351695061703331,0.8946285917115828
3942,0.7876472387063931,0.49966300195691665
3943,1.7697070787648528,0.1276584107778649
3944,-0.3696046408205519,-0.18274756217250376
3945,0.10302866901990444,-0.05163586122952702
3946,-0.832164094639852,-0.2727044444226471
3947,2.0500188050957484,-0.18517474623734023
3948,0.4456682639503658,-0.02110678642291332
3949,-0.16886636980093261,-0.3947001437464458
3950,0.16234213342406278,-0.31953237854585537
3951,-0.2526059650393363,-0.1726820131683933
3952,1.0419711299584036,0.14131960249281744
3953,-0.696576970211785,0.1130065721437822
3954,0.9377138018418081,-0.22792716704658536
3955,-0.5796019470357904,0.018594426329253993
3956,0.28793796186115805,-0.4440867073234459
3957,0.12710203977050819,-0.45390766255353077
3958,0.3671147234957577,-0.451429453266654
3959,0.4849775303499962,0.2604692771911562
3960,-0.9786132938343328,0.3040839311053542
3961,-0.2926212193356654,0.0147334071554825
3962,0.34969441511041605,-0.3156668453240957
3963,0.22633711269336135,-0.3782167201480883
3964,-1.8950002516136648,0.29911869320214884
3965,-0.578187064911834,1.8426858839444484
3966,-1.7200264332471416,2.26057053898184
3967,0.5023183452074728,0.33478580939618274
3968,-0.024111852037473527,0.3736049336467706
3969,1.2521474427538088,0.1432223025728655
3970,-0.3424825898667665,-0.3336207636757954
3971,1.5454665135225507,0.21699347563477334
3972,-1.0192738022106165,-0.0038304563209329155
3973,-0.5185449320102731,-0.4080098033605769
3974,-0.9259485411317133,1.60751892154733
3975,-0.8663716383868154,0.9001186120960543
3976,1.0976060664888274,0.36072531261613994
3977,-0.538831088422514,-0.3229640836584678
3978,-0.11932417625825678,-0.36742517643292516
3979,0.5568115448885381,0.11564459766968706
3980,-0.05802549070305656,0.2889243222464304
3981,0.8174550213150948,-0.1069131957387503
3982,0.28522199179858376,-0.12280763024698517
3983,-0.6074091828899119,-0.32495420859003815
3984,-0.10641659205007341,-0.5606128610196228
3985,2.1956745913909597,1.1552365065133565
3986,0.23179287085080058,0.6745220118683147
3987,0.0035949802910994044,-0.19487373788117515
3988,0.08438721579159757,-0.33128416680450906
3989,-0.37983048990922413,-0.2059974029102477
3990,-0.3445245004921561,-0.42093565081906964
3991,-0.051702468797863284,-0.30910518098007644
3992,-0.14269900063267796,-0.49411583654999097
3993,-0.46507479479026265,-0.4452974251344294
3994,-0.09695297842839602,-0.46381355862551965
3995,-0.9347325442276155,-0.31483745555941234
3996,0.7243672041715395,-0.48201786629036014
3997,-0.19411888314320358,-0.5723023452062195
3998,1.1921835693761023,-0.42054553529025324
3999,-0.9217294551504792,0.7386961520503935
4000,-0.6280552342072405,-0.4352615433112849
4001,-1.4448867929485285,-0.03428378167077175
4002,1.1813389717163492,-0.4701016628554584
4003,0.5477547808872643,-0.10621719916220018
4004,-0.003810308558396336,-0.5009969902806608
4005,0.005460841470856214,-0.5494401564299808
4006,0.24606818789256957,-0.3658847902060154
4007,1.2059751375080774,0.3100905391543022
4008,0.4076520947099268,0.16531709874742212
4009,-0.21047987417216463,1.1215850752746563
4010,0.9022351449240712,0.13212375594900505
4011,0.8585067371634201,2.3209452262475114
4012,-2.2750620489873397,0.6901610213701257
4013,-1.3577547167856918,1.5394254595389587
4014,0.22454063726428006,0.15365253677824622
4015,0.49341449261177295,0.1664077455751654
4016,0.13228954592458686,0.003155188583486826
4017,-0.06548120647952087,-0.0705355671043742
4018,-0.16544169341794812,0.28179154282984015
4019,-0.20380729497605926,0.01791489152846325
4020,0.47370581470388007,0.005184946221411212
4021,0.20234326828158486,-0.25347211957587046
4022,0.8552975668194627,-0.06082215101984343
4023,0.22182385539248856,-0.23141468549966215
4024,-0.9924537590077526,0.7298876523595667
4025,1.0985772189688332,-0.03671253600752817
4026,0.14035138121110055,-0.22942548004428923
4027,-0.7428570423784753,-0.021250469471288214
4028,-0.943499636762441,-0.25078042967794556
4029,0.6214342448811822,-0.3159947623795396
4030,-0.35064652533471197,-0.18376247172560625
4031,0.40566198891543714,-0.27304014555502165
4032,1.1566229279192182,-0.36503409805757764
4033,0.26580868325793955,-0.17024065208055678
4034,0.3149352166419423,-0.05193567338004021
4035,4.891864613949262,8.513809672571712
4036,0.5901651533927477,4.5734720751271105
4037,-2.523875987890379,6.025062273700621
4038,-1.6988229441899168,4.579388061354056
4039,-1.3515197143195217,2.186211513200489
4040,0.08155092798153998,0.6290742823869514
4041,2.215130202683297,0.47489040913346336
4042,0.5351349322907657,1.479709268971569
4043,-0.6920330841146953,1.1018003278752506
4044,0.5857456859876403,0.18443841810405104
4045,-0.004185959454256949,0.19770371660952793
4046,-0.9723515041350344,-0.23231654443966618
4047,-0.1896000614264259,1.71690293493095
4048,0.2961805558426355,0.6251175690460062
4049,0.4852249623740748,0.12617498985295536
4050,0.6938522294975336,-0.20678939743906743
4051,0.9455027069794595,0.6347819645920971
4052,-0.42685737117494493,0.7840633092301907
4053,-1.0055257092480134,0.9140032430049293
4054,-1.9890862818999056,3.3711809625104796
4055,2.228417861050789,2.3804218543207334
4056,0.3801655862946979,1.6341449309529943
4057,1.3421919071246362,1.5812080370804182
4058,-0.8271734750617556,1.7457470066168164
4059,1.484917707383717,0.1970937413422727
4060,-0.8544173992442122,1.4045494128650546
4061,-2.4040411362323364,2.851391444904234
4062,1.7738423487008617,3.7224749991235395
4063,-1.665606546191824,2.6495327874709407
4064,-4.8938086360371775,6.289953131680358
4065,2.682174339039917,5.3224655500529
4066,-3.365901892981415,2.0698688371405374
4067,0.3160379189133319,5.696184382727006
4068,0.3182408152570794,1.730731604749273
4069,-1.582522193638242,1.2413594705592068
4070,-0.20690799451454295,2.1764752096826907
4071,0.723030008508493,1.880539228876881
4072,1.1144342738076687,0.3728078542225293
4073,-0.05589559178772346,0.39689760153860404
4074,0.054580893718032604,0.48614147488638254
4075,0.6965678608867552,0.4333781983349921
4076,-0.8258414259751417,0.6073652191278935
4077,-1.3470709026060643,0.050035894344232446
4078,-1.3308230703463206,0.671260265052835
4079,-2.368859278584319,3.3984598029058577
4080,-1.9358458082927943,2.116661049895628
4081,-1.3886177858772144,3.48309809923554
4082,0.8237229051612968,5.779156319760692
4083,1.437302980951123,1.8578608765128057
4084,-0.6759776193905009,0.38141967216545397
4085,-0.4612429551223149,-0.03200867347031161
4086,1.728335267749392,-0.27364678779741575
4087,-0.5738702950893975,-0.2832437973868702
4088,1.716570108009159,-0.15459775222759814
4089,0.9617564112696078,0.5317970226140897
4090,0.4341303396808567,0.32409959225240026
4091,-0.5281890309242625,-0.0452507814103359
4092,-0.3910136033702834,-0.33058004286414805
4093,0.8387142432090712,-0.2386066418578816
4094,-0.023841952332169493,-0.2087423271152267
4095,-0.16133032717440188,-0.049243273263639684
4096,0.5450526905605972,-0.4663827292281746
4097,0.4821725230337799,-0.12819204115473823
4098,-0.08988009258494009,-0.34315656009240286
4099,-0.12052979620815643,-0.33445612477125236
4100,1.0383566476106758,-0.25817957232512173
4101,-1.166943569824306,-0.4515206326415009
4102,-0.2586487739912268,-0.5028541420900996
4103,-1.5485543251353373,0.6672164169916536
4104,-0.23324752668345788,0.44406087594102617
4105,-1.4561902748988262,0.17106129245310742
4106,-0.09573179715307117,0.10421502571287034
4107,0.32683248628912764,0.4795594522275237
4108,-0.5133698881755087,0.03725087787225052
4109,-1.3047725042968206,0.20826650105763334
4110,0.8138007238666672,-0.16755221823162975
4111,-2.204564865724064,1.835698138719276
4112,0.9701083297764803,2.747402482070387
4113,-2.0486406543919258,0.9215066594582091
4114,0.6579577710032873,0.33012165826342277
4115,0.3354547103836444,0.039332732393970074
4116,-2.4783162235589,1.514177858456567
4117,1.098972474809178,0.7643907775680087
4118,-0.986603556089332,0.3386578179192551
4119,0.6439925926742365,0.6287396048328986
4120,2.2258592912580966,0.6841272732380039
4121,1.1589340719913157,1.2098942046041654
4122,0.7015857794956929,0.18100481419912076
4123,-0.17563728566733522,0.04227979549637255
4124,-0.3645127747547843,-0.07818654845365083
4125,-1.1417622886107492,-0.012854661784704955
4126,1.02334884025402,-0.4179592183965222
4127,1.2293412102094747,0.17168117394768476
4128,-1.186203957645758,-0.04209505562274928
4129,0.9535616155505179,-0.426932436048206
4130,-0.4522302697742532,-0.5228958283352524
4131,0.908239910510523,-0.18350763667800707
4132,0.30887690067418216,-0.31551339384689925
4133,-0.6383938992292291,-0.22840168861109503
4134,-0.17628303693640834,-0.3116475408220855
4135,0.6824851122420261,-0.42344537302980806
4136,-1.3972660413211402,-0.32947654910005286
4137,0.8739156418589294,-0.4502630499198937
4138,-0.23692455047510796,-0.2662132884683553
4139,1.17490847214835,-0.12128644442823884
4140,1.5187407967827309,0.4977605081913006
4141,0.01626878996928008,0.21146845856086846
4142,0.5794061983080621,0.3283561028231726
4143,-0.5281672107597524,0.055692354192717265
4144,0.14557456075382794,0.08139027483448513
4145,-0.036812110734622545,-0.16825566552900523
4146,0.21005360797521153,-0.18059291979827902
4147,-0.3272750669205756,-0.2842238179828939
4148,0.7687572545608138,-0.46943712695181133
4149,0.7599055714207112,0.736575429139976
4150,-0.7050672521213923,-0.16094087514773536
4151,-1.1165343084752164,0.725743461224131
4152,0.18214333928138493,0.32252561661758716
4153,1.5018005022870837,5.080187711327298
4154,-0.26174865024960925,-0.18510395258314116
4155,-0.4448724294013267,0.22991718959697396
4156,1.288753676054649,0.5529296621201951
4157,-0.7477265695367523,0.5942269798911564
4158,0.22425140700617216,0.341196323319161
4159,-2.407303211129209,1.2620775227702847
4160,0.9501983990619418,1.8368840219332874
4161,-1.071057560722806,-0.2112758591260518
4162,0.06982619371729651,0.3082883900855691
4163,2.1120187847150764,0.8710392252636281
4164,0.06490207050319144,0.03051014661661012
4165,0.017081377749565058,0.16763986273143885
4166,0.45554858063740233,0.06432535378886729
4167,3.2678946993977243,1.2194840878413105
4168,-0.24849239533475403,0.49644448919250594
4169,-0.9208763280076946,1.105903566828154
4170,-0.8807730454015736,0.16686641460838172
4171,0.7098840176524269,-0.26135826105212084
4172,0.1652794514342686,0.3701085279395835
4173,0.6203341847474046,0.08490011971205477
4174,0.43015858396891526,0.1830797071296021
4175,0.6138264682222154,0.367557732333579
4176,-0.017217189805282695,-0.3963050710626034
4177,-0.7437566403706197,1.3039510024546686
4178,1.4765755394818787,0.11543185752696396
4179,-0.4529393393851439,0.6066164357153051
4180,1.8854947503326083,1.7330349235024594
4181,1.1329403161457776,2.400288022897646
4182,-1.1436227697491599,4.815173865144546
4183,-1.0852021958028208,1.0111122952746083
4184,0.3258956949520083,0.41153917257102607
4185,-0.0775295666046718,-0.12750102394054882
4186,0.27647314742701273,-0.2837758009225028
4187,-1.265412847057996,-0.09980564024744265
4188,0.9365085745603412,0.017839297014781343
4189,-0.8715066506605359,-0.07732212269480652
4190,0.4149353013981897,-0.4580143279686027
4191,-0.674301699475818,-0.002298843366501646
4192,0.26695492741622695,-0.04136718676439667
4193,0.2945609401071898,-0.2069604955911869
4194,-0.5213995748486163,-0.1861583690272774
4195,0.3610171315198959,0.07016858125732597
4196,-0.45360683582908073,-0.3577105080146267
4197,0.817325868713888,-0.5037849391410532
4198,-0.5072390599860053,-0.057699960641991885
4199,-0.45018390684077825,0.6005202358748171
4200,-0.36915514432034835,0.1516239368686444
4201,-0.39312117839624594,-0.0570317656715807
4202,0.30941800995548563,-0.13016533960169152
4203,0.9219674116820225,0.6008496085623549
4204,-0.5004573649244056,-0.06731584494705162
4205,0.7476801437723846,0.3823169047190468
4206,-1.7694682394119687,1.2515291887263424
4207,-0.918885497660477,1.2602412181985871
4208,-0.8069987680320477,-0.1962331869768463
4209,1.141664224753079,-0.347951167410993
4210,-0.24429893452334447,-0.18428270399707913
4211,-0.11497888551386509,-0.3159696869575957
4212,-0.6700278738823737,-0.2660168047627432
4213,0.6132296027660942,-0.29323711862487023
4214,0.17786307924779018,-0.3270453809656815
4215,-0.5315971762576809,-0.5243057713417397
4216,0.677402304475337,-0.14589916803968886
4217,1.111748057796957,-0.06644097031442907
4218,-0.11653571935266649,-0.4394097549855767
4219,-0.2598446940710582,-0.167235106305068
4220,0.09058910394799233,-0.521356417823191
4221,0.5007110069486566,-0.36168214446790525
4222,0.5029117898650526,0.25767073760188836
4223,-0.24557634862452804,0.007719077536398908
4224,-0.26050895488089987,-0.1610543068950891
4225,-0.3129476817875061,-0.23981782084704606
4226,0.2647305565999968,-0.42847391064854246
4227,-0.7938149469471336,0.21456485722669982
4228,-1.3950128874421688,0.9845168405266276
4229,0.7341142192425625,0.06223858281761529
4230,0.08019468493321821,0.6729994713462902
4231,-0.8782078333816571,1.9346071190863017
4232,0.441338835548012,-0.372746240749844
4233,-0.0456950796287059,0.6471052109333137
4234,-3.34484996879162,2.978758165147207
4235,0.5171109088770862,2.727265715760071
4236,0.8268621547743621,0.658264950389849
4237,-0.12065410028492801,-0.12096300482606512
4238,0.8547897696157374,-0.1619764507905401
4239,0.5694095394076654,0.5516156230110799
4240,0.6515593844930884,0.251673559750214
4241,-0.18109693333869853,-0.4031913267941453
4242,-0.647742466495265,0.19705380706401748
4243,1.2057542306949374,-0.4355526984742097
4244,-0.014098347666664452,-0.5295669393985846
4245,1.0656960708698437,0.2365826818053919
4246,-0.6200479006242989,-0.16346322635221028
4247,-0.18195000464072503,-0.3562344806910093
4248,-0.07495187033922243,-0.07720723789085228
4249,0.19503973177617023,-0.139395774123013
4250,-1.0393028326179712,-0.15196032483299285
4251,0.17275894007172138,0.7105485261357165
4252,0.08629813395807961,0.3032586207836974
4253,-1.8497849712952827,1.279918768913173
4254,1.068289788443566,2.31883097122223
4255,-1.9168032663319716,0.520397195216516
4256,-1.3355057186813282,2.644645440705163
4257,1.1087859023419286,0.5937167080501206
4258,-0.36721871564588693,0.3283281623976269
4259,0.33314827965849514,1.0063374275679737
4260,-0.2051063611218114,0.08922058648670238
4261,0.1200138773372293,0.04997123773820796
4262,0.3440884713841412,-0.11827216752346646
4263,0.552823401162141,-0.41385397370811633
4264,-1.0705636086388794,-0.3864124788797389
4265,-0.2795634797363481,-0.06618478242827744
4266,-0.07384691659529531,0.5168784910172367
4267,-1.2474201932383566,0.11536855061893038
4268,-0.5919339043302884,1.321809109313206
4269,0.9559708103519192,-0.13742553044874106
4270,0.6141649037528536,-0.5792835569685617
4271,-0.2334490087131465,-0.5307209045152249
4272,0.3861760559859934,-0.2393928432042887
4273,0.16132447213952356,-0.4485399435572635
4274,0.812487932593863,-0.4652843460843333
4275,0.07016872493071726,-0.4312546554031005
4276,-0.19913902445330517,-0.30652626664399896
4277,-0.1343639646717176,-0.5533213863651555
4278,-0.28539426079455515,-0.42800466297141454
4279,-0.08894788148535315,-0.4933192351578316
4280,0.3399052561307829,-0.4113745040858295
4281,0.039734615863384455,-0.5984035521495293
4282,-0.0374751197844132,-0.45945192928068884
4283,-0.8201771780698082,-0.3589799666538112
4284,0.5713000109713919,-0.5746831446230024
4285,0.22724089371761788,-0.5569683995030528
4286,0.5581418602365007,-0.5951158828530702
4287,-0.7796100204312486,-0.5099087793588576
4288,0.04290474005267605,-0.5994855607032052
4289,-0.47123554143489976,-0.5157473612079598
4290,0.017858189446522767,-0.5321730984568995
4291,0.06730119614276941,-0.36981272061798903
4292,-0.09068691917196199,-0.35019364562334404
4293,0.20457417770425526,-0.597097587341371
4294,0.0704962966119899,-0.5345695410419777
4295,0.9342811111302276,-0.5252643985321199
4296,0.3270787525959284,-0.21312892377650045
4297,0.272096399688992,-0.37099565703533316
4298,-0.12381457215024394,-0.5589989315008287
4299,-1.1542026053883203,-0.2337456256269012
4300,-0.6876979361127407,-0.21097661429497397
4301,-1.487304100005541,-0.26263871966270325
4302,-1.1932540397319842,0.37805434039277475
4303,0.6008008240149878,0.6084199642467228
4304,0.341803434564618,-0.09967884794558984
4305,-0.46753417599063474,-0.3524891305917957
4306,0.6446920048556966,-0.1900946017924517
4307,-0.4844490097421895,-0.1768962092206391
4308,0.4797041929707523,-0.3446119843938121
4309,-0.4193528593076702,-0.47558679126507786
4310,-0.9661929351568697,-0.12496310545388119
4311,0.09812696921483824,0.2733597027838598
4312,0.6015155457417314,-0.5633694829313296
4313,0.08849768145732936,-0.36512526534581347
4314,0.19364393791411116,-0.5666280948298961
4315,-1.2325917611002788,-0.18595328307608877
4316,0.02095876699855046,-0.333135199430316
4317,-0.40044220750991577,-0.10865868207570836
4318,-1.2552925932831296,-0.10589245753904548
4319,0.9515309995591655,0.435268856546495
4320,0.0777474847702014,-0.4199370689598832
4321,-2.191253444269388,0.15878042098384426
4322,0.8203426825064173,0.10191961628856167
4323,-1.3438290676604854,0.9323618224226286
4324,-1.202278774696244,1.1012588131979004
4325,0.02384272677863203,1.280203933504163
4326,-0.7220950424193758,0.9259654519342773
4327,1.229422863305034,0.2658868918009389
4328,1.077262545367091,-0.24380035593984964
4329,0.5000226707007497,1.2487442215716582
4330,0.612512497301093,-0.30712053473923984
4331,-1.4805487450435184,-0.168693498243218
4332,0.07466632681701202,-0.48491505565122417
4333,-1.7030858656067174,0.7843523315146559
4334,0.7172275228710598,0.8463348646352192
4335,-0.7475363621243958,0.5123598511305728
4336,0.5365454819764924,-0.20793591074740975
4337,-1.209870317379794,-0.23052243768045508
4338,0.8663818935838667,0.17635138475884912
4339,0.8067636551383012,0.05535809647728442
4340,0.9425724584970135,-0.18726466496613117
4341,-0.0348971542164225,-0.16047362320866804
4342,0.48611615134923425,-0.20541794262721635
4343,-0.5008332697480128,0.07294954779596947
4344,0.6466149264911784,0.13440670360405005
4345,1.390020415722191,2.6339708427776416
4346,-1.2724193054532342,0.7357788215625822
4347,0.9200234684826096,-0.07528033098360448
4348,-0.7942634722745499,-0.5187871082094422
4349,-1.609536540988098,1.5468406730095328
4350,-0.7969006497020926,1.907324257751865
4351,-0.6224035336314284,1.267917854072401
4352,-0.3978738312719438,0.1847036492968476
4353,-2.0080161213790664,1.671806760984466
4354,1.5511739606196702,1.9730044239581415
4355,0.39351536556228955,0.7292654126909848
4356,1.8987297992911853,0.19516469337745576
4357,1.98410065458239,1.3266513852584287
4358,1.2890696206679528,1.151492361432069
4359,-0.9320310719446536,0.8053227489105548
4360,0.26913696045106816,0.26175846980158196
4361,1.9831567313776042,0.8878565005095046
4362,1.4343714889078611,1.6489470700727324
4363,-0.829930733122673,0.3004572192063248
4364,1.509476144261268,0.5077801291583749
4365,0.13557821730128122,0.40950879274060004
4366,-1.017015305032395,1.0542003771109771
4367,-0.05049487941644179,0.538184075706617
4368,-2.2737990725378383,0.5518307806578546
4369,-1.1022297136133345,1.4198909660389087
4370,-2.3287372923958474,0.596981738334901
4371,1.7096762617400152,0.09238418598471146
4372,-1.4792130593118304,0.011734159947774658
4373,1.2828571460726774,0.18183022576115576
4374,0.3139384127695731,-0.01197769731701642
4375,-1.1173963124276645,1.4057224886988815
4376,1.747787272746742,0.22365471088778693
4377,-0.21234350105272964,0.29708560131566425
4378,-0.21064205069829522,-0.5359903982274978
4379,-1.0257417701669733,-0.2711784321419423
4380,-1.0116057651546468,0.3331739562668062
4381,0.9177120191373054,-0.13045513443262552
4382,0.4418755724672474,-0.53376435293242
4383,1.4967778784994206,0.10451675828447972
4384,-0.25054696690418926,-0.4211682115093836
4385,0.1124736261138117,-0.5515406849933716
4386,-1.7845273697626547,0.05535832333263342
4387,-1.0933847852995424,0.32012775980440344
4388,0.03023730204856833,0.8624765812609658
4389,1.8464208128394575,0.27851372340620634
4390,0.15871208806101073,-0.3258981144941994
4391,0.9987059856867029,0.15489994301598917
4392,-0.846561689125437,-0.1366311454550781
4393,1.2776525029533166,0.1104900131839179
4394,-1.1152670801183524,-0.22494053827902818
4395,-0.9154039305760325,0.029853363175159905
4396,0.6886251572351977,0.31907127905304183
4397,1.4961857852362643,0.28550003844204247
4398,0.054263451567038,-0.11250177154732151
4399,1.4177679345404304,1.7346431872308892
4400,0.10399845483055672,1.3005955918557723
4401,-0.5235887179007324,-0.21944930596507856
4402,0.33322737628579857,-0.42609751957553593
4403,-0.13024592048505462,-0.27385132826025343
4404,0.6328101391694559,0.20690579002811005
4405,-0.6811082709603246,-0.24534220106886143
4406,0.05645748701607288,-0.43984790045043426
4407,0.01297548561095179,0.19620693144644188
4408,-0.6714608005174632,-0.2916752169317277
4409,-0.7381627687745118,0.21236891913570632
4410,0.7124205154435175,-0.5050768862176533
4411,0.7112425534117008,-0.3977368278386193
4412,0.27434663813259763,-0.4118684588522755
4413,0.007238849342296445,-0.21356276839844013
4414,-0.5162021425911019,-0.3076416905442688
4415,-0.1344435649749861,-0.3411570614319672
4416,0.21914993277735773,-0.46355882379651125
4417,0.15701917105883034,-0.49621145531416233
4418,0.06813578526509546,-0.24035010597175072
4419,-0.6097494686010024,0.18418599864956245
4420,0.9761927379181514,0.2348354107595418
4421,-1.4536042152446662,-0.29328355581750115
4422,-0.21185272353748674,-0.5102680179861014
4423,-0.6521421704733272,-0.27154459827860633
4424,-1.2963216388497225,1.5428918291746716
4425,-0.22319837231513684,0.6159354827892486
4426,0.356191649438647,-0.14760858121962933
4427,1.1655828660173786,0.2476991849179235
4428,0.47224169659397824,-0.5286562974787758
4429,0.1595412761883706,-0.12664795286165845
4430,0.7999824706411062,0.00577628786226704
4431,0.066486651084735,0.02348578810872563
4432,-0.5015703866227479,-0.5032912886338878
4433,0.4118931148052651,-0.20144524851625106
4434,0.3993117882610536,-0.44257122460879694
4435,-0.004783393525723894,0.2819969256518467
4436,-0.9800529698496807,0.37655287378086705
4437,-0.34205781817426184,-0.40928776789661747
4438,0.4396177297407902,-0.4127493199302083
4439,0.19619645154680293,-0.37602625586393623
4440,-0.7387116620659853,-0.030891290465150534
4441,0.009781973963341439,-0.552094019578793
4442,-0.45832839418275284,-0.49980043543031716
4443,0.9050309485671081,-0.47274983518519903
4444,-0.5729801652914248,-0.5056802062272624
4445,0.8688609613035541,-0.006183073376900134
4446,1.024272550203763,0.16946060955612496
4447,-1.631083326040858,1.3420418982289022
4448,0.6698348811935616,0.5801464072087434
4449,-2.353171606429553,0.6796161769657245
4450,0.8685538645475014,-0.36205571619501137
4451,1.9675413116929643,0.3202151901467029
4452,-1.0899226235798498,-0.30629227668749653
4453,0.5185807513316241,0.12406533151057068
4454,0.6815878207001737,-0.41347508701897373
4455,0.1499502688083474,-0.01407313894729374
4456,-1.443624967954239,-0.3156470047596296
4457,-0.46478569281555965,0.014424272871437698
4458,1.1602092925368626,-0.18959514427016594
4459,-0.20996010936567555,-0.32094251840337945
4460,0.567074270515002,-0.49663911881181455
4461,-1.2758646292134121,-0.2786691621035846
4462,-0.6852275854286821,-0.25829388199537845
4463,0.6345028616455402,-0.41674603319077413
4464,-0.7908646188669062,-0.4435859114293645
4465,-0.0504563215922506,-0.42649113779644726
4466,-0.2556131358234813,-0.48957137638976445
4467,0.17071391684742615,-0.3315346914122754
4468,0.09999025592866731,-0.517118283335141
4469,0.19868262062976777,-0.40119159324524656
4470,0.7934029986741769,-0.5088957701054123
4471,-0.5108478220531326,-0.3744791172112371
4472,-0.5580946760003458,-0.3471162554564262
4473,-1.519890544809736,-0.02219994516647962
4474,0.7813888058915486,-0.10639810090510957
4475,0.6315277334043005,-0.4565996131772955
4476,-0.9219452812380253,-0.4165394420658677
4477,0.6944490145743293,-0.2460685981365333
4478,-0.7354958191647049,-0.3727941041802972
4479,-1.067623161531218,0.09799178113799688
4480,-0.1682401215662557,-0.26465476747268335
4481,-0.2517113433113053,-0.5583469001854122
4482,-0.059425177097670985,0.06623102591785282
4483,1.0757134056912259,-0.18771535875109943
4484,-0.11154019781474106,-0.5596507769268713
4485,-0.2723952859908925,-0.5080260813227014
4486,-0.51649962944284,-0.4122764195067362
4487,0.4257180397439335,-0.20794484685015585
4488,-1.8616153178157184,0.5595882203523908
4489,-0.5354441414676976,1.4557371999858144
4490,0.5627067915343835,-0.018990141222463584
4491,-1.8768894045743947,1.0831127084035643
4492,0.23239744537396265,0.8781494214242106
4493,-0.3933175460923123,0.3878020603205989
4494,-0.7287161523314563,1.4700242354330872
4495,-0.9423105763618042,1.1717095919874918
4496,2.237750316250488,0.3138714461420936
4497,0.5776354027533179,-0.3351942138876434
4498,-0.08389451561293909,-0.281487152809853
4499,-0.5024952598916286,-0.45835394457273226
4500,0.3867113824500579,-0.30733921016769356
4501,0.9841953101265712,-0.39013539098209266
4502,0.4716160863576643,-0.3420822334372137
4503,0.002727530822613766,-0.4630985198812608
4504,0.8596033323654195,-0.20466497264507108
4505,0.40825188492022335,-0.4984746812810329
4506,-0.16363963264367062,-0.4817892767621732
4507,-0.29552612957410584,-0.28864194271752464
4508,-0.1454217041416423,-0.49255447692913346
4509,-0.379983648958122,-0.36989772476502486
4510,-0.8085117061892015,-0.21187056969386375
4511,1.2452423839299673,-0.3364957671345174
4512,-0.8498958209593127,-0.36970335004735655
4513,0.6288172876448075,-0.4395886880643234
4514,0.270955359594938,-0.39846030691927165
4515,0.6146142454112162,-0.2689560141486204
4516,0.319939665809145,-0.47633560736979275
4517,-1.2041330442352527,-0.34516317068066704
4518,0.1151507066314926,-0.44434304526577845
4519,-0.43581287067427804,-0.4325991076385499
4520,0.5118886659031721,0.11603446471388962
4521,-0.2948079827054643,-0.5490428477927503
4522,-0.6107429808195648,-0.4464746008109573
4523,-0.725818504734612,-0.3293052092966411
4524,-0.9302380438956163,0.07560676968906467
4525,0.3206822814835833,-0.1530890609192112
4526,-0.07604530816416777,-0.48204074979987677
4527,0.6726021198250469,-0.3857186105664266
4528,0.12322497269926505,-0.5323495406051731
4529,-0.9922735101487512,-0.2046322424794661
4530,0.23513094441819302,-0.35093826842203774
4531,-0.633941365184987,-0.3422646009923919
4532,-0.24311081443813504,-0.3700415706000059
4533,1.0859962536874326,-0.47031874211468255
4534,-0.20488468794267573,-0.46902211251759474
4535,-0.450356115692485,-0.5070554964560935
4536,0.43548936534227517,-0.4363866802133501
4537,-0.13261646870418337,-0.6171246713465828
4538,-0.48401768479275975,-0.43400010946298523
4539,0.6317940329283035,-0.12406052173183729
4540,-0.9158490136894204,-0.24289914902089305
4541,-1.03062366635075,-0.18359194311386925
4542,-0.17356522970723162,-0.1911669577791907
4543,1.1907182025556409,0.024790398239705184
4544,0.7333489513560312,-0.23360421903035966
4545,-0.08538982234421726,-0.4501384858666814
4546,0.5717773957556269,-0.4752217460742813
4547,-0.24988482533617323,-0.43979566616452836
4548,0.10223891758388422,-0.49389497875016775
4549,-0.07933615524958874,-0.5727362524992444
4550,-0.8923549019468676,-0.4352252290884002
4551,-0.04593846546168041,-0.4386361665510066
4552,-0.43360523105665527,-0.3775684988747582
4553,-1.2317452981554988,0.8429406335484072
4554,0.5028281157093849,-0.10822445583081562
4555,0.8651589894821645,-0.4299265530109912
4556,0.7659726970750228,-0.4042196274211706
4557,-0.0880027879260403,-0.4267812437708017
4558,-0.9006401498982907,-0.3271233603079342
4559,0.741469659964223,0.2600173795272923
4560,0.4082730218342304,-0.19265705453542029
4561,-0.8578928921114969,-0.23073408089228514
4562,-0.8916227066578702,-0.40720542359182
4563,0.6262504293094285,-0.48418579246379667
4564,-0.14558424255682315,-0.3336131227977712
4565,0.21796799393911567,-0.4822741724498054
4566,-0.42100777197763584,-0.5277654795080634
4567,-0.5338388777521148,-0.5488729379298447
4568,0.6094158872822579,-0.197003952097902
4569,0.3933052889656228,-0.3767600987634616
4570,1.3256328538887414,-0.09291106325888983
4571,-0.46277721763371776,-0.16609363126676585
4572,-0.46687711732218273,-0.25674319906964527
4573,0.07196486897410176,-0.5739980581939267
4574,0.17217719150404734,-0.5980458798309296
4575,-1.9382021925108746,0.3553529996687727
4576,-0.7184720951429362,-0.23497582438089842
4577,0.8425274485616168,-0.4681494512752846
4578,-0.07232544770499798,-0.49353253767446803
4579,0.6841584008244475,-0.4734317294520512
4580,0.40123624348124554,-0.43157493732627483
4581,-0.3445574217884587,-0.5215624586674283
4582,0.07976998351763592,-0.5442808354534151
4583,0.428767997066599,-0.45498310889689
4584,-0.04711490889694441,-0.43987440874755784
4585,-0.426775465115091,-0.5245554769500193
4586,1.0812981518368863,-0.4734282202540441
4587,-0.5492508022797389,-0.5127294284675336
4588,-0.1294650708210912,-0.5249605796517691
4589,-0.053935276091890534,-0.63766527344831
4590,0.6826669456331356,-0.6080467722276466
4591,0.2500794143948417,-0.5735596095147721
4592,-0.3612660946977263,-0.40510522268846916
4593,-0.31707185823402123,-0.5702652494230362
4594,0.3039804278870792,-0.5457172981347999
4595,-0.30467450671277657,-0.006850098038095076
4596,-0.754573354160532,-0.30724029102614114
4597,1.0468588840616075,-0.389273870795895
4598,-0.22124406213027034,-0.4428157454660063
4599,0.4715162895729545,-0.644858716729186
4600,-0.01066211694207829,-0.5916456298224321
4601,0.5446622408353263,-0.5378402201994191
4602,-0.14920099688995433,-0.4907098362238486
4603,0.5308675762122326,-0.4009483879574811
4604,0.5777380111098922,-0.21543014819923717
4605,0.02759013220093877,-0.5446859781873035
4606,0.9804995716009488,0.010224067930418735
4607,-0.13214032236170384,-0.3860293102874983
4608,-0.6654965062263973,-0.3155950989689943
4609,-0.08940720692409589,-0.2885759591192393
4610,-0.17139309504814654,-0.4780476817699898
4611,0.568781661784209,-0.4390943247345485
4612,0.3189749766947567,-0.42892103077136884
4613,-0.11139527999351574,-0.604131190004089
4614,1.2157057835045475,0.00493092158587408
4615,0.33147752719964874,0.2017325261996537
4616,0.6567088217257441,-0.039844407563737125
4617,-0.5650091212880017,-0.23222965518435706
4618,0.22012570204519313,-0.47209326415271624
4619,0.4923893988808218,-0.45024836268992713
4620,-0.4998537756528566,-0.05778330884080673
4621,-0.8429724139226913,-0.5010467534351687
4622,0.07264042122373415,-0.44699128208535777
4623,0.49626557441838887,-0.6127899279211442
4624,-0.7439065830465796,-0.29460647454170447
4625,0.1136071782497644,-0.6361706128762878
4626,0.2882682139597336,-0.6392680605020407
4627,0.01739704091568966,-0.5741365741102633
4628,0.09454593707012529,-0.6050161072783663
4629,-0.46964821547811897,-0.5322117461411731
4630,-0.10798802417122796,-0.31104073624659934
4631,-0.4191529837507435,-0.5143675145496851
4632,0.7176240396259634,-0.5218714203832212
4633,-0.08064116822046688,-0.6080666044784472
4634,0.5994852104871027,-0.5888745034488901
4635,-0.19552002286371695,-0.5775234814184105
4636,0.06136962063926547,-0.5323083148666972
4637,1.7031496807376902,0.46434266433619814
4638,1.129303408755754,0.37154311322574735
4639,-0.8145952406515918,0.17494260885050672
4640,0.9101089542931851,-0.07427919852773807
4641,1.6937387925379679,2.135241687004082
4642,0.3681942501334339,2.1335351404939136
4643,-0.3158041964181629,0.809652436421442
4644,0.8126626158829073,0.3051789429674523
4645,0.9144351103992359,-0.10165291544584898
4646,0.5073405818864742,0.8642270171675556
4647,-0.2750791404180535,0.2952970632072932
4648,-0.3028211176026143,0.5797503716817578
4649,-0.05920197272551267,0.12454231353099911
4650,0.9477382696364576,0.11982743787770063
4651,-0.2210280630566764,-0.30241401549186087
4652,-1.2538829005153318,0.9564329432169758
4653,-0.4079752040336281,1.3299981474496392
4654,-3.0800157592694557,1.2702707573102365
4655,-2.417235172097571,3.251960269994558
4656,1.2575991240534437,2.5095960951087726
4657,-0.405672195502751,0.4100684234363664
4658,-0.4542012501960833,-0.22070615837414878
4659,0.5109462652441482,-0.3489205619271882
4660,-0.2877833511606503,-0.2629068599233316
4661,-2.1605181938269524,0.4153018151204848
4662,-1.8725533637323266,0.9554963865904729
4663,-1.7001107801964073,7.544386730213587
4664,1.2673858758405707,1.264328936096611
4665,1.4604186125480596,0.49366112895885206
4666,-0.08610505981181192,0.170477751036264
4667,1.1899119221835952,0.154061061540311
4668,0.6385871278957121,-0.3462385525846073
4669,0.20987724581446998,-0.19103009934721826
4670,-1.3299033848708797,-0.30802112751811006
4671,-0.7430026547342533,0.07785028466703912
4672,3.292266329921124,0.07209917873541263
4673,0.8459859179281508,0.30478544687737724
4674,2.5689293151700845,0.30010478276019026
4675,-0.9978819686122826,0.3524807044007605
4676,1.1250949801605539,0.09447351893818867
4677,0.07417019808491049,0.3981523611136011
4678,2.7271819997642632,2.610372766524641
4679,-0.25192536457351444,1.4879709058315378
4680,-2.1527006553006034,1.5427778120029088
4681,-2.047985231631089,1.151537758668329
4682,-0.7347128315017737,0.3901637457508677
4683,-1.1057758442592858,0.3629999987330886
4684,-0.15232491256488184,0.2014994234269819
4685,-0.5195429773223182,-0.2769179393479603
4686,0.24431693983474706,-0.27969426776878903
4687,-2.2165507641161066,0.9718268035599135
4688,1.422370983425017,0.09240522407144204
4689,-0.395993345831508,-0.3722368039598564
4690,-0.5755819173593881,-0.3088893819374444
4691,-1.8690187693634401,0.18120102998020288
4692,0.2996981171528046,-0.12629510251007867
4693,-1.5004176646829472,0.6023500369678476
4694,-0.5302204871961729,0.35454426481508977
4695,0.8491942081206055,1.435464251634539
4696,-1.6795791956455013,0.2334116741106331
4697,-0.5052082127132123,1.0055271728706807
4698,-1.3753920901859067,2.0260366424772416
4699,0.1064752595454228,1.227946568671914
4700,-0.7723901119194192,-0.06100462241221562
4701,1.242828811715218,1.3012544775125157
4702,-0.20266127798209654,-0.24415688129555504
4703,0.7652434813922826,0.36453469629534435
4704,-1.8998565183665843,0.2316360509606746
4705,-1.5743853756459345,2.454813512251706
4706,-1.4135889450855423,1.0276983205181063
4707,2.352330789495954,1.547911239464133
4708,0.8335067372296215,0.7135917039674098
4709,1.1942195356609886,0.4267637553391775
4710,-0.22181652488574577,-0.16558075558533447
4711,-0.3514774023454033,0.9560899137030533
4712,0.18908240231188317,-0.17287249058780996
4713,-1.0498180661600707,-0.11090107157727334
4714,1.0713601432915056,0.04003646983663405
4715,-0.39200551769205366,1.195919651767409
4716,0.6920275865829713,-0.42912203620381983
4717,0.2283983690868302,-0.30280698804861944
4718,-0.8070198265812225,-0.36673919446838066
4719,-0.9170293402693057,0.15957483461769287
4720,0.9849403583300671,0.13329355899186388
4721,-0.0019318632154464947,-0.26729569089088906
4722,-0.17853995476785323,-0.4957166640530576
4723,-0.2720376488535011,-0.05791058002376802
4724,0.6583548684153362,-0.43508460809796073
4725,0.4494368679535521,-0.13993892291226534
4726,-0.39973313267111427,-0.48179879586334945
4727,-1.3361388101129084,-0.1761372366432448
4728,-0.0952110090855524,-0.14415246633524423
4729,-1.04030652139173,0.10997577108794199
4730,0.10840227161531144,0.11459642865131597
4731,-0.34286840053365275,-0.12880799375273547
4732,1.0723287733223752,-0.43366284681956163
4733,2.100793280945793,1.4527484833577875
4734,0.4131407882957509,1.1794657103482127
4735,0.4725857722615147,0.027773772624639613
4736,-0.04597322553891684,0.21835956153999647
4737,1.1561621349906375,0.27560218452682905
4738,1.6184536461686452,0.3765680640350815
4739,1.2378899405260864,0.10096722186567325
4740,-0.93741985499298,0.4568073772937625
4741,1.358185999674902,0.3642846812529651
4742,-0.4218723888876041,-0.2368001048244686
4743,-1.102026172405548,0.43846492631864603
4744,2.0993032685171853,0.18254139117017654
4745,-0.5837085938300108,-0.07614363135532301
4746,1.842769345987828,0.9338580366710839
4747,-0.7352162314704332,1.9240976633972886
4748,0.6574210863949297,0.24210771586312185
4749,-0.09278868570767485,0.05229116242622603
4750,0.18799620041629783,-0.28822928826500327
4751,-0.27770505080020547,-0.42049591820421806
4752,-0.7227138662049415,-0.11374369238614629
4753,-0.03767696440044465,0.6449287536717389
4754,-0.7859829421482178,-0.4560267605026953
4755,0.3938487350265989,-0.36632209647142105
4756,0.08562775938820376,-0.1175998407849549
4757,1.5844017122748066,0.1691607679669343
4758,0.4521366143996508,-0.1026664716423264
4759,-0.732209411670498,-0.25925879007434627
4760,1.3522572296991213,-0.3246527548763611
4761,-1.1042527242356994,-0.3805259887101331
4762,0.17944704031106778,-0.4068253530438253
4763,-0.18820863103935856,-0.48697421475230235
4764,-1.5915798690693876,-0.33956317196146724
4765,0.9928396556610188,-0.48040456081903987
4766,0.7106432026896867,-0.38354065802383164
4767,-0.5463359962422275,-0.29751158827214563
4768,-0.6893627796799104,-0.410188630510077
4769,0.8074186964143436,-0.24376441213966216
4770,0.2933781547702034,-0.4210435569169863
4771,0.537511695440524,-0.1768856814862012
4772,-0.6638897725879589,-0.2797061934242534
4773,0.6951920717138593,-0.5034950543513647
4774,-0.13618935968930604,-0.6377097995047337
4775,1.6621743543956815,-0.24699032753173242
4776,-1.3197169374182631,1.349763835988406
4777,0.5268219562627543,-0.030309625965264087
4778,-0.8033990258967193,-0.12333962147514041
4779,0.6354123940405848,-0.1319339411292469
4780,1.0019363304562035,-0.008593736842808968
4781,0.9828175843732985,0.5773738303141628
4782,0.3096367911225545,-0.08230427765767653
4783,1.2522865934355936,0.44201198445830603
4784,-0.6489260302048581,0.7500481308500659
4785,-0.7009783695067632,0.8033962455237632
4786,-0.6095995705001579,-0.23994446574071218
4787,-0.7174342584490871,0.044446046157353834
4788,0.4552173094906675,0.10136184230282558
4789,-1.459204027689547,0.415345332893612
4790,0.2531364967169101,-0.3541413658294597
4791,-0.7630313229921591,-0.4264034679733308
4792,-0.14257004639985701,-0.49703286746705744
4793,0.564391102845007,-0.5757745832502079
4794,1.571044811393787,0.18902726920485008
4795,0.45910766998772407,-0.3188443012672908
4796,-0.0239662784542337,-0.3054052716607329
4797,-0.8297036535396987,-0.22563338998128463
4798,-0.16565310468262695,-0.47737478232712627
4799,-1.1615793229505336,-0.38645363812606426
4800,-0.942754217083007,0.31314903523780296
4801,0.1778095640021172,-0.12931473454616574
4802,-0.021216433515125623,-0.44359447073573893
4803,0.34717432369163426,0.4644785649971738
4804,-0.6762774663576364,-0.3416123554083277
4805,-1.4270188773880992,-0.20506595161595725
4806,-0.32454794884913024,-0.17926444037247916
4807,-0.7156025486411085,-0.07428357460510406
4808,-0.05667104511754379,-0.15823679096420962
4809,1.1184340903778374,-0.06484238727044887
4810,0.2829947783051903,-0.2152915824784844
4811,0.08759731845858335,-0.4558466930799628
4812,-0.21054606395408454,-0.29238271534601834
4813,0.30432189850510316,-0.43068809473542324
4814,-0.36287091725456333,-0.328911960216927
4815,-0.25626095508340796,0.02509730979343782
4816,-0.24508324889215016,-0.43249887574236867
4817,-0.22853804492738752,-0.07581741837507593
4818,-0.3512508361051353,-0.44270965291183223
4819,-0.6307741791800636,-0.4478634022838782
4820,0.5884850685437959,-0.14977310116973983
4821,0.8531486691972768,-0.4269356317968608
4822,-0.5392152922780709,-0.4051914580926069
4823,-0.6641011174382402,-0.2799718694748865
4824,-0.7387214250342369,-0.2463748246922183
4825,-0.3725632343207867,0.4037562707420432
4826,0.43974144013574634,-0.4597602667811758
4827,-0.7368300140511013,-0.13880854322541117
4828,0.3247824823263339,-0.1469778998322781
4829,-1.1892172165531132,0.2675055869218378
4830,0.3963943390079482,0.4953727937141376
4831,0.003506795305774973,0.08920382469869376
4832,0.7542250202751981,-0.3186960019091107
4833,0.5232770835792049,-0.19081446958591092
4834,-0.9526147593787148,-0.23974104663369092
4835,1.06388551786704,-0.20558574195141605
4836,1.088843963631967,-0.18258832154420598
4837,0.03293108160502987,0.4382970924798026
4838,0.6443770061741041,-0.2555252375550268
4839,-0.8867957792137342,-0.1407628048290279
4840,0.08631855330019306,-0.2967856523408045
4841,0.5525837275468329,-0.581020458774055
4842,-0.6810077227584708,-0.4620934416412282
4843,2.923533881633311,0.3031362213441039
4844,0.11571123140691127,-0.32112981195346957
4845,0.3770151311492652,-0.4662592414380442
4846,0.000699039769523185,0.16779328124417
4847,0.21482264297590353,-0.4183028444368522
4848,-2.1638481483611596,0.14191979823547635
4849,-0.2328827619077452,0.16503179213880848
4850,-1.7039822294282352,0.12495818768014734
4851,1.9507660182673143,-0.2763695391275468
4852,1.5427381515717176,-0.3201695861763117
4853,0.6202399380229988,-0.23526303740244955
4854,1.7233217302094264,2.097004953817777
4855,-1.041118791075244,0.6112638392864672
4856,0.3147349332937097,-0.2853864744583104
4857,0.30201685117629956,-0.12569203249626376
4858,0.8173174740035286,0.09583965968866896
4859,-1.2013177533666186,0.3879020940953069
4860,-0.3358439113518729,-0.42006386747747876
4861,0.7457083965185836,-0.2060018511808117
4862,0.4176910186197425,-0.4441123092163945
4863,-0.9415071785000217,-0.3925366514627155
4864,-0.13655404732784412,0.11060704108862457
4865,0.5054981518536028,-0.5256840300762214
4866,0.7383501926579905,-0.5274429301061812
4867,0.6442127139836977,-0.4748115729311275
4868,0.29695906536918226,0.4133344631309861
4869,-1.0333307821394393,-0.14912418833065788
4870,0.3677597018678487,-0.3218159405083883
4871,0.6279998843102276,-0.0007357363573680034
4872,-1.3000658672090506,0.16112286039853355
4873,0.1457575427827653,-0.05239746737720299
4874,0.158742016167699,-0.49597349897550624
4875,0.7361872998071703,-0.09779406276872278
4876,-0.5055832853027453,-0.28601205575354616
4877,0.1730692043495441,-0.27067589188829744
4878,-1.2170932601761726,-0.14016277228407736
4879,-0.4706153453063516,0.5793614071087253
4880,0.32129984062071215,-0.03159076073478929
4881,1.1099235107196894,-0.4375513200141656
4882,0.5199627249760751,-0.2235343970387412
4883,0.8283600940671537,0.14056034658366756
4884,0.45710011154754154,0.27076950753486206
4885,0.28998969947191366,1.6997459189090234
4886,-0.5631456007911644,-0.0876687695771404
4887,0.8164953019088159,0.1730024437890356
4888,-0.5699980087811463,-0.4934294388734235
4889,2.3821187975592393,2.2470266264594208
4890,-1.0768823750889367,0.3636363699493313
4891,0.4201832185958126,0.7071483160162092
4892,0.7469490153350682,1.1071245987289944
4893,-0.4113676549619787,-0.01584982093386416
4894,0.3234571278556742,0.20686263063833532
4895,-0.7779048128021624,0.1271694345859747
4896,1.606899820667559,0.16471093207917747
4897,0.19504901729643367,0.29548331740996847
4898,-0.7299106591973596,-0.029631292028451554
4899,-1.4157355968142706,0.596249267516329
4900,-1.8294842282218522,1.6391967312963394
4901,-1.0394609904219714,0.8367603611950384
4902,-0.42446826532271364,-0.0750895365230432
4903,0.9815983925929691,0.22174497884801958
4904,-1.4216092648731145,-0.23707509053502884
4905,-0.21063959455953482,-0.24862557408798813
4906,-0.35299047912683973,-0.1995250391630039
4907,-0.24703376498710894,0.24566851790366737
4908,0.029037840868341637,-0.3294205761349478
4909,-0.7138099405215739,-0.216163015157389
4910,0.38133090951271603,-0.32928820553685323
4911,0.7745187216303868,-0.1764946042458484
4912,-0.6183557468443683,-0.48706544711560623
4913,0.6526751795273413,-0.3374841178129001
4914,-0.02593917637924495,-0.2092716026561164
4915,0.9810949780401382,0.17056481000512486
4916,0.6437128282296318,-0.13105050797182868
4917,-0.4315970082806882,-0.21937582027158825
4918,-0.21880162242869575,-0.19162615631601687
4919,-0.32448253544117456,-0.4739202577093992
4920,1.406276927603325,0.06910825467446075
4921,-0.8329674372805198,-0.2786744549719154
4922,-0.2695167863616197,-0.3391844162899915
4923,-0.9339229157489044,-0.30606973606261556
4924,0.24097413600444834,-0.5091562002972376
4925,2.4840911088556714,0.4714185313448666
4926,0.13337409455992677,0.6346013582138645
4927,0.524573645820704,0.34037360313718734
4928,-0.24933362432836106,0.17422709589210175
4929,1.101009301179323,0.1393372486664046
4930,3.840193767998277,3.1450384634082575
4931,-0.7060280602411498,4.3034306613934765
4932,0.4157147289294276,2.4866513550960168
4933,-0.1809080025363084,3.0227261562701453
4934,0.6172796724124143,2.048648496188031
4935,0.623011386755026,0.6375370237145245
4936,0.5407107710632044,0.7013477910609812
4937,2.3272191808515705,4.668875041725989
4938,-1.5456236210376082,2.3309797979851354
4939,-0.7186431374049087,2.3911056103912625
4940,-7.749952878077205,7.547734992475483
4941,-1.0593016400540374,7.559227714962339
4942,-0.06816742745148202,3.2658012332710475
4943,1.5308865305772776,2.014835711498095
4944,-0.8160593656601038,0.1422326811964108
4945,2.6877538961124654,1.0395635644464132
4946,-1.6493300688820915,1.176527396315398
4947,0.2902014989743805,-0.10543291258571093
4948,0.4233090762517009,-0.3607533984198318
4949,2.927488830247336,0.7683534487737828
4950,1.4542172369144664,0.4852645836631458
4951,-1.089629488007875,-0.1790067593188077
4952,-0.03715011567298978,-0.2688830359591404
4953,-0.7724720522303564,-0.4851764293723897
4954,0.8114624512203878,-0.10093191217154349
4955,0.43443185774357906,-0.333661205863263
4956,-1.0657700149575078,-0.3842856768155769
4957,1.1484331267588617,-0.3818857619526902
4958,-0.07371589075939701,-0.39853104646861615
4959,-0.12709318564033367,-0.36486032654823214
4960,0.9682493018666792,-0.49092656433988596
4961,0.8411526281793044,0.05803581872767534
4962,-0.12762780624429082,0.15913078565348548
4963,1.4501618260227271,0.3001414472300026
4964,1.3430983185382066,4.297912714487824
4965,-0.5537762038956265,1.4213204828150827
4966,-0.2586328107082999,0.621578212505951
4967,1.137131756339201,1.4238301484761013
4968,-0.3399325161780626,0.5281271722625082
4969,-1.1445004096468454,0.6651667650731035
4970,2.2017913354350345,0.36691799147949167
4971,0.6067477167648496,1.6002787963687515
4972,-0.2868319305778095,0.08669704900839115
4973,-1.1714293587310975,0.42777436520994605
4974,0.2810749982748865,-0.16805337802679027
4975,0.7032594572769711,0.2300566795848101
4976,1.1279695064984463,0.015678528752058572
4977,0.2842300422649816,1.3302122095128897
4978,-0.023639613370649563,0.0307235064469324
4979,-0.055694444498988076,0.08657133192173852
4980,1.0851343536041431,0.5878615314847042
4981,1.7644936718597826,1.6155715192801237
4982,0.8657256118991917,3.3281955217539387
4983,-0.7649881806044488,0.9471946372659701
4984,0.11893267325694071,0.1314389228752486
4985,0.7053478321904872,0.10264312046513567
4986,-0.6607263691113485,0.22401620773233297
4987,-0.7160100347142461,0.3280068710239367
4988,0.6504075340269242,0.1348440415292427
4989,-0.37645740747404466,0.14187810944070414
4990,-1.9603781210223834,1.0939220588238283
4991,0.34123347044622343,0.23743772665909643
4992,-0.7478900899074021,0.8323910822751341
4993,0.19676370649850528,0.2644650578129543
4994,-0.8077631219855175,0.3293970765578068
4995,0.8468866895583524,0.15955506665778646
4996,-0.3781616863460632,0.3582155897662593
4997,1.1344741385711383,0.5525096769381413
4998,0.6297021150962533,0.6328651476750705
4999,0.2036031187578296,0.5870584765909987
5000,-0.08854901995720227,1.5684189047248582
5001,-0.5881214034809978,1.2893006466038714
5002,-0.13870770621647943,0.49506482923449036
5003,0.39085635984012707,1.07365093909155
5004,1.1601109413209463,1.2427043022474535
5005,-0.7974370145535403,0.7728621568495732
5006,0.28036875345460194,0.35141928187330773
5007,-0.7809852977727731,0.382626276291052
5008,0.62205344337868,-0.15509923331855482
5009,-0.10652558257338013,-0.10031185979954511
5010,-0.43257836870732835,0.3328437552814066
5011,-0.42342332027246465,0.685156299465448
5012,-0.566057394347949,0.1533279243674663
5013,1.0680871336496627,-0.273877181588082
5014,0.6077734872052517,0.5477437062633915
5015,-0.7437334955517019,-0.024118009975218308
5016,1.523627153604797,-0.08697749485495741
5017,0.15232466157709199,1.4023831119946466
5018,0.604205009072342,-0.1515616610239651
5019,-1.3923986521670786,0.6258855148295198
5020,0.6079843388323817,-0.04384833899826509
5021,-0.4737511231916188,1.584982380026098
5022,-1.2578056864510454,0.34336138599494537
5023,0.045341040521521075,0.2477902743492626
5024,1.4545080334032643,0.7243799195779232
5025,-0.5967847319856715,1.2379412419775686
5026,-0.1805516070726239,1.2147940076328687
5027,0.2974395431782374,-0.004226146279889462
5028,0.3249983901431964,0.4056161656485424
5029,0.8699089510490741,-0.21121350481311046
5030,-0.9597353251833698,0.15998775534887277
5031,0.8877165737203889,-0.009824278330796774
5032,-1.253710989247819,0.542624973399115
5033,0.7037864073699003,-0.01216494269696198
5034,-0.9922549049097538,-0.07172455886053578
5035,0.26789856278724944,-0.4790588791260581
5036,1.1700740757972363,-0.041159327018797966
5037,0.08600316071380738,-0.2445709533541454
5038,-0.7353527252208608,-0.407123246287504
5039,-0.20452094016754485,-0.2298250297779109
5040,0.914652431476511,-0.1464002635341495
5041,-0.0195499563121031,-0.1595906091500072
5042,-0.11421800394202522,-0.42635544225873856
5043,0.00564854546883521,-0.30945505484765234
5044,0.1930418524454774,-0.44142398673087213
5045,-1.531553753488112,-0.15142392239794975
5046,-0.3930562130427069,0.14824034513013612
5047,0.6078241296629384,-0.36212163418874793
5048,-0.81201073561348,-0.2723687388467508
5049,0.10598659820987738,-0.059937119465257815
5050,-0.15924706954097761,-0.08464058202376226
5051,-0.25540616776791925,-0.37718765722606945
5052,-0.646950210913063,-0.3146387870924056
5053,0.760696351456196,-0.5744203311511561
5054,-0.32742806300364324,-0.5155583962878271
5055,1.0419973298973262,-0.18627841400143133
5056,0.0025320249121286425,-0.4087289663818981
5057,0.5322434662074988,-0.4356507969723463
5058,-0.8155162528208109,-0.5358151492461775
5059,0.9418162325961118,-0.2217068427723359
5060,0.2322150977418066,-0.5089295834458719
5061,0.5306147668010333,-0.2559556512091015
5062,0.791586210135435,-0.38820091878163043
5063,0.5119403342545823,1.302852914704937
5064,-1.03470572988641,0.35291550647244263
5065,-0.04990335092084585,-0.054566635978711475
5066,0.515244219786027,0.13968454551996728
5067,-0.5079292202032633,-0.13299496476632622
5068,0.37516612174002595,0.6381424285772478
5069,0.22056576317350424,0.6295257167377636
5070,0.26698564727857155,0.2680244987883124
5071,1.393937004607884,0.6748887572632085
5072,0.4335090061565936,0.4119365318674156
5073,-0.5464929638767786,0.9070611428671878
5074,-0.3507130135492585,1.0551332179917767
5075,0.13902644215338628,-0.1694633155497703
5076,-0.505667200321806,0.2535137691232757
5077,0.43336662276651455,-0.19405863827658412
5078,0.07491354357612211,0.1824605344116782
5079,-0.857862378439828,0.1692804478552513
5080,-1.0288576828428915,1.3706047062407518
5081,-1.0196236359676554,1.353309713100551
5082,1.0377043872448652,0.6500297798960772
5083,0.2513811490677801,-0.15072576974076943
5084,-1.183990878576864,0.39627372569155767
5085,0.31933358815349194,0.37008163180845693
5086,0.40564341723083097,-0.26482391323926746
5087,-1.4423935194780786,0.6902452101507075
5088,-0.2532455504676661,0.9304765246315049
5089,-0.08645137291416954,0.5478109974318897
5090,-0.7903702189491927,1.523891651350849
5091,1.3119725336712837,0.26472369941837176
5092,0.2671969355122445,-0.26753808567654
5093,-0.5495211027367403,0.11424846116453216
5094,-0.5105078546945298,0.48466239074242035
5095,0.7686253071132993,-0.3371971425031568
5096,0.2939058402402234,-0.2520900610677216
5097,0.6238491289187107,0.030319320748924433
5098,-0.11257267637188456,-0.3585060708638559
5099,0.5284899949075839,0.08378674314219574
5100,0.3050648720406975,0.6302325300490479
5101,0.3082138587552757,-0.4244855544851078
5102,0.5590130937364122,-0.45412202782406985
5103,-1.8490488224208355,0.4649918746236145
5104,0.12678648132964193,-0.3815415189148411
5105,0.12202795435468793,-0.20150065583222
5106,0.026122035816178252,-0.4742701489417174
5107,-0.70121214606794,0.00013397111794035598
5108,-0.5588696050852856,1.145821262306403
5109,-1.8924974397051686,1.496024661981274
5110,-6.01339875649971,10.931095649486974
5111,-3.6631698514093207,9.120785802887163
5112,0.653105449781566,7.91063152973091
5113,0.2727348139376542,4.17012539108533
5114,-0.4225230956211371,1.9449579418523617
5115,0.02368217864879186,2.7963724911571184
5116,1.1881968545792922,1.4485005815870995
5117,1.3968889015945156,4.196261694929278
5118,2.103790303020778,2.3018957472502946
5119,0.6918960338194972,1.8708731087625043
5120,-1.0733091173168927,0.2188469499102726
5121,0.8589829379587817,0.6297462453214902
5122,-0.11633365675804339,0.635781373083912
5123,-1.6881738414898297,1.047855973930424
5124,0.9276587052543728,0.15775249920541665
5125,0.18991754461343813,0.16184797102205933
5126,-2.1946513495687427,0.4566152774750718
5127,-0.8695709197112824,1.1442023954597285
5128,0.6310827798227447,2.3670858192613555
5129,-0.9177094258718556,0.14543532840251325
5130,1.5955685285936825,-0.129303640142463
5131,1.3486298997548634,0.8752803099885276
5132,0.8185972707266818,-0.09782757560550258
5133,-1.6923047722097173,0.04516139953094858
5134,0.6127505444600332,-0.1846800503381984
5135,-0.6336751240502474,-0.22828981175818083
5136,-0.5647326442828495,-0.055300809989873016
5137,-0.30705586800072143,-0.37612587505468636
5138,-0.8975161106182914,1.2428781844495909
5139,1.2303649393803717,0.3482947323689241
5140,-0.7652285407037946,-0.3179616503134488
5141,0.1914522485492162,-0.46637874569158966
5142,-1.0107626071827707,-0.11615523670998598
5143,-1.1397817158159345,0.09988647115439632
5144,0.7486960426423366,-0.45251208573866536
5145,-1.2468273432420556,0.09068773965748037
5146,-0.5422071762591868,-0.20095140029242578
5147,0.22499060721367292,0.04748694476021813
5148,0.3912327326946505,0.5693193437114936
5149,-0.07115908011745475,-0.37770438301527903
5150,-0.6835184865457823,-0.04298187143068798
5151,0.9663551272244487,-0.07792587534276942
5152,-0.7621464447724933,-0.4735417380615478
5153,-1.296352610345677,0.028716883150419047
5154,-0.8914740188676029,0.2041321896549233
5155,-0.4100845559716426,1.3275474600244288
5156,-1.3697717115338122,0.53633879659038
5157,-1.4723706180544718,2.371218842281809
5158,0.7528859804627839,1.4362103894702578
5159,0.9543620656643643,0.9226997512296674
5160,-0.748880391763507,0.49509150204739427
5161,0.9506106916080034,0.40562217195672273
5162,-0.9962601720613664,-0.063229165012864
5163,0.9829666377346871,-0.09871696607751072
5164,0.7317710434618245,-0.2639787282168845
5165,-0.223881005269823,-0.32252476718043555
5166,-0.7109120034830403,-0.4570142772254562
5167,0.842033511758872,-0.09285623075094383
5168,0.4739650971944316,-0.323112585132103
5169,0.48062178077341783,-0.49819044474763063
5170,-0.15593099239312097,-0.6028683727643863
5171,0.9388186784574428,0.15663903854733432
5172,0.7515617106502643,-0.15678887781422202
5173,-0.8266442064952625,-0.2920867863367797
5174,0.5823159909065464,-0.5345587501010483
5175,-0.02035156897339286,-0.29788471683804807
5176,0.5356553017041215,-0.18414060296514004
5177,0.14463316241301113,-0.5210433319121183
5178,0.10582895990883441,-0.3582260985382364
5179,-0.6583595154822242,-0.07019580872959504
5180,-0.06105547688551619,-0.4043834319402169
5181,-0.3708614401780601,-0.5048121100027936
5182,0.22882946685558794,-0.49389043692828755
5183,0.07958830665116634,-0.5072286939799604
5184,-0.22786170594990218,-0.6102371564260157
5185,-0.9395206062795172,-0.08634194608749064
5186,0.307132542356063,-0.420466647469281
5187,0.7692731254915657,-0.1466851161246105
5188,0.2564652702682101,-0.44015295055771864
5189,-0.9760945348256425,-0.24385345055684435
5190,-0.9785681938989911,-0.13972952269968586
5191,0.7928554389858317,-0.20731879392247415
5192,-0.0748309295638496,-0.22795211472130825
5193,0.5206930655090852,-0.6166871901039322
5194,0.7035059201445009,-0.35566751488093595
5195,-0.23213756764661914,-0.3022607878965335
5196,0.4960062764102334,-0.5028532392649288
5197,-0.29754669612223905,-0.57651687299308
5198,-0.4212836270173127,-0.39979943678128166
5199,0.1004971016114389,-0.41334311786559297
5200,0.8823717232707364,0.10759124230255376
5201,1.5932448085106248,0.5656827827934543
5202,0.39964533010005865,0.29992087033392983
5203,0.34033191380529515,0.49954070599811473
5204,-0.048254986209869996,-0.1262076051992173
5205,-0.6609477275610922,-0.22016952069256848
5206,0.09288274574433528,-0.47510822271675157
5207,-0.7991946466706126,-0.04115910067649873
5208,-0.062064823215614205,-0.32257710092616554
5209,-0.0890408054329953,-0.5571159927387892
5210,-0.030457996026357632,-0.3585927088057687
5211,-0.553490020668536,-0.47865412903470655
5212,0.4371058049993383,-0.3533628558675717
5213,-0.621079934437171,-0.2339366208279092
5214,-0.5752032780461014,-0.20335711187891245
5215,0.5841816769997088,-0.35305160847643885
5216,-0.2999357529628655,-0.5439764412476027
5217,0.6432973562882096,-0.3409355877431177
5218,0.48418887645636144,-0.5387388051482128
5219,0.4751530939092435,-0.29392410511775563
5220,-0.9080096638890489,-0.4508083046805264
5221,-0.28518713395693795,-0.3993896196134158
5222,0.3141250810964105,-0.5116680874725675
5223,-0.9004558449639748,-0.1553267358274873
5224,0.22426563922997372,-0.3516102124842513
5225,0.4282984047425451,-0.5501793021802921
5226,0.5702611053556674,-0.3628934272379124
5227,0.4998159018644681,-0.16250637262104878
5228,-0.5632911899474717,-0.38776246510229884
5229,0.1500348200120218,-0.568692331534208
5230,-0.20135181093305007,-0.5884515133906363
5231,0.6280252723943183,-0.5507032184280057
5232,-0.1408738048585248,-0.4604497363786111
5233,-0.40493501585760017,-0.4173762547797284
5234,-0.5477520389527326,-0.48485302508950606
5235,0.12732779529707988,-0.4591393560718912
5236,0.09034878487457126,-0.5265254962577895
5237,0.07266020558548908,-0.6079589227523542
5238,0.38013245684024,-0.6464597961112207
5239,-0.06961972969271873,-0.37383458696487115
5240,-0.09943966963253245,-0.40180181289073347
5241,-0.06138776812506571,-0.6319484028542676
5242,-0.3586421551509382,-0.34319939105106556
5243,-0.2779117901784816,-0.3902123994626984
5244,-0.6905889245097279,-0.3181136630931402
5245,0.4041579926554685,-0.4978410899771475
5246,0.19270358532574638,-0.5423577761985482
5247,-0.5539959565859194,-0.48179475256746024
5248,-0.6762187240315783,-0.39281358469476646
5249,-0.6890806419999924,-0.47970130274641776
5250,-0.5348495303523475,-0.46175553260546803
5251,-0.2583945128452723,-0.012911199294175363
5252,0.06708298915909808,-0.2539409581669353
5253,-0.9864137803664778,-0.14077891727207642
5254,0.32403082553453233,-0.09452977504605509
5255,0.24589479118942104,0.2600772535470224
5256,0.3087039354718014,-0.5061276492790431
5257,-2.7175057540169623,1.7887217971539715
5258,-0.39787263254313976,0.8474989539766925
5259,-0.7569998162104221,0.32325141609676655
5260,1.7861639276859642,1.2687746131718534
5261,0.33140592919101064,-0.15590573146082104
5262,-0.9843117234007703,-0.43992185084653984
5263,-0.4020052425702749,-0.16229621466712826
5264,1.0529669280088656,-0.5427248926140542
5265,-0.2738887755158521,-0.20483109206601743
5266,0.9478496574176913,-0.537148858122668
5267,0.7364413431329813,-0.31506447560574014
5268,-0.02634997178318882,-0.4863728888602866
5269,0.3136318579293904,-0.48336661655992136
5270,-0.4177655036115061,-0.5302821029132377
5271,-0.7157465522712297,-0.5217527364736865
5272,0.1666781125095096,-0.49895418368969735
5273,0.6959792463659561,-0.5646180078206994
5274,0.48050693904085373,-0.5544979284392242
5275,-0.5117288979615073,-0.49256956642016086
5276,-0.17535112487186433,-0.5875124597736837
5277,-0.2652126157434658,-0.40715576345801957
5278,0.45612239671860344,-0.6501624394731877
5279,-0.491116350262956,-0.5400855394302186
5280,-0.04795634435543817,-0.5554416725789649
5281,-0.12048295885457908,-0.5804228796202988
5282,-0.05404321124137836,-0.29368251634273124
5283,-1.067112807114293,-0.3703167204352898
5284,-0.6614645223182707,0.3154065510791064
5285,0.18087906796095984,-0.31076786388306293
5286,0.31189584707039697,-0.5029275428102533
5287,-1.0710697628944992,-0.5104349402036676
5288,-0.4611135961513786,0.037523751051749245
5289,-0.2649998881796868,-0.3934805541024651
5290,-0.7733942375060587,1.1542086181475706
5291,0.18023775987586996,0.12445512372833817
5292,0.11986640391370278,0.08262759585596971
5293,-0.9232267110585278,-0.03052122441075007
5294,0.9609113647314766,-0.33026504467690027
5295,0.17356157010955753,-0.21638142604719118
5296,-0.4701103830667543,-0.3973796270125855
5297,0.4493710287388614,-0.4237193391084052
5298,-0.8156811171560024,-0.16940881550939718
5299,0.7727857739449772,-0.34954077176646425
5300,0.32279117957250364,-0.41569344452042783
5301,-0.450117742409295,-0.4206092089793857
5302,0.5276572319181527,-0.5567151496670998
5303,0.22050346540384833,-0.33821670567945317
5304,0.6557494320605416,-0.26343458809320386
5305,0.007182028333291143,-0.51482485194758
5306,0.4220963847610072,-0.38033122195679575
5307,-0.47225397726193363,-0.1985159949719521
5308,0.6979764435381228,-0.47018236793748547
5309,0.37244523743342783,-0.33262396967496705
5310,-0.4429340006308029,-0.05497673632752707
5311,-0.13235125183106522,-0.33986644160618146
5312,0.33828531169047316,-0.49943951622321503
5313,-1.892658266749335,0.14786396356452627
5314,0.494819551856137,-0.11297440484951159
5315,-0.6962711443346308,-0.13713748958706495
5316,-1.8661571966745087,1.572540757285085
5317,1.4828862952660964,1.6048000065751493
5318,-0.3602393977834651,-0.05464678815325731
5319,-0.34232454053020045,-0.18984425860775905
5320,-0.9279765335703319,0.014755163148317206
5321,1.649586883809271,-0.3458162872886721
5322,0.22297060158157075,-0.39558943440873645
5323,0.44565517625841045,-0.2666515579445173
5324,0.05741385573190743,-0.505887993928458
5325,-0.3409618078256855,-0.5818806152199703
5326,0.36562579405949414,-0.5541556032119971
5327,0.2572709353584619,-0.5378703039663171
5328,0.6854970462495645,-0.4009882140737721
5329,-0.5831929082840892,-0.4649840059605832
5330,0.04520584542901114,-0.5194894191543893
5331,0.08154323312012021,-0.42464369264641444
5332,0.5618249905455901,-0.5436270469690685
5333,0.2550331326185761,-0.5093156488636266
5334,0.17370197788676067,-0.30185312844945184
5335,-0.6505775988770144,-0.47718134337410906
5336,0.13303715315099565,-0.32252825861208556
5337,0.38935531268262635,-0.6249232878279051
5338,-0.2329780109327827,-0.5607509338551844
5339,0.8052437300860456,-0.4998765687651613
5340,-1.3650728414740239,-0.37891244026686255
5341,-0.1901158204992366,-0.2894259077900646
5342,0.009264627291615458,-0.5272855202736056
5343,2.968078687918709,0.6098176044118528
5344,0.27187695915023785,0.6459559957632123
5345,1.2286845965520774,-0.1120799178884748
5346,1.4547200613208566,0.3308191505721802
5347,-0.7535307364759504,-0.2494768717740296
5348,-0.8883970319334393,-0.13405935855822593
5349,1.2462616917398872,-0.19398534804936554
5350,0.19759179268100402,-0.2317861597283143
5351,-0.4909371190348038,-0.32838821325163864
5352,-0.29765200859769175,-0.288576075341818
5353,1.4919621737345075,0.20163462821049516
5354,1.2215900427102626,0.29155552061596424
5355,-0.7830464753738999,0.3827644799645646
5356,-0.23036511495809153,-0.17495351266757903
5357,1.0882690175788032,-0.2900735515906173
5358,-0.3463725906163965,-0.4503953795157331
5359,-0.25526110596698104,-0.06186096691095247
5360,0.03642292006997196,-0.40895693734978616
5361,-0.8394727572499945,-0.33869818920139466
5362,0.33729482419008827,-0.35157303060493345
5363,-0.18000529306934354,-0.5224367783410683
5364,1.164661852775178,-0.30318154258107094
5365,0.32168236611777756,0.16391205102331377
5366,0.0358497835873691,0.21520681770059444
5367,-0.1907369789117133,-0.3934787386453056
5368,0.2525297107621643,-0.435089096826165
5369,-0.13304570863539242,-0.5229307034591179
5370,-0.25544457265294396,-0.3370970980411572
5371,-0.3895858484241015,-0.4544704994383158
5372,0.5544083059146057,-0.35061425608475744
5373,0.047852924157393596,-0.22542504022875812
5374,0.12665840600517395,-0.647393313830643
5375,-0.215392609767883,-0.5006055926042088
5376,0.45393655166675295,-0.3030183536659887
5377,-0.6191381791012389,-0.25011144203824076
5378,1.2026074631896473,-0.24548424477661748
5379,-0.07924119176254274,0.5928018348414508
5380,-0.05267193909527517,-0.12801496880317392
5381,0.5265696380417944,0.08273017979458931
5382,0.3963679431688912,-0.31804748687399187
5383,-0.4877756197595017,0.05736693230252264
5384,-0.46909941405102973,-0.26380124419742007
5385,-0.5735676858926091,-0.15620383952254394
5386,-0.2439056669103844,-0.16225111703909656
5387,0.6001620900087703,-0.3914098098975801
5388,0.1297905261861328,-0.4838626336692198
5389,-0.8885023603179347,-0.06886345849172709
5390,0.04153084859330056,-0.3540112899599637
5391,0.16362333007606142,-0.5076313166792172
5392,0.33502692103431025,-0.5729550805363166
5393,-0.09888899526119758,-0.6100266055592588
5394,-0.6562774859157472,-0.3349318880841257
5395,0.010694688504554985,-0.38793154269474056
5396,0.0810118252025952,-0.5474199413421202
5397,0.20529942640177062,-0.41924891526026054
5398,-0.12535302337917595,-0.5164596140349619
5399,-0.3056768781304674,-0.5484562806320804
5400,0.16342136630510556,-0.48897386050358305
5401,0.06584195190025605,-0.5083526529475265
5402,0.592656594737722,-0.33267576115442543
5403,-0.35936769938755797,-0.06094943686462781
5404,-0.07452602947193679,0.026517193378857027
5405,0.010686939220792625,-0.2168672856659474
5406,-1.324029483234318,0.9011468660099704
5407,0.628603439606908,0.16067395227449696
5408,-0.42869673574850153,-0.2083960309285182
5409,-0.4892480068005897,-0.288816267866262
5410,0.5381640923675304,-0.2063213485055695
5411,-0.25079629746168436,-0.4022971002215819
5412,1.1247296654221512,-0.462017205602015
5413,0.5611075916329246,0.9431359159236024
5414,0.17498330514757707,0.024786479532445404
5415,0.20483521991952222,0.117733107946177
5416,-2.650675741573001,1.291594752259088
5417,0.7665660930369701,-0.26257761759458265
5418,-0.5531023518462649,-0.06010530310179175
5419,0.050472264524809025,-0.3290166210481898
5420,-0.574251695403245,-0.17914640668613122
5421,-0.7771730596608036,-0.12327513604759276
5422,-0.21482559621987551,-0.020552869264436727
5423,0.6614908185907926,-0.36070330456518573
5424,0.1912690165739952,-0.4481603423655736
5425,-0.21011356700454348,-0.5601004254140318
5426,-0.8064852381125106,-0.4657575430370805
5427,0.04932782611422571,-0.43030085064967744
5428,0.24085123780470474,-0.531518869214466
5429,-0.35509209690270566,-0.6001610188408714
5430,0.2670523714742749,-0.6291301372128653
5431,0.5391047911570659,-0.5684577871064286
5432,-0.18544764497356486,-0.6198719887010662
5433,0.8211084940404778,-0.4023624292034672
5434,0.6005129051760425,-0.3654708540667263
5435,-0.879604143800333,-0.4802816068783773
5436,-0.048336220750805785,-0.522213932399653
5437,-0.3443480721230954,-0.5920388751484984
5438,0.48709921453484356,-0.6376855425643497
5439,1.1988345633136486,-0.47494901627414365
5440,-0.7403307694751304,-0.5129397740578968
5441,-0.23561810274645884,-0.5595948045156779
5442,-0.7766240231417497,-0.4340915762062144
5443,0.26876020380185206,-0.5612288335640965
5444,-0.2769426018652781,-0.5474938105230132
5445,0.5729833317354419,-0.593836169483773
5446,0.3931449902643149,-0.5798939284466254
5447,0.35037214319185284,-0.5804257323537568
5448,-0.6165476791760108,-0.48871108671576213
5449,-0.6370101147854386,-0.41318578339837864
5450,-0.4028186956688027,-0.49010757550769174
5451,-1.91422753831457,1.2750925305714709
5452,-0.9645027248572677,2.703751358651126
5453,-0.1407671645589595,-0.16857871749595052
5454,0.37281255804991353,-0.2914123418587125
5455,0.2657871364053486,-0.2163873809877327
5456,0.8605053635789564,-0.44530767075573197
5457,-0.07735127270566917,-0.36053550618744773
5458,-0.6556572135308109,-0.3965699966419919
5459,2.042759625468358,0.16145723833260936
5460,-0.2685311781802659,-0.2242567704690542
5461,0.2670516963976783,-0.47425769336867307
5462,-0.2492896114368051,-0.30005490929017964
5463,0.18526115400796894,-0.4890121561648932
5464,0.4438811423547143,-0.5899610509773537
5465,0.11171498874261523,-0.46863725383921495
5466,-0.5593081173504355,-0.05802100019224786
5467,-0.22751520552711776,-0.2197305981313531
5468,-0.7547361934335354,-0.32692228181520927
5469,0.6126347159109273,-0.3947127736626685
5470,0.6461516696856566,-0.5408157688114914
5471,1.3834750401282088,0.35486329670816674
5472,-0.014327200684431546,0.06361985446981995
5473,0.7216052175003459,0.35956671922416045
5474,-1.8972522654017983,0.2563520825162617
5475,1.053529245498292,-0.46187329585503534
5476,0.264294340608066,-0.4451835564900146
5477,1.1233543151991394,-0.0010807857324570036
5478,0.14118721124492972,-0.19480471229195112
5479,0.8387979744005296,0.708938544226411
5480,0.3057238223789349,-0.06363214595093221
5481,-0.45423232813975634,0.14436414184999544
5482,0.2916204367548255,-0.15924127160778734
5483,0.13089048386996643,-0.3495536569003676
5484,-0.8429631205558509,0.3566562690050644
5485,0.3364335701758684,-0.3070540091484966
5486,0.6274043731858799,0.00511068405357063
5487,-0.185867593055714,-0.25887369076570216
5488,0.09130837296621891,-0.4093650404951833
5489,-0.4528927909910261,-0.2764614190192402
5490,0.12435578687714266,-0.5320482697108655
5491,-0.28889968408235617,-0.16576495991901735
5492,0.042365265238822954,-0.3629182270869445
5493,0.06757497593118214,-0.5325842967174215
5494,0.21357367859419746,-0.39497764761939036
5495,0.0744297954039425,-0.27554357531128426
5496,0.662811916403571,-0.37552240131846815
5497,-1.1013332875707251,-0.45198122173466465
5498,0.5822780358923006,-0.45002205731009104
5499,2.4307045155951847,2.657130306017368
5500,0.2872016265844426,1.9538198378212275
5501,-0.9115706646917334,1.5268628448710069
5502,-1.01288061172146,0.2994479264420949
5503,1.44577944876064,1.5079064253841024
5504,-2.0134582040223172,0.5925791056657003
5505,0.0130905405040028,2.540268277632954
5506,-0.7965590463180847,0.3629235816118681
5507,0.4847187656810071,0.19755011400793435
5508,0.6844509708941732,0.18014017819844055
5509,0.8620819406183181,0.21717910567693344
5510,0.40090048529130323,0.2413972131330954
5511,0.10459185410124783,-0.04564472669654579
5512,-0.3515463447067615,0.0675682461333338
5513,1.1512987678016013,-0.11487521090960287
5514,-0.5830935439992704,0.21095472043566268
5515,0.0065678084633819436,-0.20618228750085263
5516,-0.23508842982818498,-0.29935937221555853
5517,0.7447749169678957,-0.326360323259741
5518,-0.48967869371057876,0.28544360205038666
5519,-0.25012604952413414,-0.362135596448775
5520,-0.5888427433629164,-0.1730388817576295
5521,-0.3373812701784312,-0.3203923902095642
5522,-0.17275133801176207,-0.3389808978183333
5523,-0.13874842661189438,-0.13438149638378985
5524,-0.2615903200688555,-0.5583420364579201
5525,0.5598635350223153,-0.24215472070642283
5526,-0.35753522715469177,-0.4986205332388655
5527,-0.160550445867357,-0.49451039806449687
5528,0.29339695967676166,-0.5871997478063219
5529,-0.5136473019824626,-0.48048600945917186
5530,-0.22582850493591816,-0.453036782334376
5531,0.6378563337028049,-0.4239239319147824
5532,-2.0737764371441383,-0.06872168789661094
5533,-0.559079027495101,-0.19952571303625422
5534,0.16348106538298857,-0.5413624583590371
5535,-0.47600743796924605,-0.055183849479192415
5536,0.12790833789464456,-0.39598452187316907
5537,0.34255467615808327,-0.5073078596348328
5538,0.06352571879402757,-0.40646801946278033
5539,0.10697870759921144,-0.5250033237347808
5540,-0.5845205341725828,-0.5227247863226311
5541,0.333858627152966,-0.5615216165384659
5542,-0.14973154605388134,-0.4719940856471245
5543,-1.0991681031197171,-0.05310927826297579
5544,1.1740125778118484,-0.2675927252518688
5545,-0.07531996464021073,-0.343383284372844
5546,0.696722043030475,-0.23744075217846589
5547,-0.7638570079595506,-0.4434051934486932
5548,-0.5847832845266946,-0.4178438585726006
5549,0.07635806897884165,-0.36925155734856957
5550,-0.8888921692931826,-0.42449307576020384
5551,-0.20348513869245471,0.37763652982489676
5552,-0.7546025261816093,0.2637585891538346
5553,1.154077417327512,-0.3048694234348205
5554,-0.5489212618957995,-0.5518248495450976
5555,0.5854303116599663,-0.2723231945849966
5556,-0.5596707434113102,-0.48294688259431373
5557,0.6638793955981943,-0.5101178700191378
5558,0.144636972577588,-0.38150471682045145
5559,-0.5053534599024546,-0.3796972911557892
5560,-0.47757255153809375,-0.27565836788376635
5561,1.4562309166781005,-0.5336163529350444
5562,-0.11955893584826022,-0.49505873607557815
5563,-0.7398835965617024,-0.429381165467186
5564,0.25139653683754415,-0.473289241578319
5565,0.0008948471598407056,-0.36938390559567924
5566,0.020773922145215173,-0.49562893544784126
5567,-1.4068579589497021,-0.015452778507620012
5568,0.47550958450642644,-0.45467850329087484
5569,-0.2443572288838541,-0.5064091688267892
5570,-0.24400059035140897,-0.5121783704028042
5571,0.690091422439248,-0.35684328848676966
5572,-0.07371783704289556,-0.4954413472658264
5573,0.6054210325251776,-0.4389402866438141
5574,-0.541140954508316,-0.20363245628403084
5575,-0.4072640235442081,-0.4476081686185315
5576,0.7059741317126494,-0.36890411251291566
5577,0.709476661667714,-0.31555173081712534
5578,-0.1421780318068129,-0.46638963895067126
5579,-0.9542804923779838,-0.4451831400454779
5580,-0.6361749501822462,-0.2922706387109178
5581,0.6272924940052153,-0.295291747520198
5582,-0.04600078727206437,-0.39628191499163273
5583,-0.43183781487507,-0.07778240630067901
5584,0.24098460760238805,-0.30792023355558157
5585,0.4862288515332385,-0.4366807943093448
5586,0.4509466422990849,-0.28381319423948204
5587,0.1008053761548033,-0.3894884744586502
5588,-0.4709520646811547,-0.4667197632131742
5589,0.5356609936177137,-0.4694075829896831
5590,0.4244187968345013,-0.4698411380966793
5591,-0.10361860119255345,-0.4499362788999904
5592,0.6967245924578017,-0.371268135339626
5593,0.22606572393842717,-0.17257944446149004
5594,-0.6598040179005529,-0.27136929091787393
5595,-0.28768796487928644,-0.29603910071485595
5596,-0.4595219240808539,-0.10324925219293245
5597,-0.8898474522118602,0.5853386030432393
5598,-1.6776436933682017,0.07758513551865864
5599,-0.6312191862375736,1.660102112278791
5600,0.33895000001163966,1.3619430094321847
5601,-1.260966645456354,0.4242048256023837
5602,-0.6642177890735629,0.0059227790498168655
5603,-1.5511157027985767,2.454252468306127
5604,0.8835948864846622,0.43479973793799503
5605,0.4171340627012083,0.001351725034452263
5606,-1.1664603257933857,-0.21483387545294438
5607,0.624853741681759,0.10186448098714404
5608,0.8166526134825072,0.4123414927588171
5609,-0.4963337280911599,-0.347298519456686
5610,0.5479471530371496,-0.418580253858542
5611,0.9852981776111093,0.32735015320552463
5612,-0.35248286980150856,-0.3260104516997408
5613,-0.8783246868301335,-0.39631948248875365
5614,0.8492992613010885,-0.5029227606331066
5615,0.7165710932486429,-0.28517418035817316
5616,-1.113178315464703,-0.3424153625574115
5617,0.5907964200363607,-0.5532208900369627
5618,-1.253979594622926,-0.43785626476656603
5619,0.8990984037853167,-0.48793962155174303
5620,-0.7925107652032666,-0.3545574301183757
5621,-1.747636530264217,0.4666912140624568
5622,-0.3988479181401454,0.5050858744525616
5623,0.5230887224107057,-0.30192975840556996
5624,0.7687576536856964,0.1483562594555056
5625,0.6320204332735523,-0.5123893444392427
5626,0.2479021409516951,-0.4913309409484725
5627,-0.1645104751648337,-0.5917371778255862
5628,0.14413122800177125,-0.4164492939287003
5629,0.6196357406520137,-0.5104019178412181
5630,0.20240430220942768,-0.42687205782126203
5631,-0.8981509666353178,-0.13464284622268768
5632,-0.2820673249996129,-0.3827741447507392
5633,0.2522208851947982,-0.4858984368877845
5634,0.43580091294099205,-0.5571411421774288
5635,1.5376347002466233,-0.05857469685107964
5636,0.5855280651463214,0.2683897731328205
5637,-0.11184266870479762,-0.3380805348931841
5638,-0.31267445091703905,-0.5282610597890507
5639,-0.7691347859377343,-0.0441733364840384
5640,1.932573632845775,0.11874755164869462
5641,-0.5060597846853269,-0.3940276777710589
5642,1.96621272880433,0.45534714336171334
5643,-1.0907427809490422,0.6153341772005184
5644,-0.45136866788732494,-0.4300495392969177
5645,0.329012152057989,-0.25393496252151077
5646,0.35555624229812777,-0.04345549147303857
5647,-0.7486571761565936,-0.4693196524441685
5648,0.7975829436371349,0.22074213179705904
5649,0.47557540812327626,1.0505735773494616
5650,1.0564400241806444,-0.1651238161121007
5651,-1.0144362297552416,0.41075046043175667
5652,0.03524289272658773,-0.3917553958803037
5653,-0.8648424679790965,-0.13154068873107183
5654,-0.0032307211077973064,-0.4128903976974099
5655,-0.736084129738444,-0.367042544981622
5656,-0.22962447613635334,-0.31674344638051216
5657,-1.9133515708968067,0.8128705824593178
5658,0.5015772639622637,1.3322230191922737
5659,-0.24190502811593692,-0.160585502161619
5660,0.33040633420340326,-0.5762286306158908
5661,0.578652441733833,-0.5353280809237516
5662,-0.37822451861911943,-0.03257062631325176
5663,0.29339472196288935,-0.44575869754799535
5664,0.6624037216714423,-0.46646920870705083
5665,-0.1815199428610195,-0.394430044298128
5666,0.10127733346327164,-0.6087085116141498
5667,0.15550111799693678,-0.2617093698752774
5668,0.23276971279255707,-0.5019655948572497
5669,-0.47276796377167163,-0.5705782516832596
5670,-0.06933790800109343,-0.3365606460074959
5671,0.3632076564721487,-0.3064163979014241
5672,0.5430186142409407,-0.057278255562579664
5673,0.05576675468023837,-0.2732115880436176
5674,0.8429146676946532,-0.36351078865779646
5675,0.04015922651799507,-0.2689081447761763
5676,-0.06555210077998838,-0.3809507985317542
5677,-0.17507860080401777,-0.32012684355830556
5678,0.28519972566375323,-0.5309569435170031
5679,-0.4100201026612358,-0.1286011653418213
5680,-0.1684309292943061,-0.5611956804285732
5681,0.27712124910966024,-0.3547326930546934
5682,0.6398184665441519,-0.25344892863114593
5683,0.18927951540408247,-0.31618569509595845
5684,0.007170552872899768,-0.47933218649366904
5685,-0.12883484164863973,-0.5204407780797398
5686,0.16648468718875456,-0.45842292766305714
5687,-0.7497318952616275,0.0026985494836216225
5688,0.04280096116225141,-0.536162472874959
5689,-1.2206803610392325,0.0182789229083355
5690,0.28090344528958366,-0.21609152420675803
5691,0.5803986388618305,-0.4810430080432276
5692,-0.6781318700374674,-0.24448855575561193
5693,-2.2988675547123893,0.5807579227462341
5694,0.11582578257232742,-0.08474841551828795
5695,-0.858237967408854,1.057933192057558
5696,-1.4016334360652787,1.7902767278111016
5697,0.8822532899162117,0.9006944405087325
5698,1.469533831365782,0.52637360895299
5699,-0.573206103116635,-0.32869074863722414
5700,0.20303759104700791,-0.4781744982134332
5701,-1.0079416566156476,-0.17404193729290995
5702,-0.6256695170189641,-0.27113460054673266
5703,-0.15580666961822787,-0.08560620071868354
5704,-0.2827687871821517,-0.22000634396586047
5705,-0.1095283477301974,-0.10652765475613007
5706,-0.7201106418360604,0.2195434864585293
5707,0.06845755504661832,-0.39173557740539655
5708,-0.2739474993019921,-0.25840333107538493
5709,-1.0548942659622318,-0.35314190105765497
5710,0.7693099315401709,0.2861120813190103
5711,0.7365393352103707,-0.33208727815655226
5712,-0.7232842774087578,-0.02213534586017539
5713,-0.9616666372193929,0.04224456578262896
5714,-0.951813301929896,-0.35215756448469687
5715,-1.356365490730417,1.5901111344741956
5716,0.7290697008805547,0.7704491116065336
5717,-0.6069144919200928,0.04901327731875554
5718,0.2874554770757797,-0.2501427322586468
5719,0.6098726404071257,0.639160584401016
5720,0.6104658513148778,-0.48498715452070795
5721,-0.7614005521529672,-0.4381803472629538
5722,0.8957945619098672,-0.5135901500365917
5723,0.4764355839297574,-0.49168879615220173
5724,-0.540463112627135,-0.33386244782448066
5725,0.8621427703844258,-0.41708740081386814
5726,0.5803857717738036,-0.5600190867100017
5727,-0.49051403841792096,-0.3578775891020309
5728,-0.46242738692236646,-0.47131876107715454
5729,-0.491900010927222,-0.4661326537577148
5730,-0.8829164305659707,-0.14728548078759846
5731,0.12081677632987156,-0.4692840218051589
5732,-0.9653179648949112,0.06119969051067153
5733,-0.11614621030734523,-0.5480521316352887
5734,-0.9566564105297037,0.8037556351449726
5735,1.2753906964341095,0.4939111803302286
5736,0.022612748197837852,-0.2381785124317596
5737,-1.2269855301336199,0.438259923433009
5738,-6.203262506347154,10.573121393846632
5739,2.7671201860415033,3.8426392976197516
5740,1.0078821506394287,1.1152384307662089
5741,0.17750257355477572,0.5850819797673132
5742,-0.8783293265720301,-0.034332828129297534
5743,1.1801196504975346,0.4875169711933869
5744,0.36785687903704267,-0.23725336308431083
5745,0.514738725430892,0.30145664090878294
5746,-0.7561424827370137,0.21167349008767725
5747,0.2493636615535636,0.0352648195989192
5748,0.516332820875187,-0.3875543736697356
5749,-0.3045774898121505,-0.435680063584376
5750,-0.29880289346602046,-0.3316596230820398
5751,-0.5737823744463482,0.11160264688959479
5752,-0.01635782790436923,-0.28304700860194987
5753,0.3441167948261111,-0.378109056588946
5754,0.4130955024838421,-0.43435508873987
5755,-0.14339090137472338,-0.22777507759475382
5756,0.33300949384894696,-0.4300849754624327
5757,0.21959190452880187,-0.09583071189029392
5758,-0.41754705351687643,-0.48012965538315505
5759,-0.7605476858356427,-0.19189072447708583
5760,-0.7406886786053661,0.043290330860892075
5761,-0.5233010801961746,0.4905224044284368
5762,-0.3678591761897379,1.122208768957461
5763,-0.5643159291628401,1.0074875258566058
5764,0.8849295110361017,0.09491604110680614
5765,-1.3222350849628668,0.024766342049834973
5766,-0.5401233858917169,0.5363246445961679
5767,-0.11770017283089167,0.2560580543073237
5768,0.8908523698107982,0.10268160336990094
5769,-0.035876917703247274,0.03158825273662552
5770,-0.1823093803317895,-0.3331031448563491
5771,-0.15370925115222517,-0.08438887723287006
5772,0.4401651738853778,-0.04006402547657791
5773,-1.228195248457149,1.5449557545035553
5774,2.1366342907682716,0.7164309873489024
5775,-1.1566205482982352,0.11468582578472555
5776,1.4087305888150785,-0.04517764342270418
5777,0.07638189638971794,-0.28458569546885293
5778,0.7327683644013447,-0.1797768908441218
5779,-0.2746483547312111,-0.1281533221018182
5780,-0.35180602917572434,-0.25292468948440006
5781,0.10842191234407741,-0.3698833268141156
5782,0.529006029256148,-0.18367496287438426
5783,-2.274166701073182,0.2897394618737677
5784,0.6906122463383808,0.3183147968490975
5785,1.585339695854895,-0.0022818027902383347
5786,-0.7736244276684414,-0.27148335846802824
5787,-0.4423497560444243,-0.18686913931862145
5788,-0.21413289280784384,0.1686362417379027
5789,0.6002882167311125,0.045929018211487115
5790,-1.7329978636029033,0.7830210358093018
5791,0.5212265732751591,1.0367335671461297
5792,-1.2298074690306937,-0.052983609923332085
5793,1.29352889226047,0.30687716982045204
5794,-0.4604450482807316,-0.007624293613720109
5795,1.0040844533147844,0.12739653076277993
5796,0.6759124136709757,-0.286487152246796
5797,-0.639172608667933,0.10352887924839892
5798,-0.8129039057526654,-0.2872323939624966
5799,-0.4605971788562456,-0.26189979865484037
5800,-2.68972883178018,1.0404922598848318
5801,-1.6142459952176886,7.482239946485228
5802,-1.2800793393369252,2.0604806328031713
5803,0.895240039853848,1.0022554403798503
5804,-0.3931803725745411,0.2103543533134558
5805,0.4046712084586942,0.4729628016038479
5806,0.4168107214246027,-0.15443779141902028
5807,0.7169057216176431,0.27227855754923985
5808,1.8234251711732277,0.5342452857857973
5809,-0.11604068725058281,-0.2280158740527949
5810,0.6817692752186902,-0.40272781935048596
5811,-0.2189775744354456,-0.4234808440062164
5812,0.2558887981291854,-0.5242900381678164
5813,-0.4927744706695174,-0.57403534988193
5814,-0.03906491115638638,-0.4169618569414773
5815,-0.8485148679339858,-0.2821774498530547
5816,-0.09492059040120465,-0.5305566021018718
5817,1.023649139131157,-0.32022781137996403
5818,-0.8707718552634547,-0.35224920405735766
5819,0.5260943199430022,-0.5076100839374642
5820,0.08294219280207006,-0.5943486868390406
5821,-0.8845660912267255,-0.43132065829922117
5822,-0.08435054851301431,-0.4193105796067476
5823,-0.11995404295032656,-0.3256163981355591
5824,-1.2602770515378445,0.19244391952981504
5825,-2.2315007608836614,0.6141860441781887
5826,-0.7476129471378439,0.01958755335616936
5827,0.2667265777539309,0.6802898719083349
5828,-0.8379205441574101,1.1498705782773007
5829,0.06493923644746757,0.0725513467280869
5830,0.5016797888942943,-0.34720898360944924
5831,-0.943249881766345,0.7580825630943814
5832,-1.0468712989217137,1.7221755146068707
5833,2.040145738167194,0.39275385124114376
5834,-1.8362970434890802,-0.05105744811285555
5835,0.5621650719112139,0.09935158537884034
5836,-1.3951482303982805,0.49382183428647697
5837,-0.1559221706555859,3.3007554122114837
5838,-1.0377165246435782,1.038323055915547
5839,1.307975502072211,0.1797429985864028
5840,-0.43303390388340557,-0.017331039039844936
5841,-0.8128973094433298,-0.2720899896320612
5842,-1.4697502065179175,0.37221876512297886
5843,-0.19364472537079436,0.48119059225353167
5844,0.9271088192207986,0.5370499430565074
5845,0.3745815710633399,0.11281386232619271
5846,0.6354087882569791,-0.012384983902983494
5847,-0.5149273510458696,-0.16285779840460612
5848,1.1159037902379219,0.11148686990984705
5849,0.04890433509198717,0.03973306373532491
5850,0.6068553258817078,-0.43217826855210795
5851,-0.46595458991335786,-0.40526489040032576
5852,-0.11262487602708181,-0.2711746248031568
5853,0.4813120824241334,-0.4865994720581884
5854,-1.079701619049554,-0.2935895722138115
5855,0.5913502668286995,-0.38956284321936296
5856,0.5322195500943053,-0.46476441338797386
5857,0.7585635750447658,-0.4393304805596893
5858,-0.4660042611874011,-0.49852750050012307
5859,-0.702138980911791,-0.29479981209164
5860,0.26682316988053806,-0.4065884189317536
5861,-0.031500494771161645,-0.2331415484104559
5862,-0.1487397391334353,-0.4171314098189997
5863,-0.3394594110673611,-0.25381416449614624
5864,0.37663706102159783,-0.4696758436997689
5865,-0.7037582920426069,-0.06261602175198078
5866,0.5825920952791194,-0.1898131313508399
5867,0.06192445774573612,-0.4917712096311602
5868,-1.003504035512988,-0.36304450154583123
5869,0.2183869098649604,-0.4184292931308663
5870,0.0758626315604048,-0.5078409719880596
5871,0.42086647697589075,0.13088542765798916
5872,-0.5991054563884006,-0.40799285310355615
5873,-0.7922474915057128,-0.3925316970500613
5874,0.5799763273543361,-0.3607669114259636
5875,-0.5799521251296524,-0.5232142818909352
5876,0.3082462433940645,-0.4339424865754839
5877,0.22335970090533938,-0.5339845918190984
5878,0.018707617231489095,-0.5446984124210916
5879,1.6574991439271336,0.14059768905095732
5880,-0.3172861007917001,-0.13341468328278344
5881,0.4643595975954655,-0.20691419053586868
5882,1.1246221821613969,-0.28299247190946736
5883,0.6354883699351328,0.44599832907320525
5884,-0.3452341850510755,0.2906608928505388
5885,-0.13628021826779363,-0.44225091305361147
5886,-0.07469648725501157,-0.4552998909750785
5887,1.218880650563347,0.3465668633147505
5888,-0.2511940154508743,0.01561333382443516
5889,0.36105786349856783,-0.23580016914252472
5890,0.44088315512816784,-0.22585532469291256
5891,-0.039137634889630006,-0.10824629334167882
5892,0.9456037526606365,0.17888314913495437
5893,-1.3154602570073186,0.37574906714100875
5894,-0.056823287791946,-0.31850706893055813
5895,0.5243799345979596,-0.26962296793703217
5896,0.4565590815194423,-0.41567251217094237
5897,-0.8238045370302524,-0.3933579253167267
5898,0.39035922391750755,-0.5595694540558984
5899,0.13013812362086924,-0.37375880693128505
5900,-0.3657011831948841,-0.4928401766342642
5901,-0.07652523129373384,-0.5712348026303734
5902,-0.8071358732755753,0.03306334544451794
5903,0.8810658060667995,-0.6048876949768639
5904,0.11535996106896704,-0.4766946659684184
5905,-0.46015548783143845,-0.44178464118440386
5906,0.3150351974249389,-0.6110112253518967
5907,0.8991236480354807,-0.46040688419826
5908,0.24285036727444764,-0.5693670477901982
5909,-0.001656046130675515,-0.5256301479480506
5910,-0.14199155677207725,-0.5333492130087032
5911,-0.4845007368334714,-0.45930503844156856
5912,0.4905180154029914,-0.6330735612666664
5913,0.06290235686696488,-0.5845150909215043
5914,0.3954179109495503,-0.5618462493419677
5915,-0.212757329558261,0.027225895593600752
5916,0.4078727698556643,-0.5974564102703039
5917,0.062121528307609995,-0.41179540859211083
5918,-0.06201022337134413,-0.5351801752069323
5919,-0.23742328527548184,-0.4317308989560199
5920,-0.4652251350082758,-0.35608429101666395
5921,-0.1446605184683123,-0.5803000278339855
5922,-0.5685847392521707,-0.40151366425473745
5923,0.6358456759822457,-0.1311181722609829
5924,-0.5935246619468233,-0.01863506432184468
5925,-0.20770890796893932,-0.5524194686501858
5926,-0.16146769850830597,-0.5608275671739857
5927,-0.6649952210541216,-0.43690151570924807
5928,-0.4663037948628717,-0.21641047657023488
5929,0.47939164208571383,-0.5937366066267266
5930,-0.025749576067352245,-0.6202197179522493
5931,0.2886802036026642,-0.510437895614147
5932,-0.4494255825136074,-0.3931161468562711
5933,-0.8592489473646416,-0.24123277223055242
5934,-0.4733793335009618,-0.26299005581834145
5935,-1.0642812615025505,0.1343357964648976
5936,1.0982439899609873,-0.5547084414811132
5937,0.3940713134311714,-0.5127635323928953
5938,-0.1608509389256646,-0.5773322709516413
5939,-0.7097591972344834,-0.14395072920043897
5940,0.12325088614127805,-0.49405800253698434
5941,0.7489411894385861,-0.5972273959048523
5942,0.2664565087321824,-0.505492522219877
5943,-0.004467863694045804,-0.5212831837281208
5944,0.46791444315255104,-0.49357666938389816
5945,0.7944352167383315,-0.3877418538476925
5946,-0.19017450844950715,-0.41983471843151515
5947,0.07660323697899314,-0.5663502963561898
5948,-0.4145705589388245,-0.5153291693457462
5949,-0.14869177305729392,-0.5632761058154854
5950,-0.07249463953035025,-0.611696003705993
5951,-0.9396561801787626,-0.5192758563884976
5952,-0.03680216317513305,-0.39101141325454886
5953,0.06886668874846519,-0.7079803141986023
5954,-0.349180483377772,-0.5972120968506298
5955,-0.05469692765513889,-0.32401973051741473
5956,0.13170424368786907,-0.6113985309868305
5957,-0.33575643373957054,-0.4136189787193044
5958,0.11893177349221355,-0.5287376540674346
5959,-0.49503072648726054,-0.48667150216667354
5960,-0.15677741576201618,-0.5475601893309288
5961,0.23270965246538355,-0.5778245386837632
5962,-0.09580403280692024,-0.34204461055014995
5963,-0.5962739788520506,-0.10205301775923993
5964,-1.0440052762507361,0.10540634718675206
5965,-0.7412017110938373,-0.08723969916020033
5966,0.28210703875961707,0.8090861651445834
5967,0.36063184142661897,-0.4340589097520979
5968,-0.14616699018485327,-0.43259286512864714
5969,-0.5393922868379716,-0.3009259239069167
5970,0.6009489904130422,-0.5315025233241372
5971,-0.2650446945431133,-0.46944540775855015
5972,0.8046662223335582,-0.4836198434494519
5973,0.46731281778429284,-0.3604615251586884
5974,-0.2759916545575051,-0.5815244044639413
5975,0.22696321110087103,-0.5355694950313692
5976,-0.6720470648616976,-0.5576905992385077
5977,-0.7668906605669955,-0.10059269990283011
5978,0.18736424441813856,-0.4691742801502314
5979,0.9870208508712441,-0.43715702879385243
5980,-0.12944572274977506,-0.5895198028464741
5981,0.7769433545828657,-0.5285103043548114
5982,-0.3911892742103494,-0.5565823245491602
5983,0.9971396180985217,-0.23544316925394135
5984,1.2629590114726208,0.2160005267665746
5985,-0.1910463853889165,0.0063123809885886235
5986,-0.5057622710083087,0.010633134816296245
5987,-0.4165719143532065,-0.4805605669685373
5988,1.174489593423797,-0.36039874849950837
5989,-0.13661005446198715,-0.5000880609186954
5990,0.05588691959288183,-0.5323697855922308
5991,1.7950074971500387,1.3541888298351688
5992,0.0610017923126897,0.05017340164573829
5993,0.5606369999837615,-0.09143405237695842
5994,-0.8847251972959336,0.06513920611857078
5995,-0.10214662776693809,-0.26511807650238045
5996,0.07094899541186807,-0.6535961232390165
5997,-0.19881151309467499,-0.5962207428645714
5998,0.017469617251781408,-0.4989208167832202
5999,-0.5310702515015268,-0.4695495538920895
6000,-1.329451453945689,-0.09469325960817052
6001,-1.4575961085982894,-0.04000255820601687
6002,1.9168916238697613,0.3369742919379447
6003,-0.03067467207710478,-0.32967044954804126
6004,0.5727846737074225,-0.6233623893538442
6005,0.07125698603605732,-0.5096637279243034
6006,0.43191845179824684,-0.5075748319138186
6007,-0.6463270280391683,-0.31310399258884103
6008,0.8080778391054229,-0.5964955121788281
6009,0.5468427994801325,-0.6235591557268061
6010,-1.1304916617929002,-0.4502998139508212
6011,0.7211695064872605,-0.49005368665289345
6012,0.33008115474055244,-0.500044161596822
6013,0.48701153773907807,-0.24422718450365527
6014,0.4561253354010823,-0.5677123512875037
6015,1.052047230357389,-0.03673619322970142
6016,-1.1032535377229324,-0.18737030028729212
6017,-0.0504660324110872,-0.5130228748315939
6018,0.22300063659367916,-0.6299646189892047
6019,1.33804151417261,-0.03328640200427717
6020,-0.5149807539009499,-0.3560773714427976
6021,-0.21067597565365043,-0.6527726213657372
6022,-0.00026162763176934035,-0.5076534250535811
6023,-0.02460953703099717,-0.3918123318877069
6024,-0.6787216277425405,-0.4195814377727289
6025,0.5816989638450449,-0.44219624642756483
6026,-0.49509370397193986,-0.4782268892688157
6027,1.1869749035865849,-0.418249052100358
6028,-0.7180173635576625,-0.49781504215519107
6029,-0.6089552085544396,-0.42161094614163136
6030,-0.1808921573940136,-0.4759981452889624
6031,-0.5363905239344914,-0.11356594899056209
6032,0.11353701312817929,-0.43824522551603695
6033,-0.015587991545972785,-0.5725266739158379
6034,-1.159291391234997,-0.27885994047432633
6035,-1.1413273169103164,0.1291335176168495
6036,0.134758760864701,-0.26825792835701595
6037,0.48676178712333873,-0.547450420395689
6038,-0.528249643052948,-0.4731915993349895
6039,0.5030767985155309,-0.449979374396734
6040,0.008277322333867113,-0.5477260699815902
6041,0.047804020156557735,-0.47873859518542744
6042,-0.6117687464265209,-0.4274170513035816
6043,0.7748552969237102,-0.46996609657758326
6044,-0.4017223600254793,-0.5446125047326362
6045,-0.8937739683886493,-0.39311126742965513
6046,0.7671729069409617,-0.5591275277756743
6047,-0.29901751713213004,-0.35162220566804653
6048,0.6536652806335117,-0.37445319271370575
6049,0.826808977859631,0.11953690500837098
6050,-0.26388728210038515,-0.5482684515922456
6051,0.7263884727080998,-0.3825929733526881
6052,-0.3306976456954124,-0.4139027788308287
6053,0.3912365911301494,-0.3537935097275721
6054,-0.42140309720701596,-0.5229144941052398
6055,0.2403834325480428,-0.32739961154057207
6056,0.9658824874531405,-0.3311449150140898
6057,-1.5698282674162873,-0.04561536575654597
6058,-0.5783055222215114,0.006567283624619492
6059,-1.6762535102881124,0.272823260737638
6060,-0.15520047759048147,-0.23242272274796394
6061,-0.3497347160297234,-0.5186327126778316
6062,-0.2285348401740558,-0.5116723652904764
6063,0.5145000354103441,0.362255343060803
6064,-1.0327288308067517,0.35975011243585314
6065,-0.2570711386279915,-0.3915791112575482
6066,0.3075633003752466,-0.41759471419232536
6067,-0.07730057174846414,-0.5180018611089247
6068,-0.41679092485885394,-0.5616921857487823
6069,-0.7874446377797041,-0.42880994698894237
6070,0.1885722700955583,-0.3956952516017952
6071,-0.03268381389327846,-0.22409346037311775
6072,0.2861423859001072,-0.28636919943321315
6073,0.9278237586484545,-0.2322025065467251
6074,0.02231595852187461,-0.5354329797405976
6075,-0.19748658028942456,-0.3130964291406842
6076,-0.22555618250754755,-0.25976133938692253
6077,0.7870894824129941,-0.09887409708556417
6078,-1.6861572549410524,-0.027471632315128062
6079,0.9819697430529408,0.3623648113498876
6080,1.4079739738028552,0.04679222650301667
6081,-0.4530243859455793,-0.10969364203359762
6082,-0.4659750920222001,-0.17056110328889984
6083,0.027296727097136674,-0.1458326043303111
6084,0.48182729702043825,-0.22134777314127468
6085,0.2876563531244149,-0.43850036042269286
6086,0.06307288551063767,-0.4316892027962488
6087,-0.7481408993170967,-0.0799580697362528
6088,-0.5286900708309326,-0.5353798899342002
6089,0.14898546065259458,-0.5191682352129132
6090,0.9438392431576121,-0.33220184932940366
6091,-0.6005904592774365,-0.12778542269519289
6092,1.1010751056466255,-0.4604100512787642
6093,-0.7700687209560846,-0.28869711851760244
6094,0.7608922918382761,-0.39865490511696644
6095,0.028662332020563695,-0.5472105858521742
6096,0.8353283278844063,-0.31988347240774945
6097,-0.890492104766931,-0.3866061575987022
6098,-0.3046296460167941,-0.5014498266892938
6099,-0.6570596554154362,-0.5582486527553054
6100,0.5101442624062604,-0.42365760343342634
6101,-1.1318129926635903,-0.25453548828734257
6102,1.254338212532756,-0.4474902389807976
6103,1.961974415952526,-0.41820781154985587
6104,-0.08556218140272241,-0.5348921092487827
6105,-0.17850931622598626,-0.471513658291119
6106,0.04400019591241649,-0.5887777927370936
6107,0.9737516652303887,0.058909941100814926
6108,-0.7197281032218636,0.12459901487559319
6109,-0.17716253988662423,-0.47714097034694575
6110,1.0511396315677823,-0.545366434626617
6111,1.1369939283377501,0.3304060601994983
6112,1.5454995144945045,0.2445176776419804
6113,-1.060952407448289,-0.11288754033337384
6114,0.5366459122377996,-0.5792092798955893
6115,0.11056558441299008,-0.37258259124281395
6116,0.5340900591646347,-0.21113147129980378
6117,0.27149843271160023,-0.17872987450900335
6118,-0.36235003358277085,-0.3333380811855068
6119,1.3006163051480895,0.3152092918332942
6120,-0.11753053903113168,0.6317404740990392
6121,0.569222873936554,-0.4488518288594306
6122,0.11719175581485894,-0.38431722772732074
6123,-0.04708590364735565,-0.04364750962540475
6124,1.0513895951472405,-0.29861484111034925
6125,-0.09851763976735464,-0.2484542205306354
6126,0.7990192773027285,-0.3495426593426553
6127,-0.660152188773256,0.004469006327258203
6128,-0.8374299553602795,-0.041156571515780734
6129,-0.018706820318978017,-0.22492254970631811
6130,-1.4371284085861045,0.40172103636047274
6131,-1.103760513418827,0.11468974566493514
6132,0.04561704065351473,-0.5229541303761656
6133,0.2884742569383453,-0.5060305558697429
6134,-0.14099365530475538,-0.5281082675082718
6135,-0.5636510099609253,-0.49681331735228457
6136,-0.12069518107817898,-0.25335713107336555
6137,-0.242195560376497,-0.5054808007890521
6138,-0.265599813183817,-0.5907507780507728
6139,0.8496933615299197,-0.4307917787696585
6140,-0.2611599536592064,-0.468412795865487
6141,0.37428760951579665,-0.5389441176011748
6142,0.4963690999954235,-0.41629634437707685
6143,-0.38665153922028145,-0.41246914651890465
6144,-0.5590054268425526,-0.4723137915596641
6145,0.2512238101246036,-0.5118207091186288
6146,0.72223011081743,-0.5213960734896644
6147,-0.3020282155547356,-0.4433183836425556
6148,-0.6195064275287818,-0.2585122022699996
6149,0.19358436434342352,-0.5032556912173102
6150,-0.4566746292645003,-0.27339191379797767
6151,-0.7001132985876298,-0.1338938082392639
6152,-0.3016859961157635,-0.2843405863341581
6153,-0.0912368114544469,-0.40689871721111215
6154,0.6004633517558216,-0.5733116347033419
6155,0.06212578016345962,-0.6247130990602823
6156,-0.3245730921623613,-0.613536178262948
6157,1.0075674114235402,-0.44280199269460735
6158,-0.11919959846240952,-0.47868444810816974
6159,0.4141366568795791,-0.542002646455857
6160,-0.03973293571182706,-0.3864935885043165
6161,-0.026812954899874564,-0.35436721910223606
6162,0.03976311088621647,-0.5275545607575036
6163,0.17872261445532606,-0.3088550274331792
6164,-0.44653875882375904,-0.5394669904885826
6165,-0.20926098995370163,-0.514804489361249
6166,0.17626288033560564,-0.5350186092187865
6167,0.2716524469266501,-0.40656559687614746
6168,-0.15782354298716447,-0.39436099095928084
6169,-0.3064427778775579,-0.35475733369268225
6170,0.16066252289358626,-0.5000564119453874
6171,0.42466460668724193,-0.49046417465361847
6172,0.2974347728631661,-0.4359002584996551
6173,0.11421993435336181,0.5369990021900632
6174,-0.6498823515314699,-0.2637028325478297
6175,-1.1186261356093474,0.345507086059774
6176,2.2005515544882375,0.15343337246585073
6177,1.7696599228887038,0.4593865486738569
6178,0.872826329324441,1.5719115828541195
6179,-0.7440899531328271,0.3378489381492588
6180,1.0311478662871796,0.28202453033623504
6181,-0.048632668479271224,-0.2873371793259992
6182,-0.457463159929741,-0.14794411908889132
6183,-0.4652638504941226,0.11270790618910351
6184,-0.8051390289067735,0.11847062422999606
6185,0.230334702892308,-0.2969454107905293
6186,-1.3967964267737718,0.08561918046651519
6187,0.4776996606924435,-0.3044131794811916
6188,0.7574105637220486,-0.48233809633256064
6189,-0.8615313162187438,-0.2120962868365446
6190,0.2407279137526131,-0.4978138947420039
6191,-1.0413726459121087,-0.3872832680866209
6192,0.177224976752509,-0.4214384972316262
6193,0.7877435076614338,-0.32347829757831337
6194,-0.023746579288499534,-0.5787175602835357
6195,0.4254048220029958,-0.5640923927880133
6196,0.8702419426289127,-0.4460934629044097
6197,-0.29181966751623895,-0.5890286089776912
6198,-0.13360170065230267,-0.48412055264413767
6199,-1.1108935189106643,-0.29438500620813257
6200,-2.1219984057163614,0.06189755974549164
6201,0.9112937634119344,0.3606812593129784
6202,-0.39678810777386087,-0.3729387803691168
6203,-0.5014237263978444,-0.4734388688269093
6204,-0.02337796259152771,-0.45136904440561926
6205,-0.8317659999219088,-0.5452717203981462
6206,-0.8105169440861337,-0.2155519063544721
6207,1.2786879017848471,-0.08963876864200714
6208,0.5384017548144873,-0.5604335862569796
6209,0.42879339123764404,-0.34455803398858326
6210,-0.33396663343688954,-0.40429333614237695
6211,6.850872024589082e-05,-0.46443233438717957
6212,-0.7932411323168396,-0.48279696503471103
6213,-0.4947685162920294,-0.44381213824051324
6214,0.13439370411812132,-0.5757277326575568
6215,-0.04997624814977063,-0.33382796707444373
6216,-0.16853934141929167,-0.45042256014945664
6217,-0.2400725656700044,-0.16265641700074546
6218,1.2227541275652836,-0.37880767685528877
6219,0.9791207628551131,-0.22232711327652593
6220,0.1749821367127271,-0.40483127519050544
6221,-0.18380038665126247,-0.31555471666495916
6222,-0.035274760866725756,-0.531701458959576
6223,0.6654419695637992,-0.2009242497704495
6224,-0.44019329565505594,-0.3989482851560604
6225,-0.5718879099896791,-0.48966281944878554
6226,-0.25996963340807855,-0.5717520671708005
6227,1.0460319466140078,-0.46543856837134123
6228,0.03129315526441349,-0.40064173620104054
6229,-0.06536789520302314,-0.6217559430497958
6230,-0.395603990283773,-0.44869761034010897
6231,0.30254455678466746,-0.5021711203840303
6232,0.139944342419286,-0.5157706854441271
6233,-0.5332234795755904,-0.5252593477250768
6234,-0.16585548229076463,-0.5686742524402821
6235,0.21939087383662628,-0.36502743254290054
6236,-0.5501371936207522,-0.37417810131111334
6237,0.19090765225877576,-0.40918776881491425
6238,-0.18857309257634672,-0.4619544320460959
6239,-0.10786122980345672,-0.3567559643126722
6240,-0.05010295915624546,-0.441931897774869
6241,0.42919111547029487,-0.5077328253248311
6242,-0.3285949400557639,-0.564231516386199
6243,-0.07184818458253127,-0.6023774650113964
6244,-0.10405459098852138,-0.27978459179015086
6245,-0.04776352588282993,-0.5402555950715525
6246,0.2639723912375995,-0.5213383210643061
6247,0.32697533253495403,-0.4116373277436673
6248,0.40883561720991246,-0.36324103014453146
6249,-0.16249894094456033,-0.5025759854188977
6250,-0.3091928759609639,-0.4982657169866373
6251,-0.09055050025450051,-0.5450230868639951
6252,0.03329882361314985,-0.5899299592112037
6253,0.7261368995868817,-0.413152179961441
6254,0.39589212235282,-0.3673587688055771
6255,0.43066524649206095,-0.4511606309354473
6256,-1.066517105916542,-0.40848638613561283
6257,0.08309488556281709,-0.5440197679692462
6258,-0.3957862115029829,-0.519693922603151
6259,0.08504894086680595,-0.45070598726349476
6260,-0.9938441658964503,-0.21103227959363235
6261,-0.6986903946696038,-0.21323522534911954
6262,-0.4275834322963521,-0.14472292040408305
6263,0.3446021620483031,-0.34316989045070034
6264,-1.1935641197862907,0.4399916379159511
6265,-0.15465116346464639,0.4596147639444522
6266,-0.002880022811495528,-0.48478053901738943
6267,-0.41910834630683774,-0.4685999177826669
6268,0.12760289403993502,-0.49055790818219847
6269,0.5241054534942273,-0.4262914487062926
6270,-0.8798566031157238,-0.38842211129450327
6271,-0.9933545507214072,0.9822434338013538
6272,0.41116603577410293,-0.20933198850748597
6273,0.433145640965528,-0.2507360140587642
6274,1.3420642369324844,0.18258288624470734
6275,0.09935943129736073,-0.2881582376607674
6276,1.0157632829001315,0.16284347133395233
6277,0.1977567085883471,-0.14726089548257007
6278,-0.4466304632931945,-0.1439416771547534
6279,-0.37576358312963576,-0.2758772943387535
6280,-0.42958368223658594,-0.3240379793362094
6281,0.5862821746918567,-0.5373719379641431
6282,0.4147415887193362,-0.578078440396731
6283,-0.5877668785775332,-0.3200287840914718
6284,-0.9732918619139191,-0.42233382034901085
6285,-0.35068780510589265,-0.06588685475032452
6286,0.1374943866744146,-0.5166935183478653
6287,0.10067000941326225,-0.4899219310084077
6288,0.44195195814678345,-0.6408712695249278
6289,-0.31247559920775064,-0.42210550459174045
6290,-0.7783881659687837,-0.5011363428315361
6291,-0.309731799133216,-0.5576859593842534
6292,-0.007475917852231383,-0.5421347999061332
6293,0.5743641047159362,-0.5767826671195538
6294,-0.8130526637585079,-0.4675311424862204
6295,-0.9605230500105211,-0.16734137072189403
6296,-0.121414236765211,0.764696897389148
6297,0.06031274818414748,-0.5283367121420526
6298,-0.5687567934329648,-0.2714992091061765
6299,0.3380560464852705,-0.3233871246211887
6300,-0.10199240954152541,-0.47897202802320515
6301,0.9359578355423426,-0.228247158648014
6302,0.22143833908109145,-0.5114540715406789
6303,-0.3527552319082404,-0.483794093093913
6304,-0.6479347846151826,-0.5198262694411435
6305,0.42661819532825374,-0.536683717184987
6306,-0.5394701198859859,-0.39854701988569285
6307,-0.3466252215224473,-0.38860110432985634
6308,-0.17364970812576896,-0.3763164487029935
6309,0.47511380292284483,-0.6181656017997075
6310,-0.4846774691973092,-0.24982543084556671
6311,0.16818562584704624,-0.47726455633084014
6312,0.3710085103666628,-0.33004585533698383
6313,0.433279290352052,-0.45944498058174327
6314,0.19087759062894227,-0.48681424073630425
6315,0.4681371739808474,-0.45323419347673893
6316,-0.43331341624270125,-0.35942036139964395
6317,-0.3942406447259358,-0.5606945575794006
6318,-0.2529392489361396,-0.5296857538098725
6319,0.9719401826117309,-0.506887881814634
6320,-0.5378732798132089,-0.4945290332559079
6321,1.0144589471484473,-0.11435471980418999
6322,-0.8468937450033884,-0.5390750501021684
6323,0.05087512758640298,-0.5975581169466732
6324,-0.23886734690948427,-0.6354663982342956
6325,0.29094804914546957,-0.5569937654609554
6326,0.22453275743583492,-0.5057947198735594
6327,0.3941897581277813,-0.4278514059704714
6328,0.009952995211126725,-0.6186656522063431
6329,0.28809849598401316,-0.5217988377601953
6330,0.061163557286813615,-0.49857766397628495
6331,-0.5587031609661604,-0.37746647588327503
6332,-0.6369005580785582,-0.4088263486145968
6333,-0.6957433552521637,-0.3781377879897084
6334,-0.07970550905653515,0.19700279095969125
6335,0.03146653186942221,-0.34122520773570325
6336,0.49306302959679194,-0.19317235858485574
6337,-1.3694438343909894,-0.3244248706331337
6338,0.16598435151702493,-0.3794860432121946
6339,0.5156292028756468,-0.31832658500318056
6340,0.5555351361375849,-0.314537224968199
6341,-0.6690903312748487,-0.4330751172909571
6342,0.03750218955959975,-0.4294150275308268
6343,0.3420318535844023,-0.47799335539725185
6344,0.1306522086541223,-0.41409616317981535
6345,-0.2733742701008256,-0.5163635029826217
6346,0.20336705966926885,-0.5255192458523325
6347,0.5324511981591085,-0.39064561989930324
6348,-0.09987666403559026,-0.2823712513456041
6349,0.3955240366729237,-0.6097550684695017
6350,0.08756743438657345,-0.44016255222991335
6351,-0.3021637157069682,-0.4451373593241842
6352,-0.8970197750805182,-0.4729730259603138
6353,-0.4076047846583504,0.009213345205145442
6354,0.09135951280273358,-0.4867926510595555
6355,-0.26197812806086973,-0.4361231369975163
6356,0.562694661088033,-0.49033017487380315
6357,-0.061255699691854786,-0.4960837353792222
6358,0.1794960721351009,-0.5805039234324565
6359,1.1973907070796708,-0.14216566414148255
6360,1.1258750330572085,0.07986964569311845
6361,0.07875308171215498,-0.07139490636479393
6362,0.39559887615374156,0.12647383535392467
6363,0.5325013487760024,-0.08713776639565958
6364,-0.23605822981427388,-0.5216271069819618
6365,-1.271788034737445,-0.020173199676118837
6366,-2.981298286004347,1.59975926350206
6367,-0.7030729589583208,0.5479551367277076
6368,-0.3930673988983982,1.1296838908391926
6369,1.2701515363999571,0.8553846251272972
6370,0.29898634917391775,0.20166661630989297
6371,-0.9825780549083637,-0.30123682086975123
6372,1.685868521833141,-0.12158567400186256
6373,-0.37920662149892087,-0.6177705802211004
6374,-0.7712334317742735,-0.5374698564113739
6375,-0.978718925925181,-0.41069960151194734
6376,-1.9450506396657488,1.3024977733798064
6377,-0.9416849921419267,0.5625574880424489
6378,-1.2364751144569517,0.5429516073975327
6379,0.6488072727690775,0.13595659252733314
6380,0.1520680383341781,-0.20183980099417528
6381,-0.45747698048050567,-0.34542862135390345
6382,-0.27388980184948325,-0.36496734599195724
6383,-2.040988473458712,0.9059601676236292
6384,1.8853019196398024,0.30626708962096455
6385,-0.9434819830731451,0.09222096777179832
6386,-0.09784916518918604,-0.3736158560410705
6387,-1.9159131626012884,0.5384955159324666
6388,-2.121008634997355,9.520453483679672
6389,0.03759192508610656,1.4087230082571294
6390,-1.0198687191049174,0.5518900126469178
6391,-1.633253978113032,2.3152809412041155
6392,-1.4495785851325198,7.123193159503325
6393,-3.8412959887981613,4.085692585279978
6394,-1.4437183066457964,4.664603193294766
6395,0.5925738031700146,3.6533608651851424
6396,1.877538660559966,1.338290028696425
6397,2.550530526180493,2.3371941943809857
6398,-0.2524019046949848,0.5748706890796871
6399,-2.1658351537768343,1.0323545575043986
6400,0.8201247034259443,0.17336196094129297
6401,1.030919753014492,0.10603589470521528
6402,0.1654334207092934,0.37031274774584955
6403,0.5167743447611615,0.14236937611034695
6404,0.47231287923798904,0.3427578095693668
6405,-1.0661034603772768,0.1622330107980708
6406,-0.2940458202557926,0.30962078503125506
6407,-0.5741904243226118,-0.1989853657242226
6408,0.5667527990905431,0.5901092478238983
6409,0.9962374830955477,-0.1921289333538604
6410,0.5501379180109026,-0.40480821364002906
6411,-0.23087512550158126,-0.23073641200161718
6412,-0.14935515155565213,-0.3311696885184909
6413,0.290130526251894,-0.2786523896129837
6414,-0.04752364897543753,-0.502107452648942
6415,-0.15514179075627715,-0.22789156738321478
6416,-0.5975989843379723,-0.44118656951319307
6417,1.0777010751571514,-0.21861167753744423
6418,1.207803404430715,-0.08699290549064306
6419,-0.26701866709560645,-0.22375551629720683
6420,0.9534169561490728,0.12446276546494306
6421,0.7856398293713146,0.11389137410278087
6422,0.39585360243755285,-0.3028585689940043
6423,-0.13207971310610223,-0.438670039819573
6424,-0.055877641989861525,-0.10454087343667154
6425,0.7616498529751871,-0.22077007364040535
6426,-0.039694189063378384,-0.4069007341383683
6427,0.1640770782903083,-0.32442524420677554
6428,-0.9105470917931738,-0.05415444988541377
6429,0.9171996371777724,-0.4930762653211177
6430,-0.029987698519006643,-0.3942248113487588
6431,0.9030262669040012,0.17648910965246248
6432,-0.670267077256417,-0.23262383863474373
6433,-0.18083433395092768,-0.37706673622873094
6434,0.40570830881536657,-0.47587335543194403
6435,0.35786134851763224,-0.36404493216773837
6436,0.4393083250066738,-0.07509272552531866
6437,-0.8240555806846153,-0.3242685287292214
6438,-0.11131360791539628,-0.4892708153805783
6439,0.6668026207970009,-0.25315628560803477
6440,0.08327465200270329,-0.5551142282717245
6441,0.2271564662060024,-0.3017909630119076
6442,-0.085408013026919,-0.5606439225037021
6443,0.6385510198247917,-0.24897981094364988
6444,-0.0680706085964967,0.16083053901036212
6445,0.2477040517527611,-0.3200425091151161
6446,-0.41168590722318543,-0.23331325961911228
6447,0.9677545620369168,-0.10154097534338768
6448,-0.05975534082929941,-0.44768865770905436
6449,-0.3559365225796888,-0.1285911039433558
6450,0.2821418935144757,-0.5146679626265935
6451,0.5207057723958209,-0.4350600190050859
6452,0.38568899443460447,-0.06278565635828372
6453,0.15983404098262569,-0.27342939976568004
6454,0.09409176258157453,-0.1684661597764714
6455,0.46834409937381527,0.35204788763311706
6456,-0.11969800569129317,-0.18797787816586833
6457,-0.29674080675798487,3.40788884512317
6458,0.10853638735201654,-0.15250477206885202
6459,1.288915287391935,0.3895363398094213
6460,-0.2339393115816571,-0.1633407234811346
6461,1.3361481452987318,0.5211707152911818
6462,-0.895322849108808,0.20159654163038973
6463,0.8295652578675694,0.24316723024989095
6464,0.6024148429314226,0.012873313480075746
6465,0.6125007468766676,0.06589636592293996
6466,0.08114325216722212,0.7001851555934638
6467,1.0901573988212008,-0.10236889920426956
6468,-1.5510658612792532,0.3006858641508655
6469,-0.6755719757702789,0.42530531656716025
6470,1.2530097387988355,-0.40296519059179914
6471,-0.2206328784580402,-0.48925031348774345
6472,0.08132711024623117,-0.24235062968901275
6473,-0.670797580147245,-0.18906408758701618
6474,-0.6034099207199571,-0.2187170260956755
6475,-0.7692769457764048,0.31709954737571616
6476,-0.25439037234335016,-0.06440984906918201
6477,-0.014343742539220964,-0.4402523753326082
6478,1.2555513442185846,-0.32580196399062855
6479,-0.9584362893555713,-0.18954723873330306
6480,-0.8083920425068202,-0.5075616685185856
6481,0.3825402661559899,-0.43897544646763226
6482,-0.43572526530890293,-0.46567699161512127
6483,0.40791059296816484,-0.458524575062226
6484,-0.9703495409759219,-0.37594075148345857
6485,0.23406151214052962,-0.37457853835012
6486,-0.27900424491737896,-0.5137797563776145
6487,0.5680242515191856,-0.4915071398965399
6488,0.09229858558077998,-0.5758705808976533
6489,0.6321620902832571,-0.4758544560082873
6490,-0.6111755250014852,-0.577814995155026
6491,-0.5303470349210527,-0.5159527869630135
6492,-0.04425999593320002,-0.5066199595601432
6493,0.7696112274794368,-0.4880460992780735
6494,-0.29910355783041004,-0.4644917537654694
6495,-0.8143443121727088,-0.44572201423439606
6496,0.29266951446365236,-0.47789094261382425
6497,-0.2605474170528534,-0.5167770029167496
6498,0.5350436877151605,-0.5164160417306543
6499,-1.1354420921779507,-0.10809022060364738
6500,0.6119366033306396,-0.49984356816200043
6501,-0.03276737520301953,-0.45371387760691095
6502,-0.32347928751174104,-0.5236911222034358
6503,-0.8685483207106071,-0.5239537290373826
6504,0.3671827808605157,0.03102850153163971
6505,0.8892648369134727,-0.3583962820165834
6506,1.0218405318127803,-0.35959924376921404
6507,-0.11486802120415848,-0.34984086687171223
6508,-0.6855569425621485,-0.5312887596869157
6509,0.016145857405357684,-0.5521798701263593
6510,0.20788318156286703,-0.6077748229757269
6511,-0.11539406287355716,-0.5988625243437513
6512,0.45251184303936315,-0.47655477637413657
6513,0.14539792800301826,-0.4537518844697777
6514,0.4803715163224207,-0.5088948557991972
6515,0.835788882049483,-0.5111789900158872
6516,-0.01334808162287652,-0.5554273788577548
6517,0.35191524265920204,-0.368952024011828
6518,0.22741087023417528,-0.5700425873436412
6519,-0.7546429753033196,-0.28329209424234664
6520,-0.017099071523136264,-0.6144057117341898
6521,0.2890895647513883,-0.5511169461808807
6522,0.16383047292483674,-0.41194184902993053
6523,0.26998480149022097,-0.4117135864045207
6524,0.15735617287616693,-0.5978333373522057
6525,0.5294450188908193,-0.46531242913495224
6526,0.03390866874163132,-0.5983103988499441
6527,-0.30386413771996135,-0.5776684398592705
6528,-0.25240397603541465,-0.5531648473465408
6529,0.6040381816431285,-0.5603318686717008
6530,1.6670607477714403,0.1197570017397229
6531,-1.1035141714065915,-0.366314559775312
6532,0.2902777749458904,-0.3933653100079362
6533,0.04950123547068113,-0.4618812942847224
6534,-0.25277336626415575,-0.46934383722648004
6535,-0.2676444952101935,-0.4517811756959306
6536,0.22631090653455627,-0.61631534700505
6537,-0.3890084256666657,-0.5561369533156227
6538,-0.33668026891490543,-0.15600697028237864
6539,0.36050216046468964,-0.5559765621053361
6540,0.09969045195264598,-0.49328051283541624
6541,-0.7092768181449627,-0.3601893531312057
6542,0.15913351598754133,-0.5804511091142773
6543,0.5780005596074232,-0.5353518143002483
6544,0.6825674433484008,-0.38310692044423095
6545,-0.4125600380628186,-0.627890009198402
6546,0.40101384410951146,-0.4722027429153934
6547,-0.022514235443497843,-0.5967126259468094
6548,0.3268175801395656,-0.4922007775327885
6549,-0.2578498048092505,-0.23805999524562793
6550,-0.15318752027793608,-0.4042814069061874
6551,0.3932351875790563,-0.37609242786148417
6552,0.18352806726699744,-0.553297470973497
6553,0.8884206085964257,0.05274315197871788
6554,-0.5518357718225745,-0.5831406203121525
6555,0.15676152828667791,-0.31370515652615727
6556,0.08404386308753829,-0.32494101979920703
6557,0.5089200930251474,-0.4400985754622911
6558,-0.3086576682775516,-0.3313987176203662
6559,-0.12275523169236698,-0.5948145573566138
6560,-0.3894063592244872,-0.41274090388366136
6561,0.38714325441006436,-0.34033205754792945
6562,-0.3719723873227284,-0.6269552139861215
6563,-0.28554763040324826,-0.4729828256608984
6564,0.2179580089802459,-0.17495980099030328
6565,-0.36821177076448713,-0.5211297991261389
6566,0.47741905753441555,-0.5451033915822057
6567,0.27985136321169995,-0.4943664629540871
6568,-0.6116862711766491,-0.5485566822154943
6569,-0.26474600660242364,-0.3269774605841176
6570,-0.538407103324315,-0.5301330590008588
6571,0.5930548610836872,-0.5310785131459413
6572,0.0015207147128702275,-0.5816047946319244
6573,-0.453634126764163,-0.6050001153024887
6574,-0.4420071224917599,-0.5766733918536799
6575,0.922962064252338,-0.2979695444043452
6576,0.4267281500216771,-0.3909699030394185
6577,-0.7128159155558058,-0.35993421483576055
6578,0.07663845356682053,-0.6086586065612591
6579,0.488682944362715,-0.4426870820588378
6580,0.4661100354161113,-0.396552682593836
6581,-0.5367805829026756,-0.5086600849377624
6582,0.020138896227690488,-0.5019910313966872
6583,0.5039725722694334,-0.6354096180174966
6584,0.09273352910248185,-0.4998556534856609
6585,-0.40397405596996133,-0.4173983646190465
6586,0.30371321398149037,-0.5161575104635339
6587,0.07914772584330704,-0.46303562184565006
6588,0.11865864731052361,-0.6572180081124479
6589,0.24425202771991167,-0.6513707439814942
6590,-0.24322256195139497,-0.5564590404141139
6591,-0.24535769861453008,-0.6422939609416259
6592,0.20999558062337575,-0.6613184432789778
6593,0.2845362110502635,-0.5025126658642747
6594,-0.26594662647307077,-0.3198114605334673
6595,-0.7190726743999571,-0.42944686765901235
6596,-0.05905343671522147,-0.6275149812699903
6597,-0.31617169644868826,-0.46779197535676775
6598,-0.02743887884658997,-0.5562155452755861
6599,-0.7785178226207897,-0.49082464504416234
6600,0.09396855326800127,-0.45064261235048975
6601,-0.12323624567680509,-0.3874204028242683
6602,-0.007774493856145067,-0.6291015085739864
6603,0.09074632907414805,-0.5243590908783063
6604,-0.15432760348111318,-0.5361449168371607
6605,0.6659645447196991,-0.4313926198944374
6606,0.306920279719504,-0.5816805246718653
6607,-0.7480663331757655,-0.34317873496765894
6608,-0.027574364978467637,-0.5366978710338122
6609,0.3551368785500606,-0.580184349844124
6610,-0.46944186544844296,-0.48425729347369634
6611,-0.1423393311525759,-0.54297551470671
6612,-0.046710357541577006,-0.41347744000177467
6613,0.3651134534693141,-0.5863556058681031
6614,-0.12743332541314126,-0.5849329021514555
6615,-0.032610627096254646,-0.6301352517148886
6616,0.21577331300776958,-0.6645092489890375
6617,0.507753197669801,-0.487449557505437
6618,0.17900452312747422,-0.5691672976804065
6619,-0.5106938331904669,-0.6234627672381493
6620,0.5107214172868404,-0.5836778303564745
6621,-0.39553461793107264,-0.5673547358003045
6622,-0.2505270027883271,-0.5269471875911855
6623,0.7176252595909703,-0.5208538885742616
6624,0.1105539566001708,-0.5153475650953071
6625,-0.135215373864623,-0.5541726026109314
6626,-0.42954601486502475,-0.3499192503521845
6627,0.321614749876187,-0.5676365675232532
6628,-0.3214443701774255,-0.5648674443697559
6629,-0.27125115175096115,-0.5822954467573728
6630,-0.10166587633403124,-0.3554723451153392
6631,0.1838095480654192,-0.5023386110889262
6632,-0.15699229093399525,-0.2261087021054756
6633,0.008180908972348161,-0.40307591012258903
6634,-0.14406866538186866,-0.5224071848708619
6635,-0.5575537806459139,-0.12213255268186402
6636,-0.7863538019293853,0.5206144150672899
6637,0.10196179782512513,-0.36485120307812796
6638,-0.021096859291012286,-0.5384190958689115
6639,-0.5112976484653627,-0.5138430849045164
6640,0.20205168850980237,-0.6347958893791051
6641,1.2559858411605196,-0.30113109678828415
6642,-0.07967229430904509,-0.3661136742007656
6643,0.39181275564872065,-0.31549097021774775
6644,0.5844996376425158,-0.23304764312386075
6645,0.2793967286928877,-0.47185215976901673
6646,0.3782835376470051,-0.4884810945586308
6647,0.5058783226624072,-0.44198628767823944
6648,-0.5516910385293616,-0.306782262861181
6649,-0.2844917294927235,-0.3013556957762883
6650,0.5993983676142431,-0.4425697214506913
6651,-0.1105654945108588,-0.47965613369623383
6652,0.2584395827248142,-0.5994688178977303
6653,1.034894555687,-0.17789525489031424
6654,-1.3756900365971418,0.2966426139841866
6655,0.38846467021882575,-0.18673406829345268
6656,0.05217168780205143,-0.3720547286128101
6657,0.20192309418916904,-0.4715031963594435
6658,0.2776538013986778,-0.3142299487564281
6659,0.769273144535204,-0.1952641389107835
6660,-0.1830132447842313,-0.5290730535468419
6661,0.04612382973529392,-0.4765465217414928
6662,-0.23367661571027976,-0.48169673514630834
6663,0.8284370576105076,-0.10757372279890462
6664,-0.13468172920118374,0.06221985849193838
6665,0.2723854876650938,-0.48832845237881645
6666,0.1304842709502516,-0.5336160449043166
6667,-0.04130379568743792,-0.4904781214864401
6668,0.22795802047495542,-0.5506764083098261
6669,-0.21693333408437565,-0.3897360152027322
6670,-0.6329948524891622,-0.506886381289944
6671,0.6942067885965594,-0.0910251090282832
6672,0.01895139842680762,-0.5989665626241956
6673,0.10777597693956092,-0.5053889833948118
6674,0.09532066727536988,-0.454591328170934
6675,0.15141392577052015,-0.5017068667107255
6676,-0.04095284481022738,-0.5057234131024932
6677,-0.4273072152022678,-0.45713331839759735
6678,0.48131357640800837,-0.6212568623675253
6679,0.003854965024810064,-0.49966179045787074
6680,-0.09546765684348693,-0.5365251128029304
6681,-0.0906592586122639,-0.556577316202229
6682,-0.5344299890746067,-0.4388763040581784
6683,0.4154709302419672,-0.41417093165192687
6684,0.18423775313298044,-0.647140294878355
6685,-0.07686578895668303,-0.35309873727149604
6686,0.04664687249588271,-0.46536376295521
6687,-1.4601288640511012,-0.24166120979883088
6688,-0.016377864622654247,-0.42740763800818937
6689,-0.3286457877006588,-0.34243007789366525
6690,-0.5271440669662701,-0.49454422546736115
6691,-0.33330779789312376,-0.5106968174549781
6692,0.012288374480031453,-0.559213747296511
6693,0.022612438709956655,-0.40970025561731005
6694,0.15059291627052726,-0.5060896410551448
6695,-0.22701370692515566,-0.5027551983972297
6696,0.16918111106555206,-0.2482785299495095
6697,0.015454295729842324,-0.43754952518826745
6698,-0.17462140438086698,-0.4718379524617861
6699,-0.5595893891138317,-0.32412465250310624
6700,0.26644172191342347,-0.2656240200591155
6701,-0.5385669301517834,-0.38092823324430025
6702,-0.35488782622400256,-0.5442923850720063
6703,0.6667252579896481,-0.5320070912230233
6704,-0.13330676684282056,-0.5893889523624017
6705,-0.6194109584638112,-0.3069886351975979
6706,0.05989819876151758,-0.6207084077507579
6707,-0.5433747583938915,-0.10471937064304213
6708,0.11310064200610075,-0.4482782130044041
6709,0.38020753966768545,-0.3928934940596333
6710,0.5111547601362683,-0.5635537221648897
6711,-0.07533958875172303,-0.23230943576193086
6712,-0.37469415279269835,-0.45703167767481073
6713,-0.3185220744373103,-0.5061626894818253
6714,-0.4007966232707898,-0.4675682911558756
6715,-0.12155763567907525,-0.4884592250621154
6716,-0.05798610699408281,-0.5671718922249507
6717,-0.28352895273826606,-0.5143289636724864
6718,-0.09444762690582689,-0.5435382192098271
6719,0.004583947049684876,-0.33593866952434337
6720,0.5139058573161177,-0.4643159499936218
6721,0.32946328844474937,-0.4207988914017443
6722,0.5745074464703622,-0.5556470793787481
6723,-0.5253099481434971,-0.5975852198129187
6724,-0.26805958496749915,-0.5238510680027566
6725,0.36764043648553035,-0.5815581605398952
6726,-0.13287752887247217,-0.30999678646542134
6727,0.06878117677166072,-0.4368627516019511
6728,-0.346738134602261,-0.5773945692286341
6729,0.8084012563252202,-0.4887114667981813
6730,0.7476404505221006,-0.3781004283003874
6731,0.03529350405299616,-0.6147433901748197
6732,0.7810796964073744,-0.4352797276602665
6733,1.700407235285429,0.384963441218962
6734,-0.08421844042596982,0.5779698408876667
6735,1.8890546627134353,0.63239714956227
6736,-0.0606051915251597,1.1429893988240312
6737,0.3174943854849502,0.5467289569770002
6738,-0.18630243205135094,-0.048539721872389155
6739,0.7270838080717353,-0.06898820634574336
6740,0.1934078288318813,-0.1463933384698444
6741,0.8754813790547931,0.01010971577739937
6742,-0.2432563045655376,-0.302767658130544
6743,-0.8757289926029471,-0.21476897498878375
6744,-0.07205058631657402,-0.17262090864853974
6745,1.1681269092622932,-0.23584871577976826
6746,-0.35234764681907244,-0.4436960656741535
6747,-0.6055491495670898,-0.23377955373080353
6748,-0.562633688087592,-0.2416672223793499
6749,-0.5225636103267441,0.8061364798832303
6750,-1.2038067232094276,0.4573019352063885
6751,1.3527186723389966,0.030158844608078463
6752,0.4193760946667778,-0.3695913164238502
6753,0.8094104070767354,-0.07300334880467246
6754,-0.6932056026796102,-0.16881132654635791
6755,1.119828604013263,0.1786505142738615
6756,0.22770834835376141,-0.3243838098765769
6757,-0.7244828831772208,0.011046595439804466
6758,-0.19431573578344127,-0.4217553825704987
6759,0.8672127449500215,-0.4232074205831972
6760,0.7130011906694339,0.21967863713495897
6761,0.21323542176244864,-0.24867217324363833
6762,-1.0306116521536122,-0.003969665228809039
6763,2.037988779844832,0.24069331201465533
6764,0.10893654915573653,-0.08694815788262313
6765,-0.28147221450294535,-0.1308745700022788
6766,0.03053233269787791,-0.4364966395373079
6767,0.39694676997362144,-0.028011081008188683
6768,0.1206706919495994,-0.4476194312699028
6769,-0.42509781435056854,-0.4818988242504333
6770,0.3913194605461108,-0.40315531758291817
6771,0.09611744041929146,-0.1943031577304114
6772,0.39554180084116797,-0.4501554321724906
6773,-0.9796252757215754,-0.4222910287968081
6774,0.3174913968520774,-0.4858472853206862
6775,-0.08559516487891093,-0.3524791587263611
6776,0.9200737996518533,-0.5480414912489479
6777,-0.060102110653819894,-0.5145636958176538
6778,0.1534758894969292,-0.40316811954166426
6779,2.05126780983104,1.1307865680878773
6780,3.879902667799371,2.4704001952527386
6781,-1.8555912800642786,1.5071283599551826
6782,0.48303954249265657,0.14207601165724537
6783,0.06847444745384636,0.8363536895312582
6784,1.0431188394759767,0.030613062891721155
6785,-0.12918176336343937,1.5726247161087477
6786,0.01665738036069888,0.06129992013040494
6787,-1.0044749950771834,0.3057700954777181
6788,0.13966815006383307,0.020805148709313732
6789,1.1016222935739348,0.8651499744572102
6790,-0.11600181656017353,-0.25290705725127194
6791,-0.46416686291890114,0.366558271069897
6792,1.2606175051724453,0.9744659623052447
6793,-0.7211997281508602,0.3502997115972812
6794,-0.3631944903984057,0.07643881958633669
6795,-0.5587722874831285,0.06758472538154409
6796,0.40806002978041517,-0.22966437753826
6797,0.19198738865166767,0.030726925619692674
6798,-0.283744389962939,-0.2794357073506894
6799,-0.8293189531393599,0.2517393435346659
6800,0.03576048567504838,-0.267550317070446
6801,-0.08775637298994196,-0.4467797319769359
6802,0.05056130391325242,-0.5888393902882235
6803,-1.0390383150392488,-0.15288190032666477
6804,0.06550553745847519,-0.4573235705934504
6805,-0.19982816278958704,-0.443770408253784
6806,0.2018269653206384,-0.5332614509837017
6807,-0.5292221736535251,-0.4062971265332992
6808,-0.15467561598102336,-0.4144088414737828
6809,0.38519043077818255,-0.3948224443295979
6810,0.08096808966386351,-0.4122327395065018
6811,-0.08515303025808887,-0.5036572758920635
6812,-0.7934960558837569,0.18492076573754448
6813,-0.1519971053579222,-0.23883830554110877
6814,-0.3188956928098601,-0.17937880742860118
6815,-0.8521692628391698,-0.1594574146490771
6816,0.9678830721110807,-0.39014913957448716
6817,0.6373672627776962,-0.39132768915886357
6818,-0.1809471561835707,-0.5012915019511142
6819,-0.5371834140651877,-0.4748090793287326
6820,0.5399897714506767,-0.4457821321019619
6821,-1.173207310218805,-0.303952280460136
6822,0.23813042692787287,-0.31659375443563176
6823,-0.05973996063898316,-0.420515817358452
6824,-0.5392972642836144,-0.4661605648914285
6825,0.24263786277399552,-0.2884699825090994
6826,-0.7539505721849358,-0.0976772162055332
6827,0.3809773248859605,0.37299128059475484
6828,0.4304679118366685,-0.08360797106565779
6829,0.2928812442482734,-0.2586138629857139
6830,0.7868202213090427,-0.41035139956350813
6831,-0.12788805380699206,-0.4109534202441346
6832,-0.37411755590147605,-0.5082337120033615
6833,-0.9493192945173143,0.07959132551900665
6834,0.4493130453140248,-0.3120223868320347
6835,0.2873707038960884,-0.1687769787547135
6836,1.809028289244088,1.5392800216789426
6837,0.9937579318482327,1.6978406117226479
6838,-0.5193374273016043,0.8618978901622161
6839,-0.45646786227652386,0.2335108672831913
6840,0.42340578032209364,0.06659684889812566
6841,0.8094986674412538,-0.007323794610623585
6842,0.5076106647923081,0.5386256707375231
6843,0.2081792051112392,-0.04614909145091854
6844,-0.8256070432008626,0.5957914449873756
6845,-2.9318234402521597,2.30440059627097
6846,1.135231872195557,1.1173502311429726
6847,-0.6711751539723623,0.1692434047909739
6848,-1.038606093439464,0.09792300048962072
6849,-1.1899727012072912,0.47642350573048525
6850,0.15319776679778574,0.219352881342308
6851,1.7534730193095462,0.5341058421735737
6852,-0.23819943307577435,-0.25362577576985695
6853,-1.1816035811936623,1.0919717999092755
6854,1.0143406831536208,-0.21648643587663902
6855,0.6997302204919892,-0.2280920077306167
6856,-0.3759608581360987,-0.12090309663601037
6857,-0.42788452663944115,-0.36699587334997263
6858,-0.4909313806397244,-0.33034601365709376
6859,1.0041296754963613,-0.049355484914127945
6860,-0.4351837592760705,-0.3682443586538996
6861,-0.09428385554617434,-0.5091831753102607
6862,-0.1651700932351611,-0.5069760848253468
6863,-0.23049777697934376,-0.4703214831687246
6864,0.7109219800093485,-0.5519396201281056
6865,0.7108831951245365,-0.5752102915105007
6866,1.4433081443200202,0.09370087488308772
6867,0.6191432632980515,-0.07378493053348548
6868,1.313682223479483,0.09258247240859209
6869,-0.16038647431726258,1.4889555471630345
6870,-1.2583680774375534,0.2094419499787696
6871,-0.7656976959113383,0.12436539990216273
6872,0.6807581168384856,-0.4562157048681868
6873,0.48463930447557035,-0.46809378474912333
6874,0.9832157533795254,-0.33488325207254444
6875,-0.5213792148191216,-0.06801782376077085
6876,0.21587545031673147,0.30757972749536916
6877,-0.15623759551188932,-0.3968059147468888
6878,-0.1297372008125709,-0.34529646902058725
6879,1.1625393867348677,0.6164398280839171
6880,0.23686438130614257,-0.21653280186117313
6881,-0.9665029445852373,-0.06834518906234062
6882,0.08847145997387806,-0.0777478267296955
6883,-0.10990287007831664,-0.25727942328525893
6884,0.5475398058330865,-0.42031544503032464
6885,0.9201252188899729,0.052591244763407465
6886,0.2962733366359964,-0.3987233082070736
6887,-0.6960204591383585,-0.3005800579682243
6888,-0.6268646126862087,0.8157476789370166
6889,-0.12582862194652272,-0.32802243495352695
6890,-0.3728066417755067,-0.4917096922930893
6891,-0.25177815475603854,-0.002481887181164613
6892,-0.4723261692277182,-0.41006262296242635
6893,-0.15078889314615404,-0.21073135362468162
6894,-0.253239076525224,-0.44027407808320007
6895,0.7553802984184211,-0.33135016709283627
6896,-0.4990088341382598,-0.5676114223867582
6897,-0.06452713570548244,-0.48532237455621724
6898,0.19287800109698439,-0.5267532311265479
6899,0.8615622866404611,-0.4035681418258502
6900,0.121861742099726,-0.37821715817460394
6901,-0.3272395251000404,-0.14878339094400922
6902,0.2780159606560918,-0.4962845026142266
6903,-0.7167359849625846,-0.3195255315925515
6904,0.18318457460849424,-0.5806796279051649
6905,-0.1286066353926243,-0.4289673430283157
6906,0.007152238983899521,-0.4852441725526091
6907,-0.36383468050762124,-0.28667398956087553
6908,0.5908798202415615,-0.5600329459937139
6909,-0.5079837672532784,-0.4622590139318232
6910,0.023440278698165173,-0.6127161893339425
6911,0.5591883784473789,-0.4304962532955539
6912,-0.08321061996911885,-0.31548971363091804
6913,-0.05017171837786783,-0.28691956540872204
6914,0.5418753663241485,-0.4585600370133797
6915,0.4173764833814829,-0.019887359795082927
6916,-0.27276871431620286,-0.30337752010416535
6917,-0.025002565012635168,-0.07896216478026781
6918,-0.1272601822915015,-0.08053980214800341
6919,0.5649759200050817,-0.3479046506614444
6920,-0.4218769960909601,-0.13337859919333972
6921,0.2070249494551507,-0.2624971072058917
6922,-0.23945019587506358,-0.08679298485854509
6923,-0.23653176375301588,-0.2137343139311033
6924,-0.041204635327917995,-0.3406399111064494
6925,-0.7291042843236839,-0.023971833428766496
6926,-0.5186768316788475,-0.008266804997752307
6927,0.02960794259464978,0.168387090038435
6928,-0.053518683218317854,-0.35237020906217964
6929,-0.07550363179006664,-0.4241407081292071
6930,0.3614848932443448,-0.26873005211657974
6931,-0.44720414049149115,-0.5007511965041831
6932,-0.39171382711885533,-0.1794157806328327
6933,-0.32958582226452404,-0.42577448381778205
6934,0.31731479957372866,-0.47705046637538456
6935,0.3179092479115031,0.3924630222073369
6936,-0.5227486602066054,-0.09024853466218775
6937,2.8458689865569324,4.185417371078629
6938,-0.5918678727605194,0.3531834419802426
6939,-0.3203823396853466,-0.269111269766372
6940,0.688833366527163,0.34862568694782553
6941,-0.7453810099707182,0.672402801291442
6942,-0.23146555582502087,-0.5028570276937705
6943,1.1715323879322321,-0.09960403480666104
6944,1.258534560004226,0.7232610095056194
6945,-0.5165422006395447,1.5984139674686866
6946,-0.6349372394991513,-0.21098298573643817
6947,-0.8026536759411335,0.13074953863241753
6948,0.30509396384908105,-0.1950283408629586
6949,0.08076632682434497,0.15327344425755468
6950,0.2102544787673951,-0.21442557424568612
6951,-1.0518188849647683,-0.19379367587198942
6952,0.7128140134124101,-0.2585949449045971
6953,-0.559281241372931,-0.4681996189549926
6954,-0.22747003693418966,-0.14678466021450715
6955,-0.03796018465031268,-0.16329610837178515
6956,0.5700694037075499,-0.4834199403785089
6957,-1.613635569504122,0.40623961532316905
6958,-1.355343064851562,0.7855755623214671
6959,-0.9091756165322041,0.576526613531915
6960,-0.2155217783028482,0.7659396461931951
6961,0.833492647871874,-0.40417866843502653
6962,-0.4769287625460919,-0.48561605021207466
6963,-0.047764218530612974,-0.16542560594560185
6964,0.24273767748128872,-0.435278451482224
6965,-0.501636073613672,-0.4354959429070692
6966,-0.07143709519458613,-0.5070675585063542
6967,0.21060982620697963,0.1508653971551911
6968,0.3042203873529711,-0.427442749871854
6969,0.1688675047549193,-0.5835985818341703
6970,-0.2901840008086526,-0.3597699916006802
6971,1.2700350937709268,-0.4319419416432792
6972,-1.478795686512434,-0.3979382478087762
6973,-1.147580652545071,0.02975651729086057
6974,-1.1787802124115667,0.008461038785687876
6975,0.6343458564024749,0.990203214635916
6976,-1.4892250025717884,0.4155343426347225
6977,0.10912071008943003,-0.2147405207864615
6978,0.43919079719561915,-0.43349836295518357
6979,0.2982784090602048,-0.38975662318588233
6980,0.5719437076219211,-0.3840431397691761
6981,0.3003042683504377,-0.3897733733073707
6982,-0.12349282078416038,-0.573810463303749
6983,-0.161559289727368,-0.3488086110986917
6984,-0.48544658431389537,-0.35635404999697
6985,0.613563690870266,-0.2576725886084311
6986,0.1128058313053398,-0.44924852749595173
6987,-0.5062985403215448,-0.33918362493570914
6988,-0.48722723245776683,-0.4054546560944422
6989,0.3181404767652186,0.23981950728267032
6990,0.2999961770394033,-0.421368519335416
6991,0.2980794965224386,-0.3083790134329852
6992,-0.4337485071536286,-0.29804857334601603
6993,-0.52145470741243,-0.5417372539481979
6994,-0.10671540305355871,-0.06827117590031427
6995,-0.24369643403847044,-0.5756350786476393
6996,-1.5635473978485033,1.0366911439008797
6997,0.94121749283465,-0.028358892567037615
6998,-0.7743477081350292,-0.2758168881055038
6999,-0.45344564528969783,-0.2846229835306716
7000,-0.10839879603424472,-0.2175327119633263
7001,-0.5304415523798816,-0.17789038076018635
7002,0.7982569863405481,-0.2952014423631528
7003,-0.3881735182535383,-0.5084227019367625
7004,0.8498167925544919,-0.4353812957781703
7005,-0.7787829436350231,-0.3606286304665258
7006,0.4828803376452597,-0.6298099555131285
7007,-0.1462444840882059,-0.3625596354761822
7008,0.04301536577230631,-0.4866627144849252
7009,0.6884595408063385,-0.3517381135739026
7010,-0.39598221987691545,-0.4421414971684433
7011,-0.12741819834787932,-0.5900050808087631
7012,-0.7605204535195553,-0.3913981177705994
7013,-0.42857202310683135,0.27571515550498
7014,-0.17737550662527302,-0.15381713696321248
7015,0.3434914731226115,0.5784582063604762
7016,-0.1654214831141495,0.06148567295089473
7017,0.14868579077244354,-0.457278713497725
7018,0.09769682876336476,-0.550205420736434
7019,-0.3176908126866617,-0.5078867638725393
7020,0.002810306272061169,-0.34914630927957396
7021,0.31621509105735746,-0.5179582049565392
7022,-0.2608757191443366,-0.43354893986247367
7023,-0.6804958269653012,-0.4284641646395493
7024,-0.378198328660689,0.15344019516944715
7025,-0.11443945500894506,-0.4670550712840604
7026,0.1892035518151715,-0.38247158651311114
7027,-0.3633614634874692,-0.3346499187382659
7028,-1.3054153549929721,0.4096306660599055
7029,0.4195765884321694,0.03598386964505296
7030,-0.7274651138588117,-0.4157521775936723
7031,-0.19592562844001396,0.03466734530874947
7032,0.5644486937716269,-0.253839737798599
7033,1.6364283905305617,0.7937955897107876
7034,-1.23680347659942,-0.16356382545342452
7035,0.3848715041348752,-0.0028530626717894747
7036,-0.7007261224763605,-0.22600480825881142
7037,1.1527816256726104,0.15869066465826667
7038,-0.21565186064301,-0.5074881238154016
7039,1.4257636026376457,-0.08817959454718699
7040,-0.1456664238282246,-0.11654535571994945
7041,0.32812765725946746,-0.27396807949425084
7042,0.04128965219236692,-0.22599316014492243
7043,-0.20623811070550396,-0.3192421138531204
7044,-1.7384715542364597,0.07604665581580536
7045,0.5204972029837749,-0.47687485331713314
7046,-1.8119451340302974,0.43024743553058004
7047,1.2085834621360454,0.10608781212593174
7048,1.5510728585085725,-0.05599194676297205
7049,-0.1959818228282207,-0.4383554243221536
7050,0.2687544948708576,-0.45720910050144453
7051,0.4537561406908928,-0.3569816101696105
7052,0.9263141366674723,-0.4768406472771423
7053,0.5928969404704836,-0.34396316479889977
7054,-0.1924842229990457,-0.33954727522219974
7055,-1.0794886779064308,-0.09223696716679167
7056,-1.156193315662841,-0.1136713211146674
7057,-0.8560316714334713,-0.40455857424537706
7058,0.167427261256448,-0.5140095679150097
7059,0.45777838132032866,-0.43052813812532037
7060,0.024522034582254208,-0.5586020077017009
7061,-1.1560757283309064,-0.4629495577952171
7062,-2.7883062056312133,2.9327005610204466
7063,-0.856405292723097,-0.10444403884572988
7064,1.2106688230158924,0.14913306133662144
7065,-3.289909580244997,1.539242053851912
7066,-0.4855265075437296,3.161182676562143
7067,0.5331664773949502,1.1286127395912426
7068,1.2510042205868823,0.4639692810536758
7069,-1.1513067525741525,0.053365503310236324
7070,-1.0009978746541894,-0.5500833925247414
7071,1.019730794579607,-0.4231358927017129
7072,-1.0809387117387805,-0.5059957607196355
7073,-0.32210853440721615,-0.13038559381949463
7074,0.35029566918067234,-0.45129562010259167
7075,-0.2631402419246931,-0.04912000781182739
7076,1.267864215727468,-0.32282772371547247
7077,-0.03548643309637985,-0.5203582687735581
7078,-1.3392219680768898,-0.2565437437178643
7079,-6.021470916089098,10.173702223753615
7080,-2.3855816236594736,5.083703511168548
7081,-0.016394452580432192,8.298037782149503
7082,-0.2262150745389151,2.736339073671855
7083,-4.187749831532461,7.034153345535027
7084,1.3582700610458673,2.9898588772146084
7085,0.9413357094897566,4.1208102952384085
7086,0.5337237550866425,1.39869382976079
7087,-0.8403340799452823,1.2259746323604455
7088,0.2971356068086924,1.464975849666938
7089,-2.3393329878022033,2.4860422811978165
7090,1.9951710413545056,1.2887543605505816
7091,1.4174347137332124,1.2827614279386677
7092,0.622183399548898,0.610212053973512
7093,0.42389371755690075,0.7894461786172192
7094,0.8420086927771895,1.7053209555629487
7095,-1.5364600702724147,0.4363405243814259
7096,0.44722273923417266,0.3464115231613556
7097,1.4164614615447226,0.0552486767602768
7098,-0.41888306225960537,-0.3047749709526918
7099,-0.35250186029308683,-0.0034375670300294137
7100,0.025429424866896352,-0.3835059717450134
7101,-0.2242255444406448,-0.21616781702478255
7102,-0.5454929760996455,-0.16879376600063095
7103,0.029853822071356277,-0.4802474497544133
7104,-1.1569487477692053,0.06439558786397606
7105,0.9350473653336506,-0.3312465359514519
7106,2.824865998475354,1.0385291935262901
7107,-0.8529116281438802,0.3725187787843396
7108,1.1838352356969728,0.7614337443817565
7109,-0.08879448759328125,0.2925203063619569
7110,0.49990352614646416,0.800685436296448
7111,2.276867972079694,2.3050593054359996
7112,-0.9666787663139207,0.6270765273575523
7113,-1.0664389594887218,0.5550623590734073
7114,-0.44230892096761476,-0.08866629064040465
7115,-0.16708239451611495,1.1256861857852352
7116,-0.2543839286625519,0.35482432119058194
7117,-0.3371380715297575,0.04619022972582823
7118,0.542658182797988,-0.02777840726105477
7119,-0.3679228651707118,0.32651856779626687
7120,-0.3246767752555193,-0.24618764427329484
7121,0.6409403306066614,0.20548939299870556
7122,0.6930036962086082,-0.4151034056905628
7123,-0.24767701558994187,0.06678454305298717
7124,-0.6520662306209482,-0.10459704114414911
7125,0.775245659657339,-0.42293780076607135
7126,0.636274885217246,-0.34631091543893233
7127,0.3098234883560591,0.13682249872412905
7128,-0.4240914732684435,-0.05495484392760235
7129,-0.9483105400036235,-0.2466109318305348
7130,-0.2298945655367677,-0.40377934204242033
7131,-0.14308898691857047,-0.2430203674050036
7132,0.1259276775027188,-0.17125324464133712
7133,1.581612992085262,0.5430803504092148
7134,-1.7380400742447464,0.502342876369035
7135,-0.8845892198376122,1.3679859156780516
7136,-1.2778554556319237,1.0772976311564486
7137,1.8596587680463468,0.13248690856109385
7138,0.8796022221004798,-0.20001574067867317
7139,1.6320722226603328,0.5124879208916809
7140,0.5909372691071788,0.5534122236072903
7141,0.13903679762435345,0.4555274625728987
7142,-0.8839002339392033,0.21014286557300468
7143,1.784280227511278,0.629922261765605
7144,-0.6119530015910546,0.08094661886408913
7145,-0.7902379873806992,-0.23920123810362867
7146,0.7571294126185744,0.24556514961397333
7147,-1.440746220456416,-0.408125648216896
7148,-0.9967131794576691,0.08982931474855976
7149,0.1835418970412286,-0.4910751169117208
7150,0.9564595006155782,-0.2584678164009805
7151,-1.540834042722451,-0.16272120120806913
7152,-0.46271855735916917,-0.06881518191712604
7153,-0.8896714067581306,-0.2866344042280223
7154,1.2438513314388258,0.037137210990317006
7155,0.36640540896848034,-0.37659494943134575
7156,-0.9068036388698367,-0.3345010820674351
7157,0.02513832868917972,-0.4414549568659022
7158,0.2440260529078272,-0.33172475729584383
7159,0.9454832476808828,-0.4978539183026591
7160,0.021322651754544633,-0.4885341628542841
7161,1.2640417828410833,-0.3701223970172942
7162,-0.34001197412955547,-0.48234682494711206
7163,-0.262275453921338,-0.4628766550047215
7164,0.6413260311358104,-0.46476986980955515
7165,0.21940706219137374,-0.562500752449564
7166,-0.0803483497605752,-0.503604560335782
7167,0.3083241856613105,-0.5623475485301176
7168,-0.3282004772504085,-0.5752641557449066
7169,-0.10733988813018727,-0.6208475368566736
7170,0.6299149223667188,-0.48685122161391536
7171,0.06443645581221906,-0.4982361849277865
7172,0.5424260128060239,-0.5593934355585096
7173,0.45757509048253364,-0.3494711883313982
7174,0.20338701075047372,-0.2215696081382484
7175,-0.6311060266938856,-0.39972147394766877
7176,-0.5150395626988078,0.38216436914202406
7177,0.4785520426388696,0.06564912663888196
7178,-0.4921430732055187,-0.07902253932373517
7179,-1.2327332252787997,0.1379653668586681
7180,0.16404839299444263,-0.4281007161623254
7181,-0.004662373769475885,-0.31948468682359077
7182,-0.5233471551600138,-0.5348530117690704
7183,0.16056565719306176,-0.43445307229725155
7184,-0.2896766677061604,-0.47739395956427605
7185,-0.3595694583381427,-0.5326233895232242
7186,0.31931968193685945,-0.5341666037237925
7187,-0.10372334927955264,-0.2820970362550778
7188,0.4215383747215532,-0.47213379673718
7189,-0.07579365977897702,-0.4891939113657888
7190,-0.35534183030790456,-0.5948421386872578
7191,0.21559123137723235,-0.4672421161478799
7192,0.25100675943548917,-0.38155993092873647
7193,0.03542663147274223,-0.49934481207876374
7194,-0.03884130599268972,-0.5556822611246881
7195,-0.43286369492571275,-0.547691499898145
7196,0.10871624326754667,-0.4695874070124068
7197,0.2749097739576559,-0.6278478930787519
7198,-0.10143007231616333,-0.47272582098877775
7199,-0.3573972022556675,-0.3369907093919053
7200,-0.4409998623545718,0.1688854480201478
7201,0.207068834778205,-0.5194285645803813
7202,-0.2812059190907385,-0.3791127898791457
7203,-0.7257812049999658,-0.5304674874053459
7204,0.2442616410925173,-0.3784887404091441
7205,0.7623230400727796,-0.5854656111365124
7206,-0.28581577191603974,-0.5889766154266789
7207,-0.8399612206863944,-0.5178483116903017
7208,0.4868391515037086,-0.48428135716027704
7209,0.22849605381988358,-0.38983310874491445
7210,0.0009111261548967863,-0.6385198711217392
7211,-0.37905541236920637,-0.4151197990071745
7212,-0.21438274284137465,-0.5246506204834045
7213,-0.13276953268638295,-0.3491058113496898
7214,-0.4889151946268577,-0.4626150368173295
7215,0.4928192431019509,-0.5783515126814412
7216,0.1061672624582707,-0.5475529896949651
7217,0.09498616314166002,-0.5024296221796474
7218,-0.06135765080248332,-0.38662663117295315
7219,-0.020684663361589528,-0.5882195310179754
7220,0.15014853974077247,-0.4990500742696681
7221,-0.28614896551265395,-0.41422425558692577
7222,0.48651898376413844,-0.5789531564352954
7223,-0.5513256092133071,-0.5171498789793486
7224,-0.34405696738687663,-0.6058171100747439
7225,-0.25220258483256014,-0.40414534348678344
7226,0.9516975907024794,-0.6138653086909408
7227,0.02599703228273808,-0.5122707959056488
7228,-0.33352824472601117,-0.49982683738036116
7229,-0.21815128377748594,-0.5225462584214716
7230,0.27723986858688876,-0.49079763094010526
7231,0.02552880502413806,-0.5858914902161144
7232,-0.13215490223756243,-0.4312748739464031
7233,-0.545978127732847,-0.516802425067343
7234,-0.004403340535446493,-0.41095997872032924
7235,-0.12573695815847394,-0.5954075141907806
7236,-0.14155810868516233,-0.5544339113979052
7237,-0.8961872999174227,0.2719995688548759
7238,0.4817405585660972,-0.2366181792109068
7239,-0.254639984846402,-0.4414761646610999
7240,-0.6751786618026816,-0.5219863461468756
7241,-0.5076454114366213,-0.39788749218749225
7242,-0.8401112969291048,1.1607844762534354
7243,0.8930743821613196,-0.4165850487833561
7244,0.5622572542943185,-0.46220104826618263
7245,-0.790637028171275,-0.3949272204597757
7246,0.5060034691733026,-0.49876806675764596
7247,0.9383026594943492,-0.5203096410792969
7248,-1.663932844447303,-0.20757380311784804
7249,-0.7180226464096098,0.045590794790183284
7250,1.6592180475525269,-0.31017632081852997
7251,0.3270035900501411,-0.4876324514026207
7252,-0.13339261834296762,-0.5672026762069023
7253,0.1985881301634265,-0.6239624123748251
7254,-1.2842599385770312,-0.43228973913736723
7255,-1.2978261981370378,-0.31039495174830606
7256,1.1077703562618353,-0.411409796009544
7257,0.8306304546060608,-0.5996304980071371
7258,-0.03159409393399535,-0.5930674649584474
7259,0.4225292379730969,-0.3798809274652872
7260,0.8830704177619589,-0.48673824068148785
7261,0.08103076198800852,-0.5325012669481779
7262,0.5554074177119241,-0.33169636182150963
7263,0.36241457265817856,-0.5428120316906646
7264,0.01883722038069418,-0.5541156832620862
7265,-0.7269654294642327,-0.4651476782255947
7266,0.5230345470299405,-0.41459962412277784
7267,0.13936961246662444,-0.4923319593545658
7268,-0.11833498245340804,-0.4961911801178341
7269,0.4621083943821458,-0.6307848883372226
7270,-0.33416273514059086,-0.560158210467996
7271,0.09944483525805922,-0.611313242566554
7272,-0.032976461128890154,-0.5685952411810127
7273,0.17254956066059862,-0.5964748566829832
7274,0.5618498619120976,-0.5497802543179178
7275,-0.17533240583798865,-0.5523936897109455
7276,-0.6209619389997344,-0.4445117072137534
7277,0.1199185121184399,-0.5623075641932778
7278,-0.18890189748341196,-0.5477077372600273
7279,0.8479865993336697,-0.516148929938976
7280,0.09394228157145032,-0.6486648909995661
7281,-0.2798397631969993,-0.5727217444761851
7282,-0.23179803374528463,-0.39020036707318245
7283,0.24590718214427765,-0.6581315078979816
7284,0.17878516172990802,-0.5109027767519773
7285,0.05777326218506811,-0.6344832993093518
7286,-0.2678897811121552,-0.42287325534511006
7287,0.3300832032343093,-0.6742342662432925
7288,0.04010771807101597,-0.6308796538716996
7289,0.1422811062195726,-0.5298822411947121
7290,0.19397617442236603,-0.2841570860460583
7291,-0.32753859011196185,-0.4095907018601782
7292,0.21385137745401236,-0.5548432994586183
7293,0.707302670935249,-0.5071812112018624
7294,0.7457152281418115,-0.030181812067397683
7295,-0.9699353786244328,-0.5549146239609504
7296,-0.7319522760188247,-0.34053139921731773
7297,0.13413729890500115,-0.3579770545916455
7298,-0.3394308254829593,-0.5551384129300952
7299,-0.08104865027956544,-0.2782308951327718
7300,-0.5253683552648599,-0.47019823478261363
7301,0.060144663281635265,-0.5859208061812573
7302,0.18095591000634534,-0.6263380710821452
7303,-0.6725174604158956,-0.5041869791095216
7304,-0.0734333919498433,-0.5046812813799447
7305,0.0022099721126202284,-0.5646863984187166
7306,-0.043175351371977,-0.6569928224356606
7307,-0.8261915553135951,-0.4875196392239853
7308,-0.12469721234253008,-0.24397096043143351
7309,0.12702789856065805,-0.3525431286380653
7310,-0.3515173341515603,-0.37055868168693357
7311,1.1086766631912741,-0.5789402096886649
7312,-0.40840737432896546,-0.4984694917423857
7313,0.5041627210622046,-0.4768253604491812
7314,0.10373752482586879,-0.5728859461227349
7315,0.004170155564861331,-0.6248647706363487
7316,-0.5094995788686258,-0.3280843303957949
7317,-0.06317310617664616,-0.35856037324904094
7318,0.260057266058934,-0.47538518394987483
7319,0.4797955600988678,-0.6283762934905215
7320,-0.41983744313057514,-0.5555821170416326
7321,0.3097931088309276,-0.5167107540540395
7322,0.8948209823848747,-0.6042522466474514
7323,0.26056116809480406,-0.36366073299515095
7324,0.07621071247022357,-0.5420999921736324
7325,0.20569671824990243,-0.409621540126016
7326,0.17117942741359046,-0.3131111686134361
7327,-0.5005054231002312,-0.14656802332364605
7328,-0.27154888177529873,-0.3173243231555315
7329,0.5309022479040304,-0.5007288394225988
7330,1.0430312814090203,-0.06647385262388988
7331,-0.3113133010361609,-0.296167636486048
7332,0.1703015717163112,-0.34745516573028906
7333,-0.41803747404036146,-0.47233831903773305
7334,-0.4086074113293544,-0.382697334919527
7335,-0.19011622660551863,-0.5600966821387876
7336,-0.21312103712809477,-0.490541536968375
7337,0.505520327723377,-0.5506378216033484
7338,-0.012385314835383743,-0.5540230996218798
7339,-0.47284434775084805,-0.5476612629432906
7340,0.3148030597361945,-0.5315015535572442
7341,0.696777122292738,-0.5042108477666201
7342,-0.22345622710558394,-0.4778326280366039
7343,-0.5010614204113943,-0.4946625891584476
7344,-0.21084222641622186,-0.5125367521726275
7345,0.06644944960898042,-0.5069115600460804
7346,0.11354194945893847,-0.5330205353777192
7347,0.3094725376614689,-0.4230734857189082
7348,-0.28147660848259354,-0.5049817455495266
7349,-1.2823198698651541,-0.4328372014490721
7350,0.5412615636553569,-0.5945490401557214
7351,-0.9006272522272378,-0.37500679238635526
7352,-0.7884319969071386,-0.4947369239117634
7353,-1.2662134309000288,-0.4183862635439212
7354,0.3419611934362217,-0.398361835111092
7355,-0.6330555894182975,-0.2830338499934839
7356,1.2458898824256306,-0.5609291759029473
7357,-0.440159719164785,-0.6015714279885588
7358,0.6789211880481711,-0.5597908005658002
7359,1.385915799960186,-0.03932114206244105
7360,0.17846431610314126,-0.12381427625960223
7361,0.10557755779292956,-0.4820519785247483
7362,0.14556382430359663,-0.48489405673762426
7363,-0.11655609901480639,-0.4965646367061911
7364,0.5018603190205408,-0.48345158845306635
7365,0.7029779336915594,-0.6307924537147127
7366,-0.13101412169025267,-0.348851652131387
7367,-0.3405268735989454,-0.46941076143880006
7368,-0.16267239935680516,-0.5450053658966502
7369,0.10990854173941443,-0.4925498777374556
7370,-0.2884881617334759,-0.4840774798520254
7371,-1.324162103698651,-0.11829082781695029
7372,0.015938973474556063,-0.35952952053518583
7373,1.9047148568131282,0.06814659178455941
7374,1.2869666614317923,0.5402445246224612
7375,0.6859867834966915,0.6050444330737863
7376,-0.5802485735846579,0.24747627955063545
7377,0.1176992024087146,-0.4791891967319612
7378,-0.13316426428672531,-0.48148657928736854
7379,0.16912083732966568,-0.5261433438556671
7380,0.2733569328284744,-0.4035529129873527
7381,-0.174339125172835,-0.5016076893230056
7382,-0.12638082144252968,-0.5626907073180607
7383,0.5460453029461874,-0.48377085932157576
7384,0.6002804380411717,0.00507084089651263
7385,0.1927466595695666,-0.509140711465555
7386,0.09198195926827271,-0.3784687892071507
7387,-0.17616799940028977,-0.23834906883660756
7388,1.2770121797466376,-0.22049788330912587
7389,-0.32212217526063347,0.3058906331313444
7390,0.1214368500049537,-0.22189655030971248
7391,0.04386990612234556,-0.5503449903956992
7392,0.07572935431903943,-0.5315154734135208
7393,0.03284356608144817,-0.12363610596696104
7394,-0.3186757061298591,-0.42158981472640544
7395,0.6773930697178961,-0.1406635186234617
7396,0.2727785113130809,-0.45746363225335235
7397,0.9104912283378342,0.053050897979819406
7398,-0.21121379064491505,-0.3432966142206705
7399,-0.08736294030362463,-0.41030768132930856
7400,-0.5763358396859546,-0.3968370558074343
7401,0.5782521433690371,-0.37665338916929303
7402,0.2101855634554681,-0.27289098442239157
7403,-0.5160883568269412,-0.414195621483991
7404,-0.08089306959583432,-0.5299092288173317
7405,0.11906355044475464,-0.49363068655519005
7406,-0.18641720431635023,-0.4526071336186237
7407,0.5443546898936784,-0.28843445987495475
7408,-0.2310635207986731,-0.5437758957750983
7409,-0.6464882096010448,-0.419676935357622
7410,-0.2515957549513655,-0.2995331507795509
7411,-0.31622360012848166,-0.4488988852420043
7412,-0.4537587412223562,-0.055096626018545584
7413,1.345545704431752,-0.480299401311371
7414,0.10320279038052216,-0.42512636791799435
7415,-0.18365569714848762,-0.5340368200979917
7416,-0.45073969556143245,-0.24791247409256761
7417,0.3191220065853131,-0.25754394335572456
7418,-0.1466517458509243,-0.42058123778863993
7419,-0.016347772914735263,-0.46479150208194414
7420,-0.061039129317465725,-0.5480024914899382
7421,0.5454603540058149,-0.27195845439832206
7422,1.348843133284564,0.15388104015138285
7423,-0.46906024631336724,0.22239690046485663
7424,1.1134354704772498,0.14530131707943766
7425,0.8319978111492483,1.6149922342556506
7426,-0.5722448987474491,0.26078550154035285
7427,0.3579472064693836,0.043700263993274334
7428,-0.49667341083994726,0.07739589230132364
7429,0.40212142616695457,-0.15164420328150485
7430,-0.6351291411376634,0.02894055990576804
7431,1.4168979991913668,0.09590709165467559
7432,-0.4637535699759002,0.15929431505648145
7433,0.20601340420793382,-0.37323001914584586
7434,0.08840291766471015,-0.3228433253158346
7435,-0.06785032941289544,-0.4442848296474275
7436,0.2671766897528134,-0.5452237495235048
7437,-0.08641933118943013,-0.06814247860212616
7438,-0.40269593642845414,-0.3261143637967307
7439,0.6006752615860906,-0.48439718965933404
7440,0.4252282721259537,-0.3387625369269412
7441,-0.07935537393634556,-0.31698365947370055
7442,0.5846807247402634,-0.3379144916855144
7443,0.7667775580314513,-0.2131766539808436
7444,0.5677452219639869,0.1916254283991063
7445,-0.8284098993308106,-0.29961987085201064
7446,0.35491845615398365,-0.29829070248125206
7447,-0.38693742895001493,0.6728071548702066
7448,0.013810771763811852,-0.41126887472279167
7449,0.42754613504767985,-0.38874959635858797
7450,0.03741775516664984,-0.2392444185150109
7451,-0.7254047888786389,-0.5540038966592227
7452,0.284000521604722,-0.5485668672297639
7453,-0.6171150384617627,-0.1888453026618661
7454,0.04252216430841093,-0.5746418584925644
7455,0.6906289665504127,-0.45283311182162633
7456,-0.37744295787797344,-0.36903721125230465
7457,-5.012738405646635,2.912928644477885
7458,0.707607471412741,2.721394593467172
7459,0.8048214500235407,-0.17428047391405582
7460,-0.9744110224770381,0.028000356024918495
7461,-1.5487977360483145,0.39635794211029834
7462,-1.8269531473345801,2.1089754800022935
7463,-2.739314096873386,4.229194465599606
7464,2.853534362984984,0.9235277362051251
7465,-0.7318031212964311,0.04383149856757349
7466,2.621867689112735,0.06686571726102201
7467,-0.5489273542080664,-0.37403982568684657
7468,-0.2654626678570973,-0.5868103894239415
7469,0.2715362804285719,-0.18978116212648408
7470,0.20276597819852038,-0.56871099031425
7471,-0.3596410216084754,-0.4952271647855462
7472,-1.28726098652253,-0.091128846409338
7473,0.7246686193386187,-0.2521278373284123
7474,2.1086216055629623,0.11908317297543727
7475,0.3830230209658098,-0.266481845717332
7476,-0.7709572054209162,-0.2416019784558102
7477,0.31066071940389833,-0.5652060897090619
7478,0.2432202634587412,-0.35299832657909275
7479,0.033909775062975094,-0.40879174267974244
7480,-0.5640493771575461,-0.449191971234573
7481,-0.5015916513672469,-0.4829452245757674
7482,0.17601605514685098,-0.47134902800698025
7483,-0.09842103589891499,-0.6474017309146984
7484,-0.0998924880653641,-0.5685982678831123
7485,-0.08650877095751885,-0.46605749483276654
7486,-0.2995741570760751,-0.4709226319206899
7487,0.5333627259342857,-0.43618989672842734
7488,-0.48692826132400474,-0.45575040473487044
7489,-0.6313104639793967,-0.37264575048803616
7490,-0.08646891944790604,-0.4526890997344881
7491,-0.2414154603452201,-0.5228735470615942
7492,-0.986742229007783,-0.27309028816213726
7493,0.5620635830879107,-0.4456331583726918
7494,0.3824494051233366,-0.2677416568052755
7495,-0.0014239724835254956,-0.414899042931701
7496,-0.08567342732702928,-0.42858887334019746
7497,-1.3598780309132041,-0.2016298970556663
7498,0.0551338123018553,-0.28498042588151323
7499,-0.16094512477425607,-0.20557706653131938
7500,-0.12223389907191785,-0.34782463764300836
7501,-0.4720061105623739,-0.14078469784706354
7502,-0.20721008667052884,-0.22690600279186482
7503,-0.6650436115285208,-0.11696514802690194
7504,0.1459892883413017,-0.07073735365599396
7505,-1.0575764182676635,0.3266563296181995
7506,0.8540149597754105,-0.3522828846332363
7507,-0.968808316129175,-0.21822926175609694
7508,-0.6644333545227911,-0.035174714072288525
7509,-0.1351144380577917,-0.20159146389561486
7510,0.49182631495544143,-0.4610973689568919
7511,0.6226714819238829,-0.25838692166892013
7512,-0.49228419310186866,-0.5149611851631983
7513,0.434070511569579,-0.2817905587821801
7514,-1.0187038452480697,-0.2735143834532598
7515,0.2829336098064843,-0.5397194191275808
7516,0.633873530454695,0.28342745930820273
7517,-1.281156517997985,0.3712600951115839
7518,0.023307052262213065,-0.3347150289308712
7519,1.3019303811607201,-0.1651985429879708
7520,-1.08766114332315,-0.44581366933206806
7521,-0.9910805501299494,-0.07335027872439388
7522,-0.9697770282187822,0.5054104749686287
7523,-0.8050550553187745,2.4705561632091135
7524,-1.9560847219600597,2.4825516492971103
7525,0.9490630187606489,1.6920415693679318
7526,-0.8761301400652529,0.1795680964468747
7527,0.12067249007979197,0.7389212828442882
7528,-0.7388039091133943,0.6300211996989787
7529,-0.4375065894927215,0.4016706525769124
7530,-2.187925662731355,2.401285165679747
7531,0.03294705675802829,2.189763617672991
7532,1.6682542762405026,0.15209717340344578
7533,-0.20851172100397214,0.2436842512004454
7534,-0.4446530385260826,-0.0759999358983279
7535,0.5912966974694841,-0.33888422118562106
7536,-0.8089651294978655,-0.34089812635261385
7537,1.4269750718874115,-0.5207001885538933
7538,1.6645821388395803,0.07718063692132238
7539,1.4308100091554297,0.3777808120683559
7540,1.198960258628005,0.3163721460603002
7541,-0.6839912122206394,-0.17649792435852457
7542,-0.7482307844017868,-0.4058742419635763
7543,-0.31174974404237255,-0.47483991570569417
7544,2.5035464071418087e-05,-0.07066715684840756
7545,-0.11593036345448571,-0.5991562918232882
7546,-0.8154025746335414,-0.3828456251443333
7547,-0.2400321206004618,-0.24547940290422465
7548,0.47699793056019146,-0.293232331992283
7549,0.7149926649491053,-0.35286959239303195
7550,-0.7845438150531204,-0.5217017278951543
7551,0.33743129758530466,-0.5091722952405001
7552,-0.49151322050018853,-0.5006431597115469
7553,-0.26457196762478347,-0.550830014270578
7554,-1.146062021847378,-0.463238815435526
7555,0.979335875484265,-0.5344592953230205
7556,0.7760635628592862,-0.5911062487176434
7557,0.512121963969444,-0.47515517823910175
7558,-0.7317806227424422,-0.3804930245556363
7559,0.3686596485878084,-0.3932611731710807
7560,-0.7091650597737842,-0.4028611451570156
7561,1.4031995613692299,-0.4596747663953199
7562,0.3430549565279054,-0.5981389876146658
7563,0.5741063530135282,-0.5344267952788329
7564,-0.5023267376493401,-0.5511643772350812
7565,-0.024710510555098368,-0.5039274923360639
7566,-0.42573609456204775,-0.4851960240744592
7567,0.18860218372522067,-0.3584382809596209
7568,0.8548279661049081,-0.2746523863490319
7569,-0.6311469571518172,-0.47094497265897883
7570,-0.21304148172661855,-0.3281682061163495
7571,0.48276833870157065,-0.49459105026232114
7572,0.1970228827103366,-0.5948648096702148
7573,0.6342695517523556,-0.3351298052614218
7574,-0.3162625750708552,-0.592719868787418
7575,0.3661621394754071,-0.5166550515310203
7576,-0.2517126411853703,-0.45914305625687457
7577,0.7158007064662919,-0.5933210149882024
7578,0.22002699144286542,-0.5105613184729706
7579,-0.08271494545976922,-0.4549022130361946
7580,0.23313814018406867,-0.5605300439336988
7581,0.09420277743545223,-0.28537381866013867
7582,-0.4244388158440716,-0.4876379654913895
7583,-0.13113735501484564,-0.2683186906532679
7584,-0.4001570480504797,-0.4139878070347782
7585,-0.7830478022881671,-0.5820631061032776
7586,-0.3779046371296345,-0.3975461034957076
7587,-0.4671465446519427,-0.5405570324823218
7588,0.3021803187286002,-0.4402325735235574
7589,0.2240653011001546,-0.3535371885648564
7590,0.20586919449656657,-0.47017810762665946
7591,0.6815258886880513,-0.5265240811064247
7592,-0.6937728764160324,-0.3365830081409786
7593,-1.0520476282463918,-0.3025060607980474
7594,0.455371966403264,-0.5650559311987385
7595,0.1648444887234214,-0.5201561879229637
7596,-0.34260226973669416,-0.5348909440872981
7597,-0.7837045536073862,-0.45593230293399506
7598,-0.1920643590741214,-0.23135731175936855
7599,-0.31276072260641075,-0.04929836930753826
7600,-0.8703119921127433,-0.20312489861973926
7601,-0.6024620666190793,-0.19456560755717897
7602,-1.022220282357518,0.03088692274138104
7603,1.0775822419923007,0.07952835434889421
7604,-0.06900003649942979,-0.5014499730660481
7605,0.7365736633503981,-0.35069387706996985
7606,0.5995290650520797,-0.2921277589732029
7607,-0.10473206580890576,-0.47836708832910263
7608,-0.6563353271289971,-0.1719433572357093
7609,-0.9436890884260263,-0.31492603907519895
7610,-0.1267143736487996,-0.48508005440206287
7611,-1.6835264842991566,0.7127576492562214
7612,-1.376332592234437,2.237179324924551
7613,1.5465619358963816,1.2353069569992785
7614,0.8711554626653022,0.6669982820026453
7615,2.5583550302788804,1.7184481961974125
7616,0.31501070789371777,0.312279985560434
7617,-0.24102329005775436,0.09049496319062912
7618,-1.9970070753993414,0.6893712743223022
7619,-0.7694974829757429,0.21100360406048846
7620,1.0409486850494434,0.38112373345077083
7621,0.3138607196238629,-0.06080718770414204
7622,-0.25251165980893653,-0.07474676181737051
7623,-0.7144858779341847,-0.22086646168513177
7624,-0.9658586528088846,-0.025259944226141286
7625,0.541848602788168,-0.2683538063400338
7626,-0.41922263222865397,-0.311097728168943
7627,-0.6445184300395517,0.3509969399984912
7628,-0.3980163481311481,-0.33038138407242723
7629,0.9405116548696981,0.35287555537105103
7630,0.29724699988694464,0.02493202874086715
7631,-0.2834220736070011,2.061848530663335
7632,-0.21096698041234857,-0.02562165049414145
7633,1.0046974749903839,0.3097880383965842
7634,-3.2017940254267554,0.4779733514117621
7635,2.711130187391717,1.2268326060294816
7636,-1.7632400909025168,0.46859485425119973
7637,1.273522023486793,-0.3804607364267995
7638,-1.3803819898401433,0.06851550622064564
7639,0.048414863987206035,-0.21721748320810846
7640,1.3771221423129212,-0.45286363322026013
7641,1.9832856799476208,0.22083031554357177
7642,0.9184051007181384,1.0366867218246705
7643,-1.3973040402988763,-0.02529476927773975
7644,1.0387709266949463,-0.3051590251495352
7645,0.2232870034995591,-0.10032283767745762
7646,0.8185398546978405,-0.25579376554439104
7647,-0.7248388178404995,-0.42335982983783127
7648,0.31995711641703795,-0.4787422728354929
7649,-0.4551092176672106,-0.24921718564765202
7650,-0.17553809616043553,-0.2902366867924097
7651,0.3093630114914139,-0.44199365760061654
7652,-0.5059997811902435,-0.5337390261503543
7653,-0.8546218063765967,-0.3824217273122486
7654,0.9470919980543192,-0.44151313701178335
7655,-0.5924495771464171,-0.41640072402087797
7656,1.4922136056805655,-0.41542275648787785
7657,0.375128929807763,0.3327182020542667
7658,-0.97546618606397,-0.1411034922987832
7659,-1.7282245631337927,0.4627962987522938
7660,0.7848221130543072,-0.4761577011676785
7661,-0.8851877663666101,-0.08570972034733755
7662,-0.020182248453472225,-0.20377071288763612
7663,-0.13515542782212867,-0.08803225999079457
7664,0.2884739468528897,-0.4643168677536851
7665,1.1378471024319101,-0.4750630271519868
7666,-1.1008362144822255,-0.40088045784832277
7667,0.4863556906012638,-0.46458138628852935
7668,0.707211933573394,-0.5836594116971082
7669,-0.15130914753108746,-0.54523356429306
7670,0.46679991285782574,-0.4663999583584674
7671,-0.09260207994350854,-0.27260524924347806
7672,-0.747077093658485,-0.4771388636011729
7673,0.26778393136312684,-0.4290626115645464
7674,0.6049456245119461,-0.4079093480658265
7675,-0.09363585561043694,-0.22493208082912164
7676,0.2048927761841025,-0.1828674496193187
7677,-0.3529477022748951,-0.37283221810900674
7678,-0.49064163616796924,-0.4801764237977439
7679,-0.6627197208577115,-0.1958369528646249
7680,-0.4580046774344077,-0.45963365475857565
7681,0.1595375148596757,-0.5136072440623903
7682,-0.0006337656544483632,-0.3291877676061558
7683,0.4347676936647764,-0.4993118446632121
7684,-0.24332849939161097,-0.4706829324046756
7685,0.08773775896360508,-0.5245920570123652
7686,-0.3628735756165597,-0.5071823607759698
7687,0.8441351409287716,-0.48486886197722884
7688,0.0759121758825076,-0.5180991743968142
7689,0.0021015548716730916,-0.3486607441006771
7690,-0.7511376441663143,-0.43308959396508834
7691,0.017513604260981537,-0.48097916859705625
7692,0.8730338249951409,-0.5108251290545546
7693,-0.20319384743679544,-0.4437106761960456
7694,0.20959735230711402,-0.09372392434283551
7695,-0.11370421482796525,-0.4843680543891818
7696,0.3826540444953074,-0.35894505918485436
7697,-0.4283529658780325,-0.4408269632219373
7698,-0.2422813095607972,-0.4782493752217823
7699,-0.46524530143073334,-0.39779954799551487
7700,-0.1290387648527242,-0.5397842731277576
7701,-0.24763218450895164,-0.48969293899586575
7702,0.0968665324713556,-0.4860522135247679
7703,0.5816746586268915,-0.5019318087090757
7704,-0.27517538769247224,-0.5459918640062859
7705,-0.6375801938397101,-0.3698445016171332
7706,0.34366458466190075,-0.36012425951608257
7707,-0.26857712889344926,-0.39074136393648284
7708,0.5847388554677306,-0.5200940346850937
7709,-0.9547824410150252,-0.5003135796110975
7710,-1.0247442454602151,-0.009365317889438313
7711,0.5812303175285461,-0.3370760460958395
7712,0.5278682830134426,-0.5155298145169085
7713,-1.1116321814888879,-0.3226576840834966
7714,-0.7736034320768029,0.15197689164154699
7715,0.9400577974077385,-0.4216153828678153
7716,-0.34582819230052564,-0.3412177021425203
7717,-0.3745339155992081,-0.511537059642925
7718,-0.509960901345327,-0.36296615792920633
7719,0.5958965930118634,-0.20071127209398656
7720,0.2895570101165308,-0.36462286614645234
7721,-0.4475210456428227,-0.4991172802859705
7722,-0.8746347029802689,-0.4361170898424856
7723,0.5081797337578189,-0.46923522675665746
7724,0.16976322310878883,-0.5742518549385599
7725,2.2561955752539378,0.2909024071446611
7726,-0.41919151323878134,-0.28565484210245345
7727,0.7527486470529868,-0.3584756772581608
7728,-0.5619089148087365,-0.43411956674204766
7729,-0.34125986022101734,-0.552650397760725
7730,0.2364284903039949,-0.6011364969450542
7731,0.04261616865474544,-0.4736689761580491
7732,-0.3346377645857091,-0.36856618957331067
7733,-0.5428633256210915,-0.4755831928636524
7734,0.36741185514323915,-0.5936022855118391
7735,0.4029891963407019,-0.6051725804514232
7736,-0.08268380951824117,-0.42918199677157426
7737,-0.8224454186417172,-0.5546940508543455
7738,0.4584354761166327,-0.5916777576167557
7739,0.049072162254244156,-0.5964073579447163
7740,0.13821288434976195,-0.3186409980081886
7741,0.08271678066005117,-0.07207636735780167
7742,-0.08673112179568761,-0.5860843038735688
7743,0.8366063348906345,-0.5129822770876318
7744,-0.05773891865875736,-0.49340747849749184
7745,0.6576886973619777,-0.49407030960013737
7746,-0.3792414513744068,-0.40113280107517646
7747,0.340515095404234,-0.5177567821734662
7748,-0.44452914672801835,-0.4830976098489405
7749,0.41797166447160305,-0.47844929229549243
7750,-0.24328224185974534,-0.5750883955652101
7751,0.3221113802202954,-0.5560898064724079
7752,-0.6837202198468121,-0.5089916857129182
7753,0.4128532036190014,-0.6514735850883394
7754,0.10621607670289847,-0.5261263981370775
7755,-0.5812680247892396,-0.5727393709527513
7756,-0.6330519089003068,-0.47212718733323955
7757,0.699808571213784,-0.37414108977456223
7758,0.6697617576093369,-0.576692280490801
7759,-0.3692888604580999,-0.5936289545483736
7760,-0.15086255640708035,-0.5915126621321393
7761,-0.5044852894224819,-0.26670280324127593
7762,0.10559225610977038,-0.5251285176394496
7763,-0.2329281745756907,-0.5454469448914387
7764,0.4239446436347155,-0.49326480906130443
7765,-0.3571383308974807,-0.3751435705660495
7766,-0.1037978237403892,-0.5482269187630802
7767,-0.2489577565281509,-0.5209064364110497
7768,-0.8088789441255138,-0.22533114478437585
7769,-0.5285046233588988,-0.18464311547267645
7770,-0.3878879750727737,-0.3665120661820865
7771,0.4564215487827901,-0.482602598771348
7772,-0.3614125832385682,-0.36306392961967426
7773,0.799197710705368,-0.013227965424066039
7774,0.3763927163242744,-0.5039169422363028
7775,0.12718597973603576,-0.5290318181363612
7776,0.059315132573075274,-0.5151707956196455
7777,0.3428018143625932,-0.5119887781479797
7778,-0.25285008938662684,-0.41458006720516694
7779,0.16744666615732368,-0.528959719503827
7780,1.65995914004054,-0.23061136654282285
7781,0.965065688669996,0.7221640177267455
7782,1.1125598857966654,0.4283638760748754
7783,1.3878861990233933,1.136393917877855
7784,0.26195404706078984,0.19013881858013446
7785,-1.7469810740339318,0.7716076899087431
7786,0.34773363889812425,-0.08746195118802966
7787,0.3197387653108492,-0.16025040608839392
7788,-0.7879518419836304,-0.3178161383619014
7789,0.18494864695429086,-0.25686223121348184
7790,-0.1096367105436406,-0.23608801905463736
7791,0.03114522293555458,-0.23428947350556253
7792,0.2946361724485106,-0.33531596485903337
7793,0.49158592245070754,-0.3920312421744926
7794,-0.5174469279257057,-0.4846058844573962
7795,-0.08828599377099598,-0.5563739693929421
7796,-0.14455946600396613,-0.5400307289309435
7797,0.3255737835293248,-0.5182220266494301
7798,0.040641774813643325,-0.5579001466966736
7799,0.054247507606508115,-0.5266626047811244
7800,-0.06492181967398411,-0.5775736403662791
7801,0.2648806973309584,-0.4237313041041541
7802,-0.1759054639873968,-0.46653246945958465
7803,0.3271306469203128,-0.44575996853884786
7804,-0.0046101938765222995,-0.3989473639729636
7805,-0.5866430418979844,-0.27149540387635257
7806,-0.8303884550932206,0.5844522742811971
7807,-0.6506127193245257,0.24649761535360026
7808,-0.7554730889412308,0.4290626498613528
7809,-1.430390574276603,0.31633217581439405
7810,-3.1671817817351986,2.5000188646680237
7811,1.2467769912739082,1.0989932914463796
7812,-0.18375830861313022,0.6261439321081389
7813,1.075726308081224,0.25016103311789084
7814,-1.5271749203212044,0.23801114572869178
7815,-0.7218816673890887,0.5935756803727741
7816,-0.5096418154670479,0.5103960303168558
7817,-0.8073440013715938,-0.09685512236180913
7818,-0.419528025102061,0.29754825866313667
7819,-0.4360341807099204,-0.15664170788148585
7820,-3.3853855294268227,11.159215073144715
7821,0.273642523883629,4.752878432433031
7822,1.6999098722673929,3.735179863786879
7823,0.1880516281083494,1.4828654773817793
7824,-0.4544607837418705,0.7718435844654321
7825,0.23831317149098508,-0.1499851498760708
7826,-0.13137156136469902,-0.3495344662129412
7827,-0.9897919840652676,0.027867681023451323
7828,0.42506429216673297,-0.29173696643779556
7829,0.8099621171394318,-0.4008321378972142
7830,0.2731479412739473,-0.11851646960650718
7831,1.3366174030295446,0.0521862603463369
7832,0.18207318963505575,-0.018261138075565227
7833,0.22936322550326496,-0.37233978906156295
7834,-0.0928656062726185,-0.54861325540337
7835,-0.6052053357084484,-0.42472711544498276
7836,-0.38047906270582965,-0.431940079817909
7837,0.4263419023409736,-0.5490129375427713
7838,-0.5699784560136487,-0.371101952669746
7839,-0.9720779703471806,0.06922872747670994
7840,-0.43365621822491807,-0.5043235983148685
7841,-0.24287266516209907,-0.32221343725662327
7842,-0.04413256805080446,-0.3989633608580791
7843,-0.32660895981793225,-0.4179158981100382
7844,0.7264596406481465,-0.4547107528968437
7845,0.575923201227979,-0.5371720159965241
7846,0.04014984049755696,-0.6373888545039154
7847,-0.3600468530031901,-0.3796170648966607
7848,0.9301719714851282,-0.1908645004311763
7849,-0.12871221033776364,-0.4188611375221256
7850,-0.3749843689411091,-0.5141884981791291
7851,0.2959968096071868,-0.477013644804523
7852,0.3226944047228597,-0.5671756721848424
7853,0.5817766320396538,-0.23155216228679368
7854,0.07123722959401571,-0.3951856915157826
7855,-0.6355921722450764,-0.3959628020134571
7856,-0.15201957272258862,-0.6085205122279099
7857,0.39569280942520796,-0.6021092494987655
7858,-0.0029098262803877676,-0.6334560449711898
7859,0.25272880987161844,-0.6661136035407502
7860,0.3787092589514242,-0.617337937522096
7861,-0.0442220767204589,-0.5454277594410814
7862,-0.2963899623239351,-0.4978357292137854
7863,-0.28143969539069114,-0.5557022232547107
7864,-0.12872581662047033,-0.5899328858928613
7865,-0.11617938065891818,-0.5948377137530374
7866,-0.1466087913831196,-0.5753484419679922
7867,-0.10724930749970875,-0.323613139707895
7868,0.640281591031437,-0.28285542822259696
7869,-0.37364691596072014,-0.5498004218898715
7870,0.3204891672250757,-0.6658788831898781
7871,0.028226687407197096,-0.5710160341981645
7872,0.21214936986234212,-0.40174195174926847
7873,-0.1274136185220913,-0.5877194369190627
7874,0.116056989410648,-0.5255505806069214
7875,-0.9512119040626115,-0.3119164293914116
7876,0.31682153568891475,-0.46062412096671085
7877,0.09554385815247426,-0.5056230788134646
7878,-0.06599135062594336,-0.514744590751979
7879,0.09787167802749336,-0.5997523798365857
7880,-0.09330764486925242,-0.5716142610288598
7881,0.46014746899785797,-0.584881159278008
7882,0.8850374616347253,-0.1916457429401042
7883,-0.5868940765225468,-0.3234608562747343
7884,0.05932712332546575,-0.3367531429517436
7885,0.21265964587863198,-0.46336253947637807
7886,0.15556398672832675,-0.5046564586341893
7887,0.4121463465094435,-0.30352877221968866
7888,0.14422434636808854,-0.47687174550460476
7889,-0.42832137980457574,-0.5346865091038575
7890,-0.1884527499444044,-0.5235906561860072
7891,0.10213816463014855,-0.1773558594871888
7892,-0.010744570673179741,-0.5322207293599618
7893,0.1137802153486516,-0.47754758196323005
7894,-0.07555554967636777,-0.5686711638741503
7895,0.12005405183313131,-0.6028025282775331
7896,-0.3433854546883062,-0.3777779048951232
7897,-0.33510304937746915,-0.5015074606206814
7898,-0.44670404301309063,-0.46662384328730583
7899,0.10762917374243448,-0.5996657629500406
7900,0.00673426341380024,-0.5455540271228351
7901,-1.1268025771251786,-0.2921776194194177
7902,-0.6998435544983588,-0.11281930568367432
7903,-0.06402474825788625,-0.339726646433302
7904,-0.6623338966708376,-0.015435506729680228
7905,1.1013518540518248,-0.2229321810097556
7906,-0.7163366923389998,-0.35606819826895236
7907,0.2497185449525654,-0.42672289778254074
7908,-1.0980945282462244,-0.057922673380455876
7909,0.47654742437919106,-0.023374402262624015
7910,0.42438418589154936,-0.35620482924779884
7911,0.0019019909368436626,-0.5540252833778163
7912,0.39215820953943026,-0.5702502820352571
7913,-1.0282714032349836,-0.352280207427213
7914,0.223193766996846,-0.46770837926731895
7915,0.38003171472293834,-0.3495160226600848
7916,-0.7583302715574145,-0.3424516367569233
7917,-0.8826411391695991,0.027118413486368224
7918,-0.2973286445388763,-0.10092431613769393
7919,0.7215923203214182,-0.46162623707869965
7920,-0.3444209813330344,-0.43865671461901684
7921,-0.0173058055548378,-0.3846503796617105
7922,-2.003322117760986,0.8510887971834517
7923,-0.19053448064438236,0.5439439388280489
7924,-0.27820524429411675,-0.3702915747074614
7925,-0.2091568063269686,0.6832311932895647
7926,-0.7202602769357895,-0.27718842318865083
7927,1.0091503929508234,-0.17165934152070073
7928,-0.2217279191393293,-0.39738779884024
7929,0.8998816378283824,-0.32848620918859794
7930,0.3674424949006473,-0.027164069221412446
7931,-1.2025701638372224,-0.3167556237262485
7932,-3.1889564469731573,5.387837844635129
7933,-1.0214383230569386,7.57819971593607
7934,-1.481552060407073,0.8528107404720752
7935,1.9911692089164867,1.503416489738235
7936,0.3401646580239333,-0.12415771663447256
7937,-1.034081663504486,-0.21939093600115672
7938,0.48248901612535144,-0.3534446839448454
7939,-0.7457386727399808,-0.12263819540775978
7940,-0.7359504153057663,-0.1381616526508625
7941,-1.1214695198831854,1.9173728333630726
7942,3.73381031502389,4.781320993184671
7943,-0.7459526639025064,2.112895729047511
7944,1.9016197625156273,1.1842972684718742
7945,1.6051658850318022,1.5137688767267665
7946,-0.22548984547237702,0.5634961226490951
7947,-0.0897222104761057,-0.2398782600667455
7948,-1.1142546141932406,-0.2736752324721
7949,-0.29323884774422154,0.4801105709605101
7950,-1.0666852766605588,0.08331968232338306
7951,0.12733509297777107,0.4461674816064021
7952,-1.2095983853692251,0.34323685376648677
7953,0.298434899390874,0.9350097136505618
7954,0.24411956796402834,-0.17307330796498202
7955,0.31541744460469334,-0.26076406004436553
7956,-1.2588913980667076,0.07718559482458023
7957,0.44315086380337876,-0.4699896461604427
7958,0.43072749281675937,-0.28584545178997445
7959,1.4929151159320058,-0.08828923451714768
7960,-0.41624627982337636,-0.5212818177897652
7961,-0.4793900514559729,-0.2646176553270584
7962,0.5723010759007321,-0.4773846822689121
7963,0.5648980289649379,-0.4408944948604886
7964,0.3412457390133141,-0.23679968882520425
7965,-0.6700985615842612,-0.48677104727319753
7966,0.9466895244082358,-0.45487778435965776
7967,0.535493375290212,-0.37996996804785316
7968,-0.367611678373716,-0.46697216253109947
7969,-0.13651317552134873,-0.5236024801973463
7970,0.06479317118284235,-0.6267917030819379
7971,-0.5419891498868622,-0.5541567497838095
7972,-0.006779651637333956,-0.5150012826391606
7973,-1.2400807063227755,-0.036171617618761503
7974,0.10960571352975892,-0.39936226999703034
7975,-0.13911835785087517,-0.24558543127752744
7976,0.44953893938617506,-0.49290328153039387
7977,0.1548438147381283,-0.4071784098483174
7978,0.05651373975615378,-0.49025870557990603
7979,-0.11693610918293816,-0.09743874369253079
7980,-1.5770597253917746,-0.09675687602607437
7981,0.36043017824409984,0.12428004457518843
7982,-1.5236043393519527,0.0803784911085928
7983,0.9150840007262404,-0.2059712787489572
7984,0.1714080444243921,-0.1490621117280397
7985,0.6830825210052136,-0.3159238142979673
7986,-0.5171740514188408,-0.3633950505052313
7987,0.6920784852357135,-0.43734255915845527
7988,0.09571323756140354,-0.29752676785930243
7989,-0.20487487955376346,-0.2943258728608674
7990,0.27956826044929595,-0.38658851883267287
7991,-0.06844586918290668,0.04622661977095859
7992,-0.6876733652298194,-0.004098670460202977
7993,-0.42451075574311514,-0.4530287706731817
7994,1.0728401796104872,-0.3622558120747417
7995,-2.0807926617993897,0.17497594958431956
7996,-6.532347014623855,9.889080660261234
7997,-2.3024898035238746,8.996466628259459
7998,2.1233387416635385,2.8036064995011176
7999,-1.3853885870492044,2.3974599957494362
8000,-3.766475849369202,7.071148697703173
8001,-0.435865271382222,4.748399001372156
8002,2.870421313934213,4.867479446600462
8003,-1.1555598163761014,3.0446806870600795
8004,-1.3047602269054752,1.0745740209520094
8005,-0.16652946327657048,0.2803189160584889
8006,-1.2193862111580214,0.8667902012088327
8007,-0.03350196256571702,1.440908595485155
8008,-0.4685893380440798,0.2644597096460304
8009,0.7350239273274511,1.2642382544845951
8010,2.224914351540529,-0.20279044814037664
8011,1.6439964763054855,2.074255393172866
8012,-2.10732092644382,0.46987891506595364
8013,0.9272796947599541,-0.1728492315137855
8014,-0.01510084001202377,0.04319819800331107
8015,-0.6621634304128112,0.08773713886869182
8016,0.5695953740396555,-0.25558898339517255
8017,0.23891115088773318,-0.5232322203999117
8018,-1.2084169180976054,-0.10161272470597003
8019,-0.9734700631217859,-0.0202847382249428
8020,-0.36016745778972814,-0.10180309790552244
8021,-0.31362088078578415,-0.28846934992248474
8022,-0.48992803037089394,-0.2834763912302357
8023,-3.1257133753173045,3.508153026608368
8024,-0.632821614155969,4.765579446193469
8025,3.829387751734002,0.866228043811629
8026,1.659161540594638,0.9435108621668727
8027,-0.019197676854696255,0.6080950971378658
8028,-1.5609626763998234,0.38154929946481814
8029,0.8307655536812966,-0.16850371260319388
8030,-1.0193165345194781,-0.43773708032372527
8031,4.404621078413062,1.515628813119094
8032,-0.1585337310184298,0.4905777694618746
8033,2.7593856182312857,0.6153136287565364
8034,0.3937520556246917,0.13564639685953778
8035,-0.8033085374283753,0.17428616814234935
8036,1.0746357511409659,0.5179596924094276
8037,-0.5845348655480225,-0.11628267418228518
8038,0.3312514205928997,-0.11603760508379055
8039,-0.858107791576104,0.19921632336498196
8040,0.5032415395976841,-0.23326837033455572
8041,1.8277510291119172,0.21502364401648164
8042,-1.3912880817942133,0.42473346613573704
8043,-0.2881402666780874,-0.44354834545446553
8044,-1.0173318006389735,-0.4007203862205752
8045,0.9147401367527911,-0.49798495354473105
8046,1.4537167080817215,-0.12423517171855973
8047,-0.43708027019786166,-0.40477575193056
8048,0.7350025706806163,-0.458251007072271
8049,-0.18047251073212886,-0.42409179440653555
8050,0.2556901578262451,-0.5119879227133445
8051,0.24513794383210358,-0.0185227233154522
8052,-0.6379511165815656,-0.5439134688552122
8053,-0.3387559758198764,-0.4253461686772756
8054,0.483776302276029,-0.5110269264148515
8055,-0.2322938338610933,-0.515283553592748
8056,0.9542564788444298,-0.041586599787348286
8057,-0.3509365385950525,-0.5138575126165941
8058,0.09631938493748027,-0.46659260288941923
8059,0.8712083073814908,-0.474059080188358
8060,0.24485596828288775,-0.49089643237391456
8061,0.006997449016422274,-0.3762325858087995
8062,1.0572223644634124,0.21783935960931422
8063,0.5343868926172237,-0.12046953843329061
8064,-0.6208302781772803,-0.17307848887580274
8065,-0.19947424131458374,0.3128280260124873
8066,0.6215457257207457,0.25653925758810586
8067,-0.12010656079891896,0.27492983793950415
8068,-0.4996763316274678,-0.4540133399623564
8069,0.07618088453980035,-0.3084618087580566
8070,0.2715884721890342,-0.4148310442826484
8071,0.40222536237356515,-0.3484022241738014
8072,-0.4212530645204407,-0.5544722990671963
8073,-0.6344784184025813,-0.380228036394724
8074,0.3360493125059739,-0.4980321192446393
8075,-0.6990929661100335,-0.323330344993548
8076,-0.8957071688630622,0.2028438820896518
8077,0.09800209727063575,-0.30796209530872665
8078,0.27576738921847244,-0.40785337896644697
8079,-0.3581792106522678,-0.2594955592272716
8080,-0.678249980494955,-0.4941924105436522
8081,-0.6937756033455811,-0.3720922978455252
8082,0.899182966595222,-0.36911583263273606
8083,-0.2897330906099358,-0.297235789266995
8084,-0.7430960498458823,-0.32869104170500724
8085,0.2626944185145333,-0.4864352543519408
8086,0.34048460736402697,-0.22578872384093884
8087,-0.3916540412139809,-0.3092587199823038
8088,-0.038881795663769446,-0.4696787981982916
8089,1.2638782364259158,-0.06168700132977122
8090,1.1299035598410512,0.023519027322749235
8091,-1.8194014602913462,-0.22283535077548397
8092,-0.5032076747126106,-0.23234940481149613
8093,4.055553894613099,4.212745112684643
8094,1.3315973220639175,2.7457922767006755
8095,-0.25046099215008116,4.0834866358900594
8096,-2.113926550842236,1.3158286916670934
8097,0.12846935736184642,0.22932313485564526
8098,-0.8651271120746554,-0.401653580848915
8099,1.4467872720890567,-0.22920065234964562
8100,-2.0950244195758754,0.29930289725393855
8101,-0.18017784163505401,0.3893190409696038
8102,-0.5245243333488866,0.22199710592874947
8103,-1.3343076420071969,0.5122075662181313
8104,-3.1586267300699378,3.1978831823923572
8105,1.004257645932609,3.6828795948285786
8106,0.1202557045172874,1.839252240262281
8107,2.235621757513302,1.6034461512665859
8108,3.5875449859984503,2.7085120610025593
8109,1.3032088522425873,3.315478860842625
8110,0.16988328590603471,0.5053899190615632
8111,1.8830575418839237,2.802031963137311
8112,-0.811838665015615,1.3029472668262718
8113,1.4091795372480607,1.255910152952002
8114,-0.46018127862515346,-0.09916826422280473
8115,0.5534345977427324,0.05221172779651055
8116,-0.5169658399508869,-0.03531854286714737
8117,-0.6017876719658395,0.5330604815933966
8118,1.5281870940256748,-0.023368110514528362
8119,1.3270118062311023,1.6862528791694893
8120,1.9602130973944347,3.2340259370589006
8121,-0.25468644228296844,1.0643024448111038
8122,-0.7527893758585995,0.009651111096501581
8123,0.26019697477054465,0.5543490323610851
8124,-0.4133619879397507,0.6257133205843023
8125,-0.02172263725373933,-0.14012332812788886
8126,0.08413408639921253,-0.12281976638964098
8127,6.514437596083847,5.338386781059955
8128,2.5264690627096282,5.653725489988485
8129,-3.239611313770306,3.2857871036091573
8130,1.6795893943985138,1.9866579909569695
8131,-0.6668114313614509,1.0805488980589977
8132,0.3260931743239422,0.7510906710631281
8133,-0.10648112189064135,0.5712073760050665
8134,-0.21885147868195876,0.3828655444394107
8135,-0.31301960834870873,-0.05780530898341063
8136,-0.5515428616770094,-0.2719199992974499
8137,-0.06300384937313301,0.12750935601051616
8138,-0.058087970095280154,0.30304234432041577
8139,0.04325218802363729,-0.5660895718693404
8140,0.3454432299002126,-0.34669137441814163
8141,-0.4535029869358429,-0.4747594543138154
8142,1.001066242546747,-0.2115166646385899
8143,-1.708953874681824,0.11361862686240007
8144,0.11562283463914307,-0.1680871223554312
8145,-0.009276880359155271,-0.412518786156292
8146,-0.8127187641592836,-0.30559106827815363
8147,0.4753957286261776,-0.2628815678946754
8148,0.5125725173516574,-0.2250552368909896
8149,-0.39576503251530326,-0.508670960225897
8150,0.2243829684744559,-0.45131352917354106
8151,-0.5897442939382759,-0.3368147373486687
8152,0.38012662654059914,-0.5496222670194363
8153,-0.1754316574470185,-0.4453390788422215
8154,0.18411028480161085,-0.456411998170507
8155,0.9369715326154946,-0.17992303101723323
8156,0.6971117770758148,0.4318851523958446
8157,1.001030846632452,0.4886063219053296
8158,0.5991218775435265,0.5532606922862708
8159,-0.4604401267930116,0.4602591240405536
8160,0.48857789914110894,0.25697743255648225
8161,0.6850069747687273,0.7328237150309298
8162,-0.3400381312755977,-0.16671765701105123
8163,-0.6598838134186935,0.41164809516662093
8164,0.23941496892579406,0.30997321484513324
8165,-1.7317505274666356,0.9588066728279933
8166,-1.1015357826672991,0.12724803678553281
8167,-0.443477720323265,0.915260447297059
8168,0.8091184246275487,0.3335775974066122
8169,-0.28234690961498415,0.5571638733049664
8170,-0.0932851316314461,-0.48448223907094556
8171,0.316371463032318,-0.35682709940980817
8172,1.5135656512684892,0.12186655436198866
8173,-0.8796307851670351,0.24827939126914714
8174,-0.4166275284742973,-0.40339760181078943
8175,-0.18831243021481311,-0.385785412239921
8176,0.024845725654354014,-0.46162638215466695
8177,0.03064941660981945,-0.28754098861576605
8178,0.2997668133092868,-0.418446174029839
8179,-0.4602824500610187,-0.18260358982779232
8180,0.8052643198011504,0.020732368037755477
8181,-0.6214297463205192,-0.3492881427924408
8182,0.30399922949798,-0.4237328231203318
8183,0.2925804191188537,-0.10477645365498048
8184,-0.7445123426882383,-0.3166224498125234
8185,0.4357410025888997,-0.3142651791690288
8186,0.028708244023323073,-0.4028295444779462
8187,-0.01904798289463719,-0.3940023187281591
8188,-0.5027164157858803,-0.18781796806258516
8189,-0.07291727189826964,0.6107966341084632
8190,0.13915098003267468,-0.2082019509477493
8191,0.6100577404246046,0.2669964739294182
8192,0.706869992328481,0.7461796540875568
8193,0.7951282430615393,0.02426100704012098
8194,-0.7097460811750002,0.1235368178899561
8195,0.018958835916811516,-0.11467278475623179
8196,0.19962207470399376,-0.025630159508515882
8197,-1.53451342452347,0.0742227141227941
8198,0.4511142584813533,-0.3645734461168892
8199,0.0696137432376503,-0.44464346248349884
8200,0.9663934957097479,-0.28268173670383023
8201,1.4977445594824148,0.2756653443691078
8202,1.4029009163535227,1.2376628171870874
8203,-1.5100707579540302,0.8220714202742463
8204,-1.1884509306099287,0.27038767565460187
8205,1.2648193777786452,-0.4827772462186647
8206,-0.035665932426014076,-0.48876523395303045
8207,-0.8447001975027215,-0.41257408136287227
8208,0.17002556596489393,-0.2039802845564481
8209,-0.4777462006247185,-0.49639761558625406
8210,-0.49429351513376313,-0.5101978417769045
8211,-0.5428939334020251,-0.3208545580803037
8212,0.28610614869134404,-0.5738300565346627
8213,-0.14864934187178944,-0.5983043373730562
8214,0.49093812114130364,-0.4271516697952013
8215,-0.5051727918679464,-0.4414308368360433
8216,1.1941812738896274,-0.5443733906496625
8217,0.3262941617785183,-0.5493982366781419
8218,0.8957047542105534,-0.3549008793335966
8219,-1.0315620569565798,-0.46201442475934734
8220,0.5560217221834655,-0.5790586426718308
8221,-0.29471456574714827,-0.33033509382499693
8222,0.3404842592905242,-0.4928341854022302
8223,-0.6621736627316095,-0.3232140112773885
8224,0.038737937723563064,-0.5982774346249623
8225,0.1255540076496064,-0.6199749030243759
8226,0.34529594932792784,-0.6411585193197322
8227,-0.8367402672347037,-0.5378959231815734
8228,-0.004634096877309495,-0.5278856781604977
8229,0.42921873998343824,-0.4887681920692541
8230,0.6038219617344611,-0.5471859237641278
8231,0.9188640748173699,-0.27172392222665676
8232,-0.8382501258155821,-0.35575158780523886
8233,-0.9155939519297993,-0.473688617465626
8234,1.8102274639099685,-0.25566492691557635
8235,-0.1730000727363684,-0.4727212407154692
8236,-0.8327677684573643,-0.3736342000305896
8237,1.1738826637851416,-0.33890149536807024
8238,-0.3123177608486848,-0.5301846541994661
8239,1.1860804098222502,0.09119147547369959
8240,-0.7139198325508723,-0.32580175710076714
8241,-0.05661599515128104,-0.5582866614500271
8242,-0.13560352741462023,-0.4672353230904839
8243,0.13250533210065368,-0.5072569689884843
8244,-0.010836350526889882,-0.4201178732487947
8245,-0.3240708418566658,-0.5404963340561992
8246,-0.20719801637451812,-0.42970321802457984
8247,-0.34345889302993216,-0.48351323999179613
8248,0.2073509500416701,-0.4665408483512137
8249,-0.8640506151587296,-0.18678773944623253
8250,0.3061629133079305,-0.5228727287926159
8251,-0.04762094590910099,-0.3936630606179059
8252,-0.1671795708658203,-0.49759858896825726
8253,0.25973942786877063,-0.48533074566873713
8254,-0.15014832546634826,-0.5583226103167982
8255,0.05009621191509441,-0.5363045961120806
8256,0.7483076975366776,-0.4288676563295011
8257,0.2553345790303825,-0.5858960878514983
8258,0.12704613943244575,-0.581654442183762
8259,-0.24180402606273027,-0.5444276432016747
8260,1.1824425898244753,-0.5235076970330566
8261,-0.09093577222368601,-0.4251851146642678
8262,-0.3327331310434567,-0.1856444337460983
8263,0.03366102911556385,-0.47417509046408185
8264,-1.0323779813381548,-0.1433199490292655
8265,-0.47231230543229286,-0.4116197491309231
8266,0.8529439144805986,-0.2053570148534683
8267,0.5278857669630277,0.06110053837228698
8268,0.14731468579905532,-0.548126980911475
8269,-1.8464626076966775,0.8561992419894748
8270,0.6454607939827733,-0.4348474505714461
8271,0.23209595291143226,-0.36719173864128846
8272,1.2538360534242547,-0.08339488217355755
8273,-0.5329576762984058,-0.3906108590617462
8274,0.46834890476563573,-0.5204775942209858
8275,-0.5675358964035808,-0.5218828979769431
8276,0.19784570706734844,-0.23592411875583322
8277,0.9164042658743202,-0.4387938525380705
8278,0.13717095335406454,-0.22545318577115375
8279,-0.7753590699193303,-0.23378002648198648
8280,-0.18860021141582856,-0.2475282698586679
8281,0.22504942390064317,-0.2333930086037088
8282,0.45842718762913365,0.029347168044290457
8283,0.6235708496677116,-0.005692502934624058
8284,1.4062309933449384,0.9569090761282742
8285,-0.11059448458922463,0.8509848346672669
8286,0.3034850226818747,0.8182895048732115
8287,-0.6458372521935989,0.08714658439773927
8288,-1.766162645646521,2.630915371894851
8289,1.0407166069751101,0.7278848498141407
8290,-0.37501084545038804,0.11417567129873953
8291,-0.8503880589100137,0.4196889655662445
8292,-1.6881120093854274,1.1130538340813452
8293,-0.6043755547281253,0.6842045584298564
8294,0.2758268768362642,-0.23473027391201304
8295,0.9487965590814081,-0.28896986279348685
8296,0.21232094597127943,-0.17551244637002758
8297,-0.8438226033796461,-0.14616060251333882
8298,-0.27700398950903354,-0.3989229826637537
8299,1.1175399142795979,-0.38064090841895454
8300,0.34152502839043997,0.02506677544368679
8301,-1.2387135549397268,-0.32747725589986765
8302,1.392508981512446,-0.5654292888704653
8303,0.09844815521647376,-0.6177804824134935
8304,-0.26504999020312975,-0.4459056211922124
8305,0.0041814724947869305,-0.4733630717752807
8306,-0.11498408614210079,-0.490702768504411
8307,1.1746166642248943,-0.1994826076404114
8308,0.6356116732620658,-0.2559503001159438
8309,-0.6194657711342675,-0.49521990256687803
8310,0.3201257017968837,-0.28794050066475085
8311,-0.434071654028331,-0.5785057804644267
8312,0.10020094104693908,-0.5549244585456935
8313,-0.21695863075695265,-0.5620057130900817
8314,0.6543125356476429,-0.49581107608202457
8315,-0.6694944513305254,-0.3882561070189174
8316,-0.4642855127958999,-0.29472344473340284
8317,-0.11444894658953489,-0.3420834080121415
8318,0.2297074276795911,-0.5594061563093586
8319,-0.5115092752488138,-0.45607859160044995
8320,-0.4270202013658376,-0.44189087308108016
8321,-0.4535377049223598,-0.3401289900106888
8322,0.018448376220157908,-0.5416851414226818
8323,0.01580256238026239,-0.45137896392901744
8324,-0.3012072764582038,-0.6047628069625831
8325,0.28999912041849085,-0.584379287807058
8326,0.34851066859348173,-0.39957955866966294
8327,0.6714232128314084,-0.48825191202959706
8328,-0.27849557838309025,-0.4395140498943252
8329,-0.2292533737985574,-0.5709876135674361
8330,0.06218683860868244,-0.5537176865204001
8331,-0.3564354424180517,-0.6021294122183616
8332,0.9069687663119897,-0.3642351464911135
8333,0.5872120260871132,0.9780766810002661
8334,0.12501140990094245,-0.6478043060148035
8335,0.5379661394772332,-0.16105181200769947
8336,-0.2592460805967196,-0.5198377621631252
8337,-0.37129324562873295,-0.5198808485940785
8338,1.2710338571801914,0.8248099622652356
8339,0.26453505390696447,0.9445725008708933
8340,-0.7062201666157144,0.16412182807886655
8341,-0.19979400947891798,-0.4922426318553297
8342,0.005152868523594213,-0.42581783911581617
8343,-0.4308701608510685,-0.3269526686019267
8344,-0.3767431915430417,-0.48510809588028836
8345,-0.20997565564283321,-0.44068170663964334
8346,0.43837141957290304,-0.4352918063605779
8347,-0.2728130551142995,-0.34192598507178906
8348,-0.5402656915420114,-0.5560023828572259
8349,-0.3764545168600492,-0.5530041976429256
8350,0.3746459520646858,-0.3881796782892105
8351,0.4559242379396161,-0.36648825746358876
8352,-0.12940399498982436,-0.5768703956559478
8353,0.12754197819891008,-0.569024203170949
8354,0.02866669669988959,-0.5952366928112266
8355,0.3151832206433058,-0.48241004446830565
8356,0.5396520448840305,0.06938102749838905
8357,0.20611140617410337,-0.3376377035069563
8358,-0.5911944886061483,-0.31148175989668614
8359,0.8052433056829306,-0.35125105506764454
8360,-0.8299150899545675,-0.30764886176826284
8361,-0.21814169599534416,-0.3996717109076999
8362,-0.16912924118612088,-0.5923626573263602
8363,-1.5793683026643632,0.07162354646143561
8364,0.3120364697451869,-0.04954895233627666
8365,-0.3248302647131941,-0.19646144767830537
8366,-0.366825868056046,-0.42057499643998375
8367,0.25722325922804246,-0.2214245813281805
8368,-0.17513463419021702,-0.4960947693546356
8369,-0.15740395444872324,-0.29927009858687215
8370,0.1086205092250499,-0.43563700764545576
8371,-0.10287637926456994,-0.5978342246279365
8372,-0.5433039818749205,-0.2670200604123828
8373,-0.22027118751186336,-0.5125846858954988
8374,0.32103353540792956,-0.2696321154220275
8375,-0.37659520786303113,-0.4100340067527721
8376,-0.2949554884802409,-0.3840556347823867
8377,0.3849371006970282,-0.3439299904153032
8378,-0.9641881094410554,0.0510403946385126
8379,-0.4900271845535674,0.1902541683065815
8380,0.24230845886351304,-0.020042657377906548
8381,0.45438472125412527,0.7027393130331112
8382,-1.4646659522970344,1.1101767022434563
8383,0.26630126740264126,-0.0004935685214143332
8384,0.9751549655394539,0.0753589906234199
8385,1.2953537520081568,0.2313111180017762
8386,-0.7350721844791286,-0.3271586393737954
8387,-0.31846759469402036,-0.48706669085856164
8388,-1.4098015174213807,0.3091201512789322
8389,0.44315223522813074,1.0475980604467452
8390,1.0843237131095225,-0.27256503845370683
8391,-0.5021262159522796,-0.3712869775887051
8392,0.12965530060210215,-0.27453237564184224
8393,-0.16911930279919093,-0.5112357093981017
8394,-0.009132511031287158,-0.4824835813401302
8395,-0.002453997557419799,-0.3633469828613463
8396,0.4824751030191399,-0.46259011444081416
8397,-0.07777398515914578,-0.4099295821269457
8398,-0.6699114387152466,-0.5090179700956947
8399,1.4056792298748244,-0.4558728756762627
8400,-0.9897650842705722,-0.3673710770470576
8401,0.08297828085607094,-0.5543537632304641
8402,0.10295900927362905,-0.5702756025359139
8403,0.016975643580422424,-0.5448601734592148
8404,0.4195676353432579,-0.4482088973049444
8405,0.5828981772466275,-0.5316220150523647
8406,-0.40905956323222936,-0.42237889214872626
8407,0.2940863119936719,-0.49931926950131084
8408,0.30195482344691943,-0.5600052829512713
8409,1.520149868690068,0.14344551152977428
8410,-1.1173328294407776,0.10580848740957849
8411,-1.4194667676065171,-0.17910471252051632
8412,-0.3801374866639011,-0.17585509982832245
8413,-1.2652455543940258,0.43290902104495765
8414,0.4852259118286519,-0.3651477718957471
8415,-0.3746438279474344,-0.29045080869533646
8416,0.2897964112410764,-0.30119748055311735
8417,-0.8750718483193537,-0.4881997761588927
8418,0.019875757861726295,-0.6166798861447811
8419,-0.42387389428821787,-0.5613505437156
8420,0.5746157408671141,-0.5442817035722138
8421,-0.16727958077105515,-0.43521378082921586
8422,-0.07319244088387367,-0.5905195725177904
8423,0.08028274091695857,-0.5122898440550476
8424,0.5418260500337327,-0.5723731282683567
8425,-1.0621817824060609,-0.2238735641419305
8426,-0.9386453963036767,-0.27458817397180585
8427,1.5829635118196363,0.46998572857741316
8428,0.34982073183044876,-0.32027971595365823
8429,0.6213421277822568,-0.40366924342096583
8430,-0.08189073250935756,-0.4429743983198331
8431,0.489759685073418,-0.5742498163958394
8432,0.06526939175684549,-0.49055882144240315
8433,0.23098645890343739,-0.3650435727077316
8434,0.06754739790781943,-0.6078143525569285
8435,-0.47034306577445706,-0.11673874788243904
8436,0.7512109497808752,-0.46176250169283933
8437,0.35015457731079663,-0.6365639813233809
8438,-0.0710933226126655,-0.3875615348949208
8439,-0.289374296507221,-0.46913100153382176
8440,0.06077623850496238,-0.49384075345524586
8441,0.13422025155417064,-0.4350327620434092
8442,0.1195701830907493,-0.3605470466644412
8443,0.33906276162681914,-0.5281959219115753
8444,-1.030446965068495,-0.38045577416603416
8445,-0.39914482708981586,-0.5213552514594699
8446,-0.32449506415459667,-0.498739019316975
8447,0.16405937074974813,-0.47323235764771887
8448,-0.26591585452184174,-0.526759493722231
8449,0.6036787164365067,-0.477864131651605
8450,-0.17012025346305915,-0.521399613186718
8451,0.6742832088009156,-0.5136180347741715
8452,-0.6507611424367331,-0.2893757893685846
8453,-1.3920832812153263,-0.27830225181565604
8454,-0.22922105093753192,-0.08452010515234071
8455,0.37789424147377704,-0.3168642237589955
8456,-0.5703442742231799,-0.47204991501881416
8457,0.7324510377102095,-0.3580820178236872
8458,0.6840173305315564,0.028178455430092147
8459,-0.7850487221414906,-0.4942735702471078
8460,-0.017104928355576914,-0.5032888255377687
8461,0.7018093312538483,-0.1899698855854651
8462,0.22152644558603252,-0.10818499404620924
8463,-0.5894343335215948,-0.40579322137156804
8464,0.07861552678657291,-0.46365243582562166
8465,-0.0426787445670913,-0.6019183113741232
8466,-0.13359662572601705,-0.5892115959196899
8467,0.13628667168196468,-0.6501843034392966
8468,-0.49703485663279334,-0.5450288494581332
8469,0.3222386446755049,-0.5054876615511663
8470,0.12584694037148245,-0.6189646227178386
8471,0.0684970440630725,-0.48617581070296256
8472,0.7355210440294719,-0.46477665092834247
8473,-1.7188765248592885,0.607752673623096
8474,-0.42445410866115946,-0.42878277128191244
8475,0.7093432023162949,-0.3789284944454605
8476,-0.49290958030034276,-0.36813475313329397
8477,0.6007805903309351,-0.20147046967829763
8478,0.15596928767210086,0.25722877579678777
8479,-0.3216921259314826,0.1731192163842165
8480,-0.7591018092518323,-0.05368021243620027
8481,0.27387512360685173,-0.20906460722919817
8482,-0.16394301416494092,-0.22468683917346216
8483,0.094868204852394,-0.26122069923333446
8484,0.7876014492017598,-0.4208835611362458
8485,1.494202345421416,-0.1794342485728819
8486,0.31006416825665345,0.030935653268220998
8487,-0.5452138713094347,-0.27728149091718607
8488,0.6064315990733853,-0.41443698189121514
8489,0.5375000126862647,1.3173309928767902
8490,-0.0657842029102532,-0.00965845489064094
8491,-1.1544345355151957,-0.2596848285824885
8492,-0.8694730101864154,-0.3875804866405621
8493,-0.8429502519754994,-0.164562211194823
8494,0.3355676163580149,-0.000519392754044016
8495,-0.37427837750664117,-0.4979767820428112
8496,-0.6071766358867219,-0.24497853819931736
8497,-0.5566538775483592,-0.13794280403133047
8498,0.25859387161655334,-0.4230299938829649
8499,0.8823161846949835,-0.355998074902515
8500,-0.1237758628726543,-0.3296380821482573
8501,0.2037683684080689,-0.4900710498598372
8502,0.10304221067963817,-0.4422049235608635
8503,0.7661634572722981,-0.4944105009686856
8504,0.06578761735330652,-0.5915766594355307
8505,0.3630467077404526,-0.588268947395477
8506,0.19588005114816623,-0.5058685667351907
8507,0.1403669467503259,-0.42680984620266127
8508,0.4622146900002787,-0.4449088643221343
8509,-0.4324259963900544,-0.09650306726214473
8510,-0.00768749927858422,-0.5062958983964974
8511,0.46962199684671635,-0.5491295559515788
8512,0.07338603795425881,-0.5023706536801256
8513,-0.1841494632071447,-0.5145192897108972
8514,-0.04157357876085904,-0.5452991250654251
8515,-0.15671284373072947,-0.5054407565268043
8516,-0.5862494780899521,-0.5093279865402337
8517,-0.0005976705059278099,-0.5333861852874742
8518,0.3178510610222606,-0.5101094376207325
8519,-0.670160058397518,-0.48808811423078224
8520,0.599553634562475,-0.5344515872868575
8521,0.1482867823499307,-0.5984670453106878
8522,-0.21738413514719857,-0.522059816777673
8523,-0.44661358006074275,-0.5344511468211016
8524,-0.2011136466080129,-0.493613170911166
8525,0.6635304883892776,-0.5590188823721358
8526,0.6370235906967293,-0.38594014816052874
8527,0.0021706924747488063,-0.3577460219359918
8528,0.40855117083502945,-0.5446940006920632
8529,-0.15056528811270195,-0.5589677705932181
8530,-0.4089686854417287,-0.35884380100778973
8531,-0.08373462081634742,-0.6377093719771304
8532,0.264252645644174,-0.6114992385464669
8533,0.06235804624981698,-0.5739937508090311
8534,0.17364603916866908,-0.5891067466702724
8535,-0.19396624449696726,-0.5821316501244722
8536,0.09020937837094076,-0.5679855518196021
8537,-0.13713805003199647,-0.6061809171441541
8538,-0.1446959644631367,-0.5625920556405568
8539,0.4517713391012463,-0.4230427213201244
8540,-0.26147635541969877,-0.376435693163761
8541,-0.0005479650617140983,-0.5510117025799578
8542,0.0401869021603233,-0.6115624420881693
8543,0.40927212269044305,-0.5327014623651867
8544,0.2793873496835433,-0.3857919426513091
8545,-0.3153168306856926,-0.5706136157570952
8546,0.20772772276134863,-0.5250635821833501
8547,-0.08519943557689647,-0.49609724380589076
8548,0.169645060204915,-0.40066139564028
8549,0.00398406271281169,-0.44039133988620915
8550,0.36833566057215006,-0.5554265325860952
8551,-0.5398507605556515,-0.5488069085948901
8552,-0.027526336981056075,-0.5617568640213133
8553,-0.24838656225407127,-0.48357621223091946
8554,-0.05034830018562159,-0.606092017116291
8555,-0.3600842880966064,-0.424950573268631
8556,0.23611581474346297,-0.5200336006680107
8557,0.184640764620424,-0.47722819968123936
8558,0.17428714989797062,-0.5402128389215315
8559,0.012872704595161455,-0.4815118177144524
8560,0.16893461256286765,-0.5542634076787889
8561,-0.2581898437193364,-0.5366560423282827
8562,-0.06271910469770264,-0.5435929961271201
8563,0.051660935461971175,-0.5879264112391055
8564,0.04646559695040894,-0.5574649903496256
8565,-0.013923699529019715,-0.518747607979595
8566,0.025695125053204017,-0.5614786519630331
8567,-0.07375351446261567,-0.5692776065324247
8568,-0.3222635585208998,-0.3640063730703983
8569,-0.02540351122554378,-0.5430146356574428
8570,-0.030362851405598155,-0.5098963498356239
8571,0.06038724082046484,-0.576205013694102
8572,-0.551897560290252,-0.37558548801497194
8573,-0.1091006428495852,-0.5803655274377825
8574,-0.1837835739286316,-0.6010575957192815
8575,0.320964153946241,-0.46226452139257224
8576,0.31437964629301896,-0.5330205982877524
8577,-0.013668223143569505,-0.5001706627247865
8578,0.04322453130590349,-0.5521795712151094
8579,0.19938989671413343,-0.6453088688792014
8580,-0.2276866281136491,-0.5893974802062393
8581,0.45439367550460263,-0.5033921400719246
8582,0.7299686469035669,-0.2525332246975353
8583,0.1402154948333962,-0.23087796712480602
8584,-0.22572319196251292,-0.344688805434222
8585,-0.22564838078002447,-0.5308804555835049
8586,-0.22020807251956948,-0.5630992958844067
8587,0.34167242622647376,-0.6265445542242356
8588,-0.17853509726292807,-0.5574282381485567
8589,0.5824483417493994,-0.5001885048278301
8590,0.7237345393149341,-0.09213004549631107
8591,-0.48238353582726096,-0.5101707808311327
8592,-0.32686361985281,-0.23019416970392403
8593,-0.0669797429982158,-0.549409273095374
8594,0.3698323380052184,-0.31097926724143127
8595,-0.01741110387288116,-0.49330812230421983
8596,0.035145345186315104,-0.4920385823547568
8597,-0.2058317071501466,-0.5458276949404804
8598,-0.23727092359012614,-0.5338042827290296
8599,-0.17333360757468347,-0.5257755245245557
8600,0.17240743279048423,-0.5962811706536049
8601,-0.20729927931063674,-0.3876573408789606
8602,-0.09415999608263273,-0.5102422204469248
8603,-0.022745980740266424,-0.6215533836938972
8604,0.2887306392660366,-0.48279305443744663
8605,0.017363787190774985,-0.6153530945593179
8606,0.4617526290576536,-0.5434477015740621
8607,-0.19368184190378634,-0.47337611158987974
8608,0.2544413960361497,-0.6710456935199549
8609,0.21709903118311635,-0.6373401919541295
8610,-0.1778185626318602,-0.3777157844973481
8611,-0.17095194198663105,-0.4726628901765695
8612,-0.16582764346515844,-0.5898971572184364
8613,-0.15802144922928785,-0.5580957256691496
8614,0.1555317158931318,-0.5850508330755417
8615,-0.03423010180234752,-0.5257397197514972
8616,0.4874539513925719,-0.4300097179416197
8617,-0.33680870300986665,-0.5465050513819683
8618,0.23282305690799443,-0.5330749554946671
8619,-0.31840096386581773,-0.5131795064621025
8620,0.061698225618823814,-0.48709817531776556
8621,-0.3156156356572326,-0.4346983687608247
8622,-0.17249393582182526,-0.552803857591349
8623,-0.3591540150470428,-0.4745236678321303
8624,-0.003956254703799367,-0.494132919226033
8625,0.36819158861099466,-0.6100274469690505
8626,0.026195454757244184,-0.5753632429781268
8627,-0.10571666382596245,-0.6121517337364059
8628,0.1367642452867501,-0.5713892073751147
8629,-0.46522491694902235,-0.3528133968547337
8630,-0.039716937780327415,-0.4408659904299656
8631,0.23426175823921616,-0.5851768090796974
8632,-0.12375822825764772,-0.5682933871494409
8633,0.016891880305288418,-0.3350989571099293
8634,0.09096412141546369,-0.6259975050037855
8635,-0.06562708025622133,-0.5501752091741792
8636,-0.08261021383540634,-0.42969012451427696
8637,0.13892863147294,-0.632620658343706
8638,0.2635249250703815,-0.6186010745414865
8639,0.060289215877759546,-0.43939119068369603
8640,0.09793832535499492,-0.5651294645733006
8641,0.08218558645053124,-0.5055812915467178
8642,0.1626889894205703,-0.6260092040210953
8643,0.06252080186022237,-0.5957431864841838
8644,-0.07665129925970945,-0.5361739728749505
8645,-0.12243571630898072,-0.55180917650291
8646,0.2423350041194508,-0.48370854434159677
8647,0.1235032073781365,-0.456481609066348
8648,0.07461634336176914,-0.6410284481049842
8649,0.8082767282084432,-0.40420482415084535
8650,-0.005264700119020889,-0.560306384944697
8651,0.04072095203738936,-0.41680666263380395
8652,0.2919666996648217,-0.6317971288643764
8653,0.3511381017705989,-0.39202920396081903
8654,-0.32332883375495086,-0.4667212782135658
8655,0.7927521686263923,-0.40006851677935923
8656,-0.15057477068106576,-0.3042807231722357
8657,-0.4709401827363509,-0.3395601678875663
8658,0.4603895216673878,-0.10099175098329534
8659,-0.31017306011013634,-0.464939193875136
8660,0.1709602964229662,-0.49067620608224305
8661,0.25502998500400387,-0.5488319710191318
8662,0.8128347086834504,-0.3449118850219901
8663,-0.9542477129461859,-0.33230824658186797
8664,0.23182842901660256,-0.6368225394506112
8665,-0.5705746073563058,-0.5373405290348658
8666,0.6695483986180728,-0.3949409757097556
8667,-0.125688433436107,-0.5161296738782263
8668,-0.07206935016671048,-0.5099207222207939
8669,-0.050650484993025144,-0.36279097903215557
8670,-0.22787185536586874,-0.45532947227382636
8671,0.5848235614011114,-0.5227546773108281
8672,-0.41659776524627945,-0.4647616459936794
8673,-0.969464736228592,-0.05071890432018043
8674,0.0446238557747042,-0.02648312420598946
8675,0.09242596866502367,-0.49574727256536355
8676,-0.20047238036323684,-0.37229972282586943
8677,0.06314347440133912,-0.5595158738045501
8678,-0.5838781043296422,-0.2864019275707285
8679,-0.07280581488347537,-0.3419379892401711
8680,-0.4364122168102407,-0.33900125332626935
8681,-0.09366163765476346,-0.5586110180322299
8682,0.44121969456519927,-0.47403733218242394
8683,0.0329489878473215,-0.5472339995153395
8684,-0.46553388065085965,-0.4934319187779011
8685,-0.33673104744259275,-0.46274324896597857
8686,0.7890927366063536,-0.5991147062545903
8687,-0.3330346157738456,-0.5743044622269221
8688,0.5798882428694944,-0.5704007823856342
8689,0.2125187575470084,-0.5951465056598404
8690,0.07039702214137564,-0.3636329263974954
8691,-0.29660071946719546,-0.4698329842941931
8692,0.08255094476080928,-0.40688141839452724
8693,-0.6007016852309841,-0.46117151829743497
8694,0.10986302286791194,-0.4186849132509569
8695,-0.12383890697957894,-0.5512915660612973
8696,0.16327776626277604,-0.6494511157236907
8697,-0.2912952056530983,-0.3967109263701605
8698,-0.3185681719694365,-0.39686512218454956
8699,-0.022489628263682733,-0.4081955230713164
8700,0.6309206927570828,-0.5552899555548615
8701,0.6119456268353328,-0.5417262116193474
8702,-0.27447351051641394,-0.5010996089530155
8703,1.432542007979027,0.19577962528596857
8704,2.3333683093233497,3.08165478896928
8705,0.39456841011356814,0.005092142703162162
8706,-0.2121507835668104,0.2229851345292864
8707,-0.16809848424310767,-0.15125083752179722
8708,1.1102181136323237,-0.03618275598570857
8709,-0.7976846791874661,0.5009107854244673
8710,0.1395529234258655,-0.40197959152134694
8711,0.18348326849189012,0.1939329375715852
8712,0.6624825814111766,0.5145561691350443
8713,-0.15900201946258108,0.35825062449722017
8714,-0.17735640435920866,-0.36605871577162213
8715,-0.9234031786937993,0.07460259860559473
8716,0.275933476927734,-0.44516507754530066
8717,0.33158869544353753,-0.44862186027983836
8718,-0.9450459090679014,-0.4292864006011205
8719,0.3251198850472982,-0.427246070790969
8720,-0.28368412059268944,-0.4110904469571758
8721,-0.024877115935489434,-0.3199326683373287
8722,-0.6170860250655066,-0.2054658872427895
8723,0.07346302702090873,-0.5931862383431196
8724,-0.3407156163014162,-0.3736399332929129
8725,0.5624442678262789,-0.5791295680406621
8726,-0.18395047726411234,-0.5354948606059861
8727,-0.001615751513890453,-0.38831223489829003
8728,-0.30151742304375173,-0.5472191749441268
8729,-0.5821616316064773,-0.25294364965903654
8730,-0.026409811483992775,-0.470814120143847
8731,0.3636082770750533,-0.6105878084614829
8732,-0.46227232088803305,-0.5560748738775366
8733,0.09388230568568184,-0.572676267504293
8734,0.21445001653651685,-0.5676993451014599
8735,-0.1321830239377866,-0.5254073138909419
8736,-0.30116295458187764,-0.5740302464395954
8737,-1.3059908870055674,0.00967335266729819
8738,-0.8103873552432912,0.40725203390985154
8739,0.25851504531222125,-0.18554477041541462
8740,0.538220151321526,-0.39700755787966485
8741,-0.06532642585175479,-0.519354472384896
8742,0.022192271104078058,-0.5880242863910844
8743,-0.2394585994513496,-0.3996795060876434
8744,-0.023356647982004868,-0.30530146032964517
8745,-0.5284255779465049,-0.3938946275966683
8746,-0.008630960602064664,-0.3955335396519007
8747,0.46026391886877077,-0.4496147503288492
8748,-0.04303731802624257,-0.5575833176443024
8749,-0.6894039381979375,-0.3363088795807898
8750,-0.30364584671996264,-0.4118488123154012
8751,0.0654109604281785,-0.5313206332657663
8752,0.24301497647933723,-0.462125773464036
8753,0.2661741865086463,-0.564794785946
8754,0.04905360923933026,-0.5013932693068421
8755,0.3457304544468614,-0.4004469773828362
8756,0.3818567324191069,-0.3522656026013703
8757,-0.13981992008143287,-0.4937565778706745
8758,-0.441015370112505,-0.43002483579726847
8759,0.13238696649198037,-0.6340414172391068
8760,-0.161269115784366,-0.4947917691007138
8761,-0.3664833407615693,-0.40528858426275244
8762,-0.3087001072819182,-0.3575412276196223
8763,0.46379265703162903,-0.5099710563744386
8764,0.8842341672289469,-0.22790177034887033
8765,-1.0386203113319565,-0.18905489288052862
8766,-0.3651767576388698,-0.3368249650986323
8767,-0.03822368097817225,0.21556240212221
8768,-0.2579128092561542,0.12043943716125578
8769,0.016281867291424924,-0.33361708634241344
8770,-1.63789402552315,0.3462935063047612
8771,0.27504522013450655,-0.09314790839698353
8772,1.6712319854926176,1.4337596480936028
8773,0.529530305754718,0.31736018237881075
8774,0.832592672212273,1.5914490696977996
8775,0.5332544978812205,-0.19780734377025902
8776,-1.410110696801624,-0.39092089672347374
8777,0.6986425555340804,-0.20634909999766973
8778,0.5351685896071194,-0.2604373571185241
8779,0.22214504352733896,-0.04853822711127435
8780,0.22494043045729664,-0.4973570985446899
8781,-0.04082877991076484,-0.4874251572606808
8782,-0.8592267390261378,-0.4064641455098093
8783,-0.4473657021437427,-0.2861351071056496
8784,0.15224100876279284,-0.25299616503499217
8785,-0.42475271304020124,-0.3363310243809718
8786,0.11937613980938509,-0.5477105667950714
8787,0.8442333301052228,-0.5397633077088587
8788,1.2101435065640966,-0.4153519355294331
8789,-0.06559706543438984,-0.047734625532449886
8790,1.1747589138709589,0.2233499966986213
8791,-0.7575229210320715,-0.41557019639563636
8792,-0.19732544799991664,-0.2305416797825839
8793,-0.19006529622525084,-0.514757543376324
8794,-0.033694924842929484,-0.18045446509258645
8795,-0.5221577164232545,-0.1979546118893894
8796,-0.2786927268113003,-0.5404428323326782
8797,0.04174558561822123,-0.4571701216477228
8798,-0.938015380573564,-0.4038914568531083
8799,-0.023447664707243868,-0.4240220517610351
8800,0.2301226832582706,-0.5864245459904739
8801,0.08568238689565844,-0.5014118116676981
8802,-0.6560977630129211,-0.3911437150128136
8803,0.4282614585282367,-0.470549302515031
8804,-0.43390944497249495,-0.5887750364153191
8805,0.05056745010951868,-0.34954815074088147
8806,-0.2208993577142503,-0.49646551410915785
8807,0.7887730317580979,-0.5588373242712522
8808,-0.8316804864893268,-0.2793116230753974
8809,0.4686486552938912,-0.3219373140184223
8810,0.22798841412680018,-0.550986971765638
8811,0.5800927864564209,-0.5125118804926425
8812,-0.2594350158201774,-0.20246697214129045
8813,-0.39690195391501715,-0.419106751261071
8814,-0.5145919390416545,-0.5117506965357108
8815,0.032653483186392586,-0.4398041461823935
8816,0.393434996889218,-0.532267285371964
8817,-0.6057560928394545,-0.4614906950141565
8818,-0.6727096968500963,-0.30629821266883567
8819,-0.02033303395343552,-0.5655105750059355
8820,0.43746180626739245,-0.5522846160075645
8821,-0.1973487498598135,-0.39343355818631554
8822,0.19104590519974002,-0.39172428504042106
8823,-0.32655502977402695,-0.3887531930522773
8824,-0.567187926185116,-0.4593339034231884
8825,-0.1776434080909648,-0.5470997185846991
8826,-0.8034972364398074,-0.4337809319633505
8827,-0.3593711949699356,-0.27690689229607185
8828,-0.4141561832001267,-0.14297441550770495
8829,0.10818561826047704,-0.1661496548784545
8830,0.4176360941605495,-0.41933580284045946
8831,-0.5397686374515395,-0.5213968266580501
8832,0.08537754924905126,-0.5258604930748481
8833,0.4721972242902194,-0.5471876876116033
8834,0.028214898407127036,-0.4784131022261333
8835,0.07809088282475195,-0.5853353044818383
8836,-0.14318274445116996,0.3275369057407977
8837,0.10906462371856379,-0.3711982769291391
8838,0.6984592242580105,-0.21860510145826806
8839,-1.0756764314826375,-0.45631922095682664
8840,-0.018597608085557,-0.35088262629550626
8841,-0.6682149419374543,-0.4929281452500202
8842,-0.09168983468415312,-0.4352858933320935
8843,0.09490045944666181,-0.43055382950045207
8844,-0.0417641018471877,-0.3047198436257219
8845,-0.41428612403510456,0.021344173792393558
8846,0.23788501453882557,-0.53452157032795
8847,-0.15780103911321336,-0.3881003243969872
8848,-0.20806345215652988,-0.5107439377514607
8849,-0.21072760747945202,-0.04001137525433154
8850,0.34722604611134494,-0.49773379428924924
8851,-0.776370898103536,-0.5258738072282259
8852,0.5290055949111219,-0.49074697891006097
8853,0.10740036881547073,-0.4961964173845588
8854,0.0976620339221643,-0.43419554439532054
8855,-0.13698964198633728,-0.3844607667613329
8856,-0.6964729976843881,-0.39913742572367267
8857,-0.09934671513050254,-0.3931850210920369
8858,0.010239853220305769,-0.2297155095039275
8859,-0.36507206313868334,0.4901427572656693
8860,0.6471183066589551,0.3155523508064798
8861,-0.8004867668382999,0.9708938656409264
8862,1.4395342925155485,-0.187294917745322
8863,1.1126948582259162,0.044156275771654575
8864,-2.3024646301805034,0.4146582486318822
8865,-1.3279146450919679,0.7846579950889646
8866,0.07883745018042514,0.6145298629044885
8867,-0.7399089360797388,0.027775903219850632
8868,0.7267325929656532,-0.49283787329207585
8869,-0.3603894584911046,-0.16829039370148677
8870,0.12158870150829101,-0.617452287584019
8871,1.0351763839136716,-0.2819907313463799
8872,-0.36244635157384153,-0.5212404093004359
8873,-0.20103320438463002,-0.44759106854736286
8874,0.09369665884406182,-0.1802444233280066
8875,-0.13834920142845597,-0.21863267715216111
8876,0.03284471303103277,-0.4692539481267308
8877,0.08966133985855057,-0.4412401788788419
8878,0.04336545897879673,-0.5184444048217846
8879,-0.4295768115215074,-0.5073563895407633
8880,-1.2532887503795753,0.28288077590857197
8881,0.11916709176279817,-0.300075239242162
8882,-0.652447078965803,-0.33835069959424796
8883,0.24453382435839313,0.38214563496945675
8884,0.06405801476366603,-0.4647636044528821
8885,-0.9233088304471618,-0.26543440331829926
8886,-0.41598896074509234,-0.558929968169379
8887,-0.1528598302497621,-0.0536781983135011
8888,0.980008116216626,-0.4376263070013221
8889,0.38302919978988004,-0.5106520362000974
8890,0.36352316291674747,-0.518001957327711
8891,-0.29994041666369725,-0.5298491019089464
8892,0.7045040789673512,-0.2884184497394506
8893,-0.3948389916044072,-0.5393698287076917
8894,-0.1768707005342314,-0.5403293158128979
8895,-0.06968225702385913,-0.5167777449529578
8896,-0.31779893088249384,-0.6140032088310249
8897,0.45609804183562697,-0.46680176480771635
8898,-0.8118418510409589,-0.3810161345797537
8899,-0.8916299487342134,-0.4346453058540307
8900,0.5596217474190879,-0.5779269326166298
8901,0.21274326837493485,-0.6308767076851002
8902,0.38403994974836525,-0.5663343781242716
8903,0.1719700579574086,-0.392201539400373
8904,-0.11245847529815907,-0.2587081670906511
8905,-0.05445442858625035,-0.5635606659617919
8906,-0.8590278745355664,-0.5364876357987404
8907,0.04608670537847533,-0.4882038498097725
8908,0.9026836549442079,0.22804543665244068
8909,0.647958422868179,-0.483753242923154
8910,-0.13473986631942436,-0.5424045190183453
8911,-0.5177222905616965,-0.49295116047308546
8912,0.47317961759693716,-0.5510006310872572
8913,-0.1033172109703453,-0.5077922514234225
8914,0.6409729077076476,-0.5389737594051841
8915,0.5988794904120586,-0.4035729340691609
8916,0.4315479733557429,-0.22311327183058433
8917,0.10492862089980308,-0.49185027786873226
8918,0.0175705185324355,-0.5658045924582732
8919,0.13634671248624072,-0.4691008923764082
8920,0.17640285234553793,-0.5295296672907335
8921,0.12204476382381507,-0.4982081343527637
8922,0.48988026161323944,-0.5067494025112567
8923,-0.36664659728507953,-0.5179006760734746
8924,0.392095203890991,-0.2825204648555664
8925,0.32297565909606396,-0.6011664466916221
8926,0.23739063397536306,-0.3204318945168043
8927,0.3298651041771042,-0.4613985325997879
8928,-0.36463706075451174,-0.4742736856984185
8929,1.1111691573344176,-0.39273772443121496
8930,0.4376508208708948,-0.24833621982431509
8931,-0.5488149029905186,-0.20393275095728877
8932,-0.2703798429772172,-0.329309802986324
8933,0.8283158019678523,-0.3410768858039127
8934,-0.13131480758854872,-0.664470139565967
8935,0.763350049164639,-0.18565182435682048
8936,0.6937831898127653,-0.46798625149789536
8937,0.056509645875642785,-0.24766219010848406
8938,-0.006179557157442143,-0.1181765175936437
8939,-0.3123091821614982,-0.1482298123456363
8940,-0.3364958046694073,-0.42424885238257803
8941,0.3014754746617876,-0.4275235864114222
8942,-0.2009162561263376,-0.5464454646110428
8943,-0.06942750460487258,-0.3554665330589373
8944,0.2716558182282564,-0.5462775250560508
8945,0.3927364201671012,-0.42133490672937063
8946,0.04818817852764685,-0.3648230528644061
8947,0.1828521961926562,-0.3927285115964015
8948,-0.34723920845118483,-0.47356698727836194
8949,-0.6177816486144921,-0.28594565414931944
8950,-0.2617321562273784,-0.4060248894540109
8951,-0.4154097946214712,-0.4426371057086113
8952,-0.19430439271383218,-0.2813567941572564
8953,-0.5539444651986503,-0.17027207319384957
8954,0.5619557541212635,-0.6004406470691024
8955,1.2822573355501452,-0.30237063840810463
8956,-0.44981201426539913,-0.5333765510466065
8957,0.739870226301268,-0.313327904331369
8958,-0.035607718449283544,-0.024071781572834048
8959,0.7963614480719713,0.1942673102176493
8960,0.006604649448032724,0.2084157274690746
8961,-0.4233756812714634,-0.19971210418299057
8962,1.43943257085874,-0.1265634201208573
8963,1.0350193337414137,2.57713155897985
8964,-0.18419031229233013,1.4631851060264032
8965,0.6018770277958898,0.44542461891012064
8966,0.9573899673059909,0.5206581864492487
8967,2.7631044857532996,3.5695278803845882
8968,-0.003103917290902371,4.2815479637759095
8969,1.1887348655893446,2.7185836162984205
8970,0.09849771588191654,2.4932881250127266
8971,0.086237550327945,0.9975988414655698
8972,-0.08486611042006448,1.0315353079733378
8973,-1.3818420151564295,2.484001484784923
8974,0.1825143801734789,-0.0860528423499673
8975,0.17952135337478609,0.27298709828126216
8976,0.6952276990014575,-0.09214806299993433
8977,0.02863069514473556,0.02791101502770605
8978,0.43260490917752714,-0.3591189940486009
8979,-0.3415921062612197,0.5025058693532491
8980,0.3786045812199016,-0.3932774489129274
8981,-0.6282094254405299,-0.28553495162279396
8982,1.0023934736246833,0.5630314310726823
8983,-0.16291714858550277,-0.15874167517076238
8984,0.30918430673117403,0.14305157487404674
8985,-0.5388118297180249,-0.1612919177745297
8986,-0.7573883422737234,-0.4657348447660756
8987,0.4691336944374841,-0.16896848009370144
8988,-0.42263690898635425,-0.4470740150687641
8989,0.1558475380063921,0.18505673788363292
8990,0.6321802308642246,-0.2031601286686459
8991,-0.3799544063685546,0.20271570547551815
8992,-0.020932300882519572,-0.5009552828594794
8993,-0.17967573697973122,0.05210276922693889
8994,-0.327199965501636,-0.558663687405286
8995,-0.38533604020993983,-0.3722423831501643
8996,-0.7960785791768408,0.24752627605622743
8997,-1.0137224077045957,-0.04527564128311682
8998,0.2675471130006606,-0.21013182298209412
8999,0.4442931760174102,0.16019897325307933
9000,-0.4964966142246825,-0.00047816096069703076
9001,0.9964885248067796,-0.2837563089437708
9002,-0.5760716797538918,-0.5233414796818985
9003,-0.055152656440006824,-0.49849856004473125
9004,0.6781656616295185,-0.05094433791897237
9005,-0.2357563729388632,-0.45691068330467355
9006,0.2101330764090297,-0.49456443286641244
9007,-0.6861384991837061,-0.41757910247018304
9008,-0.8990961149142227,-0.4696637903950868
9009,-0.33322549135259105,-0.5663942061463936
9010,0.7959961884620168,-0.48496787251383267
9011,-0.2418281122341123,-0.5898807659400539
9012,0.5066947102073275,-0.4467862862982487
9013,0.09812568255618354,-0.47122631080052696
9014,-0.6068152670127527,-0.5342808022000483
9015,0.6606223004882096,-0.5104459971552848
9016,0.44213109698028785,-0.42095611136111455
9017,-0.1536009835455763,-0.49584474581138466
9018,0.01726133849195799,-0.42469929765623426
9019,1.146424684089261,-0.14829544387541865
9020,0.41820398328714836,-0.12456708451768049
9021,0.6003240552488148,0.025687056189401328
9022,0.37333926043338767,-0.015579772426072575
9023,-0.25998262304738695,0.10865299472581469
9024,0.8146253005728136,-0.11613755521851181
9025,0.020551388426136734,-0.22389264600545342
9026,0.01632194801171835,-0.44051104374541705
9027,-0.7344967396953896,-0.17154838446901524
9028,0.2947796184781465,-0.16591488180905664
9029,0.3630902391018557,-0.20484271914921146
9030,0.03433317324841114,0.09935575353744405
9031,-0.05624270845483905,-0.008247082589479891
9032,0.4218192349459053,-0.1998807552835159
9033,-0.04846766706137528,0.207463687207786
9034,-0.8005582070373926,-0.2250132914980511
9035,0.8809158317427993,-0.2482764088562524
9036,0.7204456312622611,-0.15980380588144896
9037,0.9501381360826996,0.5273971015963325
9038,-0.8898875890937159,0.16531025495179222
9039,-0.07929178403616707,-0.39058752973207506
9040,-0.6902234824585414,-0.21915454590328046
9041,-0.09219300194196446,-0.062064997351658734
9042,0.11951182224516987,-0.4605813296183937
9043,-0.6787677722963956,-0.035139054211314746
9044,-0.37950663287986386,-0.36005202182750395
9045,0.2659536723833611,-0.44847762925577134
9046,-0.14061120887052606,-0.5970778337063664
9047,0.1945026899393983,0.28597457544406696
9048,0.3699877443339174,-0.41647646257644294
9049,-2.835200354564192,4.153409216754707
9050,0.623894017120472,0.9503437162267077
9051,0.3765908505367527,0.8462191743343175
9052,-0.3961322894054111,-0.2098332967972972
9053,2.784172881364566,2.011854889263518
9054,0.5810656267295917,1.4486066338939003
9055,-1.3243309035350543,0.9602049915919186
9056,-0.3921198457600803,0.599040062237157
9057,-0.19778956531892497,1.173422820856458
9058,-0.44218003736766476,-0.32151726124672814
9059,-1.2064170683126374,0.6544447675504147
9060,-0.025219299593082493,-0.2630796581072004
9061,-1.3315434254478278,2.115008082341035
9062,-0.7919143347116604,0.13279765955261047
9063,1.1086242232073567,0.2145516147019169
9064,-0.6629470793794154,-0.12978090614475055
9065,0.6360770291311798,-0.45042513473466256
9066,-0.06169755221847719,-0.010500782511252745
9067,1.056911130168922,-0.34564318576514275
9068,-0.4613877970007323,-0.48021545464997
9069,0.26074207243020076,-0.5684456143182779
9070,0.0867605459865083,-0.6305427952796967
9071,-0.17680605657110549,-0.2530910280863428
9072,0.6214095525146357,-0.611260809033543
9073,-0.02217186321794349,-0.5629163324140849
9074,0.1507631483667071,-0.5917851442229877
9075,0.36522091549764557,-0.48036965190489705
9076,0.3219271426590339,-0.5779651427779281
9077,-0.18036297287534847,-0.5458021351624791
9078,-0.17706400195200084,-0.5938733674882957
9079,0.23621382439569355,-0.41696045645633634
9080,0.3071862976987336,-0.5217125475068322
9081,0.144895460404867,-0.6352366110346379
9082,0.007618107761888466,-0.5425241341185015
9083,-0.41085229073123214,-0.4817945825051126
9084,-0.01721857925328133,-0.5250527129046779
9085,0.019383037535172815,-0.5780851806336731
9086,0.16524453918726084,-0.594921117595656
9087,-0.11400239081879011,-0.5653027629892671
9088,-0.1567994532799359,-0.5560445168666369
9089,0.04220088319655099,-0.5919568900579667
9090,0.15513882015421004,-0.6360643005812238
9091,-0.328766944372728,-0.4789543238161329
9092,-0.4000680964459628,-0.5112364500306047
9093,-0.08094035764730693,-0.5209958159298311
9094,0.20403664799055182,-0.5410371262481773
9095,0.21902555983650415,-0.5538965269512791
9096,-0.5171308166150176,-0.4605874000738352
9097,0.6484730277993398,-0.5987127385380642
9098,-0.6256210871066759,-0.507352735077674
9099,0.5025256741856049,-0.6280979370525549
9100,0.14549609703959887,-0.6177563542067283
9101,-0.5141871133390039,-0.5192553917557352
9102,-0.11553710856082924,-0.5364011344978553
9103,-0.486034594577798,-0.23560551859558682
9104,-0.04800792073978063,-0.20526738850281553
9105,-1.1899092879689859,-0.31640302872741766
9106,0.12301516661569437,-0.4234163777236953
9107,0.35817011134090826,-0.48851342377836365
9108,0.5604065790124045,-0.35073851460296523
9109,-0.15510133746381982,-0.5974572002567154
9110,-0.36471341884120534,-0.28597892632666605
9111,0.14001751361096687,-0.5857935998679783
9112,-0.3788981537010709,-0.62587129744076
9113,-0.6605228729181918,-0.3947728601593963
9114,-0.42986682432835077,-0.25107101316478675
9115,0.583695656095332,-0.5068464848697407
9116,0.12485189857189508,-0.6235210100861697
9117,0.20513317690704003,-0.2655751440158394
9118,-0.4051559943886266,-0.34146290453084255
9119,-1.2367237040454588,-0.229766445282814
9120,0.08265873530163227,-0.32751273445251144
9121,0.21105945377722796,-0.3668906504569508
9122,0.17334513183221972,-0.5711928677096975
9123,-0.8343843186614974,-0.31769234571971433
9124,-0.49927741413372495,-0.03359207649491616
9125,0.06755718521546597,0.24207129602657876
9126,-0.6344700611936022,-0.12332158366202482
9127,-1.019435513596975,0.31365388953600926
9128,1.167698346534584,-0.126529193592299
9129,0.6530138742602787,-0.15329871812274726
9130,-0.40664504152782377,-0.5863372407991612
9131,0.516934295980149,-0.41547834359676217
9132,0.4507908420861478,-0.41511592199821024
9133,-0.04380873121214491,-0.416315061652501
9134,-0.23431033512772764,-0.37466387604317053
9135,-0.06562126717219732,-0.644479435640275
9136,-0.22790767762282482,-0.477118703949127
9137,-0.15274204189097992,-0.6039123841719137
9138,-0.03555474806677766,-0.40813304171898435
9139,0.3493886794779417,-0.48716122345252644
9140,0.4377838776302101,-0.47301306231962453
9141,-0.20880236635457802,-0.6024851786902378
9142,-0.4342839195849248,-0.5573230781087509
9143,0.06658905854560795,-0.51665641054471
9144,0.07776510694003805,-0.5443444327799576
9145,-0.5466192081894793,-0.5715691326570987
9146,-0.1114588036331813,-0.35329862450854127
9147,-0.5264869466110753,-0.31138446656693725
9148,-0.16421722319000015,0.007844818925277821
9149,-0.788504791717435,0.07405954762099377
9150,-1.3143956057272084,-0.1614752002639809
9151,-0.956110745084599,1.3567958238956341
9152,1.1001731958401932,1.2361147097942502
9153,-0.12313655800368421,-0.19452059152266116
9154,-0.6673747441785689,-0.5008350925844984
9155,-0.6807735320905648,-0.06373823671275057
9156,-0.10986904474296555,0.9220353998132409
9157,-0.31973244261686906,0.3055721851829154
9158,-0.4370109064211507,-0.3806695954599504
9159,-0.9705144490350646,1.0595996738422804
9160,0.1149570130821804,0.5515875538909477
9161,0.12441841862400257,0.928934117676451
9162,0.29317711045999206,-0.32645786475365757
9163,0.10619082828004167,-0.22857262167669087
9164,0.1870981865504348,-0.4846654219970532
9165,0.32963468053302425,-0.2093818227786703
9166,0.3507779453881888,-0.3700796850913979
9167,-0.5526321287307648,-0.3364945938283271
9168,-0.6190025829723309,-0.4944911498590172
9169,0.34863671704347876,-0.5795888429280142
9170,-0.6846831277600945,-0.4018488653898466
9171,0.47640010364956076,-0.41827471821486617
9172,-1.2508312462625868,-0.5199042338224222
9173,0.9167213424120544,-0.5912795720954771
9174,-0.21909600546988495,-0.26382782710055863
9175,0.7939413299912754,-0.5317483214469402
9176,0.42897984300496705,-0.48685428603423064
9177,-0.3068685504894422,-0.4026986788440357
9178,-0.13446031085980223,-0.5908630970526026
9179,-0.15984309012202536,-0.5540114338998605
9180,0.5353899059414156,-0.4824498209266287
9181,-0.01004440394011989,-0.5571352268247022
9182,0.3400035835193689,-0.5502574991921675
9183,0.5560862925311276,-0.4137560679128301
9184,0.26535095180574664,-0.4001508551724703
9185,0.437135462287916,-0.45279836818309027
9186,0.153366446281236,-0.6195467500334918
9187,-0.5982779814738874,-0.4483537805613492
9188,-0.2570174076659172,-0.4814006944194473
9189,-0.5058043965919587,-0.5315917649491958
9190,0.1152653950879354,-0.6063508538879431
9191,0.33464769167995967,-0.47572458182214605
9192,0.3436577640300975,-0.5116366936991387
9193,0.23984545497884557,-0.5913026720906854
9194,-0.030224826314988365,-0.5808293268100457
9195,-0.4146725239126329,-0.4394489633904405
9196,-0.5633816945523354,-0.5595154323494635
9197,0.11158029277015839,-0.5386981257387509
9198,0.21776232405271084,-0.5951389834255089
9199,-0.35649385715757714,-0.5573402496044432
9200,-0.4490409606772646,-0.426329721431946
9201,0.46204461111619705,-0.4678712285421964
9202,0.40949399070477094,-0.5892035947420822
9203,0.2803314054609476,-0.6759780072246201
9204,0.46472896224926663,-0.5301521009100193
9205,-0.2707331202480671,-0.4448019405340035
9206,0.2284160210081588,-0.45449826608441746
9207,-0.37534121974409096,-0.4864048354290561
9208,1.0732304018549637,-0.5365553190037845
9209,-0.620314697063375,-0.47319285013329077
9210,-0.48555345545668177,-0.41558203308967445
9211,0.016484968574622345,-0.6183850985399121
9212,0.18126910056921547,-0.6406084989768829
9213,-0.23589185152682676,-0.5812493829277283
9214,0.4299254360014081,-0.6438024155175377
9215,-0.12864256142662528,-0.5567119934979537
9216,0.6121364485015626,-0.5462026030316415
9217,-0.07829918562482227,-0.5303475016150921
9218,0.2933122178104161,-0.6096702948906492
9219,-0.45368688172081545,-0.30471646017193565
9220,0.03105994232322381,-0.5732025955470517
9221,-0.46090802089947114,-0.518656440280959
9222,0.04015688686768376,-0.501394612930327
9223,0.32539656642982145,-0.5332609454302663
9224,-0.3131099008842932,-0.5142021557639936
9225,-0.6534157986365494,-0.4800103061483888
9226,0.15504564403315818,-0.4009899705468066
9227,-0.4562833064588759,-0.5558338020874605
9228,-0.04979782296929377,-0.6042824349459548
9229,0.1875760081822812,-0.677452835600316
9230,0.7029531869236827,-0.4150778185699363
9231,-0.03153798700260974,-0.48896618383720414
9232,0.11758821465694615,-0.513511280582981
9233,-0.02016132014663989,-0.6266017591490718
9234,-0.3710139286872671,-0.624355106324597
9235,0.27821214220860646,-0.5331047181644977
9236,0.331937076829461,-0.5487818832278747
9237,0.10345474971597406,-0.5715728618032481
9238,-0.4627144613091457,-0.4930942626357174
9239,-0.32648918133747107,-0.5034541713159627
9240,-0.18934266249048515,-0.6201910775851165
9241,0.2906891081618168,-0.6060417367662018
9242,0.32455726551734315,-0.6280552813065303
9243,-0.1450620993229521,-0.6263985954693464
9244,0.3822549120423793,-0.5908700909995824
9245,-0.22282595575049116,-0.5726115446521948
9246,-0.3323811742840086,-0.6473227315494434
9247,-0.016488058083742554,-0.6202806551840366
9248,0.15540832031492163,-0.5211934180971365
9249,-0.21208081585497252,-0.49714240977369123
9250,0.24108476567934714,-0.5976301057911324
9251,-0.021735941849098335,-0.5170891181278311
9252,-0.36533381644204205,-0.422330422531737
9253,-0.08042190444980396,-0.5982038838896169
9254,-0.09521188744565176,-0.533348668829514
9255,0.06199619313937132,-0.5019967549420801
9256,-0.3807986292816026,-0.4711560307591577
9257,-0.39639605148838336,-0.5058234959562233
9258,0.7470508172499178,-0.47159088453380155
9259,-0.42749249047368415,-0.5524895625485772
9260,-0.1623987697623242,-0.5544361497743988
9261,0.3196241196164519,-0.5135039121516518
9262,0.15808926127776024,-0.5249184472130243
9263,-0.4396536407393338,-0.42238791737324405
9264,-0.39774886082598226,-0.5204521246982408
9265,0.2021935373205041,-0.6618532944696247
9266,-0.1138075923528839,-0.5408286605081991
9267,-0.288158264375787,-0.3759845729945383
9268,0.6655484751571509,-0.5927974844138043
9269,0.32306238273726634,-0.5651294338328976
9270,0.18050341680563586,-0.6090083510862041
9271,-0.2747741870007518,-0.48315615967601894
9272,-0.21457929786443902,-0.3908557670077763
9273,0.44114257687969993,-0.5863641194717926
9274,0.3028449222779347,-0.5065207414809629
9275,-0.2639917508575271,-0.6156185977995228
9276,0.26392991869893007,-0.5935300207076923
9277,0.12260879647468637,-0.6685511089420401
9278,0.0014190125397290278,-0.3613228573015736
9279,-0.1369031439606908,-0.6221904106248717
9280,0.09770982382829516,-0.6771015527450689
9281,0.17834716940227446,-0.6303471916444002
9282,0.2072301173705744,-0.6398592644903697
9283,0.1851823343184039,-0.6578163598957174
9284,-0.2616588512881245,-0.541016148775984
9285,0.026171449421660192,-0.4861548986923673
9286,-0.032135859483393786,-0.5084643395080495
9287,-0.27570509425799317,-0.3922311501563319
9288,0.2578457573127196,-0.6081900203093716
9289,0.08164722873769754,-0.6541044274530282
9290,-0.05591499583112621,-0.6164876829895358
9291,-0.2595998905958705,-0.5331381885581576
9292,-0.35943628947260386,-0.33265121251333635
9293,0.19207536463476627,-0.6064863029774409
9294,0.179672335496061,-0.6069203594355133
9295,0.15274408120395744,-0.49376395067584955
9296,-0.4112594587291877,-0.5126931846128854
9297,-0.14669115986903217,-0.6279248124448064
9298,-0.3163220225010214,-0.4445292736251762
9299,0.14197521498127272,-0.6002909208649065
9300,-0.18065520810795924,-0.4760827188167421
9301,0.13814046721960296,-0.5899677362446409
9302,0.11671886233103812,-0.6169490690051789
9303,0.23385004507532925,-0.637657039896435
9304,-0.42655587355909697,-0.40796815818299026
9305,0.05463637335709889,-0.3582825881579355
9306,-0.0987974180905906,-0.40566414635370557
9307,-0.08998647727763558,-0.4947990857959642
9308,0.12204269676948516,-0.6116372739859884
9309,-0.2142427323332357,-0.569136725842283
9310,-0.009097631808101027,-0.5890854718077645
9311,0.44488697013927925,-0.5424802405906483
9312,0.1939323441188327,-0.4175625026723934
9313,0.1615633153225114,-0.5031649468386489
9314,-0.005594644971175148,-0.5070043408477752
9315,0.06215720561156284,-0.4680192655609336
9316,-0.03427272825702368,-0.5333709312010548
9317,-0.319766487322105,-0.6306550744136827
9318,-0.06318376997471302,-0.6304659264434924
9319,-0.204222008659105,-0.39350507636423204
9320,-0.23127531876909094,-0.33254921229386963
9321,0.5476433473406528,-0.45097720702550037
9322,0.05121666608571889,-0.44693693525123324
9323,0.22166255040752814,-0.5709534553332375
9324,-0.08215316824809095,-0.35179111763731535
9325,0.15451831838958513,-0.5369958348076128
9326,-0.763021839448793,-0.4280729482530854
9327,0.24042694144236937,-0.3678614979802246
9328,0.32164516080734057,-0.5138814932995885
9329,0.47551406469361257,-0.2301404331184909
9330,-0.19433294334250734,-0.5687142420812181
9331,-0.21214607934300245,-0.30640816410525323
9332,0.16056138316641336,-0.5297214449732498
9333,0.2660789499949681,-0.5958234269046327
9334,0.25321015491165333,-0.5220645095530196
9335,-0.2686245356721682,-0.4465687350661685
9336,0.129796093341075,-0.5303495578675467
9337,0.5009147234781473,-0.5242688107018345
9338,0.5585573625765742,-0.19784974328730492
9339,0.04036643360786855,-0.4789200523734455
9340,0.838336421533274,-0.33270065876379107
9341,1.2923692108519986,1.8726454272038882
9342,0.5574402641917334,1.3854857723840563
9343,-0.3278325079764231,0.6660833214953364
9344,0.14262851076975863,-0.382729968768484
9345,-0.8365503165026539,0.6890377802692249
9346,0.7818294715856968,-0.24056590608928963
9347,0.1961007328727133,0.037097554573011025
9348,-0.3737088232562118,-0.5510269324635239
9349,-0.22717070609788995,-0.2616653116099459
9350,0.3948332114923563,-0.484245916507355
9351,-0.44422335858917594,-0.25562813149813746
9352,0.3978746555001693,-0.5609332264934792
9353,-0.23186823035838647,-0.5547439247592608
9354,0.5876512393814695,-0.5164377856544908
9355,-0.5751855647974677,-0.5232263238897545
9356,0.3367344926668901,-0.5109256778883278
9357,0.2215377231737729,-0.42207072794661094
9358,-0.22610998070544325,-0.5203976049473454
9359,-0.37142143999356764,-0.5172587383489312
9360,-0.9068633235416859,-0.4514604612026601
9361,-0.6278141955944696,-0.3699275709156643
9362,0.32758878725909035,-0.4376468511912003
9363,0.4431511448591682,-0.5475962851638191
9364,-0.26417810223542126,-0.6048633559976878
9365,-0.4728148332125854,-0.45425346255911414
9366,0.6980187518138522,-0.5092317192672446
9367,0.8488746500974499,-0.5722942372755073
9368,-0.38311908655252175,-0.44662492054193975
9369,0.083976136682958,-0.44770208147909646
9370,-0.5262399555151498,-0.45157039200161386
9371,1.0048426596686897,-0.4678921814952398
9372,1.2245270577261542,-0.3580331219967359
9373,0.7096545230699813,1.5362593702452034
9374,-0.9260726236812027,-0.11828499594438394
9375,0.881500772254498,0.25801759046657063
9376,0.03926177999533512,-0.26970305947017786
9377,-0.41861125548181094,-0.3641199767081613
9378,-0.31418418029614553,-0.6061158798377978
9379,-0.3777962451956417,0.13026657515785403
9380,-0.7119652410621286,-0.2952039670494123
9381,0.43128955865587887,-0.388150683577109
9382,0.15330779262531652,-0.5903758268484969
9383,0.1649426087561601,-0.5451415735985831
9384,-0.9681511703855314,-0.4558824622293526
9385,-0.5656560432437989,-0.3422727070977919
9386,0.1483966769710575,-0.5304349348469911
9387,-0.443793755090061,-0.5213162857778777
9388,0.47676675896920195,-0.5055873719658666
9389,0.33777205084991535,-0.628667400487911
9390,0.10659911140825916,-0.634015205616459
9391,1.4511195741525413,-0.23826045605041907
9392,0.12443982794032124,-0.3167660145861549
9393,0.3794937695366841,-0.44878880098454627
9394,-0.6957415353002435,-0.5081509020375538
9395,0.12777271089565667,-0.5196784928343647
9396,0.9302507700679558,-0.48191418112392076
9397,-0.4186351275095063,-0.4995261209267294
9398,-0.6504971148882338,-0.3921814930344487
9399,-0.036464587389993836,-0.60563804219018
9400,-0.3780726629314882,-0.5637459081622531
9401,-0.21964913877459954,-0.5646572750996983
9402,-0.06526795051845143,-0.5673459303169583
9403,0.0640256383809342,-0.5968667878879873
9404,-0.12177709040270657,-0.5822260883989218
9405,0.2190816523176176,-0.36489708747048905
9406,-0.33344211610073976,-0.623299458774056
9407,0.09783365282205858,-0.5000314659119057
9408,0.18298043771044525,-0.5088651968089244
9409,-1.2081470988234286,-0.44602648839986164
9410,-0.1299625366350199,-0.40002334689667307
9411,0.49044520429235827,0.019455662876773274
9412,0.08840887256451643,-0.5692393912594303
9413,0.08868262122501623,-0.47091753641443745
9414,0.5188743644418703,-0.16781127082846
9415,-0.5382240631178438,-0.3200575287611462
9416,-0.04043186767679313,-0.4908788495230762
9417,0.4864904012271841,-0.5440188347765663
9418,-0.08563820576444246,-0.5083103528696538
9419,-0.44964937174930075,-0.6102430905803649
9420,-0.2832116708422938,-0.34941472601058526
9421,0.1365240032931298,-0.5047922969372576
9422,-0.3007158207723776,-0.4615392599447833
9423,-0.08189309917625678,-0.2229833024715834
9424,-0.27998937614931374,-0.35697864783812655
9425,0.2651511683449514,-0.41813011504596204
9426,-0.35492594297210633,-0.5514581871215736
9427,0.10689155464021559,-0.2979031057556675
9428,0.29840805555512656,-0.48651412022108037
9429,-0.005215973384097933,-0.27538668621861634
9430,-0.41200220519000674,-0.4979178575312938
9431,-0.6035146003754555,-0.4911809549729267
9432,-0.5553213304499643,0.17789880547776238
9433,0.3384538134828307,-0.36973572261660465
9434,-0.40807055151364846,-0.5768745036216045
9435,-0.08741647304767589,-0.4534830018846485
9436,0.7875063322650563,0.4552156986752129
9437,-0.8656763936625343,-0.4349954191958692
9438,1.8106382798103253,0.11436964871888831
9439,-1.67720667198441,0.7266666214045447
9440,0.018736514560579696,-0.29226665900218385
9441,-0.354528180638186,0.021416715826606512
9442,-0.03582034113514022,-0.30810296388088104
9443,0.8945684476558693,-0.06097182187108941
9444,0.20246975556067454,-0.39385836809775265
9445,-0.344163438787941,-0.33801162462448653
9446,-0.5532040759256373,-0.004843509589322055
9447,0.12927975041504586,0.04339664644633477
9448,-0.8541752134134957,1.1158056714646585
9449,0.47270555127866926,-0.3085365468875634
9450,-1.2304131465059385,-0.07522040128765653
9451,0.4293985658216207,-0.2172411114729897
9452,0.1184569821360251,-0.5326805543846809
9453,-0.41753185212909255,-0.39882521224225476
9454,-0.1232931334474355,-0.5457532692454251
9455,0.37694759874647554,-0.42941537304918836
9456,-1.9071301061301036,0.44808926765779417
9457,0.7425176511417424,-0.06013286653623374
9458,0.9663478528372489,-0.5381639176544907
9459,0.38112090357321654,-0.16677901424086286
9460,0.4798570181150328,-0.47885026266000313
9461,-0.6083455925398047,-0.500872131751741
9462,-0.15538203335194983,-0.14338677904295205
9463,-0.8514616610875945,-0.5545948105106187
9464,0.03364006319049501,-0.45181485636336327
9465,0.009824090607881203,-0.49575810071363935
9466,-0.5313060881410879,-0.4735574114528693
9467,0.18552606188114895,-0.4732150837700974
9468,-0.9187089558123831,-0.09894621672304739
9469,1.1870352614029192,-0.285118844503731
9470,0.40204644090020825,-0.5195610736032514
9471,-0.43231207256840587,-0.4239655875718566
9472,-0.48119369782856036,-0.468136853108501
9473,0.6500693621801601,-0.3822697899285925
9474,-0.24022231990998816,-0.5205081644438672
9475,0.6176398120580452,-0.4646222473564885
9476,-0.08445161386375843,-0.59563922152189
9477,0.14806283672187262,-0.5566330520697506
9478,0.28835961232483587,-0.50429109482185
9479,0.28782416033789837,-0.34188392154500086
9480,0.5323111371627387,-0.3776528021581412
9481,0.19335910322241365,-0.3693043588506376
9482,-1.0842271461844581,0.5180885488897036
9483,-0.4735155129901406,-0.3632549925594827
9484,-0.5167461899905428,-0.41718988123599976
9485,-0.5980759655795787,-0.47262213292121835
9486,-0.4014185928095455,-0.5087918356398307
9487,-0.27104245011796335,-0.024985554649436786
9488,0.9951770910752398,-0.3392447341429146
9489,-0.8847994218089563,-0.12121551754327553
9490,-0.01129328278878942,-0.5009869537593902
9491,0.30581445340932867,-0.5315852649041206
9492,0.5567848608561257,-0.595757572048983
9493,0.1874115011403847,-0.5575054752664104
9494,-0.11554119291004877,-0.6217379789852022
9495,-0.4207950880130008,-0.5146651201180147
9496,0.07427857444175859,-0.3596542379190697
9497,0.48786444912403243,-0.5154326738143262
9498,0.14431042029597557,-0.6096427484387488
9499,-0.2277054868929456,-0.4150357018357521
9500,0.4230481426330336,-0.5404975567177027
9501,0.14434977339242477,-0.5664756594714412
9502,0.12335908743339902,-0.537006130861175
9503,0.12882264807903565,-0.184663438021356
9504,-0.33442413697054885,-0.46548974771599355
9505,0.487636751622214,-0.45338304766207826
9506,-0.1942702397128464,-0.36356131699084815
9507,-0.4604057688490877,-0.540859648164215
9508,0.2734476675225438,-0.488656438064247
9509,0.25316239690951814,-0.36841174089605583
9510,0.5313214871277634,-0.3366224012345268
9511,0.2791766481270888,-0.39086766554127533
9512,-0.41484569595261833,-0.4628653723152692
9513,-0.4951652617895072,-0.43237169878106674
9514,-0.029012210663356568,-0.48763816232795487
9515,0.3659494973082189,-0.5590263373814373
9516,0.23406099164328556,-0.514248262582835
9517,0.2512568350395719,-0.43936982799747637
9518,-0.15483368218436333,-0.4917765945482654
9519,0.24614765956785462,-0.4349791190904989
9520,0.20595741724654343,-0.32063116291473776
9521,0.979582100962549,-0.36931129699159543
9522,-0.06858744634565567,-0.4642156274737128
9523,0.5458095847725183,-0.14438694686988093
9524,0.053229092369589164,-0.3570572354638148
9525,0.00974839123067602,-0.2389315330957645
9526,-0.5070126401517092,-0.41927350707227096
9527,0.34475696560928637,-0.5809820519004061
9528,-0.46488159880734864,-0.4323364983296989
9529,0.23767535706780601,-0.5466485016899982
9530,0.7745261929757843,-0.4027113400631519
9531,-0.4377444887645956,-0.5447687849256889
9532,0.014107918077035929,-0.46428097854929723
9533,0.3625515682225861,-0.2288519432686127
9534,0.08034040595354705,-0.2215985542507206
9535,-1.3898486348660157,0.23119151812864958
9536,-0.5590257451592732,-0.3878078097644613
9537,0.6824552269344056,-0.46258626749395776
9538,-1.4032244911390406,0.16922702254491437
9539,0.3071938459238218,-0.25837834009918575
9540,-0.6922797746134867,-0.45676106512473985
9541,0.19373689914873274,-0.513941672902045
9542,-0.14569119663099275,-0.43507751499468783
9543,-0.4976507022921925,-0.5158077675122837
9544,1.3097675927147843,-0.38159382834974
9545,-0.3212233990220857,-0.46777832663268126
9546,0.2721316979053068,-0.5244963026075083
9547,1.7684696622944072,0.1296869196933828
9548,0.34962883847519255,0.9218454680867538
9549,-0.4946904894545669,-0.4418367239179551
9550,0.767355869818085,0.454394495372551
9551,0.5137169838657318,-0.4179555580703096
9552,-0.2644408233822451,-0.4748601588925643
9553,-0.006528370757329248,-0.36655360617352917
9554,0.49370639330899824,-0.3577491269442307
9555,-0.7530190981581519,-0.3880743389977979
9556,-0.03666460453230683,-0.506760769109381
9557,-0.7053213736776875,-0.42569831311244194
9558,0.1034420519994389,-0.44068066571464226
9559,-0.33785898522502056,-0.5541255465597261
9560,0.5251441824386239,-0.42773310152193106
9561,-0.47539557097421714,-0.5047100657354351
9562,-0.8806769644089247,-0.5057271380287032
9563,0.5233050796209388,-0.5024977281477881
9564,-0.02239020100748982,-0.6134765202297497
9565,0.5599872571830358,-0.5106664432151411
9566,0.052132539183791536,-0.40992322746118603
9567,-0.23140238153335885,-0.530353266039588
9568,0.01351806146837741,-0.5319049992146704
9569,0.26918567944102423,-0.6009858382236202
9570,0.0005363755739214628,-0.5047555362004762
9571,0.11432911004320563,-0.5351669791027605
9572,-0.4675783966315932,-0.42056494662224864
9573,0.44601356149407917,-0.5057334309612271
9574,-0.026881113884748786,-0.5749601445813078
9575,-0.3909081829692148,-0.4700007555891525
9576,-0.15388621542235084,-0.35838933601408923
9577,0.2926312508943484,-0.5988848491416944
9578,0.17423084656741566,-0.5502764200126784
9579,0.671698935972552,-0.5247579184406929
9580,-1.2090827988078467,-0.47872456233968297
9581,-0.18042857645841076,-0.5176702013845093
9582,0.2385132929127568,-0.6334771319408696
9583,0.43863302116054353,-0.5524559799478402
9584,-0.41107393789579194,-0.5886764803598188
9585,0.2446509234544199,-0.30264501508303865
9586,-0.4118662073112031,-0.5450561812640329
9587,-0.4408393694250703,-0.342947492079169
9588,-0.05139777561026957,-0.5517419581425516
9589,-0.24611789219884775,-0.4303133733867936
9590,-0.02717734276544794,-0.5423566686370302
9591,-0.06566112172762521,-0.49877648870516006
9592,0.09800153768898401,-0.5574502128594468
9593,0.5273813293081677,-0.572905939355362
9594,0.4072137969740043,-0.5340332089990647
9595,-0.06951212935473652,-0.2110866267295665
9596,-0.13027227932987162,-0.5921625421817021
9597,2.0266088029305958,1.566244560792774
9598,-0.48537455566779714,-0.0547381159441276
9599,-0.21566951605356155,-0.3809183857014681
9600,-0.1034358873445368,-0.4460525477961884
9601,-0.19362748974386407,-0.537917578138766
9602,0.54919414527468,-0.4826472312662661
9603,-0.4713766268108684,-0.28940602214399475
9604,0.19865243125876525,-0.5912677443137717
9605,-0.39562743848563997,-0.5068134692501304
9606,0.30897427281875767,-0.4418843336264086
9607,0.1321396482547409,-0.6167830864814617
9608,-0.028843401590726056,-0.35613640360383214
9609,-0.006189643901729976,-0.6033677295741438
9610,-0.3774419921330837,-0.4965659343175391
9611,-0.5400143554375062,-0.44429776157714823
9612,0.19490415399946073,-0.5505525964280628
9613,0.20165264201684185,-0.5334312908342445
9614,0.18448779398411502,-0.444463568339764
9615,0.10738011686623901,-0.47923853503313757
9616,-0.031664273567377776,-0.5435230989517456
9617,0.5208985118252348,-0.43219798192275255
9618,0.1765997502002753,-0.343428867331133
9619,0.3715740203929294,-0.10218694353251637
9620,0.11337343814701328,0.03606597184907366
9621,0.24442944659743737,-0.21274492405557505
9622,0.1345442761144829,0.6036522156898566
9623,1.0850363854746623,1.244426787233368
9624,0.2875907103328952,0.5488270964006547
9625,-0.03052226440042853,0.47885186073189284
9626,-0.6280687129601493,0.4257596015956808
9627,1.2542504630879951,0.138959164590943
9628,-0.6935513220983248,0.14440072781999566
9629,-0.4265683734647622,0.30344456728745894
9630,-0.8688269538635072,0.7847830451961273
9631,0.23654143155131166,0.366566961322782
9632,-1.1238340664507291,-0.28248605394443543
9633,-0.9125160696984462,1.321448442970203
9634,0.7376672451120153,0.4713575763757042
9635,-0.3296447658910712,-0.1016839931794861
9636,0.9325760113901663,-0.18126049111159812
9637,-0.40261277382866306,0.11359002400765343
9638,0.5612278380208766,-0.37937978561370783
9639,0.4118641855842073,-0.007559443124065573
9640,-0.020173966798871165,-0.3170746159574222
9641,0.24247168085217574,-0.5208461711635387
9642,0.2958150167674085,-0.5115614498188843
9643,-0.5210850510686071,-0.48599378134205967
9644,-0.61541377781648,-0.23826667906183904
9645,0.00518663914204954,-0.4450181820358196
9646,0.046788333237122934,0.05858900345982143
9647,1.4874800472610217,0.8799918956583493
9648,0.4134060438625506,-0.31992162653375694
9649,-0.6835221734918723,-0.27090434430396554
9650,0.30185376754386717,-0.40180468807931885
9651,0.5087381972487102,-0.28399499700128206
9652,2.202033751274805,1.2380370775464296
9653,2.6551811600121416,4.596008568922068
9654,1.2068255422832663,3.668419615721145
9655,-1.279927685748826,2.509879912729453
9656,-1.0698180844475214,0.9250801323576074
9657,0.9365894631920716,1.4419324739059844
9658,-0.877379618772135,0.21408066601501333
9659,1.2041861351194467,0.6931408430356099
9660,0.47808345221515025,-0.14686259001346944
9661,-0.5587661426063179,-0.3361093729125426
9662,-0.5062549933593088,0.1207710812163482
9663,1.6273826956356514,0.3727672261947729
9664,-0.7893932496964517,-0.1889380190265431
9665,0.66017600865533,-0.5381961894348204
9666,0.2573352882765947,-0.12128081048999584
9667,-0.45977069292265593,-0.3590519424815382
9668,0.1709914692749156,-0.2747957410651456
9669,-0.39069554850751176,-0.3219531470922572
9670,-0.4957545172082882,-0.17879276930957003
9671,0.389161685791766,-0.2604671223476278
9672,-0.7680666824504756,-0.2935638982241101
9673,-0.518678815406246,0.0013677943409257625
9674,-0.4009013923780667,-0.27938444470076657
9675,0.4569029543058652,-0.42916161556268634
9676,0.37057107721280574,-0.4624408490169237
9677,0.413430868014373,-0.5015936037307048
9678,0.18843062351967574,-0.187902089163338
9679,0.7823798987161241,-0.3274141614726382
9680,-0.24611722951585246,-0.23816356023545276
9681,-0.30993798515869786,-0.36098667986567623
9682,0.2591691299625798,-0.5092756189571703
9683,-0.2211920069091044,-0.5124113736678421
9684,-0.23359394733997363,-0.5442071502381528
9685,-0.30913819093777933,-0.47333022336425196
9686,0.2088468657296975,-0.414791951364958
9687,-0.6737679623506394,-0.311927941962829
9688,0.568085057102979,-0.549164945057794
9689,0.5789318216203674,-0.52653389739548
9690,0.05074367333165813,-0.5262339638161677
9691,-0.5038061514618405,-0.46161499638920434
9692,0.1337198912679113,-0.422184447805263
9693,-0.3823993628718074,-0.5101217176590266
9694,0.34389483374547347,-0.2428657062813927
9695,-0.04889668249354558,-0.4449287698193606
9696,0.4507964829545847,-0.488491263366536
9697,-0.6496437616455779,-0.20722904192517724
9698,0.5474031518893105,-0.3408784034732173
9699,0.8769238283384532,0.5955678975462065
9700,-0.05098212197432033,0.4722369150827169
9701,-0.13726233528827553,0.3786029546479697
9702,-0.35707963386927843,-0.15331443905254952
9703,-0.28190474815628097,-0.2896696131161384
9704,0.6264259297885577,-0.43964364443730014
9705,0.4522905108734001,-0.2330207842022685
9706,-0.3467189785196289,-0.28059737054148504
9707,-0.34779432784408026,-0.2730114108952639
9708,0.00707166224277613,-0.26698846460491343
9709,-0.2750218328337927,-0.1580977419298328
9710,-0.22327661564525864,-0.5159923006140341
9711,-0.6011362620187211,-0.14820773558580813
9712,0.06957581690689953,-0.3788718496222745
9713,0.173285326522395,-0.43234868039052193
9714,0.4461634238925943,-0.2583071197930982
9715,-0.27848447639464413,-0.21602934808101779
9716,0.24675670666482297,-0.5677763482397717
9717,-0.22777157423045874,-0.45156393169597525
9718,-0.22584151393645344,-0.49446038943157866
9719,-0.756063128478875,-0.43343576919863336
9720,0.3077899620798163,-0.13033565886482326
9721,-0.5201405852722586,-0.3951991069570373
9722,0.34488609519933977,-0.4660248930004725
9723,0.18817980540518647,-0.3634181391021887
9724,0.6686700024220655,-0.29989196224732717
9725,-0.9536868613956274,0.6900394076266803
9726,-0.25988999053539186,-0.3308122811299426
9727,0.6182525683866527,0.30556202691861256
9728,-1.0325264468668796,0.38051868311299175
9729,0.6822879104039034,-0.18684003465884744
9730,0.6594481589468414,-0.3982836804463754
9731,-1.0128436018968499,-0.16247334982608808
9732,1.1053113424035634,-0.319309896584628
9733,-0.642313192057877,-0.0377877354600733
9734,0.6453618549754978,-0.3291154090041318
9735,0.06481950836701444,-0.29823175814829034
9736,3.0583299334786265,2.931728008816662
9737,1.0325161840050934,1.7911390672374012
9738,-0.06684994142849217,0.760409953802998
9739,2.454347478631405,1.5766357814968412
9740,0.04692618011577196,1.1899370972820207
9741,0.8152438071640911,0.5898929897069338
9742,0.5443580936593501,1.3544480205033937
9743,-1.0449471529253682,0.6050138710183647
9744,-0.6575208750975254,2.0010469415658205
9745,-0.6693908146817951,1.3512428074834395
9746,1.162232713258932,0.6672574772526508
9747,0.9544019839771958,0.29719101574225154
9748,-1.1149922129886174,0.06075800984516427
9749,-0.18346862145816337,-0.377752033637298
9750,0.07004253522417608,-0.1774810949379323
9751,0.5850742715578654,0.05027605632241338
9752,0.011337928271361783,-0.3014201075321207
9753,0.3942537878029334,-0.4008576943442651
9754,-0.10573064912578439,-0.04020411429365149
9755,0.801332988772965,-0.08667840767554869
9756,5.437406535656248,10.769645355875197
9757,2.2283005003808682,4.519677804291406
9758,0.14106006450538622,3.181759555917195
9759,-0.30013032318443417,2.195518121899436
9760,-0.3908416065300449,1.7433873341791855
9761,0.38577023709190084,0.2824192694764498
9762,0.3800191836341702,0.18375833733114363
9763,0.13141059421029616,0.9598779865427322
9764,-0.9594043032165567,0.49868579740123903
9765,-0.29359838133848193,0.8334641774158863
9766,0.9454994912185618,-0.012395263455160298
9767,-0.6654412454817473,0.22229949240750613
9768,-1.7262099046236796,2.8615984349911203
9769,0.15304950266579817,0.7514277214170434
9770,0.7221993305604418,-0.3816085855422594
9771,0.6477729013152467,0.5166746505991351
9772,1.3455015580168357,0.5495686400424169
9773,0.029021275174658114,-0.22713479467458414
9774,-0.024849541495793374,1.027063541523626
9775,0.32312686770863286,0.08776499934839686
9776,0.9367520004189007,0.46740095973766105
9777,0.3004280448915533,0.4953893842591215
9778,0.6238152885175956,0.46223624428408167
9779,-0.6705120517358987,0.26555565572519635
9780,0.1521986121398101,-0.19216707058858393
9781,0.0019790285057877024,0.15933739744664932
9782,0.6335798982775704,0.04436797815285902
9783,-0.986129788016778,0.4599245482358233
9784,0.055805298676081895,-0.14941356956246735
9785,0.28992518925937655,0.5433296126298832
9786,1.20787659230424,0.639286649122714
9787,1.0344611684937144,0.8269471310088446
9788,0.6337736291195297,1.3891976471579508
9789,1.223030733821824,3.166345547237278
9790,-0.5905548407235249,2.4961109904591696
9791,0.5944935215116374,1.596380935291212
9792,0.10269472579443295,0.4238981369085964
9793,-1.3133689117703946,0.7059325256912746
9794,-1.397365520223565,2.4644459657423075
9795,-1.068012359214112,2.171341216708653
9796,1.930401162242403,1.5061196001566348
9797,0.23793347560408484,0.8584604612881096
9798,-1.5551829004250879,1.1076239402978123
9799,0.8445267763171478,0.7455735418051037
9800,0.7633869330677594,0.2547892616150157
9801,0.3837066128109715,0.40720549415487184
9802,-0.09324107823181445,0.33639180125304197
9803,0.22753926044252287,-0.1350227236189751
9804,0.8153400913165589,0.4122216338915363
9805,0.8499901437971051,1.409448488566572
9806,-0.21693530191494692,0.5365799370305367
9807,-0.5585671395458428,1.1099355738375842
9808,0.7381116694069056,0.38594458414801347
9809,-0.550981056633951,0.1634938924803701
9810,-0.08785022101963733,0.2952348252995259
9811,-1.1829443712148073,0.5848447862967664
9812,-0.021779795875861173,0.3929485486170013
9813,0.09951314093355977,0.4024183593264968
9814,0.12662619126729713,0.3370591070208233
9815,1.3664475115067318,0.15760088611877673
9816,-1.7035995462759048,-0.1945139546846238
9817,0.36741406223212647,0.04084392383957647
9818,1.5544049797114188,-0.16817888682171328
9819,-0.025974094503692306,2.7403821069622496
9820,-0.38206761185300053,1.4168039802531063
9821,-0.6143895586282281,1.4169428097891896
9822,2.4936071220955505,2.477312817585115
9823,-0.3758919922688528,1.332079041331685
9824,0.7990528778942432,1.827509106212308
9825,0.45096382327765616,1.3285015504843904
9826,-0.8141509516574521,1.8060448732370664
9827,-0.6861199795189756,1.5788414950383562
9828,2.0089174700490426,1.0381080156552438
9829,-1.806066902477124,1.5547155994952966
9830,-3.87161094109019,6.948424473707201
9831,-0.015535175855876908,2.643437911461957
9832,1.5132773959100385,0.8791980730990842
9833,-0.47585790093149294,0.24437857690847925
9834,0.8526801498049286,0.655291491874784
9835,0.3001318329059445,1.405092218997991
9836,0.9139436382232166,0.3105507084635684
9837,-0.531689555392288,0.031476536884514884
9838,0.926635658461558,0.1587349519634409
9839,0.5138760184140381,-0.25587487896684336
9840,-1.2205072287987957,0.10383662889879453
9841,1.1063970116684663,-0.16551133627963885
9842,0.24451767512630335,0.1653050234715124
9843,-0.4880012024938768,-0.12652595871921157
9844,0.33297744794383716,0.3325335504208185
9845,0.0603552455639433,-0.2883644074951836
9846,0.8993584232432773,0.6740600295166107
9847,-0.7499941822360969,0.21608878022233893
9848,-0.4896405476807767,0.32948747212204843
9849,-1.0776451128224136,0.2098693016260186
9850,-1.0661529884416656,-0.2753324935427718
9851,-0.5081451676917428,0.09427740826924533
9852,0.939627422415537,-0.14517862416199398
9853,-2.746826057803594,0.7038016682895145
9854,0.9992707418578388,-0.14646170541199285
9855,-1.0327028156766735,0.05813111497678705
9856,-2.117154532557288,0.9760912420475957
9857,0.5383953074689505,1.4394081346457162
9858,1.2708476164644773,-0.17613985868950463
9859,0.9929128972630353,-0.061116121680541764
9860,-0.08093701813741619,-0.2343425616354238
9861,-0.16778372415428264,-0.3813562068035824
9862,-0.0450846841312003,-0.4052221443844084
9863,0.2340667051278058,-0.19532727178757792
9864,-0.281025771759389,0.12864322600002664
9865,-1.684044670734161,0.6165728263302119
9866,1.4119618210513785,-0.5357731015282509
9867,1.946122617769681,0.35064587051745894
9868,0.5598226743703352,-0.19166955602003283
9869,-0.15789286439315625,-0.08889802744883321
9870,0.24323808423095317,-0.34034981505035244
9871,0.45442313209583385,-0.19921503069758104
9872,0.2764244458077413,-0.4299542098475085
9873,-0.17408345609893222,-0.4315927525079819
9874,-0.7835402827917867,-0.37681451061197857
9875,0.8339362339904158,-0.482564912740726
9876,0.22954969818973672,-0.27419944473133934
9877,-0.4012708610843227,-0.43226050521078835
9878,0.23355817476921342,-0.0018016980508858487
9879,0.3520407433505255,-0.021555613806569465
9880,-0.20297495194417497,-0.2990674244047857
9881,-1.2762461097798756,-0.2089732229162284
9882,-0.5859639290703542,0.08108946953500629
9883,-0.7745123398139921,-0.02539752195190878
9884,0.8278356653569482,-0.10277423739203015
9885,0.05658089575166373,-0.44135816998970734
9886,0.253848447306761,-0.4789691901212525
9887,-0.3103166957494414,0.2200975457842795
9888,0.8687019749652364,-0.48138648990800637
9889,0.5873094904165261,-0.33567691843834735
9890,-0.3196694781827968,-0.42156796743585156
9891,0.3697533673791557,-0.30708693247477764
9892,-0.337505237748108,-0.24054947865527357
9893,-0.8122495841385845,-0.467156236982131
9894,0.22460802101687194,-0.38611652572881433
9895,0.2163611520713603,-0.2263802797471475
9896,-0.20757402746391249,-0.5048109622347493
9897,-0.11685602963131816,-0.14203096153120512
9898,0.14365013919062541,0.20524469203276496
9899,0.05832748609110999,-0.34942151426903584
9900,0.32396030823826355,-0.26196907619527243
9901,0.7471206618554391,-0.30333304308105835
9902,0.2246645611309302,-0.2729661340522882
9903,-0.6603701181750145,-0.32500195497777695
9904,0.15642981287621782,-0.28689811340284477
9905,0.6068971482041461,-0.4048837944240197
9906,-0.23830135486389475,-0.2214163938009866
9907,-0.5620776583638148,-0.342135428972134
9908,0.18611450925030718,-0.5529417109776397
9909,-1.2668306888959908,0.10124949834382031
9910,0.2771789908033282,-0.38879884192981434
9911,-0.4249590444257819,-0.16096577639458418
9912,-0.7897408298426911,0.21083610513759748
9913,-1.0225962973449294,0.5366345369216341
9914,0.25722618091856675,2.231345056035576
9915,-0.4296011277462127,0.8896884550633293
9916,-1.0959708220910158,0.2074029140441864
9917,-0.11759717710695997,0.6274141390025948
9918,1.1174685776608808,0.3136643360065518
9919,0.7264949598009933,-0.08978993696874782
9920,0.04298475713890663,-0.3713555582181944
9921,-1.0441546139526259,-0.1568060069949541
9922,-0.8827939727469591,-0.3522865830832176
9923,-0.7571803113148752,-0.1136079817977056
9924,-0.611704893472589,1.2344865500436564
9925,-1.5400042104408571,2.36355435699819
9926,0.5060247127160087,0.9026966291029916
9927,1.2602342035980023,0.9073063801684293
9928,0.18532931382872986,-0.07883498409329456
9929,0.07916084528630678,-0.5301091573595266
9930,-0.6410108042098788,-0.45727368242930955
9931,0.9482519289751408,-0.026174915671530703
9932,0.8366465599457301,-0.20410350322982895
9933,-0.07528555587930501,-0.333575169809161
9934,0.18595775279143406,-0.45153380291697126
9935,-0.19804132385403628,-0.24589985560529018
9936,-0.11330823963638274,-0.5452252953984338
9937,0.08815974892253546,-0.5558217917129978
9938,0.2865912157479608,-0.3562653507052129
9939,0.10519248138405135,-0.37792512212916185
9940,-0.7402538460682401,-0.45967061900257167
9941,0.6522873675051838,-0.574037311865116
9942,-0.01193888906311383,-0.5079251755031841
9943,-0.7875750946460393,-0.5784741620188093
9944,-0.15883457376658364,-0.6069846609092416
9945,-0.603021438927829,-0.5239583830128984
9946,-1.352714114617057,-0.4245181840234871
9947,0.5090351759834334,-0.41466325979924934
9948,1.122160686183495,-0.5129078615579649
9949,0.8456258855041718,-0.4374139635311616
9950,-0.15110834484508429,-0.6163406493462504
9951,-0.3934954022510344,-0.578977391034474
9952,0.2021879936118397,-0.6160389301589962
9953,0.04074636941529978,-0.5665001789797646
9954,0.09333490691763938,-0.6177852397665863
9955,-0.5740003469032474,-0.5195187880161506
9956,0.34048959751596874,-0.5817353034502685
9957,-0.1404584350945081,-0.5105731510677696
9958,0.7080181122304647,-0.368003921376175
9959,-0.2552272503305635,-0.4426100309494768
9960,0.5970630436361848,-0.1438992266434517
9961,0.132331155007194,-0.2671081875162048
9962,-0.652072178581463,-0.5135183824016755
9963,0.14707388808965058,-0.5725913471816282
9964,0.09892743531344264,-0.529639091341283
9965,0.6064025548399152,-0.17368755574364553
9966,0.24283240639825845,-0.4473984288486625
9967,-0.42721403135388625,-0.4553620626566844
9968,-0.3951146311897793,-0.4625049284420752
9969,0.4861169600772605,-0.5077417843787068
9970,0.6367244812484447,-0.5084988260022881
9971,-0.4555844215670425,-0.21564176174386998
9972,0.6281841356696951,-0.35666055611016517
9973,0.13069246356266048,-0.49241025471554783
9974,-0.10429603523790801,-0.5932298204064798
9975,-0.04489719002260285,-0.457156373675907
9976,-0.12202705920971382,-0.4147475646066535
9977,0.4429050311987168,-0.3230083881706169
9978,0.5929234856055283,-0.3648215559569341
9979,-0.1558337385970052,-0.21086335197181502
9980,-0.12366764553118226,-0.48507407558462357
9981,0.08149531374535156,-0.5872123099004198
9982,-0.4162114729932004,-0.35106487926700297
9983,0.6021925158206506,-0.27189729722780503
9984,0.5587069043779365,-0.3344953800848286
9985,0.6101254401417382,-0.11089303577608757
9986,-0.6467039307610569,-0.4146996307930061
9987,0.13835898090466917,-0.2455540459893648
9988,0.41083504023945205,-0.2284648617843464
9989,0.030560557134616792,0.1888501987456391
9990,0.3030155708735581,-0.23479300605574777
9991,0.03650774630512013,-0.13780053012599902
9992,-0.3397844162913119,-0.28599629033872315
9993,-0.38569555113537546,-0.30315497124590823
9994,0.04005619897099211,-0.37849989373871235
9995,-0.19228342572279156,-0.5892681330985575
9996,-0.18932658081990295,-0.3092665739475475
9997,-0.4229408133838196,-0.4762609050181179
9998,-0.2772111604590209,-0.41401484620031764
9999,0.7074380966689799,-0.5415153701872354
10000,-0.11601348072481228,-0.5518818322249728
10001,-0.2791050517583545,-0.4016845376785425
10002,-0.40796211555047845,-0.3581976036126887
10003,0.7927780546598779,-0.404569425577678
10004,0.24917279501117806,-0.212667900985319
10005,-0.38484892666931536,-0.4562655731508177
10006,0.3447439420159927,-0.4765536428586375
10007,0.013276674934194937,-0.5495295255236189
10008,0.761758537428687,0.07085034434536772
10009,0.12134313643390454,0.07493213496693338
10010,0.7973683050968956,0.6200652777692955
10011,-1.2264687104218508,0.42638941585047113
10012,0.562193994121436,-0.2692841804301422
10013,0.9818954747100135,0.16202617380228587
10014,0.12869910600814416,0.14264991633811408
10015,0.2913133607867396,0.1660815997461793
10016,1.9298705274757866,4.595540378756769
10017,-1.7132733578416983,0.5058394133653215
10018,-0.1739246799328655,0.5503225145960815
10019,1.0935628548859169,0.3366680617960355
10020,-0.3263321846806029,0.5193057718345856
10021,-1.5033647952628602,0.3366482531619464
10022,0.13495154218714125,0.08037176737399461
10023,0.3501642668682348,0.07785749699615191
10024,0.12982652662044047,-0.22076605315372386
10025,-0.2677802699082481,-0.49230532698827467
10026,-1.274676200778921,0.5795875366651627
10027,0.3551621089145762,-0.25806410057742757
10028,0.482361046468907,-0.3952230184433084
10029,0.5387300967472959,-0.3489666740016152
10030,-0.03673345426171378,-0.4332890121642699
10031,0.17086544811173032,-0.38052197057061626
10032,0.9833506265807845,-0.27521644748750307
10033,-0.25333810615651015,-0.33819100509342165
10034,0.13959480689007492,-0.4405181505137144
10035,0.15798953817210162,-0.5859364257609543
10036,0.7499810780031955,-0.2073520603390982
10037,-0.7756185600374639,0.012669843847083872
10038,-0.5176507125772446,-0.40480557114082283
10039,-0.06222893646957493,-0.36835892435612505
10040,0.9708560669221766,-0.46415425956430323
10041,-0.5750382040763748,-0.5727295160552344
10042,0.043355986154003635,-0.5451976431475504
10043,-0.7500320677706427,-0.5165671398975893
10044,0.11723156480290134,-0.35825644188472944
10045,-1.652367849308173,0.24826772612712603
10046,-0.10964234162688279,-0.2934477750702977
10047,-0.5866716620256895,0.15265771809770734
10048,-0.494866709883584,0.42654587614688516
10049,1.580006734377827,-0.1591620219839777
10050,-0.8925559906238691,-0.49169315629753796
10051,0.28019224238207263,-0.396529283771164
10052,0.11058184151169419,-0.24105680706710494
10053,0.2586522998869884,-0.5634059467522942
10054,1.0657814158159515,-0.31787562045917717
10055,0.3873917688116808,-0.37904691983283917
10056,0.35285832971395564,0.02343575997894127
10057,0.6103812796765778,-0.1398762528611689
10058,-1.1557558951696736,-0.0029293819372886902
10059,-0.12400772769564372,-0.5140522834341098
10060,0.2353813314966656,-0.3854978825053716
10061,0.622346864797286,-0.09405854998679473
10062,-0.07746482258881376,-0.2734563881632814
10063,0.45217792276964586,0.2845616030074467
10064,1.9850350355713382,0.923858934029113
10065,-0.20651091088720067,0.21341909945914597
10066,-0.22974355478679478,0.5406246595076599
10067,1.209632003939411,0.5465935541137258
10068,0.3440895744608455,0.14106998942102508
10069,3.3315411930548096,5.332675818124352
10070,-1.304295571771323,3.108042921845417
10071,0.3947593324034575,1.4065700366346348
10072,0.5081946913044773,0.7129861486750253
10073,0.6048158667785837,1.4079049481784234
10074,0.5867157860519994,0.6661426792651766
10075,0.25281368098542406,0.9315727844713438
10076,1.997883996323736,3.6396405686605466
10077,-1.389213677492904,2.235379269769015
10078,-0.2696062103756995,3.154101531712177
10079,-1.267288345357741,1.9042952122682208
10080,1.1792322454242867,0.49614898114436007
10081,-0.8906512696350316,0.457904337667521
10082,0.015637429966816184,0.37216066260978
10083,1.0782134520586437,0.9089118263213811
10084,0.4979876379797291,0.5195567405239944
10085,1.4467025974443664,2.6266115716924574
10086,-0.2338425079607146,1.7954942623687962
10087,-1.4224927123431572,0.7211124932928014
10088,-0.4532518734330493,0.6972178685417159
10089,0.9438494964300352,-0.08122694928434357
10090,0.02838855184526789,0.8938353221113048
10091,-0.7575303629749621,0.09685825125858707
10092,-0.06820966426409697,0.574328035994511
10093,0.4200303915499741,0.9470329843847347
10094,-0.6561529073496217,0.32662763864926087
10095,-0.960540981704053,0.9079410552706165
10096,0.5247228426242295,-0.1200142537274169
10097,0.5083916032128394,0.16324149960749587
10098,-0.05455480856279892,-0.3739145906681219
10099,-0.5533549890679945,0.37827868123315095
10100,-0.9005950454255254,0.9164046293569611
10101,0.37639301610520315,-0.17653798336826107
10102,-0.7126536940128877,0.2798729121468882
10103,0.9138421022910248,0.025744580848603937
10104,-0.46956313869198213,0.3912570880587143
10105,0.0935064745981739,-0.010733991405278366
10106,0.1900785471141354,-0.07012208250764737
10107,-0.10108415832504883,0.22875837056804962
10108,-0.6135053851212999,0.4597732080946429
10109,0.3034979748306461,0.8834698223008247
10110,0.2613514995812627,1.1309108827760643
10111,0.2339464223790512,0.9088548730614824
10112,-1.5276768533644445,1.3750557698121413
10113,-2.0577699159272558,2.762702116657905
10114,0.9154170905943326,1.3080107409719088
10115,-1.6418519736097872,1.0441281594703318
10116,-0.7627125906847352,1.326216699833856
10117,-0.908662306105967,1.0808849940068619
10118,-1.3058190974456878,3.458006856830211
10119,-1.6879983802982312,0.8040007211189649
10120,2.5216468417056417,1.3215889133368057
10121,-0.5143472809165793,0.5680701589817831
10122,1.236237643338323,0.6311140823425032
10123,0.010414389783624444,0.034987123083906925
10124,-1.020079221255947,0.008719560787472764
10125,-0.7269722705398814,-0.04876591857756986
10126,0.2960648017877796,-0.2997937598386253
10127,-0.6967109651455046,-0.03767231409601559
10128,0.8687049945292188,-0.294486676481282
10129,-0.7587984103639264,-0.11089135850783448
10130,-1.2649794768390945,0.45845464311282436
10131,0.2545111170437603,0.2343375596120101
10132,0.18492622878829387,-0.467165381658117
10133,0.1407861226131953,-0.2019725402971924
10134,0.1541443901867045,0.20532017150454945
10135,-1.5155021915796518,0.3075466589133797
10136,0.9828933600057094,0.7506158812816003
10137,1.0554471725109809,-0.2970004606557474
10138,-0.18604781104314436,0.008504382315174579
10139,-0.7643720163468166,-0.3166995473598439
10140,0.47995093577047476,-0.4648659434782839
10141,0.14931614719041747,-0.29425353485371475
10142,0.1486795092070625,-0.4863820316254199
10143,0.02166158496101523,-0.22040963046815004
10144,0.2981677240362339,-0.5919236295822724
10145,-0.21967745783333945,-0.4761781802072042
10146,-0.2722824335143555,-0.5517639791827375
10147,-0.43025216958796775,-0.5855812342026026
10148,-0.6293637001392793,-0.5087771216232616
10149,0.4143381116011037,-0.4128953972978701
10150,-0.045117439495069966,-0.5877701538430511
10151,-0.8862173106431325,-0.2096377676489214
10152,1.4371834735576008,-0.09388189054521487
10153,-2.081662512383038,0.4231873607338637
10154,-0.18160885581073039,0.25386399385792024
10155,-1.2151874339820579,0.513238559644617
10156,-0.33224866330074226,0.632993983854404
10157,1.2801520353539713,0.4321156558441651
10158,-2.3682446766544936,0.11785660579496189
10159,-0.4334525152321187,-0.06366211935616174
10160,-1.9080631453461498,2.342175251982657
10161,1.481649753475599,1.1394240791028987
10162,-0.3140550135977797,0.15589044186419257
10163,-2.6961377413708294,2.8641034136080186
10164,-0.27704872100779376,2.041911966114069
10165,-0.3925441598481452,1.120873025964543
10166,-0.011378252463648065,0.5682697610310925
10167,-0.34693969066122576,0.949485801397131
10168,1.3094660411220465,0.596622033782455
10169,0.4814584738575189,0.07632557375661464
10170,0.018894401577026494,-0.46021016815758753
10171,0.6681397525912605,-0.1073562946028873
10172,-0.3894262200499624,-0.04783908656776099
10173,-1.0291217218642754,-0.2518168517996442
10174,0.5125395948580613,-0.46389109826800523
10175,-0.25956660893979594,-0.2550139458850698
10176,-0.4089876822184019,-0.3888650791610082
10177,-0.17567770648882264,-0.3294278373359696
10178,0.24298725652062383,-0.261213818691471
10179,-0.26934095161125726,-0.025088183239909044
10180,0.03000552570848712,-0.2959548158494821
10181,-0.8091817350738253,-0.03913087647062325
10182,-0.30282674640273954,-0.03140536641513654
10183,-0.224925816927627,-0.03048449629280025
10184,0.45320770720331394,0.4461267482995148
10185,0.1414725503720088,0.12479739182992808
10186,-0.413455678902073,-0.3788952454001076
10187,1.3699837340092411,-0.32988306187770633
10188,-0.5388889450880754,-0.09599888695525195
10189,-0.35324977636510546,-0.00025492044604205464
10190,-0.5153940067483668,-0.5599192760900452
10191,0.09610899046622932,-0.33447044112779645
10192,1.0634597133830455,0.21253831542087695
10193,0.295608624404645,-0.05376066507610665
10194,-0.23826645564568033,-0.18598114072927546
10195,-0.6030697090192826,0.2930299800122969
10196,-1.2590185263604974,-0.1711197946853659
10197,0.6183494926603131,-0.3761889066307455
10198,1.2513807362400329,0.011484994470860422
10199,-0.3737914428999317,0.09266340938480158
10200,-0.39083117063505973,0.002572622342014708
10201,-1.3450111081766982,3.860417648433252
10202,2.6043605686224227,0.4357438372754649
10203,2.759050200333495,2.1788231947640515
10204,-1.1119973755637744,0.3823479954782218
10205,1.1954144720975262,0.7448532142111624
10206,-0.06762835065265682,0.9193310317686081
10207,1.1305752795042416,0.8158443700656237
10208,-2.4871363882641546,0.2929675004443217
10209,-2.5249592101911347,2.778048264185117
10210,-2.898439753643914,3.016778817010766
10211,0.8394885644450112,1.694336780814079
10212,0.407402006038356,0.5793565756271533
10213,0.735328196750587,0.8128787847624026
10214,0.7782916519256727,0.6008396718718153
10215,1.4587913889928694,0.9706333954023014
10216,-0.06551534714763939,0.0821767425370089
10217,2.3704918081180923,0.21425283194835007
10218,-1.4763706127944962,0.35875146282894926
10219,0.3274542073771749,-0.35595922042355393
10220,1.3134330576096114,-0.2974164106036329
10221,0.3472670592513023,0.3227425341098971
10222,0.35963701966347084,0.22574857885494226
10223,-0.8046693018748939,1.0835938103686376
10224,-1.1351385924629664,1.280292421350555
10225,-1.9464827601257242,1.503627190913355
10226,0.8655382555704962,0.049532868790042726
10227,1.2997915163687062,0.127418990208503
10228,-0.7947373527331405,-0.10254936413329754
10229,-1.854876461566451,-0.14370582663548867
10230,-0.6317340006061773,1.0063176001067697
10231,0.9340692706716951,0.13167793435288638
10232,-0.09634538162571248,-0.012241809891351575
10233,0.11552766449254306,-0.44357947870953973
10234,-0.543410631453602,-0.3511962674844893
10235,2.0301302362358333,-0.19271681004667668
10236,0.37487148071113624,-0.44271737535673383
10237,1.4598799168510859,0.05525673770743865
10238,0.0038227207559479778,-0.46476118499444063
10239,-0.38265534102769044,-0.47531193855279064
10240,0.1945007683282764,-0.45446442429008665
10241,0.6161125693341531,-0.23093902783843684
10242,0.4367624293808456,-0.4342306692798203
10243,0.8729177352725417,0.3266053111358703
10244,-0.49507961333000716,-0.31657139487580616
10245,0.5116597799946778,0.09702395166483345
10246,-0.18816739905859642,-0.27265286315470194
10247,-1.2546955915482885,0.39653056041556534
10248,0.9237081250555966,-0.13884712392971255
10249,1.4531131762308602,-0.07683813549825
10250,0.3816507160681645,0.2871905380166771
10251,-0.6836792080884737,0.013687876360760074
10252,-0.47325059719331974,-0.005912117392072732
10253,-0.24560327958637718,-0.051467219345593146
10254,0.060448207543970726,-0.1633421513926421
10255,-0.8935005110367058,-0.14904154179549906
10256,-1.3001071972691816,0.7906985360469764
10257,-0.9134926531457347,-0.42088693166315333
10258,0.9337726650029659,-0.4107485876147873
10259,-0.35185288416119065,-0.42912890524719005
10260,0.46689104272142706,-0.3895779355059559
10261,0.5303089669177576,-0.3330675893196003
10262,-0.3127803913657504,-0.5479837715459677
10263,-1.2572033914648773,-0.18630395595586938
10264,1.1505882665923688,-0.5335347307120081
10265,0.19326991206997696,-0.6169753576149323
10266,0.26779747496997647,-0.5201713379744224
10267,1.2294566643159548,0.10801165185049523
10268,-0.35742064905465815,-0.44508288371191734
10269,0.48585835679112793,-0.4585711025111067
10270,-0.49723917267409745,-0.10760355463793876
10271,-0.4686781419183401,-0.22842008016983043
10272,1.0703419911383403,-0.4754887331891918
10273,0.8151428583955308,-0.2777010312765543
10274,0.2631816038388307,-0.06899888716093586
10275,-0.6374744930284408,-0.43083234498876444
10276,0.6755988992564841,-0.48553280661014786
10277,0.21600585866156885,-0.04950955279726465
10278,-0.3000136218888382,0.32383432553112124
10279,-0.2728118562970365,-0.34254776098862344
10280,0.3281407534355734,-0.35790120539627074
10281,1.5234026018215356,0.03265152476755682
10282,-0.20465021946192807,0.3938455147263737
10283,1.1338885551366034,0.28267158953768634
10284,0.1708744102287195,-0.25917906642843624
10285,-1.0492989240339314,0.6761468920144178
10286,0.9579824583026926,0.4165947180965718
10287,-0.1718226549576667,-0.03912416906005554
10288,-0.10568387703128442,0.02679665888113882
10289,-0.8483506715207703,0.4280791228901833
10290,-0.28428163368398096,-0.002804990566657999
10291,0.7198804241028103,-0.18652091816003422
10292,0.01143696483853202,-0.4399123633389813
10293,-0.143845208510465,-0.4804646591412765
10294,-0.1621793766865353,-0.2896342562933614
10295,0.2116373538851322,-0.3100259827834136
10296,0.33969184938037544,0.13066171232494955
10297,0.22463689954043814,0.2507491490550815
10298,-1.095300001500473,0.364124556232159
10299,0.34710844630000204,0.634530358545932
10300,0.2276174695574337,-0.24802011764473927
10301,-1.3835611229541964,1.4022739803129227
10302,1.0659261000234945,1.0153444975510681
10303,-1.340955824758633,1.3142954221463947
10304,0.7224774788629504,-0.22017388565697987
10305,1.2685072544781255,1.2131751791408798
10306,1.7712916774273098,3.203614925468271
10307,-0.08336040708142647,3.0261378963575702
10308,0.3961879172840533,3.087183516299163
10309,-1.6823519262902844,2.4023995134020937
10310,0.6126029270723533,1.170762016141479
10311,-0.24569169772489255,1.5908935743595356
10312,1.7233770524287435,0.2647725895348811
10313,-0.35510731209293395,0.8569368803837852
10314,0.658779960550117,0.07536084832828228
10315,-0.3261195642200191,0.5795675184884417
10316,1.08954672011061,0.34820304376714584
10317,-0.5718597669606905,0.07533405202227471
10318,0.1785214369189938,1.1991712833578345
10319,1.070923008712589,0.1569400259794675
10320,-0.20863071060265834,0.23252466098521452
10321,1.4631842146725476,0.4663084548215651
10322,-1.3185835466501656,2.0629765172079684
10323,-0.998581915323103,1.2537479113864247
10324,0.3885443437718142,0.45046442364372047
10325,-0.8344751142942881,0.620300373123883
10326,0.7949973993941948,0.03714954273317495
10327,0.7754009854644082,0.03698829730557473
10328,1.4250657456728082,0.7562708125234995
10329,0.551773091535817,0.21162474132361625
10330,-0.3610413252090695,0.24465726179271255
10331,0.2912900428187662,0.6840679864704577
10332,1.3297604905314615,1.254700930554623
10333,-2.1944084883927544,1.2424462661587439
10334,0.10801470851707719,0.19756032183448408
10335,0.6491944559614662,0.7499326412626948
10336,-0.9658098837241655,0.35631826141804385
10337,-0.3861521412021187,0.16145416919884337
10338,-1.6250674722807303,1.433467750787042
10339,-0.652471411734469,-0.0032439185291282123
10340,-0.03762609248636201,0.1953483842061338
10341,0.45058667983677225,0.19715234706828713
10342,-0.48797480357495243,-0.4664684924461889
10343,0.4565608679872846,-0.0540709822014337
10344,1.1781509571788835,-0.2782717725503636
10345,0.9551778950676897,-0.39195339012325947
10346,-1.1890278030543628,-0.14814973314335922
10347,0.620538852061289,-0.06032300439369015
10348,-1.5386002678569495,0.9424028155481773
10349,-1.4809929808871383,0.7073705590248068
10350,-0.5586227688638175,2.674005327440681
10351,0.882834709576419,0.3469102919491215
10352,0.6780116191993691,-0.2819073409411501
10353,-0.4463094623555242,0.10217798233814768
10354,-0.017419512403996674,-0.3519804164025516
10355,-1.7847893230673113,-0.21126545816084283
10356,-1.311998980852468,0.3602511178137806
10357,-0.08974722245761353,0.40967774472246854
10358,0.7377481215846322,-0.4313752844683331
10359,0.5933924532849559,0.01823758983452151
10360,0.2527111933907058,-0.28903011621725216
10361,0.32281715627075913,-0.3751636277081882
10362,0.7175717443853153,-0.23070956211252486
10363,-1.1067323032960852,-0.4836630972710651
10364,1.1186992719677786,-0.25497234968324867
10365,0.8820223603204782,0.0006613260596995019
10366,0.34747086935406074,-0.22486792659857915
10367,-0.2291005455709061,0.142741607207117
10368,1.2887849770434265,1.2330291890771106
10369,0.004917514295087083,1.4473221591753709
10370,0.028753107232285545,0.7695873035678459
10371,-1.829851010535389,0.9742745607589653
10372,-0.4861110551452248,-0.07012769190068883
10373,2.2475502742203517,1.0417254130359799
10374,-0.42021791589004487,-0.031094682862979832
10375,-0.3670967548351829,-0.27845837101832815
10376,0.09463444577162089,0.17420919432934506
10377,0.31474769109410916,0.263596532611731
10378,0.6115535979910987,0.4785918826161056
10379,0.9492827226061817,0.7262775696214818
10380,1.7413940186498995,1.7366807882720445
10381,0.27480387624539737,0.2553574985087801
10382,-0.7255008944486809,1.0530785035809103
10383,-0.8268491268710034,0.8816428175101683
10384,-0.21491537231587632,0.33211982821790853
10385,-0.8909927399577153,0.06256510739760615
10386,0.5798882308424185,-0.039890934167667404
10387,0.04705700466042435,0.4114191468281627
10388,-0.36372653486509476,-0.12004144356238923
10389,-0.2731666161619113,0.2552047445467082
10390,-0.2597988906105835,-0.1273901575496042
10391,-0.7874867960493287,1.228246379435245
10392,-1.339230717954184,1.0670050659200716
10393,2.307860660517437,1.2311050064593154
10394,-0.026279139840866057,0.5175230939183708
10395,-0.674752027780306,0.18489178794597877
10396,-0.20982487095367475,0.09456133795883229
10397,-2.095673791967255,2.025179192099148
10398,2.414761010213806,2.187387764015549
10399,0.866917382789141,1.1467396837598207
10400,0.6101571704450878,0.662533228353108
10401,-0.3310404080974536,-0.032932934859864704
10402,0.3396209301774817,-0.06725842516477637
10403,-1.9218405166574521,0.26939328558464815
10404,0.5169638900777116,0.010763936235832224
10405,1.8913056284642458,-0.15298302962809338
10406,-0.7231454962841077,0.21848170183377302
10407,-1.0020487681937345,-0.07404973327768177
10408,-1.0565387489878635,1.6675069251639494
10409,-0.2368815504793922,1.0468092386617496
10410,0.43697512330171207,0.3088279015817434
10411,1.0145675000031444,-0.10007120584322833
10412,-0.5331270099121382,0.3137049952702759
10413,-0.25693284587483234,-0.2627058656147488
10414,2.436508003660625,1.4009221372542107
10415,-0.22788794184312883,0.7835932154676406
10416,1.2047818329594175,-0.0685879781814792
10417,0.03540622347673643,-0.20600273729689517
10418,0.23020610434848587,0.44901722548196393
10419,0.4211870644051404,0.09040650401774487
10420,-0.35170079879137156,-0.20360744149057827
10421,-0.6284188214562039,-0.09810338236190577
10422,-2.653430925441768,2.283841429372026
10423,-0.8748097970227862,0.951630247169177
10424,0.7827991444096637,0.24839581220193863
10425,0.7700575787526437,0.12252858188073905
10426,0.5254051175612072,-0.308781533054365
10427,3.0519311288680915,2.4450613443781624
10428,2.2453561291736666,3.4656833426629725
10429,-1.0383442277459682,1.354465396476794
10430,-0.1803442922130199,1.2221481175948108
10431,0.9713246114156963,0.731515591897919
10432,-1.1812058330392514,0.4148420542064215
10433,0.9071534372027622,-0.15252015863211874
10434,-1.0728066024940295,1.0157074484244426
10435,0.18338950303703405,0.4081629450608417
10436,0.3458344409459486,0.9871337225661937
10437,-0.7888526992076386,-0.08272307913490122
10438,-1.1122476414106726,0.8739536327291824
10439,-0.40783285779690265,0.7579279747715674
10440,2.366505272051681,0.09454065251247962
10441,1.833797255309512,1.146424254934403
10442,0.5658975354288998,1.310018390673466
10443,1.9046582586320628,2.6214353828619394
10444,-0.5121699222035523,1.8536268010564083
10445,0.3824007772176989,0.9437332139115184
10446,0.5331376773489839,0.33860601439801813
10447,-1.2854938075554414,2.316489079117124
10448,0.4144181831964846,0.4226576733587636
10449,-0.21318925027514707,0.522223902416368
10450,0.20712187565716214,-0.008740529106236484
10451,0.46766769104828854,0.38191735587176057
10452,-0.12526041847225913,0.5658208712450634
10453,1.3510638486945974,-0.013998965628844971
10454,-0.2388768878181356,0.38746862373881874
10455,-1.058743330923968,0.41014766000811465
10456,0.9709540706482702,0.5049967135287659
10457,1.1621744531217975,1.6748468713459428
10458,0.28767686524677116,0.18794965298713712
10459,1.8115276104854885,4.170574532426487
10460,-0.09873990906096197,1.8201803861098957
10461,-0.3148865796650948,1.5313901226177802
10462,1.0492885711012923,0.9463737247986289
10463,-1.1463681863753135,3.5002824871092635
10464,-1.302642645654968,1.3772940236972195
10465,0.9034011164007216,0.5647717131775308
10466,0.12809722080268826,0.6626994736746493
10467,-0.6997284283503253,1.6214304994436561
10468,-1.0807276028314787,1.9740055178653344
10469,-0.3439800800934176,2.37515928509294
10470,-2.1949959017072285,2.8165545797985096
10471,0.04547700634888376,2.4085294141044242
10472,0.3461865654068489,0.9969755864766301
10473,-3.5970379426283916,3.506110223815429
10474,0.7410259510591668,1.367784632977997
10475,0.5150560422953461,1.010173282231195
10476,-0.850122607466015,1.4677870017534114
10477,0.670043376436851,0.1800515053255973
10478,0.7202588197629508,0.5698105904570968
10479,-0.88613601827161,0.6408645128359894
10480,-0.07949289829972173,0.8582049659720228
10481,0.37312911124413517,0.37396838384880066
10482,1.4852983200260874,0.5526294832604264
10483,-1.508635748230075,0.49397877191732653
10484,-0.9364624164082858,0.5505926755026241
10485,1.1941673995137652,0.22421437285904713
10486,0.2446946852769012,0.09054626793524828
10487,0.18384850548964016,-0.20372700059878934
10488,0.26950923545664285,0.15191702520331032
10489,1.3436671532079012,0.6074750768011438
10490,0.8957435005427528,0.44955845990208915
10491,-0.5426971249973209,1.4266769469192238
10492,-0.17150278022376428,0.8266811620265947
10493,-0.24936707982826864,2.352205958046196
10494,0.24252986411990188,1.1142414434511783
10495,0.7420551990309259,0.9620451667556472
10496,-5.077642673490001,6.118722253034993
10497,-0.6799178055061056,5.040791257523234
10498,1.1268223487190732,1.423485556233195
10499,-2.3816344843618693,1.6160939467133022
10500,-1.3701850840303125,2.735973926707259
10501,-0.6035216023273795,1.315320373535897
10502,1.0809484453400062,0.3949466771964117
10503,-0.5017030131592394,0.6113919787473256
10504,0.6008999355685235,1.312813139730091
10505,1.4152384406776177,0.56294240490883
10506,-0.9972304315197706,0.5669785674861078
10507,-0.38399660659121493,0.04779622682551144
10508,1.6776635714949188,-0.08337106459270004
10509,-1.4226619364539954,0.3173499784183665
10510,0.18904262349266757,-0.3024562914076505
10511,-1.4940566149690162,0.0041955521985888675
10512,1.0266729176309048,0.4064993448562927
10513,-0.5916471070588919,-0.24270773496170678
10514,-1.1094880322070966,-0.05782676134945713
10515,-0.8767839047639647,0.35911931720375684
10516,1.8717611618913745,0.3061377800438562
10517,-1.3727698011713312,-0.19458585125157202
10518,-0.26003578308743397,0.29438832292621603
10519,-1.402815525832555,0.17996647242693892
10520,-2.396176583229563,1.813072804689432
10521,0.5747498281355614,2.60178782551209
10522,1.4995880017571521,0.4152921325876183
10523,1.9952793271217015,0.16863757285007328
10524,-0.014272611900872418,0.04642905890751488
10525,0.2943881195834911,-0.2336451653595514
10526,-0.8104120377288719,-0.08750307312771673
10527,-0.6773346689510864,0.17151466005369023
10528,1.5400353289919577,-0.009014038107634091
10529,-0.718366045674854,-0.3337201594592585
10530,-0.8162765255361348,0.005547296266209002
10531,-0.8992078971981988,-0.13641558596910586
10532,0.9099149444603246,0.008715714330142116
10533,0.44941095894914707,-0.35968260037569566
10534,0.5721445073864305,0.1585536041876247
10535,0.24985133426260048,-0.43330590236683236
10536,0.43821215164641186,-0.07838609458208291
10537,-0.8181087257950396,-0.1756686484786156
10538,-1.5456928192154729,-0.24616444498920315
10539,0.23470622571742436,0.29244681263221756
10540,1.2016222220662793,-0.13292046737950752
10541,0.4038945976560363,-0.051273892618662914
10542,-0.1269914561956868,-0.4756781578352389
10543,-0.3483503652270258,-0.17667978414095079
10544,-0.04132701122895264,-0.3100174884368773
10545,1.1123754184036805,-0.4258267539505903
10546,0.433816740019865,0.04498009039990504
10547,0.5085066223018643,-0.4958880421448938
10548,0.2856300231523514,-0.43632615911057754
10549,0.7416741433511269,0.1847621373120356
10550,0.008437772664343512,-0.1422652247108971
10551,1.1597887630249737,0.3659234804414945
10552,-0.5311796185113488,-0.47947857979534375
10553,-0.11648813118375045,0.0401762678643161
10554,-0.045055914740656865,-0.48551412806303845
10555,-0.7818227531559291,-0.392013571556971
10556,0.37057983209876655,-0.42682395928426026
10557,0.44685676707003985,-0.48848142793109617
10558,-0.4474541871115458,-0.45320413294848777
10559,0.020024448151090377,-0.5077275153490072
10560,-1.0781192996827247,-0.3973335500335462
10561,0.15489773850799846,-0.2212334488149694
10562,0.34267947454547903,-0.5274733393464448
10563,0.4988612770096319,-0.3432721220855355
10564,0.3121260437092317,-0.28475777541021724
10565,-0.6401508624638942,-0.18888941330076167
10566,0.05092063763224467,-0.5637275983527841
10567,-0.9037458714803275,-0.38568702916266706
10568,0.13033338154600105,-0.42183464227392115
10569,-0.11357391574337318,0.017981780327042274
10570,0.2486678599446706,-0.5135213220968746
10571,0.02839349240395253,-0.36165672298057683
10572,0.47136293111085226,-0.5128678570292301
10573,0.4796199009021171,-0.373439825707896
10574,-0.42005839606483053,-0.35637083020392546
10575,-0.43011063677184747,-0.42299724666702815
10576,0.43067175596307233,-0.5475535854842428
10577,1.1925768984402192,0.15844476452826517
10578,-0.8355579795002561,-0.251356130230119
10579,-1.2258671285945282,-0.4449080542690376
10580,0.9921249237135373,-0.10199182750087928
10581,-0.44984119632235586,-0.5632609330912368
10582,-0.7743340219961198,-0.4035389277478356
10583,-0.5662693158763978,-0.30997802074056674
10584,0.6936567295570462,-0.3372204015412676
10585,0.12800040390123757,-0.43035917633576815
10586,0.6224807536132905,0.08214331611363108
10587,-0.3306507972655168,-0.18463651267124512
10588,-0.057492472813360666,-0.509825752076335
10589,-0.16296541995524041,-0.14547063031487412
10590,-0.5641387709593095,-0.28471162428878277
10591,-0.9185041866076403,-0.3603607737391087
10592,-0.6170752293506694,0.07314854966982867
10593,-0.24635641671035213,0.30976137345892146
10594,-1.121145956346773,0.46902804926432307
10595,0.8684122268258254,0.36080746921085044
10596,1.5095673054179755,0.259709928399287
10597,0.3652430146521185,-0.10914838369455895
10598,-0.7200476158705456,-0.2275114212522635
10599,-0.7387022530704073,-0.4926709248335811
10600,1.4913134483620791,-0.16068043261595555
10601,0.12111444202213778,-0.08955984717257894
10602,-0.3592547574760946,-0.13491298352151107
10603,-0.533538184175693,-0.3886921186199846
10604,-0.24755060579998156,-0.47315561302562725
10605,-0.5044471836196658,-0.4749963752879852
10606,0.18744519835885876,-0.5371055604297889
10607,0.8461675505004878,-0.37696121951247746
10608,0.04697415423476183,-0.5178604961500085
10609,0.01594672769615923,-0.5289467374698941
10610,-0.43352563048973153,-0.5709486535574234
10611,-0.3253019856108278,-0.3344408693742841
10612,0.9774667340555352,-0.32474794208202307
10613,1.4111018044006272,-0.010423221498991964
10614,-0.5283585514527349,-0.10304504432882465
10615,0.129697476939241,-0.4869798558512486
10616,-0.053034101279748475,-0.5351203554227263
10617,0.41054953129118354,-0.511530772048215
10618,-1.1006429890596137,0.5576367948521023
10619,-1.5486033886313912,0.44952356965757767
10620,0.1017540268480514,1.2652093425079756
10621,-0.6281098205843185,-0.3494865430581016
10622,1.1258114853443324,-0.4789032870671104
10623,0.23807783166412982,-0.26476183018555655
10624,-0.14272090381189528,-0.47008912255642876
10625,0.43957525587017005,-0.5210199476462537
10626,-0.13572979473231034,-0.3927044832623994
10627,0.40398688198340793,-0.5475156423050583
10628,-0.3389514992212067,-0.5054176259332849
10629,0.4459129668623281,-0.32997676639079615
10630,0.15435689057134644,-0.5794730625876352
10631,-0.800386012963872,-0.2868803057475633
10632,-0.08335522989884059,-0.27750867203048024
10633,0.3501964448731883,-0.4717813938247379
10634,1.031816360314971,-0.3224343584014298
10635,0.9505015163041424,-0.03826056652197289
10636,0.2769323711580575,-0.027162927014525447
10637,0.24171096397433683,0.12295957628388404
10638,-0.6743970317951673,-0.2950612834253672
10639,-0.035827338948124114,-0.3611773740919295
10640,-0.4978541575275365,-0.4446752164699434
10641,0.5592670953613983,0.08735676254364387
10642,0.14088923619116028,-0.2325606850408814
10643,0.20882429730875496,-0.04655295879107928
10644,0.13690512119332074,-0.04389612501570033
10645,0.5386537125236648,0.6517806495063381
10646,-0.22286519055790957,0.08121060213708987
10647,-0.2575401903497994,-0.3407094856254587
10648,0.5378411321169205,-0.2734843709911694
10649,-0.9589333948239667,-0.1510843765847562
10650,0.13275357599496868,-0.376488867051402
10651,-0.448039496442259,-0.3245061212224466
10652,-0.4779794120926051,-0.3386094339728036
10653,0.6158418672277616,-0.018932058182245293
10654,0.4576299849475738,-0.08299635482981739
10655,-0.5482502635969355,-0.37898355291326113
10656,0.18316465489909364,-0.2116818891703031
10657,-0.0681936487397815,-0.5003321056015972
10658,-0.23600985028279522,-0.5504225713820134
10659,0.49518382237905295,-0.2904259144915386
10660,0.8783529543285726,-0.3077214982568261
10661,0.49871855872857807,0.04788908895372335
10662,-0.7340734812835162,-0.20870343956591625
10663,0.9075210766548557,-0.25970882578160825
10664,0.18538329988264396,0.0630096829448033
10665,0.40643694887344095,0.35375895123011575
10666,0.47602162249477425,1.7306933831242832
10667,-0.721755626910844,0.30337974345682467
10668,-0.4610302052076438,0.04251549284383213
10669,0.6123557952094976,-0.10939117057693255
10670,-0.5623756917985907,-0.07972608004304428
10671,0.020031272496320487,-0.11827939207282881
10672,0.2957817911493909,-0.16460352108570206
10673,-0.21597205428821503,-0.20097480286985606
10674,-0.5918871304014844,-0.19025658127159356
10675,0.15121720439469974,0.007285815091884519
10676,0.2017750268416953,-0.1402841466613633
10677,0.43406213399658583,-0.3724821320523474
10678,-0.08409947736928519,0.2511047100107105
10679,-0.15808410909881232,0.3124519978767142
10680,-0.40648706794412093,0.15473427862406092
10681,0.00927300396189614,0.062276573088097156
10682,1.0178872909282446,0.7272089441208749
10683,0.4906132438186312,0.3305415416511374
10684,-0.22033872309974029,0.36814620028667844
10685,0.3607223642645257,0.22070776635025385
10686,0.9999811549529114,1.3595710989494878
10687,-0.7029354882081886,2.2074750672025445
10688,0.3851709996295678,0.45721359049741106
10689,-0.12423459130437964,0.05030528022424132
10690,-0.3022837763196835,0.5800658861265816
10691,0.40364680613813075,-0.03685464558594932
10692,0.17203135340533265,-0.05332665514280187
10693,0.03625436593336729,-0.04662398391897787
10694,0.5457765920514602,1.5973370210158033
10695,1.0526407952805206,1.2165670731922844
10696,0.0512376670411181,0.9047736099227363
10697,0.7426554416837903,0.07306315955235808
10698,-0.9547201579509899,0.4881356085873794
10699,-1.1779788555993207,1.6384282595486168
10700,0.2486790623879116,-0.009876745259565948
10701,-0.5805849916755395,0.14756660999119006
10702,-1.2394669843730863,0.6009536076888748
10703,0.46705799875634413,0.7524339609171173
10704,0.09605464808576206,0.14535574259987527
10705,0.1348903427240009,-0.030362743604691808
10706,1.4440281359930525,0.4250102315309606
10707,0.993429550286894,-0.07183047514476507
10708,-0.11074835623185528,-0.5154043482691701
10709,-0.28496893389033673,-0.26017522036309854
10710,-0.6130229123148809,-0.10398107939858608
10711,-0.8483311340386814,0.6221941632689967
10712,0.19203871466692293,0.04209405582785235
10713,0.5010806254533346,-0.30076205655433463
10714,-0.46395028398882115,-0.4480678149580459
10715,-0.9745434082834161,0.27350408012221505
10716,0.738626387405194,0.09801862281634598
10717,0.010981276113839205,-0.2841257545674739
10718,0.9678586849724303,-0.42035793271514943
10719,-4.455269821939996,2.889986577138239
10720,1.264376171154625,5.126909833489865
10721,1.7068573139900467,1.6499775542742277
10722,-0.6466105292345581,0.5227705223891906
10723,-0.4426267350592231,0.8174693133575408
10724,-0.49041809966960925,-0.22160059933675216
10725,0.6957064316582635,0.22030922078990997
10726,-0.17429750081324075,-0.1865293345596392
10727,-2.1398895724852496,0.5736438163790825
10728,-0.2893733617131327,1.2340655896352868
10729,-0.07201429848463,0.21178082568579268
10730,1.8819728095618407,0.5350562754195792
10731,-1.3607003501714972,0.4364350437104445
10732,-0.2991885294229474,-0.2221088141785236
10733,-0.5187686693482181,-0.07234125716940012
10734,1.3608845251836041,-0.30843327922453906
10735,2.0041581653470137,0.1570770078193424
10736,0.7397788061337692,0.2342106670411717
10737,-0.522842351078552,0.04030602138343712
10738,1.3838857001435436,0.6939419258445725
10739,1.0280000142958927,1.8742853448188201
10740,0.25594957869630497,-0.06293382294454497
10741,-0.32355006006565706,0.10583066551594021
10742,0.281362138205536,-0.1295705897807487
10743,-0.3449812514243985,-0.15534864749662877
10744,0.23081422054513479,0.584364718396725
10745,0.692930065529576,-0.4221218440940024
10746,-0.9434198609812172,-0.28960580544703923
10747,-0.09193635200929026,-0.0011310213081503152
10748,-0.5429182298620454,-0.2851924525562347
10749,0.766268423296524,0.2119343945750651
10750,0.8381563128419762,-0.08990812725295108
10751,0.14976735062365476,0.414167565322196
10752,1.668478071743656,1.1040958924132331
10753,-0.5956064496821258,1.5454078038827896
10754,0.5839524484317968,0.35797034099031483
10755,0.664140642890699,0.7698716176816164
10756,0.525154851366795,1.1241871704020545
10757,-0.9955553597969864,0.7471574798026296
10758,0.24987866078028914,-0.13715936829917205
10759,0.305501561618846,0.478347867465435
10760,0.11005086051010937,-0.05791021598334766
10761,-0.6220536596901654,2.1256073030020506
10762,-0.38275000039307894,1.2001314545831279
10763,-0.4659142063504283,0.12181215472250047
10764,-0.7621039800618541,-0.013469080024260968
10765,-0.5699841272472503,0.38520993720794394
10766,0.7844169818190156,-0.13916976369104028
10767,0.17601140545419858,0.09370193709219722
10768,-1.008422832587584,-0.2859297886330898
10769,0.6028237807667753,1.0393825641463832
10770,1.231803410840336,0.39364341316404095
10771,0.3205381895907585,0.8187514909819525
10772,0.1734037348883749,0.8616219910853156
10773,-1.42363464522976,0.4163043835427908
10774,-0.3207529060363848,0.5607078680179237
10775,-0.1438325135114969,2.2871180643452975
10776,1.3200960471356589,0.5427753698629774
10777,-0.4848415910261318,0.3791548282662091
10778,0.01613989565728125,0.3214962642917033
10779,-1.4407583032757147,0.3205189472567131
10780,1.3095618791761667,-0.06446305416940949
10781,1.5265065465759864,1.3515068095785692
10782,0.49279656686034323,2.3496091260711287
10783,-0.18407427485294503,1.7107068984458065
10784,1.241718943295505,1.5157521304991026
10785,0.720479017385771,1.7806759213993397
10786,-0.5560428834295603,0.9529606262861563
10787,-0.055569963980277755,1.1889202728759851
10788,-0.6221246723968088,1.639897239134525
10789,-1.1040408373652253,1.8842678053904105
10790,-0.010223481418347046,0.35680485190618966
10791,-1.9775816732500864,2.7225202412297906
10792,-0.7780923534078004,6.7560159693072315
10793,0.020819283256802663,2.1898958148676386
10794,-0.35778602381559055,0.6984270344598925
10795,1.113350447262076,0.20156835219307137
10796,-1.175828314954422,0.28952702754415555
10797,-1.0068287328723848,0.4867215595087182
10798,1.5177388377204373,0.32182551015115163
10799,0.5126258463035436,-0.10813471206098589
10800,-0.09089004922901861,0.6025783985823249
10801,-2.1057434788202207,-0.11490551207398078
10802,-1.8333241110304026,1.8526749411309036
10803,1.3604060981281931,-0.12742406701432762
10804,-2.099217025028749,0.6752605562803644
10805,-0.5710363836400992,1.533928840212793
10806,-0.15663692708897553,1.3198005246459341
10807,0.7911025597476651,0.7412721685407968
10808,0.42265192422014547,0.3510412505914605
10809,0.06402320373683335,0.17186026457859382
10810,-1.2473295128100719,0.5210351618734056
10811,0.3920376648557511,0.3235426668012914
10812,1.1835036357705544,-0.3779495518256401
10813,0.5558645780814743,-0.22682078231057654
10814,-0.33974796923549566,-0.03214428724529485
10815,0.5899702402437828,-0.4025333278392997
10816,0.05567642082058884,-0.32273760898813286
10817,0.8558531936667616,-0.14173182804530804
10818,-0.8429806361750047,-0.17743421646888877
10819,-0.48610470342146317,-0.261907681985541
10820,0.3218399534679399,-0.051830097605957005
10821,0.09005166213618654,-0.3416609607926551
10822,0.10517830977917074,-0.2964776035746718
10823,0.22173963876696895,-0.17658993052349906
10824,1.0455784898762739,-0.4564967213702024
10825,-1.9550787081002279,0.5274040423262994
10826,-0.3492192221550381,0.262922227151096
10827,-2.2087370074990478,2.201522817369337
10828,2.140182909026088,6.710553018304563
10829,1.799774334552474,2.8658398471019595
10830,1.1002335694383902,0.7231280467106111
10831,-0.7079073786461741,1.016602125576415
10832,0.5473314650431778,-0.058107139232568814
10833,-1.2372007069064572,1.6533976200218803
10834,-1.6487228659907054,0.2919403806189435
10835,-0.016453728886035475,1.5865444321088917
10836,-0.5537002239638443,1.238006643502224
10837,-1.514480598943359,0.8441068184452764
10838,1.4609812158520812,1.3041992015488397
10839,-0.7217231841922227,0.13674000351007598
10840,-1.349721023592177,2.473461108793279
10841,-0.5431917563689417,0.36029449968066063
10842,-2.647238740302453,5.483175697093617
10843,3.3676744514854335,3.2767528199686855
10844,-0.16179065438736823,1.2227844754931738
10845,-0.6448465500941158,0.33204953180425895
10846,0.8802697771927022,0.4894261502025304
10847,1.3272284145884816,0.4900263913774584
10848,0.583288676705136,0.5232238214201731
10849,-0.7232498144066497,0.06168193548400056
10850,0.662283358296819,0.4595822442745452
10851,1.942580809310269,1.7501114545038812
10852,0.9296102593140766,1.389557130988983
10853,-1.517159805836754,0.7161460898582972
10854,-1.1724164929397725,0.471955190457086
10855,-2.0399903978337193,2.359857054722746
10856,-0.6480452255701246,1.3626103023491865
10857,2.042131889435415,0.8307717027690776
10858,0.7730177581438487,-0.005868721820546961
10859,-1.3638722462125183,0.4649719963552145
10860,0.7122522783044164,1.6169909836732896
10861,1.4963308144697642,1.3146105145663332
10862,-0.5570945686136236,0.9278465105773633
10863,0.06520868870586952,0.43878106874770867
10864,0.2759768309987187,0.3067982536615006
10865,0.9455075692156931,0.19643505301038733
10866,0.7998834962924004,-0.09499582165223172
10867,-0.35585834580917675,0.5613947105757312
10868,0.4268033476695247,-0.05072623526562811
10869,0.002654786870887724,0.15563386474870575
10870,0.7236298002157506,0.40989981795952973
10871,-0.036402272053776046,0.81374069367336
10872,-0.09068033063213006,0.23491437205752655
10873,0.48844547799794746,0.21214036524020943
10874,-0.2881197027178708,0.6675166325914387
10875,0.6229539299838763,0.6937586748060328
10876,-0.8431118797745939,0.3369492044479337
10877,0.916433293057614,2.6123212711972643
10878,-4.415075078650764,4.730461774413144
10879,0.986465098889958,3.707988202755838
10880,-0.31885032092789534,0.6039825052426011
10881,1.1228577068873606,0.6473234798438388
10882,1.8430056590770283,1.5535166638681503
10883,1.0109044623713588,2.536478959680181
10884,-0.8854626433636485,1.7188937565390512
10885,-0.6935433346220381,0.570647798258634
10886,-0.19503973619167775,0.967855707318649
10887,1.7480158192224602,0.9606103730240948
10888,-0.6113114684588715,0.8805949249167291
10889,-0.24251596907253226,-0.12394502032153602
10890,-0.5083643192916036,-0.20802065521503937
10891,-1.22884271120881,0.7253015599044186
10892,0.30816785905153676,0.0404668907052583
10893,1.391312722645783,0.4521737482532441
10894,-0.10587495283673748,-0.35098007547249105
10895,0.461793253397636,0.394845310006898
10896,0.26124459945555123,0.3516526927353112
10897,-0.6848129584234547,-0.20767310168537925
10898,1.8854749553656294,2.020400899770443
10899,0.38798082097326647,0.39291110090881104
10900,-0.5836697482444975,-0.2779529345900857
10901,-1.529852129909767,0.24076886330350836
10902,-0.9964394404664759,0.39730007705807735
10903,1.7587301668403128,0.9335342554528306
10904,0.5780617492207986,-0.08904499818554341
10905,0.04875969250597676,-0.09827394498703645
10906,-0.02119583542406927,-0.09340637164578328
10907,-0.26280330563001825,-0.20675862721553045
10908,-0.0787186154056731,-0.3433783444319011
10909,-0.2458109050180935,-0.3104722985557991
10910,0.38167729897724867,-0.21946895473965627
10911,0.36775145797498543,-0.4156464595502301
10912,0.5431564281343095,-0.21744359765575688
10913,0.5819886421424197,0.008822136681108678
10914,-0.44895515271999853,-0.19755521922565691
10915,1.2900154840489013,0.2487795863428378
10916,0.8114682903212345,0.8376577394723953
10917,-0.00024237821499772418,0.4458874156414051
10918,0.17534384234371383,-0.08850176708986489
10919,-0.3084646678540195,0.18722665250115939
10920,-0.48266555639268205,0.06371103856852067
10921,1.0321205936212778,0.1268302562466356
10922,-1.2832531494532637,-0.03082309590353706
10923,-0.9913281485951561,-0.007891547950935662
10924,0.39743597450754165,-0.4462726226448577
10925,0.35444939010345344,-0.24930250132379073
10926,-0.35917026330581736,-0.3742717912768939
10927,-1.2870501984771758,0.6963730149810731
10928,0.5879093959716742,-0.17187732346564763
10929,-1.0299788193304087,0.13663236933821313
10930,0.793118885672226,0.6387279254576445
10931,-0.5658692527356385,0.05559870483876014
10932,0.06067386322385904,-0.25069887195468216
10933,-0.2410572573484284,-0.1778799006563184
10934,-0.32102221728465563,-0.3416019588655529
10935,0.3198526438220932,-0.5202697402192061
10936,0.5945169806471531,-0.23801449534898345
10937,0.2445700910697201,-0.26777863601170504
10938,0.5204879353927419,-0.4257910535581925
10939,-0.5574119914994986,0.7226339725919582
10940,-0.5671193273764581,-0.319799415823426
10941,-0.11635506928267995,-0.37635238251548564
10942,-0.14394271417985893,-0.5048541606416121
10943,-0.5381746216998654,-0.3901527090919408
10944,-0.13179052115224313,-0.035803858905707656
10945,-1.0734094661710958,0.9985954854534177
10946,0.33698644717886456,-0.27240049060048416
10947,0.26693372787763686,-0.004400925861136906
10948,0.4004113523848495,-0.39255215449840364
10949,-1.155393078721122,0.036258297151200526
10950,-0.13998065593521689,-0.2684985532441294
10951,0.7754323474821647,0.5271033429534451
10952,-0.5599787898558855,-0.308712616349391
10953,-0.7682309252101298,-0.17947702122215256
10954,0.7776382029008111,-0.24726879945748115
10955,-0.9851438189163961,-0.08087781037174611
10956,-1.0616625227702834,0.7315548978738916
10957,0.08154076971100689,0.7267872190431346
10958,-0.1413345148772138,-0.01865607310220591
10959,-1.4711572546093106,1.1598934995903323
10960,1.8175669629114102,0.6258306125539057
10961,0.2878206780395331,-0.25619273473433746
10962,0.5696252715660328,-0.29361136832217594
10963,-1.1243252859429698,-0.2019403515830367
10964,1.856987909252253,-0.18677464503456712
10965,0.1943868303353107,0.07774751259977933
10966,-0.09734614683444803,0.04751916535767221
10967,0.12071806888337852,-0.01905382357562923
10968,-0.7140006337684648,-0.278123892011801
10969,-2.046318360818948,0.8350911372680672
10970,-2.0731091186439192,4.05092117663455
10971,0.5300038642960153,2.3491560554934576
10972,-0.19970017405339338,1.9895731680360034
10973,-4.483965666948859,4.755264649990053
10974,-0.237902637048309,8.616229140007935
10975,1.220658450413982,3.7914192598753362
10976,2.1264224116327344,2.37101588736539
10977,-1.012490830393749,1.076433766656315
10978,0.7980966924201238,-0.12015130043024924
10979,-2.2271860107543415,1.2856606864905986
10980,1.2243011892248967,1.23950256150167
10981,1.437598662250238,0.330421106766539
10982,0.3396690685622781,1.490961291595534
10983,-2.6194924628640264,1.443384911480174
10984,-0.23946675619662397,0.7609276532487671
10985,-1.3505414868503363,1.2318048297420299
10986,-1.4653787194336074,0.803164046094156
10987,-0.8933382438623565,1.9405873901463495
10988,-0.32278270334192594,2.782790695222897
10989,1.4100212645476222,0.7010172356806353
10990,1.032430327181851,-0.1308139966150653
10991,0.09306547953466647,0.6423510108341806
10992,0.367124325956408,-0.05299631894582704
10993,0.04112689728611956,-0.18661455629263768
10994,1.1465539611446915,0.505435764256768
10995,-0.5669803991612787,-0.07129675695447688
10996,-0.19117429542611616,-0.19754857321204106
10997,-0.45989134146085653,-0.3425722735068742
10998,-0.2309076244265476,-0.09125462200104921
10999,0.2846582267311037,-0.056556815350983024
11000,-2.2224930824272793,1.862459041874462
11001,-1.0570835604263473,4.053480533027566
11002,0.3908571727913011,0.589801550265031
11003,0.5338021005637716,0.10077877067239371
11004,-2.950809920061233,2.321060794441152
11005,2.097013270509992,0.9267348267299078
11006,1.2712588892802288,-0.08856406829998037
11007,0.6478117778609864,-0.002395846974708327
11008,1.3935333124011235,0.2722682044718401
11009,-0.08859686848666253,0.13370437021858164
11010,-0.1209639927227164,-0.022254385550560918
11011,0.9271095841037834,-0.10750624376929377
11012,-0.3077652806089248,0.3126700147283949
11013,-0.3289875318904861,0.09393723187364908
11014,0.3605097641173689,0.30999690372002264
11015,-0.43602477625746494,-0.0758950345829795
11016,1.730674016478907,1.3950842279835223
11017,0.6683091526712064,0.7784991542739335
11018,0.34164105142450896,-0.2727641317097854
11019,-0.8683005957744545,0.1562885912701077
11020,0.03548849355623607,-0.31075728725174667
11021,-0.14312751113060293,-0.2356603462155802
11022,1.0907381419103388,-0.10510740977662895
11023,-0.5847944767662324,-0.2075609132051671
11024,-0.7565942321293013,-0.09868410042426123
11025,0.9277012109358382,-0.0800297673424191
11026,-0.3897083993456629,-0.2681983904964097
11027,-0.004540721877762199,-0.5184577826100825
11028,1.2035631891264578,0.27715861405945935
11029,-0.9784150025197217,-0.0357434269264273
11030,-1.8081222470763434,0.49073547949814816
11031,0.2913362955360919,0.6302180975577774
11032,-1.8228994296404388,-0.16362693061534123
11033,-2.2787636041844896,0.7731678762233751
11034,-0.1793563047444669,0.5247475595047041
11035,-2.0641741782845613,2.5819394413118344
11036,-0.28326326519475653,1.1817328613424265
11037,1.4254140485935105,0.22368650940507256
11038,-3.881469929537551,3.159419486426574
11039,1.6267815613181023,3.4054670007857375
11040,0.4123699291161873,1.1637696476936297
11041,-3.783166241528511,1.477755954141717
11042,0.5109806647111214,3.538642370785438
11043,1.9681111029630853,3.8416448789683875
11044,1.0890559928279255,0.9274827048112966
11045,0.5509746787051578,0.4932592135925329
11046,0.8333732248919007,0.9211265851750552
11047,1.9441140614209322,1.9408573398801374
11048,-0.837676328542164,1.0070865007323253
11049,0.226579191284838,0.9210210223400659
11050,0.6356871929436332,-0.08547190457112024
11051,-0.36726939396423375,0.6368164211932291
11052,-0.1688235450410171,0.3799151171038135
11053,0.3195259761275033,-0.15557858560099552
11054,-0.7678948262403145,1.0922210851884524
11055,-0.6258522121369547,0.5071775074305173
11056,-1.7619715641419118,0.2811290743583611
11057,0.08523404752959458,0.6481553642410811
11058,1.4097634451907324,0.37015962950941506
11059,1.5248908092914994,0.47430019643588883
11060,0.37586932932064787,0.0968442906655378
11061,0.7344675870500162,-0.13019740326164722
11062,-0.21449674121505652,0.3678938770409512
11063,-0.441592020864951,-0.01751491470715151
11064,0.24557494750508677,-0.027975391626853797
11065,-1.417779253610287,0.3409401104808161
11066,0.9098445199949805,0.2817166920196271
11067,0.37472918552191015,0.4911254974538809
11068,0.2242911030168523,0.015755552827219924
11069,-0.48253711340404964,0.08900087031480095
11070,-1.8241882795113227,1.1450281793230477
11071,-1.0115044063949905,2.390935646448956
11072,1.4589287098598298,0.5402945910449805
11073,2.8377675641972937,2.331136954771233
11074,2.125050440748796,2.2935114824965583
11075,1.3127927299495459,4.643623396105296
11076,-1.655684804856859,4.615815178496522
11077,-0.7879657902319483,1.2763023999742185
11078,0.5764911615606082,0.21789830077208439
11079,-1.1565691027474603,1.319907597564347
11080,-1.5410270396206565,1.6233374361772728
11081,-1.109618044748395,1.6336818242753242
11082,1.0830147339946967,0.03108740596779226
11083,2.000394448246264,0.09015549548507086
11084,0.8101126470288539,0.8565903373252051
11085,0.6620682859154161,-0.19332438647635297
11086,-0.31262825236214087,-0.14660405832111775
11087,0.8912736278669691,-0.03978064871923325
11088,-0.0040596289806090775,-0.020916735119450663
11089,-1.1576954855811616,0.05905318151028499
11090,0.3278947062065822,-0.1562618610210677
11091,0.8215450881491398,0.22613943427877709
11092,-0.6778465538566509,0.089034947980215
11093,-0.8634399808847556,-0.30064847777043446
11094,-0.37672834345368456,0.09247683519148048
11095,0.22384575843361465,-0.20999782825852256
11096,0.11039350136058185,-0.46092447536863596
11097,-0.1994795344712923,-0.35855634853809787
11098,0.32697877123109287,-0.2726483503832128
11099,-1.0015089178850398,-0.2597783018980772
11100,-0.5940930579370629,-0.21521897974317405
11101,0.10946637156516495,-0.19557775571694994
11102,-0.6396292205684623,-0.43229288435210117
11103,-1.0033218104824198,0.21506992659212082
11104,0.7848134508141827,-0.28153164420567683
11105,0.3962990744604302,-0.4258131636183477
11106,-0.9447054194179393,-0.041907726350402984
11107,-1.1980210090705128,0.045901107698861306
11108,-0.35365239845927066,0.5149246393161832
11109,-0.03701604518232939,0.07399963515338553
11110,0.20072039783354617,-0.3774206273151918
11111,-1.1079862906440614,0.49991731755726043
11112,-0.12026910409922309,-0.0073079032595499095
11113,-0.6453130575740784,1.1986311628569206
11114,-0.7256509833591223,0.5583263463085395
11115,-0.3240854338394814,0.7729691456569043
11116,-0.10859562199984876,0.5409842730729095
11117,0.5520529732975836,0.5605972068031441
11118,0.26697677432676087,0.5887894030427231
11119,-0.18828461711105016,0.4215835314417534
11120,-0.4925570546717325,0.02321143112776158
11121,-2.6863945637408877,0.9031445086459089
11122,-1.2025825611316125,2.0866950375463738
11123,0.37034078216861477,2.4447535934003413
11124,-0.9769003510864396,1.1185054466278563
11125,-2.3620146684244996,4.291162071801015
11126,0.6815121524807414,1.9555097040612504
11127,-1.1958039608687334,1.9898681871693111
11128,0.843250623445672,1.1299717353100476
11129,1.6931104911975954,1.8564543321822853
11130,1.7443873514045836,1.432417525663992
11131,-2.496627300786794,1.2384551661184788
11132,1.0193576898186,0.2662018280650697
11133,-0.4477811938268371,0.06833127853255254
11134,-0.650693492386079,0.3720385809154227
11135,-0.53558953894857,0.21065291763217983
11136,-0.39999640675521314,-0.04630714376176983
11137,1.2951867486125352,0.29058974369035945
11138,-0.4387201628777891,-0.20745883259491316
11139,0.661731521871612,1.111993907544333
11140,-0.11527355366434985,1.342394565856823
11141,-1.4990972811762522,1.489833491232017
11142,0.8044803306791584,2.792873327271008
11143,1.194738592632471,1.3790234935432268
11144,0.7169701489224509,1.525902849253016
11145,-2.4288993306672424,0.7423525093424592
11146,0.6491925896007638,1.7442473761442412
11147,0.3542332649473042,0.35677088336727
11148,2.204129926387223,1.2868581512114738
11149,-0.659530426117237,1.5336575291399681
11150,1.9494092998068466,0.799293675727816
11151,0.29733067065716723,0.8106042335238486
11152,-0.989049793498905,0.16594661915133796
11153,1.2475792705633368,0.003907492902927514
11154,-0.1161748709028955,0.02792954607007341
11155,0.4971619380819645,0.4959023622679797
11156,0.8622925360281258,0.2909962832795629
11157,-0.9819558626093596,0.022488151002883153
11158,0.31022022712486125,-0.19562011586031217
11159,0.577380536908646,0.737075055845396
11160,-1.42524455160519,0.5984805551891833
11161,1.0244933521718849,0.7754855262091667
11162,-0.9636383713543022,0.18136038838542584
11163,-0.19139318452164944,0.39061201578186056
11164,0.012621413640733175,-0.06215209960566021
11165,-1.7427354616108814,1.485498355137606
11166,1.9009851463382428,0.6515447161888654
11167,-2.397341645230223,0.8591730787352075
11168,-0.784359734535333,2.2498832496063295
11169,-2.609434440898106,3.6487598005002813
11170,-0.7571501642828486,3.0551722719985697
11171,1.7490763937136367,1.9854354744310565
11172,0.47974358931244127,0.5461220898759729
11173,-1.3994960474285827,0.6821174232594729
11174,1.7306589612440313,0.5659148575741523
11175,0.5584233445469754,0.0842165953017587
11176,-0.44532558577824993,1.129948174067051
11177,0.5610189240640209,0.02493461060873619
11178,1.569822982834444,0.32507873557155215
11179,0.598998796946833,0.41054472362330263
11180,-0.4777439873324915,-0.45566756763684874
11181,0.42217343437559807,-0.46861769195436925
11182,-0.5760655722528744,-0.1302903290029674
11183,1.1025640436496396,0.07327900296111241
11184,-0.33157676036899153,0.15117983083923517
11185,0.5254876177696248,-0.11836103649717658
11186,-0.2288455748662777,-0.1934854949795319
11187,0.4513849949769495,-0.4424192987344132
11188,-0.47974086630055035,-0.46575918320625864
11189,1.5031056351777121,0.05480893555627467
11190,-1.2270404928342005,0.035216024813894985
11191,0.07408405721266123,-0.49721458713269573
11192,1.1921143816233426,-0.14702878400590552
11193,1.6093026482750232,-0.29479649088662546
11194,-0.3936731118442003,0.1011161417695304
11195,1.1504517819704836,-0.23730565952203242
11196,0.20123275604071766,0.09543738728641477
11197,-0.8106733583926002,-0.3190791253024427
11198,0.6142920191156889,-0.3314831862388414
11199,0.024898531490029484,-0.2364542251598272
11200,0.13452801848778362,-0.12779669783898698
11201,0.5780179396713583,-0.47988496310063905
11202,0.09854381734367244,-0.4468977401013296
11203,-0.41649657909837534,-0.3796839194588555
11204,0.36451137802433653,-0.45476389217842866
11205,0.3231672497356759,-0.3225221303844814
11206,0.6013263818096994,-0.18363142965090173
11207,-0.7497546369915562,-0.2931292606490018
11208,0.4485987628749799,-0.3311422056795765
11209,-0.38818356880419724,-0.22704497763748435
11210,-0.036542832680104026,-0.4190463335673476
11211,0.3681705292736982,-0.028041925015367758
11212,-0.6345810774986944,-0.39312142969432107
11213,-0.7412802919783139,0.05120152442350873
11214,-0.5406119624477527,-0.28439557087442086
11215,0.8104756192377145,-0.4300023135803315
11216,1.3231152890217395,0.17176001515775252
11217,-0.1962224794496769,0.24818644405820925
11218,0.13310926184769775,-0.4385279175397463
11219,-0.006703000117481589,-0.3558946524813043
11220,-0.5396535299865542,-0.39130031858478387
11221,0.3283161136698127,-0.554343650811365
11222,0.09630577210331796,-0.4923969071782305
11223,0.2931801249658838,-0.3691323105796979
11224,-0.36448408351174216,-0.5019956147894101
11225,0.05708142034936558,-0.5925349839804375
11226,-0.19753946163567582,-0.3614102930777395
11227,-0.36793397527093485,-0.37713532498726254
11228,0.47827084470441844,-0.516309132199944
11229,-0.07458498423641322,-0.5073144129102235
11230,-0.10350338816288635,-0.3594565365277289
11231,-0.2970723001778794,-0.29067022064239056
11232,0.0029822996948962923,-0.46812210170467483
11233,0.10018052080228088,-0.363349623890673
11234,-0.2269509537119303,-0.5707046353927214
11235,0.23973922207822196,-0.42577313485310325
11236,-0.07193605846448745,-0.6029177873483086
11237,-0.09638762947993447,-0.31075456507588234
11238,-0.17340009027401754,-0.46776796931044146
11239,0.12294370053438995,-0.6141383592437845
11240,0.6425637542553256,-0.2491501919190583
11241,-0.25694800404172874,-0.47483785044578186
11242,0.35571608214652706,-0.30924068902455754
11243,0.07177857464009865,-0.479222493290108
11244,-0.2965012117266359,-0.5300594697475458
11245,0.3073232537191018,-0.5442216173821375
11246,0.27563363940791963,-0.39813444003883053
11247,0.2378204008875349,-0.29767489260158386
11248,0.16778194492448634,-0.4079580397941577
11249,1.2190331200879114,-0.06147086701152261
11250,-1.0808540912758182,-0.2183118851173015
11251,0.377993828995587,-0.4220501814529235
11252,-0.7675534738767131,-0.25454182457296237
11253,-0.48954051636475077,-0.05320247711781954
11254,0.2537491008135072,-0.4675871157097513
11255,-0.15834272649453238,-0.4154233414317969
11256,0.5951626894563901,-0.5484647013898327
11257,0.15629599182041642,-0.5602520721114139
11258,-0.030504461419160155,-0.5167528942983196
11259,0.46229006548959206,-0.3573152439888344
11260,-0.2645029272711389,-0.19230218430229554
11261,0.6952736133315638,-0.4220018528310115
11262,-0.4648012582183233,-0.39895299379720295
11263,0.21031535471479437,-0.34344402200729646
11264,-0.5847512979244888,-0.05431693525000067
11265,0.09884602506127539,-0.23873426945471796
11266,-0.18301301662477762,-0.2754358225730918
11267,-0.45963264964827155,-0.3298073429096596
11268,0.0424734127845078,-0.13760603114807643
11269,0.27580601389982534,-0.44277663745579443
11270,0.7908125328854015,-0.23522285213150648
11271,-0.37917675212235824,-0.06249686865925983
11272,0.4941341561801337,-0.4013778806862759
11273,-0.32378925720009893,-0.24415647577271396
11274,-0.13104250431811326,-0.27741492184049965
11275,-0.46936908794785603,-0.4444410850378147
11276,0.15664588184845257,-0.6614586810480111
11277,-0.5499347813149581,-0.07802904169664611
11278,0.25023337843614674,-0.5889622214020007
11279,0.18084456191482112,-0.47697852323467166
11280,-0.07846652304786976,-0.39299082391405765
11281,0.3293909913136859,-0.40360176633575984
11282,0.42577495764003276,-0.49709881519959204
11283,0.10750233249820892,-0.30975602520401346
11284,0.10581883739868676,-0.47985591264912647
11285,0.27077998332883857,-0.5177839839860153
11286,0.3957586397097075,-0.42521423096288496
11287,-0.6323039806952961,-0.46350446530820905
11288,-0.5701599454567465,-0.4347313409934346
11289,0.4522639021740288,-0.5213477763406794
11290,-0.21146015984512276,-0.39034438194128873
11291,-0.27084449992535276,-0.564235368315858
11292,0.395059587290437,-0.5048491168833855
11293,0.12048929058288452,-0.6202406892784974
11294,0.4738264174926997,-0.552993869986866
11295,0.7388738131374581,-0.3017230278845266
11296,-0.675317959424919,0.3717940466979335
11297,-0.08750932083638854,-0.4051058654605532
11298,-0.5036314931057355,-0.4591130205066413
11299,-0.018986820247205875,-0.3410525679719022
11300,-0.07790848713962788,-0.4297925365089252
11301,-0.2445429877381077,-0.45985993077073284
11302,-0.20853011048753642,-0.39837560637113606
11303,0.07804263294615353,-0.18214094229139463
11304,0.1366567589877115,-0.5064094606771432
11305,-0.09537252173957193,-0.5968523880581198
11306,0.39464938341593125,-0.5056474609692797
11307,0.6204963474995113,-0.34944839677157713
11308,0.295613893085409,-0.354088301912461
11309,0.08004984588485328,-0.45512351540794777
11310,-0.5066620892602951,-0.5113522104474995
11311,0.4377538503859515,-0.49212502972425654
11312,-0.38785415763376857,-0.49759031528969994
11313,0.2965881894002932,-0.5888245834814473
11314,0.42256947174753906,0.016686892176182203
11315,-0.7548604859067127,-0.2559605867065083
11316,0.28784731242656864,-0.4506520448082831
11317,0.30981281666986116,-0.5639877416636434
11318,-0.2989839060974364,-0.5669104285185727
11319,0.0070693258032376634,-0.5549618037592047
11320,0.23829488333674795,-0.4831276505865947
11321,0.28742808258854524,-0.535568742081698
11322,0.03883159990665027,-0.5415587306776461
11323,0.025630273410720744,-0.4367489537952757
11324,0.4320564065350205,-0.22569105252180943
11325,-0.16389379358899575,-0.08847070080987657
11326,0.00977029083778135,-0.5082337007840139
11327,-0.3442949101599794,-0.19839153011066807
11328,-0.22033545115266692,-0.4641449090123853
11329,0.24787177034314972,-0.515384481093595
11330,-0.5203405941323936,-0.464515707857004
11331,-0.262988954635017,-0.34675157946250085
11332,0.06640944510641694,-0.5879531336391669
11333,0.01214613996070246,-0.2833842579213968
11334,-0.3717919516580348,-0.4872107151678691
11335,-0.13383944229823608,-0.5250056328465006
11336,-0.5670070114676785,-0.4548447645619481
11337,0.22200904023265683,-0.42028310170913435
11338,-0.20705900160539473,-0.46304514088981824
11339,-0.21711429983271413,-0.4777718138275953
11340,-0.24239471418983577,-0.4832725783306556
11341,-0.21362824535485112,-0.3546665737240586
11342,-0.04998618011118721,-0.38446069813113665
11343,0.7607439539808685,-0.32130841775817237
11344,0.2883676017058502,-0.3550926178470009
11345,0.679622742681504,-0.3357964233761714
11346,0.1787335910495277,0.690747347021906
11347,0.1403510690402087,-0.365191463432854
11348,-0.17029519136869326,-0.3361399924779288
11349,-0.5879897454621859,-0.33541957503357184
11350,-0.40056208979116614,-0.37133652859209526
11351,0.3421160494677057,-0.29292296280665314
11352,-0.7891831675185796,-0.2495242024297984
11353,-0.2873717930759635,-0.19293462015846496
11354,1.0357495458486772,-0.12024663333365707
11355,0.11415512042641907,-0.3461263123208617
11356,0.07826823712332286,-0.45197979066243327
11357,-0.46455559071718217,-0.332403819775165
11358,-0.06923019603434957,-0.32787319417001154
11359,0.3574935275504286,-0.4106962943690733
11360,0.4371937463851908,-0.4248664541298611
11361,-0.5204329645029069,-0.34760494649869844
11362,0.2733983775281884,-0.14978722822630416
11363,-0.4853146564780979,-0.053683074327759026
11364,0.550385964286121,-0.028333164550328586
11365,0.09661696664922081,-0.42193213655249495
11366,1.7873663638780373,0.09410367863356957
11367,2.1224324985278935,3.288157189246492
11368,0.9469985625990356,2.2135289499858555
11369,-0.5957263118671074,1.6523464340830316
11370,-0.9918609027441627,1.3969602584009533
11371,-0.059086565187463656,0.1071834946700742
11372,0.6487531785371285,0.15312526639679067
11373,-0.2177273892954507,-0.14799911183566286
11374,0.40400224226092174,0.45603472177653226
11375,0.5244831185207759,0.17351292132396137
11376,0.07586766442379539,-0.37317988582013445
11377,-0.6626778990815237,-0.5483358652918123
11378,0.20960686264444678,-0.14847153756718923
11379,-0.12833998583326178,-0.49923127350856794
11380,-0.3300187290380239,-0.5281163561212332
11381,0.24687222663126668,-0.47934721003663583
11382,-0.004770329782441735,-0.4854978190347721
11383,0.5342704047715353,-0.11512795411526447
11384,-0.0639244524225701,-0.5061731406907477
11385,-0.6736516892430754,-0.468113892212771
11386,-0.28773448480399455,-0.23060969192612027
11387,-0.3613616591020504,-0.39608973807821607
11388,1.0214925905716057,-0.5598455507091598
11389,-0.0447542085345204,-0.40084100359705793
11390,1.4687543435236303,-0.4865231869035777
11391,2.1754163453800883,1.9281924571099185
11392,-0.5014521949546682,0.2344712789259966
11393,0.19085982587504488,-0.3282156531429219
11394,-0.9051911183568968,-0.35461597095251096
11395,-1.0546242614266799,-0.1790551732789962
11396,0.8015786684264234,-0.3482332277474757
11397,0.03557668738823253,-0.604787607740191
11398,0.3145627466615178,-0.27147774393617197
11399,0.1434547679899785,-0.336989834100217
11400,1.1012107680142889,1.157533745462505
11401,-1.1728862908799127,0.46499217146497607
11402,-0.4737686918188041,-0.1981814864771897
11403,-0.20571350853828252,0.08856563357483954
11404,0.3045669176961597,-0.21008975315917397
11405,-1.1848041181663245,-0.1500518664995584
11406,0.3660659412440521,0.08883634198531369
11407,0.8211127910922353,-0.22068110852890396
11408,1.2595754091943354,-0.12644420054723368
11409,0.37000310252365565,1.1521921999520282
11410,-0.5519152135147731,0.20312380574524724
11411,-0.3692610083271163,-0.40695287504893
11412,-0.25322949913576775,-0.14071178579035012
11413,-0.03228220889876419,-0.2813465150542624
11414,0.3968249734752423,-0.4417540384898166
11415,-0.2066139474014506,-0.3903171810869681
11416,-0.2126149861551807,-0.21074266194233834
11417,0.6876516443868863,-0.08612596629823334
11418,-0.24181324837497742,-0.25473171196782113
11419,0.4094231301031067,-0.2655853894141464
11420,0.7000277461859479,0.41718171017681754
11421,0.555675257017332,0.5917163156711671
11422,0.33714939349963957,1.5162821256915309
11423,0.3877711637826581,-0.08280718834473394
11424,-0.7649739936879283,-0.2619545951469495
11425,-0.1388437806498919,-0.27361978340317206
11426,0.15278490858430743,-0.21602799115955842
11427,-2.2692433433453454,0.6433322000469796
11428,0.9952914777826429,0.8539314126670126
11429,-0.3864772649145442,0.4890930787276344
11430,0.0835809147440682,-0.32417891019501777
11431,-0.28848126013989006,0.40023212960386745
11432,0.5413838929447672,-0.39896155875662054
11433,-0.8307719469633288,-0.005273640594273009
11434,0.6921987419082909,0.13801478912394696
11435,-0.7198271336986962,-0.3334690351792463
11436,0.3426615105286141,-0.2402456486323058
11437,-0.6826939704334678,-0.3108177382721356
11438,0.7358283851502663,-0.2083146441281076
11439,-0.9234884937819676,0.03406600327285809
11440,0.542525985923189,-0.2766560341315489
11441,-1.3140388017082578,-0.16390265243475682
11442,0.36134275319141346,-0.1354902438853573
11443,-0.5508534644434944,-0.16439442261524825
11444,-0.44543668145828696,-0.09340801750192768
11445,0.5994569937873007,0.647906284042211
11446,0.6192906067308552,-0.14687053805630834
11447,-0.09510423568908141,-0.1878426725372166
11448,0.6714477701370094,0.3861674620807679
11449,0.3817472858464417,0.14105072775663188
11450,-1.0717923286649487,0.3519553723076812
11451,-1.1305399818569437,0.1264866414646861
11452,-0.7798696895973874,1.0443268559763264
11453,0.004197676387470433,2.5682431387851254
11454,-0.7487055038425547,1.246828489798968
11455,-0.2292888787646402,1.1859783115135198
11456,-2.556146724054335,5.3206282496935815
11457,0.9497168525993009,2.251571556918203
11458,-1.4626729457079493,0.9054717176870012
11459,0.9752681909092895,-0.23916742139945077
11460,0.8232494284881995,0.4411012823282712
11461,-1.0407172090085162,-0.33847241028878394
11462,-0.3310581744058313,0.16201972659588113
11463,-0.46129351996873624,0.19348750083273833
11464,0.7558492309200855,-0.08151848723419017
11465,0.5044053116496261,0.5675325260937274
11466,-1.084701574991953,-0.2062893315363584
11467,-0.8089398953315683,-0.3972020059896862
11468,0.8311417298223631,1.2992350684858556
11469,-1.1214068906009076,0.004978979341443906
11470,-0.49177372232612115,-0.31972420525267786
11471,-0.05457833600422867,0.6918071441320706
11472,-1.2389117442134958,1.3446803660316402
11473,0.7912948993333406,0.4270023713994236
11474,-0.14978493387462555,-0.19366060260888965
11475,1.3912029227647105,0.31097885969355715
11476,-0.010950298310134355,-0.1560333421240865
11477,-1.9104037858870557,0.5337647262087755
11478,1.2832156569683193,0.382328267563828
11479,-1.4735616406564722,-0.04117931583722358
11480,-1.391542414111257,0.26701154258331317
11481,0.9259025274351431,-0.006633478002505377
11482,0.47883965182398697,-0.4161157110990649
11483,0.17609134819230082,-0.31343121336708446
11484,-0.25735296350275044,-0.2780944495273958
11485,1.5092055937283642,-0.16826062055573743
11486,-1.1895010176675636,-0.17220324634434817
11487,0.19223415231467145,0.06050771801691268
11488,-0.2328920962254444,-0.4047047798166417
11489,-1.3339330766937614,1.3484648380954967
11490,0.3776111182458395,-0.3574455394091233
11491,0.2852694121459066,-0.26594081665712777
11492,-0.5601925398948528,-0.3106445522696262
11493,0.17902289463571244,-0.3699210407216267
11494,0.4076068261671156,-0.04621637051317663
11495,1.35503483511451,-0.30496319365114977
11496,-0.1601645195800611,1.2368619701314199
11497,-2.8102950841727488,2.458805442239994
11498,1.786213200371037,-0.11959862214893445
11499,0.10044527103645484,-0.4558446753334508
11500,0.9094973051129966,-0.38683922270813015
11501,-0.395195284427193,-0.4028139140825515
11502,-1.9379338670510118,-0.015823452845825384
11503,0.5313445012635385,-0.2726609379575325
11504,-0.7787557274807345,1.1658311989068273
11505,-0.19227643384622467,-0.21973371140622322
11506,-0.019001102306607058,-0.20741693963404792
11507,1.946115699414052,0.41667896869401083
11508,-0.39563031409232063,-0.08448807782864927
11509,1.0776267505146524,0.3649446935183972
11510,0.773234912958306,0.235872875890573
11511,0.42421883770358426,0.09103345176101287
11512,-0.5461910753387353,-0.18162799434276794
11513,-0.7719374167769115,-0.43017707310495684
11514,-0.3130466597637294,-0.3208529567457541
11515,0.43582005434347915,-0.33219412720471514
11516,0.32350936964353644,-0.4689548234216426
11517,0.8409708914041072,0.1889348464370751
11518,0.37937925439111103,-0.1466474684307091
11519,-0.04694749195830295,-0.23153392215702853
11520,0.39276258568061356,-0.13720371179666213
11521,0.4553522740038257,-0.3039212959382948
11522,-0.7896402622497158,0.59035482100651
11523,0.12417418383019146,-0.08960522725943476
11524,-0.2392664407445258,-0.2053986291753579
11525,0.7536696792852287,0.48162404642482753
11526,-0.2286682601451044,0.9101192552108206
11527,0.417260984624402,-0.3066376332718899
11528,-0.9303556213143084,-0.4263745368299443
11529,0.6951476075017988,-0.32111691536352344
11530,-0.4695128677583247,-0.19469360197227878
11531,-0.7121640850778546,-0.2821169874347915
11532,0.6589558163391867,-0.36628894658739947
11533,0.030434629650570345,-0.41060489100129083
11534,-0.18059523633195626,-0.43111060479457053
11535,-1.3896740866431652,0.35165318005857976
11536,0.37886615395564804,0.0022504651013689637
11537,-1.1349453066257336,-0.020730719747165758
11538,-0.9979783140983731,0.21525136230132755
11539,0.7574915827322412,0.06312751401202707
11540,0.6413045827410857,-0.4321124939762609
11541,-0.4339523404246338,-0.19328416788846906
11542,0.5574378521777095,-0.5518818262742905
11543,-0.5061123307569435,-0.2678559553396896
11544,1.849672786930974,0.3768637506493196
11545,0.5802789734645271,0.2542689894588839
11546,-0.926159520098204,-0.21361867863949707
11547,-0.17875439938945745,0.010381626150995998
11548,0.3620505372689445,-0.1635533336263497
11549,-0.8818872203675977,-0.002386039603823316
11550,-1.4341569031496766,0.7144675126456129
11551,-1.9289914830509503,2.392725142807431
11552,0.9387724515498904,0.3497159762498461
11553,-0.5020087865701625,0.02377191207535667
11554,-1.6430380696392486,2.1022104196536064
11555,-0.25128501370566614,1.0117205003342238
11556,-1.213846135507495,0.9091515394583964
11557,-0.12558516305279174,0.8147911632437865
11558,0.1577829557572541,0.6110283117747639
11559,-0.5106317674543972,0.8335879662498831
11560,-0.4441931434077915,0.26429908483711045
11561,0.24413183500712063,2.27285775517294
11562,1.0450799940842008,0.5334645453893556
11563,1.1007967948477313,-0.1610281101888678
11564,0.255673724675763,-0.019228447942428124
11565,-1.1672830182331846,0.6791762138176219
11566,0.9676596252849452,-0.19003018165200253
11567,-0.6539182013162879,-0.20083893705280004
11568,0.3323608559390602,-0.4951674730624323
11569,-0.420546623859048,-0.25473124954838056
11570,-0.28734621798676024,-0.49368109234395047
11571,0.2769607107463293,-0.25387968266777755
11572,-1.470886958330199,1.1701686918510286
11573,0.4058003674972115,-0.42244766022043306
11574,-0.29862005364625854,-0.5259913561304073
11575,-1.335787703545267,0.6519780038727013
11576,1.2623155938856119,0.7116050651415443
11577,-1.0296510752081447,-0.206789799068145
11578,0.8726759120835411,-0.2931344748999629
11579,-0.1257499771588,-0.27541783595730673
11580,-0.2816115191280263,-0.3124734451490115
11581,-0.04203559503282336,-0.4647518566187315
11582,1.6763190044105347,-0.2265583335802906
11583,-1.3300964990395143,0.10661920380810293
11584,0.9948222155041716,-0.563547780632292
11585,0.009812750320018583,-0.5456450328356152
11586,0.7070907188315114,-0.5013699452554616
11587,-0.10825534840470424,-0.56698856789355
11588,0.333674716531161,-0.3575051765329119
11589,-0.6364763139228413,-0.35403584972169755
11590,0.5827965504441517,-0.5041806271734735
11591,-0.34462576883634455,-0.49861966278330566
11592,-1.0351339284266967,-0.21219426304429798
11593,-0.5606317430093969,-0.1624381237079943
11594,0.9883646408515642,-0.4017537428669725
11595,-0.1863480931899421,-0.48170205001694355
11596,-0.8905605734550945,-0.31210963349343884
11597,2.0007795715231076,-0.2797036240039047
11598,-0.03026633029041559,-0.3724330812332192
11599,0.963098879377893,-0.4870441004136274
11600,-0.6821443709602186,-0.22144177737108778
11601,0.33438883116914514,-0.45206946310542784
11602,-0.3542123734069567,-0.46661049384309783
11603,-0.134456437681991,-0.578352425680903
11604,0.175594551302293,-0.5296387954720193
11605,0.21634696538643713,-0.48310157873967835
11606,-0.36936376101192164,-0.22477390609472556
11607,0.34247778984894706,-0.5999837271406788
11608,-0.5063082212203338,-0.4625265807156705
11609,-0.8682534783536113,-0.24935171704852765
11610,-0.28826832046018924,-0.4657559658773793
11611,-1.1836033594495787,-0.38770749359722595
11612,1.5275698423541513,-0.20074095058265648
11613,-0.2641877325794398,-0.530222026224433
11614,0.43070643575433676,-0.47208599603581936
11615,0.18600799805581358,-0.5252942363078293
11616,0.41344395393830236,-0.4804040219008495
11617,0.43851598265027336,-0.4370510897508761
11618,-0.01680859976914708,-0.5335363034198309
11619,-0.5254128855105334,-0.2589897319629465
11620,0.37711264361156965,-0.4670917256096779
11621,-0.7863395506352484,-0.09880156480913543
11622,-0.2857097800711708,-0.5257310030427254
11623,-0.595179856480464,-0.18334104293317013
11624,0.7778823956768626,-0.08541543123005782
11625,0.9473465997417808,-0.10474899796115678
11626,-0.4008086064939513,-0.3478969593024431
11627,-0.7265603719916924,-0.26225253528621517
11628,-0.5549988303851598,-0.053907837907528795
11629,-0.8874061315896207,0.064451985880294
11630,0.4458597171272369,-0.3008163524768315
11631,0.6165992730267613,0.03804440745684868
11632,0.07133562178310628,-0.05980820410351722
11633,-0.08964763161691311,-0.2685679665635216
11634,-1.833372179000883,0.881956972196035
11635,0.33796042413130123,-0.3843065425617296
11636,-1.9801570110177058,1.385044798844856
11637,-0.13754664359285115,0.36202254702528935
11638,-0.6556071312883949,1.5093398899346873
11639,-0.8172494579642094,0.5406979140113162
11640,1.451327929876097,1.139364086419982
11641,-1.0761488184339014,0.6805812003981911
11642,0.6163484659100107,-0.029847897599276578
11643,-0.47620100214148087,0.7910379323451856
11644,-0.6054475040068137,0.5726696287971217
11645,0.9200380831198449,0.7602572062049846
11646,0.3341700037531377,0.10283724621021913
11647,0.556730170750348,0.3255079109316253
11648,-0.11208459350620553,1.1146886644240326
11649,1.4129864838817585,0.55617452293795
11650,2.608199984814079,2.168254522824578
11651,-1.7433040404906397,1.2655642775973293
11652,-0.6140067547224694,1.0476053267637615
11653,0.20470521500395916,0.026530059288835242
11654,-0.15868523121115966,0.13835767651845376
11655,-0.16579674078752654,0.1929265297217243
11656,0.0033975420756949173,0.747713559432089
11657,-0.23223860913021205,0.3417339339015191
11658,-0.028293496837293416,-0.3734982846431967
11659,-0.25955850428523786,-0.34846075628545914
11660,0.12090154592815266,-0.29069040109027355
11661,0.39892321216146764,-0.38076032963097756
11662,0.1377541985876034,-0.33487126041768445
11663,-0.4239646955178315,0.9530609161994165
11664,0.1234593489849524,0.24030367276873577
11665,-1.4705283121777255,0.6691433455274874
11666,-3.977378948898092,3.3677113403293424
11667,-2.300075645121714,9.366771559501837
11668,1.2146124050758769,3.27007781682543
11669,1.4647695230420794,2.20050608851688
11670,1.1270349859624609,1.1771142893113624
11671,1.5839251031458335,0.45751418409889955
11672,-0.908985688803261,0.11911689610347821
11673,-0.32543163610956516,0.019458260960763616
11674,0.10265854430447337,-0.521904565072968
11675,0.13641214649385003,-0.4990485228868177
11676,-0.9926080251652083,-0.3081675335647605
11677,-0.44821416445143547,-0.24177782824940872
11678,1.5001436663057917,-0.2788761077591665
11679,0.06273350850221679,-0.4926254338754677
11680,-0.5635633669871167,-0.37935304780312523
11681,0.5067547238723384,-0.42673942643765544
11682,0.30960137042962915,-0.6364533893449128
11683,0.7119650097435045,-0.4207848299089797
11684,0.5131055118920931,-0.3825344234108012
11685,0.6752630011200736,-0.34364493306291005
11686,0.10758593597686192,-0.10974820098446307
11687,-0.007895843803881789,-0.4334631034894247
11688,0.9360651669638973,-0.43623403760105844
11689,1.2232197155585667,0.4747934210719768
11690,0.22539127716377508,0.32226758478699263
11691,-0.0875839972610683,-0.2841880749961928
11692,-0.07115645847163388,-0.2772182248502994
11693,-0.3044814327388376,-0.20822312095423925
11694,-0.4875910595098684,-0.469888484854874
11695,0.3219330518613615,-0.34050326422157273
11696,-0.009488298413632584,-0.4823276415448208
11697,0.9707752092984161,-0.15618926609316786
11698,-0.05775692992169155,-0.20316496782894214
11699,-0.038172286955888285,-0.2527442943482322
11700,0.16756110073122385,-0.44890977169290824
11701,0.20135517840112854,-0.3275218464359925
11702,-0.016463222179937446,-0.05830133421873415
11703,-0.1737020310366824,-0.32060469218695653
11704,-0.4237639753145422,-0.5365229473458977
11705,0.6844626340171203,-0.46408301340093455
11706,0.32878927885662895,-0.29197129869564825
11707,-0.394763771986264,-0.2580013383578244
11708,0.28364228587208673,-0.4392671400241079
11709,-0.020637946887497677,-0.5819485960245726
11710,-0.2100467710611969,-0.47917708792448
11711,-0.3753041065180863,-0.3952436413505614
11712,0.5725700937707464,-0.43607554581257973
11713,0.4983855817895837,-0.4469361733155546
11714,0.5741794290873385,0.15692279781530405
11715,-0.06269419628875766,-0.2674610591049198
11716,0.2666083577180225,-0.3099968096474029
11717,-0.39644956604226006,-0.31834977112323615
11718,-0.016231310370803678,-0.4932564404392118
11719,0.15155560825275483,-0.4193927507222637
11720,0.21428967229136658,-0.37702906936092756
11721,0.6271760830262005,-0.2971728481269806
11722,-0.3902379534320234,-0.49359826419801806
11723,-0.20653613225373618,-0.39773682682624983
11724,0.10998472196030912,-0.4576934581297752
11725,0.09424225303850904,-0.4541815798764187
11726,0.5642005193539064,-0.2870217539304638
11727,-0.6800999690582128,-0.2235771779940412
11728,-0.3913448264151578,-0.4125951614364933
11729,0.39740499988557726,-0.3674165166447223
11730,-0.533270437968868,-0.4334947269615505
11731,0.0840396612224521,-0.08582902304302543
11732,-0.8983742103996764,0.28980759822980795
11733,-0.06497935348795217,-0.34896506946323697
11734,-0.16739604826217597,-0.28135160197762593
11735,-0.2732413556575928,-0.475217831413279
11736,0.3092968636074416,-0.20035040057893547
11737,-1.0668326052284889,-0.2836976465106203
11738,0.6606989269219096,-0.23361374263631218
11739,-1.926873555565398,0.28159765372883483
11740,-0.4872783548414811,1.1633980378004587
11741,0.18283219105150117,1.0912703364140588
11742,0.9290609356405088,0.3492952338348137
11743,-0.9062893930221875,0.09255029238285731
11744,-1.9981660438925835,1.5288323205165535
11745,0.12395015498615125,0.6666863494561333
11746,-0.36738952055485197,0.3603670282425141
11747,0.6672038781763071,0.35316301111637066
11748,0.7103374090206885,0.3391047444357064
11749,0.9909210284120379,-0.025037962969800882
11750,-0.005564730376735267,-0.2731015879894899
11751,0.6288670535040807,0.9153265896482257
11752,0.753317676042129,-0.29922412222859
11753,1.1265337140966596,1.2718630596737706
11754,-0.01743095065488797,0.27313981989801184
11755,-1.3797783493691764,0.00045241377100062465
11756,-1.578947427029519,0.5766439961802788
11757,0.4738838526890199,-0.21618943007078506
11758,-1.2744661485897801,0.5075700863176853
11759,-1.1387812740052832,0.6908222416603544
11760,1.647694829637682,0.23679917994292934
11761,0.09008779153649589,-0.17937274605233525
11762,-0.998957622631977,-0.4623019006005818
11763,-1.7553185813640755,0.3646421703364953
11764,-0.3471910835066804,0.002559370345155235
11765,-0.5060468037383823,0.8276238228038931
11766,-0.4843346136524655,0.31706713876691817
11767,-0.6059263930688401,1.3926377518832982
11768,0.47911173912376825,0.30352550603146655
11769,-0.5727074138976435,-0.12730619648200073
11770,-0.2794382276202922,-0.23831287658390768
11771,-0.2345837477174008,-0.11640538658837594
11772,0.7415451267661217,-0.36271536527751447
11773,-0.16206323219135005,-0.460166658393523
11774,-0.693794146301749,0.8459162485030459
11775,-0.9889041516603218,0.8476724451047679
11776,-0.13610119478253527,0.06372027089300293
11777,-0.7622592551590794,0.5764349970123893
11778,-0.504191567145769,-0.21068141183745742
11779,1.516801455878652,0.6630341730226591
11780,-1.3537669654523932,-0.24695921491038586
11781,-1.307589597395894,1.6240216971308572
11782,0.050857498356206364,-0.10425090940739552
11783,-1.9390440271974252,1.5650209119948828
11784,1.435824391557649,0.9096336785912885
11785,-1.1841600369303351,1.9156700034373244
11786,0.685905502466826,8.506119560415812
11787,-3.05428201660781,3.0314719175377043
11788,1.9341640944492473,2.075990485907305
11789,0.49867248119466234,0.7113352313107498
11790,0.029802917784261924,0.266789312543787
11791,1.6871586690079938,0.3944845736541338
11792,-0.21964517862784033,0.8087543135149374
11793,0.42902553690276346,0.11301213329578476
11794,0.39802111256814066,0.018196961364347317
11795,-0.8961699592414633,0.10999196352515579
11796,1.0895389778763966,0.02558906438982146
11797,-0.8944615361860097,0.08547001751460111
11798,-0.6730840946859253,0.049600280753150455
11799,-1.0907622676567232,0.44240798480533405
11800,-0.16519804591354734,0.24017231580350878
11801,0.36115747825103156,-0.4969282590959483
11802,-0.04029898385402677,-0.46175220496835045
11803,0.7181530134254788,-0.42060316057157027
11804,-1.2858735435233088,0.04593395213724926
11805,-0.3652271342360379,0.4090308654795557
11806,0.03361851342527531,-0.040496491482380874
11807,-0.9518994639382375,-0.019799038961935432
11808,-0.7353015627611084,0.362975930282617
11809,-0.5445268035244548,0.5252229215727734
11810,1.3215510622233622,0.1931240964394199
11811,-0.6181030898567342,0.6720965953548953
11812,-0.7221527834789554,0.781969650291652
11813,0.3254082129201337,1.0985368017141315
11814,0.7561579612154985,0.5338560903831417
11815,-2.9014122444519357,2.9873116330671285
11816,-0.42471717079463045,1.8180355054414579
11817,1.1886694772121593,2.3853036967407353
11818,-0.5369923749914932,-0.029754490754690697
11819,1.129929216065909,1.5467905212582111
11820,1.1442922386983196,0.15964425773616067
11821,-0.07972416468636861,-0.31936698492892157
11822,-1.4331958290867866,0.3199663694782002
11823,1.0320837356682677,-0.3379767641990528
11824,-0.48568390898531816,-0.3139480512902754
11825,0.41689355434731207,0.283767226762799
11826,-0.7261862884052043,-0.21223555507395114
11827,0.3026318610140034,-0.36896855782746274
11828,0.0661194633874089,-0.033678976353054196
11829,0.764663933881361,0.08939783679911431
11830,0.8149705363059876,-0.31960515566587716
11831,0.7443030486729312,0.3804380370267368
11832,-0.5260536396608251,-0.02992313203599464
11833,1.7163791592237652,2.563274145421817
11834,-0.8353325415946866,1.0204790187011865
11835,0.29465015453853516,0.7552840646955361
11836,-0.910965488188063,0.7074822310435686
11837,-2.627088519391954,0.69542523167426
11838,-2.365398798224411,4.689850342248542
11839,3.0538536287015536,3.912118679321858
11840,2.7761187002599916,1.975918074056879
11841,-1.2428922147268342,0.7966729299008088
11842,0.6072744368676002,0.8678942260535616
11843,-1.761858720885235,-0.15532382394039246
11844,-1.2780593337194242,0.9483256610197482
11845,1.8286002196271531,0.3217558626749234
11846,0.15169805440566525,-0.2245188713966955
11847,1.239035735075272,-0.2935754079883896
11848,0.010424319410708057,-0.4253939116363889
11849,-0.9133732039504884,0.5890379665908573
11850,-2.254918404757797,0.3771724307291141
11851,-1.5516506479824181,1.1777436364549165
11852,0.6397660162437888,-0.0211242640113793
11853,-0.7611466732852872,0.5633281207864889
11854,-0.25189969640638443,-0.07347314264900623
11855,-0.7117452749795201,0.36182523964429497
11856,0.621873119530219,1.6384948894345526
11857,0.3755970631205373,-0.10577839410463696
11858,-1.2065107990672466,0.3526180867739559
11859,-0.07847624785345579,0.04285354418203314
11860,-0.4213562242886257,0.4565873836947838
11861,-0.049375316207607774,0.47242795442728663
11862,0.49326717707650597,-0.16805779410566232
11863,-2.036692477284427,1.461987675062859
11864,0.5198837928988329,0.9563251718936567
11865,-0.280919023349382,-0.07231075603622077
11866,1.7682817390473082,0.7412185426945598
11867,0.4390893708919677,-0.03744854581630305
11868,0.08954826616800096,-0.022233156273849194
11869,-0.27117866149272296,-0.4493450744196487
11870,-0.5713522648870974,-0.4650513845024549
11871,-2.1298131463300765,0.029483254358160935
11872,-2.109191840030938,2.2370460620539356
11873,-0.818015684612489,6.115182517600913
11874,0.34743148815602576,2.007122225994306
11875,1.3984129245198111,1.0029301804716682
11876,0.9040144784167423,0.04006025062202726
11877,-0.046036035905777505,-0.3743279490283758
11878,-0.24992917550648122,-0.4775759780321477
11879,-0.0987384819878975,0.7957063822521719
11880,1.3077182989418532,0.039718830778700136
11881,0.18954517255200298,0.3048455777769424
11882,1.2344491918341993,0.3213526489301923
11883,-0.3396260928244953,-0.26026773895616157
11884,-0.9123400162582613,-0.25231434881136594
11885,0.40229536757477957,-0.45165140541240784
11886,0.4306395067271376,-0.5603223243598564
11887,0.4133496764172324,-0.2919351646105093
11888,-0.29572733390504397,-0.5832555589211562
11889,0.004473130192709484,-0.5844993824958418
11890,-0.007269748431031975,-0.6195892790610172
11891,0.43032694930229004,-0.5948836610526336
11892,-0.1654752473479037,-0.6036323158837822
11893,0.15586362758020683,-0.6440350512506484
11894,0.16637686725084763,-0.427486775459233
11895,-0.09245311782378324,-0.5471265103932843
11896,0.7391222306909464,-0.4502817413300075
11897,0.6114685716582076,-0.31985216874683164
11898,0.10746600323994203,-0.2276414046609813
11899,-0.7432279376848545,-0.32952260013669166
11900,0.5505515634951026,-0.49582483807043715
11901,-0.3953500915422574,-0.42772719956129407
11902,-0.2032163743587076,-0.5188662763167818
11903,-0.6564768562302765,-0.4510913392449269
11904,-2.5627963118312973,0.6666760692771766
11905,-0.9723410449075517,1.0212494795569045
11906,0.6597275970733604,-0.13360212920359288
11907,-0.48000064726119884,0.2722260532693848
11908,1.8112964521513584,0.12098577661876124
11909,0.3663790998852485,-0.08487461103144701
11910,0.7061980180754283,-0.027411807491104816
11911,-0.17172451287859522,-0.4394574108745086
11912,-0.5960541967465202,-0.38248711019132264
11913,-0.7277998763517732,0.013912978249123709
11914,-0.45689859746513084,-0.49084296282817663
11915,0.6746303259290521,-0.4919819591780534
11916,-0.6694267728910303,-0.5055053570478026
11917,-0.6564508418251556,-0.3680597708241328
11918,0.8285948696006293,-0.5836725017799718
11919,-0.9213913658302297,-0.37375494680101995
11920,0.3891825063166727,-0.2483980439917211
11921,-0.9012671288882085,-0.3027224471045329
11922,0.7918988922885071,-0.5195009103615535
11923,-0.6560198296980628,-0.3998278577924496
11924,2.3572050441570784,-0.2318520266347507
11925,-0.5002997983230125,-0.26656990719873336
11926,-0.2812977387761173,-0.47334833140476995
11927,-0.357417816381995,-0.5725277181899417
11928,-0.21427843829453255,-0.5541509755631792
11929,-0.7121965956005136,-0.41605347229516443
11930,0.7883697555068963,0.13874733590989183
11931,-1.0047804411905499,-0.48533925087813307
11932,-0.2814164287509959,-0.5030361418706517
11933,0.5250185054803157,-0.21374768095282148
11934,0.5002211378877366,-0.40031776109462147
11935,-0.833299518899793,-0.46043228783621026
11936,-0.5548432366730726,-0.39746749244028434
11937,-1.4096166176992222,1.1481564344784503
11938,0.10401247345975874,0.07918675260564902
11939,0.7080113090212602,-0.1506714543426286
11940,-0.007188043284321042,-0.2549337257591192
11941,-1.1903290350679312,0.4095338892616288
11942,-1.181507181725325,1.4353176816402904
11943,-0.012101951320696741,0.5781309483525537
11944,0.193873728386743,-0.11246962350184901
11945,1.1421719932751035,1.0278292552225474
11946,0.0824307201191498,0.17117317672535318
11947,0.9059251881705023,-0.16700375831907632
11948,0.04758322135656845,-0.495533645584021
11949,-1.6008202069718611,-0.34920394972250235
11950,-2.065723695516534,1.9895766883734667
11951,-1.0382491014972939,0.6952679160385541
11952,-0.8664204679336538,1.4685735644888356
11953,0.20749566399784786,0.7144014226470885
11954,-0.5166540584810707,2.0650902656902628
11955,-0.2764422888748984,1.5830002385782966
11956,2.754351597614799,0.7502304676421337
11957,0.02807590211174115,0.199991706816301
11958,-2.02354648380133,0.16734800523789597
11959,0.9906102181557195,-0.1460526563566171
11960,0.3401713316233302,-0.3915515759069857
11961,-0.4347815125221202,-0.020780580173770664
11962,1.4283106242650534,0.08024329114004829
11963,-1.0474652229173866,0.25627284299334646
11964,-0.09031059846911145,-0.5128855707857983
11965,0.8992924317722453,-0.06901415300499203
11966,0.005291174648197649,-0.4885274607103395
11967,-0.0009381779172512299,-0.37698635123547186
11968,-1.4911690160959175,0.09512437535353754
11969,1.4186274343541183,-0.4459934823317211
11970,0.25346619104487866,-0.4562953646731339
11971,-1.5162027442786516,0.11910570359157428
11972,-1.5430425115897999,1.1383899842418106
11973,2.3198037388978845,0.1498155501975565
11974,-0.6537265256679186,-0.16787253208376085
11975,0.36572713372648846,-0.12674407302823462
11976,-1.5499081006927107,0.29192021452101546
11977,1.670895906488418,2.1231460598545446
11978,1.3813054548950938,-0.0100361780844148
11979,0.08892542844858556,0.2978758845389187
11980,0.7176636726665844,-0.42184170095438894
11981,0.030302695131055525,-0.1840361829866876
11982,-0.506164846626591,-0.14183243883191438
11983,1.2811125062038926,-0.026485528863528587
11984,-0.37710315998076566,-0.4084773557827736
11985,0.7338939629496374,-0.34863903407044355
11986,0.36161775421521136,-0.5050040564834666
11987,-0.34784544289523134,-0.4776063739244985
11988,0.09142769433360672,-0.5448153574163181
11989,0.7962683644954616,-0.30081823606125674
11990,-0.4632840089850744,-0.5221957739759848
11991,-0.7802296606586273,-0.47548821382643286
11992,0.5314851312885532,-0.4552084280040353
11993,-0.653930881230795,-0.27029736254416553
11994,0.47105338074193087,-0.48115501802038724
11995,0.08713072875148342,-0.4969427612456222
11996,0.5367483345843919,-0.5840023995298527
11997,-0.3569078833705589,-0.54224906332812
11998,0.28740846332604475,-0.5320776076663517
11999,-0.45302820826734275,-0.5151037965220985
12000,0.26037229350062446,-0.6053688398497971
12001,-0.030014900042029106,-0.4943010810546381
12002,0.4051464454354353,-0.5071678587426025
12003,0.6341487953476408,-0.5655401699276567
12004,0.1790963411777925,-0.3329242625754671
12005,0.01896127187513174,-0.35900005686455927
12006,0.014578855325818945,-0.5645707493509872
12007,0.4673579864464069,-0.2880026414588565
12008,-0.5466102933703642,-0.36922391971480634
12009,-0.29481473425246485,-0.48503225596894234
12010,0.4296397886631478,-0.12816829775399977
12011,-0.4144433851280845,-0.32681525901495456
12012,0.08659131213287145,-0.5532643148037534
12013,-0.024367957634282622,-0.20834217795268964
12014,0.17190467215230615,-0.5042352241937172
12015,0.6031802675069362,-0.43069504164564115
12016,-0.15731184653554067,-0.030886141922508558
12017,0.17362449877353217,-0.4989362797580253
12018,0.26752189433871,-0.4506358050650125
12019,1.665436509941973,0.7990841434597693
12020,-1.0845615836230584,0.31544001384116194
12021,-0.4336224345140542,-0.1693462104130962
12022,-0.2735020406125922,-0.45072513671998043
12023,-0.516164786680014,-0.3318356997789326
12024,0.19765337494703353,-0.473950583893397
12025,0.8673370972115071,-0.23525186255601768
12026,0.02893778535671844,-0.48991048041028895
12027,0.2903498991734967,-0.3059247255435153
12028,-0.8361016700297751,-0.40363229715823606
12029,0.005465204968937867,-0.487599400625265
12030,0.25334347921134936,-0.3799162477647768
12031,-0.662492431549947,-0.2590745153964372
12032,-0.703732418050504,-0.1798487044932322
12033,0.7973677100499097,-0.20108593480430156
12034,0.03198342097142936,-0.4178840063487556
12035,-0.22342275811309922,-0.46774814471417103
12036,0.4405930087258093,-0.46900883336042104
12037,0.25121945546914304,-0.2977396851616431
12038,0.06558764703055553,-0.5084764195109386
12039,-0.7642621168274504,-0.06643573220489064
12040,0.31427177623554503,-0.39745400329646813
12041,0.5865737040705641,-0.5255226591917365
12042,0.3928191657974983,-0.429752407920696
12043,0.4511748168159756,-0.23979708955906753
12044,-0.7303805202144322,-0.31703443242674945
12045,-0.23082350462253412,-0.38890243186258083
12046,0.6729055999098361,-0.45016313091358917
12047,-0.3151932166106237,-0.2967451930133715
12048,0.5090590968611348,-0.3327552119808332
12049,-0.17668813054961413,-0.46810430330828146
12050,0.48470069452281805,-0.3780294307916828
12051,-0.20965776641150677,-0.5724908136627925
12052,0.7474887906567356,-0.030292185150522816
12053,-0.4768880031693633,-0.22307500467719896
12054,-0.33751369804728637,-0.4624371912329983
12055,-0.49752763095267977,-0.49351257759186345
12056,-0.0343902513162706,-0.5378450094774454
12057,0.6435861505104924,-0.4933805215577321
12058,-0.05387964577154907,-0.5288425553210503
12059,0.41968517354994217,-0.3653294275325227
12060,0.06674673448940308,-0.561309012553651
12061,-0.3749791108382602,-0.5338352296839579
12062,0.3991905298284779,-0.5162860348379219
12063,-0.9129283176210149,-0.3199446140926742
12064,-0.2951184003468638,-0.45665843127375216
12065,0.6279700340589955,-0.5163875019179056
12066,0.18822155003431906,-0.5192372055419032
12067,0.5613033023366113,-0.02950364847703978
12068,-0.5202977326861398,-0.413006513886243
12069,-0.3489673431991972,-0.5253370186702425
12070,-0.08663165327364505,-0.5377188845137877
12071,-0.2154474212138619,-0.1885665360410339
12072,1.1856969390474712,0.4355900366376443
12073,1.2984738401578275,-0.058512311931112344
12074,1.3257698816386982,0.06420873302267006
12075,-0.7169797696775888,0.3012678261535934
12076,0.07520375869931718,-0.22848378032739844
12077,-0.43866618635204074,-0.310939209312342
12078,-0.4602149024948724,-0.4319128650489564
12079,-0.8836619936817454,-0.36706393006865745
12080,1.1439553797006925,-0.4067873940239866
12081,-0.4591680461691948,-0.45548918883806333
12082,1.1847000387149869,-0.2669929205218082
12083,-0.5790622955984644,-0.27061662949503584
12084,-0.24177793469579734,-0.5021339832049578
12085,0.01931713447897359,-0.4963225276712871
12086,-0.31728227337544995,-0.5712523394889484
12087,0.13074270263730559,-0.4873059542554509
12088,0.015431286886849126,-0.4972277498070627
12089,-0.9799976764748798,-0.3151371757322976
12090,0.1705151912257242,-0.5573346694844836
12091,-0.2676245747326511,-0.43462868891736267
12092,-0.3411702500819912,-0.48624331426171274
12093,-0.13369738034757944,-0.5497136636916068
12094,0.8696501130233951,-0.4867070828900066
12095,-0.6733090813115252,-0.4646087364154465
12096,0.06087100467296032,-0.5154567046208302
12097,0.6146971664822853,-0.5540960838084054
12098,0.2968615483660465,-0.35171017897785123
12099,0.3409596767907106,-0.3320400195286033
12100,-0.06844642463263803,-0.48952242094213294
12101,0.6192728730903587,-0.19193041857083815
12102,-0.03784212691608902,-0.25024944443876873
12103,0.1186954056246454,-0.15389100894543628
12104,-0.5864404444372484,-0.2775196919377228
12105,0.2999663770792038,0.03295892604919572
12106,-0.07982780040508725,-0.4264798110896399
12107,-0.02605528277723087,-0.43539545415685826
12108,0.38598929045587793,-0.29437853534443537
12109,-0.4989394665440542,-0.5281845862986623
12110,-0.7346462313631021,-0.3256980782413461
12111,0.622317026760224,-0.4349437612720689
12112,-0.35376742263439925,-0.11763900203958626
12113,-0.2084832225440717,-0.4695034834640988
12114,-0.2115986958199038,-0.34713554730826557
12115,-0.07002866702150132,-0.5018298811901843
12116,0.050245482814608576,-0.41936998065210734
12117,0.14291869599870904,-0.4845018786376059
12118,0.18450589201724893,-0.34956876073520887
12119,0.29194011516561275,-0.49515658838303683
12120,-0.23480958656255807,-0.5784856390092035
12121,-0.10256206172104848,-0.5088125147031626
12122,0.6101384653985822,-0.47545430725049026
12123,-0.16051448191411324,-0.17571204575002577
12124,-0.645254044949276,-0.4786543250227453
12125,2.5847851009898486,1.3363150099806513
12126,0.49584249894495336,1.55206708874565
12127,1.3188386551964708,2.664451612110291
12128,0.6133279791213796,1.7570630122644928
12129,-1.8081733393968349,0.6147869778891667
12130,-0.7633310067622345,0.9137846621961819
12131,1.0059725566749174,0.25702492750915445
12132,-0.5177752831780421,-0.38207179447972406
12133,-0.6070847525672011,-0.21341221046250572
12134,0.38218280275260497,-0.1866283226290694
12135,1.0386855502095578,0.18218488378340758
12136,-0.1270743018451137,-0.1504157246635372
12137,1.0343141715974797,-0.14482644022046468
12138,0.8091975697155224,0.2352918027230796
12139,1.5479439963714003,1.0349778946156816
12140,-0.9394088288067739,-0.13220367684099893
12141,-1.0329437959338843,-0.14454170902867075
12142,-0.3430617309964533,-0.2772999519523332
12143,-0.6821562590067881,-0.04539404140345444
12144,0.5025875269781996,-0.400715881155731
12145,-0.9553815927102652,-0.4568878713555184
12146,-0.26627374551716204,-0.3643380003024948
12147,-0.1840188860231756,-0.4651149424458514
12148,-0.37734415370899216,-0.38667091292623784
12149,-0.5833699003726466,-0.4790233113457357
12150,0.17217956456489492,-0.516076097345754
12151,0.0243551905197714,-0.358491735223245
12152,0.31701058155712813,-0.6265125693721703
12153,1.2228670468128071,-0.39430280571008813
12154,-0.6213726950851037,-0.48996448188966435
12155,0.9167924646548002,-0.2858721590801551
12156,0.10803022701095333,-0.45103149200946435
12157,0.8879130736195975,-0.04107418360296222
12158,-0.5315921819420376,-0.2613712913425938
12159,0.49407901084545,-0.047879837874544626
12160,-0.438255218034082,-0.5697639793533246
12161,0.15506047493826358,-0.4937454657200885
12162,0.8369028140697214,-0.38990775130649535
12163,0.12989380149504617,-0.279867918053268
12164,-0.23963792411671622,-0.5387623587032108
12165,-0.2088612451954997,-0.26472516130246954
12166,-0.3065338178495857,-0.3958457796823646
12167,-0.3618952609459461,-0.2161737939657421
12168,-0.19192924758236002,-0.4393243281893065
12169,0.29720755762368867,-0.4218005145988116
12170,-0.2058326764684592,-0.21523562123739065
12171,-0.040066471260929874,-0.22947041450418906
12172,-0.0945942953502498,-0.3597370562208038
12173,-0.27638978024273725,-0.5345838060860695
12174,-0.830137929187721,-0.3065105005412891
12175,-0.038586556943620794,-0.3296881648507476
12176,-0.16823680145105058,-0.5296983175462996
12177,0.19870404458815438,-0.4963944611028894
12178,0.6007531566035826,-0.4391461682166523
12179,-1.331521445701355,-0.0882914424877004
12180,-0.47580604310286895,-0.19488260155440051
12181,-0.2869931130890889,-0.30130642801363805
12182,-0.20917239313594455,-0.37101967611606984
12183,0.7309516046306828,-0.22525816370876403
12184,-0.6834964042480107,-0.2989179910716175
12185,-0.22936657210517758,-0.4346371090101187
12186,0.26749075543364853,-0.5149398567910389
12187,0.40279200044545127,-0.4191339704738565
12188,0.07924842687034075,-0.543226586400208
12189,-0.5475608638381928,-0.5131918635109466
12190,0.8567706990756045,-0.2537170074172113
12191,0.16045226159132686,-0.500109414206589
12192,0.30641353422971274,-0.43976008766243946
12193,-0.5970827936230243,-0.5260344958389198
12194,-0.9216748739324376,0.2033014085799876
12195,-0.02309777535131475,-0.21722322526720664
12196,-0.6091424651921165,-0.3407142182163531
12197,-1.2491236546852231,2.1642816725058136
12198,-0.18945538331216155,0.4915953616051908
12199,0.003508838378883791,-0.17409329111832406
12200,1.361063913364497,-0.04159272623760777
12201,-0.20803950326425757,-0.2421128350032859
12202,0.08516610735639717,-0.5702535170129404
12203,0.7458379499469701,-0.31538903644493604
12204,0.344632072783887,-0.3443269072662507
12205,0.7588303677187375,0.222869247881569
12206,0.4153729373358378,0.024067420607298346
12207,-0.18035311931279419,-0.368547192872901
12208,1.4643648027143932,0.028068200533555215
12209,0.31476974240927136,-0.03510437465098194
12210,-0.39886990267324024,-0.5756774258419067
12211,0.04323363958736447,-0.46386743253610313
12212,0.37368013858261,-0.45473337058555896
12213,0.11592942592017624,-0.31399501777212624
12214,-0.4545751393517189,-0.43907504556506133
12215,0.14138289610084517,-0.4308128432817214
12216,-1.715672060378606,0.5671586145012526
12217,-2.1158386207774074,1.1708539035118368
12218,-0.20619938363856768,0.27121776307487133
12219,0.1470433655230723,-0.16531901667866783
12220,0.5114255781897048,-0.35913065245520087
12221,-0.06469128540323621,0.34575041306171084
12222,0.47287516510914895,-0.2602713492870836
12223,-2.447369528152881,1.580720679238261
12224,-2.314211674863726,3.8183316688249582
12225,-1.323980510170568,2.373281732686817
12226,0.6457398520518134,1.4377501099149534
12227,0.8782833713476659,0.788856562895684
12228,-0.8512659257106687,0.2905623809291309
12229,-1.1408392395630618,0.8908416547582328
12230,0.4020472321527277,-0.17335646217371853
12231,0.8907466104567259,0.14101392156052073
12232,0.43465350503406786,0.012195493640482577
12233,-0.7942187305584414,0.39397376694508635
12234,0.33274130915795125,-0.5340956796754983
12235,0.11136058103062699,-0.5737302955007685
12236,0.5330081187273953,-0.5063771153749593
12237,-0.21993299926061066,-0.45014736565162894
12238,1.1187462832398682,-0.42910917888725997
12239,-0.6998676580606382,-0.4834805503439536
12240,-0.3075444647466984,-0.44986683985373416
12241,-0.41754753265242245,-0.37286446869631606
12242,0.8560936229193621,-0.39224212840145395
12243,-0.2908564599777705,-0.488655651909008
12244,-0.19198712381176403,-0.5215406809232019
12245,-0.24291586722706135,-0.47573995553676485
12246,-0.25147425572625726,-0.09790514145434293
12247,0.8778738297353823,-0.5310773890794128
12248,0.892385183676215,-0.42940683070193947
12249,-1.2162674922907528,-0.13910117179940218
12250,-0.3821603058751019,-0.28761172575628646
12251,0.10825391153705938,-0.499669231478141
12252,0.7328791329095082,-0.5683534035782158
12253,-0.5706642094049104,-0.3721791222165688
12254,-0.6197504648560483,-0.43965957014666657
12255,0.5770844112751197,0.016081048155299326
12256,0.4187702376863904,-0.47180612850481646
12257,0.4826554211594286,-0.5216620727512447
12258,0.20884382776434002,-0.43657253847345706
12259,0.7287471357339517,-0.3838525435942481
12260,0.0036492043799054314,-0.5121872173396126
12261,0.3088971394354744,-0.6172949980208023
12262,-0.15760847918427573,-0.49277099338198105
12263,-0.437097575933783,-0.1283206661761183
12264,-0.24388349355209604,-0.5012489365866948
12265,-0.12727902626708976,-0.5483142778856914
12266,-0.9426116722943656,-0.24953030620888267
12267,0.09812819632092835,-0.43562732364744217
12268,-1.2340526358337158,-0.24060632502698184
12269,0.7746896634263756,-0.41870244100908316
12270,0.3945160294629939,-0.5138136460424185
12271,-1.027396968694372,-0.29155438838604036
12272,0.6470701572171271,-0.47967349647279184
12273,0.1145106978999845,-0.5731350916822577
12274,-0.3405696586641675,-0.4780631306503487
12275,-0.31256739831355507,-0.6061782752225217
12276,-0.8895808195436117,0.0025239590598230065
12277,0.6724740130580237,-0.46894383678684737
12278,-0.2977590651722277,-0.4988684514279508
12279,-0.5787572834743844,-0.4610764193867821
12280,0.5331829915314898,-0.4549024609630561
12281,-0.07373863131095117,-0.527099050408269
12282,0.2498269021237179,-0.5102841333572674
12283,2.287698692628152,-0.0656493936913663
12284,0.18470808344762366,0.14233621617805536
12285,1.5323692211632982,0.28034272749478817
12286,-0.6023224249737149,-0.2173645029509226
12287,-0.7617106398400759,-0.5780144539127949
12288,-0.05437354603326727,-0.5574933028741015
12289,0.6441134463099575,-0.4571340703672957
12290,0.06890134398422929,-0.5971051580096302
12291,0.7301327213704674,-0.4014679303800851
12292,0.3755602396396637,-0.47521259902343654
12293,-0.609165159180688,-0.3434633612856447
12294,0.31914450503467523,-0.5368734432486658
12295,-0.4872377178761712,-0.21585861602684348
12296,-0.13148477014650845,-0.4583563619787366
12297,-1.3910557378794721,-0.3712492347281004
12298,0.5554249566568412,-0.4705978493298417
12299,0.8782770892825758,-0.3739771803252811
12300,0.04254165279042251,-0.4254063017423513
12301,-0.5914014728386523,-0.2300896683549372
12302,0.5134272891058104,-0.5391429620390358
12303,-0.10538037113222094,-0.33824538476231386
12304,-0.5287327985525873,-0.16347461648254513
12305,0.5945077191213456,-0.43061109087755695
12306,-0.3940180766338226,-0.4738787375283018
12307,0.48640048686419707,-0.4278523522641994
12308,0.48401078740133513,-0.49104529251000795
12309,-0.050723274364760984,-0.5774193675949512
12310,-0.4261382717769359,-0.5153525519607971
12311,-1.2298617658710231,-0.2645281299166593
12312,0.4322574861361349,-0.16685031054103816
12313,0.04673923421490698,-0.5909974329861482
12314,-0.5512303102777654,-0.31230953849128484
12315,0.4758484852199866,-0.49122252729381
12316,-0.06360185758399896,-0.4801552052865927
12317,0.691366245577198,0.7873558430759896
12318,0.3101089856890937,0.614231007701025
12319,0.4425562418794284,0.5199484508538499
12320,-0.6225379289946655,0.1690471442285936
12321,1.1622203463078429,0.0770718693228632
12322,2.648946500391257,1.0400367200862302
12323,-0.6381333437752427,1.578622245751989
12324,-0.1424190942723124,0.14834738538979833
12325,0.5890198462613716,-0.021804322689157732
12326,1.3195294377742182,1.227445800137931
12327,-0.9824002153778026,0.9409782529764985
12328,-0.25325521684188734,-0.11963919082834254
12329,-0.7188130106466668,-0.24212013002600505
12330,0.5769084372428293,-0.552437037388556
12331,-0.08104478773587735,-0.47594100013790724
12332,0.9117033961418521,-0.3486253528467873
12333,0.6558410320126666,-0.5447358355989591
12334,0.4440526347567068,-0.38630578466263976
12335,0.8762433307081983,0.11894245094875283
12336,-1.1338363057227767,-0.043097339106045754
12337,-0.26403676089941946,-0.4765563688659118
12338,0.10957853421615568,-0.5152592142693798
12339,0.03433529059436801,-0.48937434078272923
12340,-0.046707174313110444,-0.5796489011596259
12341,-0.4782441137365385,-0.6175895822900083
12342,0.20037435037250886,-0.35388635305879135
12343,-0.2452738257047259,-0.6029896689328834
12344,-0.2587851088093772,-0.4541948768617904
12345,-0.5498371931469659,-0.3321316083416197
12346,0.11704316709231755,-0.6125489858902152
12347,0.49279246194539406,-0.5955669720465169
12348,-0.21175540916829222,-0.579151206758897
12349,-0.9019861141835234,-0.4913971398513757
12350,0.5945534534015575,-0.5706746724055123
12351,0.2551020720113723,-0.3917501308066705
12352,-0.054042733333860817,-0.5234802462815322
12353,-0.27614380419725104,-0.5100050444584413
12354,0.19208730023150378,-0.6192702599743238
12355,-0.2313365165963679,-0.5250494075834843
12356,-0.18064592276897118,-0.4425202650234182
12357,0.12004449098939088,-0.6025880988830128
12358,-0.11846242206582816,-0.41417406622483305
12359,-0.22702732554199176,-0.4353381214164137
12360,0.09570672674525191,-0.6147202151623801
12361,0.2676352918807117,-0.4500791886838227
12362,-0.10781050605994244,-0.49953303213108713
12363,0.04834634155450577,-0.5168323255124087
12364,1.0726306956141005,-0.4252436483312164
12365,-0.5878611138333516,-0.40230680415993
12366,-1.2271004552116087,-0.26462989335112114
12367,0.28162594414691683,-0.3847081010345989
12368,-0.13960996506146206,-0.5389581288354589
12369,-0.8659179459140179,-0.47728641001317035
12370,-0.030485896877269554,-0.32401651921238406
12371,-0.3303178876775055,-0.5276353936349574
12372,0.0688521783285551,-0.5778632131543135
12373,0.269177066369682,-0.5756309808555032
12374,-0.2156061991254839,-0.5027462797772281
12375,0.28346065793720954,-0.5609345976244673
12376,0.23878527523985826,-0.601325959220843
12377,-0.49055483038405456,-0.5562029161492003
12378,-0.20168723961623006,-0.47737298394243194
12379,-0.06898408066040768,-0.5285061920914151
12380,0.5411279941779147,-0.47585601441716263
12381,0.03246853376682326,-0.33439351016837404
12382,0.555528925120275,-0.19030318279535172
12383,0.6393738231287297,0.4973916492748562
12384,-0.4899963430282205,-0.2502749538719351
12385,0.11975756071231086,-0.24929760327032566
12386,-0.06847362123376426,-0.008167181700638
12387,0.5436088850934673,-0.3722829987177012
12388,0.2087671614349295,-0.11872839405853092
12389,-0.375771213749293,-0.40825655002404093
12390,0.21806759267978415,-0.46492283936189227
12391,0.4079304820414463,-0.30143703052163084
12392,0.5520986854039689,-0.4574666927219012
12393,-0.4834674980559361,-0.41097694677264573
12394,-0.37078452113598753,-0.5237369546649094
12395,-0.3190966821228486,-0.45898147506519216
12396,0.5024588537044503,-0.4035511848880115
12397,-0.052231210250128605,-0.41465292585771096
12398,0.2024678479879816,-0.5669314553429106
12399,2.414656333783188,1.7302854456980545
12400,1.118281292911505,2.237653172739295
12401,1.7882371895293578,2.73623240254887
12402,0.11086304721130648,1.5064991793846443
12403,0.3823487866704178,0.4471137122597878
12404,0.9151110089016989,0.3940122525234209
12405,-0.3780203056786938,0.9365977822823932
12406,-0.256694492185116,1.1290750600039683
12407,-0.7713934139193684,1.3554430376567188
12408,0.14312446285549635,0.2641344360882507
12409,-0.35370978204951825,0.4202776803615787
12410,0.4657898275535673,-0.08640142260670103
12411,-0.3010305829847475,0.09614131300128781
12412,0.21168106424934466,-0.037007772105676184
12413,0.4888085558021456,0.8493494322672609
12414,-0.21900160037782093,-0.07612948930818624
12415,-1.4698492445614864,0.6017196149779439
12416,0.08270404633636157,0.12557931242547513
12417,-0.029335730802629648,0.6215835583498962
12418,-0.30569298170235165,0.12167965507903432
12419,-0.09915865769774013,-0.4223738630759328
12420,0.6976588433216024,-0.36198592516119016
12421,0.6954036317000916,-0.3346578980461896
12422,-0.12606957627282814,-0.26344915048397866
12423,-0.2679234300521034,-0.2307016052461953
12424,0.14727898012785803,-0.4137225088708616
12425,-2.130498581331527,0.3339549890600921
12426,0.26405127889211005,3.157683783809155
12427,0.3240103774357709,0.24660523370748622
12428,-0.12438681602451898,-0.07796053999034264
12429,0.3758439809312595,-0.4103667661809835
12430,0.34511102428213736,-0.4987215824279367
12431,-0.8947856453905811,-0.44436228526089144
12432,0.705048029799497,-0.4680700055639952
12433,-0.4329658829571097,-0.2948433335084981
12434,1.0380602451538679,-0.5555617568951385
12435,0.0053238071289858895,-0.5102240684605656
12436,0.3500003667044766,-0.5452931746029815
12437,1.3940255601518996,-0.2890834927689911
12438,1.3463249840946123,2.300091746188541
12439,-0.28550775905988157,0.23565031343228857
12440,0.7100201333284072,-0.32633939591280675
12441,-0.15367476821735657,-0.23697560329974038
12442,-0.24826537675020668,0.3545461644565575
12443,0.274859466346166,-0.2909634149605314
12444,0.6621026027203997,-0.2830957207421481
12445,-0.2510290257814172,-0.030136436158101645
12446,0.13543957625597558,-0.21613891644883573
12447,1.0898105595285725,0.10538959830629041
12448,0.17358418343496726,0.2975341824629923
12449,-0.05894864702394421,-0.1993981436772456
12450,1.163760046494208,1.2797486569811969
12451,-1.0461169106877983,0.35657503327861817
12452,-0.04102784610394893,-0.3549945575958935
12453,0.4817804476150478,-0.2559580153397736
12454,0.4781291696067434,-0.41430564517641466
12455,-0.041161497345883084,0.20912319269495655
12456,-1.0741612774733305,3.25079381657955
12457,1.4863280033401007,2.2697226940167887
12458,-1.338632851938846,0.6733063722538033
12459,0.2512526955305237,1.9786567209103356
12460,-1.2275323652039456,1.1509300354271084
12461,-0.47512747836491503,0.1743530563150108
12462,0.39992673590035654,-0.06034315986091918
12463,-0.06691859571829843,-0.15773815190272125
12464,-0.5208470624539784,-0.3464311129034541
12465,0.35316543391948524,-0.4724779808143243
12466,0.04483759377423075,0.06349160064380663
12467,0.678602070188304,-0.39764006567075266
12468,0.8809520892957353,1.0059013117643991
12469,-0.8875253515887014,-0.16206750648583085
12470,0.021246107826452608,-0.30282527363310224
12471,-0.23411951626111727,-0.15307274099940876
12472,0.06941047284100299,-0.3797813995439337
12473,0.08391020727331935,-0.30202515024699506
12474,-0.30522766245256444,-0.32320959052752635
12475,-0.38283124317558903,-0.09921502136848007
12476,-0.29083819291954305,-0.3411826126078291
12477,-0.19893213365516854,-0.44976342058290886
12478,-0.28464525036814137,-0.38200523883840315
12479,0.43820408163411595,-0.16323743306972718
12480,0.49686798654804676,-0.5163895961444654
12481,0.5314225972330316,-0.32145835897910474
12482,0.4795508065404511,-0.3534011777365511
12483,-0.39252545990655885,-0.43326448671336
12484,0.8963386773105338,0.04020116396580875
12485,-0.2910370415120108,0.37200292941255625
12486,0.32134358240134414,0.17851282465462573
12487,0.5849410710432517,0.005613887775497041
12488,-1.2390594516030293,-0.140992169922543
12489,-0.6465537899617684,0.23596687816140274
12490,0.11380573332192134,-0.2584454007857168
12491,-0.2510555561155625,-0.30373589172337456
12492,-0.3673069816061987,-0.40843498511800946
12493,0.15871999282414317,-0.45265921698544703
12494,0.6825339755303678,-0.4234512220378449
12495,-0.10160976432133022,-0.2696577094737532
12496,-0.4871935578842144,-0.39120103002414863
12497,0.15532180526066697,-0.39033267823733875
12498,0.3164730566052302,-0.33730904506685344
12499,0.7089526968108976,-0.3004654937220586
12500,-0.17402327514571594,-0.37806797026457545
12501,0.20754857979953178,-0.4238378158937351
12502,0.27342511962001287,-0.5161489660496509
12503,-1.3235848571765036,-0.2831138387442661
12504,-0.021550708362230726,-0.25566000596434685
12505,-0.13690745421654457,-0.3607158329437881
12506,-0.4595023959189368,-0.35472479456165107
12507,0.2933243174058514,-0.438159718812259
12508,0.6933275556432832,-0.4776499563962415
12509,0.6191424841153715,0.011921930839454831
12510,1.5337814405039374,2.207094348136563
12511,-0.8825328867482927,3.1779450891344996
12512,-0.26285932207775464,0.4705490469574175
12513,-1.4352324035264963,0.3729410666921246
12514,0.09658072419139702,0.4232494395127954
12515,-1.3685332018059368,1.0585216379229279
12516,-0.025868242748055277,-0.3245067418534462
12517,-1.8269082849283522,1.3642030792999829
12518,1.250413426933579,0.3551145243987743
12519,0.049741674658194075,0.24135691972100298
12520,0.08682357274825192,-0.4130602286075338
12521,-0.10298166265250645,-0.4370629699875088
12522,0.5722155778471545,-0.484367755911663
12523,1.022074754632339,0.1396009755545475
12524,0.19779613629760984,-0.2959750267734969
12525,1.3041516188188782,-0.06560174795688424
12526,0.7618027265876928,0.07421912143497622
12527,0.022303524662768935,-0.32128091169425593
12528,-0.47512134830751973,0.23067804898380112
12529,-0.7289470091896435,1.2562924480401982
12530,0.14909205973974118,-0.2669370234988638
12531,0.1628510964420527,-0.4413673703048627
12532,0.10246879101469207,-0.4328574435985437
12533,-0.13214400783261065,-0.5342077576112421
12534,0.7446411412361702,-0.27296960943491977
12535,-0.6001955874413083,-0.15015609648297495
12536,0.002089327254730827,-0.24414095857685217
12537,0.7472608274618413,-0.5400453567526112
12538,0.4395707710528892,-0.47082642316160844
12539,-0.2098212687503339,-0.4008749135932738
12540,-0.3178304482816223,-0.48572049488560354
12541,0.5136332378075593,-0.5233516506183539
12542,-0.06359676653359979,-0.5530201916398187
12543,0.22674165160359236,-0.28646938579199577
12544,0.32780868209349795,-0.4843703529297314
12545,-0.44607485279311015,-0.2781150325580194
12546,-0.04655594634581492,-0.5251114125941831
12547,0.17091071582330192,-0.4076412508471116
12548,-0.4069579129143098,-0.49745281554519233
12549,-0.5648703240379871,-0.26272937171594485
12550,-0.10567516168501272,-0.5049889430092199
12551,0.4542223329683033,-0.46749122634027684
12552,-0.038032479106372925,-0.5695571492362942
12553,-0.5430636513496304,-0.5133426309020516
12554,0.006403076344561344,-0.5886105575335012
12555,0.2408299392768932,-0.5796150389460344
12556,-0.06536897487943669,-0.5425312331235157
12557,0.6133981494687799,-0.4190509759318195
12558,0.01086964699368658,-0.47306765883480456
12559,-0.30445253079553763,-0.371363138036592
12560,0.10887011874772715,-0.42724902536407194
12561,-0.23007192224580644,-0.44566872048521416
12562,-0.13676331551983104,-0.4869808547357447
12563,0.149295994094361,-0.4084381905409082
12564,0.0770421808697332,-0.4651736272151666
12565,-0.1790174169128713,-0.39323267988065114
12566,-0.18301232753187816,-0.4944712120957923
12567,0.5560011779591711,-0.577233095593774
12568,-0.19011145273665933,-0.5964809653588928
12569,0.22301288149431872,-0.00777821810231795
12570,0.3755957630716282,-0.4511228463914859
12571,1.3115084268497503,2.891415973590874
12572,1.741946465276219,0.8057574246738705
12573,-0.4959287716818508,0.4526323822878424
12574,-0.11118677880562285,0.08727892890410179
12575,-0.9282540498980077,0.09823382213557483
12576,0.1423958526079047,0.4349298802207191
12577,-0.5020591258862805,0.10541057015354871
12578,0.18541541042659193,-0.43274001707444726
12579,0.6367001844523421,-0.2336171901333531
12580,0.36155477534584013,-0.3157716055428682
12581,-0.18633944890331144,-0.416151470701934
12582,0.2861374537774983,-0.3425212649811518
12583,-0.11179423959851967,-0.4850895734162045
12584,0.40369868575795276,-0.30952327596543305
12585,0.8283138054854053,-0.12455819447677044
12586,-0.5430011582014729,0.0823209405418591
12587,1.0692999576377533,0.00019339628424021592
12588,-0.44817812249191086,-0.2465131574745648
12589,0.04471044147086753,0.38760672496772164
12590,0.7987042321229075,0.5155320228436354
12591,1.1630696154207893,0.3179756046608295
12592,-0.23181374864431992,0.6983131579274019
12593,-0.6216219269461142,0.4824820898588915
12594,-0.3646021750748202,-0.18094376816691288
12595,-0.7687731185221147,0.1770644181334661
12596,0.3574995646041185,-0.39245424667411316
12597,-0.41823245478264515,0.091225231689573
12598,-0.42947540988473565,-0.19279917016125925
12599,0.6646808410779723,-0.10289870858488046
12600,0.6961023473254284,-0.009966392406653451
12601,-0.5291357496663492,-0.15354948707698127
12602,0.5049353052248042,-0.07212529984955117
12603,-1.5327681895821799,-0.028338588956064933
12604,0.5105970765332569,-0.25261963116471214
12605,-0.5146385726152147,-0.26616226759957184
12606,-0.8509592082840949,0.06574149244559153
12607,0.3852795573355397,0.3281204327994744
12608,0.09583882382584374,-0.3465144870607323
12609,-0.36991817456600645,-0.040767382603510004
12610,0.46890337012556227,-0.2274682506064385
12611,-0.2988654448945785,-0.07176705688241813
12612,-0.6921546097395855,0.1865265205215299
12613,0.08583920407580062,-0.16320764338331475
12614,0.21075163808463523,-0.48509553335785377
12615,0.5771026594184006,0.12839056230552534
12616,-0.3420374484656967,-0.2597869073565577
12617,-0.184735301068895,-0.33367856624067693
12618,-0.5083418023000865,-0.317353238335921
12619,0.6996743057788766,-0.09772676083303135
12620,0.13138975763780678,-0.016994539669374135
12621,0.1461597391383186,-0.2095952374242295
12622,-0.11412015142142745,-0.16223785401178095
12623,-0.3401895211243833,-0.43641438068187693
12624,0.4089774184227051,-0.2996509125581971
12625,-0.3320159409002358,0.09840448041358377
12626,0.3253021688775667,-0.4156575989103321
12627,0.4153872752349015,-0.04844674699301377
12628,-0.3553973810243516,-0.22577891351553386
12629,-0.3499850719219998,-0.38059790495742285
12630,-0.2899950367155597,-0.26906764541766504
12631,-0.1409136364756875,0.33480939317534053
12632,0.7471652994482598,0.1753951558543746
12633,0.5835297582361955,0.4029092527929967
12634,-0.30534033278351574,-0.3412942896792486
12635,-0.307672639711357,-0.3956367689046205
12636,-1.5585633846642086,0.20285840551625312
12637,-0.08213691332507342,-0.24773400546040925
12638,0.46526159053085225,-0.426234724220985
12639,0.2046376146302944,-0.5200452741486276
12640,0.6342612437217225,-0.3447644854195997
12641,-1.0284445702033123,-0.07752865370314747
12642,-0.587025256357316,0.29597513931393266
12643,-0.25056343654323726,-0.2453534639154305
12644,-0.030482370167871455,-0.536217826094147
12645,0.4429902537808227,-0.404406918565374
12646,-0.1744179435363789,-0.5273187115610959
12647,0.6972597509700832,-0.32066092514605843
12648,0.10124333482412408,-0.23995333292619114
12649,0.4417615910966034,-0.4515876400516007
12650,0.5424394147271842,-0.32902448252398003
12651,-0.8941847738027096,0.09136602042891057
12652,0.3559715893832681,-0.4220296689194462
12653,0.4508719697287379,0.02018644952510666
12654,-0.06693599336155925,-0.2864286942769438
12655,-0.029708036706713,-0.30648095603988157
12656,0.41397111713337015,0.16384904135978434
12657,-0.37949867226635803,0.20655842138571756
12658,0.7231648537322096,0.06509039416980507
12659,1.4936108098401544,0.9939613766230592
12660,1.5814794260815186,1.9229494032873131
12661,-0.20744611315802353,0.9694707402616499
12662,0.45432140730769177,0.677035774495813
12663,0.5911857950698506,-0.2642655390039016
12664,0.27427028164998607,0.36326886316697915
12665,-0.465744394291017,-0.4297947158672337
12666,0.20233406302992907,0.479595079278972
12667,-0.9322987176806274,-0.0028844422881783034
12668,-1.6327298945730726,0.09801235390772177
12669,1.199929847941174,0.24312139511247094
12670,-1.0945437820361026,-0.17721213201142744
12671,-0.348877495424164,-0.2596777421234993
12672,-1.4271577330631018,0.4242182523241319
12673,0.846432079883096,-0.0648137733814876
12674,0.07531567962299536,-0.27599609765679245
12675,0.3940907365905129,-0.24140579895206343
12676,-0.7059823894182116,-0.4564474212896978
12677,-3.09305782447739,2.0429907559357767
12678,0.5375289311275881,0.9142369218694004
12679,-0.12008751568205697,1.0887460974569227
12680,1.1647299424549251,-0.32089821081275327
12681,0.2895467973476965,-0.3314637464776984
12682,0.5907866208182827,-0.006068667136577389
12683,-0.2673347375965822,-0.07867878095639515
12684,-0.041354686314095286,-0.3665084544504115
12685,-0.26902800327952936,-0.5009231446545203
12686,0.3080948367776266,-0.28217143385977994
12687,-0.529217106770265,-0.3082081119725561
12688,-0.5599415023449823,-0.27318997766170655
12689,0.27655454244445965,-0.06669945310684605
12690,-0.9079557576057995,-0.32794267884061323
12691,-0.04157265799646968,-0.2406971519065663
12692,0.8546343737181732,-0.28998668651369214
12693,0.31163066770680004,0.09553136076225979
12694,-0.5808174864013556,0.06359714661239828
12695,0.2269819554886996,-0.0718922652015646
12696,0.2713548570242298,-0.4541685152936761
12697,0.753957904561354,-0.3442208144349655
12698,-0.3270313865840874,-0.29736934539130566
12699,0.254286775991239,-0.4830052385494979
12700,0.030720020882303814,-0.4033742082689368
12701,-0.6619472443052294,-0.05535055181003481
12702,-0.7851772621704126,-0.3029234728884163
12703,0.9450881740978639,-0.0827517103532673
12704,1.1338833662978178,0.020167665812920163
12705,0.5171279082938851,0.5076979175690768
12706,-0.20571841389141288,0.2366028756561065
12707,0.4807778397166734,0.10705668425496437
12708,-0.33558083794670757,-0.20099912146434915
12709,-0.0610700174859445,-0.4239470254199644
12710,-0.12502263471785297,0.4300296943035965
12711,0.1486745752628161,-0.3853244561701046
12712,-0.09077190124874995,-0.4030932745599971
12713,0.19931929525758252,-0.09257669083246742
12714,-0.21723418039769038,-0.3466145939730907
12715,-0.34702820555137615,-0.38958970997682235
12716,-0.4402640246077161,-0.4604358425621456
12717,0.355751552851272,-0.49267562019012723
12718,0.010133103863262589,-0.22757054440129848
12719,0.3705824358147286,-0.46903439988781603
12720,-0.4537054153373773,-0.49342869574939663
12721,0.35350500574675475,-0.5613228455955956
12722,0.22333412022883486,-0.5025091867179942
12723,0.3916946305552017,-0.49720214989499667
12724,-0.3066889759661596,-0.5113970719188544
12725,0.1600549054153425,-0.4071889743936444
12726,-0.08441660069122077,-0.38111828386198154
12727,-1.100497450503549,0.3188442099133486
12728,-0.3489103043706607,0.3848754658890845
12729,1.2148370291984898,-0.29654217646241493
12730,-1.0660668341103983,-0.5278169209621922
12731,-0.5800646137570392,0.09541630799104868
12732,-0.11880471913666368,-0.21232892685082694
12733,-0.15690809754501733,-0.15667247911548063
12734,1.5110087522052396,-0.3932888092633007
12735,0.12348008365351967,-0.1629818036245486
12736,0.012923924164764464,-0.46210811745486374
12737,0.5289015147419648,-0.38996253888914206
12738,0.34031196908500067,-0.31033917537652533
12739,-0.4567172259797181,-0.38151849914834135
12740,-0.0033934551529212296,-0.4231841789058579
12741,0.634653871030084,-0.36812198280048386
12742,0.21490477499365368,-5.120303856176589e-05
12743,-0.277498807333178,0.05595828033370248
12744,1.115059095562939,-0.015567637252006047
12745,-0.8618279351130831,-0.03496974642335837
12746,-0.6190902691858048,-0.3579764307822314
12747,0.5749421084888803,-0.5004714958442493
12748,0.59402765413012,-0.19030418728382245
12749,1.5692381135157016,1.10865722514609
12750,0.2595596811538198,-0.31211788642721666
12751,3.3031813611332037,3.0807073912788354
12752,0.7753219109050542,2.5773323619093054
12753,1.4732444614690354,2.148902753271871
12754,0.27735651138243717,0.9722359466854718
12755,-0.20919293384038534,2.5441720743989733
12756,-0.9608603865236536,1.409939813056809
12757,-0.6344362106813588,0.3030579507848412
12758,0.8315608859455181,0.16192790406228597
12759,0.6076701979608732,0.19544325795788786
12760,-0.23868705072130078,0.16740224651647725
12761,-0.14362071345873295,-0.020620112179642436
12762,0.34622718145176734,1.1273688675255407
12763,0.8998293571101305,0.8836725038365657
12764,-0.9612610113081235,-0.06422056319861273
12765,-0.3358281461384883,0.5342507352512542
12766,0.12077091018035596,0.6057251440617393
12767,-0.08020201238511462,0.09872503057776315
12768,-0.18674444255505232,0.5718640804056996
12769,0.47715259473235727,0.3113834880171867
12770,0.13590892850795294,0.45803119859192254
12771,-0.848454105410949,0.31289234536392235
12772,-0.9297549260102215,0.4843497273480859
12773,-0.6444224839776433,1.167877888263131
12774,-1.2578369762800223,0.6644191282723171
12775,0.36824812622869707,1.6209165926353157
12776,0.7843179099457117,0.14418935893217338
12777,0.21336916884443574,-0.11795503224946663
12778,-0.17571605487555678,-0.39101613577905336
12779,-0.37142088451243443,-0.3481836911964948
12780,-0.552240485342161,-0.3188829990173426
12781,0.0309372319332551,-0.19002145775355953
12782,-0.37056648881947185,-0.08229646184933373
12783,-0.6432691373677115,0.16174626327794275
12784,0.19506724164407985,0.3629583528734848
12785,-0.8279350581294564,-0.1847635245015104
12786,-0.209977289177798,0.3116446642132418
12787,-1.126706382855678,0.7107817193900113
12788,-2.3945162234478468,2.6923938234143425
12789,0.8384543185855962,3.3490032561581815
12790,-1.1152637437841422,1.8161479644125273
12791,-0.5749179216368269,0.6895695920113682
12792,0.05194977608960682,0.33367582004918755
12793,-1.812996891295097,2.694144905097659
12794,0.5730527951995199,1.0425807219613956
12795,-1.0953677184519857,1.5427043667921008
12796,-0.043785449780281115,0.0918118099966341
12797,2.9097745809540347,2.503002487528375
12798,-0.4048025933944917,1.5467076262351211
12799,0.009825330545004762,0.42850927438676456
12800,-0.02837455084563594,0.21271870887789296
12801,0.49681947894430223,1.2008932505105905
12802,-0.08420085166280086,0.20819058463983073
12803,-0.821114635910924,0.7920154378619016
12804,0.17431795393808616,0.0873360218793116
12805,1.4934837602492208,0.25761252993357914
12806,0.21778809376276087,0.06058873152287512
12807,1.2618455875296042,1.8814803346861924
12808,-0.6607479209396578,-0.014964589786405856
12809,-2.176319283326716,0.46412821567569357
12810,0.6014348201907304,-0.35677111013881896
12811,-0.11014085887230037,-0.39889060177531266
12812,0.062275265728074965,-0.2422273317309885
12813,-0.6584142152244425,-0.2846807342528966
12814,-0.7205099763499173,-0.12670753051153757
12815,-0.15760513000605153,0.8671858757104138
12816,0.33619685670744454,-0.29183262048103326
12817,-0.03396181178756436,-0.37137130461108303
12818,0.8823055867141443,-0.502933470211355
12819,-0.6459463150871749,-0.464825455347947
12820,-0.17363514059558535,-0.33891159677005106
12821,-1.2130516948332384,-0.3192906829388769
12822,-0.7286117578687501,1.745279111939528
12823,-1.0159329300766058,0.13810432575211667
12824,0.5592601914415746,-0.3161764772683695
12825,0.2902936926755024,-0.21963973272280216
12826,-0.3153689069206383,-0.4957568519466847
12827,0.737742466241619,-0.48883741310443196
12828,-0.6648903293741424,-0.27752122397020007
12829,-1.6565919908805278,1.9064459820505488
12830,-0.00790563677414364,0.7326755750215481
12831,-0.921064442689528,-0.1498923484794714
12832,-0.5147059422851867,0.8843027977563614
12833,0.8719136283385691,-0.20741809929489927
12834,0.5462022922578549,-0.40725377897481285
12835,0.36188469515710586,-0.5131830793377317
12836,-0.581151145426181,-0.4114211969480265
12837,0.5970351794586769,-0.3604666810556748
12838,-0.6529428340227739,-0.37331816902718384
12839,0.46464708669074806,-0.43028269324023766
12840,0.7086801736427599,-0.2130291288688616
12841,-0.3193256482206769,-0.2730360030485602
12842,1.2440640178513298,-0.10491603439482197
12843,-0.43895245753514545,0.2589507965410851
12844,0.5758837996766827,-0.2797239787366361
12845,0.08525071051597494,-0.44538992943842237
12846,-0.37042701744044493,-0.31722930920545384
12847,0.18683278438397594,-0.3895361969360851
12848,0.6597480769949242,-0.3060081198658101
12849,0.3086857784598794,-0.2509600715471007
12850,-0.6437125267819532,-0.1389642887479388
12851,-0.5484559943011745,-0.3582342115563042
12852,-0.32332590304442854,-0.13909402494608028
12853,-0.06267611232422093,-0.4731849462810044
12854,-0.22550436685840008,-0.6119015612543578
12855,0.6395910793202596,-0.44425168374925234
12856,0.48394938763278167,-0.4068963703025099
12857,0.18875463202799453,-0.16618662263195683
12858,-0.08028025360957293,-0.35667025165806177
12859,-1.0990388127879902,-0.1502670792274709
12860,-1.3021775992258304,0.08022146860265511
12861,-0.6240630358037886,0.35077204554087393
12862,1.1382279515964822,-0.43377388980885656
12863,-0.7457162091184113,-0.027021448471751752
12864,1.5132217358216729,0.15508513103575325
12865,-0.008421321217226442,-0.11150855877975796
12866,-0.5515516821974131,-0.5712360113626055
12867,1.3662593124317748,0.09698774803022801
12868,-0.016622606079059764,-0.4000959434503367
12869,-0.5400137609620039,-0.11093060183491268
12870,-0.01550315131862444,-0.44882261144170266
12871,-0.47663913362007526,-0.2358049068199154
12872,-0.4545627025022559,-0.22214671503335254
12873,1.0616338828901686,-0.11584982394598257
12874,-1.093581283445074,-0.3283143409580858
12875,-1.0257176280033862,-0.24793153252601235
12876,0.5317297001283086,0.2454170928048348
12877,-0.5099069995030816,-0.5002241967334915
12878,-0.7128596992707007,-0.24892603336262437
12879,-0.699044914045102,0.08086424953333167
12880,0.9122159700965914,-0.09572949140652798
12881,-0.5156777529246312,-0.36527219113717346
12882,0.11812092299993468,-0.17282129684323597
12883,-1.030593101394972,0.5777417678928143
12884,0.982818781548496,0.12006208348697589
12885,0.016982012285742344,-0.4783221037343491
12886,0.6771455361882517,-0.3114914850160844
12887,-0.6430633327769736,-0.032534462388257315
12888,1.127233132835021,-0.1352168092029897
12889,3.2488223655554505,8.22200250472793
12890,0.32733240339696495,2.5371471867578066
12891,-0.8950130196918794,1.856183940815248
12892,0.9229200132696446,0.4061382715782079
12893,-1.8160682373330432,2.994596494340164
12894,0.18225216416262996,2.2015316897677586
12895,1.3837418018067698,0.4187483142814156
12896,0.37846248921907966,0.21778002532785395
12897,0.029181451600592254,-0.021007685650521593
12898,0.956579845429677,0.1065763178234372
12899,0.17086973291464244,1.0045565510223893
12900,1.4820066305820574,0.8362853982229568
12901,-0.3736810001215741,1.5958732386921215
12902,1.1919081844645718,0.9139112281098581
12903,-0.2336339531906494,1.4687541848851955
12904,0.5680738187585742,-0.028572809647220313
12905,-0.009092812366461417,2.9722294506774403
12906,0.8395245449258997,0.8512457407539534
12907,0.43882234240040685,0.9504985912850644
12908,-0.7627938011176096,0.7683096165336036
12909,-0.2081706103851406,0.22123218916674725
12910,-0.2777603343929233,-0.2576387738520511
12911,1.903020482807572,0.5652846057981398
12912,0.2561183784321729,0.5420998695334279
12913,-0.6243447488337263,0.028847077048690266
12914,-0.7315368872150462,-0.01919091036697435
12915,0.576857302186257,0.6390505451616583
12916,0.9405407750637387,0.00254995888497737
12917,-0.30579576727481383,-0.1469144044431183
12918,0.4385259180378983,-0.11667708983642444
12919,0.034904481945009065,0.23191179729973094
12920,0.9253227804423039,1.1005055632486727
12921,0.40176375454578434,0.31004720536143293
12922,0.41734491555000686,0.8453128744014852
12923,-0.6768206255604272,-0.124936494872986
12924,0.07535091545651226,-0.18434584452162195
12925,-0.07758157381405584,-0.09807876460236269
12926,-0.6331270850443018,0.07367321488719512
12927,-0.2625147628443246,0.1214743418139156
12928,0.301982210001444,0.0708847490691059
12929,-0.08085546869249595,-0.01846121963744308
12930,0.39007834706429084,-0.17418637712549087
12931,-0.25912987376486063,0.4851396578522876
12932,0.27563468118114137,-0.20633337570297267
12933,0.2877998006239976,-0.3980574628706204
12934,-0.5191318946682559,0.054772435334913556
12935,0.300741417543572,-0.1328208147222706
12936,-0.34760606849714176,-0.04639492887351433
12937,0.6296062923887169,0.15437227311617
12938,-0.8115280432913305,0.9401021582368152
12939,-2.0125237186723877,1.2834330972814993
12940,1.0493211161116698,0.586144223873661
12941,-1.1310957787862506,-0.071804791333333
12942,0.3519590066713494,-0.11883603588307343
12943,-0.9342402585500645,0.10071798245844987
12944,0.7714595216452839,0.3279871251201822
12945,1.637645844937656,0.23863591006591642
12946,0.4245284269014742,0.29690695754166946
12947,-0.769093448979131,1.2679976099265071
12948,0.5411552380639559,0.06956233666840304
12949,0.7813556679785378,0.26573069118181536
12950,-0.462232200118883,0.789694944896778
12951,0.9013145865415001,0.9190459355714954
12952,-0.26268451262346315,1.128990531986185
12953,-0.5697281820159439,0.29667298900611816
12954,-0.12527371050426425,0.4540975526796477
12955,-0.010364611827074094,-0.2907113928093001
12956,0.2881097234462453,-0.24526506164307638
12957,-1.4955198343856517,0.9155311815704136
12958,-0.5969400815267005,0.6509854875021023
12959,0.5747661177228739,0.05417082622837842
12960,-0.6770065738564037,-0.2115388679891189
12961,-0.05144850141719003,-0.2825707797518106
12962,0.7835014786868082,-0.26817006287312023
12963,1.3846680165376841,0.03788809931019773
12964,0.18815977638725612,-0.44994281017755955
12965,0.13513871311990855,-0.05698279543476977
12966,0.9677178272204208,0.4116546664571003
12967,0.8729712046519077,1.0872335076424717
12968,0.3195580075823278,0.20536304694127158
12969,0.38157494073479603,1.0544385974310428
12970,0.4709738901547761,0.5291571577124646
12971,0.7128508703493288,0.7792613001568258
12972,-0.7906831629067568,1.6178441579471907
12973,-0.0973147972456398,0.2567625825387086
12974,0.8475668562791601,1.0913070250418937
12975,0.26808114935189936,1.1064962197807646
12976,0.02855999341396631,0.28737247323642484
12977,0.6274794669914208,0.3599565390067717
12978,-0.15803433673375183,0.5916545087748144
12979,0.17130240603837102,0.3498995283920449
12980,-0.35374387064565993,1.0111054479305146
12981,0.2838500411437802,-0.30328583211480026
12982,-0.10328889972956562,-0.17318398004184882
12983,-0.28061070243860503,-0.0431070491939534
12984,0.42167747925031207,0.38706838628069856
12985,-0.13650245204593395,0.5746763959606285
12986,-1.1511449758520758,1.2893861415683698
12987,0.9756012689363849,0.35425154962215927
12988,1.0391585738580418,1.369335149516423
12989,-2.2667763558054457,3.667064013537842
12990,3.2322208294219674,6.352157077973266
12991,-0.006149086032916357,2.5603889802437405
12992,-1.1445917004837807,6.945209769399901
12993,0.21269249011902272,1.088237151444892
12994,-2.9184052535930958,2.3754311786913527
12995,0.23538548471882595,3.467172262225288
12996,-1.4421899120406152,2.016661398355857
12997,2.2303287100447196,1.4253967133436956
12998,-1.2072679057398739,0.6752209533327912
12999,1.3765394230092258,0.9058876473857747
13000,0.8410263335231636,1.1544054652291131
13001,-1.487173462950665,0.815452269605639
13002,0.30329316014815144,0.010138817882435276
13003,0.6655080581804333,-0.13004981733596893
13004,0.7881571218146248,0.17610047344595287
13005,-0.8173664165348484,-0.10295624410370695
13006,0.4146640730410279,-0.24809853247139785
13007,0.42049890991100014,-0.2574121675035732
13008,-1.518499808787834,0.6815379711907101
13009,-0.29257684309180576,1.058541809451547
13010,0.6169439548491631,-0.37050266593354364
13011,0.5685909667150663,-0.15301043927469782
13012,1.4706667539034404,0.08456574075419127
13013,0.05781329152539044,0.08560669711638384
13014,1.0689288758519204,-0.3069371952999468
13015,-0.3734150247236403,-0.0506781467929788
13016,-0.573563005642481,-0.3903922513043593
13017,0.5657772043298844,-0.2584791208170012
13018,-0.038039517058385895,-0.1656844901044478
13019,0.10156062717688166,0.19546104552464624
13020,-0.1100125145903676,0.018829593690651434
13021,-0.7336734174817415,0.03451872624252558
13022,0.4191523099997762,0.04879003174411969
13023,1.0952747574418151,0.023685191572355373
13024,-0.02361595068761485,0.008810301350642782
13025,1.8215253818745072,0.530661295125471
13026,-1.2763871674996705,2.208255088537614
13027,0.5480839968136415,1.5728789556047775
13028,0.5184236482729914,-0.036702096853673226
13029,0.29532012730127916,0.12667590408895146
13030,-0.6597510499735616,0.32839760600053836
13031,1.5979627379326233,0.9794584777636414
13032,1.0733357126797587,1.577125802950047
13033,-1.5038387465396519,2.295087353406253
13034,0.15494662246172386,1.3377899415665166
13035,-0.9929954441881126,0.9323138076058959
13036,0.8338839124507913,0.9092353924687417
13037,1.0668995203950487,0.4454299151410886
13038,-0.9572268669352957,0.046881872849755486
13039,0.27601907500563605,0.7803659564237093
13040,-0.2885763905645344,0.39654406878213966
13041,1.6016071982266575,0.3159781847039309
13042,1.2352685603932088,4.468718122519436
13043,0.041427844667945614,0.2066366074224813
13044,-0.1911297355468261,0.48862120907486173
13045,-0.10359866603869515,1.608504966475916
13046,-0.579444071575864,0.7973933091227439
13047,-0.8251153755226939,0.9502786472483872
13048,1.0925381021193876,0.7265991924130346
13049,-0.4032958195604733,-0.15989800888399874
13050,-0.9403579226034441,-0.05660140033690467
13051,-0.26273868635780806,2.678208306688691
13052,-0.7059782829955703,0.9240907508079441
13053,-0.9615884093438071,1.3613759408718857
13054,-0.4579052575228785,0.6549004176594597
13055,-1.3539599042264607,3.7282776147124945
13056,-0.04593051566390712,3.6924075979269544
13057,1.6179033598272543,2.154726735135777
13058,0.4612951097931781,1.6881203488801804
13059,-1.4094697726744123,2.175592506927684
13060,-0.5345945274557917,-0.010185405162479943
13061,0.7272513557997385,1.3158818470918303
13062,-0.41846687580692005,0.16094166639114565
13063,-0.44109834954436467,2.292221811808086
13064,0.045773161334257385,1.4019476159340856
13065,-1.3262019479190696,1.9656567912233234
13066,0.3775551808299662,-0.23212198994116645
13067,0.7541593743962116,-0.010584627775728005
13068,0.20246213970481705,0.10841272875364323
13069,-0.6540892454277132,-0.11269307828067968
13070,0.8170613312012912,0.4144897677369307
13071,-1.0105429416840233,-0.12140706588448262
13072,0.2917713958315905,0.14914325803183923
13073,-1.8118503365523655,3.971300376629149
13074,-0.4646657804125215,3.5628401913844403
13075,0.02782798690816641,0.9567494175733218
13076,-0.005493150263994573,0.45600910486475654
13077,-0.3282784875841719,0.8973950796590823
13078,0.5226598594932736,-0.01915468747726299
13079,0.37512944750288024,0.9346223164618988
13080,0.6089578202258144,1.6869533934353358
13081,-7.950518345585444,21.976832693623518
13082,-3.7547606712699637,8.890846639425337
13083,1.7864342221418787,11.158087352803921
13084,-3.5207792448485056,7.353921177530354
13085,0.8181060356111962,5.315574214677217
13086,1.1224978335052398,3.918942749272355
13087,-1.397727917512186,2.469572981093502
13088,3.319876332630742,2.619744191437683
13089,-0.034581637257701484,4.395890564279907
13090,-0.283498531636381,2.0242681343937594
13091,-0.8130662459707318,1.9726320548368357
13092,-1.6399043451596762,2.6054979983616864
13093,-0.17827665453059002,1.8775761030282594
13094,0.2799245047200983,0.7543434955238322
13095,-2.8810563961569193,5.675635670248095
13096,-0.2789851483660973,3.569025114195888
13097,-0.03311119597467709,1.7815701804190933
13098,0.3681629499171273,1.3727270589417193
13099,-0.6736894184949973,1.3742057818298608
13100,2.1109183268896774,0.7196536255469742
13101,-1.6485681496475328,0.24241334482451865
13102,0.3991946549444394,0.4897801369723574
13103,-1.2885975594006471,-0.25671614433760404
13104,0.9173573827416054,2.0939137352314843
13105,1.2734436505599016,-0.19793612018224557
13106,-0.3081931455467891,-0.1347680931407489
13107,0.15686620377526575,-0.4280465105994784
13108,0.9896417377507742,0.17297272866110444
13109,-0.16770232727107237,-0.010724870404924204
13110,-1.5575748936880358,0.35515421538572933
13111,-0.7248036756972678,0.46168509950133
13112,0.9529289628612564,-0.37289280948229864
13113,-0.9372756118760333,0.06911942067133144
13114,-0.00032227568775281164,-0.10257571395565601
13115,0.5453471837504329,-0.2204597229241425
13116,-2.618185136883228,0.12015813623179487
13117,-0.5769339473515174,2.4124273045504094
13118,1.3908592413139018,0.03373296754803732
13119,0.2655806387288612,0.1844793268694092
13120,0.9484338230190619,-0.0037601873911499765
13121,0.2934717157374062,-0.44384685449117495
13122,0.8552619952926697,-0.209385955630962
13123,0.45806548189278373,0.8450028300304474
13124,0.7461925657201403,-0.19720535423032073
13125,-0.46283348933977975,0.0365478483323726
13126,-0.26165854260721005,-0.2120346510787762
13127,1.1934878336378343,-0.05072120521499014
13128,-1.4575555466472945,0.173928497839041
13129,0.6878026144164493,0.7301103557848406
13130,-0.9696476632235053,-0.13283382253496365
13131,-0.5314125309346319,-0.287687345949327
13132,1.4291504652248974,0.3568780747196142
13133,0.6094769647476711,0.5780707319164166
13134,0.2380362698735956,-0.08220765865051712
13135,0.2153002274182913,-0.16620135460235128
13136,0.4131604526987579,-0.01669953978353539
13137,-0.1925869481538357,0.44105768026653763
13138,-0.5083730066405056,0.05123657566550647
13139,0.6924522626100051,-0.17767913038892386
13140,1.0114268869580363,-0.2083104370448396
13141,0.07715656968839213,0.501220193912016
13142,0.1127541449937581,-0.19488854190346266
13143,0.5392231262103303,0.15059700062703643
13144,-0.004687587316167549,0.4252981213395417
13145,-0.4979861386205019,-0.05883242681781669
13146,-0.7504152294843542,0.5488618623963414
13147,-0.6855138401615948,-0.05879298857314252
13148,0.5537679376395912,-0.26676697137060473
13149,-0.3469710271156188,0.059163921776575
13150,1.6554065863519758,-0.0880620459566618
13151,0.3472887287426156,0.4726131375552803
13152,0.9190453297558894,0.6139207507871033
13153,0.1996006877889848,0.04503020621861015
13154,-0.5822941822028249,0.5288354351306289
13155,-1.029394519769968,-0.03380486837816369
13156,0.006276525386005554,-0.20303738883382766
13157,-0.509620223313977,0.17054955142508854
13158,0.39359755984508804,0.6606049965193088
13159,-0.0743652927555371,-0.08431488042095091
13160,0.666203347276907,-0.1553160520823841
13161,0.31830498115922434,-0.3638058784798239
13162,-1.1440956538432927,-0.37801746933452823
13163,0.3173891681600943,-0.16842586773958843
13164,-1.3844854774832018,0.12364318510070281
13165,0.34312841722765697,-0.24340667193675714
13166,-0.46792039137566754,0.009929839797618337
13167,0.3145992267092155,-0.11408809396279336
13168,0.7522692862827525,-0.1945837344100174
13169,0.041048174929190724,-0.38266715442235244
13170,-0.704721444223829,-0.06619737177576776
13171,0.4180985616562294,-0.15305968723244043
13172,-0.5675712049758239,-0.01325262796957087
13173,0.38987082403561957,-0.31848762324904883
13174,-0.21000897056207052,-0.33725891571245686
13175,0.5305312259468761,-0.3809284516062608
13176,-1.854819484964305,1.5230511534234268
13177,0.6167900445489739,5.0953592434531805
13178,-0.14220854735166555,0.07454284267247452
13179,-0.5782376944918195,0.32194506093854186
13180,0.08553784380024501,0.156960731767481
13181,-2.3150187821167867,2.5900652098932446
13182,-0.6452466637974028,1.5111609259625005
13183,0.984214937385717,1.9062874396346385
13184,-0.7831214939866664,0.6406504790070681
13185,-0.7830967484049304,1.1202694985963653
13186,-1.4253814725287073,4.612794263273867
13187,-0.4743442307632239,4.15609594558352
13188,-1.882169293315551,4.348732566007062
13189,-1.2998471639974862,5.068481517942889
13190,1.2706719020175699,3.887170194728426
13191,-1.266539442912041,3.685993506628583
13192,0.6977529123299056,0.04352108056620292
13193,0.6470458955755181,-0.06571794976256891
13194,0.513206017343985,0.565647300323076
13195,-0.9523834355532907,-0.0748092967521545
13196,2.074727871432184,2.0307400651494496
13197,0.7198465282526404,2.6293400211205324
13198,-0.7123998612962348,0.19957997699721916
13199,-0.6649296463493624,-0.2753665186102615
13200,-0.13655363040533627,-0.42286402976896437
13201,-0.3296811381256415,-0.1513006063429845
13202,-0.6307586781746722,0.8334078456711316
13203,0.8074782709978621,0.14494144202102494
13204,-1.0533409861447867,-0.1909730405118805
13205,-0.2513090327207731,-0.22724483297317863
13206,-0.2712893703530116,-0.0991226301433812
13207,0.8049492657358495,0.24487255876564185
13208,0.29235564317345153,-0.3607184683450294
13209,0.087046350134739,-0.3153892315995283
13210,0.8432516215286958,-0.20191853809911947
13211,-0.590401797525074,-0.04436808953353162
13212,0.46472918163726995,0.16668148518660406
13213,-0.170692085572666,-0.46291350680138144
13214,0.49450227114825196,-0.23374378965085332
13215,-0.3372736895557455,0.044524031572108984
13216,0.6512016344032214,-0.4576466330645993
13217,0.589443250299249,0.08679352072491414
13218,1.3713130924743024,0.37364395024770686
13219,-1.8474014441411377,0.8106376813025153
13220,-0.6307387479402408,0.1221278822584253
13221,-0.3380735069418219,-0.16541447091096
13222,0.9337066882190493,-0.3987225415003175
13223,1.0727728981336406,0.126806989109678
13224,-0.3724812474824768,0.01898783559894036
13225,1.5943206143661162,0.19791751817586176
13226,0.38887059471822133,-0.18981086015133652
13227,0.10633621690719117,0.23071155180843889
13228,-0.5434518937661506,0.06451318854346956
13229,0.46861225943062257,-0.05058706892351939
13230,-0.026063273743223446,-0.4591864897335743
13231,-0.4353363650345408,0.41201773356292354
13232,-0.1082742784162332,-0.43280042792185514
13233,-0.46213524392466454,-0.4639714722301736
13234,-0.32864992620910005,-0.03730897753557017
13235,0.8454067302180501,0.035983104114045955
13236,-0.11919120044318246,-0.3593750915232419
13237,-0.4814646901122019,-0.4518994100082418
13238,-0.4347725824732185,-0.39142082233897996
13239,-0.019362971283327667,-0.20580829600141853
13240,1.116004884535815,-0.5323974899996364
13241,-0.19260093707988402,-0.2903924852072183
13242,0.5073711857230131,-0.5730732959909368
13243,-0.36744427380404066,-0.5336983537240911
13244,-0.8809134924205154,-0.3441336132511671
13245,-0.34753209820912767,-0.05154529194276775
13246,-0.057361334515007495,-0.4723184091312908
13247,-0.41784541402409514,-0.4614223696007599
13248,0.3772679457389968,-0.48139014736453417
13249,-0.2556220508627187,-0.5127993385205999
13250,0.2357132512064797,-0.16930569283120622
13251,0.611744946676095,-0.4198279085934836
13252,0.3805051175936688,-0.38104862171634274
13253,0.4562359067859275,-0.3736581969429208
13254,-0.07215563376242203,-0.4754138489719702
13255,-0.31173469533230935,-0.3720509497983975
13256,-0.02802499749474325,-0.42875626030594255
13257,0.49225480204386585,-0.49996836639858955
13258,-0.16152618402182628,-0.5745994593999243
13259,0.18599352465900215,-0.45864822565669944
13260,-0.061975505275004915,-0.34219438504174593
13261,0.025289122181852246,-0.4036528592429249
13262,-2.3825894549068027,0.11492552301175567
13263,0.11617476999456178,1.6915581116030072
13264,-0.23816700090555004,0.3698733465370877
13265,-0.28884011235210016,-0.01986581640569862
13266,0.07754797508454159,-0.4713339661956347
13267,0.7962715830996647,-0.4445784309429726
13268,-0.3889993682904327,-0.44405510882534943
13269,-0.5425519614260497,-0.26921435725655235
13270,-0.6274497902291523,-0.0780769942762774
13271,0.21848998877232262,-0.31085294351151527
13272,0.33786233463998033,-0.24824908208194296
13273,0.48331883762714545,-0.37058044854572514
13274,0.5641538995353192,-0.4400113343331549
13275,0.3234727133924559,-0.3603383437667459
13276,0.25663421671465425,-0.33919626808103154
13277,-0.7148940352406892,-0.4380587425597475
13278,-0.5680614344648911,-0.13131279132202345
13279,0.20929294191462466,-0.3889878900660642
13280,0.9160211074970408,-0.0031640644421079517
13281,-0.24713040688921062,-0.31460124335264433
13282,0.6104584977280805,-0.4878817770190916
13283,-0.1054275336119159,-0.351534531947493
13284,0.31907772693232056,0.04906066637782423
13285,-0.5680247582142484,-0.006191187395936448
13286,-0.09495220043816613,-0.3534095309192757
13287,0.6999637775050577,0.29517030530067373
13288,-0.010776963452654014,0.3042260915627703
13289,-0.48448084979452777,-0.2259291252441195
13290,0.06487271438407606,-0.6255464192934125
13291,-0.533202041393649,-0.47155088125582906
13292,0.09238350237441373,-0.537548611743844
13293,-0.22387628767596526,-0.49650453590666005
13294,0.20460762907988123,-0.3155812391044973
13295,0.35802537409737445,-0.622701298945768
13296,-0.25881170832968947,-0.5226683241338349
13297,-0.084939452563812,-0.6224075833757398
13298,0.16298752902954772,-0.48687336715511303
13299,0.13449841113123479,-0.5057533461624985
13300,0.19751724677609264,-0.38409231394452387
13301,0.1838062162863629,-0.45493485419588486
13302,-0.4816571800288604,-0.5794236149517407
13303,0.020610650687785705,-0.48548147374671646
13304,0.22828937782997455,-0.46109378741373075
13305,0.07847101112966226,-0.4864295811127801
13306,0.14076961230336188,-0.5090866060806025
13307,-0.5974422413454661,-0.5164050121781861
13308,0.330418989179068,-0.23248696423640713
13309,-0.33440449817130424,-0.5052279540951836
13310,-0.1892674170391092,-0.619409807992846
13311,-0.051211744154058596,-0.3996284093849916
13312,0.23695875671446348,-0.6089869669507901
13313,0.35133466421159965,-0.4721467128898603
13314,0.008526732166003406,-0.615432233909281
13315,-0.2527544395571269,-0.3726900933724584
13316,-0.5475536217942527,-0.41196425044118046
13317,0.20590411602525027,-0.5837635792481201
13318,0.42047865122129346,-0.3484671113593351
13319,-0.31201567294552096,-0.48578219835472397
13320,-0.09807504809877843,-0.5807408301658983
13321,0.11770644871541039,-0.4857830992825823
13322,0.1840123366366857,-0.1908549118908987
13323,-0.3343228803876489,-0.33193209114920624
13324,-0.28308079354585314,-0.4213789865030689
13325,0.6892043294016644,-0.011085708114498431
13326,0.36407376682181036,-0.5261061810248192
13327,-0.2782982504739822,-0.538187515334806
13328,0.6941580630499151,-0.5152620413364462
13329,0.21783838279991305,-0.5099030734398166
13330,0.4231482986529578,-0.48613239031539296
13331,-0.19758931432027813,-0.30172860030921184
13332,-0.007978450627683356,-0.43222302165780185
13333,1.0043895794282187,-0.38033553926306285
13334,-0.32314576132544715,-0.45522525883354953
13335,0.5827080714872868,-0.07620710938420844
13336,0.40460635724209876,0.0040982093272695485
13337,-0.1125696324260487,-0.33335357886347616
13338,1.082608783543647,0.377545871263912
13339,0.27523535077487765,0.43050883035758397
13340,-0.22310838021047,-0.1434252721150136
13341,-0.28983537742029086,-0.23473540570632784
13342,-0.3325389458353524,-0.2960499773301379
13343,0.6096696844247685,-0.482421888694725
13344,-0.2359888639000753,-0.30307136125924977
13345,-0.44563009227902506,0.06603715629587012
13346,-0.3847676896196559,-0.22778111095441508
13347,0.6873573465630165,-0.1974075513579352
13348,-0.1815574831985423,-0.42336306525935585
13349,0.3173569626584689,-0.19811632452722394
13350,0.1969292133782327,-0.508103829040773
13351,-0.2970062606718298,-0.2548001017857022
13352,0.3288843310792187,-0.5808203846061286
13353,0.21074130463698484,-0.3459073821230169
13354,1.2883179309448394,0.40738747673080394
13355,-0.22030562083190486,0.17089501152536718
13356,0.3029193388839652,0.15343867814742015
13357,-0.46852317906604934,-0.3138846966902535
13358,0.8305907853433542,0.6668933758108151
13359,-0.42362249728133294,0.1837953664455668
13360,-0.44279603405564544,-0.22737219643479614
13361,0.4654778910076639,-0.3717039370155476
13362,0.32697374551255426,-0.26843638871727676
13363,-0.3939194164823359,-0.23904634538712088
13364,0.11255646958541751,-0.4968539913954078
13365,0.21007409054964815,-0.3130527003123938
13366,0.1939694373173317,-0.19753045662288352
13367,-0.394184535610038,-0.20735191407980672
13368,-0.3858645805434701,-0.2040168345477089
13369,-0.13922944927465675,-0.3195223598275404
13370,-0.3233753226298354,-0.3472567255561818
13371,-0.35484239843845944,-0.31833123239584143
13372,0.2787605698782747,-0.4805338289171429
13373,0.7242373296706616,-0.41624872710521144
13374,0.20883221983076952,0.09349000812086274
13375,-0.18574787363342998,-0.49551464530171224
13376,-0.22360230348068094,-0.2529366180233839
13377,0.2953476221406574,-0.19700596981148277
13378,-0.35659279837066715,-0.22216873285988054
13379,0.5213363428959021,-0.21691831649499693
13380,0.12792076658735682,-0.012993872682518726
13381,0.8540177265308199,-0.06408487627183154
13382,0.2407532223847969,-0.04109849485477282
13383,-0.8032481190229339,0.1800290621228759
13384,-0.4144758186396054,0.726901139855553
13385,-0.3459506866579508,-0.026115594342065854
13386,-0.6265518521410559,0.43970163089697034
13387,-0.30786316110509515,-0.007151391109589
13388,0.10294365475767157,-0.19007854027307228
13389,0.09574502583082845,-0.3797813029546011
13390,-0.252957807580323,-0.28897709963100415
13391,0.019967920503927226,-0.33200211014052255
13392,-0.38338090729394925,-0.5211860913018698
13393,-0.1609460564253613,-0.5373451924924113
13394,-1.1195233485234135,1.72768258891314
13395,0.479301546296024,-0.15319223633123036
13396,0.22020970838735676,-0.523524596374959
13397,-0.9138584912038629,-0.31096906029429183
13398,-0.24943824284997446,-0.3530500011221973
13399,0.47023886813561505,-0.4801895659092389
13400,0.0199346339194022,-0.36801318493978147
13401,0.5464334570841074,-0.5477880154769665
13402,-0.6579064079902284,-0.4956271980963859
13403,0.28181764692672245,-0.46108732762122484
13404,-0.08561245215870573,-0.46313790896474727
13405,0.5343752568908363,-0.38496877703606924
13406,-0.1754737145675442,-0.5886041608317235
13407,0.658617630098209,0.06623337730597469
13408,0.22314629715474962,-0.04326586292173486
13409,0.855499519067093,-0.2333128842009142
13410,-0.10541457050417696,-0.4552238710456992
13411,-0.8342124135043049,-0.4515287501095964
13412,-0.6036942535489687,-0.1799742416825514
13413,0.2609007509598359,-0.440378308470324
13414,-0.850252444168152,-0.16718384461376118
13415,0.5721106208013538,-0.30825600054962565
13416,-1.5729201706034657,0.43892900398662155
13417,0.46005073677238406,0.27183976299101986
13418,0.19765077836024586,-0.34546512933651524
13419,-0.2698269429909791,-0.22775188155226064
13420,-2.6482749528357825,1.872853754692227
13421,-1.0428437199586675,3.4687289564711845
13422,-0.7522540040924597,1.7289217078083678
13423,-1.110761340737873,4.404191296666471
13424,-1.2204463240379864,1.8901808760800853
13425,0.6259025045008135,1.4932073800810777
13426,-2.144700581239855,2.3826987452691815
13427,-0.02762124410756838,1.2733812166192937
13428,-0.8648684775077711,0.4548931648363598
13429,-0.5708502454145099,2.5017794733386656
13430,0.8998219788328516,1.1914917322517367
13431,-0.30070377210150456,0.15791730862715317
13432,0.7067586588086019,0.16509169444516994
13433,0.07239789045361178,0.21033941398113898
13434,0.3854086618328414,-0.08910444095417537
13435,0.7497702885808014,0.3001389656946723
13436,-1.0390339441450573,-0.1593126339056331
13437,-1.640231143902825,0.9762129513863347
13438,1.8573663649488037,0.5118928342302523
13439,-1.5139167176410908,0.3137644153043064
13440,-1.1482351398763357,2.1651266397050035
13441,-0.5466369473306217,1.0345531345081125
13442,0.9008153351801508,1.1510727610883922
13443,0.1369812802125684,0.16286378806446528
13444,0.08345097181582267,0.12914998482450002
13445,0.05835463744917752,-0.2543178307211039
13446,-0.38207559193173335,-0.2994966060536028
13447,-0.28634126159822815,0.14575373697861496
13448,1.1601178875916054,-0.2611464766169435
13449,-0.6068239887398192,-0.09678148594361524
13450,-0.5191673036691898,-0.05569882160061574
13451,-0.696738086350069,0.4034653555894544
13452,-0.6971719768577161,0.9855084730833659
13453,1.915683626084251,1.5400286434878632
13454,-0.2808528174853563,0.7011415644394834
13455,-0.35455462814119254,0.7855085096798639
13456,-0.2343763143305247,0.535026084941987
13457,1.2877195253770288,0.11026789723550673
13458,-0.7336904775012352,0.25681377137195965
13459,0.13881712887564726,-0.4444064744409327
13460,-0.26293991145745854,-0.31203781577365286
13461,0.19732661353857422,0.05270028519605656
13462,-0.3600463478479322,0.5086741410679004
13463,0.8630451780717988,1.0764357715678812
13464,0.015082009294163373,-0.11267030828834879
13465,0.9781215612493708,0.07521105834886363
13466,0.9613455319107942,0.06382225381263457
13467,-0.5655061186044643,1.1594505309791272
13468,0.5836691607203499,0.571715355098595
13469,-1.3922870230817364,0.6855435952272124
13470,-1.9993466063524512,1.339370463219357
13471,1.6133343571002758,0.362004207876947
13472,0.5107394768924629,-0.019529644836060695
13473,-0.9733398178113875,0.030999810822343998
13474,1.7031397025929034,0.26350186303738765
13475,-0.7703845051179237,-0.160809910313698
13476,0.16375523888543922,-0.3743480939703852
13477,0.9468420903228504,0.8384595980323977
13478,1.2510571084497595,0.43824924619883165
13479,-0.30362955104952344,0.14759431044363175
13480,-0.4766579001166218,0.24610150171861728
13481,-0.3161255800462249,-0.31943975881645403
13482,-0.37196359857497424,-0.4664426173772271
13483,1.0367513449461692,-0.5090744528761633
13484,1.527266585242476,0.26992892899843735
13485,0.6045008633405506,0.9277744801858803
13486,-0.6737866645128703,-0.03682078442401099
13487,-0.7529995286337352,-0.44717303187205076
13488,0.25927390836101294,-0.5105794231029713
13489,0.3351142993146453,-0.3216557448149224
13490,0.4812158529121909,-0.43056085306253816
13491,-0.9311594887222701,-0.3042183592809647
13492,0.429186225710803,-0.541282106527311
13493,-0.5504902509515976,-0.2577816549283597
13494,0.41913615033890106,-0.12291974192459364
13495,0.4495565649905804,-0.5097662244924759
13496,0.012902162916445881,-0.6117579241626765
13497,-1.4827794243558055,0.21360112570986411
13498,0.9823915624695632,-0.328654662907875
13499,0.7309723203850713,-0.5517062133870058
13500,0.2199327690360269,-0.3613589255468037
13501,-0.9485393088864452,-0.5071462003662776
13502,0.9494764076056494,-0.43979698412710994
13503,1.1963167829865553,0.005564743745946436
13504,0.3935183995253474,-0.3069241516171133
13505,-0.5037522200768157,-0.07610232858414995
13506,-1.065820242218211,-0.018910522300024248
13507,-0.07222507278624334,-0.4802912410014259
13508,-0.4995987723572414,-0.41520245104734915
13509,-0.8771203296025977,-0.3307001112650108
13510,0.051462497156365146,-0.43547342425435914
13511,0.2663245812319466,-0.23848165844739974
13512,-1.847070763418508,0.41103748962683867
13513,0.5830572999719057,0.7114293990279654
13514,2.4305076664608,-0.11674295130926765
13515,-0.5360752034196584,-0.011453863035866846
13516,-0.8289666852887531,-0.35247493718126416
13517,-1.1169216293390318,-0.016365317279293926
13518,-0.4852179395838523,0.07213030872103526
13519,-0.22932562884208496,-0.44501115141496556
13520,0.039260704590019624,-0.2501092849873112
13521,0.1903985183481717,-0.35984866960867407
13522,-0.00423588885561787,-0.2908766019171457
13523,-0.2820654497350894,-0.07235379136893506
13524,-1.0553603564014806,0.11576325205593983
13525,-2.045427908523844,2.1549066435221533
13526,-0.8618399217339224,1.7838054874810085
13527,-0.5626080276861757,2.6016790216641303
13528,0.2700854946439257,0.4471445389747985
13529,1.7571364784578674,-0.1718544372715489
13530,0.5680806547805282,0.08826062105356619
13531,-0.8842007122874245,0.5502538381700193
13532,0.9521439304266499,-0.24377818253930886
13533,-0.4290237884133833,-0.0665703836148263
13534,-0.7681425699538387,-0.5075795974204093
13535,0.10613771832868822,-0.19564275324436375
13536,0.35416414470609003,-0.3907848836861111
13537,-0.37971069503427335,-0.04596898263151828
13538,0.04330378335805,-0.369747594374171
13539,-0.6097749870602353,-0.07973075612656662
13540,-0.7708362475935715,0.44892738741981114
13541,0.20072875572130452,-0.06146464125772601
13542,0.8817004666756061,-0.4554857705832538
13543,0.07016173733696529,-0.009794514338180668
13544,-0.16816531423717274,-0.06921135656370966
13545,-0.14834239800891358,-0.3454056196130234
13546,1.0911114362725771,0.04496866963514903
13547,0.8684153371871527,-0.21559577655682594
13548,0.2865760527612902,0.1744244869987704
13549,-0.14211836828582383,0.0866252586927506
13550,-0.15112110891850972,-0.46176660184681273
13551,0.14876745912669354,-0.4206527725293798
13552,0.6900825470901761,-0.5103264835659951
13553,0.21107575940036144,0.36087731170502235
13554,-0.3926038991539176,-0.5103114807565118
13555,0.32103744052551764,-0.4908046902249137
13556,0.11904722289255601,-0.17228873853983534
13557,-0.4804754580231119,-0.41677556403600224
13558,0.46026698898922824,-0.38622394279622113
13559,-0.10882031952962117,-0.4381374702009835
13560,-0.23847671800046133,-0.4948521949685182
13561,-0.12093892167341347,-0.5708901846111315
13562,0.1956994288944263,-0.0782659740475704
13563,-0.6038433325549075,-0.1019736431005884
13564,1.2246552300407614,-0.45394103674763814
13565,-2.701400618076411,1.9795809666880086
13566,0.7505213408316056,0.5802742708513616
13567,-1.1518493910032448,0.21809198561928209
13568,-3.256118026089938,2.1536096689746635
13569,-0.7300516150513603,3.94805145973147
13570,-0.361314135050622,1.8356343339795191
13571,-0.41595837926749213,2.6860590039483
13572,1.9400275358686312,1.6194882300940323
13573,-0.5233653412468768,-0.05768232626326482
13574,-1.912010040146918,2.001096208524303
13575,-0.39733230877134484,1.060403122661927
13576,-0.33073045996351513,-0.12046813295513506
13577,-0.01153575965479352,1.4931080746310357
13578,-0.6817641137291766,0.796512200378067
13579,0.30004327710874057,1.3977231823047969
13580,0.4820407192100207,0.40099742409371353
13581,0.004325472157762305,-0.3629106907789963
13582,0.2856071734871042,-0.2975139087324106
13583,-0.49429913354584176,0.04557125373065553
13584,-0.4929430590352707,0.07180306769174626
13585,-1.0437637138191176,0.3090497355112787
13586,-0.27486661930797424,1.3127234714782139
13587,-0.9913067983213903,0.2980980226224362
13588,2.583755753513623,0.73462214293961
13589,0.013382563153770571,-0.1414993575449952
13590,-1.252856470125804,0.2351833735691338
13591,-0.8474952037798141,0.05029089635657076
13592,1.2457796004207966,0.0711431405756792
13593,0.5640718068132958,-0.31420731873930785
13594,0.7642274636993946,-0.054173448727739396
13595,0.1429121098007194,-0.24069859771659047
13596,-0.3090263092444729,-0.28614206576186957
13597,-0.0257787246323923,-0.16499776304674446
13598,-0.00653086287024819,-0.5639388225893286
13599,-1.1377136834640358,0.05788473879841372
13600,0.3544671438056419,-0.17662152112274468
13601,-0.005070522573443934,-0.5396527186296541
13602,-0.272819502982006,-0.29704712046862836
13603,-0.9173760139726239,-0.08984473883378852
13604,-0.7695860597264044,0.4651100575383395
13605,-0.18349108746077644,0.32694753472231075
13606,-0.8235428514907959,0.5249372106617605
13607,1.0467807274158638,-0.1456285378116235
13608,-0.4803353778822206,-0.1287426148348139
13609,1.2405166951827866,0.3533119705693054
13610,-0.3406069564141996,-0.22817706004445748
13611,-0.09203557805069942,-0.16620181085169597
13612,-0.8133435303768443,-0.30185166094720167
13613,-1.2324319264459755,1.1078435983720352
13614,2.214232209018194,1.5960603225617622
13615,0.924382436802538,0.2779675583655394
13616,0.01437106517585728,0.41957884209239765
13617,0.047349673304205704,-0.24885561208725102
13618,-0.049136969254044004,0.2728960448612914
13619,-0.3661329530744988,0.022573242100691265
13620,1.4684257332300767,0.2838825133668419
13621,-0.5392531212784081,0.36962484401870255
13622,0.18324405875225633,-0.5139738085633065
13623,0.36722516417635676,-0.04117512886003636
13624,0.27063648001447754,-0.21319551386539237
13625,-0.4474953560383561,-0.153474670501913
13626,0.31943091782495114,-0.2747349198772092
13627,-0.5888649098594657,-0.21146393292149956
13628,0.16513683955586944,0.2590887285229423
13629,0.09798172511357764,-0.1564204954543108
13630,0.4563956338345485,-0.3973117680660303
13631,-0.9927418662542852,0.20519974017915688
13632,0.5177216872203413,-0.2634824266881302
13633,0.38685327414338433,-0.3730846919609324
13634,-0.22976932752050483,-0.5183435101195519
13635,0.3873237546211908,-0.04438732090423649
13636,-0.10122112216493045,0.0008748806076744168
13637,-0.5608369225787083,-0.3624602876947661
13638,-0.44666152209415794,-0.4122950702963318
13639,0.4453973583978375,-0.27417671786083403
13640,0.8441606117538006,0.1101076024166608
13641,0.5176671261046728,0.2981697228501572
13642,0.27209894878429386,0.9165608868797521
13643,-0.4830571954881456,1.3470916997696438
13644,-0.5754518872504342,0.3391933247751218
13645,0.17677183259734944,-0.11775713498442043
13646,-0.7176952528545996,-0.21896157807540462
13647,-0.07098346040218724,-0.2969479096434989
13648,-0.032608112659190204,-0.5944869422418002
13649,0.6092446509046169,-0.45692179949352174
13650,0.050119372774994876,-0.36392047232140007
13651,-0.925387043600966,-0.25927587280864783
13652,-0.6100942858867722,-0.30274376640703754
13653,-1.7133230203375307,1.2419970995191651
13654,2.095372445403341,0.046282410232848285
13655,0.8377780923898214,0.5729604293905077
13656,-0.6017919072340199,-0.22480768715697777
13657,0.887245679151597,-0.09434312541755592
13658,-0.5546698695866777,-0.2238530259342934
13659,-1.806402361949177,0.45305997699155426
13660,0.6758750057005003,0.07669511717645187
13661,-1.156063154126686,1.285260566815339
13662,-2.0050319336737212,3.4421625744755
13663,-0.45153460546389906,2.5438969632366257
13664,2.0474625110157323,1.603001357443081
13665,1.639155623750188,2.7983611937375974
13666,-0.08657132669547392,-0.008267759671593744
13667,2.5118082440484786,1.971622163226015
13668,1.2087611050238316,3.204781957495343
13669,-1.138446277686917,1.101414654302636
13670,-1.7886433635249166,0.6065590626521646
13671,1.4596991514787818,0.4418305324077324
13672,1.9496721648398998,0.9560204936884463
13673,-0.9261398403586545,0.011561623312191623
13674,-0.402856783299888,0.23747497759620945
13675,0.5106885798782232,-0.1114004806993695
13676,-0.4075534381687124,-0.31961134886946496
13677,2.1888443541962825,0.9196828216958604
13678,-0.4171263885160864,0.9049047525621525
13679,-2.023729532666787,0.30082832298414486
13680,-0.8847833110660962,0.9218204961541278
13681,1.1423156710026547,0.16429302838532842
13682,0.2015531701217477,-0.2701233722497974
13683,1.9978556864773307,-0.13618803654882394
13684,1.1960260279939485,0.8760995666450094
13685,-0.03173128832498486,-0.1513868178616023
13686,1.229486483621686,0.3912832532733594
13687,-0.6531261557094284,-0.19422738918264862
13688,-0.02696953199636782,-0.3179711036326251
13689,0.43829679351041295,-0.23488086734344285
13690,0.2653691847649309,-0.2107336398650765
13691,0.6503579141669829,-0.18794450571122173
13692,-1.5094577766101651,0.563904362666945
13693,1.3712145143004817,-0.10021746865281886
13694,-0.24700383541893184,-0.36744452322281984
13695,-0.16703162720116338,-0.06035530805839882
13696,0.03405100937029391,-0.4440410869145026
13697,0.15136487060373055,-0.47918171499715034
13698,0.3354341529343684,-0.1783214587765717
13699,-0.8201643432449582,-0.4572703022782829
13700,-0.528446312190523,-0.5198743732153203
13701,0.31178920819161987,-0.3851680919041239
13702,-0.44504552004493625,-0.44172591488668506
13703,-0.6600206845817236,-0.3906450123050394
13704,0.07290758946372869,0.007995067759621563
13705,1.2005066142122875,-0.09021956940236527
13706,-0.24055165138975615,-0.352529271923798
13707,-0.3949470802161926,-0.40145088859176636
13708,-0.31877790481132695,-0.46627286434958315
13709,1.0917452088389286,-0.46017351249735877
13710,1.650737495734056,0.25996248862069704
13711,-2.3776390891543873,0.03020604867622757
13712,-0.9904689829952702,0.8480117135826089
13713,-0.5101426912420057,-0.15567769785566032
13714,0.5203335469306343,-0.4352825862511845
13715,1.786015283748645,0.26273833714188466
13716,-0.9132170805526898,-0.14171209216804986
13717,0.08302526637659488,-0.4217146409266565
13718,-0.9506159354990145,-0.2171256250122915
13719,-0.5965948275228695,-0.4630020138906187
13720,-0.009463293272787224,-0.4790952935313836
13721,0.35771754462004324,-0.4649117813157115
13722,-0.320402879222556,-0.1276735976859076
13723,-0.7204100941737114,0.029057311115802363
13724,0.09470990881869543,-0.24829433686936522
13725,0.6011994665532236,-0.5231649688332639
13726,0.584770623147458,-0.4908850400551953
13727,-1.3306113272532303,0.014827147241955553
13728,-0.15200283986011115,-0.32927649588313224
13729,0.7754279913522388,-0.48404742955225555
13730,-0.1994388987990711,-0.2848508443408427
13731,-0.7893580090512344,-0.3473708081573973
13732,-0.14473786868801614,0.19047449059097027
13733,0.7681434785609607,-0.015565799347547272
13734,0.20574411574263973,-0.6073805228202079
13735,0.10675987613625504,-0.44226385085057285
13736,-1.0270042576274394,-0.4066500144967993
13737,0.13492151719136627,-0.2863207533520352
13738,-0.8197858332578123,-0.2670975831367686
13739,-0.9978364693311821,0.1684219621738393
13740,-0.12586149106231456,0.5387176867108514
13741,0.976811243188706,0.9541049151096134
13742,-1.0404154645865342,-0.23578858072157247
13743,0.11651510030035439,-0.3800096927892064
13744,0.08986521962529809,-0.4293399018949763
13745,-0.019224722550742236,-0.5817849921825753
13746,-0.392670450217498,-0.4595450453087399
13747,0.6879584025925292,-0.4938363334791343
13748,-0.07448751899659015,-0.49570100408139844
13749,-0.5834867548659676,-0.2312500652498871
13750,-0.5732912888868761,-0.07273334116147728
13751,-0.1939282642563819,-0.4938542863574834
13752,0.13407853611886822,-0.12392593269318342
13753,0.139520699085333,-0.2304427459683279
13754,-0.7907338805569958,-0.274671995952384
13755,0.5017764088221022,-0.2948069004232654
13756,0.7453073146433746,-0.5235029129402721
13757,0.8796231346191532,0.3394882652913337
13758,-0.9161116336855766,0.009609688933943867
13759,1.5668884231559541,0.20214574611785846
13760,0.2631469899884828,0.006720142713744232
13761,-2.516594517512627,0.5730200680827688
13762,0.21575246190465336,-0.35490949298558994
13763,-2.4570375481773707,0.5268897265992764
13764,1.2424184663147233,0.8857773772176392
13765,-0.12684297771495892,-0.10519365575263398
13766,-1.238891507096974,-0.08696383894572003
13767,0.5737759368046771,-0.17469649601117412
13768,-0.42741376673040254,-0.07004046108988438
13769,-0.4716766158711486,0.22501437443378863
13770,-0.9289636738354378,0.1355853852065878
13771,-0.45786304531160416,0.3896140299021055
13772,0.01376534398038425,-0.437062601145634
13773,1.0149441345771593,-0.47158182621641476
13774,-0.10683057807606634,-0.4861881106324952
13775,-0.08104537236238207,-0.3660304414399246
13776,0.6426105713644868,-0.2543099297749611
13777,-0.6564382082755389,-0.5338017084281789
13778,1.0363065306065364,-0.04646077834718706
13779,-0.09929173142911252,-0.4481812071665022
13780,-1.444409797490956,-0.031620590072422176
13781,-0.7902784914577701,0.12906090245603774
13782,0.24326793429522853,-0.10685010023860986
13783,0.29665050072135546,-0.532202351436738
13784,0.28380176558822506,-0.5184505289049811
13785,-0.17900426451861018,0.00913458528903054
13786,0.6766546979640959,-0.31665647048064843
13787,0.3019429962772927,-0.37757615902612335
13788,0.1700510881946916,-0.5397501098556381
13789,-0.3332265392146896,-0.42419646712728626
13790,0.4550769221590647,-0.5440098680957535
13791,0.32958602413201477,-0.5504772505968403
13792,0.0011210756272020395,-0.4247129798671272
13793,-0.7088470624257374,-0.2945017732620871
13794,0.2959510846295794,-0.565484255755536
13795,-1.023038695526308,-0.2511182209625727
13796,0.39003935963995084,-0.4193545910601512
13797,-1.1669668642422815,-0.27749076650823185
13798,0.7751543758592705,-0.4605346531224922
13799,0.9263468671371569,-0.45027976215611343
13800,0.13102159764075805,-0.47819507808156775
13801,0.15320549516088028,-0.06358644901442602
13802,-0.5382815224962788,-0.5449992845983375
13803,-1.1676029211950236,-0.1955306188343178
13804,1.4131027545548815,-0.28653148824345354
13805,0.5976940672891018,-0.5183117570462387
13806,0.0515629595683016,-0.26223302344338734
13807,1.4562666297434235,0.4382035344146168
13808,1.233198906678681,0.9152130530238388
13809,-0.9456350569939229,-0.21452404005496828
13810,-0.47105345696941514,-0.22949289737655884
13811,0.6171956726277605,-0.44652427366212866
13812,-0.967768363323672,-0.41846312143543724
13813,-0.8270422019126191,-0.3993524972430147
13814,-0.26894198245072937,-0.5110608329952709
13815,1.0653063140694943,-0.48902118723694094
13816,0.15291897401568277,-0.20655631508880282
13817,0.014120035771659495,-0.582858707592696
13818,-0.7098797301703034,-0.4208714466178777
13819,0.6374037931538097,-0.3256664578174063
13820,-0.33765316961950487,-0.5255035325321873
13821,0.3912903552306424,-0.503201886301791
13822,0.4588733106922299,-0.29892217960471207
13823,0.14749125030526897,0.03362709860965984
13824,-0.15256034205263228,-0.437874272613019
13825,-1.4633860055319456,0.00878783811980284
13826,0.4962509499732706,-0.3238883490150372
13827,0.8348080986348367,-0.37567635390798415
13828,0.5740751897033052,-0.20079172021380592
13829,-0.197280572384319,-0.20691156465983693
13830,-0.3421914526380464,-0.13542377097383135
13831,0.800905316265027,-0.14583328100158383
13832,-0.1259417311515211,-0.20908234117507532
13833,-0.6021268878576752,-0.29972180792946285
13834,-0.5662761371663396,-0.3417694860443689
13835,-0.5101650687614459,-0.2910304652330031
13836,0.1630376694562829,-0.23814527545433894
13837,-0.5293474338670741,0.32679045751071306
13838,0.5911806075540007,-0.22209267837863894
13839,-1.1467235200836357,-0.29594271419189067
13840,-0.27328472674396465,-0.2874141563860059
13841,-0.512927211423156,-0.0021411771822191982
13842,-0.07192908616897525,-0.2753819553830534
13843,-1.0956406480613836,0.6006034931708292
13844,-0.11162250093509296,-0.01436208876161655
13845,-0.04138097633973279,-0.09814919880163163
13846,0.023167171518405347,-0.12932632399672753
13847,-1.1355398302445063,1.8712791852069441
13848,-0.18280004286977783,0.04002712938997286
13849,0.5784992515644917,3.181691671400821
13850,0.1994373598704722,1.8930812250766431
13851,-0.19640259310325198,0.3484138009478067
13852,-0.12049041245454328,0.11894190016363164
13853,1.5130418863681288,2.2555337046301953
13854,-0.38470628600203355,1.4554337670671906
13855,11.981269664537784,16.484149242537164
13856,-0.6376846707458229,14.150235887298527
13857,1.7486466226031474,7.893686786801032
13858,0.3745275544489827,4.8514673828716335
13859,2.3842698968128566,5.4092959058288335
13860,0.7063835321239813,3.0480361574271444
13861,0.8877237763695004,2.345245039147323
13862,-2.137767452160611,2.4367588812224694
13863,2.999047764237851,5.2408909598253
13864,-0.7552647398356853,3.634711377160738
13865,0.35239724107004206,1.976085758408543
13866,-1.033550518169089,1.9885309272903728
13867,2.742567456022223,1.8980969701039196
13868,0.9636644683842562,3.097107781295786
13869,-0.8095984544540646,2.347212189429373
13870,0.2638165597144724,0.4305990067483962
13871,1.084680734461184,0.5267222495527062
13872,-1.846489445241596,2.2230917614861307
13873,0.7015186723690263,-0.10741371617008547
13874,-0.5063980793163111,-0.2298797729427273
13875,0.599156609910656,-0.06030145662788331
13876,-0.15455899923645275,-0.10337469141962735
13877,0.0968722241339507,0.25689822944058854
13878,-0.2632700340319395,1.184712924249546
13879,0.5169614887511848,0.7568662832510686
13880,0.4168891259054065,-0.13096983052218847
13881,-0.008044853473548797,-0.3427973433242109
13882,0.4016326037085157,0.4990320979228258
13883,0.07595104804514616,1.800771630112882
13884,0.726218075309589,0.013633965344466674
13885,0.17445938443642034,0.3124834009133233
13886,-0.20965258878784257,-0.10267914196516406
13887,-1.0882657002881027,1.2386473375722244
13888,-0.37228018170323696,0.43609711826892206
13889,0.02220582177523759,0.20171187082246161
13890,0.1503753722118079,-0.022556107675518706
13891,-0.25661609131802643,-0.13601827236768665
13892,0.6345979280960449,-0.3092614052906174
13893,0.4966692500362514,-0.1726206446355019
13894,0.00041155088368327424,-0.27392200711138637
13895,-1.365374668675911,0.7658222835302322
13896,0.6235468794242596,-0.21548942143691943
13897,-0.9228253048735133,-0.02410782309851169
13898,-0.13413753814387125,-0.05461071961283184
13899,-0.4696460274491794,-0.03256823291502924
13900,-1.449992631739849,1.5022682110663632
13901,-1.1304853719873982,0.8392629783117018
13902,1.3155341747870146,-0.03444683436853316
13903,-0.9075681829150588,0.2048818345675049
13904,-1.9005605590083117,1.2545164851337187
13905,-0.30182935035193803,2.8018034399228693
13906,0.7602740154757728,0.3215943511266382
13907,0.24579117268113077,0.2819479736369495
13908,-0.44305178392673117,0.23240649003589864
13909,-1.3060080955658837,-0.18314469971974368
13910,0.5708141497742492,-0.45565392034808655
13911,1.090662652653687,0.07268472368396413
13912,0.023414396551731345,0.3659723413548627
13913,1.3572622284426077,0.720505215423798
13914,0.2851969750339601,0.15854639134928059
13915,0.025672104978522105,0.517736318169355
13916,0.7618446934639451,0.1455253767255991
13917,0.6794157549791986,2.4900512146502485
13918,-0.18907803940571632,0.4736877180435191
13919,-0.8124267914745497,-0.033889658916008515
13920,-0.16228502181340718,0.3536633615625507
13921,0.11576661909847624,-0.07313912205238214
13922,0.18605763359980132,0.21741999456727426
13923,0.48095085678335636,-0.08833801555670624
13924,-0.9364500766239612,-0.18935870367704222
13925,0.41992310210046974,0.3342772531518142
13926,-0.519362663545003,-0.10624379120457185
13927,0.16663042377482692,-0.06045869691142086
13928,-1.0657429818450332,0.5060299616485385
13929,0.8412555213222299,-0.16651579046105866
13930,-0.02312561015514627,-0.26069994537469293
13931,-0.3977727089966299,-0.08179765314352518
13932,-0.2554329437346067,-0.2784257299381278
13933,0.9743512594282425,-0.06931137828675639
13934,0.11012532707608352,-0.36291533478650406
13935,-0.7894374839937897,0.26507208546966576
13936,-0.3636673996308992,-0.07326841746903538
13937,-0.2887557898124065,-0.20300148904100415
13938,-0.2656262894337544,-0.3664272040522433
13939,0.542943629888645,-0.365837722231301
13940,-0.2759445743866922,-0.4977770210620061
13941,-0.03027570320357173,-0.22581955568324663
13942,-0.41599121015795054,-0.3855631697767963
13943,0.5035165259513255,-0.008080877652966965
13944,-0.09180020544657953,0.15041962779784
13945,0.26106261811499876,-0.4225800582130141
13946,-0.6555210362881709,-0.33855853242799955
13947,-0.018379714298949697,-0.27458215645778744
13948,-0.5400474662755815,-0.050166592757399354
13949,-0.49810167812454864,0.9293736590535614
13950,0.10114578348479639,0.572576379621873
13951,0.003609637922657538,-0.054471416306082834
13952,0.76358299550613,0.7026284036668123
13953,-1.1514445022032702,-0.14536622092301116
13954,-0.2744372494942795,-0.4034733043833146
13955,0.38300188058843077,0.09002795350876905
13956,0.42925050801193937,-0.19307727551025577
13957,-0.21634705839877588,-0.5824827413376527
13958,-0.1443074597799529,-0.4245376942433432
13959,-0.41003868629473555,-0.24163809758037952
13960,-0.007223607754861522,-0.40171117602403195
13961,-0.4076335659877557,-0.2669627132397799
13962,0.8104574404749636,-0.3636836351387169
13963,0.2670726512524913,-0.41771800754329963
13964,-0.6783647520840196,-0.12996882431174908
13965,0.3228273324936333,-0.15513169581405867
13966,-0.000713247672936167,-0.4676855431267111
13967,0.3930903692812582,-0.47120466971008945
13968,-0.21829108640478792,-0.5843158161001634
13969,0.3836292867699924,-0.6051079058708312
13970,-0.07223664630590092,-0.569605093434233
13971,0.011084984975985155,-0.500048645777281
13972,0.1550341945508454,-0.5445372597081626
13973,0.24461361419590397,-0.5076615524954782
13974,0.33037403740200594,-0.560186684964391
13975,-0.2926682021521368,-0.3831082930680249
13976,0.18632005707832594,-0.5594112830978671
13977,-0.5702813903893572,-0.295744353354568
13978,0.5697343260626477,-0.4299577652479358
13979,-0.7548307420858826,-0.019269652377625287
13980,-0.2535144866774669,-0.20633119635633748
13981,0.05619832888918919,-0.4161556393134534
13982,0.009875813309214552,-0.5013572468172175
13983,0.6382927542437578,-0.43425644749336517
13984,-0.05014981939130974,-0.6167731303645014
13985,0.17514797696006792,-0.5583897122069895
13986,0.5571028259366773,-0.4467528242088095
13987,-0.07884501933549021,-0.27624844925207065
13988,0.15031786557609175,-0.4569559807970968
13989,-0.19304722301822969,-0.576419640575786
13990,0.22986037481791288,-0.3775333195108496
13991,0.10449460029256613,-0.3356673214912623
13992,0.2906869194010584,-0.1531426818063269
13993,0.6779084896193167,-0.46724217046875866
13994,-0.5270438895135965,-0.26839593771041426
13995,-0.3502884395700415,-0.3737862300036433
13996,-0.4959115075169541,-0.33499068605836413
13997,0.9143297286764283,-0.3801044205651301
13998,-0.22022100047393495,0.014919258414447292
13999,0.1219580111219872,-0.36557940957072566
14000,0.23912300115057283,-0.48241226160882517
14001,-1.102892555594077,-0.1667666885419826
14002,-0.8653071795679189,-0.05381295137341186
14003,-0.26477546181499456,-0.14326612377165882
14004,-0.32054704985513793,-0.3901015381308938
14005,0.24833349951963632,-0.3238833598195669
14006,0.5589598127997408,-0.3946410594563023
14007,0.4456734772159888,-0.1869970167230941
14008,0.010609265858295637,-0.3343161429355982
14009,-0.5635021251267736,-0.3643199065140885
14010,0.5137940602122819,-0.31443296432913226
14011,-0.41567497216872307,-0.33299169873181295
14012,-0.27360589401294566,-0.3474027619183381
14013,-0.26385798569304186,-0.31843283301848613
14014,-0.22016656762007594,-0.09393709472493779
14015,-0.5145164059610101,-0.3979079708157836
14016,-0.23186070871847217,0.017553283340578214
14017,-0.2568113310536522,0.32181648790081296
14018,-0.8035277901227424,-0.09974986161563225
14019,0.7223546545930501,-0.2153421728721869
14020,0.2976460824166903,-0.2655039441099854
14021,-0.3634413995578333,-0.18645871059857302
14022,-0.6350700032298626,-0.43268121099510415
14023,0.4390724280878619,0.326221670709305
14024,-0.29836250969560646,-0.3581847111014281
14025,-0.29119689273464067,-0.26293638343968156
14026,0.26975478786758245,-0.30445857271585614
14027,-0.6766953494394273,-0.2351663139881837
14028,0.43251731821769196,-0.5418492404089003
14029,0.5203098958296826,-0.4100660755171266
14030,-0.7282719450522881,-0.00877467213434625
14031,-0.733872450297903,0.16304272173070497
14032,-0.48503554658801185,0.4492893578492579
14033,0.007939907985921929,0.536539558292677
14034,-0.2732664478244618,-0.1392350369660111
14035,-0.37108655356646625,0.48192210758132104
14036,-0.15212801307341625,-0.16886212965404218
14037,-0.15269722030793992,-0.06959355529607571
14038,0.317118395049218,-0.4467482554400411
14039,0.3351900175412892,-0.22426433353170727
14040,-0.31616159851320075,-0.4419938336720344
14041,-0.07003989938994716,-0.32496484094937356
14042,0.22800575824397562,-0.5516883364978296
14043,0.1263316185230441,-0.3482464267346086
14044,0.265956892469384,-0.08999169616268532
14045,-0.23571951264065283,0.3877570089997825
14046,-0.3847059857851721,-0.34175246272485543
14047,-0.510989909650506,0.3442244594127877
14048,0.4788455076043735,0.1849931704920174
14049,0.013692163355469729,-0.2321015516619837
14050,0.884033970479299,0.4637137280008436
14051,1.0194689240291235,0.34784248311127614
14052,-0.1422077460026265,1.4589252281398768
14053,-0.4587106058588498,0.7798257543969828
14054,-0.9309495021533396,0.2821459890420271
14055,0.5395774664833795,0.6031530241025937
14056,-0.6902791710115703,0.05285911289670449
14057,0.40331130097060586,-0.29547582875619677
14058,-0.07112526825578458,-0.21064455943596896
14059,1.4591663768903247,0.7520980072051487
14060,-0.6126159442948738,-0.218496415708241
14061,1.738589471539625,1.2711960936016042
14062,-0.5498595591054533,1.384265204892592
14063,1.1623478934951035,0.8952911053720672
14064,0.6806339455899499,2.018057467151063
14065,1.0579403446759186,4.324010109643759
14066,-0.07099823101543187,1.3896695987705303
14067,0.17315287323312945,1.0397380942268346
14068,0.36766251887081386,0.9270956086971897
14069,-6.233046074905261,14.255554555115152
14070,-1.8779358215064283,7.674017943181087
14071,-2.653329684276386,7.271058050384618
14072,2.8657299624691763,4.211271184581977
14073,0.7770686119920736,1.507661879234453
14074,-1.3316730644696775,0.602049207958464
14075,-0.15417867390751494,1.6867758485946964
14076,0.37536554129521105,0.21007558239794197
14077,0.9718928859631513,0.7754436670705982
14078,-0.07178388795401634,-0.36515146961339595
14079,-0.3850222601371568,1.2756779120646258
14080,-1.9747663246247753,0.5545619658272436
14081,2.381057692072722,0.30448497417636045
14082,0.7477604107455101,-0.26221527589033383
14083,0.268721180634119,0.3059812536390556
14084,0.4174634218303502,-0.42798957345919114
14085,-0.12446308798174771,-0.5247037239754341
14086,-0.671157405642318,0.16278241200495086
14087,0.25611925307506445,-0.2262976497137104
14088,-1.4686396315640504,-0.3138663783019595
14089,-3.5148362387831664,3.1250122125820643
14090,1.4857566509639164,0.7085371623965947
14091,0.7210266395473366,-0.32184854007123115
14092,1.2393951827351486,1.335465622169867
14093,-1.2709344114182566,-0.24632043619853744
14094,1.171440792628775,-0.19976247193459926
14095,1.5733354918537321,-0.07066205014520809
14096,0.5567017808207512,1.0132636120594882
14097,-0.2688494888953979,0.04219851145380447
14098,0.5379274454194576,-0.3505746074504465
14099,-0.3454245846928804,-0.21855889980095553
14100,-0.506628206447742,0.10501117491962556
14101,0.2337749288612378,-0.3086953493717017
14102,-1.4605481236323399,0.041794247478531714
14103,-0.6524975418746519,0.8579689790322702
14104,-0.27618916761697576,0.6937955354808153
14105,-0.03898462028148856,-0.16435602511879208
14106,-0.02815036250649538,-0.09552483178022479
14107,-0.9955420512984623,-0.05954968584798101
14108,0.3390533821659427,0.5701514071126529
14109,-0.23643790209092008,0.17501319024539874
14110,-1.2036379228795056,1.5059185909375743
14111,-0.4203911326554129,0.17345207601697782
14112,-0.24295167505657414,1.1268415310842492
14113,-1.2578899455740735,1.924276089483206
14114,-1.0105544276552247,1.8635752453101198
14115,0.8268263294378599,1.616652030590027
14116,-1.0977281547975715,0.6054719530002154
14117,-0.43243488983160194,3.918390256646237
14118,-1.6489670485273098,3.0006172662688018
14119,0.11098852790082692,3.4061977660684786
14120,0.40139180238541866,1.2364315869986522
14121,-0.2697659068122005,1.5801189252031116
14122,-0.15866987578686348,-0.12674221655093307
14123,-0.49148618271055816,-0.09305774789736965
14124,-0.18710279760974868,0.09812688964751597
14125,0.7764798067726888,0.08191128784843374
14126,0.5203190658565104,0.0695748483233574
14127,-1.02364407651446,1.3001429554306192
14128,-2.1204332702800865,4.043564297550207
14129,-0.2654725374710741,1.6992400584247278
14130,-0.347543128213491,1.0698371159808988
14131,0.43856443512862675,-0.22364296241274642
14132,-0.03475578623358103,0.482464703937868
14133,0.3514653197355057,0.5174322466708183
14134,0.6488370363438313,0.10683170430416762
14135,0.1937329255720963,-0.05650398123033048
14136,1.3074820524618558,0.12197034962828318
14137,-0.10264400116893224,0.3107094080583641
14138,0.3575624328836268,0.5307324707405615
14139,-0.8336984212543299,0.4272697716970611
14140,0.6271245647420769,0.489673314839919
14141,-2.5009046091467235,2.000164799686944
14142,1.7908923732384598,1.491869662986166
14143,1.4632569268304374,1.6585119776430293
14144,-0.006710555061787334,1.2740416574100493
14145,0.1090668343026367,0.7833538837531774
14146,1.0303424472292864,0.247216640474947
14147,-1.277399453569244,1.0299685716738045
14148,1.1380805083136387,0.39349426605675547
14149,-0.4605698902942273,0.2577714448188452
14150,-0.8532607503089433,-0.34459108511140485
14151,1.4546810249161866,0.8943760260056123
14152,0.16222240505903815,0.4228633451427157
14153,0.4344716059377691,-0.2684677800482635
14154,-1.2157196266178858,-0.236596510677713
14155,-0.4350144149800531,0.9222511495730603
14156,0.8927534561729554,0.1466825075969615
14157,-1.0338066458544255,-0.4569505815103946
14158,0.1870979702230004,-0.4436088795524087
14159,0.3310273315106253,-0.29600533317756256
14160,0.12097835475004118,-0.39418474602786496
14161,-0.8868459666453132,0.220522642777601
14162,0.2954958434060721,-0.6285167825757386
14163,-0.8829250833117251,0.1525262449297079
14164,-0.801671204890238,2.4057578477687662
14165,-2.4919571289326004,2.103320074482314
14166,-2.097440579395594,3.651344080031245
14167,-2.0546843944076416,7.259736418304107
14168,0.9690038102863961,1.6371408353434207
14169,-2.4449545707001796,6.936507175156427
14170,-2.396560767120455,2.8935149923707266
14171,-0.3045652229387997,5.459782380669206
14172,0.15879720549476786,0.5981285668739891
14173,1.318095096629377,1.6646936254002125
14174,-0.41572432892502437,0.5044978075396663
14175,0.48021470875404415,0.6554770946031502
14176,1.4148434722798384,-0.14486941535766862
14177,1.012419211397093,0.7195148523291329
14178,-1.5991930666179317,0.19906872587999866
14179,-0.5257674020681051,1.0289698287200424
14180,-0.5859589200311425,0.4408508695323824
14181,0.8872040546419886,-0.35946504326319806
14182,-0.2114310711876292,-0.4032366572368063
14183,-0.7619294516407641,0.9574761821745923
14184,0.07465274449238767,0.4757974364675185
14185,-1.824261729636142,1.2082224073639043
14186,-0.3748436299865908,2.1961924459701723
14187,0.9665316468587363,0.6318187262999302
14188,1.7870454917660046,0.06819230462728922
14189,-0.11254207221517057,-0.23789920607053405
14190,1.055494600409899,0.42020504170759493
14191,0.9190890703137023,-0.02715925103355953
14192,-0.6954287768858048,-0.2359048343758449
14193,-0.7182218859624894,-0.12010779961758941
14194,-0.004325277872969541,0.39397046111990086
14195,-0.7326049130262727,-0.37893335534549344
14196,0.7219373954808426,0.13138359008951717
14197,0.42631003435546755,-0.3617947516316442
14198,-0.26066901962222594,-0.5196250900579487
14199,1.149865515130504,-0.1797734221918392
14200,-0.07862219011441754,0.009452107426040433
14201,-0.016263754765083148,-0.40955602569346855
14202,0.14706817205975886,-0.38053831837783025
14203,0.4553398296678802,-0.33142588063361034
14204,-0.4466875761504095,-0.34778001106512973
14205,0.7359673338269415,-0.33190615429971937
14206,-0.7815307123051614,-0.09203017770485987
14207,0.36684564983802437,-0.13766540027991775
14208,-1.244128534817641,0.581490345569079
14209,-0.04021494247605183,-0.03315620357967592
14210,-0.2073124682832264,-0.41887281391686687
14211,-0.5334334624756151,0.36445963993265484
14212,0.35973674686238855,-0.4663619840659895
14213,1.5092430862077484,0.7545601888989825
14214,-0.2132652825167481,-0.059164994134203196
14215,0.058032913418362815,-0.28161040545189336
14216,-0.9332498351662908,-0.20629026045220797
14217,0.2908178964892835,-0.33639150998075484
14218,-0.18640300139675844,-0.2702138002295489
14219,0.5114927593956458,-0.3801528430949493
14220,0.29676529759632053,-0.4575066147063153
14221,-1.1112905698176923,-0.20265898543919975
14222,0.5426845460096139,-0.12156288502937108
14223,0.6746888397115616,-0.140199625378689
14224,-0.2243333875220942,-0.37732895349936196
14225,0.3524146532873203,-0.3059158701064181
14226,-0.5381839412005703,-0.42507150002148425
14227,-0.38181155112846377,-0.06289983100947442
14228,-0.966838029360143,-0.16202537453042523
14229,-0.5217438814108868,-0.05539323972022559
14230,0.7211086873257382,-0.19997754313486302
14231,-1.1871283098616991,0.14370670915935904
14232,0.5546498219740572,-0.5789664001862701
14233,3.7121544278040655,3.1233323154736383
14234,-0.9339949468778066,2.5908087405608766
14235,-0.8783170154639706,1.0758495187252695
14236,-0.6256333635530789,0.2587751791311929
14237,0.22976029751463484,2.4458624284946073
14238,0.4810323460460423,2.738183197123129
14239,-0.8603196908720464,0.8224091352194661
14240,1.5529548704926028,0.8975614762873761
14241,0.7067435257663224,0.6486979263591951
14242,0.376309822030405,1.685768068873961
14243,-0.6263026510688262,0.388634372428787
14244,-0.3070262981109071,0.5743046209224106
14245,-1.695852807418629,1.178415417624423
14246,0.42973684034488513,-0.350137117387749
14247,-0.394055340370611,0.10288575436210506
14248,1.110674090879306,-0.0686309119764433
14249,0.48947515745927017,0.07455469858325592
14250,1.3356167293187517,0.2325484326799423
14251,-0.9695150569147988,-0.06340322508531725
14252,-0.04223622609594605,-0.4295254520633244
14253,-0.9790777777653862,-0.20002343766840538
14254,1.1761201408720963,-0.03553798493464389
14255,0.33235670407204687,-0.3177490466732522
14256,1.19205811354523,-0.13296789463372613
14257,1.0990222693262803,0.2537189838816562
14258,-0.4263933493656086,-0.39044310827399836
14259,-0.08590515943370869,-0.31195845471694944
14260,1.6325809543209555,-0.24194592348970534
14261,-0.5390222447953533,0.3714900971315019
14262,1.4955293489961192,0.6368951371757959
14263,0.38066848424012656,0.378652994304264
14264,-0.039163829541907065,0.17048041916978807
14265,-0.7732378030888002,-0.3339407125434478
14266,0.4444835498588008,0.19606636297117544
14267,-0.9103093148715582,-0.2965242253123414
14268,0.30069180922447436,-0.35081180152902824
14269,0.09440888946158299,-0.46824078852898354
14270,1.1562662831915291,-0.27987112297310934
14271,0.4702532973463523,-0.02196637135912313
14272,-0.6958801831668089,-0.4739714000488941
14273,-0.21060866855051463,-0.2009288503807885
14274,1.0218137378450338,-0.3936255775917651
14275,1.3422892759700684,0.3526841129429096
14276,-1.2782643893111894,-0.4554983208883311
14277,-0.23680860578984025,-0.39152610722486075
14278,-0.549590633175292,-0.596503137780908
14279,-0.4223511655431689,-0.3981946701998832
14280,-0.18499614585378246,-0.4374539014461146
14281,-0.15561123028333035,-0.4346562222256743
14282,-0.8665149872122544,-0.12664196553721307
14283,0.029426394262089588,-0.09695776086909938
14284,-0.33585888908527767,-0.562748848426834
14285,-0.35318223422768685,-0.5224170854000739
14286,0.9146841967485306,-0.13694955404967482
14287,-0.6965593480201879,-0.49512649722495833
14288,0.8853507408167526,0.04041327776613719
14289,0.5653565239671465,-0.0802712750088412
14290,-0.7506002521741981,-0.49914612833512445
14291,-0.4203745252471697,-0.5104105999813253
14292,-0.6197737254075657,-0.15450514804774912
14293,0.8259775769562192,-0.32518845550912434
14294,1.4123514635883072,0.8726032931325558
14295,0.9250397516600999,1.1053456139672424
14296,-0.47862106170161783,0.2742362981248415
14297,0.6438857047849815,-0.4866470358265422
14298,0.12937248910487795,-0.198991774750995
14299,-0.054558823962039794,-0.30282494351914424
14300,-0.8996436374504647,-0.4741710536372199
14301,-0.04937647808835514,-0.25316911365604
14302,-0.23742444919017466,-0.5726140204406076
14303,-0.46253432310761144,-0.3810142136788034
14304,0.06997972111714365,-0.40851703727275257
14305,-0.2964530714148301,-0.5201913929717285
14306,-0.5625172458497772,-0.5439807460842129
14307,-0.14151246704453796,-0.10830675915696374
14308,-0.8541942748223315,-0.048106144790551864
14309,-0.24413712703021695,-0.20047797065596235
14310,0.06485043011924684,-0.10249042064036909
14311,-0.04903529084075774,-0.37717910484154626
14312,-0.4192980809314323,-0.06632832644851473
14313,-0.21253677972210455,-0.3348447150300498
14314,1.1418044367038607,0.0626971328222127
14315,0.3092496723227563,0.32993984428077
14316,0.5611604484611025,-0.14066720868112126
14317,-0.3717885297983632,-0.21526478051033268
14318,-0.3306550540703061,-0.5313901423390104
14319,0.8086635053007297,-0.42950698748674054
14320,-0.20918188415975186,0.2351012070305419
14321,-0.2790048554191491,-0.42396382718310693
14322,-0.19186720423455175,-0.5185554434181432
14323,0.9177322657448606,-0.21326715894646778
14324,-0.38856193023137764,-0.4916963824011015
14325,0.24826530000723815,-0.41893204460283334
14326,0.40134943244049426,-0.553152119589728
14327,-0.17884085311696069,0.11466228927650042
14328,-0.7917021274748437,-0.5232854244376347
14329,-0.39572426553694484,-0.47854854972613464
14330,1.199614754494448,-0.33975301532719804
14331,-0.8648869766676317,0.07363969375692121
14332,0.5386140826827709,-0.5489604479600938
14333,0.8663484125171709,2.043396742732797
14334,-0.4773386551245322,0.8595986861665227
14335,0.6025591274358235,0.31646261371121
14336,1.7128312166851742,0.4259488279296282
14337,-0.26219354772808046,2.5082198216241562
14338,-0.5538518722121857,0.6179644523100647
14339,1.125879721551159,0.027480933396284258
14340,-0.88763874349825,0.7706092658817647
14341,-0.0036994920287988942,0.43940594505659913
14342,0.7442673268835428,0.011650535491498904
14343,-0.5025988058820797,-0.21840532336598406
14344,-0.4119846114203044,0.3406557093492586
14345,0.035846841584796486,-0.07214526873940395
14346,0.8329930047785723,-0.2554360120273116
14347,-0.623492810414064,-0.5080498287598246
14348,1.1604296428477767,-0.2001814073501404
14349,0.23366852044239164,0.1326414638493517
14350,0.10658513396495231,-0.21990669052187511
14351,0.5098686272468056,-0.3381552108451413
14352,-0.06725263668333833,0.02723278312279862
14353,-0.7957725450119141,-0.31033133279850833
14354,-1.3644757949034807,-0.18015399361362955
14355,-1.4788921087880043,0.6976442849738519
14356,1.1860844483830149,0.24465631406733276
14357,0.30043442648522967,-0.3624762171509928
14358,-0.39158152634405957,-0.2888784763013363
14359,-0.7149992562697128,0.7819014428297172
14360,1.209019642316594,8.698721645691512
14361,0.9852664368213517,1.5312835090829313
14362,0.1962869487425388,0.09326528418140254
14363,-0.8989225171248336,-0.052577867704993314
14364,-0.9285694166430023,-0.1513777605309346
14365,-0.5822324352206841,0.007643529314936101
14366,-0.7822899875902489,0.10250249044324601
14367,-1.6693786052498756,0.32844462388035645
14368,0.42898894663970233,-0.31909143398219625
14369,1.4158103748997086,-0.08447031854814438
14370,-0.9248140976044655,-0.35599724360722956
14371,-0.20986504518755977,-0.42177120708537014
14372,-0.05482530747776796,-0.5031619372578083
14373,-1.1116161529144846,-0.21627817469644883
14374,0.3149123652267384,-0.20101284649830992
14375,1.0620514316573118,-0.12530442530224659
14376,-1.4398130903195898,-0.14655548848971778
14377,0.291038108099398,-0.31533075104138486
14378,0.28259413507744013,-0.20376324831115278
14379,0.7442563673005361,-0.4023950406963551
14380,-0.16411130527207007,-0.4818991997324913
14381,0.5455215055330147,-0.31785546942798576
14382,0.26684221397956165,-0.42646277655498305
14383,-0.4319324448597299,-0.33725533602445523
14384,0.6603195275934948,-0.3679262804378293
14385,-0.614217343958321,-0.4842033845316116
14386,-0.1947890038798176,-0.336336210722414
14387,1.3047510327442018,-0.3535043342626398
14388,0.18265576418570675,-0.3549454672648976
14389,0.22650584552078418,-0.40732984519882587
14390,0.43615388274578154,-0.5023999968513917
14391,0.7020215003705366,-0.1321064958773986
14392,0.29317796024543297,-0.1912366167402558
14393,1.371455475900502,0.6992544700930728
14394,1.1098189450554317,2.7723433688190506
14395,0.11248004591182009,1.6041256649367313
14396,-0.42062448620763926,0.9901812995682029
14397,-0.3022676135457827,-0.1932547620411676
14398,0.2579570122297974,-0.09764187188450692
14399,-0.449911457639068,-0.3458339626195215
14400,0.8133887748686055,-0.4599023373549405
14401,0.1539747211869125,-0.3507179329990413
14402,0.39711195263101484,0.01807705056355434
14403,0.2205829641644852,-0.2017200811164968
14404,-0.6495997551198152,0.7533909159631104
14405,-0.20735457830543708,-0.19733022434136183
14406,0.46607710977300143,0.0014055633073398912
14407,0.8671597252866002,1.9099785327457743
14408,-0.7030558802876987,-0.02412084690989037
14409,0.3848210193227023,-0.23552196421810256
14410,-0.22180674910498394,-0.19750307642265805
14411,-0.8377231205530742,0.029030568066830263
14412,0.05626551857169439,-0.48913958150682185
14413,-0.5124378548794886,-0.4486988034792042
14414,-0.2839546801476037,-0.44159202809775244
14415,0.6096400770977806,-0.01604065671063358
14416,-0.053857005366332915,-0.5323982087236963
14417,0.4946600438888157,-0.3371737484177436
14418,0.3249916822432606,-0.515059380996821
14419,-0.7100598920542595,-0.3036570859281756
14420,0.1262448186561508,-0.5245412605279614
14421,-0.25579725075084203,-0.4920638526823502
14422,0.5033248254570357,-0.4271920888060339
14423,-0.1507064450555001,-0.5119286812538383
14424,-0.14657981318783847,-0.49971975854400624
14425,1.175263414212891,0.2565130671906165
14426,0.022111766857966182,0.1350117198288825
14427,-0.18561483236822862,-0.3610495316395869
14428,-0.056151607544316855,0.46258334969575715
14429,-0.1705470633936245,1.7316803545218078
14430,-0.8556954412156204,2.255460490574922
14431,0.4735657682883613,1.1202369103006575
14432,-1.3343506046087787,0.5549541556375527
14433,1.3403179164052326,0.3622961919781844
14434,0.7192388025313367,-0.09899179590494583
14435,-0.5973269610992686,-0.254686494333271
14436,-1.7936342469700224,1.3929737268268818
14437,-0.3357691214010984,-0.03555340903112032
14438,0.06400855075185455,0.4475497111802096
14439,1.100257756788759,-0.3030657579338897
14440,0.07649057371265802,0.2480896775563499
14441,-0.5260608741052829,-0.29573198862919
14442,-2.863881921822721,0.7974473725576701
14443,1.1164811555346488,1.7974503111169082
14444,1.0208237243922442,-0.3469163004523586
14445,-0.07678052345927068,-0.3551528662709027
14446,-0.40471650159847866,-0.1599270727665237
14447,-0.4177461585683066,-0.42722598049038985
14448,1.3428767456856618,-0.24777702674108892
14449,-0.5404563106582938,-0.35766329957862925
14450,-0.7070557744874248,-0.29694850490873353
14451,0.18661909989718,-0.5028467929838586
14452,-0.23487627261727337,-0.3925849010246987
14453,-1.3900621833609892,0.15431658982984517
14454,-0.7877783761611823,0.08541300078247166
14455,0.6777317846720234,-0.1373877060906324
14456,0.24126374855144084,-0.4506790489412181
14457,0.013230064318625908,-0.4593447941233201
14458,-0.24639091502118304,-0.48275405035402086
14459,0.8689599921652902,-0.26775567133738426
14460,-0.427141859527397,-0.3748248976722712
14461,0.013555775139043802,-0.3296220891579045
14462,0.49523175345549203,-0.4777068867472121
14463,0.8909804536961915,-0.1393740192571964
14464,0.711313837932845,-0.33580184682203684
14465,0.08140431542384263,-0.1454780269968075
14466,0.09900637822373817,-0.02771646460955865
14467,-0.26636368638952446,-0.017492638632230727
14468,0.03591293132296159,-0.4577654354140399
14469,0.14754914172221095,-0.36967726911724214
14470,0.04224600023916995,-0.42764908669911006
14471,-0.1444943223322205,-0.11743353763251083
14472,1.0736256639457245,0.046312784622858275
14473,-1.5708899189920147,0.4778145838936732
14474,-0.1186366585453291,-0.3865302413269584
14475,-1.221637813756768,0.3718810932501283
14476,-1.3896989276383505,0.9980322394894166
14477,0.7694521770007472,0.04082672281424988
14478,-0.6951359069354497,-0.445312271246234
14479,1.087958260288581,0.18021707402546977
14480,0.047965606424021055,0.2424915240354792
14481,-0.5680803467147293,0.015226264206896725
14482,-0.2312351629205695,-0.492178943369508
14483,-0.11016603128129451,0.13815774692983573
14484,0.522696867656801,-0.4720781505328045
14485,0.4138633016941369,-0.12245021041987417
14486,-0.15676423869557288,-0.4439215710406488
14487,-0.3821721878472155,-0.4546109376799917
14488,0.2681718202332841,-0.36872409931282885
14489,-0.29555157548174277,-0.5160920483953165
14490,-0.6858162707340946,-0.21940423719584418
14491,-0.36784721254198555,-0.3815268102418119
14492,-0.5549888734927584,0.010694252311827239
14493,0.017083218513120883,-0.12509075444223647
14494,0.2295389341500122,-0.39064968392050087
14495,-0.9199355377625973,-0.17760908727179925
14496,-0.7166710055754943,0.602645845617759
14497,0.8363067965310401,4.900807291117391
14498,-0.47907427744815845,5.029274434443964
14499,-3.3512950603662306,3.27693126129625
14500,-1.0078372925163106,2.300586157145614
14501,-0.2588982803697766,1.3612511911655611
14502,-0.36851108053031856,1.4718123302586517
14503,-0.2572297002881687,1.1936168372630322
14504,-0.15375773226487005,1.5611380183030223
14505,-0.3393521634040826,0.9461121773613981
14506,-1.303135824993835,1.4144267446247685
14507,-0.3250986821103268,1.758015485878101
14508,1.131632933927853,0.5394427413677602
14509,-0.10259220449305839,-0.1847516337112759
14510,0.3754050078246835,0.24629566359380875
14511,0.4800010192490933,-0.1301127657105882
14512,0.3795829918803323,-0.19789670472843798
14513,-0.2673637287472571,-0.408296222812278
14514,-0.0888741277803241,-0.3900747484422523
14515,0.7424374545816691,-0.15675033330010615
14516,-0.6027024668507834,-0.47801984227482963
14517,-0.5907399955952464,-0.16588878983014996
14518,0.659331825245699,-0.514349211774774
14519,0.8649997433240459,-0.3264982010777824
14520,0.17513156018134637,-0.26628986663044
14521,1.304361454795061,8.649770161825353
14522,0.8330080270844288,0.40118085713150486
14523,-0.433764294115866,-0.23683713773015222
14524,-0.6373181047434056,-0.0511405227832461
14525,-2.506735914482073,2.3846375741289063
14526,-1.7540843211868256,2.9978276508933988
14527,-0.9374581770747555,5.787826250400424
14528,0.18669429637917048,2.401808623466578
14529,-0.44391116161675725,0.8772051295846509
14530,-1.2765618692914382,0.40964192804046645
14531,0.5867408538139774,0.3258897441012026
14532,0.2875424449307765,0.7562371713442562
14533,0.2351850256803807,-0.19684394404609307
14534,-1.0050955432195716,0.9912239717581347
14535,0.6246905103119444,3.319853976882755
14536,-0.3966422601886227,-0.15937725250369028
14537,0.6309247268851952,0.10740194300249994
14538,-0.2270825385685154,-0.0122483886892485
14539,-2.0531514182082655,0.6427599141949044
14540,0.540496443582251,-0.06490214623325134
14541,0.469122849368492,-0.42691534522308217
14542,-0.3911673322473669,-0.11248346221864056
14543,-0.21501231515752758,-0.23372796490400544
14544,-1.0230362930790131,0.2869126473971956
14545,0.08885031965732954,-0.29454249950155265
14546,-0.01248497325740241,-0.48959929847153133
14547,1.013433484376119,-0.23986195398890892
14548,1.27482683120683,-0.04460892293596665
14549,-0.2246626737874255,-0.3360516014592129
14550,-1.0152157195837723,-0.2519668530676182
14551,-1.139768540458518,0.0692157345946863
14552,0.2332014147564901,-0.25858032731094355
14553,-0.9671056396757299,1.111919951763327
14554,-0.05260579013831127,0.545791924195143
14555,0.5042029198206311,0.6531909340029831
14556,0.41079768839097974,-0.3820008994318144
14557,1.7284555123087968,0.15729853854144324
14558,-0.1157347039851514,-0.4491048971825297
14559,-1.0445487774939377,-0.23338653153647843
14560,0.5870185930781979,-0.512559733970811
14561,-0.29084320483611814,-0.43499924688680836
14562,0.4576679482635321,-0.6099961954529075
14563,0.2961303621002848,-0.3858140085730839
14564,0.34184878955840625,-0.48523594845730805
14565,0.5644270961034994,-0.3622818884657212
14566,-0.5987505613729793,-0.2551637957031842
14567,-0.6315488117051518,-0.23895644913775135
14568,0.08782875186832803,-0.26062644084378866
14569,-0.6532228596124661,-0.18503318291808662
14570,0.6846158674510167,-0.31532556590719446
14571,0.19829958194417263,-0.5692830592956826
14572,-1.082101684500883,-0.4789694707088045
14573,-0.13712273267648056,-0.5302992681514267
14574,-2.501559297400986,1.3659815307547178
14575,1.8098424748368849,0.9521152269177071
14576,0.21962566872800976,-0.15432856740761983
14577,0.540666985762257,-0.1298736525022692
14578,-0.5048690387761225,-0.1875541104700246
14579,1.1864443397010709,0.01754579690178405
14580,1.1368035023138197,0.8695809706488692
14581,0.11311278478756075,0.6601752775277339
14582,0.23999327203347381,0.48608621665732
14583,0.031034229430056265,-0.400611740724796
14584,0.4895682912344388,-0.26976898128149834
14585,-0.9440427029443693,0.14390704357919087
14586,-0.2860172714355049,-0.21285112210330684
14587,-0.2779114755830906,-0.5003532559497995
14588,0.08718795863931829,-0.590543089537219
14589,0.7627167673414307,-0.16671032579934222
14590,-0.4233337600427977,-0.3667280979107479
14591,-0.09156661401508429,-0.5287495675255611
14592,-0.04445741717715173,-0.5043252794329393
14593,0.4202673757157831,-0.35387442156880894
14594,-0.25052077871559886,-0.4747949922390626
14595,-0.019024471838187673,-0.18958149774646976
14596,-0.1378062021574555,-0.4804376462192298
14597,0.7651025837808134,-0.4178895584466618
14598,0.026105475757531978,-0.3051667153695471
14599,0.17656255192724152,-0.4511838982040713
14600,0.0935421764796345,-0.5446470879597632
14601,-0.4268040237943862,-0.4757741956405266
14602,-0.49965971803053444,-0.5534409632378409
14603,-0.4015342372628854,-0.568421583174897
14604,0.15416155636967416,-0.4879245128651381
14605,-0.3999021221043316,-0.3095071326114462
14606,0.24466280611308192,-0.42813175758834043
14607,0.30281549645097056,-0.40128617902693314
14608,0.37922039660510304,-0.3287843932869702
14609,-0.8475226489509683,-0.3750275835538714
14610,0.03059545138449466,-0.5357584512890399
14611,0.23427112355501503,-0.4103812992070906
14612,-0.14816331528810722,-0.5614598082248892
14613,-0.09188028486724392,-0.5328348108169634
14614,0.4424675698021322,-0.4376498441323527
14615,-0.5266247326320133,-0.4580756158321526
14616,-0.7124131264249722,-0.4504231755655429
14617,-0.968363198517326,-0.07272531482616508
14618,0.7418093839768829,-0.40036200365956953
14619,-1.6293045319787227,0.9054753202192761
14620,0.6433532127544914,0.015798749967818562
14621,-0.11709999938243384,-0.33466281181177504
14622,0.6796663144567593,-0.3141026031299367
14623,-0.5935732926865054,-0.49942434597339425
14624,0.3117157862543139,-0.4587983147486205
14625,0.37581036526484984,-0.36673202660547694
14626,0.4080226066890962,-0.3159296523728327
14627,-0.1323295864646833,-0.36929136288528186
14628,0.7207522615363449,-0.26868981133347525
14629,0.6081770157877829,-0.42517091757703046
14630,-0.2693442212368897,-0.3905175834363522
14631,-0.957393197387884,-0.5151440337121098
14632,0.1912545389117991,-0.5579491637958347
14633,0.36817362852225266,-0.5361939189402614
14634,-0.2146715815595938,-0.34053454047598186
14635,0.6124060446393049,-0.5537219561146428
14636,-0.36013147312814886,-0.4532315344303553
14637,-0.5674248620019138,-0.31170948539520477
14638,0.30233860688607916,-0.6309648243124846
14639,-0.07458254720674301,-0.43339416919900287
14640,-0.24063892119240923,-0.4442221198005108
14641,0.009269909652096557,-0.5576248879237288
14642,0.0979608031390353,-0.5272912891457916
14643,-0.05739720200105516,-0.6432303242993841
14644,0.37134743986149177,-0.5126730422683787
14645,0.351310532989604,-0.4199579758310956
14646,-0.09487422535199173,-0.5319502882025402
14647,-0.5143982493407905,-0.5453511562698276
14648,0.24101986465477349,-0.5561459049917061
14649,-0.5238371832540805,-0.46442224217514716
14650,0.3299825663981365,-0.5117935975441286
14651,0.1976229830076309,-0.4818804369595769
14652,-0.3022829193025789,-0.49572036736835173
14653,-0.04316998642641589,-0.577206399641417
14654,0.13256286114615945,-0.5325623074999819
14655,-0.4141013501589739,-0.5617832557529036
14656,0.3982883013651561,-0.5438154874171053
14657,0.13402226172544085,-0.5958050288351957
14658,0.021228368594182485,-0.5495930777481397
14659,0.41579082406532497,-0.5991734904387567
14660,0.2988484192086617,-0.49639001346465367
14661,0.019843896777625013,-0.485282101859804
14662,0.04121294015675971,-0.49851927382745065
14663,0.14423790851943563,-0.32767226408177264
14664,0.17393145661232884,-0.5338821855100873
14665,1.20397283815688,0.1731297560568206
14666,0.8823947479371117,0.47272152395846845
14667,-0.9711217337548472,-0.010427066402312049
14668,0.6217422796030795,-0.4884391045296044
14669,0.35310277591949535,0.14802478830998167
14670,0.35644762386925677,-0.43167162499727263
14671,-0.2601848748273335,-0.5674905635202857
14672,-0.08411952160678307,-0.44982569895943536
14673,-0.4329384786562074,-0.5124186394592282
14674,0.012527692773998301,-0.5456864479698542
14675,0.13889434207034831,-0.5431174981865209
14676,-0.15529535234962136,-0.5353714747134533
14677,0.3673418282596207,-0.5143797059779239
14678,-0.14554951592873377,-0.3087735477094232
14679,-0.6453985613271218,-0.45494922514831604
14680,-0.8238381824952519,-0.3336948345025902
14681,-0.3372167239013423,-0.3160914268101512
14682,0.34545248227914094,-0.2777625129921903
14683,-0.5264471872556284,-0.13638506415875706
14684,-0.4641737641776189,-0.26359014393650687
14685,0.571153806374007,-0.5793459427934838
14686,0.1411539724909041,-0.5075520446718556
14687,-0.05968992176186343,-0.5240803340366115
14688,-0.7588871123417552,-0.14437887079712128
14689,0.1404425026484628,-0.29225910488546386
14690,-0.15902976375675626,-0.4671884096589001
14691,0.45286785544849556,-0.3996008102093321
14692,-0.22300567411977484,-0.46311621505013434
14693,0.12555254486241174,-0.5559685362232933
14694,-0.24030092414838075,-0.6011507651835049
14695,0.4922206162271977,-0.319042342372709
14696,0.2210794540453494,-0.3641424655441533
14697,0.5183103368852199,-0.5265711504470293
14698,0.16161504833215415,-0.3329750923126016
14699,-0.04877954646629263,-0.3500166365295475
14700,-0.4331109909784353,-0.48596934918164975
14701,-0.37756181543427164,-0.5387934122849347
14702,-0.900737921663714,-0.3327545367464855
14703,-0.45758260710170806,-0.09424569688464321
14704,-0.1689968898576992,-0.24518141005091196
14705,-0.44837823175965025,-0.3626614112748569
14706,0.5888914278540924,0.10346669271939085
14707,0.05208493620770157,-0.5055861110828754
14708,0.29969241042862627,-0.27430815418837934
14709,-0.5127592795277215,-0.4965109375339803
14710,0.3610355073703663,-0.5549574404422701
14711,-0.49335029580918055,-0.4235651160051921
14712,-0.01362351541506636,-0.46925427127139185
14713,-0.027758588876248345,-0.4601270851690341
14714,0.16509838981109876,-0.45784809550389044
14715,-0.4829778358451958,-0.4965684824274082
14716,0.3772694902632924,-0.3896010336185087
14717,-0.05634868496801152,-0.16853693615092302
14718,-0.0033642164623723155,-0.3110866033698836
14719,-0.5669345544988261,-0.21181964156052596
14720,0.3834183273316183,-0.5212437294426021
14721,0.3346690489225328,-0.5584408419899959
14722,-0.13396063583448756,-0.49846205549005684
14723,0.28888822977469786,-0.38486642769130197
14724,0.234420630233192,-0.35807295438607756
14725,0.5651971132630992,-0.41785360923044784
14726,0.28588962212437496,-0.41112519383069424
14727,-0.13308285865706734,-0.3700734004699586
14728,-0.22817207404310408,-0.47721826187953476
14729,0.6756596680252518,-0.26209682063187767
14730,-0.10017664988669644,-0.40190108188508117
14731,-0.06842292760392105,-0.5094156502257837
14732,0.03132480927586143,-0.4708922841140481
14733,0.12342646224327758,-0.5199738533844438
14734,-0.12874797356096548,-0.5002794885002685
14735,0.041562803520078316,-0.4562436996116027
14736,0.20803486457351061,-0.47112424305136463
14737,0.36746510360291,-0.5776890925140428
14738,0.28545097898726046,-0.5338665264280552
14739,-0.5919101297161132,-0.4758968956342977
14740,-0.25642843342404875,-0.518882981475455
14741,0.33000597125127057,-0.6054628040545791
14742,-0.72020116947603,-0.34054484870536855
14743,0.49798068484633123,-0.48183665138862614
14744,-0.027434930715935626,-0.6199341532458224
14745,-0.11209821032272448,-0.552090137771168
14746,0.31796158084947446,-0.5848672486771143
14747,-0.1039737985118998,-0.4993806339034902
14748,0.05520914581613562,-0.531897960881139
14749,0.31829913146689304,-0.5035609788111489
14750,-0.30375912182175135,-0.491817305257111
14751,-0.10577116748504063,-0.48260161498726856
14752,0.26619203686592874,-0.5684862361050276
14753,-1.6753781902329805,-0.3233183315600582
14754,0.17114395598215718,-0.48877042162615697
14755,-0.817008111496307,-0.3724862803678047
14756,-1.139202206773966,0.47307902531579915
14757,-0.9001294928340982,1.0091439898510508
14758,0.08047502030995814,-0.009088721352533467
14759,-0.950617933535603,1.13199653421379
14760,-0.6381903967333122,1.7241519399234684
14761,1.2295180523057785,0.6101196962757586
14762,0.14129710833130613,-0.38472513235673933
14763,-0.2437392787177591,-0.05045127102607036
14764,0.8471271509893532,-0.05013285048113631
14765,0.30066250314465104,-0.2993514297658588
14766,-0.8514368648510124,-0.3217173565537776
14767,-0.8983148191154433,0.22779858886771873
14768,-1.1071901831908706,1.1296058611073558
14769,-0.5884030699332436,0.2758855810085782
14770,-0.23641552640269467,0.9974012967333773
14771,-0.49569429817817934,0.29812113289165376
14772,0.16550027849936474,-0.02297080877731814
14773,0.27650519095703635,-0.13649090882403953
14774,0.3360486035701672,-0.23031927128106824
14775,-0.02769941273772212,-0.3964067948991645
14776,-1.0803046290562264,-0.11358514169122318
14777,-0.8308223124810854,0.45579804370262816
14778,0.44438753005545906,0.14062075624101625
14779,-0.39535655273320364,0.46817574936430983
14780,1.1394278594326657,0.14731933079683143
14781,1.0067019543880424,-0.09980345694463737
14782,-0.36007620429024445,-0.4391185291821704
14783,-0.2740946772279315,0.3972645653887945
14784,0.4728489816817679,0.3487615540541271
14785,0.8004120420960987,-0.10162739015891996
14786,-0.27758826776088696,-0.39653256743991555
14787,-0.538288679786308,-0.06423541596487721
14788,2.6429445483844805,1.0277086450256288
14789,1.4054024936651992,2.6867458873978087
14790,2.842097684029164,3.4132016442595847
14791,-0.0883950586465016,4.696717870492691
14792,-0.5342768916209455,1.033442050104286
14793,0.9315872736629321,0.9105806801128212
14794,0.34969702283796616,0.042862424294518225
14795,0.7734717805083025,0.2149963661579558
14796,-0.7091660185734755,-0.2841224523197443
14797,0.11895890019610134,0.38514670471289464
14798,-1.1561239749205054,-0.016231670236614114
14799,-0.70956262414493,0.5943064625646728
14800,-1.5211031720865062,0.09303452252170694
14801,-1.5518023284754543,1.9254581242297009
14802,0.7529826829935244,0.9164978560134757
14803,-0.014449813063681085,-0.40381152785315766
14804,0.056032674249537964,-0.4071285855676294
14805,-1.0947691355388305,0.02781390476547798
14806,0.8144535133076819,-0.15050303906161178
14807,0.5455327858705665,-0.1976339791175685
14808,0.05853963149212653,-0.4266385186404029
14809,-0.2447142199781962,-0.1085448290192878
14810,0.36430468358527346,-0.403237107141802
14811,0.09768717605406452,0.196891365571072
14812,0.9449026731319259,-0.03635122319186769
14813,-1.3083774405239985,0.08519880156980858
14814,-0.4687448143225948,0.8291476371836202
14815,0.8758987148558173,0.008062843847698009
14816,-0.5275945322700405,-0.09174749131203445
14817,-0.1933141093754813,0.3089213089530542
14818,0.3258918223406439,-0.07867464318035985
14819,-0.38536760872498677,-0.28404139691048785
14820,-1.1585485727708347,-0.023388345512388695
14821,-0.2684457329305394,-0.08294727008857737
14822,-0.07627943914554382,-0.23842419946025684
14823,0.4568287742892678,-0.033846448546918775
14824,-0.19790180851252967,-0.2705116979528486
14825,-0.1947240757386175,-0.24769409881657478
14826,-0.34994277569282356,-0.11216019646743187
14827,-0.7743100728444876,0.5024247088601798
14828,-0.10457329614593616,0.22132007483877558
14829,0.4940747270241063,-0.2074660692638847
14830,0.20812102432031873,-0.007292549046559138
14831,0.6439878810243771,-0.25181442931916415
14832,0.2528924115046357,-0.30586078450991644
14833,0.07507204103676114,-0.5146986584602137
14834,0.3092668883853352,-0.3599439171388478
14835,0.15087810237378466,-0.3453784332085894
14836,-0.3109038140828747,-0.41534615376675493
14837,0.6196371238111523,-0.46532856954787954
14838,0.07934148915732857,-0.5502571778746189
14839,-0.49185723645468366,-0.4401818296554731
14840,-0.18829204345062928,-0.5439494956097394
14841,-3.5724237881164713,2.3272788038663434
14842,1.8263843942324451,3.8417096907101227
14843,-1.4938706383432234,0.18807093533088964
14844,-0.9860720659234873,0.27072588439009315
14845,-1.9035195127918556,1.5824286274116657
14846,1.011000440852747,-0.1699524658928184
14847,0.280417141266063,-0.05258265988061813
14848,0.19315191661735853,0.19477373529955477
14849,-0.3306953380205314,-0.009757434698705636
14850,1.5575375636162023,0.19545939665387296
14851,1.1202407595615111,-0.18104618331742223
14852,0.10022985246647907,-0.38296417966142154
14853,0.9480407687408635,0.08689183114497928
14854,0.4765081768149595,0.685928022264487
14855,-0.4480581548514957,-0.37669177753775934
14856,-0.14532777666617938,-0.18145506357382712
14857,-0.5696513194014363,-0.25564026969097897
14858,0.631568501403769,-0.5060576358651396
14859,0.5527720239233271,-0.3930772789151271
14860,0.06449803784228475,-0.25821533339172265
14861,1.1926015534291166,0.3278951273075822
14862,-0.6609186813926499,0.25064604331066875
14863,0.22582736116260543,-0.5532648629706585
14864,0.48340460341712643,-0.31055037409965114
14865,0.5206848677786574,-0.08296506425540569
14866,2.141849390507017,0.5804083854397681
14867,0.49218134284230897,1.2777892601392733
14868,-0.7316587688928465,0.7877547769714316
14869,0.2580171796327023,0.2615579849794052
14870,0.07477491589053296,-0.5207663995925975
14871,-0.10709888365009315,-0.15176194517126274
14872,0.15278473941394777,-0.21218285115747776
14873,0.0014535566675836966,-0.3293130613746387
14874,0.2740591198099152,-0.18617131553225072
14875,-0.37377001772197327,-0.4823440070134708
14876,-0.09757939738218163,-0.5167188587762639
14877,-0.031290148542862516,-0.50453918230714
14878,0.2933670729833763,-0.36135125680307495
14879,0.4511218586044441,0.11856240212592022
14880,0.035989410177812355,-0.5109421032783209
14881,0.08718040771468993,0.060452319021217164
14882,-0.0023771702248406804,-0.34370722368473544
14883,-0.8614275845697439,-0.023513050295152816
14884,0.2443742341964623,-0.4477573395676397
14885,-0.09410143041383377,-0.11934133536506167
14886,-0.2663425226585852,0.2640411476587515
14887,-0.3892810523567589,-0.0836808214688126
14888,1.033122911559725,0.17556609955130414
14889,0.45083986901688883,-0.28037140716354636
14890,-0.5468640515634459,0.2809303742036443
14891,0.7235325758519459,-0.5522148901419963
14892,-0.6767405463951673,-0.2493753120514053
14893,0.22817844429194392,-0.4213167551946075
14894,-0.09973202676558854,-0.5895655589315187
14895,-0.2733106390129403,-0.20428392000138934
14896,-0.6685635871816707,-0.38527861068325425
14897,0.20942577711622537,-0.30257187438872934
14898,0.09326928892901876,-0.42515656030155285
14899,-0.8245372292383877,-0.4119188976940076
14900,-0.4993573691932522,-0.06244064415573502
14901,0.11080222875880665,-0.39196899614895264
14902,-0.8318424620434961,0.08154885428868035
14903,-1.3801727112216333,0.6066616496672711
14904,0.38257865677019504,-0.026476768679004267
14905,-2.3871536254337213,0.6825300563358355
14906,-0.662192385439663,2.3499782337262363
14907,1.3612602437811905,0.6269477463211767
14908,0.7040841124704719,0.536662204779129
14909,3.587223872974147,4.3060799583868725
14910,2.147384897167982,3.1090003264368278
14911,-0.8184476829839946,2.9949423731089766
14912,1.5780424911961686,0.5370359488022685
14913,-0.108160083072292,0.8571937867484329
14914,-0.4544009658083735,0.5151903379719386
14915,-0.21042576258530746,0.7802223260143614
14916,-0.5000166373047877,0.26498380499051194
14917,-1.431204311587341,0.20407758974818666
14918,-0.879436698537351,0.40744579355191063
14919,0.9352243452042376,-0.16610935790223616
14920,-1.664540566925906,-0.26611494599681124
14921,0.7764850013958244,-0.033932783291476955
14922,0.5058685202065246,-0.4339982520432795
14923,-0.030591569871769024,-0.4935389264599213
14924,0.9542548181561886,-0.44623989847371087
14925,-0.11685207651026497,0.5712010357666617
14926,0.23157933570165828,-0.4873897996545068
14927,-1.1320358902740473,-0.5019623402584251
14928,-0.35954505504950407,-0.370200685220713
14929,-0.0972716341065453,-0.4763025261564157
14930,0.829276362183843,0.03218056191887514
14931,-0.5137445560209541,-0.017326229944126303
14932,-0.21403685586375548,-0.20527484307008925
14933,0.4122157039280863,-0.49229384104760865
14934,0.4647064344756126,-0.39683028226075684
14935,1.1668917909031489,-0.0675160564808066
14936,0.6769955687586922,0.548835630017105
14937,0.2889628330958824,0.2928509890792144
14938,0.0035353220205745547,-0.21867176704593397
14939,0.5705821496260937,-0.19552978904852825
14940,-0.7416927533958096,-0.4799242653234448
14941,0.5002421942020914,-0.427235231119682
14942,-0.4259855030466396,-0.4823807064284986
14943,-0.14354697649885675,0.2491443689540067
14944,-0.3674396611974058,-0.25864539126034947
14945,0.5911789644165395,-0.22500054929889168
14946,0.36723896805557255,-0.4298876111449644
14947,-0.02575342590159556,-0.3270543863131061
14948,-0.5508027672511129,-0.3835405910182167
14949,0.04850915902815669,-0.4637629022194238
14950,0.4620069571649297,-0.5095389576581408
14951,0.711477428825663,-0.17095729112573785
14952,0.3289708658050972,-0.19274330192665914
14953,-0.8127237704023154,-0.45161442618555414
14954,-0.4719658373506949,-0.47924626036685225
14955,-0.7232117316497528,-0.09180417059129502
14956,-0.6267131052380411,-0.3413186056150578
14957,0.03851825257851354,-0.5018878713521493
14958,1.5736573637514848,0.08975906699144506
14959,-0.28647267347116767,-0.06668222196613943
14960,1.0198879275564217,-0.44150323787909207
14961,-0.273935646365382,-0.3221626773725693
14962,0.10765847151134109,-0.4939802586926261
14963,-0.9133786279740292,-0.2989469243346234
14964,-0.1987552116808779,-0.5601935410715594
14965,-0.41039486561291927,-0.20746170181682128
14966,0.32233235747058725,-0.555513478361556
14967,-0.46017839997031657,-0.42302018806154523
14968,0.24271955735472078,-0.5073236756018614
14969,0.08996420358250104,-0.5555031061421467
14970,0.08381638990494605,-0.5793053585466372
14971,-0.39987612403939343,-0.48069349871585554
14972,-0.5189260798892663,-0.43545941150728845
14973,0.023018954694549676,-0.404720607860292
14974,-0.1633737316772978,-0.3469598742931574
14975,0.01617018917142095,0.1216639037977884
14976,0.484757875288237,-0.514729434866802
14977,-0.18556909305548072,-0.3553388296430115
14978,-0.21802514654857308,-0.5650197948124559
14979,0.026850916685459372,-0.16601314899162364
14980,-0.03275557440705768,-0.33716802727121103
14981,0.7102829947714954,-0.39701007332726723
14982,0.3961328203737886,-0.24693243618955985
14983,0.6003538589440605,0.11207215226611879
14984,-0.382914446014719,-0.285951443727392
14985,-0.2594195333210249,-0.07856237940111697
14986,-0.1497116033065996,-0.4808748156382358
14987,-0.6590305353032779,-0.4330540435575772
14988,0.7891611829344133,-0.4542938267287249
14989,0.35190867574181073,-0.47108315198208117
14990,0.4935893036469974,-0.4243244002441623
14991,0.025716231332034628,-0.365551476600147
14992,0.5564512546660366,-0.33278481274061433
14993,-0.2572863468150881,-0.34801314643926173
14994,-0.18820946143899436,-0.27624238720213473
14995,0.7316948001988611,-0.4254329170795133
14996,-0.3593837085455711,-0.3126646883901478
14997,0.09227095461382684,-0.34744662555267386
14998,-0.5741566972800953,-0.3990382243968353
14999,0.13764621087946527,-0.48045727069814115
15000,0.014743884692430478,-0.4975618343884654
15001,-0.9639645223239316,-0.02101821277498352
15002,-0.35325726181898076,-0.4022197730051237
15003,1.0117819470645923,-0.3602876863007536
15004,-0.026007273558943396,-0.3548766237440435
15005,1.3984769455532924,0.5894239895944818
15006,-0.6710431684955127,1.2750940624585498
15007,-0.6132086402514778,0.6823862824683079
15008,0.8896657792813966,0.2806871331112717
15009,2.896346646152264,2.431450824655463
15010,-0.7512990646410838,0.679031673527183
15011,-0.45462610920278756,0.5170699161962263
15012,-0.6406857005725869,-0.5084215740014078
15013,1.2154611619180982,-0.05191477569922781
15014,-0.32904958829982833,-0.3345343296453024
15015,-0.03831126036311058,-0.047408629133094536
15016,-0.8280549785236976,-0.4534270822036519
15017,-0.8753133271129245,-0.2810030654663774
15018,0.41639286920723595,-0.4838405908613387
15019,1.7263608770060175,-0.4657443661439226
15020,0.0991406589312101,-0.41720006581807273
15021,-0.47909720942579154,-0.27184249193040594
15022,0.07678989759446236,-0.41044720591366624
15023,0.2974724674975708,-0.5015846427371664
15024,-0.6500981408892992,-0.565750821286107
15025,-0.7555857743198614,-0.13929375650477765
15026,0.2597912619223072,-0.559797715880924
15027,-0.4874233871586877,-0.5502192366792529
15028,0.31323998199926584,-0.3829641055910584
15029,-0.06941770498528814,-0.45154751450216435
15030,0.910479370133943,-0.07574270008294023
15031,-0.1637572617346185,-0.2693036385723547
15032,-0.4653524705381435,-0.5254546246831658
15033,0.1961955398587708,-0.47402299936603104
15034,0.14647073849304298,-0.5039639731797585
15035,-0.1260026359973323,-0.5801936849437582
15036,-0.03881672217401935,-0.41878395377696914
15037,-0.8276518758291481,-0.5053827627254305
15038,0.3979771427394061,-0.4755778730172179
15039,0.387945140190782,-0.35929533143831555
15040,-0.47193212682598634,-0.4039727835066248
15041,-0.10898269315069387,-0.6324449271465941
15042,0.16352030190182265,-0.6459177588497134
15043,-0.42676767613364175,-0.506823730982952
15044,0.05038708010253317,-0.6424338598957166
15045,-0.6308293488516368,-0.477066581919848
15046,0.25223068758083655,-0.3436200426343232
15047,0.22748680491691986,-0.3620280269191257
15048,0.7177014016757547,-0.28259749927427535
15049,0.009984735517895879,-0.5902140866469092
15050,0.09642762897630236,-0.6107204990579884
15051,-1.31101902995658,0.21062836533392537
15052,0.25558692299053776,-0.3444430348838882
15053,0.2753119817710844,-0.2757513282463899
15054,0.17229740160245505,-0.567167605682108
15055,-0.5432441239983972,-0.48076609767604317
15056,-1.3161337303072131,-0.28699404339907547
15057,0.29451567398399425,-0.34904342654805864
15058,-0.41602800311165256,-0.10328253584118427
15059,-0.0770946963660846,-0.25915469094843263
15060,-0.35721506898987476,-0.21692026018501046
15061,-0.4996871049048295,-0.44620973388047375
15062,-0.23839716679410827,-0.43396003640341707
15063,0.24251115345044902,-0.3108883951483976
15064,-0.27488614185325516,-0.46302570996598036
15065,0.09762684057452535,-0.3559348399699931
15066,-0.7420243548963535,-0.3074180065673971
15067,-0.6958018843625977,0.032981921427798176
15068,-0.2718732889143368,0.32050921390251097
15069,-0.5196702599174909,-0.03349742938825478
15070,0.3436019425224487,-0.3642791348183072
15071,-0.009098592153616325,-0.3928369859846803
15072,-0.32633805827327644,-0.24380542677316208
15073,-0.3336326119771353,-0.08670468458985589
15074,-0.2980112990368344,-0.33416304025856686
15075,0.850934152875142,-0.12401118682990539
15076,-0.4819801431482589,-0.34055886235360666
15077,-0.15827819657083714,-0.5525116195216575
15078,0.405924307921383,-0.5281981082705521
15079,0.6647204783214592,-0.3165681889035278
15080,0.5069293466433615,-0.16126041622915757
15081,-0.34255623937445767,-0.5795569884667499
15082,-0.5219029391001075,-0.492616770854906
15083,0.6198856896519048,-0.487872930111535
15084,-0.31874964357931757,-0.43194610841850223
15085,-0.10506561701307389,-0.49954850367446624
15086,0.24961672484193587,-0.4693068664345399
15087,0.61206349030567,-0.5106303659062161
15088,-0.33093264269776435,-0.21458797888821918
15089,0.26540342884014095,-0.5897233839714725
15090,-0.8430693387029365,-0.33950369904962946
15091,1.0649576975762356,-0.10635492621053566
15092,-0.38795862448866536,-0.39896457266603735
15093,0.13866679461294948,-0.4909980163807886
15094,-0.6333840218621163,-0.32974327627868405
15095,0.6675481045202614,-0.45537153636061356
15096,-0.2522786723994195,-0.3067705031201179
15097,-1.0150716534480553,-0.31483888131699295
15098,1.1743247167380295,-0.5238373277796502
15099,-0.5598898337518914,-0.4289186236421886
15100,0.1262528232549423,-0.3821888480876824
15101,-0.6429887548197577,0.4105855451223892
15102,-0.3974162718196298,-0.3722184957306119
15103,-2.2244673059795854,2.5007882595816855
15104,0.766982334044498,0.20552484479971603
15105,0.4350040215170846,0.08370091305016202
15106,-0.8138236944190929,-0.22798222085265976
15107,-1.5701066205363883,0.8618241081315209
15108,0.1716046684908173,0.5774484365499115
15109,-0.13579622881633194,-0.14327909635247413
15110,0.1711944711193041,-0.49053429076539845
15111,0.5226845659435795,-0.11673695243372
15112,-0.7584231523287934,-0.22369949638894157
15113,0.28613830119971195,-0.14276520604451423
15114,0.04970104520935921,-0.4715851985871093
15115,0.6723390393951223,-0.4152420310347031
15116,0.432478527919036,-0.45626234480784544
15117,-0.8907033898323393,-0.4502021634760734
15118,0.3669179850268436,-0.46396833137845644
15119,0.8167277840228544,-0.4395908496341989
15120,-0.9871795302264057,-0.004122608874316596
15121,0.31136621054413627,0.13700017601016273
15122,-0.4099472903179652,-0.35080855331023864
15123,0.595891211007252,-0.3660078717822067
15124,-0.27613841808444006,-0.45978602863915763
15125,-0.5276036970684517,-0.3596191477981854
15126,-0.20875748954096052,-0.5426327450806475
15127,1.3125517743745851,-0.22164892138789744
15128,0.7009182065118735,-0.46665141085950174
15129,-0.2989469956184623,-0.5862948984714765
15130,0.27890446504504673,-0.5757095910049745
15131,-0.054733288371334586,-0.579512473256234
15132,0.13894756392600763,-0.48949144196103145
15133,0.408218200011676,-0.6485122828916933
15134,0.0562902419384799,-0.36074237301190715
15135,0.08330015036563337,-0.5384811858219373
15136,0.7361037850023598,-0.33038125678124286
15137,-0.3953943552154486,-0.5582785060039533
15138,2.0356938114443857,-0.3421542067372116
15139,-0.31669086522620776,-0.2824230194235983
15140,-0.8549747436181752,-0.4539357830934562
15141,-1.0722555886409482,-0.4574925673542427
15142,-0.5645466143187339,-0.2526125949358939
15143,0.05101865856482129,-0.3304542895169381
15144,0.14286906460896479,-0.3989352744479872
15145,-0.07622288724439047,-0.5084591251661603
15146,-0.964227518196725,-0.44746303213570465
15147,0.4054366518943521,-0.460817650698964
15148,0.8413390314807963,-0.4056890232525378
15149,0.8872607272924005,-0.3740536859379842
15150,0.09342226227319349,-0.45973750518235557
15151,0.4209882667698782,-0.4818780776315473
15152,-0.03068405023337433,-0.1790034860030195
15153,-0.004169111626473968,-0.4541238397758109
15154,0.12734158362306114,-0.23232574169258782
15155,-0.7258588934672423,-0.5368961773303598
15156,-0.3333788676972551,-0.4179794114904669
15157,0.258628069028862,-0.502301742309078
15158,0.5612887645337293,-0.4028996305009574
15159,-0.6075756690190197,-0.41187935540766946
15160,0.19725107094700112,-0.6142109565721314
15161,0.5423004990687155,-0.4765888672310177
15162,0.2852194146947969,-0.33594160368434306
15163,0.2734334894803344,-0.4772971680735144
15164,-0.08669666376985236,-0.5726432826188378
15165,0.21622609802830156,-0.45343456112448527
15166,-0.1967538929131184,-0.5493264258888796
15167,-0.06739058571634103,-0.5456734354678853
15168,-0.3800415427444962,-0.24309406194122982
15169,0.486833087190571,-0.4758000866100308
15170,0.6976312468370681,-0.5563564543629284
15171,1.2782211664702523,0.3553591405447565
15172,1.272687489149617,0.5637022660407744
15173,0.4701840024434231,0.8300487357109708
15174,0.4577959460292161,1.1234934904697604
15175,-0.7957852630565732,0.4821150044542917
15176,-0.18920898541834527,-0.31535667640165044
15177,-0.020024434197573916,-0.5219767778778951
15178,-0.16200129122179338,-0.23559653253759408
15179,-0.25621942754980404,-0.2337812439060451
15180,-1.185590013781127,-0.2890274411281187
15181,0.5805970925309618,-0.34676121668457777
15182,0.19313419208829646,-0.4451234156186912
15183,-0.14148755793143353,0.012850259624230123
15184,0.15849261819213714,-0.5786787746660595
15185,0.15794827414228962,-0.5614225808447803
15186,-0.3067683171484904,-0.5603245819081839
15187,-0.0681876209399214,-0.4622400138595181
15188,0.492582353704011,-0.42342097514098115
15189,0.053899919142550774,-0.4752172056604674
15190,-0.02345251695292315,-0.5435412619629083
15191,-0.03655489891268263,-0.4890958470761591
15192,1.1757472228177757,0.04165935310524299
15193,0.04654725525408684,10.777481466515793
15194,1.8733808950659294,1.408304858068082
15195,-0.493063721256443,1.3848714748987707
15196,-0.09770698568527883,0.451286056731787
15197,0.4038620041434498,1.7291600548076251
15198,0.018267968473919392,1.1147854388518303
15199,-2.6491132892521643,1.3021843525985903
15200,-3.993365771959288,4.8561999364365125
15201,-0.6846858859752556,3.4845656887480136
15202,-0.9029120856390958,1.9341994881450337
15203,0.46904333162025846,0.5719620535149148
15204,0.9609280659253172,-0.2972317648653893
15205,0.44457216692821666,-0.20336590267888016
15206,-1.0530288699258488,0.037094007912813746
15207,0.1971807254260673,-0.21976663616863576
15208,-0.2879081339133499,-0.44313485097754723
15209,0.5351282451112698,-0.4802809704408598
15210,-0.14820675570319197,-0.5573559231802159
15211,-0.30616045199438713,-0.5277494147513655
15212,-0.1090727358627856,-0.4051904075823035
15213,-0.9361529435320826,-0.5225680225217338
15214,0.7027726523893835,-0.4921892797803653
15215,-0.047271978007513725,-0.4178984404048629
15216,1.087748908766125,-0.4348222308061061
15217,0.6667883817999052,-0.42532895813260013
15218,-0.0018515581600526913,-0.3749151027516844
15219,0.14030650521433702,-0.491590851866392
15220,0.5550503122026487,-0.17664154696692122
15221,-0.30481379387340035,-0.5609602049977299
15222,0.8576570048471981,-0.4101509848068448
15223,-0.4649581806210603,-0.1879465207252147
15224,-0.15500527860601515,-0.48516464034568213
15225,0.5673884896212836,-0.4918536879555817
15226,0.5225275556763174,-0.40584482949206646
15227,-0.9218192090732829,-0.2624116569812947
15228,-1.243084922852857,1.0628186233424886
15229,-0.06480452597463225,-0.39579534799663757
15230,-0.9626377473341359,-0.4912962916685068
15231,0.06810378814461765,-0.6207302764529496
15232,0.09750982010867634,-0.3295034074016417
15233,0.8882979473663302,-0.5951012993320072
15234,-0.20143644146689416,-0.5790171076268572
15235,-0.2622976652977477,-0.5798429010342514
15236,-0.035450102847798086,-0.4939358537219554
15237,-0.1616389042220453,-0.5801706435927156
15238,-0.2735476112974552,-0.6039775297095721
15239,0.10614365940868233,-0.5351292620680549
15240,0.20249753824486488,-0.6189267252086855
15241,0.33169719424518107,-0.5910072679075358
15242,-0.04408192849088611,-0.5398234634969941
15243,0.17371417651743448,-0.6113798195529111
15244,-0.13588014492680345,-0.4886957829668244
15245,0.3385222161207244,-0.5601477515529494
15246,0.08191885308588892,-0.5663098764508597
15247,-0.3426852391068498,-0.5725034374405403
15248,-0.19254693588961883,-0.513466088682067
15249,0.44593097542573884,-0.3734221724541084
15250,1.0354085968000013,-0.5370478304363318
15251,-0.2076199003177933,-0.5077932315503909
15252,0.4047706433237399,-0.5426529242442995
15253,-0.14217750052287229,-0.3828051949890594
15254,-0.05510434308214373,-0.5717737728177543
15255,-0.7172739158938433,-0.2980641993236885
15256,-0.2192379932841873,-0.5717619267534642
15257,-0.32303109300074806,-0.23938576700859054
15258,0.2040280985245641,-0.538288029898721
15259,-0.14049216510470805,-0.4647310715286783
15260,-0.6326613754013897,-0.5358683573330737
15261,0.036016171975005125,-0.5474984375389274
15262,-0.20576709512213054,-0.45219883258011684
15263,0.1642606310935502,-0.4999525412003893
15264,0.1082563851005691,-0.5107183023466895
15265,0.04237838211139277,-0.4371245094939713
15266,-0.0588224431563895,-0.33121353561760836
15267,0.17675777784894553,-0.5942576698675005
15268,-0.028081776314998773,-0.5695120644447166
15269,0.0565623719994221,-0.5578306773207052
15270,0.04855243313906208,-0.5394990874301352
15271,-0.19802853372056473,-0.547038001928021
15272,-0.048870561313350054,-0.6361801720682593
15273,0.34140960447288127,-0.4834571975369708
15274,0.03416415941092544,-0.6067028513645121
15275,-0.8295296245759475,-0.45148775786148676
15276,-0.04575639605462934,-0.5623504329385092
15277,0.4385022346339767,-0.5155693474639073
15278,-0.5293023381647557,-0.3843861204979032
15279,0.1438751672442261,-0.27193786260132247
15280,0.0011895813613970307,-0.5665263529644438
15281,0.27832086969813125,-0.531969282191148
15282,0.1399697671270022,-0.6224139114423356
15283,-0.015428749863951092,-0.238958815111642
15284,-0.30551406235442014,-0.5602545501069238
15285,0.04251926466097001,-0.532824323362565
15286,0.30111601525424536,-0.4673046937001477
15287,0.4715961095524791,-0.5513100907547167
15288,-0.2107959128764894,-0.5252266623266428
15289,-0.04866079617235774,-0.5813003367338409
15290,-0.01993926412512429,-0.586354726062637
15291,0.2984225813418159,-0.5636693153941535
15292,-0.2471174012690189,-0.4723329414734858
15293,-0.15134649429686964,-0.41866986636981224
15294,0.3530453662899881,-0.5577562228165642
15295,0.0050153641460822275,-0.6380222475796294
15296,0.019323458057632574,-0.6101131719944006
15297,0.13837457871583653,-0.5712532206833848
15298,-0.23129626722009758,-0.5879193102199269
15299,-0.5989558205058562,-0.32057599132164605
15300,0.28700098968693005,-0.4740061790038704
15301,-0.4361145514462219,-0.5066287844528535
15302,-0.8970902614692801,-0.266019481172182
15303,-0.04743711258327892,0.11624397965136055
15304,-0.148237848361075,0.29294465862950436
15305,0.11535276510037462,-0.394249864842359
15306,0.16619702229189248,-0.13754325363818998
15307,-0.24790446623987517,-0.5824454906029977
15308,-0.32297559309697155,-0.6035665063237722
15309,-0.510680440981644,-0.31079412314818755
15310,0.45175122884353014,-0.561375913880218
15311,0.37619679294225294,-0.5860212920627665
15312,-0.07106403696470587,-0.5872592025825143
15313,-0.5279211514909067,-0.5988758837289748
15314,0.46267559683289816,-0.3976721947686813
15315,-0.2311814749660123,-0.5562739567216167
15316,-0.13093654828272003,-0.4453555396115686
15317,-0.3943381679811381,-0.5831832869097344
15318,-0.10804958075219356,-0.4428220999245345
15319,0.15528077526590872,-0.6399083512484116
15320,0.0603040238662565,-0.5709249886489175
15321,0.3419765330697797,-0.5682834467659941
15322,0.2380880428050104,-0.4600582758271885
15323,-0.027583384202242593,-0.605012387600226
15324,0.026775719334721358,-0.6378999080015687
15325,0.11721153214937287,-0.5886191042893805
15326,0.08980686346655113,-0.561984979907301
15327,-0.0815645557463189,-0.5947466379023743
15328,-0.1411754243762601,-0.6014087404074105
15329,-0.11166070237891934,-0.6435965661605755
15330,0.15348105652538319,-0.6038874502352708
15331,0.08725418119654522,-0.5789052348003657
15332,0.5040238866659357,-0.5074082835504932
15333,-0.013836585996644968,-0.32391339475713005
15334,-0.3654312713579809,-0.5193604426391213
15335,0.43029565296683625,-0.33808079056130586
15336,-0.1323211696649545,-0.37336513244418973
15337,0.41703674424197856,-0.6037265702679713
15338,-0.02330962309354214,-0.3392246001611978
15339,0.3045816979633956,-0.5092811902692509
15340,0.3107529720889507,-0.36392320273688505
15341,0.08377953722939477,-0.549046411397159
15342,0.0515578507489361,-0.5563829163934088
15343,-0.13221555707565869,-0.4992077735337105
15344,-0.007154499853562828,-0.5490465985691972
15345,0.12918658292118068,-0.6252393096152788
15346,0.6993229809741854,-0.5333414717773947
15347,-0.28899294094793904,-0.5317211722125001
15348,0.45222207856812663,-0.5696900106634724
15349,-0.2659322524028859,-0.4914048470029937
15350,-0.12294912878915494,-0.5622319572708285
15351,-0.4601889951056569,-0.5630539683854218
15352,0.09606207738565929,-0.6661510733917725
15353,-0.09632024228492297,-0.5805431114102538
15354,0.24284235110966124,-0.6592711477466152
15355,0.1253273644743394,-0.46768030053816095
15356,0.25533718449099396,-0.5643197655833179
15357,-0.0677777831935363,-0.6467920884198434
15358,0.10408116845818051,-0.5376326420817564
15359,-0.2834586865839951,-0.5201067704750073
15360,-0.15686848656833102,-0.6067400152307459
15361,-0.17401050174404692,-0.5697895320992931
15362,-0.00022078145595410582,-0.39781363476921017
15363,0.019549378490557184,-0.5748924872443262
15364,0.4146486166156501,-0.5178150476842959
15365,0.4673158967571004,-0.18384212136126782
15366,-0.2601900114387354,-0.34147971058659005
15367,0.5624065987815974,-0.48144395402618495
15368,0.890795908519045,-0.13510201681603085
15369,-0.2555645252181848,-0.4038151629321373
15370,-0.17614991956024284,-0.580983115407837
15371,0.12573000066856171,-0.620648317296455
15372,-0.0956595721099485,-0.6221290261437467
15373,-0.6347477429268039,-0.48300847855638407
15374,0.43585437099978686,-0.4116678045451286
15375,0.2497273717054962,-0.6274359125545331
15376,-0.4872856884666908,-0.5768167573689175
15377,0.6178519600902348,-0.43457232308600546
15378,0.06001632664162023,-0.5084464288066732
15379,-0.008137383709247078,-0.6219982817482959
15380,-0.07263027535133516,-0.6399452866444149
15381,0.15955453784064366,-0.2624292711208056
15382,0.23329668095067255,-0.1454141137559801
15383,-0.2775344794968265,-0.22695348366694698
15384,0.16973717822678847,-0.14655520768880115
15385,-0.05238146945403436,-0.12455673619483669
15386,0.09732899807457585,-0.5474347461211749
15387,0.33673496652481016,-0.10933844785702011
15388,-0.22387696781310779,-0.36700307273973576
15389,0.4354007156774428,-0.3846963128884886
15390,0.7401157708020127,-0.4348788645155579
15391,0.2023642795236154,0.2082417335094471
15392,-0.29990130968301826,-0.2219750834189592
15393,0.5944827289464005,0.13259657511365597
15394,-0.5601888259456312,0.16041956765548887
15395,-0.353656474965206,-0.15817890353592529
15396,0.7188710826320689,0.36156134593336353
15397,0.013847410795686054,-0.08137144361610346
15398,-0.2674902852906108,-0.2640290099890589
15399,-0.07410513462628532,-0.22419818360383542
15400,-0.3475817366919299,-0.40459505992628736
15401,0.06999371961003525,-0.4595701015780808
15402,-0.21915610615172973,-0.4721361957836972
15403,-0.3760541891137578,-0.3636402997860106
15404,-0.45204858566406114,-0.1674857637225936
15405,0.5194407217687154,-0.3746825554938422
15406,-0.7525915782008062,-0.4031307793911854
15407,0.13334514704534717,-0.4863763767605294
15408,-0.0878348474259783,-0.45295082814881865
15409,-0.2188671347305247,-0.38107432009945647
15410,0.4895258783923268,-0.4321693254953709
15411,0.07298181103781003,-0.42439463946633194
15412,0.27514118869343507,-0.483824395521686
15413,0.7200648425394565,-0.19772413830498423
15414,-0.1573617585667779,-0.5245181949027197
15415,-0.40769744085231785,-0.4370770907883572
15416,0.20853146439194128,-0.5060466939694148
15417,0.013145052616842458,-0.5706807458773517
15418,0.7086886260456999,-0.4924572135562374
15419,-0.3159062918137057,-0.3192560604347374
15420,-0.16602830049655232,-0.4415322392084883
15421,-0.0955855314019878,-0.45716122187091496
15422,-0.2871405750060417,-0.4881737096660113
15423,0.5299638534718626,-0.35429145119189503
15424,0.46819886141677935,-0.39791797897943365
15425,-0.0158982843292264,-0.4524277037424427
15426,0.45803443573550906,-0.1480664232054744
15427,-0.04790085082106787,-0.3442398854880341
15428,1.1939219969388675,0.07287797230229484
15429,-0.1987056489015644,-0.39715719605997823
15430,-0.9751231848385011,0.04626705489675696
15431,0.007951331572119793,-0.2147160532444257
15432,0.4108062716870735,-0.34988813159015625
15433,0.28186778556715186,0.24518641215934453
15434,-1.2863723156630857,-0.1919149059178642
15435,0.15156636112519345,0.01848609131993831
15436,-0.20475381596755574,-0.35623746400534617
15437,0.10241868204140045,-0.23223881453645023
15438,0.07294574513712657,-0.235459139186461
15439,0.0850141745184482,-0.3198223034358636
15440,-0.2757216997424497,-0.3805908632764727
15441,1.4231899344307182,0.2058356559775779
15442,0.5601881842407359,0.2178640621043014
15443,0.18712096154177865,0.46243100162480427
15444,-0.3304308173914827,0.15458903432269086
15445,0.14558940185692637,0.6321494985777327
15446,-0.5730701227516202,-0.2521171318287831
15447,-0.5237929183357832,0.777386725105142
15448,0.42037522281480666,-0.31993681541093055
15449,-0.4414225337825041,-0.20981283822746802
15450,-0.1807726765334776,-0.1217618549377448
15451,0.14586716687843498,-0.35402362589809605
15452,-0.14257487297783605,-0.3770854341252012
15453,-0.503881654816213,-0.42277826719030426
15454,0.535498514501541,-0.320238414469573
15455,-0.774815221724739,-0.22097271776275235
15456,0.8229139734387702,-0.5728483990073184
15457,-0.0747444717328519,-0.48845213213735916
15458,-0.3912945175859405,-0.28354230647850187
15459,0.629838402464302,0.00988087917405975
15460,0.6333057035667328,0.12077440235308633
15461,-0.326217858183508,0.6435921065555154
15462,-0.3239105936213026,-0.23018422061473517
15463,-0.021430725202164595,-0.30353255530713924
15464,0.9739265605786102,-0.23745345176418006
15465,0.44694307691916074,1.3481531768405106
15466,-0.5797938533899982,0.16082292268273757
15467,0.8987833731151844,0.14450441781008388
15468,-0.04653014288824898,0.010011147768119536
15469,0.019979098706155628,-0.454152020507464
15470,0.7588822732029012,0.2846365657226213
15471,0.05441488816419155,0.255904644371466
15472,0.5936950989076286,0.40896731555316085
15473,0.09929852508984179,0.2510554387058656
15474,-0.2777785069892848,-0.034594202310904654
15475,-0.871284623574837,1.1018027419755918
15476,-0.11880383501556037,-0.16198149789142471
15477,0.1288387377616517,-0.2832634614926442
15478,0.5430675010973234,-0.21656825005407282
15479,-0.2426234650159611,-0.32714139927366703
15480,-0.12818470489392433,-0.4669547544924133
15481,0.7437895368090731,0.20203449499830478
15482,-0.11651929602252645,-0.23499174336943648
15483,1.5033562758478822,2.0519503451585615
15484,-0.627022729639409,0.3617522321819256
15485,-0.3873931558274632,0.5280806435533203
15486,-0.9474689417570883,1.675200679139777
15487,0.9520782689482392,0.9168386570943557
15488,0.4695416278156588,0.4420674446185014
15489,0.7312391532921055,0.717490897570827
15490,0.08293261915993864,-0.024607800743637397
15491,0.1279782835024629,0.3887603159320652
15492,0.6976216446598343,1.1610388394446047
15493,-0.7424694924372744,0.395708987618221
15494,0.01069238219860919,0.0649456967711721
15495,-0.5508992344076898,0.3440686168651587
15496,0.7134846160097308,0.15287889370457183
15497,-0.7821133390377869,-0.09041529820219056
15498,-0.25321553050861,-0.22086542087305927
15499,-0.23315605447349042,-0.10516115574374879
15500,1.170798626309583,0.008636621469861171
15501,-1.1204649009177972,-0.2039129075844231
15502,-0.3084390723580333,-0.39904431019301184
15503,0.21339006276840855,-0.4790411146837808
15504,0.3947590322112777,-0.4296857360328462
15505,-0.1551619776541659,-0.49258206290775053
15506,0.7803403548747181,-0.2462592567934811
15507,-0.9444118406835993,-0.1150000485988342
15508,-0.2652497305717172,0.7342545013836711
15509,-0.45066448366820466,-0.2982197687444361
15510,0.10663273235293318,-0.3776947245235113
15511,-0.010124884313775452,-0.4445251786757881
15512,-0.4060316077141095,-0.4488655938165332
15513,-0.4623184437007323,-0.22416721696164066
15514,0.35797096602544487,-0.3333000773867122
15515,0.6475665355172455,-0.3001001184896132
15516,0.3291764123885496,-0.07058467043803057
15517,0.2988257301347635,-0.39134705135931697
15518,0.38288854126875627,-0.4388812887886742
15519,0.30103352108639164,-0.04786146658122743
15520,-0.3843167641993434,-0.43011583259279135
15521,0.13453849368026832,-0.45947905643886533
15522,-0.48257511280469806,-0.4953869305430045
15523,-0.009356296233085369,-0.29707208830660536
15524,-0.5280632530197162,-0.4905622949401435
15525,-0.12182888462733718,-0.3079227995462507
15526,0.017399704741319078,-0.47955406261038713
15527,0.33538857180922943,-0.07566337495379838
15528,-1.0991144220468334,0.3307930634703132
15529,-0.5618968303008169,-0.0006147232429545888
15530,0.3731734135858741,-0.03529028625897069
15531,-0.2819516872663697,0.4108600059599915
15532,-0.8595258808242381,0.5956731156609665
15533,0.4220910986027866,0.2762552441297995
15534,-0.48709345175268304,-0.4717250669389351
15535,-0.6615125808745568,0.17156065398309345
15536,0.10534474818547204,-0.05014620272196935
15537,0.34797684197488776,0.018942874106550583
15538,-0.5605736133357454,0.04093775677997237
15539,0.29416372515287315,-0.34065288626034956
15540,0.4195003535055314,-0.10336497285685671
15541,0.32329636403042783,-0.028968091855676444
15542,0.4966816342697406,-0.19586275646987622
15543,-0.2875956571223708,-0.36337171618286973
15544,0.8478713697563011,0.33302178327092147
15545,0.015501477228891837,-0.3797477408429739
15546,0.26359958809679657,-0.07372500588508121
15547,-0.5601060566065763,-0.44278558737588597
15548,0.16487841706446263,-0.3013966767778703
15549,0.059701973688481985,-0.4065739898697382
15550,0.9417903009025539,-0.3544615906642812
15551,1.7886854992991263,0.6570758703625043
15552,0.07904339749102676,1.6226217368513844
15553,0.823181994787778,0.5076348205386926
15554,0.3315336166237938,1.8132669901961003
15555,0.3613401395159641,1.5564191002617749
15556,0.819420748242662,1.805110803652326
15557,-1.3208681144643122,1.389092237332612
15558,0.2597533332462222,1.0602357880871136
15559,0.30036407380560615,0.2169145479796399
15560,0.14396286632787586,-0.23420756575836002
15561,0.05459214969704127,-0.15009228984206147
15562,-0.12250741725707229,-0.06812385799284618
15563,-0.25082611373848135,-0.07932434209908275
15564,0.2008554765932182,-0.09590805791137809
15565,-0.3206248686042248,-0.31399203682175003
15566,-0.011520932295295066,-0.1379201743718381
15567,0.3321345082034357,-0.0067196756361844155
15568,-0.997140255356152,-0.0558916750613552
15569,0.7001508305162631,0.1687257478739864
15570,-0.4246862327925429,-0.07179573684772256
15571,0.1453521409024215,-0.10984515810823886
15572,-0.10396733469273457,-0.2946436028153224
15573,-0.33751846664382396,-0.4451170999359713
15574,-0.49729089793671694,-0.21974648908786196
15575,1.3639521845045268,0.4977765745592857
15576,0.2765282025686065,0.05726738279975476
15577,-1.3336012071961847,0.3113589761966811
15578,0.15676043527562392,0.37910341914681955
15579,0.23746505971927162,0.7626726861165546
15580,0.09842488786361464,0.6073904770766163
15581,0.5426543410840021,1.0916260061266994
15582,-0.12649193739826584,0.019299559430525914
15583,-0.9198305974109764,5.472739691991304
15584,-0.9244253084444638,0.8298341025068263
15585,-3.032735379964309,4.088781142642367
15586,0.9016413924845901,1.1456758442077875
15587,-1.4686944036966834,1.456065531860355
15588,-0.33660878623354956,2.1546087942968644
15589,-1.7139610430989125,2.773747239958669
15590,0.590896971993684,0.7779255803064329
15591,0.5445287017474341,0.4065118838996303
15592,-0.6613728534376315,-0.1953207197690311
15593,0.336749821354566,-0.41083384147934443
15594,0.016070941119304093,-0.4316183256470896
15595,0.7506964706686237,-0.06649418650960554
15596,-0.8660988922184769,0.05309638100637574
15597,0.42634441990286165,-0.236826174585909
15598,-0.08915573994691081,-0.43307736452885437
15599,0.2085731998733079,-0.43783374756103566
15600,0.6465535147150481,-0.2877134729626677
15601,-0.49127256693848476,-0.24728077583019226
15602,0.28415684107435885,-0.5021340795377692
15603,0.3692747464235469,-0.4391266775048832
15604,0.28852527771283953,-0.4448565284642311
15605,-0.07705000696707577,-0.408314918492973
15606,0.0035295540295593912,-0.4368537562177368
15607,-0.5156615956129037,-0.6003019132755737
15608,-0.41722868589636575,-0.42993591274880344
15609,0.28770770815526325,-0.49990576835807005
15610,1.1858406893192894,-0.24938597538483775
15611,0.4833803177742627,0.17933253316314915
15612,-1.0753412019191968,-0.28681050221175985
15613,0.24793279713379301,-0.4925518047456313
15614,-0.5544272929484727,-0.46063564469160373
15615,0.7191511018071219,-0.5001698876657201
15616,-0.18879536046508258,-0.6059985938665212
15617,0.6478826923308567,-0.35773997184710493
15618,0.2201441836175088,-0.34229479490598835
15619,-0.2128771247675292,-0.44746141327862954
15620,-0.49513076535160505,-0.3853185266254053
15621,0.23712589727874975,-0.4145130636017251
15622,0.09412428425469563,-0.3705093730096512
15623,-0.3906002330988998,-0.42669239584567265
15624,-1.1892142155681542,-0.23197655451326998
15625,0.57340896607407,-0.24406320688681324
15626,-1.1251608390088992,-0.007179507155209889
15627,0.6912408455950805,-0.3752503516059867
15628,-0.24919785378435544,-0.3714406826003147
15629,0.3926111008741169,-0.42105378355544787
15630,-0.2051314602078996,-0.3201473917440052
15631,1.2150559409301238,-0.07732900304035231
15632,0.30673094522177086,0.9961908307230861
15633,0.4624520934365063,0.0850788867160698
15634,-0.26848615637476436,-0.25797511958064095
15635,0.1250782688364456,-0.4337921140962591
15636,-0.5022394168316116,-0.03701242759647112
15637,0.29253093814876946,-0.4869021718342462
15638,0.2736741057081891,-0.3910696075155219
15639,-0.2731349144932543,-0.5856474540816079
15640,0.11707721512160342,-0.4568589932708523
15641,-0.5866730643643813,-0.28809510959995843
15642,0.30237276255951123,-0.5184201589771602
15643,-0.22022542329314568,-0.05285418898910796
15644,0.17361523557679986,-0.13464684086010786
15645,0.3885950115577844,-0.49945357608824154
15646,-0.4480492499673609,-0.24281449220798743
15647,-0.23989698200009107,-0.4167639820994072
15648,0.8149573871398639,-0.4174458669804812
15649,0.4269048127735697,-0.2426246106132187
15650,-0.2632877585724828,-0.24538315215000914
15651,0.38682401192267346,-0.40348424525423526
15652,1.0228334476639482,0.9294212883078722
15653,-0.1357385594450914,0.5292860882309224
15654,0.6232693783759574,-0.060262745818841584
15655,0.5881110190664053,0.5576714805597779
15656,-0.4291440248848637,-0.20917786891238135
15657,-0.610255955834593,-0.3489024831188148
15658,-0.3651887637242933,-0.4869685503742253
15659,-0.5184862451727347,-0.13575301643474633
15660,0.4683830789758586,-0.2384252595739373
15661,-0.2367845307132402,-0.500720477459495
15662,0.11364340163129857,-0.3765564896278482
15663,0.03503634706328393,-0.4482502291170088
15664,0.025059030176712932,-0.30836363416318824
15665,-0.02612133743077632,-0.12878721639431065
15666,-0.426961292178278,-0.06783883261924406
15667,0.4192189828449668,-0.2742626686693641
15668,-0.10684152139206438,-0.4001353631696521
15669,-0.40724385018012943,-0.19425065021612328
15670,0.4725570872948651,-0.40320055066513216
15671,0.36069985410755695,-0.3255136451659181
15672,0.665173055169123,0.022023707331322865
15673,2.4933600393823845,8.39120272623657
15674,0.3605244105365653,1.1207304169701087
15675,1.601619281729715,2.7416810674651884
15676,-0.10241285720537267,0.7622630127903
15677,0.9684116751834042,1.5285275694954623
15678,0.004633362020272402,3.9705694445412667
15679,-0.21562919895180785,1.3927608197875228
15680,-0.24725229455765935,0.40303200470768263
15681,0.22350301145536733,0.7821299673217591
15682,-0.45907633863091374,-0.23730897100214093
15683,0.5387476613945624,0.7575150273303307
15684,-0.9681442255765447,0.01658656014479889
15685,0.2103711856032198,-0.16697355845513706
15686,-0.3158835723980284,-0.10997184452913336
15687,-0.7033464272956971,0.2755038663563718
15688,0.15439759299273995,0.3366819195768287
15689,0.09848701258823674,-0.10009927569343073
15690,0.9339683271042016,-0.08731167310499387
15691,0.355225608002836,0.39958874595027727
15692,-1.976122909619993,0.06416208320997246
15693,0.8108944088968314,-0.03097571630228491
15694,0.2905760320309342,-0.39555506430998066
15695,0.0022880140435340823,0.0914730732176975
15696,-1.3717169394083053,0.805043495581542
15697,0.42622301830755743,-0.42581348784073486
15698,0.3822418422875658,-0.423180023909339
15699,-1.1068451133495412,-0.16515393088835253
15700,-0.6385421009558157,-0.359609117445661
15701,0.2868017896956387,1.2043480376004334
15702,0.10110681037406959,-0.07346507178998427
15703,0.4663962475013827,0.25684700927201193
15704,0.19261780394191266,-0.488530308779425
15705,0.05155408333283689,-0.3246671583988345
15706,-0.46567274521720886,-0.4080093504601976
15707,0.6215868931227833,-0.26467233585758726
15708,-0.05306165575006874,-0.4679252293635232
15709,0.2529800555533971,-0.5154437840260809
15710,0.23864934803266236,-0.43931703820646756
15711,0.4227426712896763,-0.35810527958662547
15712,0.003995652851759823,-0.5289592590981743
15713,-0.4924774261068341,-0.5870550298561813
15714,0.3137401591925024,-0.4605873458665728
15715,0.2127873655434357,-0.5687313677364035
15716,-0.3935279855881375,-0.49070041506170725
15717,0.12374746494301436,-0.48312497795034004
15718,0.42739751081067595,0.3034528641474219
15719,-0.5015336621396306,-0.33343423586490734
15720,0.0686162329291741,-0.250909018540553
15721,-0.3662815054978824,-0.4094868676339449
15722,0.6958514470412855,-0.44535871656254317
15723,0.7421528783570472,-0.42040922371319367
15724,-0.4006999254852265,-0.14206480811164876
15725,-0.2163319435121462,-0.33734064052847673
15726,-0.05712854657853545,-0.460194997093324
15727,0.3169313175257864,-0.4276946288113979
15728,-0.8779222714351119,-0.46168434584142176
15729,0.38306773995117516,-0.33313668890407916
15730,-0.4892168111736234,-0.5075629034791009
15731,0.4267390288699341,-0.478057078504847
15732,1.1765129325292178,0.18628139045334946
15733,0.05198596799398495,-0.28483152043719123
15734,0.6453086291139242,0.3580826657358046
15735,-0.8108434796998576,-0.12922034202382154
15736,0.09762196073958028,-0.03733791423431156
15737,0.08107700784759159,-0.189093219245695
15738,-0.191862189559972,-0.41240580358607515
15739,-0.5703064911549331,-0.3004453009185255
15740,-0.08154035844484686,0.09686735400326112
15741,0.3904937586734418,0.4797162348294828
15742,0.14038020731834933,-0.2659797208209048
15743,-0.2779558175350375,-0.44823679250921394
15744,0.4092527672641214,-0.26771278628147294
15745,0.4507537556363185,0.026483725563976684
15746,-0.15583622102234185,-0.40112949813360876
15747,-0.6124758388880723,0.041064895981614884
15748,-0.15073744313496484,-0.499399903934359
15749,0.4778302714320671,-0.3001703565567206
15750,-0.16090315150784945,-0.4422358565161125
15751,0.039829796944521094,-0.43392748205853937
15752,-0.014559907364041629,-0.48605144445522963
15753,0.14826341567587215,-0.1626756796581486
15754,-0.18159479712016705,-0.3703773619938715
15755,-0.48181734247017394,-0.31863421975320516
15756,0.18074299996749404,-0.38428868448165915
15757,-0.10704075390062688,-0.44752123213239753
15758,0.1265801426679575,-0.45239254335071033
15759,0.2581830397605053,-0.37170461140007766
15760,-0.09932993420629868,-0.3675803380893939
15761,0.2050847652993919,-0.3832849105433464
15762,0.32841483278520384,0.25606434620912155
15763,0.1390541830397808,-0.2665045284622603
15764,-0.621646055180078,-0.487683265995891
15765,0.0361554362043328,-0.005261593332854889
15766,-0.12624238941215082,-0.054112296373007636
15767,1.1523281324367425,1.492762098587973
15768,0.7681124507144144,0.9255058922081127
15769,-2.4580244380045673,10.324294320260082
15770,0.29739709210045995,1.1389648564909876
15771,-2.0588345949445896,2.8399519022841697
15772,1.050253283578926,1.0204303969449353
15773,0.6847708322806269,0.7495223417770035
15774,2.1092095546398206,0.5925246287874559
15775,-1.7613118670931214,0.16033251590486117
15776,-0.2011281028740715,0.34825676901436
15777,1.2829986624345422,-0.3044420174089907
15778,-0.31261715259573114,0.2286325334148884
15779,-0.3026218469647663,-0.23278924501449494
15780,-0.37621249062164613,-0.47119034591772285
15781,-0.2966523343162827,-0.49748013721910767
15782,-0.39996495707414187,-0.021070471793656412
15783,0.8554280568117011,-0.06524192983842994
15784,-0.34698617019084915,-0.3336861370718006
15785,0.6912591993316726,-0.39296912449227944
15786,-0.25516486797610394,-0.28714877020313856
15787,0.18869169832120927,-0.35713713895319793
15788,-0.15068607543720142,-0.5306975754111742
15789,0.6503860210034127,-0.5446456061146276
15790,-0.066399954882274,-0.4192296006606394
15791,-0.62235347274676,-0.39092354963248716
15792,-0.30324629079283366,-0.42336271895481686
15793,-0.00346188980422619,-0.5647966712520515
15794,0.11865470180176588,-0.5556412167265653
15795,0.0203805557862215,-0.38055622138972606
15796,0.4492768369260103,-0.4985220601575534
15797,0.190020374134968,-0.33783411170715927
15798,-0.034987686541029364,-0.43743863547479345
15799,-0.5599076849878428,-0.42986367649766366
15800,0.009372093643287888,-0.3593755249259247
15801,0.12089273570137446,-0.5087125974230341
15802,0.14554037465549674,-0.5272246367581356
15803,0.18289493477755256,-0.3455691006207264
15804,-0.04027297592780548,-0.5613498206792309
15805,0.3669356284660232,-0.39681415369154116
15806,-0.0861737366536032,-0.3510530420536413
15807,0.45034829943462157,-0.33676593567074586
15808,1.3934634003890054,0.19233424817236885
15809,0.10439662025202828,-0.14905414189335464
15810,-0.06763886478630506,-0.40028810273533566
15811,1.094703818838531,0.5506126850900054
15812,-0.30483010870119875,-0.3966377827977707
15813,0.20594103344792386,-0.18012322600693592
15814,0.11117233366814995,0.07299028423786391
15815,-0.30946955449042457,0.22582225872034886
15816,1.1821630890811148,0.15789547210467716
15817,1.7724633392576916,2.038139834846042
15818,-0.7819230305332308,2.426493369903596
15819,-0.061561060098336104,0.7854944831149441
15820,-0.1551452649130065,0.4681408952731114
15821,-0.5465910142440911,0.28505055480095925
15822,-0.8002829914880509,0.34772880016097146
15823,0.4700745116751578,-0.39588671307341283
15824,0.0368392574854682,-0.32711970651827765
15825,0.10611801697509554,-0.2371775336717141
15826,-0.5028696164895192,0.0507098232053363
15827,-0.5625420451337871,-0.31225953450995847
15828,-0.15995514229110977,-0.25517360963979063
15829,0.09854009400582889,0.15162330868759838
15830,0.17931791400933864,0.38493852208974527
15831,0.01780095082256026,-0.3517884338326715
15832,0.6807407264029942,0.34959728841748383
15833,0.184882438440297,0.028180370253194517
15834,-0.07091890419341759,-0.29557879971009393
15835,0.28470975224119666,-0.4270347823192604
15836,0.24139203404580936,-0.25863340631328685
15837,0.25005124063419687,-0.0971692033793533
15838,0.23385239658403273,0.5333867709876893
15839,-0.7018059696957509,-0.09459615882386967
15840,-0.10655400390642156,-0.013155622902503605
15841,-0.12001570866449372,0.011798958630997421
15842,-0.02824851796004084,-0.3084918134733251
15843,-0.07295962644882215,0.270458903434007
15844,-0.311963870823485,-0.47004536419668597
15845,-0.45122912212829014,0.11430971236224217
15846,-0.27855019098485345,-0.20488521376109983
15847,-0.16765452923930527,0.11315062790382972
15848,0.23225874351416992,0.15427155023687894
15849,-0.20587177776209795,-0.5483047375004305
15850,-0.048704463849934876,-0.5741150613035855
15851,0.3076332637425715,0.12113230958895554
15852,-0.33174948224873074,-0.3553851641091706
15853,-0.4336499831198838,0.0009781375718992949
15854,0.44499666100432694,-0.007288756249170218
15855,-0.3786989151017848,-0.030979259455862187
15856,0.03255259930473946,-0.20361919788447247
15857,0.11627041766190234,-0.6104768929821603
15858,0.0565050606940911,-0.507595838124888
15859,-0.11233329159719486,-0.19072252849246352
15860,0.5956721113046508,-0.1302158757803687
15861,-0.5210507223430234,-0.2697325908124304
15862,-0.41954400779001483,-0.29308430359376747
15863,-0.4654246434768142,0.7099547680646731
15864,0.8960745926755178,0.3240683293523619
15865,-0.10677189606333204,-0.25007702728961795
15866,0.5101299656328929,0.18624279975319322
15867,-0.2620954159386861,-0.3268735080517495
15868,-0.05206929764266241,-0.2772372380005107
15869,-0.12286242523430303,0.2983892961777635
15870,0.7323761059701078,-0.11057656658888876
15871,0.1274642448239234,1.6169929284883144
15872,0.49720429136270694,1.7492519156009585
15873,-1.4788229810236797,0.0669495490950054
15874,1.1894163800972655,-0.5129457096961162
15875,-1.0549219707781294,-0.049458312063499134
15876,-0.02669270897366012,-0.15517802543898088
15877,0.3986994650664982,-0.35343878115100014
15878,0.19325707279798432,-0.13190549178993416
15879,0.5352645389376622,-0.2643193323938076
15880,0.5394189715821772,0.349729665937613
15881,-0.3665383033529918,-0.02697726125500396
15882,0.6344514157897947,-0.10159917824472475
15883,0.2347228369356412,-0.1811134630211373
15884,1.2692040316567914,0.8075692933073603
15885,0.5259118696346399,1.1446683678743599
15886,-0.5030008539112942,0.6164956226634826
15887,0.5120451421080875,0.7503218745919373
15888,0.8059753798732426,0.8135212768865454
15889,0.7607516417045657,0.6638174271110426
15890,0.06175489835327284,0.05707091573410401
15891,-0.7141908807705392,-0.09194577937882815
15892,0.6232289278115482,0.24649384085286602
15893,0.0784067165631313,0.1029111100777047
15894,0.44658467692972287,-0.04849015696735399
15895,-1.0316175456403316,1.3113183007298475
15896,-0.596828219216783,0.9356452557250449
15897,0.6012346550948534,0.021887271425873153
15898,0.06116600118441496,-0.06042956948511195
15899,-0.370091738199818,0.159614946795345
15900,-0.28126967507927103,-0.47249945378066455
15901,-0.3152591563295144,-0.47996192366728946
15902,0.12039269445341425,-0.2687292634431813
15903,0.9815543075379286,0.0709189405794765
15904,0.8407120438605504,1.431364905042171
15905,-0.5884398768612856,0.08835534786590994
15906,0.14245892027531656,0.17765525422606288
15907,-0.5875716290347853,-0.15287711066155105
15908,0.6395132330549211,-0.12892478205396635
15909,0.050514014366629924,-0.36233917049392095
15910,-0.1945382256612541,-0.3690944995826996
15911,0.057993687844188964,0.6747802262849012
15912,-0.2977884927799034,0.48286533703855483
15913,0.8165323080669757,-0.19252851211686633
15914,0.3776310551621619,-0.08533799071893594
15915,0.21375376560012377,1.265536506665131
15916,-0.39391417050494315,-0.14597234630316253
15917,-0.3673483794429035,0.45104621342667195
15918,-0.7305591300197998,0.23265264498054658
15919,0.7447211377556796,-0.06387232998255936
15920,-0.015896498700301923,0.056276273718963474
15921,-0.07734927712937709,-0.16949510009947794
15922,-0.03666166920628152,-0.1348954027062889
15923,0.12036787864195753,-0.259672679119226
15924,0.17245687898232756,0.09982194867654778
15925,0.23433990045555825,0.6632546977039021
15926,0.19504390913514366,0.31624154155640805
15927,-0.26686747242645176,-0.0916921811682764
15928,-0.34047072820759805,-0.2087111653984086
15929,0.47034525418123196,-0.3527180581765636
15930,-0.2604210762068631,-0.04984038799226495
15931,-0.14005042339852816,0.6137319065134428
15932,0.19569939776563336,-0.2619212114877474
15933,-0.11363514037521436,-0.32355558993433625
15934,-0.0647496180833859,-0.09004997219851843
15935,0.7824363402195065,0.5911864347823869
15936,-0.28754751708981274,-0.3832863885806341
15937,-0.17139865604494336,-0.3623412511916223
15938,0.22515636166260047,0.19284495170310967
15939,-0.02710197542741987,0.03999530925783973
15940,0.137928486635476,-0.26253903343999
15941,0.2321569125383438,-0.5251997956573972
15942,-0.2505776004745735,-0.45902263491192813
15943,0.270553051472427,-0.28387510685645534
15944,0.4819800964735532,-0.23756194378796353
15945,0.5108895545143055,-0.05065559492077526
15946,0.15958611412013618,0.06597526543715344
15947,0.13398767642646564,1.2795844797012965
15948,0.3338142850285778,0.11213124947438267
15949,0.3574839988984179,0.23357689309048868
15950,1.1649528246998604,0.6705966214340603
15951,-0.024271881209013045,0.4841538504025339
15952,-0.004082832714371926,0.22009460322464158
15953,-0.1238275435343108,0.01630506239120421
15954,-0.11409541622620228,0.1287042400137617
15955,-0.9688025267804322,0.20928446069929163
15956,0.5847086704728646,-0.05322181237700722
15957,0.5462072467986212,0.10607927799133594
15958,0.20019654551200552,0.018254807345662885
15959,-0.503738955638769,0.40661361447625577
15960,-0.3362695076778474,-0.2918002617344498
15961,0.8286684270445117,-0.15238433602708848
15962,0.05413098181398935,-0.16265066123240327
15963,0.016323482834487216,0.0021560315074102905
15964,0.48618784324604886,0.05033272855938138
15965,-0.4964244088652903,-0.15882589908808667
15966,-1.690310630536428,3.7640600143406835
15967,-0.4275934370918868,0.8706012946663374
15968,1.2178949436679714,1.077556503131698
15969,-0.42666079769468124,0.46339619731456516
15970,-0.3850980311514537,-0.07789857754443605
15971,0.9605106015336923,-0.034281797430665235
15972,-0.4695516796864666,0.27261532596503507
15973,-0.732758236460856,1.2191829579557412
15974,-0.15088641611074022,0.18921866980453292
15975,-0.5907009928506284,1.5355202483091412
15976,-0.304443008479109,0.9124050931369408
15977,-0.8853722250134081,1.724619262840377
15978,-0.946560476882486,1.0514510106756634
15979,-1.8526073282646085,1.5998036777829112
15980,1.3057109048829971,-0.000711674490968206
15981,0.8621007167612288,0.10249446824086134
15982,0.07730115348090988,-0.38616033133916594
15983,-0.2544620140141985,-0.19973044946597365
15984,0.4116735388862087,-0.3825769097620851
15985,-0.19492026705846136,-0.5135236188644965
15986,0.14928464547006146,-0.49128494381865245
15987,-0.13242465373352838,-0.4898441211513524
15988,-0.10238828732231095,-0.5290842943586472
15989,0.24467432578883117,-0.44865527689991946
15990,0.15130168790126108,-0.4728984471041386
15991,0.8393156323287448,-0.22538249032680574
15992,-0.3184867955734114,-0.40291737087710394
15993,-0.19723509136446876,-0.49877731579974866
15994,0.2990839339226177,-0.47627254140318703
15995,0.39303910864436686,-0.043665005825021315
15996,0.34738352018339247,-0.5526602796435613
