id,Y1,Y2
1,0.4835115768666145,-0.23697899715370044
2,-0.2513841663597586,-0.5477523208866473
3,-0.21987620325851429,-0.17319712581481003
4,-0.4499887777075623,0.08304747088669796
5,-1.0943565458263391,0.44608089089264086
6,0.37407801091881593,0.5054538493575402
7,1.2675477706600597,0.7263686230416943
8,-0.24324198749977177,-0.22428171293934673
9,-0.8386750892916551,-0.031064369526825265
10,-1.2681192222591984,-0.1443877949867513
11,-1.4170509246537044,1.4816457662087683
12,0.04567348863621357,0.06979208625755381
13,-0.72748354000377,0.5810571344581648
14,-0.2527469379615468,-0.3369885287911811
15,-0.16104299554575788,-0.1780220610860947
16,1.6038182144280344,-0.04978982671536145
17,1.0124000169365965,0.06280039497131902
18,1.2561742355105094,0.438213795603417
19,-0.5321913572192859,-0.14835444828410196
20,-0.9487587284799174,0.0520422067749918
21,0.8099503755871598,0.15381537098831458
22,0.9091958946744483,0.2735328476215119
23,-1.0016527659996626,-0.12787518816846247
24,0.831674753092564,-0.3517579837948117
25,1.5616997749306247,1.0861771992467935
26,1.3469523706324131,2.6926475792091917
27,-0.794331295419431,0.583149011774992
28,-0.5029491006286082,-0.20276267231354306
29,-3.1883530177122843,2.3238027316232905
30,2.5878529185200576,2.5476569694746756
31,3.5224726229375753,2.1682621583568693
32,-1.8590367955673255,1.4316630534111876
33,1.6599615277304938,1.7696881372290552
34,1.2873210992075421,1.3753348026800623
35,-0.3633985931024841,0.9534685732333487
36,0.9706743959945465,1.4476346438021275
37,-0.6264535512705042,0.4393927701233532
38,-0.41732859989473775,0.017770031404585714
39,-0.5205774634670595,0.1916269777848127
40,1.4424978843038057,-0.31221706906334207
41,-0.9395693630644038,-0.07130923759668059
42,-0.504104140416371,0.020221904612749222
43,1.071488236256629,-0.39813231531662596
44,-0.5835023804301266,-0.08202601004144597
45,-2.7562430068817947,1.1893686846080056
46,-0.0249844921225583,0.4745765239144278
47,1.7700107318220848,0.32783433063435596
48,0.8976593074243566,-0.21606019812540733
49,0.47546578366508596,-0.07132494824738206
50,-0.472625988914458,-0.36595183165341433
51,0.3813220644444218,-0.21306008282049724
52,-1.6023330187512987,-0.11986910511085956
53,-0.3816959094241776,-0.3987440168697025
54,-1.5057436692345056,0.169723286093269
55,0.887259484509185,-0.2677199708042585
56,0.631938501348575,-0.3782934876201734
57,-0.1887900017988221,-0.5546267238098195
58,-1.5075132868118133,-0.06673687214626346
59,0.9855890711045919,-0.35985055896455137
60,-0.18780098417286567,-0.4579043393785152
61,0.23840285756338508,-0.5501495778029931
62,-0.40324422807421534,-0.4848255428708972
63,-0.8689846408777244,-0.3148192965678102
64,-0.3099153252176534,-0.3248813218551226
65,0.06676555197083817,-0.47323518130275505
66,0.4930288190431236,-0.47335286712205915
67,0.6928242552701267,-0.05329193068058989
68,-0.9364097290674032,-0.06461152894250953
69,0.4680088888715423,-0.40855237596392213
70,0.06644691177430326,-0.4600254126515343
71,0.07801754941593927,0.027982265747772638
72,0.8441021662032338,-0.2645659878221084
73,0.2074496360974115,-0.3188139755888432
74,-0.28616043500471494,0.4470302394456508
75,-0.6989597234133411,-0.38880525606373856
76,0.6517758159946534,-0.22014127869020303
77,-0.7672339037920468,-0.19123522292033482
78,0.5175989520633568,-0.5159632438244385
79,0.9424924639105041,-0.36667079579867434
80,0.2206009817849368,-0.20822923794723516
81,0.38087501272759433,-0.44193101727630196
82,0.8903736013773644,-0.13924714396931648
83,0.4509282634074415,-0.41639124676883005
84,-0.560993201662127,0.07330282959402795
85,-0.3021852353269082,-0.2938474693353379
86,-0.032222350734353054,-0.4629038034443765
87,-0.2450356704026011,-0.5457831024795176
88,0.3952656055255707,-0.6061587975978395
89,0.5686928964761429,-0.36538005379840544
90,-0.14446768994603337,-0.29640536501010945
91,0.6101005662201191,-0.32219299316825084
92,0.6659399249719868,0.1519006263230129
93,-0.789042956087376,-0.45108710934066365
94,-0.8555414110281229,-0.3567298110414237
95,0.15646925731455905,-0.49596249222126915
96,0.6807803058201164,-0.39711965596255305
97,1.1367319119774248,-0.23423966345886058
98,0.2558620058596018,-0.4603561083284064
99,0.012664255007881688,-0.23850672626607172
100,-0.3018906825480483,-0.30393747325653553
101,0.4008911683204909,-0.43381901862630146
102,-0.49705068398233543,-0.2679526007081119
103,1.4708175376692272,0.418565871942316
104,1.8418317876412549,1.369746131297896
105,0.08179376909257,1.4780142511268255
106,0.9721097465537523,1.2136795592693332
107,-0.05663494086405293,0.7966665847497972
108,0.3212573113055232,0.36014087594452765
109,0.5247999574138758,-0.1896418544603255
110,0.028616890795925734,-0.48796191045952664
111,-0.7243320713740109,0.1327694636608754
112,0.30533067503965694,-0.32336344237958387
113,-1.2686457616439744,0.5304485600827714
114,-0.6547319540866772,-0.20994513603548123
115,-0.6265911063108041,1.0905344358170097
116,-0.1839971701983008,0.005522297723095829
117,-0.6940658312319308,0.49163257249275255
118,0.06726758713195938,-0.21180581463028364
119,1.4069443407813709,0.04327153508364625
120,-0.4498731231182551,0.0418774237186761
121,-1.3233445480172814,0.45626679421554656
122,0.11697227231262525,0.23660524937972754
123,0.7734584798870394,-0.11283594010040544
124,-0.020047820211737892,-0.19840177061941605
125,0.16035314046137067,0.5351024380525519
126,-0.29882503519611026,1.2369552543190303
127,-3.717093157541299,4.3351616472196834
128,0.7617394858522407,2.2728318773110683
129,2.2039358727415737,2.0609740837443233
130,2.148981304758815,2.5757060532569436
131,2.9474266421291277,2.4622476800952016
132,-0.6138210049769588,3.8990311447502592
133,1.668811002840959,2.0512462113359136
134,-0.11414241612795356,1.2065319248086732
135,-0.9653967508723516,1.2131723505916394
136,-1.0317378367084795,0.5821233092931899
137,-0.12666284656198587,0.2690596617375969
138,0.4200734394221663,0.19780632213681693
139,-0.2935277361110308,0.21260922386299777
140,-0.2062876514029227,0.15341865645214597
141,-0.169050321548731,-0.4812763852557737
142,-0.06879466399932446,-0.19918982877182448
143,-1.2939409602452705,0.2958261334367425
144,0.020156610941789645,-0.22065210123409387
145,0.7813963211869064,-0.32413062884682536
146,-0.20280355286192117,-0.028680204379546867
147,-0.0542095080405341,-0.4502589445187981
148,-0.9850843084012568,-0.30862467272737815
149,0.3478001220584247,-0.2440496796791057
150,0.1377812391377329,-0.36869545291989303
151,-0.057358588624304575,-0.391458209317764
152,-0.6028156905029511,-0.3035357330678255
153,0.3824765124819314,-0.571288079734546
154,1.1458115379016371,-0.21707048221978179
155,0.5038062463384583,-0.5259437142123666
156,-0.3903326791684101,-0.5829515831627297
157,0.42982010331308085,-0.4655785028985185
158,-0.6119029213701375,-0.5006315335082068
159,0.6723422075026996,-0.3399232867559207
160,-0.1646188235026226,-0.36903742461664707
161,0.09892766979902431,-0.34191011659172915
162,-0.5859171393942432,-0.36947908566937904
163,-0.5980844232742077,-0.2414019358382706
164,1.3785153951855913,-0.324856074736617
165,-0.18663944782563327,-0.20641074529364778
166,-0.5179355871679721,-0.4740662150773618
167,-0.6334483813825569,-0.3595388171291214
168,-0.3700640649986208,-0.3453661757473286
169,-0.1393779379260313,-0.28828555101241576
170,-0.4516669293488491,-0.438507593679639
171,-0.6839333614542327,-0.013283138257007143
172,0.05139826870511134,-0.3757744480441427
173,1.0986684339203556,-0.3028513736908058
174,-0.39284334788036274,-0.19596288122274982
175,-2.3280923315219866,1.0707058358814483
176,0.36193087883491615,0.29509608928800235
177,-0.4831894073825076,-0.21509611621985303
178,-0.020833931485522032,-0.16633396182303492
179,1.0340770764013472,-0.328588311047777
180,-0.2900144152070757,-0.49449317502841034
181,-0.453188865422201,-0.20095701410562655
182,-0.3649132050374507,-0.46603511186670044
183,0.6728749129196792,-0.3804822042654647
184,-0.14069681409388807,-0.49908612603723584
185,-0.8776958433523785,-0.20779169834502706
186,0.684586212638131,-0.27499718511152893
187,-1.400835488997784,-0.1624893174114797
188,-0.9291835727333584,-0.10168667617568657
189,0.02591715257691358,-0.07452768044948303
190,-0.7603040374279475,-0.1168580084757785
191,0.035999919138765664,-0.19275980791067154
192,0.683340886250301,-0.03526106949387058
193,0.7338584378740669,-0.2273916919001278
194,-1.2821923004913782,-0.2848151452147245
195,0.09020745992507523,-0.45155602682320983
196,0.3625334313327778,-0.15876993736371336
197,0.7531410551966451,0.6908206261481676
198,0.753523978030936,0.14634693871793863
199,-0.16201242258537502,-0.20575114846239037
200,1.4409934769147592,0.1092341336517581
201,0.2583836436631563,-0.21320138409917988
202,-0.30039162638264294,-0.3470186726777729
203,2.885685222954274,0.6414843939117132
204,-1.156947426709913,0.04616119099022025
205,-0.4972139458773249,-0.22907228274967495
206,0.17008285380633242,-0.3397595868930749
207,0.26287585411516967,-0.12816248979222963
208,-0.07057871447142594,-0.3084067389387059
209,-0.5404759751308101,-0.49592778842389407
210,-0.6397672720160006,-0.46525879322414315
211,0.22293180178650684,-0.5118350405657891
212,-0.173285248043832,-0.4420579498260432
213,-0.38223737649429496,-0.4944239033604199
214,-0.7656980074440877,-0.4195279797358494
215,0.5285385124752224,0.15562692907723116
216,-0.9976618114273805,-0.014677901241508787
217,1.8056858131073938,0.39156150470875745
218,0.7701735158348079,-0.377540035645217
219,-1.2384180258351598,-0.07294716167025461
220,-0.9205663971169639,-0.25313839122574483
221,3.349831381800958,1.214713480623515
222,-0.8107215853585324,2.4119820772659617
223,0.44006854918935534,1.4312797096781273
224,1.4035636994027931,0.33470878642743457
225,-0.5737071621426231,-0.2598098998487516
226,1.0557686012271046,0.08534004988373804
227,1.602760591241657,2.6531712295743994
228,1.0285062184458424,1.0750571441082974
229,3.2482001972478876,8.120672599375427
230,-2.2231321966618323,9.246063873010723
231,0.624102148655618,2.116712935988197
232,0.09803518583724224,0.3675953949662506
233,-0.3328419635168563,0.5928733821445438
234,-0.06821848927534796,0.2017356841517327
235,0.6226245047237728,1.7808866233475953
236,-2.348034045223324,1.158877749779203
237,-0.8437136213327492,0.99412126206095
238,0.1961840460834905,-0.029579050273193894
239,-0.22964569768000462,-0.19226748518969122
240,-0.7066117260587853,-0.42388727280528377
241,1.5130016195092093,-0.02452280789662894
242,-1.0917785011044407,-0.322323098517165
243,0.1177819304045297,-0.2669111904507363
244,0.1312151315932226,-0.3852283139060406
245,0.23517695685994247,-0.3205052089997425
246,1.7462763829605543,0.21702603749021596
247,3.48686987934774,5.146502475909862
248,-7.709210866212936,11.590328876715988
249,-2.5300368438187446,4.541963305522482
250,1.7232443770452304,1.6300395482930101
251,-4.7523020690039806,2.899041629924937
252,-0.16827106167928127,1.1698711943110158
253,0.787073204319652,0.015772054534582334
254,0.6049219683920822,-0.03264000470312592
255,-5.6330483504058195,3.3899611988432095
256,-1.6240283358521752,2.1003351788695483
257,-4.562543072358802,4.407978840248881
258,0.7435778383136227,2.306376556533582
259,0.27533172799714983,2.477063063588129
260,0.7755158850798415,0.9225332590493035
261,-0.14120027566147206,1.3636987484299996
262,-1.2197117509469502,0.46965778132234404
263,1.4080272488636807,2.327594118251334
264,0.8208013783115591,2.2255333220386846
265,1.441131882266128,1.1917109606672514
266,0.3307784555998138,-0.10147670101284734
267,0.6025745149088938,0.34748470489900085
268,0.3766619989481021,0.2864016911306865
269,0.656509587290728,0.4209207057962123
270,0.379369070608814,0.8937796980664974
271,-0.12290377455542265,0.38663554596190264
272,-0.7488033677186566,0.7322223699196501
273,0.8976333197087529,0.8692201143359235
274,0.5838766078955271,0.08343663060403851
275,-1.5546030994248798,-0.12671693108674775
276,0.4598178828110018,0.011084497773900224
277,-1.1611067238634358,-0.04921794595559856
278,0.704500370831354,0.02376107353279272
279,-0.07759434388180991,-0.37295185410087817
280,-0.4602363514017067,-0.31158554137139605
281,1.946520679302174,0.47331541110762926
282,-0.5524511071886617,-0.4832945967748705
283,0.4397323257068561,-0.06445942059729151
284,-0.4317247514140192,-0.4744082179578472
285,0.04602581636665483,-0.35086651771940586
286,-0.9454275624921825,-0.33391611605313687
287,-0.007303185680180034,-0.34311460974442404
288,-0.37922149574407055,-0.36701572262716775
289,-0.7901158572231783,0.3417783128883468
290,-0.875433171773008,0.30282601477405374
291,0.0013110500722190305,0.3387490854279652
292,1.1268956032562347,0.9076349343737996
293,-1.0926034926265331,0.046640642719750616
294,0.7414574966026823,-0.3499903290452649
295,0.7143022312824622,0.19061285140824363
296,-0.6103024156659655,-0.05012436397240437
297,0.35131327320193884,0.13308581155602642
298,0.018649449653378745,-0.1133337743957435
299,-0.3713101209473424,-0.12764700021043182
300,-0.03420203219012504,-0.4611864679955674
301,0.6903293285915945,-0.2375143106763304
302,-1.4491778990065143,0.10207919345935572
303,0.2455084830239571,-0.13043345308428866
304,-1.6636994988558462,0.40760560394630196
305,-0.024828241932249605,1.8188663714703472
306,-1.0715197431651637,0.477091352632842
307,0.8697696432258895,0.4889187470298832
308,-1.1959740793681044,-0.17917746736019527
309,0.42104505551456145,-0.38083401030251995
310,-0.5289098681229804,-0.34328594193311485
311,-0.12391950630471657,0.4465184331479055
312,-2.141995472187049,1.1164713485026387
313,-2.211108839576401,2.792197766456668
314,-1.8677777044941775,4.371135507119416
315,0.08573607782733067,1.8829304603079138
316,0.7398304757200926,1.1190122894755403
317,1.7544026071087264,3.0981393138336313
318,0.29505570568340467,1.0765138097541211
319,-3.393767784172727,2.4068462239123245
320,2.1887785126482866,1.4972721329927763
321,-2.3693669477297448,1.3340666211920287
322,-1.6068495503060696,2.878707412801414
323,1.3469519364321838,1.8771795977209933
324,0.7833747319825076,0.3870475592685921
325,1.540188389169517,0.5117096484936241
326,0.03180772380144934,0.5492111666373212
327,0.6124576236021952,0.7518197267077306
328,0.6788329514737005,0.14243046500855863
329,-1.222548696210939,0.04733395243912856
330,-0.8697785477376585,0.028370031118974598
331,0.4477436021259826,-0.3920821287872389
332,-0.19320712223586528,-0.35642188340281517
333,1.5733523428629965,0.0038052406080719362
334,-1.1234209830079174,-0.1586194447740535
335,-0.7838691689217615,-0.15595099791610997
336,0.5053733282183421,-0.2605616772444919
337,2.264056803146658,0.14493522519388544
338,-0.22803659614091656,-0.3755598587272456
339,0.7090958572013222,-0.030927937863088614
340,-1.3496695436362427,0.15286411344216064
341,1.2154496270013615,-0.23139011392297398
342,-0.9066927751295981,-0.13651058461636356
343,0.29404571111938127,-0.2557297390614188
344,-1.1000893176522413,-0.18574155729713104
345,1.157057912433084,-0.280331265576463
346,1.20441319251754,0.09687433436160278
347,0.326264123042387,-0.25581732641757154
348,0.24992473869141807,-0.5074152015376054
349,0.1370351953646517,-0.34268695457852105
350,1.1536874554046164,-0.3100640009705836
351,-0.15254288199403082,-0.25602442193785085
352,-0.0788340113272796,-0.33084943006978484
353,0.028456121050305018,-0.40536053987919446
354,0.11841283625138171,-0.5394809998615988
355,-0.9803789468749344,-0.36102103033753297
356,0.8499598130696218,-0.5167308033680842
357,0.3684094465901789,-0.3113702414778739
358,1.2951167442374125,0.13062933162216248
359,-0.6858556765532625,-0.03704548268787306
360,1.1935919382992082,0.10244969267479752
361,-0.3366341615597406,-0.25912034647125676
362,-1.4572732454276947,-0.3109913999018037
363,0.720935724211656,-0.3419077898091046
364,-0.42713993003838496,-0.32875231418647455
365,-0.741161763495565,-0.3301732674884939
366,-1.472169621580919,0.12199896975233915
367,2.222632955688548,0.08462568934495326
368,-0.6069287895619385,-0.32145138295242864
369,0.19036094645958723,-0.5452013233135091
370,-0.184682963871671,-0.5505210445069106
371,-0.309214939499345,-0.5385811828218351
372,0.4563625622043832,-0.5347147525379166
373,-0.6044378187700307,-0.228112659348316
374,0.392478204614487,-0.4149997504864985
375,-0.6163212921376922,-0.4443839972034364
376,0.5058152596440654,-0.49247103159443884
377,-0.43557588210449427,-0.3265672392179188
378,-0.19905482070769254,-0.42893311852226557
379,0.5823938433501824,-0.25964922239090166
380,1.2154555665115745,-0.34705777720851927
381,0.8207297995595948,-0.17864731051670782
382,0.09292335430009382,-0.27297285125265647
383,0.20923917098126474,0.1961645908578002
384,0.013952370804347226,-0.4384737557550084
385,-0.8723118132044112,-0.4310063329755474
386,-0.3655026876426781,-0.5226680590563363
387,2.376362137845721,0.16157073640612285
388,0.37394939373609526,0.5157474430226346
389,0.5043020764025926,-0.14530820571267966
390,1.0831506614470052,0.5945051835266316
391,0.9499134122698005,0.4535879074308728
392,0.2584328667938067,0.16295634408024914
393,0.5620183228849788,-0.23851263157499267
394,-0.46980477546169486,0.12315154553901576
395,-0.0037156809178254327,-0.003798038349850665
396,-0.31797321618778585,-0.2822909509273387
397,0.7060153028605662,0.3600076786380821
398,0.11316032510800864,-0.4084600758480699
399,-3.5019723920417016,1.1557799021807078
400,-3.3478612500471705,2.2511671341668458
401,-0.8031617248402744,0.7290136849072854
402,-1.2463654365066479,1.9998598490472113
403,-1.55225309293312,1.3364001217199752
404,-2.2912243044374403,1.5547517091439325
405,0.5814311745278993,1.2355793610895829
406,3.306519242396351,0.6312759750395447
407,-0.8334714614596904,0.3270886498858579
408,0.090110521548324,0.4008755460124897
409,1.6301412704168665,4.9205244083605875
410,0.7004082923458274,0.24873191938654413
411,0.14664685719736192,0.884339726656081
412,-1.5987845940276761,0.49770773926876555
413,-1.13493282019494,0.9021446709526775
414,4.785876404836235,2.692718311484892
415,-1.2941332012709172,1.9960680160862845
416,-0.6631789467862266,1.4594832838698824
417,-1.3787170082052085,1.3900253974609018
418,1.549978025115371,1.911197851751034
419,4.322039056053852,3.8787111335307496
420,-1.175064832334972,3.100791863283131
421,-2.110846127949484,2.681490140292833
422,-0.09217958101687898,0.6612579098952113
423,2.0378597043436204,2.0399820979862513
424,-2.0397226231570715,0.6273308869509426
425,0.41463825189375986,0.5273967622863863
426,1.5628537820750774,0.3553959146830945
427,-1.3648591265581849,0.3589115370585866
428,1.525712607585974,-0.07093296155267605
429,2.464552398100684,1.1176613777413804
430,1.502506037578319,1.255044399964362
431,-1.845564289858205,0.3055827732928899
432,-0.15584299119121364,-0.2191834074537553
433,-0.35705134385390336,-0.21771049118104313
434,-0.0019749980325142677,-0.2910205319533198
435,1.3299350568090622,0.00019941711750165624
436,-0.40527879164009306,-0.3199649082627108
437,0.1099739144049415,-0.34256268531477
438,-0.790426985134426,-0.2497159512324685
439,-0.4421635246555253,-0.3017380313034081
440,-0.24412121936689496,-0.4712963147095651
441,1.2720742941795233,-0.16185272961935435
442,0.3538039620327301,-0.5143901588724982
443,0.4050865709214633,-0.5086208661562972
444,-0.32027341862533787,-0.35853237365333884
445,1.013742110815296,-0.44148880430168946
446,-0.8521258125900555,-0.3901220511278426
447,-0.010192028415348518,-0.38858310106478705
448,0.1343591398223284,-0.5556455084157002
449,-0.36773449864642876,-0.5375628486836301
450,-0.17538832979781838,-0.6148225940873975
451,-1.0459285567385808,-0.36517811478213047
452,-0.4203982770372966,-0.2584359882489735
453,0.2993776169707862,-0.447194477490604
454,0.4583937115421472,-0.597931233671871
455,-0.671007184068919,-0.4456663627648352
456,-0.007770009934137137,-0.4912119629248488
457,-0.9686808145975885,-0.25290848214618056
458,1.3840462830619993,-0.392626125784676
459,0.5881926152770043,-0.3149135434198613
460,0.815090822582915,-0.4836006829954453
461,-0.47453336720017497,-0.510584385279009
462,-0.45966800029393606,-0.39213961797205504
463,-0.4283545523164197,-0.47528712326106626
464,-0.4775487954187342,-0.49020033570728
465,1.0825023576644028,-0.456676672800796
466,-0.5578163413904312,-0.519830923374077
467,-0.5864770123170787,-0.5256863686689095
468,-0.4150307618033766,-0.5100380453386552
469,0.04845255958052109,-0.4757964655987804
470,-0.34299424599399697,-0.5415995434416742
471,0.7148049156794017,-0.4141414643049385
472,0.16172321388070876,-0.5727087388992951
473,-0.5832387901136066,-0.40315120134038407
474,-0.3728897893517626,-0.5337334282073753
475,0.30988862137667367,-0.5803869874480513
476,0.5527360185040804,-0.5399288480830065
477,-0.5988449905129274,-0.42001738397865257
478,-0.26835208239585756,-0.6044296101954083
479,0.08183504412578171,-0.6397854454349154
480,-0.19046486548589026,-0.5996394353864593
481,-1.0740492202740293,-0.22390720853246027
482,0.4353193836346472,-0.47409721247782116
483,-0.32900798413981835,-0.3557481728881514
484,0.7606004456326441,-0.46334646625814785
485,-0.1326692547626803,-0.5362905913727295
486,0.23611034095383732,-0.4787941752925806
487,-0.09878465414802318,-0.5763368693696214
488,-0.395839242944094,-0.5740894585168679
489,0.6150562984732936,-0.43286324693392464
490,-0.1194256251367837,-0.5608831969529193
491,1.0243321269053944,-0.30010895401547305
492,-0.11427754815157959,-0.488978356963435
493,0.20318686303605543,-0.5334190090236054
494,0.3019975302572492,-0.5276668812419751
495,0.1718186498865617,-0.3663984748724187
496,-0.3724189770654587,-0.4745266198609957
497,-0.6174807126732177,-0.48476259895443713
498,0.11571239259138538,-0.6184040283956848
499,-0.6073351872961588,-0.3647237525097022
500,0.4878619667985892,-0.3906203929275663
501,-0.4603981748320872,-0.5005138381434293
502,-0.02339387404581116,-0.5472972044713099
503,0.03328362837596025,-0.4072152842902697
504,-0.2738330258501597,-0.49256302603390195
505,-1.2272007637292819,0.13632643340350886
506,0.3636860863984252,-0.07798369053157803
507,-0.9531013899475483,-0.37014206707360786
508,-1.2021966791685148,0.7254623818245771
509,-0.8180243191841354,-0.12638266477878668
510,0.18658124147229566,-0.014597383819722863
511,0.26280223096184324,0.17625455006684154
512,0.4296239324970039,-0.2595163110327129
513,0.14867857319296687,-0.20164339710158882
514,-0.19145720779254313,-0.5171456204854655
515,-0.9509669915626343,-0.36569563920522236
516,-0.22642350724624954,-0.45371982715356857
517,-1.2088762141316267,-0.05072876979049211
518,1.0372266901728047,-0.22438305577479117
519,0.5271372208911966,-0.5140380552379379
520,-0.12238919158451952,-0.4864763193477959
521,0.5767285615793017,-0.5231100753616371
522,-0.2553368398127217,-0.5681269202063913
523,0.013685150080069847,-0.5826139064881818
524,0.7855071357085142,-0.5445661517299173
525,0.14361326934132487,-0.5656388471547191
526,-0.40384659896579767,-0.4942186865178132
527,0.9843773745557227,-0.48807884077745584
528,-0.40656099316084904,-0.3997379818363771
529,0.1622896530954897,-0.5518832380109504
530,0.24224263626754294,-0.626235233780155
531,-0.009369805360348926,-0.4668012825930681
532,-0.27019382277819826,-0.5024456697041498
533,-0.5213117477724836,-0.5411084079364217
534,-0.41185085177984143,-0.5119420365654214
535,0.551008077513275,-0.4943790020393024
536,0.3937972304143522,-0.5735369372059859
537,-0.019961096163525906,-0.49552138989027034
538,0.0806973156759514,-0.5661389752374948
539,0.27013628895382064,-0.5056841685337835
540,0.3589444445177757,-0.5065151645537534
541,-0.767519885746931,-0.4366232310942912
542,-0.5521573596825805,-0.4864651286805949
543,0.6034672172463482,-0.47560051250509855
544,-0.2017158990634988,-0.5378349539475197
545,0.4258921289999986,-0.553455978040473
546,0.46570505026007947,-0.5701359588360694
547,0.1633280806438745,-0.5110225565521004
548,-0.14580557789022347,-0.4074529063781584
549,0.5390814925175882,-0.5429075816326022
550,0.8723358968361437,-0.3823137058168444
551,-0.4620338538097125,-0.38723394494857255
552,0.4889821647423531,-0.5177293154105101
553,0.06978982646377682,-0.5343897031570157
554,-0.194014588235509,-0.5484295211265728
555,-0.036909171672531466,-0.6070984374921172
556,0.5159355560755767,-0.4164795558918152
557,-0.8454461102087716,-0.36896162694871626
558,-0.261482532543672,-0.5084148859214491
559,-0.30778951399072674,-0.5748319143546801
560,-0.105009215827433,-0.5373579744891035
561,-0.11105748676666855,-0.6300471827286414
562,-0.4003630685091968,-0.4669752381020454
563,0.1740325441063234,-0.48162977217789893
564,-0.3857166324073529,-0.5084907782305195
565,0.020352351307690204,-0.5005010492170962
566,0.4538876272994421,-0.484934038431045
567,-0.3394650567256795,-0.46947607527576407
568,0.349378298138453,-0.3260529446186783
569,0.1331284700400067,-0.6202542639204565
570,0.31217386186656504,-0.5475398573587567
571,-0.1856370778915644,-0.4709284546428437
572,0.3774025961504622,-0.5447929640404608
573,-0.43929013510631426,-0.3510591512707099
574,0.4436192750884543,-0.5364890216018835
575,-0.32194910155083356,-0.4711929645676799
576,0.0405353579046113,-0.5448264975360015
577,-0.8826328025487694,-0.2542589841886902
578,-0.6227441994694982,-0.3998923164407583
579,0.20145090713489375,-0.41551553911540706
580,-0.5524444682827792,-0.342816866766375
581,-0.09602873106999538,-0.4480337804647984
582,-0.2563166738534059,-0.4230643223883075
583,-0.8365333922979425,-0.35202432322163907
584,-0.38008190818712767,-0.3287846728937946
585,1.0243555826132922,-0.08899431413613873
586,0.36110874128739584,-0.5665869881542286
587,-0.46450382340232793,-0.41834083322473825
588,0.8259340447976511,-0.4657732753875401
589,-0.15155013073152357,-0.5738786634216633
590,-0.17213798413226455,-0.6332784969226329
591,-0.5912839372926899,-0.5440704697608061
592,-0.41041593622989425,-0.45580619230950303
593,-0.11052965568056794,-0.5588247505173217
594,0.5141161206594151,-0.4464711738669378
595,-0.7884638244772755,-0.4446779674104609
596,0.31511973685817196,-0.407870400680411
597,0.10557065411811728,-0.2850562496814763
598,0.38132518824894956,-0.457973971318404
599,-0.16805749213492632,-0.4410574177513056
600,-0.055818424615957686,-0.5575413355860276
601,-0.8712756128043415,-0.2424817301217783
602,-0.636252446672738,-0.4351966106146928
603,0.1500847435696338,-0.2603369456130193
604,-1.548641372827401,0.39270547755851903
605,-0.7668380715787484,0.5225111720287867
606,-1.1249733035319331,1.5425329879898502
607,2.1501333273984606,0.5613392515428577
608,-1.5141678311117344,0.11261961315611503
609,1.1443543430674015,-0.13312666856752955
610,0.8281901811556329,-0.4079521042289826
611,-0.7970900864355777,0.09979563387248189
612,-0.7855729853143066,-0.08500518110950385
613,1.047936639063265,-0.39347374738001656
614,-0.4462057759493474,-0.475829234605115
615,-0.7291470464544193,-0.2450956451772106
616,-0.03455247962688463,-0.22950961413414628
617,-1.3651992879866381,-0.16278597752153703
618,-0.9114187932159077,0.4950478829101576
619,-1.3173508840309027,0.7479683399512824
620,-0.7358658053414919,0.8819123745080152
621,-2.7132655734081563,3.399859552409039
622,-1.4884290078889169,3.205841865328558
623,-2.0729427636784514,3.4968727692966017
624,-3.972184183413924,6.327107632893621
625,-1.9287592532217337,3.6238841610019494
626,-0.46155474498047266,4.64445656200196
627,0.8206584506646432,2.877758822601924
628,0.3925853405166984,2.6638763389385844
629,0.016532292234047626,1.465137150832579
630,0.7516378948081819,1.3765209580176352
631,-0.8220805404046341,0.7997621980729321
632,-0.4902777339106773,0.4666597742963098
633,-0.9682984352121772,6.106956871149612
634,-2.6322621083056252,1.8587597442811479
635,2.532206599546293,1.8718668710315007
636,-0.3700891365033553,1.4929458882693138
637,-0.31489255490360585,0.6844464589444083
638,-0.941981809634199,-0.07737727467388673
639,0.5608148383176438,5.159397733583149
640,0.1104664740573375,1.3246999901029592
641,-3.9070860935470786,1.335410915315667
642,-0.7443198594313227,2.636680231973046
643,-1.510980467152384,3.9654200627343443
644,-2.2719747922976627,4.249027953778694
645,5.130351792067628,3.361106148781329
646,0.25120950688837745,1.4651477779179949
647,-4.18864105807527,2.4209949747400317
648,3.7111925945272453,2.1707165721608503
649,-2.071546672641614,1.185803002502466
650,1.3790318426939479,1.3367764594873408
651,2.980748378232585,2.314412882578567
652,1.388601418156592,3.6569605417038242
653,-2.003223379940751,1.308838416675733
654,2.016966240881518,0.9463780315548737
655,-0.7777894397228511,0.4390450198224076
656,-2.2526018163204373,1.4080876928388155
657,-0.9210796234585239,0.3756156616318624
658,-0.2339702649187175,0.23940858371465004
659,-2.161867037050791,0.8334662836138997
660,0.7422936048971218,1.8432878255930454
661,-7.194085082575685,6.197403065079342
662,2.3326747951082405,3.298956061628776
663,-0.9847596059688033,2.2697140137196286
664,0.8067386301935715,1.831381567278644
665,-3.3618644238659043,1.7210240276954176
666,1.0631110807948383,2.5795428708094623
667,0.3701612643400943,2.3027649599484845
668,0.1587036623396264,1.3008088790056176
669,-1.8160628357898938,1.9486972421654736
670,-0.5177383563745218,1.7060880626118549
671,-0.5619871807195309,1.1630526713976643
672,-6.897263946251246,7.683317059108015
673,-4.55891520554856,9.042192174601317
674,-2.853242632926187,12.827889588454262
675,2.7860253067407577,6.8381784493238875
676,-0.10365785593860763,4.424974518763228
677,1.1624243100769496,3.964886701234025
678,-1.8325844717010615,2.6001847720064655
679,1.8080554569547211,4.876398684314338
680,5.365588180920539,6.56472132174652
681,2.421089662527895,7.525229147863128
682,-2.1765810988236005,3.5553298289587434
683,-1.1173382944663448,1.8722344938541442
684,0.8627235107471396,2.1944218107832185
685,2.121394801393496,1.776756126356274
686,-2.2480867616576536,2.4575008366482707
687,3.9184991127209403,2.4274942829200326
688,1.1339964211605622,3.7069258070476234
689,0.3025505492871496,2.473892041840591
690,-2.3522095990284124,1.4263884929001818
691,0.8394697394876228,1.2409462213377187
692,-0.5269878208361072,0.7373590846819456
693,-2.7506193880377117,1.8539788667637302
694,0.5646505423760089,0.3414959518286342
695,0.3301524420102808,1.0368957750326402
696,4.341874334841786,4.794867397907962
697,-2.7554587645342847,4.043657750994287
698,2.5387987417152624,3.46023900643002
699,-0.7934019800483533,2.0805700442390194
700,-1.721287624178756,1.8655205471027045
701,-3.7990519672500436,4.860008643793416
702,12.85280146124852,11.476927428671798
703,6.106991099551366,11.161148120994042
704,-7.516402249802257,14.924039298741679
705,1.9394252686638769,11.32913718258425
706,1.9523575910254063,5.208241375135205
707,-5.164931736363705,6.311377267225652
708,-0.16126866066360235,5.243145054086994
709,4.610322782507235,3.3728839427290946
710,-2.2288916523878815,0.9139143763457092
711,-1.0236004832819545,0.7410438505585181
712,-0.19600591631597583,1.7923897562465605
713,-1.9053876533205765,1.4501158017457711
714,-2.527742309832236,1.4732817619817427
715,4.575835189370255,4.676927778826006
716,1.6644598996768183,0.8757112529044697
717,2.1116641199998756,1.0067420150941404
718,0.08601527826920788,1.881005985400309
719,-1.3746627876261464,0.3749010608568177
720,-0.9248789437212563,1.1258444792937248
721,1.384448451745768,0.08118524855034286
722,-2.1556776992017825,0.6023415665770467
723,-0.7130886093552182,0.9299465015908083
724,-0.2575029194709354,0.4942878954473007
725,-0.02281928005393346,0.46400532888944523
726,-0.25128992966593205,0.3598388333020287
727,0.8798099389470114,0.11694904736964895
728,2.3600525853707355,0.29722879288191
729,2.2351363484537643,0.6578825546143283
730,-1.052997805993625,-0.05762072372965914
731,0.35820377924693925,0.15306065454377915
732,-1.1062302162148179,-0.03623855867772609
733,0.07745132848862357,-0.43085502293880945
734,1.2474801120347139,-0.1901853989938928
735,1.729166888966884,0.3666235463571897
736,1.0656532945074275,-0.09404728871977612
737,0.1789753099543384,0.14878636659633743
738,-0.35826625282464963,-0.15502236710269313
739,-0.9992007392290431,-0.10540532830450795
740,-0.1397153489025631,-0.060322208629251126
741,-2.2161572039214037,0.2556605582227718
742,-0.3493829640740429,-0.012204237111129631
743,1.6673893729689537,0.537828885769509
744,-0.9405596717364955,-0.04332747240105338
745,-0.21003760926623946,-0.28613381472595917
746,-1.6619434930650918,0.30355595552582804
747,1.149059699508836,-0.053323301134279626
748,2.690841108194114,0.7600075118337468
749,3.3286177575039315,2.1495439804144447
750,0.659712699927795,0.4937730921995118
751,1.0041281823026025,1.05222002875924
752,-0.9536968188069063,0.30124254427625824
753,-0.9771761976796465,0.5333307021688523
754,-1.0330384383549023,0.033212805013643286
755,0.19090779168334657,-0.37346998234293194
756,0.7040129377795477,0.3876750283804644
757,-1.6475118672220594,-0.02856518281770795
758,0.2796029029298651,-0.2520922715899186
759,0.8857304427292629,-0.4243368046572292
760,1.0018300302077912,-0.3702434246153885
761,-0.1934111687548642,0.04386417804903016
762,0.2739230042624273,-0.19747257077448793
763,-2.2656517620260437,0.3302188228085991
764,-1.2572518045898566,0.2775667818838249
765,0.5500187822034592,-0.4696771391043532
766,0.673734012667164,-0.2033539871084184
767,-2.011307033177717,1.3493364731406852
768,-0.4065524234172218,-0.3271955815668956
769,0.3952788983778968,0.2792171245806492
770,-0.7902283159190012,-0.25688290025179356
771,0.08549668418667708,-0.04726673209956618
772,0.6605404400144568,-0.08313321352742101
773,-0.3130290393997963,0.15355383397255473
774,0.3483338694902214,0.1832583896443995
775,-2.123426907340377,0.40969377805576024
776,-0.5042792930148232,0.6851558544634361
777,1.4512796531440593,0.2861086309739974
778,-0.12629941714339224,-0.35054916639101974
779,0.012074976143547335,-0.058427395898290296
780,-1.1019847430597889,-0.09137946752125552
781,1.5924749629166475,0.1342502209582115
782,-1.211309505840524,0.1090130762207729
783,0.12203864204568152,-0.42095986239454736
784,0.4467060735192479,-0.5009055368237249
785,0.5033178162132108,-0.1784138302730676
786,-0.4324217435174559,-0.3851442843971392
787,0.8530670565822638,0.13994318184707938
788,1.4337563815957108,0.6174245079549571
789,1.4977061050690332,1.6402225273140023
790,2.031463821408461,1.5749051426488512
791,-0.29135777498358273,1.1447084254949376
792,-0.6615619690161327,1.2065478094921207
793,-1.2429523525699757,0.5554071730335491
794,0.7829500538435634,0.34967923676424056
795,0.9230172156882401,1.558824546997342
796,0.9760809188008047,0.6177677533589114
797,-1.8454474826263185,3.4405614823532664
798,0.43386440949311716,1.6982545224882974
799,0.5608568062407974,1.4508799424805001
800,-2.5102014202196594,1.3099759169388459
801,-1.9113522430706338,1.5391921571105125
802,-2.9198055090632735,2.6398570994409063
803,-0.4872821761437538,0.2891375569200927
804,-0.4023188595282171,1.137493234985964
805,1.5648175643751556,0.8199440996495201
806,-0.6383216606988608,0.2120248972814922
807,-1.3277269990703544,0.6116296795987939
808,-0.31743548152297696,1.5181161587074878
809,-3.753485020995957,2.26623368111796
810,-1.0575993533022336,2.323258423897483
811,-2.018830816533763,2.7336597581518185
812,-2.2790271912482085,2.4287829053530543
813,3.590893039165852,4.509287451104975
814,0.48024614691250034,1.0404029012653024
815,-1.09793383721536,0.7271375553210354
816,1.2767298117058117,0.19620487141943135
817,0.027148229297234823,2.2121614981043143
818,-0.8429965236722784,0.2687245064274772
819,-2.348537497781249,1.27521201898279
820,0.5327025985371746,0.5872539877993074
821,-2.648742938659039,1.4470136890294059
822,1.2939253494249994,2.085417032446163
823,0.3868927253147217,0.16169360189091073
824,-0.8405462923540785,-0.19518964388882581
825,2.841586175544088,0.3054325886568202
826,-0.26103933924299827,0.11202666859476253
827,-0.8007111664806807,-0.09501624333753592
828,-1.0739887554408678,0.19851089609424058
829,1.5081665462687486,-0.1126809371217657
830,0.22856364247527053,-0.42515941769305254
831,-1.8109468343279607,0.5284922873010225
832,-0.4175610706727259,0.49259257669670814
833,-0.9815712424790537,0.2490126360259989
834,1.1076122558866854,-0.18898156580763853
835,-1.5147653274468873,0.23345158710950994
836,-0.7135750894555004,0.2600282622378334
837,0.17615390979939227,-0.23963092459887445
838,0.11242926738906683,0.32137794481987353
839,1.161814596237138,1.1763971320712376
840,-0.06861993484849976,1.2379599569529884
841,-0.7629093870882622,0.3066777070633586
842,-0.7178873146027259,-0.0036969684698461716
843,-6.695167805529263,3.401791966885058
844,-3.772446688043895,6.94907581670154
845,5.219384443261749,4.774290960208519
846,3.228624506307632,3.1464205131019325
847,1.1164578072790126,1.941944823492292
848,-1.9272739964573966,1.1905550352644982
849,-1.1811043891360167,0.6231920755547107
850,-0.01818108071091331,0.862585404392184
851,0.3720348151119309,0.6350712735526862
852,-1.6838562642441053,0.3524507707354368
853,-0.7131349917700502,1.1135718115133446
854,-0.6383397233861481,0.4478652936093791
855,3.4357081814773056,3.0305205734634533
856,-0.6348992012046417,0.7572592292310317
857,4.092364018785859,2.634701117884325
858,-0.8667557059710216,0.6286864641061528
859,0.4451371725612575,0.6180361939280175
860,1.1276618167401224,0.6018960280645906
861,-0.45903298297099226,0.44156285773051235
862,0.6628177169544368,-0.15049039673204784
863,3.0152447688419155,0.9354976944383632
864,-2.037833974565282,0.5076856299874964
865,1.0536048160245604,0.24681648185122837
866,-1.3724462953723344,0.2789649120199716
867,3.9559152921442813,4.120302227534549
868,0.28466150860842515,0.44770185370930726
869,1.0089290572554506,0.7673636937392194
870,-1.1033693592739693,-0.06682810165591443
871,-1.3597401493684775,0.5629244515641967
872,0.04831024036212637,0.04380480144351973
873,-0.4277197644152687,0.21149910086408183
874,0.5631144537822373,0.08006890591660903
875,0.1461838129276669,-0.30180960051753614
876,-0.760671936831329,-0.10505143790212289
877,0.5901998707413593,-0.3207804426064489
878,0.18949174146726475,-0.26360585302023076
879,0.2430750106187834,-0.14765697976599682
880,-1.2971841357651046,-0.04647445645148369
881,-0.5858213005273871,0.12254654942959273
882,0.8661652026271232,0.9177603805149326
883,-3.4349825874610316,5.679445703079844
884,-0.19702962993452264,1.1466391122559565
885,-3.5348539430901065,2.1813702899922
886,1.1082224258494249,2.6244789374303994
887,1.2760600275790401,0.15691591276702116
888,-1.423101447620386,0.37514200620389826
889,1.0751874982881993,0.388749176943153
890,1.465710355979465,1.3019510695249925
891,0.7405695913072499,1.4782988395896306
892,-0.7946052647221493,0.49860738927403014
893,2.7626611506125447,5.545723866944162
894,1.4506510593233157,1.6813770948974591
895,-1.5853614860909921,2.5741842799951016
896,1.4468610587061443,1.0487357184002302
897,-0.664258335659286,1.1139367001803229
898,-2.8016951285764535,1.745676885909699
899,2.360789478526769,0.6096279512728102
900,0.11169509057428836,0.4155387616108215
901,-1.4718502862331748,0.32824670125651717
902,0.6723001158324268,-0.2656891880877233
903,2.5686701155341933,0.7277491436141258
904,-0.87925158082197,0.05517689775911561
905,1.4045046553552374,0.4772615795455204
906,1.9094426752365814,1.6231968437828634
907,0.7011640300629267,2.596088073980068
908,11.312818410015817,15.042145712058293
909,1.4871630287086715,12.255086006769215
910,6.322036891883234,9.838645342140971
911,0.18908127973532768,6.28977441709195
912,0.2845881731314822,5.682453704365591
913,-2.190961640391146,4.95697086682475
914,-1.5579063592094804,3.6852618913415123
915,2.3493958517908147,3.017947523537418
916,0.40127769336732483,0.8078372552155186
917,-0.5700144949846502,0.3622446657259346
918,-0.005185813530894805,0.97440027481838
919,-0.2733686297237536,1.069263344198032
920,-0.47464318938090944,0.5163786073613097
921,2.452510958918275,1.3519972681972006
922,1.8219639788276534,1.2075185539500355
923,1.0819567587882546,2.0186412212268174
924,-0.716812364453112,1.1649650478762303
925,-1.6508480744748417,1.3869641641232073
926,1.4707178296908323,0.6362567113184813
927,-0.39940265805942243,0.6185988336981947
928,0.4976587412794159,-0.25883702039133516
929,-1.511254071716543,0.5340527122396153
930,0.08028484197827218,-0.11203942809187145
931,-0.6812281719657667,0.4835061177799526
932,-0.5611285896348873,0.7095559528375865
933,-0.08060500072764396,0.21724945382386446
934,-0.6104196403720247,0.2295237390696653
935,-1.0617718540467278,0.47779070981896476
936,-0.5983995056059241,0.24513426167015945
937,-1.8582844764419528,1.6050343364025879
938,1.4397489320858934,0.5978391943239019
939,0.20401318301898172,0.16523362176014708
940,-0.7578475267366525,-0.17454913526927257
941,-0.2898195418479646,0.017765792519970323
942,-0.11044504847476633,0.11740921292039973
943,1.1349404357641657,0.14268931833071094
944,-0.2634892743981287,0.2118182255045642
945,-0.5704260359670893,-0.31120985278332114
946,-0.6928160197428461,0.3825286588296441
947,-2.7855679061238847,1.2619821296574467
948,-0.7773026711473876,1.7118000533943385
949,0.7270010588110464,0.4554809291062678
950,0.37998816762021925,-0.14477116724429628
951,-0.3436968205786628,0.15047386736920387
952,-0.6359293980001808,-0.3094037617293567
953,1.0368188845213742,-0.05184909555862212
954,0.9977066218737749,-0.08260489987289621
955,0.5850154766491684,-0.07128624869701754
956,0.7779089402876995,0.09861686779951853
957,0.04721949895451621,-0.2617462869883063
958,-0.23634447749993293,-0.15542067295047715
959,0.716199751243484,0.16873175380587152
960,-0.6190919967725861,-0.24494116036400876
961,-0.9661287610478212,-0.05135148567306699
962,0.8932852813414077,-0.1206296989367055
963,-0.03235648110815103,-0.22676644341675906
964,-0.9732316076104,-0.10739993947460288
965,-1.6328265280827319,1.4043129950577093
966,0.30143567597006005,-0.09818426254701272
967,0.4658601972105789,0.43581194275717244
968,-0.14365699041241767,-0.1735730125679365
969,-0.7625611390333684,0.08833750674283741
970,-0.2227857933878616,-0.27114711575629824
971,-0.15287339768322764,-0.21234256942555188
972,0.9192513443471642,0.34479353475867053
973,-0.12778042529710515,-0.02685066357180732
974,0.943007639269971,0.20803598313809965
975,-0.15351742767224505,-0.002030085808414781
976,-1.4337215894321667,0.2499122884557723
977,-0.8375351498012714,0.20799954886834002
978,0.9532150771072332,0.6020258222799488
979,-1.563504968991603,0.3879000048016341
980,0.24991369785492157,-0.18140332863563502
981,0.9890388918204097,-0.05351407016877779
982,0.20819605493891524,0.21607021179516359
983,-0.721472344820565,2.100566148074357
984,2.3843873587189064,1.8451329601559325
985,-1.1454400317219209,4.721322721051407
986,-1.0261959751637688,0.7682130076665605
987,-0.5357538604064569,0.4697759115413399
988,1.1374644669985667,0.4089240844594057
989,-4.161259071056398,2.8308390787141393
990,0.3993866209482993,0.4000101022422193
991,0.6547235185241225,1.2707067903478502
992,1.185295866594901,0.6854248562893924
993,1.4351109231402916,0.5736817612572918
994,-1.807935693034309,0.4586797982656151
995,-2.429185605403197,1.0834187279522236
996,-2.818793012452944,2.6358114608015417
997,-4.152314696716238,4.579720371494893
998,-1.5461831067248957,3.4619192953576694
999,0.9407440680019235,2.6274972035151487
1000,-1.0290671395920958,1.9928070771681146
1001,1.8736527656887239,2.131579781195596
1002,1.073853973292643,0.4237925501923033
1003,-2.543593749997977,1.6545624158913406
1004,1.5866134490374992,0.6999392811842311
1005,0.5358221937676559,0.018263570809133708
1006,-0.0358623781991939,-0.18678178639615528
1007,-0.11785016392466585,-0.2604402453498931
1008,2.1567228451874936,0.22130106959104337
1009,0.26295362601181327,-0.0006841765161330871
1010,-0.6320452442610582,-0.13669353197362824
1011,0.16481460042959994,-0.41625452950656605
1012,-1.0055172180392868,0.17029707963964857
1013,0.01919492726672612,-0.43193392038692746
1014,1.3572805192805975,0.37588653461051535
1015,1.2737917411611812,-0.03445714733599517
1016,-1.1787822867568412,-0.041258743388674274
1017,1.3911688938722033,0.004842626540045996
1018,0.3029044989799852,-0.27785851921324983
1019,-0.3681883328547236,-0.3054166407832301
1020,-0.3371120998121766,-0.27190213138209096
1021,0.2140246097035549,-0.28588778205296045
1022,-0.5559641628738978,-0.5016023452443775
1023,0.37476538726956965,-0.313933237084389
1024,0.11542804910300719,-0.5126941186771338
1025,1.007070120072226,-0.2030308048424622
1026,-0.904342393331223,-0.3120873025910932
1027,-0.7340914776124879,-0.46419848720860496
1028,-0.23466906721467745,-0.3574468246939526
1029,0.8604491454665883,-0.23502037994831207
1030,-0.1599181373816582,-0.33100326662454777
1031,0.8072200918959349,0.2225032375674715
1032,-1.1371039183705245,-0.15177330380139453
1033,-0.13217501978142657,-0.05447398233487508
1034,-1.5439367857873352,0.39585802570873424
1035,1.9308611638581343,0.5090883943671205
1036,0.5235063831535425,0.0472642432006854
1037,0.8674614278753627,0.6573359853136921
1038,2.667320502939281,0.9478687180679144
1039,-0.8378822521201559,-0.13260832883293722
1040,2.0052775863882037,0.4989377319193516
1041,-1.2567912449985967,0.35414465732286404
1042,-0.5466838557224298,-0.12131388100706504
1043,0.8186889713485277,-0.16461102284037626
1044,0.7417086591386621,-0.10864113987464583
1045,0.5110081876801489,0.2610714297383789
1046,-0.030725795424635174,-0.4415161101743839
1047,0.6806612637261297,0.07090834891030004
1048,0.04138479468100193,-0.2720639800424819
1049,-0.8972199670196366,-0.26517120350216755
1050,0.3224505360148861,-0.5474929562619409
1051,-1.230716501582759,-0.056283492932404686
1052,0.6110979423535441,-0.22272981567706426
1053,-0.4097154712920821,-0.4303538999443727
1054,0.6554516930118516,-0.12467548576310306
1055,1.3895992621675834,1.0646203028840633
1056,-0.667365407012505,-0.1302677535932352
1057,0.48400662241540227,0.1683288861783577
1058,-0.213068080262868,-0.21044987711952912
1059,-0.40853156873741636,-0.3038052429584881
1060,-0.7195333517600022,-0.18005111876995908
1061,1.8777469896132848,0.37346127449809075
1062,-0.5397028824685555,-0.2922525804191784
1063,0.3753348679047048,2.28386090734196
1064,-0.5979442497416126,0.13966970839334525
1065,0.9583968354586744,0.1542295201041078
1066,0.026000940404378524,-0.031118047885959718
1067,-0.614561693721064,0.07472622576905764
1068,2.19943533079765,0.3271633449906333
1069,0.628311956706512,0.8442706636300604
1070,0.8725535709495953,0.11549774122304814
1071,-0.589654423929176,0.08749060843494544
1072,1.5035851130076003,0.9978598123843736
1073,-0.2346827495504472,1.0576322998540284
1074,0.09670826094486706,-0.18082156547198885
1075,-0.6400068763795623,-0.06297842222266146
1076,-1.0192551832869332,0.8032630727681342
1077,-0.4043903445338529,0.24552626832952879
1078,-0.42691898988801047,-0.3497158308391437
1079,-0.5773086131587011,-0.19089433065212597
1080,0.9604156393656396,-0.17415055687578856
1081,0.24805211980084407,1.1362988862736632
1082,-0.7869532186038021,-0.08065351706539195
1083,-0.6458642975298008,0.3958532193552829
1084,0.5942788028352156,0.10096024745095014
1085,3.284497450636745,2.439953164916376
1086,0.05447883867919773,0.6463549962768005
1087,-1.3103104598578195,2.995491325792916
1088,-4.1365478101341155,1.8823028765842316
1089,2.293719074024303,0.623411385585527
1090,-0.4343012253666938,0.466922818226886
1091,-0.3339895840900905,0.949984709761888
1092,1.096656817597662,0.1483268011481374
1093,1.2794831932206316,0.24418534677440498
1094,0.015243367764525562,-0.4475917183300683
1095,-1.0378705395402548,-0.08525052688981019
1096,0.009063851089467556,-0.38506134323276264
1097,2.672220440374525,0.18330453303227154
1098,-0.6935125174970291,0.013626355133101547
1099,0.6753272331034585,-0.24381002497700055
1100,-0.09956463391065298,-0.23944378537766722
1101,3.845851812686714,2.306535491616439
1102,-0.17660119232923133,0.477351947608978
1103,0.3296582993706939,1.0279489538138493
1104,0.1878254824223204,-0.11463392193096338
1105,-0.6811133175314852,-0.28122824373573574
1106,-1.4584863231220355,0.056699480996550075
1107,1.1590946527598343,0.1312467465052999
1108,-0.6591632385876478,-0.24108991783745382
1109,0.24256275263520666,-0.5120656411537624
1110,-0.019265639561129443,-0.517414457132717
1111,-0.357686053568778,-0.5132190680993288
1112,0.8620905942967884,-0.3825766848863752
1113,0.2669541133965507,-0.20071999138338945
1114,-0.41582419574241514,-0.42808264208733704
1115,0.39608163361972987,-0.4480693483304114
1116,-0.16352674039801587,-0.3391349608245852
1117,-0.9437794752249885,-0.26871822768086095
1118,-0.021051789227516268,-0.4444306211095856
1119,-0.25207055245128357,-0.25127475367793656
1120,-0.11571453919949681,-0.43659193976844485
1121,-0.5012055981177316,-0.43876917915518704
1122,0.021877648774909796,-0.5075662654090402
1123,-0.8593665787206222,-0.419193287720225
1124,-0.47618011033545593,-0.3705901763406829
1125,0.974001268870497,-0.3188277148252045
1126,-0.0014411235159245347,-0.4393352939053726
1127,-0.7223967560832796,-0.18967960204938017
1128,0.4766244021533772,-0.29882101598240085
1129,0.6200553085461177,-0.4139749651742524
1130,-0.7314776931886018,-0.4133022248231454
1131,0.038495024211484076,-0.5620500046420461
1132,-0.8358539894317163,-0.2420122719693872
1133,0.6349717692853469,-0.5228467056439473
1134,-0.2640935874790261,-0.6065680899668318
1135,-0.4090410478264722,-0.538308882390208
1136,0.31037106330492803,-0.5448129757786913
1137,-0.04264725751357046,-0.5371112625608643
1138,-1.8009286022687623,0.0242162931115904
1139,0.6397259114278979,-0.4491647725653198
1140,0.44634495809810804,-0.5796307529157749
1141,0.4408625424506716,-0.41780589598166273
1142,-0.4971882719176895,-0.4353049803868008
1143,-0.19794850775289954,-0.47381006151256067
1144,1.2776251419258222,-0.2236109416315727
1145,-0.0888069664198029,0.34136090791530854
1146,0.6310241101511536,-0.248474890987283
1147,0.5299929010657862,-0.41689031996651094
1148,0.24023050201505097,-0.25291929284332343
1149,0.019566857588555992,-0.32529291762798207
1150,-0.10731561997552677,-0.5579720622058698
1151,0.9741147291673156,0.11098968326238749
1152,0.17957168652773367,-0.45238351962447404
1153,0.6154148955186171,-0.24131689029924297
1154,-0.8382151712476869,-0.048004079515968426
1155,0.3209665450459116,-0.431882285141857
1156,-0.18233890762441637,-0.35044639388701104
1157,0.6655543614072973,0.3600332206234087
1158,0.016671769265488447,-0.013620317226969486
1159,1.6697565079458525,0.9154434031472817
1160,-1.9526624839616185,0.5371536967997448
1161,0.18541713828410272,-0.2616637438594454
1162,-0.18852012321219133,-0.4584942020272094
1163,-0.44930149971211525,-0.44940524261816195
1164,0.13084405691031284,-0.35021991839728894
1165,0.645536785928394,-0.36961094851614085
1166,-0.16581707299694845,-0.48771928217082716
1167,-0.23173879352353202,-0.5028499534046798
1168,0.009760389334645833,-0.34210229939958164
1169,-0.9358134190182974,-0.3696155619357296
1170,0.5642379226954221,-0.5195888842261664
1171,0.5856302610045769,-0.47346136293811014
1172,0.23550869978835004,-0.4766104268145054
1173,-0.37915435341143705,-0.46466884258217306
1174,0.06467917297385264,-0.5476212355716535
1175,0.638217208886342,-0.34859810079291403
1176,0.2600984721992278,-0.4850001296459065
1177,0.4995223260661983,-0.020270812229067653
1178,0.25626427712078015,-0.43012089859623515
1179,1.1348421647028002,1.0197808726296578
1180,-0.4471912707189821,0.6351935832428407
1181,1.5500330807472684,2.043012561809749
1182,1.3806813982364334,3.161813322570608
1183,0.5292134795322104,2.6551486945145006
1184,1.6348076915340928,3.0607000836218217
1185,0.14187083508091913,2.3765624961532494
1186,-0.15139160578431785,1.1202597659558702
1187,-0.7892328686129978,0.9123508703887435
1188,2.200462256023728,1.1110309390550372
1189,0.44397432092551603,1.081477471894719
1190,-1.3784254160860818,0.4810808639191411
1191,-0.5572105654130994,0.5692925612306959
1192,0.3701578266965242,0.2511121588365073
1193,-1.44072960419262,0.5908143804814964
1194,-0.19475210718341063,0.6443078411091884
1195,-1.426641208201589,0.58190051045563
1196,0.6071806688176304,-0.1827390263720984
1197,0.9663952233637988,-0.19219209172309454
1198,-0.5803002751862776,-0.43975897376672957
1199,0.5411518465446301,-0.39318364722896976
1200,0.8446804598068581,-0.23507589077976238
1201,0.2703389329672625,-0.5698969033910581
1202,0.5893193405258282,-0.2144599296411011
1203,-0.26001938855618445,-0.2658157302478788
1204,-0.5248379870156088,0.4272391092405884
1205,-0.43828945073246656,-0.33414508366508056
1206,0.18554326432611645,-0.3796743778717626
1207,0.7315886006232031,-0.21583652881624438
1208,0.5396805916616654,-0.4756824855510354
1209,2.134222386181999,0.5843946674767828
1210,-1.086072686995926,0.3395956102943449
1211,-0.5337831173361178,-0.042990471108842465
1212,0.14627064196052442,-0.37673707586620203
1213,0.4278689516990287,-0.27970852989082556
1214,-0.37620534437560404,-0.42683402715638313
1215,0.7680029306784534,-0.45219006166922737
1216,-0.1566504978341805,-0.4890081491450303
1217,0.30710799614014994,-0.43022912395662166
1218,-0.927082991107583,-0.2744555622649523
1219,-0.5078796384507361,-0.18271392059983524
1220,-0.06856973870846447,-0.3337632233478429
1221,0.1441224079136848,-0.4321943835633749
1222,-0.02573140844777764,-0.47104882933416414
1223,0.7165444935465007,-0.41109657877362293
1224,-1.3421445809347436,0.015443298604191583
1225,0.38925928307111896,-0.23414230684765314
1226,0.8915202059799613,-0.1736680580029718
1227,0.8926115554716736,-0.19710045812982036
1228,0.10379988043718749,-0.4906230251703489
1229,-0.651568453161721,-0.06166821600521442
1230,-2.198858459568329,0.5451648614039883
1231,-0.3545524190060467,-0.2204196137840437
1232,-1.127567754522596,0.05838008603773505
1233,1.1636866601674347,-0.0330195749549177
1234,0.76998954217713,0.0009659056929632605
1235,0.12611243058034804,-0.012951478749548419
1236,-0.590976774734026,-0.3010892135820535
1237,0.7984809022400423,-0.3311734942476915
1238,0.047999975287535614,-0.1551005344331325
1239,-1.2366402685541442,-0.11301103777585635
1240,-0.28097663720348964,-0.4945851477233025
1241,-1.0532188134869587,0.3596788420794684
1242,-0.9564352778094238,0.45701996740563666
1243,-0.9740921053954452,0.21937090828049438
1244,0.9933244774391583,0.023402306795380107
1245,0.4818930840322676,-0.07257517359000859
1246,-0.929219996737106,-0.4376990047018107
1247,0.5517882824087635,-0.45314123619616054
1248,0.1911440101825991,-0.42093800595189357
1249,0.2210022298970311,-0.4953823280440595
1250,-0.6017561315760603,-0.3367184822534239
1251,0.7280132101502008,-0.37654847950689424
1252,-0.44087718529261877,-0.48410428719436005
1253,-1.055494155117656,-0.14843170867536665
1254,0.026469439186179618,-0.47570268218301626
1255,-0.6449781611785597,-0.3808333828519158
1256,1.3850108781203434,0.0724162255978122
1257,0.1621223876197852,-0.35398126257655216
1258,0.7019238209845512,0.022747114560814675
1259,-0.3156718882975889,-0.3281201629506867
1260,1.0821114520484991,0.04697927367194411
1261,0.4434283876889795,-0.23620524939897172
1262,1.1165359725668185,0.8969922469716765
1263,-0.9876754991016201,-0.0067863561492102036
1264,-1.159817553815258,0.08877046624137709
1265,0.25189408116062706,0.014779237617678506
1266,0.6628845967744388,-0.22928828795660652
1267,-0.07032785760994847,-0.14120614287464708
1268,-1.3164931081236806,0.506479799292837
1269,-0.5267034921397488,-0.07623914894715413
1270,0.30300817635520627,0.11262689359002712
1271,0.43022232480393346,0.06169561372166272
1272,-1.7641865493389737,0.8039214253444581
1273,0.30047259973992624,-0.3789477036993759
1274,0.47642621806298807,-0.39792488263168824
1275,0.5822070316708836,-0.2800199337175599
1276,-2.3102183407774888,1.0609287021848042
1277,-1.5566715666507316,0.804322187378411
1278,-1.0721231204587223,1.7572583636127213
1279,0.7730367803791909,0.7178971363414118
1280,0.29060157523045277,-0.022987310665788154
1281,0.719890955830972,-0.022431757556925443
1282,0.25965453533947774,-0.20782170402783423
1283,-1.1890280218651685,0.26164045332804103
1284,4.81330121877184e-05,-0.2668998363462496
1285,-0.17808853955097717,-0.23663841980961475
1286,0.6649838426656527,-0.3445971963451535
1287,0.919759203292238,0.041012487051016185
1288,0.9733337285342043,0.3884200359131037
1289,-0.6456587167450423,-0.1687912156306655
1290,0.30948687496522653,-0.4929308040974264
1291,1.350983240751454,-0.19996730490542283
1292,1.0048201363842775,1.6941683106937764
1293,0.7667172785407145,0.1617286194627485
1294,0.03125143536997734,-0.06675734026305451
1295,0.2913967366564894,0.40404172522506504
1296,-0.9943211244021979,-0.12764342838025883
1297,1.2955965500325892,0.1586061803552438
1298,-0.7784035503277316,-0.3649527509043759
1299,-1.2990726424608672,0.053608213182702105
1300,-0.40529501017871117,-0.29797107148024893
1301,-5.061536101075625,3.3045262819852024
1302,1.8522852318791068,1.1999143159674535
1303,1.6319514082597455,0.9029880813971529
1304,-0.45816078040700603,-0.3204228862674046
1305,-3.1672612449642443,1.0368385876563988
1306,0.2071069219456244,-0.10784336688768846
1307,-0.5350676777345574,0.4299639346796536
1308,1.0064332135372376,-0.15038013424276772
1309,-1.9040194062988403,0.2860896439770092
1310,1.596271106567703,0.10059844880147763
1311,-1.068142068491684,-0.05424411994543142
1312,0.367790666731012,-0.41118351174183543
1313,-0.8383649074277765,-0.12668169473390306
1314,0.025884466581138625,-0.5029103760064146
1315,1.1159133675802406,0.3099655948484783
1316,0.5200254070326946,-0.494628787515667
1317,-0.8029092824852369,-0.251525957393109
1318,1.3712912272264992,0.11005905445953604
1319,1.7663169795449287,0.20584591830234697
1320,2.9602005779640796,2.6046679238907617
1321,-0.23180280505550216,-0.1025327352911544
1322,-1.8894442825610631,0.2389534944998389
1323,0.41066048051313253,-0.19696615773359957
1324,0.48758460836980905,-0.45127451448316647
1325,-0.3858488893979822,-0.32502308808682234
1326,-1.0791501498170908,-0.08468271395828177
1327,0.6513486250679852,-0.3029083511733494
1328,3.102528821211637,1.203340908200226
1329,0.7807672132584732,2.40548422106908
1330,-0.6693990685647762,0.7780159905948562
1331,-1.4376693987810627,0.9383088080867313
1332,-0.3471547555007508,0.011040100200220334
1333,-0.19353563287425551,-0.2326828370721728
1334,-0.5609349741716925,-0.26867970740294655
1335,-0.23063031891887287,0.027720465155783327
1336,1.6091010704200555,0.29381535566489
1337,0.8066052027406037,0.12943675101681412
1338,-0.2769125257015778,-0.3198111632915434
1339,-0.5876645699508962,-0.07440180591801154
1340,-0.002299453041323167,-0.45426563475657467
1341,-1.8383438849140965,0.33024762600165963
1342,0.8353600673837711,-0.3632592570154695
1343,-0.7423663321211493,-0.03542481508129921
1344,-0.38181783831883453,-0.5107379879600635
1345,0.7748539862896724,-0.3547746292176788
1346,-0.15731601076172164,-0.26877141729102483
1347,-1.5566103849622783,0.6449317348497109
1348,0.9550534974034506,0.42479775382060847
1349,-0.04693578082304543,-0.30654716204466
1350,0.8839928644320967,-0.40015582066509237
1351,-0.4557272979594258,-0.203018212401188
1352,0.518905588636988,-0.42990065117239157
1353,0.8982010342945539,-0.2968955719729342
1354,-0.31419313870584015,-0.3818012118416495
1355,0.49045616330168174,-0.35082142307726505
1356,-1.7374367168654965,0.02876655692701129
1357,-0.656333858592281,-0.3832746977622609
1358,0.3797316830553802,-0.33448787727507184
1359,0.22674661702395166,0.06241398862795626
1360,1.25709194457654,0.6115003600178177
1361,1.0888638790095915,0.7032389908801581
1362,-0.2669560525654424,-0.25553049065002786
1363,0.614840060828552,0.5542409142823363
1364,-0.1374671975307446,0.17577615259230633
1365,-0.010232329420762909,-0.34736837251970976
1366,0.6259488982508079,-0.3963470043821519
1367,-0.7655725999306617,0.6044330049837322
1368,0.9221952345220595,0.0011911785262063862
1369,0.25208657484048935,-0.3535345767436445
1370,0.05655157527696018,-0.1861875300822403
1371,-0.21139250606064866,0.13786097243224252
1372,-0.7829863768521498,-0.08938627580237085
1373,-2.7186790976008295,1.7622103501634045
1374,-0.18747934264041977,0.573565794315409
1375,0.8058930049149694,0.5531485871450631
1376,1.9134336960320837,0.08694131278021092
1377,1.6939116645204013,0.5310771658192263
1378,-0.17372995718138273,0.48901860154284044
1379,-3.561756650874641,2.2068060458637633
1380,-0.5772057244943458,-0.027404439255872135
1381,-1.3647708738934485,2.3855823751310985
1382,-1.1310871323796772,1.7210396238790513
1383,-0.21212511536534245,1.130619913627065
1384,0.02071506819037728,0.4014549477092684
1385,2.0575776648628894,1.0722511815452378
1386,-1.6466423134922334,0.008996971854502213
1387,0.6893712994056624,0.4102409402830674
1388,0.7995204760041852,0.10354255716517273
1389,-0.12541675708731764,-0.4319547283869746
1390,1.1361183769667946,-0.1790901036826243
1391,0.29292592798665884,-0.3859019797011671
1392,-0.28106280478450363,-0.45137324077088425
1393,0.017166705681857877,-0.3366639310439402
1394,0.43092132337852973,-0.28001308043758355
1395,0.5645917754000354,-0.18133597635750534
1396,-0.3647196213216461,-0.4350330396827282
1397,0.1826380347746011,-0.410275450008373
1398,-0.5771204769461498,-0.23826316202964384
1399,-0.40843258866595133,-0.3122701632713651
1400,-1.0718995727662923,-0.13634371912624582
1401,0.06436726803694703,-0.5803864469144978
1402,0.7753055656696797,-0.3377139516041696
1403,0.22976079003332828,-0.49433406584269
1404,-0.7620256184569878,-0.36817287470671456
1405,-0.9728589589473244,-0.17999712114859673
1406,0.8512523514681815,-0.3512973830113202
1407,-0.57831508606352,-0.31008412950961567
1408,-0.39184007445426344,-0.35599442626738337
1409,0.7134718594385614,-0.4148103892636796
1410,-0.5802336204561251,-0.4108709230851182
1411,0.34261775598910515,-0.3137998720905092
1412,-0.05898490168918357,-0.4985871219110564
1413,-0.8709733335112678,-0.4108452771985561
1414,0.5212808135177693,-0.4641086310806633
1415,-0.9211523888517484,-0.2715205324603197
1416,0.9138169427062757,-0.35521457293787656
1417,0.8548437810998989,-0.32425213223941407
1418,0.23633481305905518,-0.4093443165265425
1419,-1.5494188699071283,0.06102963308352538
1420,1.5714701125079937,0.048784291180518795
1421,0.2715686712945916,-0.34381817905893564
1422,0.18009688566664533,-0.42499062003897076
1423,0.5519421417001271,-0.28439088867459206
1424,-1.7183044550096584,0.09241814493003273
1425,-0.08989313367696602,-0.3663661498028311
1426,1.4426740805531524,-0.0890872560623118
1427,-0.31591609179275854,-0.2520728779532103
1428,0.6163372851136053,-0.32180863711308255
1429,0.42073073601323174,-0.3031030759599845
1430,0.5655821145295358,-0.1228292904165752
1431,-0.7931455030557009,-0.1092116777761934
1432,-0.5405144497830474,-0.3016513576893342
1433,0.7909594003851852,-0.4750762722170543
1434,0.866091113745432,0.20343283007910037
1435,0.5459713450624986,-0.37232329121032315
1436,-0.4868869756165498,-0.34509876151430685
1437,0.9885468298488257,-0.034012917664460816
1438,-1.0322271529190734,-0.11797582146269585
1439,-0.3857790133562987,-0.36596401236420606
1440,0.15699755808703206,-0.5245501907991833
1441,-0.06955882029171373,-0.589936481976502
1442,-0.5756169018247383,-0.35853665867406453
1443,0.9372021924662157,-0.40332452309218164
1444,0.7452492352222281,-0.33875278870710096
1445,-0.0903806210656673,-0.3273666998694525
1446,0.07202127941445097,-0.584370110835853
1447,0.6385579994783354,0.09504019171595315
1448,-0.2461285039986805,-0.24828191655221082
1449,-0.12835065322788375,-0.21269861591813902
1450,-0.05822649384309967,-0.4002430382975621
1451,0.7824801680179334,0.37245707969987873
1452,-0.03296746244643163,-0.14900362026628575
1453,-0.5800772382377463,-0.04930480007620113
1454,0.86341629530814,0.22170824155649071
1455,-1.2092727187152912,0.2233904431942772
1456,-0.3039317570988246,0.1473664214090491
1457,-1.2244669009766735,0.8005772340669768
1458,0.6590566485291516,-0.12907642308131761
1459,-0.39800926107697576,-0.046419942360205614
1460,0.035488945134830314,-0.2797391642041154
1461,-0.12094436074798945,-0.4859133020272777
1462,0.16840290643433456,-0.46594097474871926
1463,0.597139598218902,-0.18634753641191262
1464,-1.2562811670763612,0.12944641764924053
1465,0.2508690602702073,-0.5694447278699108
1466,1.1478213298056401,-0.3478916323498956
1467,0.07122169107881227,-0.1934970634213799
1468,0.29612360542855437,-0.3075935245243804
1469,1.048261979887416,1.3020348122672571
1470,-2.0615499410095026,2.261612909287424
1471,0.46378397548639416,0.6196799485522451
1472,-3.7254178370225164,3.171895454188089
1473,1.3445533295194911,0.8035178370274734
1474,-0.7031420911315155,0.2761110997300838
1475,0.46085633723075814,0.689771469117707
1476,-0.09295479851890834,-0.4098231092197441
1477,-1.683136166723361,0.5809045101839695
1478,-0.10547277773843974,1.03804456168393
1479,0.3971967941413025,0.0526753086373546
1480,0.3792846815755434,-0.22794537449168095
1481,-0.28807400626305846,-0.500302636795179
1482,-0.7246602847837035,-0.4224492574935813
1483,0.7150575979062821,-0.4133192848388903
1484,-1.5823321552571217,0.060577282631777994
1485,0.5617974165783312,-0.1716260750862081
1486,-1.268332365273319,0.4883246471430995
1487,-0.061695649213643226,-0.3425485358994437
1488,-0.7731654115415754,0.7503765525415752
1489,0.9674197591580399,-0.22529612569343607
1490,-0.8400160243291809,-0.2866760003022032
1491,0.015707185089496513,-0.2777474828306533
1492,-0.45453311567367394,-0.3118489219041697
1493,0.07629866930701751,-0.46670928306920806
1494,-0.2822373816918825,-0.4541194188275671
1495,0.7078825892110097,-0.34956603128840963
1496,-0.5903586696706978,-0.35074869253735047
1497,0.004299697518917466,-0.5202701833080485
1498,-0.48611747330448307,0.44740497640167776
1499,0.02470084951743364,-0.24844890969168926
1500,0.47064117490226887,-0.3469842429853815
1501,0.3425614483411046,-0.4732288174528938
1502,0.03100172208085613,-0.5640875521426191
1503,-1.3458036313999866,0.006945765514545848
1504,-0.2751145313779151,-0.3836934980167803
1505,0.014578298481306949,-0.4356088796029654
1506,-0.5405480274067087,0.37240314947071235
1507,-0.17171837177701318,-0.34304564498627566
1508,-0.1077682805833072,-0.4981865844166077
1509,-0.7533275803137726,0.1744590670514526
1510,-0.06394768532518494,-0.029706592716989503
1511,-1.4175496183290675,1.080279117821881
1512,1.4673288030206297,1.2655864569814381
1513,-0.8091449318970114,-0.07637624960509834
1514,-1.1267856355940435,-0.08507697621157696
1515,0.976380416854788,-0.09861409386167
1516,1.3096492139974591,0.4309604981832915
1517,-0.3085441413837246,-0.37894111435180106
1518,0.875310193408595,-0.4472633020849989
1519,0.6932106533534087,-0.3150973481522085
1520,0.11386274049166292,-0.1475749504655755
1521,-0.834556127046896,-0.4074862433397586
1522,0.9200670709507983,-0.4494857329453147
1523,0.4180261144054982,-0.39552438639897247
1524,-0.4903479058247373,-0.5164255637598612
1525,-0.3109095709025731,-0.5492139946277194
1526,-0.2654433970812904,-0.42990854875496953
1527,-0.08880887215099903,-0.4716131538545612
1528,-0.7234233235206936,-0.16694412829025554
1529,-0.6122345620934508,-0.12912194151932957
1530,0.8957171240303514,0.005643743674497686
1531,0.6933689084389283,-0.26402991048521485
1532,-2.038143120157092,1.1553132386189382
1533,0.3154688479160687,-0.10961518387520976
1534,-0.4082393623400683,-0.1646159189572767
1535,0.6384639929475694,-0.14518426615522967
1536,-0.19001528056535466,-0.34195824176650275
1537,0.377641913090045,-0.38778161253621013
1538,0.14241337535077142,-0.4333885641562017
1539,-0.568481736227266,-0.46703377615986325
1540,-0.9808839651129824,-0.38267230804531893
1541,0.1811426138284496,-0.4915509538481599
1542,-0.3854422142852351,-0.4567678659747882
1543,-1.2851110076994736,0.12053995894840504
1544,2.0004984070393625,0.6743524412885321
1545,1.5816915279823598,0.5195815890591485
1546,-0.7054498245435901,-0.19256896777086246
1547,0.2506308439322045,-0.3051368290124035
1548,-0.40373772317700046,-0.1869777934973161
1549,-0.2940997390930122,-0.48822415727389273
1550,-1.0636090090170358,-0.20947442509456432
1551,0.9088083695921676,-0.2856103662161468
1552,0.8208453685935377,-0.21172795691499374
1553,-0.1331900772410141,-0.3711987036429297
1554,0.3180943925679267,-0.5380390506457536
1555,0.13391627878735896,-0.43346872901972217
1556,-0.7230295691563716,-0.4238590162591236
1557,0.717373997332707,-0.29652464914307397
1558,0.5914961582069477,-0.15226339554688878
1559,-0.3499139379444805,-0.5124145587173192
1560,1.043877953906517,0.012348308992745055
1561,-1.336388906669784,-0.07969732335298839
1562,-0.8508690090194366,-0.09298309487870293
1563,0.02533805429682861,-0.15315963327572796
1564,-0.3274464710783653,-0.05699477364411484
1565,1.5671326726537083,0.8190237294182989
1566,-1.6293223435975548,0.2953483873439284
1567,1.1797554470448524,0.022812391942008556
1568,1.9638227048058141,0.8813289893719717
1569,1.5032951994427655,1.1121172121893026
1570,-0.43786535287124223,0.4625804559442179
1571,0.7526646321684676,-0.009104412752841733
1572,1.5172426891287545,1.7066928345804568
1573,-0.8030526119098116,0.4832832817837916
1574,-0.8207202952732009,-0.09858115009433414
1575,0.6336252996394106,-0.26764707742598265
1576,-1.0078570653734942,-0.09207457632764109
1577,-0.23739767276837626,-0.1757509812613427
1578,1.259647169138557,0.10597594476151291
1579,0.603745494361137,-0.4278893910750193
1580,1.0031672943616488,0.03838382821210649
1581,-4.522679792505419,3.23374775570402
1582,-4.984997055876547,4.585932429531432
1583,4.665071386714787,4.469641220302802
1584,1.0583538510015726,0.9985163571429898
1585,-2.659421131107146,0.6090473070029266
1586,1.2072682094949074,0.13365768528353644
1587,0.738705717329299,-0.384981404258771
1588,-1.6478863615675599,0.29908556209471504
1589,1.5903531583242114,-0.20104525427288072
1590,1.8356045260268548,2.3395805606387903
1591,0.5475820638458655,-0.3340378465937566
1592,0.7902460918840888,0.2173053319228372
1593,-1.1050230008901885,-0.29772615428842275
1594,-0.8282400115986454,-0.3691716732925215
1595,0.986158044252558,0.32380872783146325
1596,0.6857962346381187,-0.20958349508309615
1597,-0.5086053150051284,-0.3878752381971216
1598,0.329670151646995,-0.5041931122510518
1599,-0.6891019879381874,-0.38826863561485037
1600,-0.2762880341411722,-0.47035069058068346
1601,0.6470535873224115,-0.5431472559597209
1602,-0.19354170257896325,-0.5957927856074064
1603,-0.940689305933756,-0.3117411841088667
1604,-0.51030815040365,-0.5147924207999294
1605,-0.6183263228040431,-0.4203017512437648
1606,-0.019902520617523976,-0.4782215032029964
1607,0.006363662231992754,-0.32620894257852256
1608,0.09081086892402332,-0.2625767299844096
1609,-0.005031907162438088,-0.4137961376808584
1610,0.6571352433407982,-0.5045671379153241
1611,0.54589250623578,-0.5059651117060822
1612,0.4438108037104145,-0.5569304280374087
1613,-0.4137750223024148,-0.4186170533072243
1614,0.27789628345391815,-0.34462506042337443
1615,-1.1075594577322192,-0.3623727208878675
1616,0.2770280686174719,-0.45424773833317633
1617,-0.4971196147717354,-0.43420619395561943
1618,0.7371410221973973,-0.5424238671839159
1619,-0.4240014815634076,-0.49197743154928225
1620,-1.695916168737893,-0.20856037642547423
1621,0.33698733179625184,-0.5670001110773696
1622,0.6000142252710936,-0.5106822845423412
1623,-0.4271790738767088,-0.5213125239491297
1624,0.42245055202309145,-0.40965772944686607
1625,0.26390807788314824,-0.41226240905932154
1626,0.7881789772729408,-0.23701969756107616
1627,0.4230863547417211,-0.434188426209983
1628,0.19924315745217772,-0.3797500404317581
1629,0.9829353805519182,-0.3926622075599151
1630,-0.23099916079443122,-0.49063061888055004
1631,0.15077869286830126,-0.3355553232112745
1632,1.3241566664467288,0.013240765383129662
1633,0.5482352430569684,0.35204703444343
1634,0.02997447469463277,-0.03366902489505399
1635,-0.3404265829687909,-0.44913286616950676
1636,0.9527857687399865,0.023853842203072892
1637,-0.9032116576930463,-0.10638317235480334
1638,-0.27994875381516443,-0.5221352392797612
1639,0.2821738482821632,-0.3710573239008672
1640,-0.608815358189119,-0.38618583851970806
1641,-0.0663730467668435,-0.5172778733281658
1642,-0.6781778306917357,-0.41788832764540496
1643,0.24591436924722984,-0.4805288086654993
1644,-0.27277984362581015,-0.38663017339826844
1645,0.8809417831895913,-0.41850368542923283
1646,-0.28012914130961475,-0.4747638001046032
1647,-1.1345495866985236,-0.38859504075327794
1648,0.6888232407423143,-0.46229807091558356
1649,-0.30520640825453116,-0.6035797137836895
1650,0.40299794189638527,-0.42025407163256073
1651,-0.2726520764256842,-0.444621800270904
1652,0.7043964727152509,-0.44473870757514955
1653,0.7731569837062875,-0.5566751898548121
1654,-0.50929412425879,-0.27611335257434855
1655,0.30629447464799897,0.41159813535750717
1656,0.6463073487137982,-0.4089555243935083
1657,-0.07719579677732868,-0.2469673981048488
1658,0.05584047328249351,-0.3563254095677065
1659,-0.6562191420587524,0.09392085051140021
1660,0.018195744817772714,-0.4437894985876995
1661,-0.2851503997293886,-0.27266230964343363
1662,-0.38577084409285756,-0.3632263072551916
1663,-1.417660702486096,0.3439428389903432
1664,-0.8242433104696807,0.017731201856535022
1665,0.4883866283717131,1.4152531657195433
1666,-0.46338123450261126,-0.21996657250313928
1667,2.4260021572481927,1.3618977095185938
1668,-0.8913327872638898,0.13761684038511504
1669,0.8420761323022414,0.00368924909352755
1670,0.08178864683354528,-0.3563926055664534
1671,0.5130437440748303,1.5166513148745582
1672,1.681674189254053,0.8457961083011677
1673,-0.9623635357645604,0.7748098814508051
1674,0.7346364836867443,0.09281546126459615
1675,0.32482705668384765,-0.2306365251751626
1676,0.007406257522449555,-0.405041965547081
1677,0.2482982015916938,-0.34309284739168683
1678,0.1776732543793258,-0.43826743708277
1679,0.47083764794876054,-0.4070774315252742
1680,-0.001081829949845665,-0.334947234488507
1681,0.30547206724117804,-0.537634967839848
1682,-2.01281708572841,0.2930684127088413
1683,-0.1727578798606022,-0.3506844282952873
1684,-1.4832192476133146,0.4194983118664037
1685,0.38882636040840635,-0.029299990593126223
1686,0.49976114880563227,-0.37385205257103216
1687,1.124939052779207,-0.3460968280657773
1688,-0.006850418439467883,-0.4663308908477422
1689,-0.2573256884664555,-0.48837151334696044
1690,0.45152976496848674,-0.44963124375636393
1691,-0.4456881407771356,-0.4400060475372543
1692,-0.4468470867107765,-0.24793879927204035
1693,0.31008301484237705,-0.42808257684849677
1694,0.30390325480919206,-0.5964283353405959
1695,0.1653709235066177,-0.40440282401741023
1696,-0.26832415893353506,-0.5575928317722598
1697,-0.46653847628678646,-0.5455283227018589
1698,-1.088117389537366,-0.30307072488807874
1699,0.9908119993071456,-0.31444161663739667
1700,0.4445713617503705,-0.5182051511397379
1701,-0.43517813783532466,-0.485138603085003
1702,0.2814839616049376,-0.48354466245543404
1703,-0.21138384541140887,-0.48082573295076925
1704,-0.13378441056095694,-0.429828021777192
1705,-0.4993420936576906,-0.4496180089224428
1706,-0.3389929407909268,-0.07951109168244948
1707,1.2854824915424963,-0.07823841526813043
1708,0.3844839523720081,-0.37045650043640976
1709,-0.9563425078249882,-0.2664733473006526
1710,-0.054828206752821844,-0.5420281064193465
1711,-0.5881534028597516,-0.4970024073418036
1712,0.8225230020208005,-0.45648048639265637
1713,-0.04128938050930176,-0.5505511727922475
1714,-0.024316026241305085,-0.37064682074436306
1715,-0.5374183671644164,-0.5026290850710426
1716,-0.27586462269267875,-0.507746288742088
1717,0.7210495816453273,-0.4635948561693894
1718,-0.10755289398891407,-0.621948412866091
1719,-0.9287693741796326,-0.2030398037559236
1720,0.5148638807980794,-0.3857230176463376
1721,-0.02417075154515992,-0.45726201873814487
1722,-0.033364479519938574,-0.39557094230248463
1723,-0.4031430120415711,-0.47747317603239153
1724,-0.27244657472494516,-0.49064511605756483
1725,0.5415918167020839,-0.4757802712311046
1726,0.5177113077373992,-0.5430172200683547
1727,-0.020518011144976263,-0.4189961279029793
1728,-0.26229329923649225,-0.32577080114602314
1729,-0.28973562531935604,-0.37940973221391666
1730,0.3606463517248306,-0.45370583579342916
1731,-0.7705907922940167,-0.4227049220033804
1732,0.12410817982594813,-0.32186913131794914
1733,0.5897275148468568,-0.42714005322755333
1734,0.040257469292798546,-0.5345827953991127
1735,0.4542179327282547,-0.3705081567646436
1736,0.11311463263775115,-0.5242552883146878
1737,0.1296986046272653,-0.4960829261602532
1738,-0.6106969516912615,-0.42161234230828915
1739,-0.3489329790105837,-0.34182144561707095
1740,0.18086670126462884,-0.439243589976721
1741,0.31219782144249897,-0.4348710553869062
1742,-0.20537717700739305,-0.5078075345979118
1743,-0.11885849413854546,-0.44802986886470453
1744,0.24766810956473284,-0.414760315923081
1745,-0.40090859163810155,-0.4961188019945992
1746,-0.1600588370379183,-0.6035606396672092
1747,0.3548944963546024,0.05653384025703827
1748,-0.36672181731025066,-0.5227845982667568
1749,0.36929336638854293,-0.5476594425211762
1750,0.5502988849778042,-0.38273261644699413
1751,-0.14562293580899177,-0.5556655051179309
1752,0.17705807800583068,-0.47288122779013936
1753,0.5340313595218658,-0.3795328383576373
1754,-0.3506750081641098,-0.4156513254460685
1755,-0.6224718202798353,-0.3917664628641034
1756,0.14006476049441086,-0.5030604480586165
1757,-0.3034013641115302,-0.38459324193771965
1758,0.53672990519049,-0.5397563474218403
1759,-0.23917728689495027,-0.478494126029741
1760,-0.262326877456209,-0.32338751753625733
1761,0.3535225698396376,-0.4935131213883977
1762,0.029720547815711824,-0.35568497512251224
1763,-0.6380416016609198,-0.027201418352990413
1764,-0.4748587884483763,-0.46104987944111786
1765,0.1875097250172163,-0.3102956899414957
1766,0.16383996689228905,-0.5663061371887361
1767,0.4546010405794967,-0.5500369617681283
1768,0.1568260340024206,-0.45228734942146315
1769,0.07252067705991261,-0.5286978129462805
1770,0.13988273517265287,-0.6484542675200909
1771,0.1677152740709871,-0.5458359836563116
1772,-0.3401517557965634,-0.4737541419129855
1773,0.6544695319121663,-0.3635490673201283
1774,0.2038005227498131,-0.452203054611874
1775,0.08974673978684375,-0.4339042682265129
1776,0.24754129242070777,-0.35982913941388744
1777,-0.007395379444861558,-0.46891075326082315
1778,-0.24658642218601068,-0.5790556176962012
1779,-0.06593643939195945,-0.6168200219026693
1780,-0.07288084121195224,-0.5011920712013637
1781,-0.41796457048349045,-0.42023620309534676
1782,0.11027613347790186,-0.6098239068464769
1783,-0.07017949613063301,-0.4278722446750042
1784,-0.008381506062139318,-0.5331574811996079
1785,-0.286515715975822,-0.469771125555415
1786,0.26413014532931617,-0.47042421031417414
1787,0.08344333973159163,-0.48118347206780687
1788,-0.009030269072851392,-0.5972643746434756
1789,0.807033862817806,-0.26162633170925814
1790,-0.14843868229939988,-0.6099924252551231
1791,-0.4387452050493963,-0.45211875060249196
1792,-0.25727779234197323,-0.5390683568084904
1793,0.14671841781934394,-0.5057457220336014
1794,-0.22867537259613485,-0.4663829305104424
1795,-0.674184358894037,-0.2938153549651067
1796,-0.01644215822819818,-0.4766004715990285
1797,0.28958957370744637,-0.5934235159280452
1798,-0.2622171736044099,-0.511988651773543
1799,-0.15175281526241458,-0.5020510519345539
1800,-0.268616074524509,-0.4084401137215602
1801,0.41265845750283336,-0.6080953140698241
1802,-0.18933374452050739,0.21136076191623104
1803,0.6377076205284428,-0.40872055614267094
1804,0.3642830002409455,-0.498696133720141
1805,-0.3349320358497557,-0.33604718801247835
1806,0.2077386968918519,-0.5759161767700227
1807,0.7899680292634039,-0.17168394721839322
1808,0.42051890124499475,-0.38318361011316754
1809,-0.3959521172556501,-0.44021623572883894
1810,0.5600348543899726,-0.4666227832832758
1811,0.298093974058796,-0.3616474899942648
1812,0.20056838808841537,-0.5221536158841275
1813,-0.475698347389617,-0.2880816253600543
1814,0.583566090604086,-0.5878576215549838
1815,0.21897798285511297,-0.47953464001278345
1816,0.6961442261672341,-0.23061336852761646
1817,0.2831961662222678,-0.24377592795626926
1818,-0.8052375309496578,-0.408527104361412
1819,-0.012794039750485105,-0.5162392878966576
1820,0.6537061227465817,-0.39981132625763605
1821,-0.3340631646297543,-0.5240464239341612
1822,-0.23554475480759224,-0.5414447154927994
1823,-0.44702328404768943,-0.37881030370040075
1824,0.09474432611997,-0.6122948233996692
1825,-0.5013402548377923,-0.4260364083251214
1826,0.07499338243040324,-0.5865715540845127
1827,0.22632684980237947,-0.5919043879172514
1828,0.7044849514671739,-0.3386971736491227
1829,0.31704488456933566,-0.5173078203040086
1830,-0.11541769513935979,-0.37488676998542747
1831,-0.4802640334145729,-0.4713975401945149
1832,0.4693195673453144,-0.46200859827619156
1833,0.27289051083525906,-0.5258668884732828
1834,-0.034262017336832304,-0.5204413923649442
1835,0.27148075179869097,-0.42066350416586945
1836,-0.32554845147903405,-0.5265667726760916
1837,0.06870551727491586,-0.5465901239308623
1838,-0.22420714234170266,-0.4932849927367607
1839,-0.2981547189336096,-0.36436848486656914
1840,-0.30543847914534417,-0.3713525566911801
1841,0.01266949550005881,-0.5619364373580293
1842,0.06717319469786207,-0.4217940793009439
1843,-0.08469378348064832,-0.5759882748907847
1844,-0.1381665226042928,-0.5068548917048407
1845,0.09417510949720229,-0.37774175792392
1846,0.06298539157738703,-0.6213392396420366
1847,0.10119787762292179,-0.5432380921804534
1848,0.006870768881261487,-0.4354186656345526
1849,-0.2581409755523064,-0.4858366779059411
1850,0.04700718768363761,-0.6211022727399529
1851,0.2340949162714619,-0.4305974195801382
1852,0.2338165204433673,-0.5686553642080235
1853,-0.19606571678650017,-0.6386681224047478
1854,0.3579996515739715,-0.4020996697461099
1855,-0.40783761222325415,-0.5104724322338008
1856,0.13377984131568438,-0.36819675572144744
1857,-0.49774588083456284,-0.552911277930132
1858,0.316112520523148,-0.5031924216874355
1859,0.21077283755506432,-0.6092332666435867
1860,0.5023205396118173,0.18811338131367736
1861,-1.134741275924925,0.10258312331984261
1862,-0.3183473159608944,-0.36417584065971065
1863,0.24248667270919314,-0.46582497498202236
1864,-0.6036767873456552,-0.15922319848105193
1865,-0.49987161811409964,-0.27370286399272803
1866,-0.6545613903502243,-0.26079249183419906
1867,0.5509499532001272,-0.31295531615213035
1868,0.38669585150412916,-0.48752642819097836
1869,0.6327432469543548,-0.40027495690418674
1870,0.4148890541280003,-0.39958386362061177
1871,0.3417802929096132,-0.28201750688895166
1872,-0.1570415610526639,-0.35542075913132065
1873,-0.256839308340722,-0.3470993412441666
1874,-0.2584786081658224,-0.3181409091344268
1875,0.07251100590611326,-0.621457481939778
1876,-0.0012603853792932124,-0.5399184305231949
1877,-0.08954760639480505,-0.5728385963697593
1878,-0.004063152786207218,-0.5812597415874442
1879,-0.0355579068557463,-0.531306265967395
1880,0.38526470364805476,-0.6168104538860735
1881,0.319306893303032,-0.6002483357393682
1882,-0.174845062139233,-0.5215550130227051
1883,0.6787364275511686,-0.35526917031809596
1884,0.06523057695728324,-0.5618567763550284
1885,0.10992929939807947,-0.5177850488286264
1886,0.20861904835343884,-0.5642962345569521
1887,0.010174818904132528,-0.5171275312329873
1888,-0.1235248196118631,-0.48740812301605413
1889,0.28616735741474053,-0.486081440133463
1890,0.052157237192674226,-0.5912211429588958
1891,-0.3176232474045859,-0.5137018463742408
1892,-0.273298056170726,-0.5164247650176074
1893,0.18137088906850182,-0.5861548064523564
1894,-0.1542122277727256,-0.5853967030933984
1895,0.9904612561784758,-0.1304048486726107
1896,-0.1409420655875362,-0.291510365944599
1897,-0.5286210055068812,-0.4361554562116213
1898,0.07904744248870249,-0.4585121406265265
1899,0.6625770937866251,-0.411942465019737
1900,-0.18260609105657968,-0.5359807987422318
1901,0.22648636872172934,-0.467163302859402
1902,0.30841485091510157,-0.44206222743280965
1903,-0.3819548778330954,-0.5119090002584874
1904,-0.2523518987546018,-0.5256371289540474
1905,0.5078979912141972,-0.4364606846473605
1906,-0.3542881335196717,-0.44258369769572375
1907,0.04392431978318293,-0.5909985058226995
1908,-0.1639999668937835,-0.6259562759377694
1909,-0.23640508462910237,-0.42922709873628173
1910,0.40143376351121807,-0.5273518265574109
1911,0.02550924275888001,-0.36878264047360637
1912,0.3386835503750909,-0.582134437082417
1913,0.3773371442094177,-0.4754773970779933
1914,-0.10811407714959037,-0.3456235217363669
1915,-0.14084861854068503,-0.41010171463419887
1916,-0.01922923758872458,-0.5779768965714138
1917,-0.07895859158985183,-0.500460802600867
1918,-0.16679170576909205,-0.5752250995609638
1919,0.2568646271616714,-0.3687014448613947
1920,-0.47094475940682656,-0.49858069113063536
1921,-0.383305457980476,-0.46965010358435155
1922,-0.27503473598692707,0.17599884950690725
1923,-0.59256805858801,-0.14147642903697683
1924,-0.568332210559238,0.11431591736581781
1925,0.04775304817728637,-0.23264328610153828
1926,0.3549859381091911,-0.553114018255392
1927,-0.1463567884182993,-0.2951740387547945
1928,-0.28696052670933836,-0.5059783252756193
1929,0.021652461672369255,-0.490955485778892
1930,-0.5285673698381625,-0.4422553210526108
1931,0.037234714057018524,-0.5666020591769919
1932,-0.15682260206990375,-0.5122897349530583
1933,-0.6202665561630344,-0.22878620328671542
1934,0.3057000782739167,-0.4544142184647003
1935,-0.2496466297395629,-0.4769773603513112
1936,-0.23706180779805358,-0.2454320617318598
1937,-0.8017588280425799,0.5068390670205165
1938,-0.8020049324416676,1.136511730889896
1939,0.3341459941842764,-0.4383859868726538
1940,-1.0811379574529463,-0.14440699400104912
1941,0.0068241396556966635,-0.3040569321265191
1942,0.27243255585484627,-0.2470304495400613
1943,0.8289296339949994,0.04956791838250531
1944,0.3100238959482133,-0.5504536152301679
1945,-0.09963655828083276,-0.40850323460052557
1946,-0.061670172961421695,-0.48119666601148586
1947,-0.7742663338571529,-0.4228744621515709
1948,0.6960483124965335,-0.3363854804326397
1949,0.4230352257020389,-0.428902720663498
1950,-0.3424305581573085,-0.49478837924740565
1951,0.9592724996666689,-0.27914572263936627
1952,-0.11902981509264879,-0.5051867292620537
1953,0.0682080438880717,-0.5020296395751795
1954,0.3069103869010124,-0.5430375320971694
1955,-0.5131049223698477,-0.32283087386936077
1956,-0.8936196914130043,-0.383410953597302
1957,0.603036007712167,-0.5083916292885443
1958,-0.7742536305135117,0.11106578780415638
1959,0.5698883965031829,-0.24336401477512026
1960,0.4337224013510097,-0.3412414836656352
1961,0.19098038308842652,-0.5315752516007267
1962,0.5001061928172662,-0.46402143536396584
1963,-0.8472431324581335,-0.31613467524570604
1964,0.11528192528374498,-0.6232800224094527
1965,0.1852307662856435,-0.5749008762549636
1966,0.20471180843723707,-0.6244680896990639
1967,0.07374609939013296,-0.5873211200330098
1968,-0.16542999772592928,-0.6088297036540168
1969,-0.27978304636817397,-0.426377391578801
1970,0.34033776733287063,-0.6096574210193804
1971,-0.24085373913175168,-0.5930429923903643
1972,0.003488249381374209,-0.59337203000835
1973,0.2528058253979203,-0.5977682687190277
1974,0.6147807885368112,0.046684585693650166
1975,1.284076800507681,-0.011809456266008909
1976,0.6385355587511713,-0.10345731155374417
1977,-0.08739263505835135,-0.15572074620030374
1978,-0.2885034514097034,-0.5253918594943565
1979,-0.4796101569921153,-0.29656530226361427
1980,0.058674908996521453,-0.5624078598704529
1981,0.4037059738035146,-0.46943600509876454
1982,-0.30066837440801114,-0.5127294762414321
1983,-0.6928303336046194,-0.3711480723112889
1984,-0.9154076887366542,-0.27783034221920566
1985,0.5240062076672891,-0.34541778376335797
1986,0.13467649186409444,-0.5057610982969418
1987,1.2284931848903793,-0.3378784251580282
1988,-0.23188526880979787,-0.3180097391028201
1989,0.1833116680610679,-0.6053100836240787
1990,0.1536746975861938,-0.441311654347866
1991,0.7264418433810853,-0.05952638170894554
1992,3.7498363593620008,2.5662870454994744
1993,1.5878096704415365,3.437039033982449
1994,-0.4303108891735052,1.4108093387738885
1995,0.9714547243430227,0.9353706920773073
1996,0.4419819830184717,-0.1090049072479672
1997,0.8048685506195115,0.16911801012468317
1998,0.12541284938692093,0.6503014073700935
1999,-0.17188117488304563,0.42201151809622484
2000,0.337392918624991,0.17420233313020175
2001,-1.2325630622796346,0.202058407892014
2002,0.7555442317675611,-0.23812032097707514
2003,0.18389000476264167,-0.20397490287599718
2004,-0.3799706243700268,-0.11887003307727952
2005,-0.29603555309319585,0.026322163389972963
2006,0.030591594769569887,-0.02746797351846036
2007,0.32166858730931547,0.0210366457499268
2008,-0.35494550228080823,-0.20161583678660047
2009,0.2801861031984577,-0.3305844192757772
2010,0.6758919906436585,-0.12916309520555477
2011,-0.047717247542649006,-0.2715170179263171
2012,0.5456608973874125,-0.2864995832522686
2013,-0.016278969279366798,-0.2558739244266156
2014,0.6199032664185201,0.8401013889937078
2015,0.22828249354502286,-0.2228265305834378
2016,0.07033552178332136,0.1351821224547652
2017,-0.5208714954955107,-0.12083147792251649
2018,0.08050277886311427,-0.45456764812032735
2019,0.052088783874554796,-0.08492599427550623
2020,-0.4562323902133504,0.05073285699621652
2021,0.6114748874476967,-0.4183209407160584
2022,-0.4230383794516574,-0.49897833596614316
2023,0.5237480561137828,-0.189977856562194
2024,0.30090457774762025,-0.1751369618936681
2025,-0.2731796972739808,-0.4162620398173942
2026,0.14610999649847406,-0.5771810776740101
2027,-0.37245011853293186,0.024923309503602598
2028,-0.6625401877615051,-0.19059929607999296
2029,0.016213627108283064,-0.3619458961728435
2030,0.40177454964888837,-0.2752574137565728
2031,-0.4209131768843312,-0.28564997340433146
2032,-0.5819329356093115,-0.42637617209463113
2033,-0.04551166981269437,-0.19624808373931668
2034,0.29656073866435095,-0.3195011597673347
2035,-0.9211976868225774,-0.27975532400456343
2036,-1.330177338823908,1.0580520424592628
2037,0.3848267147319449,-0.38451428715078884
2038,-0.0011941750782428692,-0.2235894714441088
2039,1.3288641679506195,0.1624081413194482
2040,-0.15607558269310962,-0.21841852651943933
2041,-0.6406562840025583,-0.11662979618508648
2042,-0.573161459000924,-0.24205092268546582
2043,-0.3524798491795298,-0.1828981193262718
2044,1.201645584554646,-0.3267308971605356
2045,0.4886300993612625,0.24855275416248215
2046,-1.684027752351675,0.15540568613170283
2047,2.2813821071822478,0.5225827842087223
2048,2.7397138989213685,1.97854269658677
2049,-1.1146507104781764,1.4061992465738413
2050,0.19830538316203283,0.046530950350709054
2051,-1.5511777712625054,0.3333675842510401
2052,1.1137882450705088,-0.10901697875960331
2053,-0.6230468012868764,-0.19481718163009107
2054,-0.4357683476117327,0.17232665772572925
2055,0.2794284113057691,0.1067240448108812
2056,-1.6460969062559816,0.23553414504743367
2057,-0.7689389396798403,0.003605747912100488
2058,-2.1973935480185256,1.7893271011222929
2059,-1.3697751778143246,3.0192959122229652
2060,0.9301445507903618,0.7513265917520839
2061,-0.9172454379256119,0.19400226950873584
2062,-0.17390858347639457,0.2299196915016546
2063,0.09670895644689367,-0.0586444689452053
2064,-0.2703660650447529,-0.31653654914722695
2065,0.2849878888049864,-0.2812582685591005
2066,-0.5108782837063938,-0.1135508367869255
2067,1.0120372643426823,-0.17171369027152752
2068,1.0431894135778996,0.030878560512601304
2069,-0.04601694435783892,-0.22889602483586352
2070,0.4245728761466614,-0.23584797767678417
2071,-1.1593929815130335,-0.08045388336345086
2072,-0.16347048086339988,-0.5732369551462442
2073,0.6959832112730958,-0.4234194187399897
2074,0.31470070807017375,-0.5296788066817453
2075,-0.7296722585347024,-0.3948241429781633
2076,-0.21272129125827532,-0.529920636618182
2077,0.23468153229445815,-0.3382808091400156
2078,0.28516328985220474,-0.5387625192972902
2079,-0.7186913290180874,-0.3186533802729742
2080,-0.4431821302824271,-0.4925806181435782
2081,0.44649246970813605,-0.43911262362554665
2082,0.24427722354596534,-0.4951856220427556
2083,-0.05084845073105294,-0.263968679245043
2084,0.5670653229400154,-0.4930229782965683
2085,-0.3796139029924666,-0.4993427762350894
2086,0.9784853731970208,-0.05078445206368372
2087,-0.29703188504041045,-0.44101445946991774
2088,0.45892451007833646,-0.47709634138786355
2089,-0.9652812558582584,1.1753358349754566
2090,1.2359176449399103,-0.2931213698774145
2091,0.4257294903476213,-0.19158706353418978
2092,2.1386786653560357,2.172646205457419
2093,0.5924937723106734,0.05531268742800404
2094,-0.25770957680712653,-0.26706337025144167
2095,-0.4973218288092598,-0.2582466967410239
2096,-1.1320580772536974,0.06195873162100993
2097,-0.6208356245926787,-0.41798058266525195
2098,0.8393379699645493,-0.2507435592538985
2099,-1.0369773618176543,-0.0009446151138109028
2100,0.6763532791830406,-0.318419587799986
2101,0.43596353621852,-0.22810647823486388
2102,-0.12255876067287436,-0.5944256127408392
2103,0.1752193706752397,-0.02447676843109323
2104,0.0044514441824046805,-0.343281890133997
2105,-0.05110523290088288,-0.5398240550233807
2106,-0.9090381222654157,-0.36589482715858257
2107,-0.18498951290077909,-0.37024361441339476
2108,0.5991990254498352,-0.46034527283224846
2109,0.6097554291841522,-0.3437340590686151
2110,0.22161667832883308,-0.37286699220019426
2111,-0.34449420719929585,-0.12830723119312312
2112,-0.9277784426835689,0.1722091861267751
2113,-0.0808354252290362,-0.1670695308378864
2114,0.9306064201156685,-0.3638651793105038
2115,-0.3155525609886788,-0.3292509225291709
2116,0.9544642111122013,-0.06159003099075942
2117,1.1774113237375528,1.9670993037506825
2118,0.0960530574652213,0.10574754153197605
2119,0.6458517594532158,0.47558640355613546
2120,-0.713252687500819,-0.06967666097600399
2121,-0.18172764620584642,-0.2869032343048801
2122,0.21515400237005466,-0.310193434314954
2123,-0.32419454438206385,-0.2695794409361874
2124,0.8518003033193666,-0.06682901738178415
2125,-0.24055583094300975,-0.4671761759451264
2126,-0.09935025664979469,-0.3071051976375478
2127,0.3829088563844616,-0.08378193885299957
2128,-0.9768236083137979,-0.07170670561779167
2129,0.8815295054038015,-0.19034691125022138
2130,0.0675715229782489,-0.47388027833456087
2131,-0.09562669485692235,-0.2789813981867089
2132,0.6196129522335904,0.06606548187056754
2133,-0.7023482417975001,0.12257397003978653
2134,0.43665589989286147,-0.24981569586111022
2135,-0.06853565994817076,-0.33485905791495846
2136,0.6197283079739939,0.4703939811650763
2137,-0.49263985020574874,-0.1903751446632282
2138,0.9623173870569328,0.4789130426584549
2139,2.472101188884408,2.135755681123333
2140,-0.7484136944167841,1.0801227455789737
2141,1.9985060056355999,2.6560097036082957
2142,0.49804137168374507,4.017523155956157
2143,1.036822516635068,3.297160657491174
2144,-0.7700497264523012,1.9438139825423653
2145,1.9191389733795343,3.0573114911010766
2146,0.4122049294403002,2.7955164443975424
2147,2.207972186063744,5.352165966092629
2148,-1.6137205790653328,2.695040585160125
2149,-2.495399741481295,3.8284895522064857
2150,1.9521704004826517,1.187438169897653
2151,-0.425668433886451,1.041715301719317
2152,-0.4406038180552757,0.7536634865757976
2153,0.2635075403395686,-0.010908555167540256
2154,-0.4839824524782174,-0.1994026611186979
2155,0.5168496916485942,0.062230259188657155
2156,0.2738477277106495,0.1176282318756732
2157,0.9930391260406195,0.13413354027811106
2158,0.38916673864322093,-0.18859066127576954
2159,-0.5345976804796448,0.31619825321899964
2160,0.09967659650070224,-0.4346082806607477
2161,0.7876961776975328,-0.31381729490045845
2162,0.13693676192755083,-0.32413921997824385
2163,-0.053614187411989776,-0.41520306242022326
2164,0.10316197020093465,-0.35613956841107597
2165,-1.5324632421479105,0.26818374378013643
2166,0.9194663874870628,-0.3284033457347351
2167,-0.48122413987581686,-0.403173186603001
2168,-0.012715160217153298,-0.44538401842279524
2169,0.11368094224689246,-0.5389843042092166
2170,-0.1884753896623838,-0.4161282197515969
2171,0.10028597553430402,-0.3942958498412142
2172,1.099983693702317,0.5307477170511083
2173,1.4598802446878991,0.8654959055682385
2174,4.852834225168013,7.1137781983806585
2175,-0.6576559434065832,2.2119411799600983
2176,0.06544211952288734,0.2699838820186452
2177,-0.45042695110809,0.6779860693770278
2178,0.40135993084669663,0.0030897656046851713
2179,1.4184757693691499,1.5298396354620178
2180,0.7917885020200995,1.603883356408066
2181,-0.11560931341439284,1.1366760403619283
2182,-0.09505936976930976,0.39634898462218665
2183,0.23169777810486958,1.0877235915597814
2184,0.2744132483292848,0.7954739154765395
2185,-1.318471391636383,0.5218238354309169
2186,-0.8481705121568884,1.0317280854220354
2187,1.2111978477933176,1.1514513287980142
2188,0.5824165049756257,0.17749429274136228
2189,-1.2736142247066973,0.17100353893682296
2190,-1.6747345919684502,1.0894116903766495
2191,0.9840099837869245,0.3085814257037908
2192,0.8215338354884159,0.7228914299486894
2193,-0.015404359394502902,0.4131613732945467
2194,0.05822850247828374,0.3151543785427527
2195,-0.9114913563944267,0.08731003420001571
2196,0.9556001564356322,-0.00718770060552303
2197,0.6382115673899115,0.19780880957915126
2198,0.5965060601556985,-0.09182585907781894
2199,-0.14828848750766113,-0.10076650833303391
2200,-0.6159415357571929,0.032103818020942546
2201,0.7657100151311483,-0.3092189424714739
2202,2.3723255774664715,2.2381202975926455
2203,-1.092476503535532,1.3959854823111524
2204,-0.5168914040408975,0.34036600819185886
2205,0.06267982865221994,-0.17880625854601861
2206,-0.3064501525063425,0.36233741070583225
2207,1.1395503922220205,-0.021206118506581256
2208,0.03548282713265822,0.06393995731533753
2209,-0.18776303003605832,-0.2512996096901293
2210,-0.23931885257260613,-0.4164476637892925
2211,-0.6313608810599105,0.4058371943823874
2212,0.38521445376226093,-0.3027873105762342
2213,0.14391490808548527,-0.1594448882277946
2214,1.693123723650712,0.5569485598436055
2215,0.735999607318238,1.1148988646119955
2216,-0.5598983963611963,0.5704882450073073
2217,0.6033552142008564,0.7585549223514314
2218,0.09598047803828971,0.6891018647343923
2219,0.40688178066300157,0.13822052995237208
2220,-0.9266314396304312,0.23675080856504307
2221,-0.5332428046641792,0.12088693002238908
2222,-0.7617226720557393,-0.13064992685441645
2223,-2.0939990709541556,2.4810521406280914
2224,1.0887694756826158,0.5871408656675513
2225,-0.2989499789228046,0.0700451625678701
2226,0.9838810283186042,0.5118503664147397
2227,-0.11155073685715758,-0.1051994167184493
2228,0.14690831745174,0.09021639658067139
2229,-0.7988040186728648,-0.08224247886155817
2230,-0.2808809279995127,-0.29128251061769744
2231,1.343845387637637,0.5911713094844324
2232,-0.3127886168441856,-0.35149137418060733
2233,-0.42331647237876485,0.16239140983439085
2234,0.5917192977529954,-0.22345546448273323
2235,1.0289675027675196,0.20503310549147852
2236,0.1362238296663675,0.6276348624600293
2237,-2.967851498563691,6.579097121547414
2238,-1.8945285850161022,4.405694466238293
2239,1.2968007510301633,2.477103692300204
2240,-0.6833964865792823,2.4156379169955926
2241,0.4890690424389116,1.1237375689950908
2242,-1.4285914081014934,0.28100806586262134
2243,-1.522300969242139,2.81419542454165
2244,-2.3010069476729256,6.377062572248414
2245,1.7536430132727616,2.2327091934765986
2246,2.1922825897929337,1.0548845813672723
2247,-0.42432441872656945,0.9298040855729413
2248,0.4474112912610687,0.9999778007590752
2249,0.9313985404503047,1.713902490345148
2250,0.2604062348333448,0.01456211304257172
2251,1.153772538135132,1.4687023393650824
2252,-0.7105583912842384,-0.07378989165196304
2253,-0.1358699707560263,-0.45563991462188286
2254,0.6751741330606469,-0.19016115309424866
2255,0.8958017621412995,0.12228827049513026
2256,-0.5092898031038622,0.011204122042925636
2257,-0.976976680090619,-0.24612308701331312
2258,-0.2562127987677912,-0.38453538459865194
2259,-1.775402863991131,0.34267865393706487
2260,-1.03307642986928,0.1687702574404806
2261,1.6172616491870513,0.1085795075315059
2262,-0.09873536629038943,0.17937680186758895
2263,0.4022454318010044,-0.33322900844603764
2264,0.7620850805050923,-0.20864982774012872
2265,-0.15088271573654943,-0.37590653722531003
2266,-0.05556541703103015,-0.4808061224349883
2267,0.3660986302832434,-0.40303895778430227
2268,-0.1673618501024613,-0.5326767819619135
2269,-0.8118389990950768,-0.26206289094684226
2270,0.1996022032687217,-0.3632498131815107
2271,-0.7801529709585265,-0.3110489358385168
2272,0.5454141446017439,-0.4165422033053466
2273,1.1651289073877278,-0.25720478537591923
2274,0.41509247900185914,-0.5125795045447279
2275,-0.029407753598645555,-0.562525977912928
2276,-0.3921049570919811,-0.4753018586951205
2277,-0.5837178421233336,-0.33780603508937923
2278,0.2531860127872156,-0.5605921223545737
2279,-0.8119424039017906,-0.1670195635501015
2280,-0.8947377928589906,-0.0033282448426525274
2281,1.2640824316915147,-0.23845924975157298
2282,-1.1371173445559486,-0.16949716122547612
2283,-0.7356682865097111,-0.14973719525462162
2284,-0.03097638018844171,0.14557901271862325
2285,0.8037674276292557,-0.48171611702056266
2286,0.2924306749271051,-0.31208073035431066
2287,0.6272398796724692,-0.2012888682528853
2288,-0.06972145528038648,-0.4261541510459787
2289,-1.452073366272105,-0.08726919809314147
2290,-1.0906724094541524,0.4106690813513914
2291,0.267912337321337,-0.1742862465112517
2292,0.9928752508606677,-0.06130555167325594
2293,-2.2201217822680865,0.9872647296768077
2294,-0.9276876376200363,0.45090919069491114
2295,0.23053923111810296,0.6298858099354824
2296,0.1941174165370728,-0.09704361141312381
2297,-0.6071516011394001,-0.033943657272480894
2298,0.6389889168255072,-0.3027368455041187
2299,0.8749465110436919,-0.12811590727095346
2300,-1.3057386188489764,-0.23639713027231907
2301,0.24309993423852438,-0.3642092539511058
2302,-0.24157197366874902,-0.5281532616350865
2303,0.020697653810282053,-0.1406360681420015
2304,0.9306019539403801,0.06254743535203636
2305,-1.0560346521642012,-0.09397071003818283
2306,-0.4100398129650036,-0.2984395666654955
2307,1.2792354007771076,0.3041236420779956
2308,-1.2127118250320388,-0.033043614214595826
2309,-0.9192752406831086,0.250115262064177
2310,-0.3221353963734238,-0.12776598644431666
2311,-0.4191113630546177,0.3365411612946622
2312,-0.9618639427073137,0.7380852854087145
2313,-0.9430528737544691,2.4018662007450344
2314,0.17636498948703644,1.951873344015455
2315,1.350010235208006,0.5425597295103326
2316,0.14878634626029405,0.07073807765134629
2317,0.18925481639268346,-0.37075703366097607
2318,0.5047132426842853,-0.16930773123148163
2319,-0.026592430563602908,-0.337377529073994
2320,0.6622766581938172,-0.1299909598018801
2321,0.35625674861893486,-0.4141951688169252
2322,-0.08634179582475957,-0.202024255057482
2323,-0.880733094250889,0.06287410769455114
2324,0.3468214480914281,-0.5305386500905702
2325,-0.32350478303711144,0.3613541069369029
2326,0.7819128291342581,-0.44912382507749643
2327,-0.21293086626518698,-0.46934732415829433
2328,0.1930052402551825,0.037394626638954626
2329,0.3218165414587727,-0.10678520772323005
2330,0.68235447553052,-0.23805116362476322
2331,-0.24324104650847178,-0.20000586956590477
2332,0.4001569499884151,-0.5131269612164954
2333,0.10706920258924618,1.94919550886055
2334,-0.1752718491739111,0.43419682949859273
2335,0.5143412081078682,2.37610404255656
2336,-0.12206784965242098,1.3654734676031066
2337,1.5388610833228544,0.9344297789046543
2338,0.07383015593274186,1.3008510964336373
2339,2.0287233219791396,1.775889193955497
2340,-0.9255119233746703,1.8780662624259152
2341,0.163662416555753,0.7276788450306418
2342,-0.5578705703630229,0.580228348166143
2343,1.1461904055676282,0.434741074070358
2344,0.7823607106069642,1.0447919861517778
2345,-0.02984709602283515,0.636378705383009
2346,-0.43190606364321726,1.421138875820394
2347,-2.057870305517602,0.7394333340819976
2348,0.2969345086493342,1.027207981329159
2349,-1.202510238629587,0.3000356125246747
2350,1.138536160051748,0.13526140885473167
2351,1.4189003562302975,0.19395225739176883
2352,-0.668827420229086,0.051769835203370335
2353,0.4577384675050848,-0.17164068156751847
2354,0.33071203614711175,-0.18262718821304258
2355,-0.8604199146765583,0.048401083488289906
2356,1.066232140001857,-0.2752187875906766
2357,0.23361279751514447,-0.5307168569786519
2358,-0.032371401444640735,-0.4051791119174597
2359,-0.24975630021837075,0.25647958953697764
2360,0.07405385777616003,-0.485858265592196
2361,-0.026425791906317702,-0.31440484789526635
2362,-0.08543896894287528,-0.45392267191871316
2363,0.45683177843107975,-0.05594378905697342
2364,-1.628949186804844,0.254856865960152
2365,0.3324262398799469,-0.43331735863748766
2366,0.677012681006171,-0.43913031015332554
2367,0.5550027775847794,-0.5043014804840033
2368,0.13630965602957004,-0.5058159603919765
2369,-0.24637590589297606,-0.5422439997578536
2370,-0.43369301642727837,-0.16894437419909972
2371,0.33901410747301053,-0.40161377397000625
2372,0.9409817543925123,0.2163687065276992
2373,0.7126404698811859,0.11671463168195771
2374,0.28874575648559214,0.02586349552184664
2375,-0.8612049771548425,0.5837931821842817
2376,0.094416548272825,-0.053180778836164594
2377,0.861223988231545,-0.22326486519133734
2378,-0.15553651146983277,-0.3390582534986562
2379,1.3970601363561643,0.7355625668226138
2380,-1.887566184322289,0.5675573587446369
2381,0.7919652533121659,-0.19893860722613607
2382,-0.9857955866663566,-0.09032668332002335
2383,-0.6158524197811217,-0.26361441248904466
2384,-1.253756974604396,0.6210833576646789
2385,-0.5552115969309179,0.34952596135130554
2386,-0.974518665930203,0.49980173262572203
2387,0.571069603290852,0.14057861636596986
2388,0.11567199367534614,-0.1156135991571594
2389,0.9146378457151176,-0.14818930264749305
2390,0.06980015914127993,-0.5423337810979422
2391,0.8867356000478006,-0.23003543247866026
2392,-0.9682118780310641,-0.23601103067322485
2393,0.22175841299532822,-0.15994457331702655
2394,-0.6521160572548304,-0.25868114946116705
2395,1.2453377233242495,-0.09912935865267956
2396,0.44766241465008394,-0.28634533360000936
2397,-0.6701599408113321,-0.314412508559707
2398,-0.03527645783919733,-0.3517735651795052
2399,0.85245325743686,-0.19299425708675974
2400,0.4343967548459386,-0.1181638852111675
2401,0.44407242750396614,0.24785281074063203
2402,0.1536102146969352,0.10486580460595525
2403,0.03944992095375236,0.709624923599627
2404,-0.5288258411584822,-0.2649042936315417
2405,0.5271888771046667,0.09142496122571862
2406,0.35178701937582296,0.3458372323651475
2407,-0.4617324948882406,0.39873597317724463
2408,0.6400820301752624,0.25155714773009347
2409,-0.2783974256985796,-0.23883135925291232
2410,0.23855282047486615,0.0752501479988893
2411,-0.38725217698568065,0.08974129045179435
2412,-0.2838117481768968,-0.4492881944077586
2413,-0.06085553332072648,-0.33200638214089184
2414,0.8023466532130065,-0.031065093736093036
2415,-0.8298161793332516,-0.18620436686637395
2416,-0.5012497694823914,-0.10701869015346512
2417,-0.46160549743340973,-0.25985157407557036
2418,-0.15871703738169507,-0.13828512388688516
2419,1.5759931895001063,0.45535105581587304
2420,0.14548819760894227,0.5808657045854675
2421,-0.09912173536311156,0.09943226681509426
2422,1.4346982948798068,0.5858584122309479
2423,0.9524806960281399,1.4841255232560855
2424,-1.765891464747962,2.0906634490199667
2425,1.0377951150254365,0.205490944850844
2426,-1.933472967283908,1.2828472366322066
2427,-0.24986411396320066,0.4190260811586525
2428,-0.8318805979959445,0.5149484058337073
2429,0.8670056191607078,1.3050264418024327
2430,-0.310280755967509,0.561017457837661
2431,3.6107771010083645,2.4156847748181143
2432,-2.374462786208661,1.5097936858775396
2433,2.103885197276396,1.126375340237656
2434,0.83199871248554,2.778802735794046
2435,0.15726733994603276,1.4746583503183162
2436,-0.7317247246707841,1.1911463680604808
2437,-1.4831806300731476,1.7728914105021183
2438,0.35905873485145867,0.13937346335232415
2439,-1.0732448196212585,0.8012919975976383
2440,0.726384754824921,0.4203966829304636
2441,1.295581148175449,0.5990258369741361
2442,-0.3750196365175161,-0.19565176185450658
2443,0.7815296145874344,0.39282237310450085
2444,-0.2530178682050239,-0.5070997566397346
2445,-2.376699520278122,1.112476995376291
2446,-1.0306950816515734,0.6659880662683005
2447,0.5497530530168033,-0.21225526484785975
2448,0.7749277668606371,-0.4207105827101412
2449,0.9317651052501075,-0.0896667889631553
2450,-1.030685541190501,-0.1734613604262661
2451,-0.24328668843062706,-0.3112158637361088
2452,0.2863285632963565,-0.3258763505735597
2453,0.20469718129869102,-0.47846929154265977
2454,0.6418287575657479,-0.24107031456523237
2455,-0.7687816910065957,-0.2096183466767072
2456,-0.24539700665784164,-0.3681462241055754
2457,-0.44339161373135894,-0.2602593661732793
2458,0.24097693225778746,-0.4180726964433571
2459,0.4724186158472424,-0.42643454276488896
2460,-1.2028279733270821,-0.08470069838294947
2461,0.0038470911181242642,-0.438862405387239
2462,-0.7759822751312242,0.2219145643755202
2463,0.8125618895024842,-0.2926468259869777
2464,0.28772431925921715,-0.43037873886996564
2465,0.6949914586646391,-0.47419504457443207
2466,-0.20692093065742242,-0.4752327017523692
2467,-0.316609527481573,-0.2860524226683609
2468,-0.3644630101594566,-0.5229635019092496
2469,0.0853981318145984,-0.629309486728574
2470,-0.394053801612995,-0.4883141532947684
2471,0.9677333069170567,-0.23005096601465205
2472,-0.0034593611186563497,-0.2106937381485747
2473,-0.5481497970314048,-0.33607542775534743
2474,1.2391433058394752,0.2602544966976795
2475,-0.4758491585073868,0.07839985563283224
2476,0.8012690216904932,-0.14625975518151374
2477,1.0090580883117586,0.8972156186491882
2478,0.3407247322307452,-0.024964761715446458
2479,-1.334788489748825,0.0327196659271305
2480,0.34611884718658076,-0.22276960482020208
2481,0.7283130730170906,-0.1449715279471946
2482,-0.48017749215902794,-0.21566491799664614
2483,-0.18749050536343004,-0.16108616464811717
2484,-1.2028703956808884,-0.1538399046601388
2485,-0.1395724127435554,-0.4389691045493134
2486,-0.07134175798280748,-0.3516072006520112
2487,0.20489681680480798,-0.3738434586045035
2488,-0.704583559852124,-0.29773661081580105
2489,-0.049793373023408256,-0.46056518739545144
2490,-0.6943007381590139,-0.37657926564677396
2491,-0.07248751195648453,-0.2215314362684949
2492,0.4488416837535374,-0.36131328473977775
2493,0.3593247214337594,-0.3890748441507272
2494,0.048458934893493635,-0.6212032731146041
2495,0.43591867084674796,-0.5254554309742748
2496,-0.1627625086191114,-0.5641076863250131
2497,0.4542371598589958,-0.048374520256505085
2498,0.11126429952540237,-0.5026937019856594
2499,0.7226829740899892,-0.13258595611732157
2500,-0.09888655885775727,-0.46232376177159956
2501,0.04219383607536915,-0.48786965866043636
2502,-1.0649004905348665,0.032906955398900976
2503,0.19054345137487377,-0.3869165010646472
2504,0.7580905980379651,-0.3065521156857078
2505,-1.6260186262524732,0.6354525657086371
2506,-0.5369073596160855,0.30204124052561965
2507,0.2170182428434612,-0.10108244285558403
2508,-0.6415731388080702,-0.36815663008910193
2509,-0.6804591372281457,0.4374268501065638
2510,0.5845153068275639,-0.30258756145413646
2511,-0.052966607070756976,-0.2706049275084234
2512,0.33523274375525236,-0.4363173614555895
2513,0.5250091485645249,-0.43615142689038544
2514,-0.8278316662358194,-0.3860443812720595
2515,-0.4002904223383868,-0.1988194027369126
2516,-0.3339248007461827,-0.4615351873252918
2517,-0.6027106985177982,0.38153621651069797
2518,0.038401060963818165,0.14843274705229995
2519,0.6322721192447275,-0.11028351428769693
2520,0.15017940329488327,-0.2126514423767624
2521,-0.4061472789546247,-0.4407244824984311
2522,-0.18075615983027113,-0.49750075292129775
2523,0.16217677688994175,-0.43343720487966025
2524,-0.8918063789657189,-0.3099852506661449
2525,-0.4430928214036546,0.28923420929276805
2526,0.7859316213769055,-0.14116272634353091
2527,-0.26916535947128606,-0.08387953887356964
2528,0.2778485574436696,-0.39747764299484917
2529,0.6536346855470242,-0.3694205081703244
2530,-0.07720673620042354,-0.09526647276472162
2531,0.7093338248963813,-0.32552995620561737
2532,0.43796574148728457,-0.049417916947188605
2533,-0.46316048052615727,-0.40665966406233933
2534,0.3646727747690251,-0.48069290477912446
2535,-0.44053857086570963,-0.356317666662286
2536,0.4600721568213049,-0.49798331445302907
2537,-1.0077094529983357,-0.16109651923217974
2538,0.6089471361353997,-0.4272187052642548
2539,-0.2833888581705658,-0.50342209975648
2540,0.48531566658838815,-0.4375210134324697
2541,0.057160570335971585,-0.5990538327993379
2542,-0.12707044682923205,-0.5858852327954798
2543,-0.30366114641013875,-0.555794992126729
2544,0.3598091131968591,-0.4994223004907137
2545,-0.31156515308643357,-0.5926775666702402
2546,-0.3798848121074811,-0.5157146417253637
2547,-0.016081365390281124,-0.6094016550117662
2548,0.3875237991132601,-0.5514229971021832
2549,0.11892285227920224,-0.6291782897989563
2550,0.2674391957290741,-0.5911318150392713
2551,-0.2259976198711726,-0.5739456529825466
2552,-0.21275123695619652,-0.4490109945001434
2553,-0.19532622108166703,-0.5573241935233421
2554,-0.6077759966841462,-0.5517896140757436
2555,1.0589565065028907,-0.387355719769108
2556,-0.08934576999431892,-0.6174370204317292
2557,0.1550405355963126,-0.5197232382630653
2558,-0.05868808826187725,-0.5604711540299459
2559,0.9800549039405774,-0.23567864968139562
2560,0.05141309184014798,-0.36599334691579577
2561,0.42520616722194315,-0.5146404947291101
2562,-0.2571991241886443,-0.4529883123725419
2563,-0.49779287248123605,-0.43265367559667195
2564,0.2601960062831207,-0.5148851502789866
2565,-0.2436519527303705,-0.47954954727138027
2566,0.02246633833290648,-0.5927864917783415
2567,0.5581529119760729,-0.48028643990079084
2568,0.8430733363568899,0.11997697446200709
2569,-0.07979076335897062,-0.45981670858715123
2570,-0.428792724308941,-0.36051267368434603
2571,0.512967094185581,-0.018672107019580688
2572,-2.2207361877433165,1.673913424869353
2573,-0.8853114597340588,0.7075453396580615
2574,-2.0806920517165484,1.0172808500095833
2575,1.4431527926002792,0.3696925531198829
2576,-0.2313484834151256,-0.4772732837326829
2577,-0.3486966788998269,-0.4663248286860941
2578,0.24387925612211486,-0.42577251220272533
2579,0.04571788989276795,-0.5750698043872967
2580,-0.46542880990294927,-0.5540057046233196
2581,0.46840872903385855,-0.5688407249362435
2582,-0.203056874725219,-0.47737874896203353
2583,0.3229696492877868,-0.5353083006256669
2584,-0.4044991217838032,-0.5018341736907709
2585,-0.8968823004599121,-0.247782672305633
2586,-0.3686212080607085,-0.24373090424509924
2587,0.1857562372638119,-0.284232251247932
2588,-1.3897209603437197,0.6746804547014164
2589,0.7782657118408745,-0.2232067639905063
2590,0.0882201820856923,-0.4695541717657622
2591,0.5134935284110717,-0.4522156545436782
2592,0.14277772421194843,-0.4470843527861298
2593,-0.34486636723475983,-0.6012354157993157
2594,0.2595900715605939,-0.486793138785175
2595,-0.1541030341008925,-0.47884572416679816
2596,0.5163392210602619,-0.5947368971313501
2597,0.04105023461195028,-0.49839190979897935
2598,0.017844259611159076,-0.36530413161012104
2599,0.19509065089413347,-0.33757919470700753
2600,0.28337357283825954,-0.33301104834185263
2601,0.3837102602177873,-0.375552793875939
2602,-0.10995821675026962,-0.3639555020981979
2603,-0.5611301068534919,-0.5846384857255867
2604,0.17514830205896192,-0.58565720820499
2605,0.5800243579213994,-0.511703454068322
2606,-0.346510385106143,-0.5224617063513086
2607,-0.23803203972948667,-0.5906259342754316
2608,-0.3834975630174025,-0.5213586032513228
2609,0.08090666699267413,-0.34569585288173404
2610,0.15148969308908425,-0.5623516553893466
2611,-0.3820967747712723,-0.5420179334881322
2612,-0.05672536417394679,-0.6416023169132204
2613,-0.18659373186845557,-0.49708559530509483
2614,-0.161022654340583,-0.48875182692815994
2615,-0.6332246608872216,-0.1904373795047066
2616,-0.19374600693752855,-0.5255888065274431
2617,0.7094613127374291,0.6369543628857923
2618,-0.5141347794416575,0.021378685170508935
2619,0.3179933894713064,-0.013909375580479132
2620,-0.2580416708881648,-0.41625325919781353
2621,0.9400511953008784,-0.19600510158991818
2622,0.2987514118221355,-0.14669463673568572
2623,-0.5637847975938606,-0.4036079286648577
2624,0.6332827507169014,-0.3336287504887426
2625,0.046330516910288944,-0.5425743833119248
2626,-0.24062628413713225,-0.39157233164453203
2627,-0.7636938194458327,-0.06665547831845328
2628,-0.6281647997145368,-0.42794892774536597
2629,0.2936064992338906,-0.45643298372822294
2630,0.2570402886800763,-0.554561633426549
2631,0.11228737372166181,-0.5065737492453836
2632,-0.7311981714031017,0.07153638943533924
2633,0.2766603523575339,-0.2715876630684557
2634,-0.1120445935691014,-0.47096958241536746
2635,0.9802477991677246,-0.22700775322170424
2636,-0.2098576234771446,-0.46133442621200293
2637,0.046476094183625985,-0.5352049973104116
2638,0.16316463121025532,-0.5176885211583157
2639,0.6729273539400848,-0.28649374376441605
2640,0.2774078274996352,-0.4000782206821646
2641,0.7629588857319808,-0.2904079852640873
2642,-0.40267222128960584,-0.4499978888422789
2643,0.3529857273438301,-0.41579142065935143
2644,0.6349663438312927,-0.23948598299322305
2645,-0.09041895145311454,-0.3370593403368605
2646,0.553512532988548,-0.3788581299746982
2647,-0.42813178413047265,-0.2628638485036906
2648,-0.611943484182418,-0.46530267917566254
2649,0.35449770351297394,-0.3042534100980218
2650,-0.3157371855802147,-0.2262362297362588
2651,-0.3920817175326571,-0.4368967199254741
2652,0.9181373296376761,-0.5226973885058596
2653,0.4106476318580391,-0.22173944024560172
2654,-0.43117847840581214,-0.4753697775681939
2655,-1.550278114224131,-0.11560031977415881
2656,-0.3032539822167468,-0.13932657432962026
2657,0.5375111419177276,-0.3395494533561198
2658,-0.3059695349082375,-0.42174381298703123
2659,-0.9173385659619717,-0.2818038197752101
2660,0.3464216091554093,-0.44676871766188797
2661,-0.3648589108690681,-0.5431193711413413
2662,-0.02202053785240711,-0.5252393900171548
2663,-1.515546049352767,1.1715124697996986
2664,0.9056314910012752,-0.04607657193909885
2665,0.2867783232522352,-0.36858677030482845
2666,-0.8764205910562191,-0.362233585207304
2667,-0.43710141990768386,0.04582134793891439
2668,-1.482579476952716,0.5425672737675216
2669,-1.4107909729540709,1.6376640850407904
2670,0.2529657569849521,0.30156410243500575
2671,0.6154337758679993,0.32595989760569505
2672,1.2404258552453569,0.15677454787227268
2673,0.4236675179385899,-0.4892119375186723
2674,0.6953193393833059,-0.3771580120168053
2675,-0.28367196242366854,-0.45926780516047705
2676,1.2328835091190178,0.09245308275432149
2677,1.045985077456332,0.26299259615563014
2678,-0.13216840945052735,-0.4702718140027484
2679,0.637498460830211,-0.29670996326323285
2680,0.948737577875862,-0.0781301514860936
2681,-0.7449349557733923,-0.233884362406989
2682,-0.11832686028005313,-0.36895171708940716
2683,0.4361768107864863,-0.2883201042276482
2684,-0.0969653117173587,-0.49072933514832195
2685,0.08421355606402645,-0.3040373968147016
2686,0.3209744650520117,-0.1553447008541972
2687,0.8404261264002582,-0.3891370266166249
2688,0.1911815380424594,-0.35612344927926437
2689,1.1510857051880872,0.3300348188807754
2690,-0.214200031395821,0.022577679115746034
2691,-0.4175583574089799,-0.0951717499501916
2692,1.1121578510748522,0.2507240349343172
2693,0.18226612857025154,0.07266852398082363
2694,-0.06773730054337168,-0.20266588540674688
2695,0.5285562864455571,-0.0071239445661025564
2696,0.0730155571769581,-0.21473429421961163
2697,-0.4493149525001216,0.04617735447563539
2698,-0.18015572271048935,-0.23896683570296268
2699,0.05726308588737684,-0.11127153334170635
2700,0.22757003711266294,-0.3047167720566189
2701,0.3456905824674919,-0.28050385792199906
2702,-0.6406749402227274,-0.17122203678281755
2703,-0.4091782676800716,0.4559675087085245
2704,-0.6107341525019999,0.933447070999196
2705,2.6062966591669072,1.638085394429978
2706,-0.7774093076644136,-0.03349756084930432
2707,0.33964256705911733,0.25472519870518257
2708,1.1402942319402123,0.24349704089965296
2709,-0.2814548716357029,0.7450953212247131
2710,-0.4720627734630502,-0.21169184347741518
2711,-1.1375964011946373,0.14163454261690214
2712,0.5810118836379334,-0.268448765104303
2713,0.7798746629082445,0.07708852445828289
2714,-0.9107963599057483,0.1329253345431061
2715,-0.21780856458492115,0.05025809539177269
2716,-0.9939776867221292,-0.12217668133891543
2717,-0.8934724718718323,0.9286759988231104
2718,-3.1138883661989505,1.8716513036219318
2719,2.0168587160109577,0.6464094444093131
2720,0.28284314438975966,-0.09002209433863059
2721,-0.27027337282848685,0.018018740069961285
2722,-1.0433793206340116,0.40183764846674536
2723,-1.3287949434928334,-0.06576072817642588
2724,-1.8562261065536383,1.3471278408560743
2725,-0.09665274344575434,0.04506333453638225
2726,0.6475726964117987,0.4220150221008228
2727,-1.219123934195637,0.6478083409967386
2728,0.7808938282519269,0.6925069825230251
2729,1.4786205653618931,0.0978431167641125
2730,-1.188767503120778,0.15887311921623654
2731,-0.280870154026927,0.010893753429905267
2732,-0.16122923296555988,-0.4027782342144055
2733,1.3911941591745838,-0.3127355290159795
2734,0.9997547037637653,-0.18952517132614738
2735,-1.2508104059065523,-0.13004062401342845
2736,0.43674358826660875,-0.4596803972263243
2737,0.5054625679014586,-0.4139947218773461
2738,0.6383052033923635,-0.4003135878480065
2739,1.1270349744067931,0.24820872509055353
2740,1.0962585493104617,0.23761981721302186
2741,0.8890609847588229,-0.396777186945396
2742,-0.5286415513738045,-0.1501542988172869
2743,-1.0375928695297811,-0.16549080095632976
2744,0.515231300209611,-0.3748724831542068
2745,-0.9731879931923436,-0.381444914645439
2746,0.06415239448705426,-0.353740894303021
2747,-0.3641979698927644,-0.46198589398441514
2748,0.1879980591083801,-0.5555744686595416
2749,-0.05113919592564355,-0.504547113215559
2750,0.849034774936049,-0.3990765323673578
2751,0.31699663436487446,-0.4357270964736271
2752,-0.5448579819605506,-0.49489756216289893
2753,0.4953914629994308,-0.545202143321161
2754,0.5484085865579751,-0.39326446171630236
2755,0.24455723058794163,-0.40424546707619746
2756,0.0631459526817292,-0.4399746303933479
2757,0.4673490973347398,-0.3616652565119943
2758,-0.27333131796041943,-0.5597049934599243
2759,-0.2691753318786405,-0.19412119681568854
2760,0.5839801814926424,-0.31840497838931525
2761,0.7783293675946935,-0.40524545059835554
2762,-0.2428231606765798,-0.32315974798284575
2763,-0.34937856806235135,-0.17656937230513742
2764,-0.11664870255011789,-0.407857565449763
2765,0.7820052701927728,-0.1839812458742028
2766,-1.1755566028268252,0.11476814326540767
2767,-0.3849394313163294,0.019615151014722283
2768,-0.1678816868772565,-0.3690559633301585
2769,-0.2979779012451211,-0.5202152223477023
2770,-0.49943483332083516,-0.3806990541789059
2771,-0.13564797378058238,-0.15647049496121743
2772,0.7204693395080696,-0.3993118295024443
2773,0.19036502557036034,-0.3327559240790372
2774,-0.157872476659227,-0.4474542074082215
2775,0.460375445740398,-0.3996984272850264
2776,0.29725273058314533,-0.42738309914746303
2777,-1.5261940804528122,-0.07997569355935935
2778,-0.7951818729498852,0.037920375784559895
2779,-0.29009379897843457,-0.2570771304843379
2780,0.6087969994574378,-0.1971679919024415
2781,-0.1905443650788864,-0.23559020105470052
2782,-0.007839021676430837,-0.37109711085170605
2783,1.1301117349046168,-0.24846523188157082
2784,0.888659074955753,-0.0137576017693607
2785,-0.21694529810186136,-0.12088931673854908
2786,0.6885393999515944,-0.015971347345147806
2787,-0.2550517967111482,-0.3189145427152
2788,0.5582354127080051,-0.3828347003681611
2789,-0.48334319181299673,-0.3726439023281246
2790,0.3967537573183254,-0.16716281457834736
2791,0.23740532247294258,0.04853179638190166
2792,-0.3288645841429675,0.1675624625802172
2793,-0.4327512308024844,0.034743570937217416
2794,0.6378862268410272,0.05490481554155085
2795,-0.6498209072599073,-0.3064899089341244
2796,0.16195705109596928,-0.47830369542437157
2797,-0.16069503598485815,0.012273783398046875
2798,0.43960843892452867,-0.40213604873819253
2799,-0.11022690564624005,-0.2693637497803448
2800,-0.4771933829041303,-0.3136203923586357
2801,-0.6212306035658094,-0.4485259947985828
2802,-0.3940164656306978,-0.15010015219723466
2803,1.5775880246926155,0.4322080187469147
2804,-0.23655463122963502,0.23126247161160643
2805,-0.6303342699484288,-0.18848615740701194
2806,0.4280834160457814,-0.4164127192683566
2807,-0.3241415913422627,-0.3319001195418592
2808,-0.8912222564716725,0.2747740798148659
2809,0.42651729266792027,-0.01838757460851542
2810,-1.1077857917030411,-0.05118133188829433
2811,0.11440382005692568,-0.16838651156389625
2812,0.158620159167918,0.5150188409358893
2813,0.12337452734791526,0.21849181502286405
2814,0.012021520490843101,0.2378138111628929
2815,0.5389352749861381,1.4005038754323074
2816,-0.5565479004466041,0.2677139171110208
2817,1.4545362347703046,0.5690332202664871
2818,-0.47156792375227047,-0.3728481706675181
2819,-0.47235000154262885,-0.4587860733652765
2820,-0.4344747300509903,-0.42269539250840893
2821,0.5652019432057722,-0.1584197146435698
2822,-0.49081028935892046,-0.19380476396912613
2823,0.27779173214812924,-0.3489728599391785
2824,0.7632249576100205,-0.18633607140547226
2825,1.1931223829387343,0.6210437264849833
2826,-1.8465774251192109,0.3601714267500737
2827,0.11152655533211273,0.42959360685124737
2828,0.4693940601354334,-0.403594812433827
2829,-0.07742158136553334,-0.3197961365053573
2830,0.24104389691580688,-0.106241354383122
2831,-0.40362847243197475,0.01119129996463548
2832,0.8641885711491,0.06404636449772448
2833,0.09701725853314852,-0.37856088142384864
2834,-0.027168410767713598,-0.43963682383850367
2835,-0.21492498014754258,-0.440037198233466
2836,-0.18424885516940548,-0.3450564301012208
2837,-0.46527656941983764,-0.5033037164758963
2838,0.08363276779830159,-0.45185144304073566
2839,-0.7889542885757654,-0.4620158604985022
2840,-0.784170985050486,-0.10541556075596954
2841,-0.014976556174256944,-0.04821351191115036
2842,-0.26570768007268103,-0.44330395656775307
2843,-1.078673107081744,-0.15242693812580113
2844,-0.47628322667460976,1.103686379701147
2845,0.34001540003902514,0.548336028267597
2846,0.3293815493397087,-0.3666152664911862
2847,-1.549916566622502,0.2612925606285961
2848,-0.45479907352593046,-0.05591519322994696
2849,-0.5355758491464174,0.04424029086278468
2850,0.37353534982817227,-0.5253505508151278
2851,-1.58840875065013,0.8222875136703865
2852,0.3667816333914389,-0.018919796441847925
2853,1.0273264720251591,0.08007616050435
2854,0.7020307455566452,-0.10172970078026253
2855,0.48077047779404275,0.31598971771452755
2856,-0.08296975407716786,-0.15720257675464197
2857,0.4088639972143771,-0.06472931844081302
2858,0.020606588595251073,-0.5414584093308593
2859,-0.9485764783100468,-0.2626667612569007
2860,0.849973820971801,-0.2755602903197765
2861,-1.1227857896956155,-0.21075599007170787
2862,0.8872739074418666,-0.17132161176966432
2863,0.2140827067331463,-0.3419207319174063
2864,0.036447504237000196,-0.22045880848853863
2865,0.8338017886834681,-0.34646437736139984
2866,-0.26685625462964907,-0.3753227015713426
2867,-0.1912471398926805,-0.3572432603052446
2868,0.28420233080931934,-0.551998371244473
2869,0.18123570633983024,-0.4439449928696859
2870,1.1820831945418677,-0.13238698816394884
2871,-0.24438445951526247,-0.44584353843372604
2872,-0.33970555129551344,-0.29425986703972157
2873,0.037750849683409915,-0.5702290226110431
2874,0.5697197888181105,-0.45807355149876205
2875,-0.44487480734441287,-0.45711887835102616
2876,-0.15011785098017885,-0.44703626096939053
2877,0.11275130291642496,-0.6083637281558686
2878,-0.4073002146547062,-0.2677448338394748
2879,0.15106281537799202,-0.549689504972581
2880,0.3316635368191811,-0.5085350900557801
2881,-0.7669576354137513,-0.3796287777164596
2882,-0.2061916127912095,-0.3476731105085757
2883,0.1649259971607067,-0.48353817622623696
2884,-0.36298202554761,-0.37184107467098504
2885,-0.903521759075569,0.12282361252989032
2886,0.30360900192794893,-0.39463828527634837
2887,0.2901569921769276,-0.36176244221464743
2888,-0.8643703717940634,-0.1277191566606719
2889,0.38020611487868006,-0.5166538312244056
2890,0.131027295240136,-0.4909919989673742
2891,0.208392564311932,-0.47333201855832696
2892,0.4969064117134605,-0.5549301954829394
2893,0.5907059968911997,-0.15026103032672872
2894,-0.15874299313399887,-0.4956962271731622
2895,-0.13121179313576473,-0.03960372862864137
2896,-0.1669454559306216,-0.5967870616300135
2897,0.3448530328975403,-0.5835519852016716
2898,0.1301273452983246,-0.4432337416629423
2899,0.16820611828447538,-0.5321363584756607
2900,0.43246821394237694,-0.40724038200987783
2901,-0.0008760262308071757,-0.4442759822303704
2902,0.20558792516517277,-0.44585515115237423
2903,-0.3340638894665277,-0.4163211882635227
2904,-1.100001958282585,0.0038397254027227627
2905,-2.047153240856817,3.0636856478399794
2906,0.09349053517669714,1.7179129091508027
2907,-2.063191374481315,1.4276444511717998
2908,1.2539150566031894,1.2557375355340923
2909,-2.461398106072793,4.227506365537061
2910,-3.4581770608850446,3.453025424394996
2911,2.040787078655475,3.7308426670053776
2912,2.539765024951457,2.7983474153945513
2913,-0.16875575137921395,0.983958738490944
2914,-1.2539392346024627,0.494236917418237
2915,0.8351148148239621,-0.0958779403969384
2916,-0.3290685357371442,0.39652518557279476
2917,1.0193684705712431,0.19893912094624341
2918,-0.8408389370867037,-0.32119935195161586
2919,-1.1460556317728443,0.10948295359093599
2920,0.07700213151080632,-0.19143972365195105
2921,1.4059495719614379,-0.18291243238984944
2922,-0.21164750531642762,-0.31344338022765983
2923,-0.7242685408383158,-0.3287955024789158
2924,0.9678863836253665,-0.3421889074036899
2925,1.2406475763181382,0.0678144399798063
2926,-0.36819799786221424,-0.12608014363134604
2927,0.9950484490440052,0.3578516856536825
2928,-0.7785950035753305,-0.17340849980073034
2929,-0.34461714128356113,-0.4700581820609125
2930,-0.07011845049389337,-0.5548113202089873
2931,-0.014253200528457653,-0.5245755154538673
2932,-1.2833621522541645,-0.28469663669572604
2933,0.8740993984584362,-0.4566387950947104
2934,0.8413957220706323,-0.32769623128943703
2935,2.0588626993228996,0.5115680968402104
2936,0.37565538300528983,0.07342023303441546
2937,-0.4440681726557895,-0.4784466217529747
2938,-0.37735943664596916,-0.47254457398530364
2939,-0.09557259073100846,-0.48430881026129724
2940,0.38353962019002624,-0.5496195895217623
2941,-0.5817248834138743,-0.4677069148029274
2942,-0.40901884469490835,-0.5650661033607275
2943,0.6920848718135564,-0.49900305184010557
2944,-0.733715770856209,-0.31764089925074634
2945,-0.36284795159175676,-0.3990676007685963
2946,-0.3772587323779383,-0.38164425685381326
2947,0.635694038974965,-0.3958033121269271
2948,-0.13348942008733689,-0.6140193019643762
2949,-0.3172646004821298,-0.5287535517159271
2950,-0.093174152931916,-0.5734935686501326
2951,0.6428860750553356,-0.45136032423789024
2952,0.11296722080655844,-0.5547785976141644
2953,-0.05284049185580339,-0.36911385631738985
2954,0.44031111852429483,-0.44931217953868646
2955,0.6916773681043058,-0.2733008047177609
2956,0.18989340081306208,-0.3120182745862342
2957,0.28110470403634047,-0.4562862182136479
2958,-0.045235729042091034,-0.5617881463739052
2959,0.1083542213926397,-0.2042807313032974
2960,0.8581864290298181,-0.2032704685247682
2961,-0.22030022532781274,-0.5327852269432167
2962,-0.5060260625749325,-0.29132748355459187
2963,-0.17922406996272505,-0.04079008189282269
2964,0.2583573690820421,-0.4700333602708235
2965,0.12336586125867668,-0.19893269421638743
2966,-0.43414438836513913,-0.28590400805548705
2967,0.07741041279275679,-0.49642865668480146
2968,-0.6180443404937082,-0.5146737212925103
2969,0.45868229400039734,-0.45584326892490595
2970,0.3957928464496704,-0.5699726832107757
2971,0.43513276947365104,-0.5393089165907871
2972,-0.09554384830831322,-0.5186323943502678
2973,0.7041287519473096,-0.29552659262795317
2974,0.0012801198191836685,-0.37639648006430043
2975,-0.4110851777260104,-0.3313099397863813
2976,-0.19065882035047652,-0.5297636409331736
2977,-0.5729326061019588,-0.4379160721455909
2978,0.18615066483931617,-0.4783691840565753
2979,0.34782582420431585,-0.46227853400574476
2980,0.10325179641481605,-0.5512504385808048
2981,0.3726719974009053,-0.478632530896704
2982,-0.15745198378235364,-0.29202075055595333
2983,0.158029384104024,-0.5637004008459234
2984,0.8212591241791105,-0.3037021126364765
2985,-0.23827637503403792,-0.2884172751928293
2986,0.5844176729551664,-0.4159479979231916
2987,-0.15906172733707027,-0.5218223378656807
2988,0.40926787282027816,-0.40531578785612543
2989,0.6252981923223235,8.008105271938148e-05
2990,0.23363558983465216,0.27195850030157226
2991,0.6203799727699243,-0.32037362745602393
2992,2.097865678736616,2.2403218009081827
2993,-0.8023316184565985,0.2675638842186815
2994,0.2079380492491482,-0.28568825078746757
2995,0.11252293268626828,0.21797142015866539
2996,-0.9814235373551001,-0.16217920800132218
2997,0.5872201413504157,-0.2291740488665831
2998,0.28596427269001895,-0.27178012011157693
2999,0.2545851458137085,-0.22413875477097406
3000,-0.4562135978095736,-0.19480922057492675
3001,0.7844276690222381,0.14587396314968457
3002,-0.25386021024795896,-0.4761519188069765
3003,0.5263761506842404,-0.17827370299197737
3004,0.2829732043287508,0.03610028974522905
3005,-1.9533587830601375,1.6033777787679544
3006,-1.6483185779641056,0.6916190398551363
3007,1.6797476771599695,1.8010483599427407
3008,0.7504053634628606,0.251973723325797
3009,-0.19913473756256525,0.13829905876510967
3010,1.8430796081394805,0.5459883011210811
3011,1.7682400533991243,1.077519467218784
3012,-0.9955814339443012,1.3865631181612281
3013,-0.8114143504371605,0.16997140454968274
3014,-0.8039040421327236,0.22122858766918357
3015,0.9757885256789417,0.44257095808317554
3016,0.2794835380397108,-0.30618909587286985
3017,0.8238116344405126,0.23714356108268758
3018,-1.4343970887081487,0.10986332050019283
3019,0.4141983026400732,-0.27404678200849364
3020,-0.65682431135929,-0.02404624966530036
3021,-1.2881080616068994,0.08648541049585186
3022,0.6593666703760408,-0.2790683111181814
3023,-1.0318559498906734,-0.15497424376700336
3024,-0.25710740064940607,-0.44556613751846585
3025,1.0846252715194016,-0.12383556018847874
3026,0.48891176535496206,0.005322327569177877
3027,-1.1777203425188638,-0.3520004473695839
3028,0.3391372374745345,-0.4273755069152302
3029,-0.29380736770183724,-0.5106471167812581
3030,-0.1209428410962805,-0.38935750339338276
3031,0.7687979305110577,-0.17704290968194902
3032,-0.06572941798666232,-0.5038536561413807
3033,-0.4709610508764188,-0.3223175228483284
3034,-0.3466162460569807,-0.4312748033483771
3035,1.1193641267694978,-0.2609627322463028
3036,-0.3922998346535546,-0.538772455294894
3037,0.6198370890262895,-0.47750915825521373
3038,-0.9140398481125566,-0.24403457142565335
3039,0.46913367936053063,-0.2674068870149762
3040,-0.2269449109787295,-0.6030443758179266
3041,-0.5662342509787957,-0.46525648443548673
3042,-0.16359662946427772,-0.4111224661725216
3043,-0.35500258344115626,-0.49498179846997414
3044,0.4919280492557476,-0.297281808536178
3045,-0.7182284617660657,-0.32157262732402386
3046,0.6592981921667,-0.5253593538916477
3047,0.1418508829705955,-0.06486955367191596
3048,1.2628233432855258,0.06512150953654654
3049,-0.26161774545031546,-0.1819850398082479
3050,0.8812991470451266,-0.2704400483475801
3051,-0.012577866350683163,-0.06298240065479631
3052,-0.22082394548502812,-0.3217982250975799
3053,-0.7203705478676594,-0.2600937535462883
3054,0.505506886437147,-0.44374586137177713
3055,-0.21153567731781378,-0.2829059164616514
3056,0.9658735968144248,-0.17797344870346454
3057,-0.07587353357891294,-0.09044861527187056
3058,0.41815233456958023,-0.24274827664287615
3059,0.9820926414970765,0.20594839369164866
3060,-1.0463417894722125,-0.00663793195875872
3061,0.34240258835726556,-0.3011933674347698
3062,-0.448062302932875,-0.4061491323996977
3063,-0.08227043500885797,-0.3387337875451519
3064,-0.3095035683863704,-0.447746864328116
3065,-0.8704113438240129,-0.10065337141926765
3066,0.15421253763821513,-0.48542475962491016
3067,0.04808686833395911,-0.5349071063430709
3068,-0.5658741719585376,-0.325987503856433
3069,-0.13881266983120594,-0.4591144900362639
3070,-0.3874222765244915,0.08274189438086414
3071,0.02600696116081052,-0.45210988727743906
3072,0.5063224988806103,-0.19115467461834648
3073,-0.8649074290487953,-0.08613832591911876
3074,0.46320590579862003,-0.5226676691868194
3075,-0.8421295391456941,0.2605902557287185
3076,0.24938066227747635,-0.16744062195937165
3077,-0.6190510816012312,0.12735375664590412
3078,-0.5076528246936324,-0.33830763803410485
3079,1.1524348822602548,-0.16945288596207203
3080,0.3344915544255627,-0.21695218649351686
3081,0.22522591286989468,-0.44205274166711556
3082,-0.1751510452088908,-0.5152059300741978
3083,0.5907557178298337,-0.3806025085668157
3084,-0.2965050564741883,-0.5105969442712455
3085,-0.6250133163856662,-0.457347230962246
3086,0.06864395327471476,-0.63053254283607
3087,0.6364177873540278,-0.4890331711934979
3088,0.0467587810895978,-0.3546247438298739
3089,0.13422677716252113,-0.469930664577483
3090,-0.15644455171959876,-0.5944252235763134
3091,0.7102043521162275,-0.07653043540568932
3092,-0.13052090131799968,-0.26706845138934043
3093,-0.04743638020160941,-0.5137219944374117
3094,-0.4162263498393919,-0.329966665642785
3095,-0.39951695542022525,-0.4907424990224086
3096,-0.13808667973081465,-0.31463467461051664
3097,0.6112262284690543,1.6022828805347409
3098,1.0697488734923386,-0.1665023221629624
3099,-1.3426483975851604,0.013519100728107235
3100,0.5026098154558694,-0.4338708252902381
3101,-0.14338616023194742,-0.10644400737667552
3102,-0.49449942238602357,-0.24652651613700724
3103,0.41387371204622014,-0.060146487018037965
3104,1.1617139078063043,0.045714627469236636
3105,0.4748571113643692,0.43560023961038113
3106,1.1567358959911533,0.09247658966438764
3107,-0.9948241189251805,0.08165534846882266
3108,-1.5370240921682095,0.16055019162580353
3109,1.131906883583299,-0.1309044425512137
3110,-0.42546327046746824,-0.436860841871815
3111,1.4789610646408862,0.5328039131224799
3112,-0.1957390560937683,-0.05014631689513464
3113,0.2644147864632931,-0.41232646056527905
3114,-1.2476645500966819,-0.14189130314464557
3115,-0.8194883422389778,-0.13171906346187598
3116,0.38641610482804845,-0.2894107911146794
3117,-0.3712850919069593,-0.4506428877785499
3118,0.41245418175714993,-0.3314468924500643
3119,0.49686313575463376,-0.43398076660166574
3120,-0.5489435288939255,-0.47808136397171713
3121,0.45490979928231784,-0.5136361130623919
3122,-1.1776453848284538,-0.2730714387887247
3123,-0.6996733155750097,0.0706060212862465
3124,0.2746132112282175,-0.37281595830392955
3125,-0.8476024480378411,-0.38219255151597664
3126,-0.011729840801634153,-0.3686941956056223
3127,0.44816798330245766,-0.4530466602730951
3128,0.02311587296323967,-0.45911928414428155
3129,0.29315268640675957,-0.592496396841841
3130,0.022415591531844234,-0.5095384744997041
3131,0.40477503846908924,-0.5719779739712049
3132,-0.3197553125534862,-0.47817730102030703
3133,-0.43085019545205316,-0.48171708459665014
3134,-0.5601745749278766,-0.4025526172920543
3135,-0.17966805000061198,-0.40904923309374897
3136,0.2586735339522474,-0.40059585910094514
3137,-0.2181460815341707,-0.43783816904627754
3138,0.0981213265429105,-0.5739490857679646
3139,0.31674503301030354,-0.44990824408456837
3140,-0.14581186458627382,-0.4122021735848838
3141,0.39370190546764483,-0.6185874882115119
3142,0.13742450549713575,-0.4204979585167417
3143,-0.26126316666084326,-0.36858467476368906
3144,-0.3205566861741578,-0.4883282582006933
3145,-0.3607742233886241,-0.5576378164786896
3146,-0.005038906215759491,-0.40980672625185804
3147,-0.6250333032669484,-0.4138852072116458
3148,-0.00970582882763752,-0.32810033845621556
3149,-0.3569050246485172,-0.40124734372958437
3150,0.11407047916601018,-0.5632849401231304
3151,0.6640052405522648,-0.49588580371818997
3152,0.34047923841443606,-0.5693405226143148
3153,-0.3185700528565425,-0.5197986329152067
3154,0.04062293597017896,-0.6084579465592442
3155,-0.021328095447877074,-0.5918762662538196
3156,-0.4372968479245851,-0.4118459186297347
3157,0.11737286181340986,-0.5994686849045017
3158,-0.179106329836804,-0.4624857606876178
3159,0.4423291967702373,-0.5815852491230006
3160,0.031135741962520343,-0.3663138450435025
3161,0.38413824906307314,-0.5972724663169136
3162,-0.07617361658667696,-0.6649768133831755
3163,-0.4900602098188004,-0.5144045726250474
3164,0.40666676889391506,-0.5699910158048652
3165,0.37964668829905396,-0.54704583532018
3166,-0.6378910249002563,-0.4526084916595363
3167,-0.4811051124093607,-0.2804689622762793
3168,-0.6330151343602688,-0.2876993493383535
3169,0.581715334642515,-0.5260841250529706
3170,-0.3672583700025243,-0.5118183184376255
3171,0.17322015617068395,-0.40163371371434203
3172,-0.3383565998283607,-0.5913870035645231
3173,0.5129380757796357,-0.5004181905520481
3174,-0.07241248754723259,-0.5223856918364895
3175,-0.818023061830857,-0.27539591748805636
3176,0.7402104069559358,-0.23300862619945165
3177,0.24407647760887502,-0.3243353765289713
3178,-0.2960860146584449,-0.5300672420562693
3179,-0.3438253525696364,-0.3665624842814594
3180,0.2753573598816757,-0.4893394536962538
3181,-0.31775974170282395,-0.34120000629668656
3182,0.004447778901205367,-0.4695879127603149
3183,-0.48600455012584387,-0.29078561328908914
3184,0.03164022515951891,-0.5750300453188062
3185,-0.7811424445184256,-0.20662497604017205
3186,-0.39040839088883306,-0.1390957261811521
3187,0.4220341718014283,-0.3606241718746641
3188,0.3947277625520394,-0.48160873922494574
3189,-0.2863480593099066,-0.46072347100909505
3190,-0.012362845203672992,-0.5349444982530902
3191,0.17155515736261032,-0.3486388959994845
3192,0.6286399814071513,-0.4027704343480211
3193,0.3839527803865339,-0.5185983261675032
3194,-0.18199985796297546,-0.5447507789027785
3195,0.46476932959704204,-0.41733761950588355
3196,0.3944370298526236,-0.39311634702479614
3197,-0.2050439567137921,-0.36748737983035046
3198,0.25332703317885996,-0.4806028881660293
3199,-0.12439443969893971,-0.4147831604439575
3200,0.13499398657644607,-0.49704222598280445
3201,0.32647386267788264,-0.49266915802855904
3202,-0.0005527002528510523,-0.1144603012853329
3203,0.5551075063819418,-0.517797875335485
3204,-0.26833582558539976,-0.47646223916217817
3205,-0.07802520911461477,-0.481843050320553
3206,-0.1646893257723404,-0.3627693009871126
3207,-0.5641608617098516,-0.36428131219236237
3208,-0.16565752681414797,-0.29810157433834183
3209,-0.7768877937121137,0.43745866457647264
3210,0.2623167226778672,-0.347358286370817
3211,-1.2342098627802278,0.9194104157502396
3212,0.39345911220053853,-0.0052692003697258375
3213,-0.391284680338971,-0.41093070612275695
3214,0.8920825226487628,-0.26992828192993745
3215,0.246563890219612,-0.5524806083442612
3216,-0.151567415557997,-0.5595788726431631
3217,-0.78513452658838,-0.389604109965883
3218,0.10770252950232842,-0.5238423308144121
3219,0.3157717853623447,-0.5390235966310867
3220,0.5083427948812181,-0.5953305974693588
3221,0.06588136239530662,-0.6202282584656557
3222,0.3812186568429544,-0.5099238345123862
3223,-0.240317175066863,-0.5499152729375457
3224,0.1563458253010689,-0.4746499217443524
3225,-0.3449106375606137,-0.38200485420051394
3226,-0.029559505812218313,-0.626385406024209
3227,-0.4852512407985034,-0.3843774162798569
3228,0.982737392343691,-0.30078316679882433
3229,-0.6163000496538467,-0.49503236856231525
3230,-0.2067168084021376,-0.42863962480987955
3231,-0.3006860858419107,-0.517634184708874
3232,0.14211357994519674,-0.6607291204117896
3233,0.46865429598928715,-0.31099193932995783
3234,-0.40677557016140764,-0.4344121853746569
3235,-0.2505780515883865,-0.33683985806372474
3236,-0.8352729542481385,-0.3777459861468312
3237,0.1493227477809843,-0.4933170831830548
3238,-0.33729350659107205,-0.5629934746695074
3239,0.4503951624967114,-0.33349653653391637
3240,-0.48866717909121404,-0.4935345394898796
3241,-0.5044510546537164,0.3464751967108643
3242,0.24645404051330522,-0.35151276011742427
3243,0.5331366217313962,-0.36749965102583926
3244,0.18346194131967625,-0.5020895971305501
3245,-1.0955383346893772,-0.1696318937787882
3246,1.4422406551349514,0.6233696212311095
3247,0.9485405742744673,-0.00036172083478753624
3248,-0.3340303602099472,-0.4504755169392005
3249,-1.2735511483394402,-0.21358535094377004
3250,-0.10816464196315928,-0.6479474729152874
3251,-0.8206521494089744,-0.29020575504401014
3252,0.3684983666430515,-0.37870958534970406
3253,0.13504753706951267,-0.43273325530885026
3254,-0.4790291939833226,-0.4392501804012671
3255,0.34208775611318554,-0.2630417724703624
3256,0.09620445718584411,-0.3534448077492829
3257,-0.7631820704002589,-0.10881873432033917
3258,-0.0803663893818839,-0.3928663456717507
3259,0.7626142793384605,-0.35327032291425364
3260,0.1736554339838993,-0.4280926744182981
3261,0.2268638765482598,-0.516672630811263
3262,0.19229397886256533,-0.029965332264796474
3263,-0.3298429232110548,-0.3780427281139773
3264,-0.49083876261948367,-0.4131250229303296
3265,0.2512020458052205,-0.41047412723697235
3266,0.02648630350235561,-0.5996340338500689
3267,0.3581068601449188,-0.4444966106293531
3268,-0.6384180998894236,-0.346817644170574
3269,-0.4691858703506584,-0.4833709456918692
3270,0.45214910053380797,-0.17623790654720606
3271,-0.1276263631332687,-0.4459656513169936
3272,-0.6460124769173944,-0.30413577201971675
3273,-0.7088428892151442,0.3014290019981318
3274,0.0861850504120514,-0.5242981194360102
3275,-0.308359479724829,-0.25085278678902206
3276,-0.6001110319259623,-0.3724560920316576
3277,0.0007939647279930455,-0.5637357925584557
3278,-0.08217575720182349,-0.5871542730382011
3279,-0.10075709529991958,-0.48940118138371136
3280,0.3069415967725848,-0.3190325136363608
3281,0.28266764132951644,-0.4430257438376461
3282,-0.3260790635134109,-0.46183271984681
3283,0.20731331635788738,-0.23383447506661312
3284,0.20543666603115446,-0.40372756764313106
3285,-0.18661256710517563,-0.34682445521687344
3286,-0.25404527950859546,-0.4188497505184233
3287,0.28275673208982105,-0.41771404346149665
3288,-0.30776422979760687,-0.4121966070705173
3289,0.27491924502325027,-0.6246581727035531
3290,-0.3495827208063458,-0.5123661515972938
3291,-0.08448350606684829,-0.663744373926649
3292,-0.5055465422748147,0.05089965975563691
3293,-0.8306979984028828,-0.20485427327948078
3294,0.6834030856386872,-0.3844946104820664
3295,0.4883693174378302,-0.2333813399526341
3296,0.5904027475729656,-0.4550762775115443
3297,-0.08280797784637375,-0.40341746610067886
3298,0.21063032659275932,-0.34051113468071004
3299,0.2222362487785103,-0.3321015306869696
3300,-0.388925117208183,-0.06413909168904373
3301,-0.7588299463406647,-0.22941145552062903
3302,0.24545525683718747,-0.3617527318382885
3303,-0.28698933730387943,-0.4084615514909974
3304,0.12079920733651103,-0.39642400721985155
3305,-1.0321278084195509,-0.18750315901949513
3306,0.10850178695697943,-0.2962600588528417
3307,0.48969671686585475,-0.3922175138480507
3308,-0.7763838468649835,-0.362728162458206
3309,0.18681140510618516,-0.2273797044051527
3310,0.2366039440187415,-0.4384241901660178
3311,-0.24236130237576264,-0.3785033706516849
3312,0.582524193733091,-0.49293842833576745
3313,-0.09398529042176668,-0.5452297995032843
3314,-0.4332351693740637,-0.5220305975656505
3315,-0.016323046957216016,-0.5101310953533096
3316,0.4101697272301462,-0.4925307035662821
3317,0.7087453539133348,-0.341948448128196
3318,-0.31234978817171666,-0.5697093875085367
3319,0.2989126514287857,-0.5272244527794968
3320,0.5865993246308978,-0.545807918763047
3321,-0.1446159058119999,-0.6019373375896164
3322,0.13959914450110222,-0.6234372190921093
3323,-0.786999992385924,-0.4643784392749865
3324,0.4849376200662178,-0.5461647939311237
3325,0.3517873062102557,-0.5395779357256303
3326,-0.12524549422142822,-0.620338255347777
3327,-2.028096181578252,0.9828423263673987
3328,-0.13891205495704517,-0.4492270052873806
3329,-1.1787559752704844,0.31089190679623907
3330,0.5304269346559705,-0.46493616410342903
3331,-0.7083786730409591,0.048260154182270795
3332,-1.270973190199232,0.4044975587948882
3333,-0.6891402534569879,0.16507398077332264
3334,0.536803262023374,-0.2958121795151222
3335,0.6683836660549984,0.3630237013134965
3336,1.2235650148349007,0.012767452932213512
3337,-0.24632820035976624,-0.27321349429298286
3338,0.3832671113739092,-0.5699869126004208
3339,-0.79397644633394,-0.44253157383755154
3340,-1.1044434815671829,-0.021688814600705184
3341,-1.2051953777435283,1.7915053051608474
3342,0.005618120003524865,-0.46167769440183004
3343,0.6755410551173924,0.9896416997326862
3344,1.1883066839311445,0.08772928074000245
3345,0.12579966857545213,-0.10829518851989778
3346,-0.09073723465380595,-0.4857095780541497
3347,-0.46340033118826446,-0.43236810000773335
3348,-0.3141117782439887,-0.41766761676065345
3349,0.6463965524139705,-0.3787026443865123
3350,-0.6513101855003166,-0.36956203774604746
3351,0.4334492180759375,0.10559968210064913
3352,0.8307397614605159,-0.276904156298941
3353,0.49775710147640684,-0.3516927288497968
3354,0.03481361127192747,-0.5357693271218253
3355,-0.40613161937473735,-0.13808449406859466
3356,0.5758815970248612,-0.5221976679580015
3357,0.18963147860352125,-0.5049039069270641
3358,1.2399496108546146,0.03186566677572768
3359,-0.5642454380548689,-0.32240520034225245
3360,-0.1527928127419226,-0.515706799066453
3361,0.27976731110162856,-0.4897552356479877
3362,0.11234956119781558,-0.3868462741892469
3363,-0.56485665390719,-0.3522978780483582
3364,0.027187903834395295,-0.33019415717487377
3365,0.5514947988201827,-0.35835395393546843
3366,0.12879470803376805,-0.5703998513257998
3367,-0.250713920320424,-0.32389379611358265
3368,-0.28092619859802725,-0.31387523465841516
3369,0.03377289220645209,-0.4585052172003842
3370,-0.08378788704565873,-0.32467449409701027
3371,-0.14987918074436732,-0.4774301320449668
3372,0.5513882406900085,-0.42242515216302684
3373,-0.29092569519456873,-0.48827469147159264
3374,-0.32253215191571655,-0.344243940165567
3375,-0.7063612873936491,0.11024360365425454
3376,-0.7272714400927023,-0.21399998802046366
3377,-0.5479656210895454,0.4814706035078707
3378,-0.11342669239642719,-0.1282548995399743
3379,0.3960259943370824,0.1887661291311814
3380,-1.0555732482311078,0.6111422093771194
3381,-0.4524085900540472,0.4861180716677213
3382,0.36819617518291803,-0.3136183285535496
3383,0.7682931010264731,0.19977221305133583
3384,0.43551957602385116,-0.06883503632662026
3385,-0.041535931007608315,-0.32311630693664484
3386,0.06028622580848273,-0.5217506313834653
3387,-0.6537862240760506,0.2255625858560552
3388,-0.21705719233381376,-0.31047796849968
3389,-1.0791244834370235,0.9341359610138769
3390,1.4141854664222844,0.29741426088380013
3391,-0.6826342593280134,0.536815890255403
3392,-0.09481136514082183,0.01561154225799786
3393,0.45420236696375194,-0.00608338617049721
3394,-0.6086691453118666,-0.16655368831444156
3395,-0.398052320989235,-0.236032716304635
3396,0.21585183773649144,-0.3017375881594962
3397,-0.8480032564301683,-0.25999964061106906
3398,0.1999350238153338,-0.0885474796940438
3399,0.6934384469042351,-0.42277784128083773
3400,1.117103267667942,-0.15283552797678662
3401,0.2308700193079629,-0.35856579721751636
3402,-0.2709082530332497,-0.33511685928614293
3403,-0.4572282730249789,-0.28146735298569203
3404,1.200462437994804,-0.463477197449607
3405,0.5159826927581812,0.06909260662450986
3406,0.24026581196908542,-0.5513871245215959
3407,0.6245074082721295,-0.4269293840467159
3408,-0.28689518801641045,-0.31191814406710233
3409,1.1021668880270326,0.13087730231181688
3410,-0.32054517818607386,-0.5259583469832259
3411,0.23529582337111404,-0.44424387163974594
3412,-0.689666019809345,-0.3698135133112499
3413,-0.6812105826502086,-0.4049815363322807
3414,-0.506512070850987,-0.3532958347454091
3415,-0.6689168148679093,-0.15360632618581826
3416,-0.16659362773336028,-0.5547269975593687
3417,-0.9922103926346528,-0.05728668567957497
3418,0.8861049417389881,-0.48488811928874553
3419,1.1706370893736218,-0.22663842832065859
3420,0.20826180860851082,-0.5444061870516491
3421,-0.43340358497373044,-0.5250003239640153
3422,0.6733570416500555,-0.4213532326955095
3423,0.46733532162964875,-0.5844171999669904
3424,0.1818755776196671,-0.4924676184369402
3425,1.2089514572744222,-0.3192539674494666
3426,-0.5286659058034656,-0.5205620467960669
3427,-0.29357240593793144,-0.530564503375127
3428,-0.5289483602033666,-0.4159283004478887
3429,-0.3043335266045377,-0.5903224233419229
3430,-0.46218167340541655,-0.29577064056884883
3431,-0.15568278165489674,0.20016421705579815
3432,0.48538394951389185,-0.49883505863400207
3433,-1.0880553258188392,-0.2321185754991405
3434,0.4625403630860963,-0.5141047517645146
3435,0.4447323577417076,-0.46249924663297354
3436,0.2871844622015264,-0.36379148927823496
3437,-1.6853099835454342,-0.308029903118266
3438,-0.37683362382567953,-0.36886260432059154
3439,-0.42388247252346845,-0.3255085967211002
3440,-0.7986281113125986,0.4209962019184343
3441,0.43150586706974237,-0.37452203655426086
3442,0.9686487211510999,-0.19315146918086723
3443,-0.5087928930183127,-0.4758867208577878
3444,0.7658665511070641,-0.34189461654894976
3445,0.521744103786525,-0.2886881009054706
3446,-0.0920288461425228,-0.4058924654989076
3447,-0.26538920131762944,-0.5729874634819955
3448,0.7380279382655726,-0.46550037921383686
3449,-0.28359160873232453,-0.34925411047021104
3450,0.3365812750893653,-0.32802041851210784
3451,-0.2328395932433014,-0.3963240597419289
3452,-0.6045723804368968,-0.282055606589801
3453,-0.21882736508919381,-0.5674515936255913
3454,-0.26959597651525286,-0.355108168586125
3455,0.5772020465089043,-0.39224465889787086
3456,-0.1386227628979376,-0.5803949709467598
3457,0.3288308484546578,-0.4521934225119349
3458,0.23961058198816074,-0.5687463674382336
3459,0.14171712379808582,-0.39344089755784273
3460,-0.5747536843885348,-0.38926679723537844
3461,-0.11689322880892916,-0.2902236519236463
3462,0.011736581339496137,-0.35366929499744243
3463,-1.010256709817861,0.06624727126891894
3464,-0.937232497424298,0.592386109137031
3465,1.0987782501026735,-0.1426611010857166
3466,0.4227669369430237,-0.39026750632729923
3467,-0.7383668169204549,-0.45608970997178494
3468,0.011417409380089165,-0.47528327058577224
3469,-0.5635327303541939,-0.27791502778281707
3470,0.5195231227575117,-0.14423360324780393
3471,-0.4373963255746233,-0.19880702650465185
3472,0.073534323791658,-0.18939448665481104
3473,-0.7886234778315759,-0.12485775861404327
3474,-0.5801625866913885,0.5259718209420485
3475,0.39012618526506876,-0.39120534933114504
3476,-0.5570293474996286,-0.3339160763459144
3477,-0.22564861544364814,-0.3107829076541671
3478,-0.4351522651863027,0.2980965193554987
3479,0.35449706813870135,-0.35243671719555825
3480,-0.2766501262588973,-0.24716631390408425
3481,0.8388460315984422,-0.32843567870630785
3482,0.06882192771623119,-0.3733775780303481
3483,-1.0239955279724897,0.0642533594718084
3484,-0.27333221875674774,-0.17599698899649782
3485,1.1702361465518822,-0.0380876592072007
3486,-1.247221265971441,1.0190567756538638
3487,1.898226711909987,0.594447342240744
3488,1.1575024572337482,0.8160946479333836
3489,-0.39780174243383415,-0.27639021554557835
3490,-0.5436505472240611,-0.2966804019154183
3491,0.6330062334129827,-0.3770631143880874
3492,0.8914534642052009,-0.2868481517068888
3493,-0.012549321930678821,-0.019358918998304765
3494,-0.24893668051963852,-0.42592536456181607
3495,0.9305744403999925,0.1875495957130266
3496,-1.0142808897203075,-0.3061413176909981
3497,-0.2708341947884271,-0.4079750678569759
3498,-1.1031692848035548,-0.2557859531525015
3499,1.3884660797179835,0.03911259498673972
3500,0.9529181151071311,-0.3941605557399731
3501,-0.6513634806717856,-0.21410230521683574
3502,0.00028863976761683147,-0.5904308541685349
3503,0.46897616974583684,-0.4383672147755244
3504,1.3141607317407977,-0.15537566903469455
3505,-0.49354056027822146,-0.4953708190471822
3506,1.3126295590465666,0.23560737845399984
3507,-0.18045700863492609,-0.2628210250755835
3508,0.229046491967202,-0.39345950943558633
3509,-0.010850689873827403,-0.5877030202701796
3510,-0.7088565384315948,-0.32775173058302737
3511,0.2442125011134254,-0.3451982060940834
3512,-1.1226728163592599,-0.2936835091132814
3513,-0.3739290905565865,-0.562028880624515
3514,-0.022397377633639283,-0.5375774821580804
3515,-0.2377805292786364,-0.3099595911818426
3516,-0.9301943977976317,-0.1498174090438561
3517,0.6961949697733247,-0.05141760555742937
3518,0.17093886416806922,-0.3334440847982684
3519,2.4384844238439958,1.4888150349654177
3520,1.6362149997118156,0.36155674268304966
3521,0.8170300474160707,-0.05321089306879721
3522,0.6580754793409729,0.011318208308155416
3523,-0.5965384832438305,-0.051408362423576735
3524,1.4313932041381194,0.20022303162111416
3525,0.9505338313708096,-0.15209787687248022
3526,-0.0877117247016902,0.3714752418035229
3527,0.6045734347089973,0.13312445979792592
3528,1.3239357552792907,1.2604510238977036
3529,-0.24450861349133596,0.11505263940940323
3530,0.39791442129193366,-0.2856642283550747
3531,0.30215775350669744,-0.16975298404717293
3532,0.38841372322197354,-0.22715438848321123
3533,-1.0111792932428543,-0.15648814858006196
3534,-0.33532668639016344,-0.26630291866325956
3535,-0.9435756908343697,0.37895744250153834
3536,-0.3525608033322105,-0.033229401324186905
3537,-0.8218926344134254,-0.3350721848405739
3538,-0.3008562850827289,-0.21129263084814834
3539,-0.7438076407535315,-0.28930551689131623
3540,0.23019249999244243,-0.2313694586570923
3541,0.20853479692770965,-0.4650174060698651
3542,0.10038387842159249,-0.5081297682172762
3543,0.8845085478574723,-0.25911489272081023
3544,-0.4749569318919084,-0.5525102000846247
3545,-0.18811471677335087,-0.4045363576025759
3546,0.2946709803511737,-0.3397104875742003
3547,-0.37035652307448785,-0.3646147825246977
3548,-0.30601295109547433,-0.5369826649093415
3549,-0.2515804982677105,-0.25900730337524525
3550,-0.012866652784763975,-0.5067763853673742
3551,1.0906477442544191,-0.18056310740936873
3552,-0.575398995203649,-0.48799752208722
3553,-0.24533425463628322,-0.3817729329334214
3554,0.45587634446098896,-0.3503179976586871
3555,0.47340772938375375,-0.46722734774035846
3556,0.5893720360455464,-0.45771866978140013
3557,0.3889033210081344,-0.4770149578821732
3558,0.39387842944725915,-0.3052409944729897
3559,-0.728840940472518,-0.41631327733311296
3560,0.36339408224001213,-0.3986357658831583
3561,0.4549421969350804,-0.2289895990850706
3562,0.08228534587238956,-0.5357357646470414
3563,-0.048961107669213,-0.13737573642060477
3564,-0.2921703957529006,-0.49341115458210477
3565,0.4592545362647008,-0.40781885332506757
3566,-0.1676652433247522,-0.4579828848080986
3567,-0.20474484702058746,-0.5388924248177458
3568,-0.552167833356921,-0.4586939552698386
3569,0.7041957611487216,-0.4126960212426911
3570,-0.08059318124336162,-0.606134050576416
3571,-0.021278946834250096,-0.4513654620370944
3572,-0.30882808282478136,-0.44690064900585985
3573,0.42529999393332113,-0.5983796739481378
3574,0.019586058896590104,-0.4523863659612796
3575,-0.14487072259465295,-0.279766510337374
3576,-0.1523785111513096,-0.39945500258479755
3577,-0.35874206407260534,-0.19960092908093377
3578,0.1445839100360197,-0.3985410785855124
3579,-0.7539479154783693,-0.26523807051485576
3580,-0.4450353509670764,-0.36293345478960254
3581,1.8706127515251825,-0.04376441794856888
3582,-0.9151572961462057,-0.00937320658099114
3583,0.40545124135804,-0.18192220071027165
3584,0.9206229973694481,-0.24879368104256
3585,-0.6409982331490668,-0.25673213421394575
3586,-1.4158667619070866,0.14860533168674567
3587,-0.4635595724837888,-0.15756102091184682
3588,0.2128454834298395,-0.19782453487455803
3589,0.28337421377254013,-0.26799107664847677
3590,-0.717125924202151,-0.4669631437772208
3591,-0.47711882133665173,-0.2470176584781397
3592,-1.242092968727575,-0.0718208663117761
3593,0.5893333673685126,-0.1154846927344165
3594,0.9174822782871567,-0.34854760588904693
3595,-0.28304763971995006,-0.316858938246696
3596,-0.5711743490652017,-0.5255108024504949
3597,-0.04089557100181165,-0.5508108555212539
3598,-0.7269975546580553,0.09512915978676348
3599,-0.3031535590148578,2.0353746386739386
3600,1.2772281555801357,0.03786883957220852
3601,-0.38221868497730815,-0.1674609860465499
3602,0.7595603590130067,0.14096899892886844
3603,-0.7002224775503393,-0.24708441487889993
3604,-1.629135092682401,0.012189683514863598
3605,1.894899481539205,0.22260654700404925
3606,-1.2616148672713035,-0.044593080043741934
3607,0.655481461293269,-0.30589144603792345
3608,-0.5017594155101707,-0.3856534381029104
3609,0.16253306180331906,-0.47295139449366247
3610,1.2459780484832434,-0.23662517648701503
3611,0.38545233817789404,-0.5247860332986347
3612,1.3164621727124168,-0.18326098250999742
3613,0.13231216578203708,-0.3238900591914703
3614,-0.31883822521653654,-0.4915520531054815
3615,0.49943348798534226,-0.3807047665569838
3616,-0.43665637363449133,-0.566436439650022
3617,0.7777477519058028,-0.4618162958385329
3618,-0.00340268897133212,-0.4532437435626958
3619,0.6995238596971947,-0.3148769865433656
3620,-0.6170382748701031,-0.38934226032340774
3621,-0.49019781892361897,-0.3163082991574202
3622,-0.03495768649361503,-0.6032782437163566
3623,0.16655378070155893,-0.5526690721180008
3624,0.25503778328736554,-0.46550791814426146
3625,-0.8965701161946611,-0.4070968695910542
3626,2.9613633167485,0.41322152298511794
3627,0.43900803192502574,1.6654571835878744
3628,0.48402450297238453,0.5064851032883441
3629,-0.5983872343456588,-0.19055865980632317
3630,-0.35277254832734406,-0.029908448040066392
3631,1.0158529832714778,0.027788632082657097
3632,2.274967394143861,0.8447270552669249
3633,0.5837704620875971,2.058459783064284
3634,0.09662159321656436,0.29159469727683074
3635,0.7228650676029088,0.5663401687704331
3636,0.3556723221362269,0.3306298758251936
3637,1.2644320513987717,1.116931963990919
3638,0.27450333829431406,1.018675152520043
3639,0.6902802901988729,2.9634574428766167
3640,0.6403481325845599,0.8211179315670578
3641,-1.1510978068596625,0.5125154370889109
3642,-0.7799169417749656,1.787194103048122
3643,0.10528491736745318,0.6354596647752919
3644,0.04090672516318903,0.17366540950663908
3645,-0.16440190742946645,-0.3233782765896728
3646,-0.3717030753923263,-0.3788677656636328
3647,0.8966320435693034,0.5255380800190577
3648,-0.3340015750533729,-0.3273847580363658
3649,0.15886834483985598,-0.11265938415982872
3650,0.30099806538415874,-0.15147602082080858
3651,0.5039640866142775,0.0809328798844823
3652,0.7916941570511855,0.28767658716472727
3653,0.1486484990826884,0.719161767673394
3654,-0.6382090662141371,0.43572223665488413
3655,1.1653650605443704,0.9621786583897147
3656,0.30571431220178746,0.20727001468382014
3657,0.46885203187781954,0.026589225852494597
3658,-0.1533784711038461,0.3614081408499401
3659,-0.01680782083313012,0.04309125290873837
3660,0.11744214787073345,-0.3510096605783739
3661,-0.1051610613764036,-0.04126078558443821
3662,1.1354786883534724,0.4346746428614362
3663,-0.17848810475250157,1.2628618234553464
3664,0.3465000015439103,-0.15037222291092828
3665,-0.47429051018861107,0.3655776934205491
3666,0.49393839202155343,0.4135054786187136
3667,-0.7459274248736794,0.38081044711902845
3668,-0.7799457373722447,0.44081701788660604
3669,0.05033472309134991,-0.2573497643720415
3670,-0.2297597133506296,0.1910649048259488
3671,-0.015160266743141203,-0.13566620540478652
3672,0.5089217749125985,0.16370477553864377
3673,-0.7046104546633842,0.8780230545776585
3674,-0.14262614304270213,-0.22689854082579572
3675,0.21116614002240194,-0.11986485345849422
3676,0.5293396342987786,-0.24816976166363466
3677,-0.37223719628329993,0.6515977867048139
3678,-0.020642488727617654,0.5010370730828131
3679,-0.6255986645509901,0.3448438202420857
3680,1.3048430664460902,0.7173609852691489
3681,0.617148202193547,0.6568990751836011
3682,-0.4721505589428702,2.256316876577781
3683,1.5080630032858136,0.22428472618037376
3684,2.7117161647060204,4.744171418897082
3685,2.1611811462689237,5.227516138592643
3686,-2.003171697756615,4.735405867656163
3687,0.740998825293463,2.3959344948785497
3688,-0.5062710499366571,1.164806837955414
3689,1.0772744364876388,1.2144325674255059
3690,0.1784694736004283,0.2802061721864241
3691,-0.5161638517712914,0.752289895486834
3692,0.885509793156329,1.0694362697518787
3693,-1.930649448107801,1.1743370635903587
3694,-0.21007159567185474,1.3112153978382985
3695,0.7927468488292428,0.5628005354331698
3696,0.1027421521227139,-0.0007216667974582152
3697,0.2217833006171016,-0.17032550221019155
3698,0.10153047853218039,-0.23210898304491528
3699,-0.8537194977607319,-0.16976707917577735
3700,0.6226690939845825,0.887962867687667
3701,-0.2672785082217099,-0.2530258104862319
3702,0.9000232961395974,1.4114683381199764
3703,-0.054152549630344625,0.7994846911514524
3704,0.9571139699122209,-0.15966451566601542
3705,1.9984906325497969,3.2577539039750287
3706,2.5239267844141757,3.8843696548174913
3707,-0.6973600547810261,1.865414860679814
3708,1.9854286442829074,3.9783883245520775
3709,-1.6353355992069425,2.1951614782308484
3710,-0.07349225555763347,0.763073909931933
3711,-1.1101523705473575,1.0782216438791472
3712,0.7157182323896119,0.5942875016400488
3713,1.263923250710491,-0.1148615546942746
3714,-0.5094898827935082,-0.13383693458438797
3715,0.06756629469687164,0.4068303255818131
3716,0.23024412862858762,0.2673250263166641
3717,1.1139665214015892,0.11828952247111003
3718,0.83649472226765,1.1261106076673137
3719,-1.2814103967995836,1.5912776203835188
3720,-0.731301655784788,0.7953613362010178
3721,-0.18304273636684362,0.5512326236775829
3722,0.47115768920653034,-0.07183486560923322
3723,0.41581865622442693,0.7508482715291248
3724,-0.05573683008035827,1.0370624657686647
3725,-0.11084233034429414,-0.18005559960204304
3726,1.036187933049198,0.4277365100439583
3727,-0.6491700044230264,0.7760448470201464
3728,-0.7919058651269284,0.17558719191889166
3729,-0.2551852556724918,0.325293342868651
3730,0.07813854310696985,0.30235428928311764
3731,1.063556354252674,0.5428671602943848
3732,-0.051462806575055746,0.3407563586325263
3733,-1.5704316728672592,0.4077691228252267
3734,-0.6194561158770304,0.5635979918744722
3735,1.0323631172683205,0.2890346822236703
3736,-0.5050171898160402,0.14406346646952392
3737,-0.28061582173680855,0.052288467158662644
3738,0.6372726035754687,-0.0993776225078388
3739,0.22493237628657803,0.07871704515269931
3740,-0.0562457315141091,-0.24996941303322456
3741,0.6776752504518909,-0.2838871876539031
3742,0.2468872506256083,-0.3595907877189974
3743,0.04107023272711367,0.001947649510600395
3744,1.0282351570685062,0.7352620422609304
3745,-0.1513547462105945,0.06244016513818871
3746,0.6846883680201991,-0.12981353782658725
3747,1.6674688112730516,1.9796741459927798
3748,1.5904030875880668,2.4263737438625563
3749,0.3092360442351945,3.780994973761447
3750,-0.9063593553520901,4.08606245590828
3751,0.2382822655247061,2.671822982699772
3752,2.1928337077395454,4.269284077677457
3753,-5.107094065144447,8.055317275507766
3754,1.4936887291407086,4.353807852722336
3755,-1.5639441135015448,3.560463615930214
3756,-0.8346352113199171,2.476583461049332
3757,1.0782280027037912,1.3221751869098899
3758,0.37952435291793035,0.8926263656324244
3759,1.1752822771472653,1.812140275606686
3760,-0.02816963107114851,1.3846859699341334
3761,1.2277856714958113,0.8752171117407351
3762,1.132103407971028,2.326552764840399
3763,0.12536439008776876,2.1335609043634567
3764,-1.181259043793871,4.607015251162653
3765,0.9423705716482663,1.803105258452917
3766,-1.2693197366483555,0.09370595703270936
3767,-0.7467685652903258,1.411300836763959
3768,0.9655433409466394,1.1375706303446187
3769,-0.4780323755860979,0.09605550578293937
3770,-0.18454448904549992,0.004454257170206464
3771,0.9009040362011062,0.8350998756664911
3772,-0.7326736517700433,0.5935568546545823
3773,1.304786651083977,2.139989811813233
3774,1.0882954142453243,2.4383971314547335
3775,-0.506894441546007,1.5947641152191385
3776,-4.263273179620255,4.209534436009174
3777,0.7436198708413759,3.2264612081089856
3778,0.5886055444584863,1.1557015454609691
3779,0.35966498900771904,0.5263410657549829
3780,-1.3416361263198544,0.815464147728148
3781,0.11360052248497682,0.37798849164592463
3782,0.7558676209229862,0.8178428990256585
3783,-0.4248281871023661,0.899744425191408
3784,-0.3834991418224464,0.0006271734838685914
3785,0.40804887598628986,-0.026034521293687454
3786,-1.6363930770024024,0.7680820942380535
3787,1.4931510369931733,0.4440377751565636
3788,1.4927977204500387,0.9582845666795409
3789,0.36302900525639425,0.00881849691987496
3790,0.5168155519903426,-0.27403800890251107
3791,-0.7494047462038849,0.2618916497135458
3792,0.11731805041077548,-0.42458460698698236
3793,0.1437232873938891,-0.3638730548424697
3794,-0.44208456899889975,-0.4629134902240344
3795,-0.37727333793867945,-0.4316544133985459
3796,-0.17822004025938248,-0.3556628504796441
3797,0.16951296402692947,-0.5471925816460014
3798,0.2670690574707981,-0.2884207700541041
3799,0.32407465602165797,-0.29163747160835407
3800,0.3514286176900733,-0.452773275169407
3801,-0.3225325994331097,-0.3227068558804516
3802,0.5050257397216648,0.058966803366222696
3803,-0.34558651320288997,-0.3947178137478702
3804,-0.7979537080255471,-0.01977842542888256
3805,-0.29895894892092545,-0.3348000895043062
3806,0.5975493863191951,-0.46847990289682906
3807,-0.0693048898296782,-0.5022555508520831
3808,0.5753334090216057,-0.49518866765962527
3809,0.01850920848010338,-0.4785359921218985
3810,-0.691702343863743,-0.1697860852437786
3811,0.7125239217285764,-0.29680326584233535
3812,1.6950666869855482,-0.009383718319444264
3813,-0.09446825641683135,-0.11637473785573775
3814,0.3666894670386115,-0.3615873281691395
3815,1.8248407797516761,0.6116631395328779
3816,-0.00030322677876331444,1.086063692141039
3817,-1.055566197119873,0.2474131536793501
3818,-1.3212716845157937,0.4612846265501105
3819,0.7796262244444654,-0.10759798890944869
3820,1.2583435526033384,0.5206482612255887
3821,-0.2868924742900921,-0.25528853672646407
3822,-0.3195345556238513,-0.1988314651134038
3823,0.5700264213297996,-0.34356740009865294
3824,0.10712415107756007,-0.39043371336109106
3825,1.041139574032334,0.047581559024586134
3826,-0.1112349937347101,-0.29860454931198244
3827,-1.2869470394657103,0.13881616651712278
3828,0.07065386579768937,-0.17803217801945276
3829,-0.30847636421933083,-0.24894778478748186
3830,0.4003539362388389,0.0760219214672161
3831,-1.4001534763395087,-0.07934638501302965
3832,0.3306574383865059,-0.35533204489131354
3833,0.12730912468211608,-0.48361998290085695
3834,0.6804039082534196,-0.0668685275092761
3835,-0.5289506371020982,-0.3890450268947506
3836,0.2092994469106977,-0.1659836532363452
3837,0.2833899075330234,-0.41602231811513724
3838,1.5031899215684577,-0.041298486269890605
3839,0.6551972948027249,0.7924059238987194
3840,0.927045426837646,0.22353026157790584
3841,-0.4219998769012603,0.27937399405204894
3842,1.6830361826978635,0.5195711214549112
3843,-0.9550589345849038,0.5603517646201204
3844,-0.2999836024989692,0.22043336635645044
3845,-0.013487603729845086,0.23537171053136383
3846,0.5056058724012307,0.1420152478585655
3847,0.13844762972567767,1.461883273561609
3848,0.8456631888475459,-0.1590784203778436
3849,-0.7450014720145364,0.3380156105004833
3850,-1.0354386559823472,1.1647378378238253
3851,-0.8201237866774012,0.8250665981130678
3852,0.6602059586766882,-0.316310831565947
3853,0.8732670988196377,0.5157624229409854
3854,0.4439493815549159,-0.26762804244529265
3855,0.44705653247627974,0.14608332628965603
3856,-0.664314771044682,-0.0035028418874991857
3857,-0.08681964834461553,0.27515041296414156
3858,-1.4724193431438546,0.9922066561417051
3859,0.9274951296704912,-0.030391666891088073
3860,-1.1543003789022672,0.3215107964746837
3861,-1.3835832325001804,1.150832268113379
3862,-0.4619875193753543,0.1614497335366942
3863,1.406874579609742,0.9128645881515924
3864,0.40125236345367815,-0.09991448575750987
3865,-1.0032601490739124,0.2261396107563863
3866,0.7167063745417341,-0.20699573037411437
3867,0.28598500708943025,-0.2018747077188236
3868,-0.20034318793926742,-0.25845509282468504
3869,0.21621344427400221,0.0015805939622406434
3870,0.1425876249911045,0.15430870907615618
3871,-0.4586587869488046,0.34496535416369184
3872,-0.3687967362110461,-0.024336369550581424
3873,0.3793303823028902,-0.43169375469273047
3874,0.36870428416577583,-0.3923351716959366
3875,-0.510667359407523,0.2664367108714842
3876,-0.14323972597132015,-0.19529602264024834
3877,-0.7172467854335367,-0.22856640048885984
3878,-0.42229071188137973,0.31621600535184524
3879,0.5334042389253718,-0.09953683828412764
3880,0.7217208450637526,0.726650258091717
3881,0.48522544900690967,0.2040395692052899
3882,0.5073559351023484,-0.30316052664588705
3883,0.5482721681779651,0.6716975171043922
3884,0.6741056386888962,-0.12238975297296598
3885,-0.11034488947259405,0.9012100305395724
3886,-1.86761787237514,2.1945378160584115
3887,0.6517136930363484,-0.31345756346032055
3888,-0.7604609994777414,-0.29018898274576854
3889,-0.25722008696573445,0.03518096415782794
3890,0.68255862968107,0.2301046025035991
3891,-1.2133842794302105,0.005260553531576439
3892,0.7293616907277299,-0.0671364091824734
3893,0.4958438270729918,-0.3867083809175595
3894,-0.35152365016610876,-0.3301835478985701
3895,-0.1700053872895508,-0.30405535943089634
3896,0.2822795609799811,-0.4193741980915107
3897,0.5532625189152278,-0.34120072713342275
3898,-0.015053254604752812,-0.32559268506568767
3899,0.19709835918007734,-0.29938303603351296
3900,0.20859510379735635,-0.3226519978381726
3901,0.6697913451362969,-0.23523405454381896
3902,1.14995732016355,0.18713770334820787
3903,-0.9661741127177719,0.051983871104786625
3904,0.37582905613994133,-0.2350753343558523
3905,0.9674632782736403,0.35980231020475695
3906,0.10955194835541315,-0.10995116136401682
3907,1.8318105969771077,1.2198005243212307
3908,2.096496997456353,4.539708685195606
3909,-0.7384458861607455,1.4320611057107615
3910,1.5929320279124086,1.1782414145558713
3911,0.5002557708022042,2.5696074363559602
3912,-6.0504705944151675,5.460220031779541
3913,2.6927925493943885,2.0906578704699155
3914,0.5960382603051517,0.6972379953614795
3915,0.10035581355476139,-0.007731169793219188
3916,-1.0073485507572397,0.5344161622472001
3917,-0.23942713221775477,0.2697229899069216
3918,-1.8095109786797048,1.2387541184489885
3919,0.2591643317628246,0.4977183488412912
3920,0.4960895155764318,-0.36373966736680274
3921,-0.3116450911996146,-0.12845326292475254
3922,-1.5272175793633267,1.2997806870302948
3923,0.6823052814807244,0.3259030523875344
3924,0.9346387560730021,0.003985340970932429
3925,0.196359869289516,-0.021130898217683516
3926,-0.7960820877043265,0.23080851699397542
3927,1.3170574483997104,0.31008044143095076
3928,0.3181823259020313,-0.19880574049725108
3929,-0.3796200912001383,0.21297928372046596
3930,0.260260809729832,-0.34959901295940493
3931,-0.30965438651587324,-0.10626265706519097
3932,-1.0096513984747661,0.01860535261133483
3933,0.5597729909981869,-0.4200312340815736
3934,-1.1101155514407683,-0.1260097122075439
3935,-0.9462937438610245,0.9718590569268772
3936,0.9922090439638713,-0.0960502214709388
3937,-1.7129330194345738,0.5887728521036313
3938,0.24605361201431497,-0.10928318381192381
3939,-1.2422106619505888,2.2344043836683842
3940,-0.5425866795599033,0.5133216095406121
3941,-1.9743718785119566,1.0071203920675176
3942,0.8110691166992634,0.6328758192184674
3943,1.7529053105927654,0.3197196695863564
3944,-0.3915686534994691,-0.23650154490462216
3945,0.09013193474366138,-0.08456525065606918
3946,-0.8413386967719096,-0.29845029050623434
3947,2.0453412597526315,0.3395863917178049
3948,0.45368773778126614,-0.09354165980505845
3949,-0.17177152617145902,-0.4030493162411442
3950,0.15808677243625097,-0.34588729963435577
3951,-0.26023432233458793,-0.02782147369073957
3952,1.044312631691048,0.19413478587727995
3953,-0.6930958635745648,0.14355914242213322
3954,0.9148968683621859,-0.023987342051934004
3955,-0.5647802994089357,0.12933995798223213
3956,0.2887241410848261,-0.4488944354044341
3957,0.1422624538040875,-0.4130548746709924
3958,0.3610480166903495,-0.4355112066488608
3959,0.47374143995505325,0.19086902193389263
3960,-0.9850223296907564,0.09369200957146875
3961,-0.2841620893974631,0.015579878538165084
3962,0.3503635376518067,-0.3297491581707848
3963,0.23984418161320664,-0.4184111925702701
3964,-1.9033573786708833,0.703834088046384
3965,-0.6149521799541893,1.810698609768275
3966,-1.7361090288365852,1.9231485718032089
3967,0.5191163633784301,0.29963420640133337
3968,-0.03413555429135984,0.3220912207129401
3969,1.2386095711777312,0.2273423634421059
3970,-0.32824816688431807,-0.2594783079169466
3971,1.5395577652353096,0.41580420465305207
3972,-1.0285886609161001,-0.05628188587784454
3973,-0.5149069966013573,-0.4333396716728385
3974,-0.9528006891469935,1.6874145532434695
3975,-0.8904158840803893,0.9505704526941992
3976,1.115636816362005,0.5595700565782538
3977,-0.5277133275859789,-0.3368926988421791
3978,-0.12798438925230277,-0.3692841423327195
3979,0.568530027456984,0.12734534741313247
3980,-0.050405549978680526,0.28446768248934573
3981,0.8298101909480127,-0.10469716114328383
3982,0.2861214718088186,-0.2101461801673804
3983,-0.5979645233813796,-0.3206229631362732
3984,-0.09173600260685005,-0.5164006858773277
3985,2.1713247329362453,0.9158494837454619
3986,0.24199211074860882,0.4344855126324934
3987,-0.006515008193177019,-0.1582427883383563
3988,0.10711934131786466,-0.29955924153288876
3989,-0.37524157630561483,-0.2215295966542158
3990,-0.3518465716080277,-0.42742662562601036
3991,-0.04606780451434635,-0.2971345172815758
3992,-0.14031209639665373,-0.5351567943437451
3993,-0.4651092262552776,-0.433716623270373
3994,-0.08617570855912907,-0.5275818761081881
3995,-0.9187498926891725,-0.2692695479428115
3996,0.7460724170980504,-0.3843786017618181
3997,-0.17600782060699294,-0.5433463407879201
3998,1.181646499681747,-0.32916461739511316
3999,-0.912873497377199,0.48612442120444055
4000,-0.6246600737116383,-0.443904710390678
4001,-1.4335459576797025,0.006427953127110067
4002,1.1878356330526172,-0.4350892050798195
4003,0.5526436976073354,-0.0666878164865245
4004,-0.011150930307841748,-0.4635645905279772
4005,0.011020678487580017,-0.5193010867899394
4006,0.2450639733201832,-0.3600785924096105
4007,1.2106100228924135,0.48748623813818875
4008,0.4033328377430949,0.1305894197408916
4009,-0.21836822471944312,0.964816802743407
4010,0.898044323913996,0.16665175563046267
4011,0.8429801172620106,1.9485906904451116
4012,-2.2829680877147016,0.8907572101445642
4013,-1.3667272129042125,1.5470459310146325
4014,0.23767977230659015,0.2453531062456966
4015,0.49075901467060856,0.19706823893800282
4016,0.14270460116553613,-0.06805565235089542
4017,-0.04423379535233413,-0.06888682067532739
4018,-0.1813559040201368,0.3530944455419149
4019,-0.21466999004098847,0.01617730420375053
4020,0.49966900316277363,-0.12931058237359083
4021,0.19157013869234074,-0.26017958016034703
4022,0.863912605885562,0.08204645661139282
4023,0.22111573286348507,-0.19682400965722166
4024,-0.9915225023563934,0.841133061557741
4025,1.1116461414827652,-0.02355715677885756
4026,0.1328846683567506,-0.2746364455483931
4027,-0.7421207920461167,0.02629182480168917
4028,-0.9715818610106326,-0.17860703521001267
4029,0.6100071599221134,-0.34083130790303107
4030,-0.35625951075699047,-0.23864833116203732
4031,0.40835849520817286,-0.296614900997148
4032,1.139838596129121,-0.2585869512855088
4033,0.25852075158284704,-0.1737705962288882
4034,0.32331633719495934,-0.05117072101798139
4035,4.775350078310422,7.926306439369737
4036,0.5752637870504416,5.025621304876393
4037,-2.549760177094841,4.906292630945821
4038,-1.7573017878212394,3.9300132373917247
4039,-1.3837146811892906,1.9898143408772735
4040,0.0693432084139296,0.6729847976313994
4041,2.1931491582696596,0.5544314912505027
4042,0.5300870346209514,1.4425371288507665
4043,-0.6796109014567216,0.9058471144704016
4044,0.5643580431650774,0.23017565264713613
4045,-0.020535258646359612,0.23424053507789602
4046,-0.9949997638897732,-0.046661104513828065
4047,-0.19171862915380178,1.5897615755043186
4048,0.2863105289017394,0.5793891683364222
4049,0.4746194520771575,0.029078937102562624
4050,0.6865139264431779,-0.18440357510426422
4051,0.9282893601190717,0.9396171613012384
4052,-0.489986229911996,0.7691961546219579
4053,-1.0207757597216438,0.7780598642102533
4054,-2.0070628284438747,3.3975968176213205
4055,2.1852510405561936,2.333874412119469
4056,0.31978641330913715,1.293841092330115
4057,1.330703563687741,1.6954391874461894
4058,-0.8462159905632891,2.0175824708533
4059,1.445246487173722,0.43623481229796746
4060,-0.9057890615082473,1.5782529683660544
4061,-2.462734257151398,3.0311502805883612
4062,1.7169654722274807,3.2359054712111694
4063,-1.6799358359356225,2.7800972823182226
4064,-4.937695964573552,5.989251981403909
4065,2.6093642853289136,5.454121459796152
4066,-3.377811703343858,2.1569572895604954
4067,0.23532432971698053,5.074969977101747
4068,0.30823528834419833,1.3369169287873672
4069,-1.5941118337265732,1.1374880108907675
4070,-0.21854221038692173,1.6841198380588227
4071,0.6909409428620743,1.9083234774026006
4072,1.1124005577720912,0.5861660421572237
4073,-0.059399544909124004,0.5342230614364969
4074,0.06555208285658953,0.33970773121824427
4075,0.675192288820311,0.37039327866366983
4076,-0.8497463187717249,0.6334284165140976
4077,-1.371655964661241,0.1515875742064417
4078,-1.3494748506222924,0.7074367835746299
4079,-2.3778320470621974,3.673264339889676
4080,-1.946457082336833,1.984142930816634
4081,-1.3870605429775313,3.2128916716194413
4082,0.7322073963212468,5.527769825755904
4083,1.4104511694130353,1.8409668867184357
4084,-0.6606200681110149,0.49606907935570005
4085,-0.45535941741225705,-0.11056018180293664
4086,1.7068423977223486,0.0906381827161202
4087,-0.5823426697257088,-0.12594299204143292
4088,1.7036400348773766,0.17527164388033922
4089,0.9523140998906892,0.41668744675938485
4090,0.4322044821237226,0.28511522645733
4091,-0.5282379909653949,-0.065756739619913
4092,-0.3779445791687127,-0.26903742289315574
4093,0.8505394008121756,-0.23777480420564967
4094,-0.011304768848381958,-0.2813530235208513
4095,-0.16621790270792167,-0.15837088766508783
4096,0.5346967468606647,-0.4528677425523496
4097,0.4975908900225644,-0.07303443386377012
4098,-0.09214483937877399,-0.40616827862780025
4099,-0.1124590767273225,-0.3110617174446555
4100,1.0318781104774635,-0.05014641649660769
4101,-1.1629502440685802,-0.381062303724333
4102,-0.26168926304004253,-0.4446272869923412
4103,-1.550677334830208,0.8807615633776597
4104,-0.24007653901930087,0.1877071542548506
4105,-1.458791932218515,0.20677386749923238
4106,-0.09544495799563149,0.1575736423387373
4107,0.284880495318761,0.44088229005560753
4108,-0.5159921231234357,0.08644188654624835
4109,-1.3128945076676053,0.30573019583080446
4110,0.801453867710945,-0.2198124146890561
4111,-2.234467623763807,1.3573695011887978
4112,0.9390715619837091,2.1941988736335336
4113,-2.0494360840022914,0.6662875811905684
4114,0.6478419192861831,0.39208521866406093
4115,0.33951519469986224,0.028758854406739226
4116,-2.507307381309819,1.3530155246724156
4117,1.0866962481336488,0.6643529631512132
4118,-1.002141308628466,0.40207556282884105
4119,0.628475962567902,0.5926408176224005
4120,2.2077253039729285,0.7915270923479514
4121,1.137812304139712,0.7987207908284055
4122,0.6991488180287508,0.14740842502673734
4123,-0.17311349273770196,0.055437657282190134
4124,-0.3712933776108276,-0.12641711286914722
4125,-1.1233670277218604,0.07836874702960746
4126,1.0151995615158385,-0.22207074912346747
4127,1.2265306042246582,0.5213003113887228
4128,-1.1710604503353645,0.2707572017619889
4129,0.9531100193707266,-0.3593352147898093
4130,-0.4539299138125708,-0.49219786760243
4131,0.9024185181436433,-0.0349997789153776
4132,0.3096541432286111,-0.352750168591814
4133,-0.6336139938846795,-0.31544686530164456
4134,-0.1766059615483463,-0.21052644553047528
4135,0.6736499768967964,-0.3468388425094771
4136,-1.3904517633966664,0.02547202162899628
4137,0.872813806611414,-0.3240434762746184
4138,-0.2343152873437599,-0.2491779812107342
4139,1.160182225072226,-0.05555714946510299
4140,1.4974072661078672,0.6570202974221475
4141,0.0038469512018895965,0.16980633224190542
4142,0.5730277453321538,0.43406586340932946
4143,-0.5412292218062644,-0.011360894252187378
4144,0.14061420931210664,0.06553541489136293
4145,-0.0413858705785888,-0.146397080635215
4146,0.21184155300141366,0.019360074359578584
4147,-0.3254288217452951,-0.28059097969212765
4148,0.767382657487382,-0.3336714892764889
4149,0.7479689387947897,0.5450557492566311
4150,-0.7140906978033269,-0.04558939890123018
4151,-1.117213910528218,0.2242473381616606
4152,0.18392244780930367,0.11457054075933007
4153,1.4625160784221043,4.998202360116796
4154,-0.2668248041812651,-0.22775117682797677
4155,-0.4481397270465266,-0.0968551477691186
4156,1.274587539172629,0.5839623254343786
4157,-0.7472157176677224,0.6249999402175913
4158,0.19947553517222003,0.2877959727355824
4159,-2.3884349477627955,1.1704789941264289
4160,0.9209360745022861,1.6309922531788152
4161,-1.0617649149728452,-0.07087852041657511
4162,0.05261730409012887,0.4080704055601538
4163,2.0799634911137495,0.9262580716422829
4164,0.08887506928975084,0.1293753220234509
4165,0.03152724165107865,0.11979026723026762
4166,0.4594598262447022,-0.06612243761020019
4167,3.253021354551195,1.7166590051082704
4168,-0.24686914113740702,0.6623256043068667
4169,-0.9320191248472853,0.894026538832921
4170,-0.8901308811397182,0.41826021518499473
4171,0.7114976087379947,-0.24414354073868225
4172,0.16522311516967753,0.2535425258098453
4173,0.5973876450334406,0.04774328878655838
4174,0.4058433801267665,0.2608766451550111
4175,0.6068673751598596,0.14090450507152774
4176,-0.008875901119109172,-0.3559502427682876
4177,-0.7517395049874878,0.7949112867870959
4178,1.4883872112566825,0.21669679995946395
4179,-0.45893942682185707,0.5807750916150556
4180,1.8650504846720213,1.7954006146645614
4181,1.1216903841025707,2.353483453732938
4182,-1.1821023230601841,3.863952024672354
4183,-1.0960874877018938,1.2110346418440159
4184,0.3239445294438249,0.3554744067509653
4185,-0.06978914397576996,-0.09785329041168843
4186,0.285787408981761,-0.3062356123413831
4187,-1.2570179142639188,-0.10729580779823446
4188,0.9214239943074882,-0.022390615664770314
4189,-0.8670386243046059,-0.0984159117970281
4190,0.431038846018874,-0.41744259915202886
4191,-0.6589142462410126,-0.07154997506021533
4192,0.27793648365061413,0.028405657547240646
4193,0.30361547293932845,-0.1546278775626166
4194,-0.5185886919602578,-0.19082225861346933
4195,0.3651219000985816,0.022804099819409496
4196,-0.46041398577697107,-0.2682451311209423
4197,0.8133681336861975,-0.4161462926871271
4198,-0.49698886563094014,-0.1348175673108225
4199,-0.4418723088967438,0.567447168839993
4200,-0.37864832375467816,0.11705959429620566
4201,-0.3983308016790822,-0.12808230343022933
4202,0.2915717387096911,-0.09879671417344217
4203,0.9294087377599343,0.7859531457340658
4204,-0.4855588794729677,-0.09774326944498894
4205,0.733682635674437,0.33540331584279987
4206,-1.7930414922630842,1.1417539051875898
4207,-0.9639209052634232,1.4006523131660118
4208,-0.8142791868255672,-0.20176378780560672
4209,1.1510502055492908,-0.32152770542332276
4210,-0.23738179526270348,-0.24568758928531428
4211,-0.12388429243259944,-0.3128211279924564
4212,-0.6752359723358174,-0.3190501520506088
4213,0.6160267744293909,-0.22904540398822987
4214,0.18062814555637746,-0.2612167141199982
4215,-0.5319502626648778,-0.5124247726254768
4216,0.679910109516783,-0.18455450425649958
4217,1.1240764471639348,0.15299891290636009
4218,-0.09843811123693086,-0.38903146124482874
4219,-0.2655362511921615,-0.11594323821582672
4220,0.09142057250353972,-0.5521853673765631
4221,0.5120732561231701,-0.3479637659004027
4222,0.5046481770880153,0.33612283374146923
4223,-0.25286737181398494,-0.05027391172248043
4224,-0.2560900674712285,-0.1798178080388377
4225,-0.320040895534759,-0.21343367397498722
4226,0.2720467766141478,-0.42745014496984296
4227,-0.7925529849729938,0.16558142466671777
4228,-1.423679792859604,0.7081469736723515
4229,0.7128927471497231,-0.027733936124614045
4230,0.050018629828742285,0.6062753602803448
4231,-0.9058563810891166,1.906499402476285
4232,0.4381904452671802,-0.3934803408015942
4233,-0.06309262632146068,0.41453964823882566
4234,-3.4016501465326217,2.9977312494955384
4235,0.5105295508645601,2.744635656199826
4236,0.8118083911542449,0.5307057993426733
4237,-0.13402618314167164,-0.0911472054328068
4238,0.844046971245161,-0.17103879593144172
4239,0.5638111599750215,0.32550870644234386
4240,0.6454953617648135,0.2660924012787998
4241,-0.18181661374801583,-0.3189636555989537
4242,-0.6655529115735488,0.12758353139443993
4243,1.2138344216479935,-0.1367508532425563
4244,-0.014999485055525924,-0.570863161413623
4245,1.0781124719724957,0.29682562827062575
4246,-0.6166070280046345,-0.19552092170844287
4247,-0.17457653504987353,-0.3870269468106208
4248,-0.0735013433710518,-0.20422342768590915
4249,0.19065677864937142,-0.1053409258871877
4250,-1.0499209318418454,-0.12072432193889225
4251,0.17204643755702576,0.5275575354713994
4252,0.08817154088093207,0.05821516051670914
4253,-1.8646315245421037,1.7930221996784919
4254,1.0268571689612633,2.5513982870159224
4255,-1.910573654255365,0.991046703735719
4256,-1.3516839902624092,2.4020356558184455
4257,1.0973380911004362,0.5311216627202555
4258,-0.3809297166732145,0.21582859663201706
4259,0.3312060220490631,0.9124943614010311
4260,-0.23094913338753315,0.27251486764648725
4261,0.12187640821343543,0.005280599330301725
4262,0.35003384391482006,-0.21508732391393665
4263,0.5538303851732154,-0.40758395175737755
4264,-1.077521975649109,-0.28129466467381953
4265,-0.27427525775805633,-0.13849881476289508
4266,-0.07763597293192534,0.35656317757237826
4267,-1.2623830522786086,0.024836194431599148
4268,-0.5838821004584915,0.9994202900049438
4269,0.957602099198319,-0.08638151707857049
4270,0.6141662990373205,-0.5400165234995772
4271,-0.22467846699062005,-0.4784443006837294
4272,0.3817954061406862,-0.27718961727942004
4273,0.15944665753992468,-0.468701668336198
4274,0.808537753927423,-0.3668229278827696
4275,0.07763698153447693,-0.4618796015477246
4276,-0.19637781165473087,-0.31278825004622174
4277,-0.12445077380777522,-0.5731109278382265
4278,-0.2618757732709766,-0.3759577166283803
4279,-0.09010326522067835,-0.5167800806101766
4280,0.3392185761458492,-0.4601576064346812
4281,0.03466195537492102,-0.6071384597544663
4282,-0.031175676289851552,-0.47385922966703325
4283,-0.8274852501292762,-0.34945596978029586
4284,0.5888731534646672,-0.5357920384899815
4285,0.23105579676564816,-0.5268918797957284
4286,0.5679222988957867,-0.580384141612528
4287,-0.7613137760462112,-0.4893496510761496
4288,0.03805196711290152,-0.5428527841734724
4289,-0.46581524463205065,-0.5490764769815794
4290,0.019481768926015122,-0.5306143084847253
4291,0.07108944706241818,-0.3581511441508587
4292,-0.08820540313056249,-0.37068179732999573
4293,0.22318509901201766,-0.5506975445777349
4294,0.07701047399977654,-0.5859688060190441
4295,0.9475410118765344,-0.43102048935240916
4296,0.33408949546164785,-0.1850600431077762
4297,0.28293711380225905,-0.35692432134070595
4298,-0.12194547738942835,-0.5583463209316191
4299,-1.1556195448695266,-0.20025905991039986
4300,-0.6836431013886936,-0.286963558711633
4301,-1.5056141404402625,-0.021314489226331293
4302,-1.2026614294690772,0.3262372795850471
4303,0.6099363456241281,0.4982835226692237
4304,0.35849855895582206,-0.0956945058858358
4305,-0.4655147002561837,-0.39012873386941677
4306,0.6592100243944854,-0.19383866880329362
4307,-0.46733564219306134,0.00894038512150959
4308,0.49628149785689873,-0.371863214352912
4309,-0.415012392039944,-0.4818161689344152
4310,-0.984307855505777,-0.1261321039750665
4311,0.09790329140723306,0.4677303000999654
4312,0.613593419008956,-0.5259114596899991
4313,0.08785859966588994,-0.31845940979380766
4314,0.20488019596541807,-0.5238824256643793
4315,-1.2300603077675767,-0.19655050492608137
4316,0.027396264504422597,-0.3036063856941879
4317,-0.4006054998479536,-0.011431428618519137
4318,-1.2691368669049092,-0.057283942654108785
4319,0.9510264494568075,0.5763368073242373
4320,0.07198106734882431,-0.4167419621377837
4321,-2.1886494777104932,0.3944847111761121
4322,0.8342358414769391,0.2159716567786056
4323,-1.3618990623046594,0.4132541404946981
4324,-1.2135325404067396,1.050126875548582
4325,-0.0002641362725854385,1.3950468870449908
4326,-0.7438179937711633,0.8651351116379332
4327,1.221896545965406,0.573859516853293
4328,1.0660100962508217,-0.2331672218658034
4329,0.5088482918265291,1.1667075674245484
4330,0.6213341520496726,-0.18731989398070023
4331,-1.4896361313395285,0.07898587449937168
4332,0.08683794381209045,-0.499441904022513
4333,-1.733327619356519,1.219425480184304
4334,0.7125634389679034,1.6196343610094792
4335,-0.7673010203707187,0.2160583711571369
4336,0.5402279114865315,-0.14094269441456156
4337,-1.2121144340163128,-0.12909606752828415
4338,0.8630641211483943,0.15323393958284998
4339,0.7899058780818231,-0.0419943047163015
4340,0.9351973684281447,-0.20325268099441626
4341,-0.03794634379286261,-0.08961975992088135
4342,0.4894834014040375,-0.32457469948540657
4343,-0.5057732949531241,0.1390060859788892
4344,0.6306584618082464,0.055398798833976116
4345,1.3727528252892947,2.454878978230722
4346,-1.2747513509450723,0.5072172389276537
4347,0.9170312284847388,-0.003985516225707882
4348,-0.7925257848543732,-0.32744248327342335
4349,-1.6381875469161047,1.9177484796272963
4350,-0.8142259335722931,1.9026088976571767
4351,-0.6529911300339654,1.2060727094870112
4352,-0.4140918607006854,0.3125045381322774
4353,-2.0296011216843772,1.827533692973968
4354,1.5389731330842171,1.8946333637819537
4355,0.3731651125182399,0.7996802082677692
4356,1.896409308102955,0.30375834669285
4357,1.9509534161739597,1.2631651947730265
4358,1.283195688054494,1.2842931220019582
4359,-0.9447008243370697,0.4338706546464111
4360,0.25322709230220874,0.2404110287089812
4361,1.9788131028024547,0.896835901445423
4362,1.438969515849406,1.9131336620285146
4363,-0.8370643147496063,0.21258397817301436
4364,1.5030870534560714,0.5451582525730668
4365,0.12241733598890384,0.2890008961568621
4366,-1.0327258864317581,0.7400269270809371
4367,-0.059501317583359935,0.4282642399115981
4368,-2.27344812959323,0.5744619341024583
4369,-1.1215797702572363,1.3045420587110919
4370,-2.3201641432199134,1.432081188298654
4371,1.7026004179181584,0.31195519000474303
4372,-1.4818108968018855,0.14757018501031036
4373,1.2829348394297098,0.33441272528219934
4374,0.3080964012891277,0.02785457445561093
4375,-1.1265514558473366,1.4022196207510573
4376,1.7451180707349285,0.3004944424580215
4377,-0.26077741728235987,0.3537928389781873
4378,-0.2045080781877203,-0.5576411398543296
4379,-1.0059000662362327,-0.18620158089962008
4380,-1.033851103871653,0.09027453323476646
4381,0.9261017721680099,-0.11735112387464985
4382,0.45780748035728885,-0.48924893326422836
4383,1.4661313269653937,0.24632333584100113
4384,-0.23442632027088572,-0.39846753094113757
4385,0.13318282350156802,-0.5555506775192207
4386,-1.8068394398940653,0.5353845223298394
4387,-1.1154903185465093,0.48675218189403596
4388,0.012724490005036341,0.8971503973709654
4389,1.8498911396100932,0.42298504245924856
4390,0.16144585740039566,-0.3601952788481515
4391,1.0088229607378678,0.07339888259497229
4392,-0.8319744684227572,0.030886611851287552
4393,1.2858286053479544,0.20644957675463918
4394,-1.1158463102117768,-0.055745965660644964
4395,-0.906598378655656,0.5253583548176245
4396,0.6799244048861427,0.4128738457219395
4397,1.4943088923652748,0.4099206382477624
4398,0.05987514240199935,-0.15760514534482628
4399,1.4186154973769787,2.0326822636896504
4400,0.08523591801949149,1.2517166901975068
4401,-0.5240136325605683,-0.22596913834796675
4402,0.3360647821362607,-0.4421975590334303
4403,-0.11013867829063217,-0.19765040559861496
4404,0.6223916166136702,0.29427446180876116
4405,-0.6741998307401839,-0.18832363463785098
4406,0.06954192067571952,-0.4930415891001096
4407,0.0033174808841708384,-0.021262879605462727
4408,-0.6725066313676358,-0.25451518274904583
4409,-0.7466529504331696,0.10568518197956678
4410,0.7247089809476323,-0.4957845384455221
4411,0.7241640983601589,-0.27838431961441984
4412,0.28679997767724813,-0.38225096218353805
4413,0.019436537658134724,-0.30795800400248335
4414,-0.5100877328178733,-0.3034596790746
4415,-0.1371747509619398,-0.3450755910618753
4416,0.2121352570549984,-0.4268088427084473
4417,0.16151890789181683,-0.48895638530647434
4418,0.07592305143291694,-0.3137289114657666
4419,-0.6285398278072005,0.2288970933181654
4420,0.9953180958632193,0.40796159305142715
4421,-1.4476271770288993,0.025006109801826538
4422,-0.20270174879913133,-0.45764425574976075
4423,-0.6449267514768036,-0.11378611638352654
4424,-1.3111886404009312,0.5524570795283668
4425,-0.24243641632505308,0.6507343110216512
4426,0.35622631765962226,-0.26395032246959954
4427,1.1642968115003343,0.4304333294800286
4428,0.4788943084857582,-0.5403433876906165
4429,0.15816879982866414,-0.23634137286329177
4430,0.8030570287405159,0.09062460229131555
4431,0.06900047206378784,-0.1626437880306163
4432,-0.5005022138372287,-0.487237188326773
4433,0.42833702465508516,-0.12818919334372117
4434,0.399527129522824,-0.4025826515855991
4435,-0.010151240127481257,0.3937390123565389
4436,-0.9919430129953521,0.19380757956278566
4437,-0.33913790871754,-0.4066864010131907
4438,0.44041888065119517,-0.39985004607597696
4439,0.20254946024676942,-0.4551201931722889
4440,-0.7370675832676259,-0.07183816072317514
4441,0.019107463257626113,-0.5637502050303789
4442,-0.45388305453320776,-0.4721896400521725
4443,0.9234409947180768,-0.3742955590014218
4444,-0.5679690586442429,-0.45956855575875194
4445,0.8586293115566691,-0.0722003419219006
4446,1.0076631379481216,0.097763585849681
4447,-1.633612080921674,0.900282251788097
4448,0.6542546484922298,0.5658567963478022
4449,-2.3516926909294793,0.8247586438301269
4450,0.8636291669958073,-0.30210332662820366
4451,1.9450891886744037,0.48592605823728063
4452,-1.0762414973926064,-0.06986641423436966
4453,0.5185558878870352,0.16344531594232917
4454,0.6740087812578808,-0.4210793522766852
4455,0.1478320424031864,0.0649357619346954
4456,-1.436090679064446,0.015983791092121988
4457,-0.4788209030084828,0.0218076142415816
4458,1.1719879355437464,-0.09480417062780842
4459,-0.21760843299866095,-0.2882508154445341
4460,0.5788470798904529,-0.34716861772612917
4461,-1.268948777720727,-0.27578756568677526
4462,-0.6732517172887212,-0.1897487882066803
4463,0.6412105804367758,-0.3439866006408734
4464,-0.7894005432821932,-0.4067319258594795
4465,-0.04718807428467923,-0.44306112273568715
4466,-0.24006809062275308,-0.43674595944664757
4467,0.17112215990730834,-0.372368573212376
4468,0.11441295057340534,-0.5068759081696558
4469,0.19594306975692388,-0.4033442969416674
4470,0.792577955585313,-0.40064878263820747
4471,-0.5103918239119476,-0.26212688011612006
4472,-0.5603981505356668,-0.4032771900963789
4473,-1.5363587472491707,0.34315108391755034
4474,0.7774716172546486,-0.20954308075182657
4475,0.6537841006567867,-0.40354369698426623
4476,-0.919227988746053,-0.3019337816219883
4477,0.6913890727925809,-0.2588975316306627
4478,-0.7337918943877397,-0.35803476454579625
4479,-1.078863478595473,-0.04423462224765083
4480,-0.16886848206578078,-0.32071530279817717
4481,-0.2544110218306753,-0.5467455962668354
4482,-0.06535245899273495,0.004357457442361939
4483,1.096398907144911,0.051492171868316304
4484,-0.1058205344195631,-0.5799145453948776
4485,-0.26331075574854523,-0.5272347276012755
4486,-0.5185705408842309,-0.41532064885731174
4487,0.4340107465313558,-0.20753755457789322
4488,-1.870862716349241,0.7609512577528438
4489,-0.5519234757447055,1.7270340555858614
4490,0.5482832125704057,-0.07600607976779142
4491,-1.8631181997322181,1.0523446732664616
4492,0.219629251593905,0.8496945586180712
4493,-0.4112216862423351,0.2806897462021902
4494,-0.7457517330757507,1.6044738720323712
4495,-0.9722591286006474,0.9458643470685217
4496,2.2363957616748067,0.3474790401066949
4497,0.585852787320299,-0.31821361776026785
4498,-0.08479133977907624,-0.3154758766631997
4499,-0.5089506544444538,-0.42845954097818295
4500,0.38954464941600614,-0.3287175984568514
4501,0.9920232713713453,-0.3327212796180656
4502,0.49797968516290336,-0.26306408709020157
4503,0.00347176947717304,-0.45147453149035455
4504,0.8700478643925013,-0.07080602819771079
4505,0.4307185351607603,-0.3727049742359793
4506,-0.16761017560384395,-0.47346609393145805
4507,-0.2803291845237074,-0.2576084146084763
4508,-0.13540454917974243,-0.5136628295411229
4509,-0.3957581949382229,-0.3938635315534286
4510,-0.7995076673791885,-0.2762086285847058
4511,1.2652725948897365,0.0036423765191890265
4512,-0.849898294703393,-0.3049018070487245
4513,0.642352692176793,-0.3285171989881042
4514,0.2896784070819879,-0.3786528463085673
4515,0.649875978087023,0.0016730788498755596
4516,0.3191226884470549,-0.48185806981093615
4517,-1.2254426443650526,-0.1908954221480515
4518,0.14288733308873502,-0.4790337700252978
4519,-0.43790298470468936,-0.3584343197489619
4520,0.5104497189896766,0.15974524466191178
4521,-0.2961236704399803,-0.47009422441423554
4522,-0.6107194089908482,-0.4276068827732821
4523,-0.7025167980081168,-0.2567170313523481
4524,-0.9121996057034942,0.12800937600880896
4525,0.32224118795669526,-0.08821304702269749
4526,-0.07598231965394986,-0.48700536548503587
4527,0.6800407134138855,-0.26218680053618004
4528,0.12916271204749316,-0.4843089292752443
4529,-0.9915658332728055,-0.10467097810358299
4530,0.25132330953942283,-0.3431139718993458
4531,-0.6412891220853925,-0.3785206812659679
4532,-0.24879679576856628,-0.3285488142137492
4533,1.092135839596289,-0.3736392628795822
4534,-0.2064692776746352,-0.4635164229762556
4535,-0.4401624225287006,-0.5409555944840341
4536,0.4458467590745758,-0.4320006385379619
4537,-0.12766101539960661,-0.6345736713637912
4538,-0.48178007701744896,-0.4128908199304744
4539,0.6342095387951575,-0.14131046711663436
4540,-0.9070254124270902,-0.2105786579440187
4541,-1.0540583381344903,-0.18138678855830048
4542,-0.16201492683631902,-0.3204651125171796
4543,1.1904234989978522,0.04409042159616402
4544,0.7372200731853049,-0.19690174989948583
4545,-0.09061867201331208,-0.43111060573709975
4546,0.575413496224525,-0.4172818747123383
4547,-0.24364988999392778,-0.437212563560529
4548,0.11042161557134766,-0.4784845770758656
4549,-0.06944388993135753,-0.5964032760105789
4550,-0.8982391102551441,-0.3148182616550064
4551,-0.0546082780857563,-0.4541988068167205
4552,-0.4472603379514376,-0.3069759416387831
4553,-1.2846101417122997,0.7564133476484505
4554,0.507096255328739,-0.039003422039372834
4555,0.850050999813027,-0.35321735319370295
4556,0.7726538927863164,-0.4383583078127662
4557,-0.07874132210624091,-0.43044919516900143
4558,-0.9131901120237469,-0.3491963672859283
4559,0.7508631641776187,0.07199766930449351
4560,0.4343047540373036,-0.11241271123923584
4561,-0.8688291895433995,-0.1631847309736649
4562,-0.8947904810539136,-0.2758179838515788
4563,0.6289039841871799,-0.40063226437329524
4564,-0.13977107882957493,-0.3677323771086413
4565,0.21084690721862215,-0.5066996888501571
4566,-0.41991850388542945,-0.5357722511131127
4567,-0.5263866127167708,-0.5164117226933498
4568,0.6170743600553128,-0.10585956555520516
4569,0.4096733677248785,-0.41145957899898744
4570,1.363657443132407,0.01616459241545574
4571,-0.47513657322711994,-0.10154367977695389
4572,-0.4551708539210704,-0.27906832193075387
4573,0.08746570543720725,-0.5476080610874846
4574,0.17439706486071505,-0.5745678351276372
4575,-1.9656415378082692,0.5690597853794597
4576,-0.7180892767200746,-0.22253703819580853
4577,0.8601420601026033,-0.3021206269337185
4578,-0.07262427767566473,-0.5156466333250836
4579,0.6897721214625162,-0.44350677250681586
4580,0.41952085479949797,-0.4177867741164594
4581,-0.3480993289811601,-0.5125419071505931
4582,0.09553177107835939,-0.518523551685853
4583,0.4216033276655388,-0.40029847596914925
4584,-0.05361686227180959,-0.5399255513290862
4585,-0.42464286437640186,-0.4501739953263992
4586,1.1021275780076785,-0.3088548603282462
4587,-0.5500106914693303,-0.40521262498062577
4588,-0.11633965496139673,-0.49046333356667726
4589,-0.04755675887656651,-0.6044278231045562
4590,0.7035338314815636,-0.5277313847638971
4591,0.25654495240307756,-0.5933155749959211
4592,-0.361426936193235,-0.427715107008745
4593,-0.31576642275072975,-0.5164276563638407
4594,0.31085622800720625,-0.5767084620430377
4595,-0.2995835443621741,0.12848609331399236
4596,-0.7680127009909012,-0.24802278068388245
4597,1.0595262858264562,-0.2926524158070933
4598,-0.22393558586317674,-0.5005496911409848
4599,0.4988737172776627,-0.5340716663708945
4600,0.0012743726997454154,-0.5889351324702342
4601,0.5503079099378736,-0.467822450612287
4602,-0.13561857024596177,-0.4783495760326678
4603,0.543840657715377,-0.3890653602929766
4604,0.5890254295084407,-0.128257047867681
4605,0.02822058669102266,-0.4905914451747686
4606,0.9936246336373191,0.21513488101791475
4607,-0.12026560439112427,-0.4626392816811599
4608,-0.6686698337073069,-0.34335876990139197
4609,-0.08650467694153594,-0.32124532205278833
4610,-0.1720813699670197,-0.5243933746623232
4611,0.583327530727449,-0.37026987080025386
4612,0.3240229673071423,-0.38289741966532886
4613,-0.11503075693789849,-0.6237401577072795
4614,1.2124975753175127,-0.06552903995590348
4615,0.34592998517767853,0.014555930443231543
4616,0.6578905785080452,0.033541219177387144
4617,-0.5647607952347611,-0.2755692529939876
4618,0.2212531722933799,-0.47321735906844276
4619,0.5002069611142238,-0.3592835917395007
4620,-0.5072281903049901,-0.1115957317899783
4621,-0.8401602821769845,-0.41620242793013323
4622,0.08053215092198701,-0.4146036968355132
4623,0.5112553501205699,-0.560399704333555
4624,-0.7462996663542362,-0.3154359128677169
4625,0.11867230596806552,-0.6531211301432475
4626,0.3009345579912246,-0.5726603669521217
4627,0.03469627147980051,-0.5432827573627709
4628,0.09280612466743429,-0.6284319978514916
4629,-0.4719877599504488,-0.528713924123211
4630,-0.09972438109704224,-0.40507666270851045
4631,-0.41984160331802406,-0.5117496520556748
4632,0.7254489330927905,-0.41956063128329096
4633,-0.0723175250534189,-0.6154333520483061
4634,0.6162645134655594,-0.520419711303579
4635,-0.19403201988869576,-0.5435373338905849
4636,0.07515551697429257,-0.5605628396371455
4637,1.6607791807025094,0.5567897807563046
4638,1.121260310620143,0.528323997460962
4639,-0.8154162523880488,0.3130995218276115
4640,0.9063072203543142,0.02828708313705404
4641,1.6603038658597624,2.0755745602764213
4642,0.36604263676361687,2.283152647788163
4643,-0.3306953583155064,0.721592915938876
4644,0.8102886424163394,0.2958656610168615
4645,0.9181514644321584,-0.01206258540194341
4646,0.505782055060112,0.7296942718038045
4647,-0.28623677165742134,0.17035360812020722
4648,-0.3335135688690201,0.7900733145794947
4649,-0.06694105603826225,0.15833782483214187
4650,0.9340122139852474,0.1792147192306879
4651,-0.23011929063557587,-0.28289231645307555
4652,-1.2604867789921053,0.39710406539042153
4653,-0.4186076238645515,1.2146117765412046
4654,-3.07282160733839,1.4547904066534612
4655,-2.436030466184117,3.287127618498653
4656,1.203532558172478,2.2899762615699535
4657,-0.4114235703554284,0.19177517019530269
4658,-0.45077668338185467,-0.14780459594827647
4659,0.5023786120385796,-0.3383979732688882
4660,-0.2774448245489395,-0.31425358421352184
4661,-2.184071139707505,0.5249892833857237
4662,-1.8890346753345328,1.0192280099293853
4663,-1.7691450794128403,6.408850950499167
4664,1.251028331111152,1.2739122020772333
4665,1.4677550618510977,0.6886960019728668
4666,-0.06537937537909744,-0.1475057480804065
4667,1.1865124781055525,0.07620897127574863
4668,0.653331992499111,-0.29126080872576116
4669,0.19675374082420838,-0.22994659377526455
4670,-1.3159438678299953,-0.18693162520505843
4671,-0.7634875689332565,0.06258117058651054
4672,3.2477365342359796,0.5070377330099577
4673,0.8485346775848696,0.24786155869040058
4674,2.5298595389058525,0.6216725873616491
4675,-0.9999980081199202,0.21629719565673142
4676,1.1327226753424688,0.2145733829458105
4677,0.08769553782200457,0.3386048185296673
4678,2.6846607749661207,2.5210154786671706
4679,-0.2917404915961279,0.9840287438303159
4680,-2.1603556339839365,1.5509186646847741
4681,-2.0356190293653906,1.2395065082739576
4682,-0.7215509134021879,0.021931371143006504
4683,-1.1016046529578447,0.3009658952250246
4684,-0.15453839549745063,0.3555309682951114
4685,-0.5087287431230971,-0.21649326596305102
4686,0.24019740633144102,-0.34316143535131516
4687,-2.218956974931755,0.9223346223110306
4688,1.4218865339101527,0.2297644898868371
4689,-0.39191726179404107,-0.28031205614809246
4690,-0.5685793574833607,-0.31294491803521063
4691,-1.852102536382314,0.6067875850267437
4692,0.3024966788731771,-0.21232334333047637
4693,-1.4935775453803202,0.6059329658704182
4694,-0.510574425941651,0.7385690772741799
4695,0.8448161853209643,1.5061998685979514
4696,-1.6747181241695914,0.3963611145830289
4697,-0.5229968614704189,1.0247036443517645
4698,-1.376049809717453,1.3166569447004925
4699,0.10048131538864857,1.2275032029237962
4700,-0.7562238728465535,-0.05383177123245428
4701,1.2079249798942455,1.3434702388527224
4702,-0.20985445789706025,-0.2526955852667144
4703,0.7755207885840472,0.4973135844321173
4704,-1.876136556242685,0.4687339305655618
4705,-1.597975091321068,1.8282980171806942
4706,-1.4266661260185267,1.1810093172500298
4707,2.338759022250373,1.6866300183706264
4708,0.833796767660784,0.5428518799504429
4709,1.1703865672423184,0.3180660331732652
4710,-0.22920246813721457,-0.17902408299575515
4711,-0.36121645947303116,0.9404334052252088
4712,0.1780768448309505,-0.21808015336203987
4713,-1.039100098305243,-0.09669624759820732
4714,1.0649949217576298,0.07687907070799281
4715,-0.4051177370095869,1.16991070002711
4716,0.7078452844081891,-0.40137239294296123
4717,0.23080440166379462,-0.31029240534257624
4718,-0.7960612494816741,-0.3840419933336535
4719,-0.9137070961440746,0.17494817345095198
4720,0.9884584977678088,0.15027637486696438
4721,0.01685525951336598,-0.26512714621016364
4722,-0.17265579940050774,-0.4985911900645825
4723,-0.2662017461851405,-0.12899730799410775
4724,0.654223889992306,-0.3364118461525048
4725,0.4653355897325616,-0.17750608194100487
4726,-0.39682782582633,-0.49673749330638395
4727,-1.3259381504904777,-0.04617312368964732
4728,-0.08136834577870544,-0.24078809558175798
4729,-1.03591693618463,0.28157855480323235
4730,0.10225746740347105,0.2189346879817848
4731,-0.33753229845462895,-0.11511740311401993
4732,1.0838565110105123,-0.33042014449208956
4733,2.070209664300291,1.5335104066021767
4734,0.3698014928360396,1.0102423545422052
4735,0.44452498657088524,0.2904117941395128
4736,-0.041653323344665934,0.20769824740356654
4737,1.1431655999970949,0.21946992925768552
4738,1.5736948083378595,0.42640582727859655
4739,1.230862118420252,0.24894799337392556
4740,-0.9458949517058636,0.2689154261655529
4741,1.3492069057703948,0.36482217897720354
4742,-0.42604074633251965,-0.2669633203639147
4743,-1.1125762861935633,0.33408418719821426
4744,2.0868160445429202,0.5827878826785995
4745,-0.5774303297020622,-0.16357801285563484
4746,1.8250759806781862,1.1159099588700205
4747,-0.7298841457006304,1.7297559640827656
4748,0.6466830902690769,0.21047371360962938
4749,-0.11798556942151775,0.09614061140019631
4750,0.19379426088618637,-0.2878218403399089
4751,-0.26904453124939476,-0.415334194414604
4752,-0.7188512424787548,-0.09377688434959394
4753,-0.01965270241648772,0.7869988979458277
4754,-0.7770827920809618,-0.3754176397318274
4755,0.3853381508203309,-0.3720205379961583
4756,0.09144511990061155,-0.17852143078390176
4757,1.5472938591677783,0.19066534898349266
4758,0.44603669922979383,-0.11819012362504316
4759,-0.720787082612309,-0.19395326900336635
4760,1.3534178178972942,-0.10209241681484275
4761,-1.0829492517841337,-0.3712963562743721
4762,0.1821803676801648,-0.3540644499946203
4763,-0.1769948350187345,-0.32221911706483736
4764,-1.566130910633094,-0.2503915635454201
4765,0.9952316174729396,-0.34219728404720634
4766,0.6985093101771155,-0.4136180780263266
4767,-0.5541442394826909,-0.2563678564196268
4768,-0.6713800727722348,-0.09711051141044416
4769,0.8066738407733998,-0.146213555077319
4770,0.28457541452706014,-0.40647214460366393
4771,0.5327233055755449,-0.23589209988282278
4772,-0.6418139667699778,-0.36321203641267064
4773,0.7003203147632342,-0.3954838068628559
4774,-0.12666779362121938,-0.6272507655500874
4775,1.6489110401268134,0.06998200694388208
4776,-1.3180495642844936,1.370043943665336
4777,0.5081043972044106,-0.012558155434713093
4778,-0.7984612771148634,-0.1599265865939512
4779,0.6336693565403906,-0.04743813940833158
4780,0.9888763945505312,0.023366887566150376
4781,0.9776137659005311,0.6529965969356861
4782,0.2986914403300374,-0.04765685392347355
4783,1.2511908164868295,0.40296103904004704
4784,-0.6518929186125083,0.6526163513243902
4785,-0.684540807267636,0.8684393679566144
4786,-0.6181687340366093,-0.12827379351165855
4787,-0.7135556652025103,0.20320170102475227
4788,0.4456280853352182,-0.07892582477400477
4789,-1.4466352362370885,0.4293073415357219
4790,0.2604630536785822,-0.3952851835849922
4791,-0.7587431788684942,-0.36793991176769003
4792,-0.1358271145676663,-0.5075664590547444
4793,0.5616776747915673,-0.5447075434935145
4794,1.550612063091014,0.24938683215672094
4795,0.4616194777977929,-0.36452815175676323
4796,-0.0210997514595688,-0.3465885796834002
4797,-0.8176704741568492,-0.04135522130146702
4798,-0.15975748600143788,-0.5081861846360154
4799,-1.1531738877659272,-0.342895081297799
4800,-0.929311601889258,0.41335176573180515
4801,0.18516755998467022,-0.21142497489981235
4802,-0.006833828518747583,-0.4572111984931701
4803,0.328252605936359,0.2520362094073056
4804,-0.6686359197489204,-0.30696199229506876
4805,-1.4001760763282745,0.17413142118381977
4806,-0.31616226517564067,-0.2158972437143131
4807,-0.7279370839122048,0.06383335958852954
4808,-0.06044508462387412,-0.17152161891664533
4809,1.1118593901282916,-0.11392172269347194
4810,0.28549269139241334,-0.2923799691564956
4811,0.08962595148915659,-0.4695569892584994
4812,-0.2120550194808725,-0.3026708396181279
4813,0.30671325758594425,-0.46545688047738676
4814,-0.36089307314909913,-0.32434332294060436
4815,-0.2543308595800071,-0.09784824567523787
4816,-0.2536854148381138,-0.43757038484588606
4817,-0.22143202914553703,-0.22757340609576224
4818,-0.3447114558767663,-0.4009695371190275
4819,-0.6409828401029847,-0.3164774677081306
4820,0.5856693370307142,-0.11086021491440481
4821,0.8543679041186014,-0.35747267575674885
4822,-0.5297714778708693,-0.3887000763726902
4823,-0.6536334378606692,-0.24128602716133518
4824,-0.7279256442225381,-0.1389521814347628
4825,-0.37100177960065384,0.22007767385886387
4826,0.44745653034397026,-0.42605673444008557
4827,-0.7174004642872611,0.003825661122390949
4828,0.3316144722238076,-0.16701640696383016
4829,-1.1676382818636761,0.5839945893119456
4830,0.37412431172608074,0.3893542799824237
4831,-0.006892557080802934,0.03092833401694696
4832,0.7485617354810381,-0.2509657909317407
4833,0.5321834295035319,-0.21658919379158728
4834,-0.9380687030048961,-0.1485973872078713
4835,1.050100905894831,-0.16255787009839126
4836,1.0881350615700245,-0.21603947237993593
4837,0.026093243302782877,0.27078401780545336
4838,0.6353616026813875,-0.20169366974129582
4839,-0.8750951952630571,-0.07704810209191258
4840,0.08023311556830684,-0.30846822023991355
4841,0.5486073694212894,-0.47038665786759115
4842,-0.6728930163081442,-0.3828648575523369
4843,2.880846288718746,0.6205657141888685
4844,0.11553768872911646,-0.36391201278891044
4845,0.38212259438804586,-0.45847061507297254
4846,0.007178365004487347,0.20968106709606452
4847,0.20916121554137673,-0.41371244773707594
4848,-2.1523575555642505,0.49830800166686456
4849,-0.21799480207865032,0.19232326089284726
4850,-1.6979012727568819,0.1640563733019955
4851,1.9257495872690316,0.05467878592653406
4852,1.527168064381498,0.01187771900165106
4853,0.6090080353929271,-0.2292824611398414
4854,1.690626135821292,1.638762974228606
4855,-1.014711522444787,0.7061960849531986
4856,0.31489812815119367,-0.2959313646556938
4857,0.30964073021747696,-0.20337722963059027
4858,0.8133744169313952,0.13075153864071784
4859,-1.1788004764117483,0.8346451440889063
4860,-0.3293089495610429,-0.32835079542693996
4861,0.7497474533368067,-0.21735798069386475
4862,0.41779101841589067,-0.5205187520168598
4863,-0.9274331989487843,-0.2312652509104059
4864,-0.13833704651936324,0.007303615942968441
4865,0.49677641228751057,-0.462009150551224
4866,0.7327308463734765,-0.47957037090121174
4867,0.652001107022258,-0.4242207236702707
4868,0.28901241013429263,0.2229906530341327
4869,-1.0252120615461926,-0.10988595676818422
4870,0.3698681323025455,-0.3271204562197946
4871,0.6239406844831721,-0.10659523720498418
4872,-1.2870709068506834,0.42100446475192
4873,0.13251159234403204,-0.07636287878462723
4874,0.15861566497404447,-0.4885571657527772
4875,0.735993505366392,-0.10044193982852413
4876,-0.5003854916993643,-0.34448197680783593
4877,0.17905035690427462,-0.3541801393057369
4878,-1.1967449142478586,-0.06213105797936577
4879,-0.4797395253722243,0.6277000717047602
4880,0.32326525402867023,-0.0799935709620472
4881,1.0999979495849916,-0.33727157633358584
4882,0.5274350255137756,-0.22243873040919365
4883,0.835239982170242,0.0015782986028656952
4884,0.44051141315944387,0.13432254531580431
4885,0.2890970099682054,1.1509367347162038
4886,-0.547465544915013,-0.03609622894757528
4887,0.7988948974124868,0.17183466606332867
4888,-0.5621575002978072,-0.29538369984838936
4889,2.3322971090384716,2.1294839382521906
4890,-1.072021053295178,0.2952056602522076
4891,0.41762339888744937,0.2778704491085988
4892,0.7386193420499029,0.7647885956823198
4893,-0.4064645138032239,-0.14985821610885247
4894,0.31206422071502626,0.13121976536766528
4895,-0.7723031130165026,0.20795630306537605
4896,1.5909120263613368,0.35414998108230017
4897,0.19708595320593575,0.2816315968794428
4898,-0.7214985666018601,-0.05184893022234918
4899,-1.4171088702495105,0.3333368037170596
4900,-1.8230240696820645,1.5480868809909796
4901,-1.0340779881873696,0.9903514231099279
4902,-0.41067275299353945,-0.091002644690442
4903,0.973707511502856,0.19766036289660557
4904,-1.4131395992647522,0.08614159188246873
4905,-0.20389672688894858,-0.2774802989823064
4906,-0.35890959281803647,-0.14068757316736635
4907,-0.24929103469303282,0.29102223610851957
4908,0.03139724985154358,-0.38357148191803897
4909,-0.7019308045692763,-0.2621209179677989
4910,0.3854131657959121,-0.32529897175789296
4911,0.7759099927428337,-0.2035823005754335
4912,-0.6121315344477499,-0.4172266043078139
4913,0.6738366398760396,-0.2765922777432107
4914,-0.015988186877970958,-0.18360862090259453
4915,0.9843703692965735,0.1110625092091747
4916,0.6233936974818418,-0.0651573075565773
4917,-0.4383099045918377,-0.2142555062370269
4918,-0.21196372138946126,-0.16152457535629292
4919,-0.3237448048146302,-0.4774237687680425
4920,1.3986855519768564,0.24747795697691993
4921,-0.8300788429319697,-0.229399732212254
4922,-0.2641427247571127,-0.35803515582792966
4923,-0.9358223170654212,-0.12292402555285843
4924,0.24827427253173506,-0.5631281923852265
4925,2.4390166983831145,0.5833505408271044
4926,0.11954665812435969,0.6530582331232544
4927,0.5031867095434047,0.2930754868045091
4928,-0.24314595231028538,0.1713121863668073
4929,1.0750375189703887,0.22529199379504933
4930,3.751050268767017,3.332699261009342
4931,-0.7446080105752906,3.880658134973115
4932,0.39963037616304053,2.0168960843515387
4933,-0.2282616271853284,2.7542858858777137
4934,0.5902404713367633,1.4037450425222686
4935,0.6023829429174192,0.6535222806577656
4936,0.5504248600105741,0.7297263517020823
4937,2.3089373566414553,4.351966813784124
4938,-1.5746719503225295,2.2579630132561297
4939,-0.7689639334458951,2.3185225746355824
4940,-7.761622530783931,7.4149025424433805
4941,-1.0803808573053932,6.637290214696103
4942,-0.09590781186224731,3.043123130163844
4943,1.515369516330999,1.9021721126163398
4944,-0.8171390378638537,0.3178393391914628
4945,2.6569691951239007,1.3728050167136667
4946,-1.6539324843219818,0.8081946866465257
4947,0.2848143581939584,-0.06440721873104846
4948,0.4126892549860994,-0.35423623243694324
4949,2.8732869073918734,0.8081770606290739
4950,1.428372943635161,0.5129907498577093
4951,-1.0687099720457316,0.006815140414137563
4952,-0.014087774710208854,-0.2665476820612732
4953,-0.7603970599581585,-0.39579043380082224
4954,0.793350185763885,-0.04051564706410435
4955,0.43705778126037925,-0.2833352542601786
4956,-1.0493319965102113,-0.24249714480423157
4957,1.1282583037733016,-0.2594464337852675
4958,-0.08284898476368846,-0.32751164880203115
4959,-0.10947294202873323,-0.2992367726711142
4960,0.9665071329937137,-0.3007711293681713
4961,0.8303479833705074,0.21977509967839817
4962,-0.10045515269840127,0.2655145295641229
4963,1.3957137709529213,0.3948910988300505
4964,1.2977219842789698,3.470477734572735
4965,-0.5596777380530931,1.1027342099473172
4966,-0.2763475325871809,0.5326925530207745
4967,1.1210700714250526,1.2201713581095224
4968,-0.31696612510627115,0.5619339907088431
4969,-1.1273151990742185,0.9382378620099856
4970,2.1725142073451114,0.4709638160969143
4971,0.5905588068959724,1.2267196655224832
4972,-0.2831836436931908,0.07240511725968014
4973,-1.1971949473343315,0.530718867729403
4974,0.28216872646766455,-0.2013672679743534
4975,0.6802818268048529,0.19060654786952846
4976,1.1020917956122436,0.2147898780941021
4977,0.27650168145401655,0.8561433333559306
4978,-0.029426658673595445,0.2107709479637621
4979,-0.06345074806547765,-0.0651796962998214
4980,1.0850088044240667,1.036412091686398
4981,1.7126192033901175,1.5539419035879314
4982,0.7993625887017712,2.6852141763692225
4983,-0.7456830177056498,0.9494973876127383
4984,0.11252415733003146,0.07642193533314483
4985,0.6936434620035433,0.15048327692643465
4986,-0.6391225407505754,0.14848222759827942
4987,-0.7138125046720005,0.4186789399827224
4988,0.6541962492475127,0.14441415165312704
4989,-0.3846037829703254,0.21638093958592378
4990,-1.9478320115269767,0.8926905425980798
4991,0.3427988037030698,0.07355566497679959
4992,-0.7335239281930455,0.8472094332174444
4993,0.1994065903086149,0.25583787788798207
4994,-0.7872802302781692,0.5422427343784719
4995,0.8470349900537488,0.26133454241312887
4996,-0.3843242717034967,0.3559102040531336
4997,1.128833195060582,0.6207552508801889
4998,0.6247226876395439,0.5234624776761273
4999,0.2106226102992022,0.42944720559521177
5000,-0.07883623923719976,1.331065727949297
5001,-0.5866283939577153,1.1402325368330404
5002,-0.12635611051057694,0.5020203703537941
5003,0.38115019137740236,0.9744090860896799
5004,1.1585847095712927,1.2751499621692028
5005,-0.8216527904200266,0.8377928302342359
5006,0.2576168529813065,0.25747729729459384
5007,-0.7923834572144296,0.7075827164391911
5008,0.6198299777898408,-0.1353300478285857
5009,-0.10763113106903524,-0.05755684203829207
5010,-0.43845747038791444,0.32224471815743305
5011,-0.42388733572439885,0.6383427856860469
5012,-0.5604955361530523,0.07801140390324808
5013,1.0716951952829117,-0.12934754132901186
5014,0.5776068368938554,0.47413787375751365
5015,-0.7318525693647482,0.14105736241415598
5016,1.5062260775390615,0.18542549917301057
5017,0.13985154066078115,1.2082010206228169
5018,0.587050321822292,-0.16429869037838327
5019,-1.4001388022721883,0.6338459704953849
5020,0.6170659089807359,0.09588067722440258
5021,-0.48402631228324366,0.9473080179473317
5022,-1.2358698040125358,0.6410876177339381
5023,0.06788711123048102,0.1809346816350551
5024,1.4303554318510212,0.7793547584911713
5025,-0.5781341939997955,1.1950457179371052
5026,-0.1907840093673362,0.8479347893834898
5027,0.29335406284022786,-0.08971818433053064
5028,0.30742062836383816,0.5908948914710962
5029,0.8498362262830427,-0.09979878632977918
5030,-0.9521275669300028,0.4050189744983283
5031,0.8900328410450362,0.07378976324460836
5032,-1.264935035230628,0.49584772183263714
5033,0.6992547963603966,-0.07037749296053296
5034,-0.9875160179305758,-0.012855400524998072
5035,0.2597326950400102,-0.4685938149749609
5036,1.162218881377223,0.12926334084995783
5037,0.08826993861409535,-0.31549049139572705
5038,-0.7123204603854634,-0.32718220151413074
5039,-0.20301976485540996,-0.2653025386348901
5040,0.9157917481664328,-0.1094932879863637
5041,-0.020631556736688504,-0.3105444910822804
5042,-0.11411871824941472,-0.46664061422499226
5043,0.005468242950367637,-0.33643167210728975
5044,0.1847060075231786,-0.3122591192529849
5045,-1.505120966368983,0.04411389250691087
5046,-0.37568816430591956,0.16163678779535567
5047,0.6099630109319254,-0.29673639578298816
5048,-0.7933707169931239,-0.11540716706720927
5049,0.105965203567112,-0.12790486640121354
5050,-0.16345021422014083,-0.07638782117592281
5051,-0.2435528772190902,-0.3745446751264839
5052,-0.6365052891057947,-0.20756342106740264
5053,0.7655347490863315,-0.543526773513483
5054,-0.3102449130472548,-0.4946309015167934
5055,1.041559599758639,-0.1597591414739962
5056,0.009277216131690549,-0.44190155187896607
5057,0.5312579065775879,-0.3519067525654633
5058,-0.8157077045860961,-0.3192617365806836
5059,0.9422662782716931,-0.24044717610474076
5060,0.23898252092940275,-0.4921381888435219
5061,0.5370990322354069,-0.30417760735096333
5062,0.7744471290169608,-0.09662127638187698
5063,0.5102774081585912,1.0125598762733397
5064,-1.0304944732020371,0.5391419146635127
5065,-0.04848428278091903,-0.22336805673935556
5066,0.5149438027212434,0.15110725403168337
5067,-0.49435771756738334,0.009716576276777956
5068,0.38994582151087065,0.6013191156356418
5069,0.2239556658361413,0.4795291502403072
5070,0.2694233435247056,0.18528371418196088
5071,1.3521287007455183,0.4348835848766449
5072,0.4211289658760362,0.3723672820007988
5073,-0.5163577552233094,1.0957618139396468
5074,-0.37366748742983164,1.0002438032788228
5075,0.14962833622598104,-0.11593766688917166
5076,-0.4969205300943226,0.28458679216387045
5077,0.4411488244557301,-0.387869100731551
5078,0.10431848517309916,0.028043441978458854
5079,-0.8924563924175495,0.046232776433720195
5080,-1.0471185617562226,1.4342556217878728
5081,-1.0273224250134985,1.3068473556968458
5082,1.0502947157696674,0.40853199717304456
5083,0.24036931938060885,-0.1967106595569814
5084,-1.1928309030147504,0.3884445048998722
5085,0.31852524183771636,0.5380873479323875
5086,0.39411303211120285,-0.23419857325371604
5087,-1.45086355386076,0.5456430664079517
5088,-0.27789028040291863,0.8112158258935833
5089,-0.10384740366606185,0.5134154051323265
5090,-0.8007663942456198,1.671233110372765
5091,1.32010911344002,0.3230798151181911
5092,0.2661295886098379,-0.20597347431366594
5093,-0.5525504229413607,0.09207601618231809
5094,-0.5255537080325102,0.44355263552198254
5095,0.7791647994880222,-0.38216634270174604
5096,0.3007011144051923,-0.21756166064688026
5097,0.626468985167312,-0.05562037706559663
5098,-0.10791597738125955,-0.38907691392528565
5099,0.536832518121012,-0.03679126305853606
5100,0.29963194766958584,0.6517341604714508
5101,0.3060813142246206,-0.42620264241741795
5102,0.5561079063230085,-0.407908000024965
5103,-1.8440709037892684,0.4790053320706151
5104,0.12828016388545105,-0.3728602555435688
5105,0.11619117541679858,-0.20559853308073692
5106,0.023176897701360694,-0.5270749127176861
5107,-0.7091205432668755,-0.2021235613209994
5108,-0.56439846053069,0.8233203743380724
5109,-1.8831679553500555,1.5441693332047668
5110,-6.135536611948283,10.308834393235363
5111,-3.7254940879229297,8.706590483419527
5112,0.5553549835646769,8.389222142541076
5113,0.22431196585526064,3.6880567965308266
5114,-0.43367044905922436,2.0238165648867517
5115,-0.013136846165856537,2.6610447444917025
5116,1.176865264546235,1.4964428173228785
5117,1.361200106200711,3.8660589059244743
5118,2.0669955725196694,2.481746765619021
5119,0.6545147169174073,1.8464295497849377
5120,-1.060369792147257,0.33211969954637083
5121,0.8554302875818325,0.794174254905753
5122,-0.11835549272600976,0.618610470590278
5123,-1.6655016898577206,1.1065491374608352
5124,0.9139084253402581,0.252375863727908
5125,0.18249731596286184,0.08324178484429347
5126,-2.1887273026594976,0.6248971531195673
5127,-0.8586266994681624,0.951521410182239
5128,0.6217970252975971,2.031087069162211
5129,-0.9334947825621798,0.1279225123617369
5130,1.5781221340402247,0.2413288994188477
5131,1.32672020101234,0.7597476011253508
5132,0.8055243483843133,-0.037401582486168976
5133,-1.6816506727786562,0.018299642653790867
5134,0.6240390148873283,-0.06372207821452781
5135,-0.6248529549376107,-0.20379869762892966
5136,-0.5635880593294561,-0.053160965678039504
5137,-0.29301002988046665,-0.3838463776548192
5138,-0.9078723040364493,1.0683306122503928
5139,1.2233395091294834,0.3566593706783423
5140,-0.7505522932785719,-0.266246178997435
5141,0.1964220720171997,-0.4905939844319286
5142,-0.9947809561855319,-0.07103373994644932
5143,-1.1484769463187412,0.1343360210933936
5144,0.748966780954109,-0.37558341390829014
5145,-1.2457469554865948,0.10830755591378805
5146,-0.5276731589723032,-0.16486932697707504
5147,0.2119702616991984,-0.029833839063510684
5148,0.3867999789505732,0.6188576866658784
5149,-0.0811613422766792,-0.3012478973630697
5150,-0.6667600659517481,-0.13673445297519385
5151,0.9634586369795675,0.10692255618819638
5152,-0.749824970888334,-0.40497652568242315
5153,-1.3004287640146388,-0.0578675067221643
5154,-0.8709181858411804,0.26421343573002043
5155,-0.4073078966519224,1.0006385739087964
5156,-1.3726784989508913,0.327258910200177
5157,-1.4913661617781393,2.2236213831084957
5158,0.7238745913909258,1.425271043062422
5159,0.9472573581772641,0.9096634502244504
5160,-0.7461172125326327,0.5538217000936206
5161,0.9348295892341858,0.29922148604188586
5162,-1.0181261267993786,-0.08837949989133312
5163,0.9649536523604186,-0.05207426588324721
5164,0.7478126060908608,-0.3795053888214693
5165,-0.20941129203728553,-0.267604500485722
5166,-0.7094840575244329,-0.412191699439312
5167,0.8507865232864703,0.03208159294151871
5168,0.4587488955547466,-0.2956057075306251
5169,0.48878869634550615,-0.49151745320532514
5170,-0.14218030108456411,-0.5975634396439439
5171,0.9368507375342893,0.13105228258953866
5172,0.74869072125005,-0.16368703776124144
5173,-0.8173909121287724,-0.15925127842369494
5174,0.578990376439863,-0.51358035324656
5175,-0.017796622244014522,-0.32418403908474913
5176,0.541103058485981,-0.1322990023835668
5177,0.15430373771870398,-0.5294816583026593
5178,0.11486668768576505,-0.4379678989592641
5179,-0.6633639166891678,-0.08642591371144581
5180,-0.06750316511875204,-0.3804020850707864
5181,-0.3609536418962802,-0.46727623063336454
5182,0.23266578621240183,-0.49418737667429546
5183,0.07949456070145833,-0.45456116372634264
5184,-0.22227996819762397,-0.6044032462518404
5185,-0.9276062678055081,0.06892849527992402
5186,0.31230909593012723,-0.4741548749953092
5187,0.7709585103745141,-0.0894409191903873
5188,0.2506863032842301,-0.3980241733323013
5189,-0.975836041851279,-0.26904819617711057
5190,-0.9384906633401463,-0.09797476391040302
5191,0.7719234723792602,-0.15266121143659617
5192,-0.09011950479883618,-0.22992825462937233
5193,0.5213276680956191,-0.5748559393583658
5194,0.7085880582476689,-0.3571844010313832
5195,-0.24185701964800188,-0.30059137732361396
5196,0.5050213591161272,-0.4948219130531327
5197,-0.2897488408026222,-0.5548195239433124
5198,-0.415564322764993,-0.43455395678064135
5199,0.09936024759407852,-0.39787486409255074
5200,0.8767750744308298,-0.06680527428644291
5201,1.5622087569009167,0.7807705311429457
5202,0.3974002049759107,0.12751978672037276
5203,0.3190198316738025,0.5820562925287287
5204,-0.05188977873443552,-0.1507971927754556
5205,-0.6480631003355639,-0.2334068241947558
5206,0.09651913576227594,-0.4917825714360766
5207,-0.7905683743608978,-0.012560278042462049
5208,-0.04292996070187972,-0.344419859023683
5209,-0.084054582199339,-0.5746462050714197
5210,-0.02021615382431311,-0.4140823392860982
5211,-0.5561741793402792,-0.3921229310633663
5212,0.4379092834317404,-0.3443209737942469
5213,-0.6032655415940142,-0.13540103886986726
5214,-0.5800390432048921,-0.22395095052539063
5215,0.590288813383244,-0.3490116277921897
5216,-0.29857520096957546,-0.5028249234834589
5217,0.6475661453320406,-0.3299815382199679
5218,0.49357313131481617,-0.5090980450678348
5219,0.46646455914228974,-0.3462904166530032
5220,-0.9043842421096868,-0.3870811753465666
5221,-0.27850659731386324,-0.3638458357621845
5222,0.32431685770424923,-0.5101176748149687
5223,-0.8992830733766899,-0.23466911075528404
5224,0.23137938314005768,-0.41888787489310186
5225,0.441197054008314,-0.48339395065038376
5226,0.5683951802606857,-0.39388151968498203
5227,0.5082748170493108,-0.06756294428142756
5228,-0.5509023529164256,-0.45227195074428395
5229,0.14477255366682454,-0.5900501124666343
5230,-0.18806480914604617,-0.5175096765929801
5231,0.6367614799500123,-0.5484909980214605
5232,-0.12985164559726914,-0.5213155737774433
5233,-0.395595050860169,-0.44575546494759744
5234,-0.5465833938356692,-0.39588090293833283
5235,0.12368810154440704,-0.4116277719349109
5236,0.09832163671973773,-0.5473476736134951
5237,0.07431774580701264,-0.5889161294428066
5238,0.3829699785227628,-0.5864524322945565
5239,-0.06752148533647065,-0.3910382848497756
5240,-0.09823879171537997,-0.6042329105150848
5241,-0.0464140192483805,-0.6421742438574223
5242,-0.3472616012305519,-0.3264792917658623
5243,-0.2797406572291151,-0.3515780385309371
5244,-0.6858823202393747,-0.2038632488851944
5245,0.40428997942975303,-0.5211610043055422
5246,0.2088171472911155,-0.5199791277110916
5247,-0.5541010500571861,-0.438526633778627
5248,-0.6629423279147855,-0.07896602282391021
5249,-0.6543736703282257,-0.3544010355049298
5250,-0.5232644607224051,-0.35392878209211576
5251,-0.2662749553096856,0.09713345826433056
5252,0.08292666829898312,-0.2678328370856796
5253,-0.9676103493646527,-0.05297462565244237
5254,0.33808344785603284,-0.0880397021221157
5255,0.23710061519371048,0.19707122642359015
5256,0.307716620501306,-0.48555348563304396
5257,-2.7351910414056535,1.703829097140782
5258,-0.4111141557671639,0.784061052124348
5259,-0.768297094824498,0.45342060627694003
5260,1.7492022492355574,1.0710622591459196
5261,0.3480526167954642,-0.17165569138591336
5262,-0.9747807748555324,-0.37596026118855846
5263,-0.3934884326435031,-0.028209961032159083
5264,1.0389195478139215,-0.40556955748833806
5265,-0.256844059057686,-0.19105571866643534
5266,0.9465573028843193,-0.43414514642584634
5267,0.7328707599951925,-0.3290616445614771
5268,-0.020489598447177865,-0.5114937609243707
5269,0.325786962170531,-0.5018313394258501
5270,-0.4074266266747006,-0.5407552217269306
5271,-0.7150856537571874,-0.43829454673284424
5272,0.17142105277147301,-0.5399704354930455
5273,0.6950739072830097,-0.49260898804089115
5274,0.4924787278974396,-0.5322837387246608
5275,-0.5009641114470934,-0.4732245416285802
5276,-0.16631639386474356,-0.6346015777367378
5277,-0.2587351112680307,-0.4687779844297599
5278,0.4663108054581722,-0.5864974200880332
5279,-0.48857551815498856,-0.45854725216784004
5280,-0.035003198034351875,-0.5407852713557142
5281,-0.11393539696957836,-0.6325110194578496
5282,-0.046928394740026615,-0.41168705590118776
5283,-1.0568966173651606,-0.2792618005475736
5284,-0.6657269082189892,0.26708834059854086
5285,0.18318908747882018,-0.3430092102825517
5286,0.3244745937476221,-0.5187766909422783
5287,-1.0733135945428154,-0.34591060431947324
5288,-0.45999638426821676,0.12828875741366275
5289,-0.2498527467670887,-0.28806929469188197
5290,-0.7779936365249844,1.278542774988084
5291,0.18291825344017898,0.18280694043014098
5292,0.12285832817715653,0.15173526659784606
5293,-0.905809479959336,-0.001231342226333914
5294,0.9507128108647317,-0.28690117173093177
5295,0.17120628516192282,-0.2316667987373817
5296,-0.4697711609067765,-0.4837266131381856
5297,0.45191880886423236,-0.42466063078406535
5298,-0.8000858200337042,-0.06344591170362344
5299,0.7801509975908998,-0.24735292428682137
5300,0.3255467401276069,-0.389976255601458
5301,-0.44414238632278835,-0.42925859648568326
5302,0.5324681726871056,-0.5387867008418545
5303,0.21174632958670048,-0.32815558091022795
5304,0.662024852467345,-0.23963061795468266
5305,0.02037465245053443,-0.534778948186931
5306,0.4236228775131896,-0.38403829418378327
5307,-0.46801873869270044,-0.11939846602610772
5308,0.6941312147460781,-0.4484508578379357
5309,0.37786060376104547,-0.3326916016595449
5310,-0.42681709788362965,0.0052708498864883135
5311,-0.12460648423672904,-0.4151560475141341
5312,0.3397035150929423,-0.41854612173057
5313,-1.8890764896169743,0.3030985591505126
5314,0.4918521971248524,-0.1439810380531088
5315,-0.7090242010306032,-0.02537560784558198
5316,-1.8716412403091072,1.6245486923032724
5317,1.481245837231208,1.4907477109041032
5318,-0.3432155138970464,-0.029373085485374636
5319,-0.33878404766856285,-0.18449101774190482
5320,-0.9265716524721573,-0.061479318149181936
5321,1.6487438788623308,0.08079063924197218
5322,0.2212784322346693,-0.35779029501049
5323,0.4531447259346913,-0.20498021824532703
5324,0.06230920666395579,-0.5298465639167641
5325,-0.343545387150788,-0.5305386643513247
5326,0.3639682762274357,-0.5827265644371394
5327,0.2687717263558427,-0.5703708841918297
5328,0.6920568207264535,-0.3907865571884936
5329,-0.5746094549884466,-0.496183356278262
5330,0.049253408173042044,-0.5844819929043676
5331,0.08421601551889979,-0.46803317790881893
5332,0.5527854762816311,-0.5634560970657126
5333,0.2652115867151666,-0.49743352262559387
5334,0.18427674078490391,-0.3649929905424405
5335,-0.6418755259123623,-0.37424093244048356
5336,0.14157202508465153,-0.31434194696159995
5337,0.3963250411249175,-0.5961272518990454
5338,-0.23747620928543403,-0.5703707630275712
5339,0.8134655611964151,-0.49653634290270027
5340,-1.3468747346435457,-0.35428045991270773
5341,-0.18717685622430635,-0.34498818673264187
5342,0.013674254812891792,-0.5407807403092576
5343,2.9203409545652033,0.9644379230509262
5344,0.28579977616210367,0.9143165211790151
5345,1.2163158151561915,-0.04693531108627373
5346,1.4181440432990735,0.5241464072812394
5347,-0.7346390624975644,-0.15986640098593957
5348,-0.8798995443940423,0.1405411101761286
5349,1.2476508970708688,-0.011281820677030046
5350,0.20147509622798382,-0.2429276098633703
5351,-0.48472432828687817,-0.3224125415223257
5352,-0.28634412448328483,-0.25973332263449295
5353,1.482254490955643,0.30750903646507477
5354,1.2047950474752938,0.5506142498380305
5355,-0.7890397538115324,0.07323688492769617
5356,-0.21978940701068073,-0.21143839658342134
5357,1.0699273126622129,-0.24424254793492847
5358,-0.3384630452986366,-0.38890436324932653
5359,-0.25848078546358455,-0.1022683851717855
5360,0.041202531943963915,-0.4731569553723788
5361,-0.8238740313415758,-0.33864170959899065
5362,0.3397114147581465,-0.3662991039190096
5363,-0.17067617905377203,-0.5812967619766963
5364,1.1492760405796587,-0.2443378195164465
5365,0.326236286320846,0.05848196121357528
5366,0.03898133281119583,0.07206834722429603
5367,-0.1823316892219264,-0.4070651141042162
5368,0.24606079403143258,-0.4626576713907263
5369,-0.13143107499545123,-0.5380586990557986
5370,-0.23858058210809746,-0.36534928711058645
5371,-0.3712165970467396,-0.4457363492015072
5372,0.565037782640698,-0.2781296619390499
5373,0.044060518297653596,-0.22289871305619982
5374,0.1396469458846763,-0.5910902978811566
5375,-0.19895978396467526,-0.49346283849198413
5376,0.4536144289279634,-0.2948934764945984
5377,-0.6168737147454966,-0.24211089155036353
5378,1.1867523728311935,0.027658866153304797
5379,-0.07636096924113511,0.4959735426544593
5380,-0.050254568787325586,-0.05856059438139173
5381,0.5320681288014036,0.04619325811924835
5382,0.40351097026231814,-0.35561179567288864
5383,-0.47925138243008947,0.10366726816723511
5384,-0.4662143508866218,-0.2916590763758509
5385,-0.5778318825979571,-0.12349002723564081
5386,-0.23809064404876218,-0.1998764367703994
5387,0.601897664886542,-0.42544574600645974
5388,0.11600954830840982,-0.42336924320083447
5389,-0.885863347393874,-0.056929711606139265
5390,0.04915374145274151,-0.35779225154011285
5391,0.1678680748712973,-0.529974723643654
5392,0.34580727689644863,-0.5883716999007266
5393,-0.08751840668916475,-0.6588328027708723
5394,-0.65412469153435,-0.3814776775530043
5395,0.014937810203607741,-0.5207523324404134
5396,0.0910689945893583,-0.5469602475014728
5397,0.20924702347684215,-0.4164137924723998
5398,-0.11996836495383462,-0.499125470641024
5399,-0.3035994523262353,-0.5315656453333151
5400,0.17048361755531993,-0.5133956846567774
5401,0.0866694858681411,-0.38541116379950097
5402,0.5881355451605853,-0.3887787399855214
5403,-0.3600403859818746,-0.17439451367133224
5404,-0.08918319819339438,0.0471840195779524
5405,0.009058467932789895,-0.1833140710880447
5406,-1.3312959568721987,0.8370460740980576
5407,0.6269683864611141,0.15422271884739303
5408,-0.4407354942882784,-0.2240061494036366
5409,-0.4825125696870002,-0.29496053295290836
5410,0.5373245076365618,-0.2627802976911182
5411,-0.2469727184474897,-0.4370590973277594
5412,1.128263970838868,-0.3313529363975395
5413,0.5595199457640868,0.8331301422932219
5414,0.17502098420602494,-0.14580185497992182
5415,0.18589529149933878,-0.02788620347601123
5416,-2.6305796338153282,1.14168801803175
5417,0.7598396686585255,-0.12239240687912542
5418,-0.5406191118885577,-0.06504896723792922
5419,0.054678035520778996,-0.33429832227750267
5420,-0.5765107594643282,-0.205258995612903
5421,-0.7716042337931366,-0.1589705227419003
5422,-0.22135009939650765,-0.08485755564831411
5423,0.6704949931442941,-0.30065828353057705
5424,0.19740002534788414,-0.46632315762077026
5425,-0.20018274929436147,-0.5020925717358148
5426,-0.7941824494036013,-0.5051464282457713
5427,0.05885245503177834,-0.4611854266735864
5428,0.24163122923231659,-0.49420900557489444
5429,-0.3456036228328496,-0.5851354099297036
5430,0.2644882236851784,-0.6336482130019201
5431,0.5404332373765712,-0.5709319600303165
5432,-0.183604024403426,-0.580164292272658
5433,0.8307217978219668,-0.2222956056909561
5434,0.6011212248478618,-0.29379557145764523
5435,-0.8585640353163673,-0.45587605508502865
5436,-0.038925238560617186,-0.4640090475690003
5437,-0.32503780044933783,-0.5729348166435189
5438,0.49203629532186044,-0.6072935254446691
5439,1.190401182307018,-0.3426198449987969
5440,-0.7373195665064644,-0.43202929786898786
5441,-0.22261494743506394,-0.5812702207699901
5442,-0.762615657835047,-0.4033643962721023
5443,0.27404660554110233,-0.5469524848487389
5444,-0.27047739450900327,-0.5383104002315776
5445,0.5769258491292925,-0.5579693239174182
5446,0.40527670714021813,-0.47040554688882835
5447,0.36342125480700044,-0.5264484899099608
5448,-0.6202736436800295,-0.3584694278858636
5449,-0.6333991082500409,-0.413180672262964
5450,-0.3873611600716472,-0.4872792308417902
5451,-1.9176154752084154,1.0476866782453478
5452,-0.956735973605175,2.7606567410707097
5453,-0.14440222097864525,-0.3401900797325114
5454,0.3871154710075442,-0.3086210481355006
5455,0.2855319873978456,-0.23246320594062284
5456,0.85725990931827,-0.36760871131056533
5457,-0.07546468029222314,-0.3792788040331828
5458,-0.6403998675975544,-0.1861082696288128
5459,2.003588418961685,0.4768694803245823
5460,-0.2655690306174726,-0.33067658500861363
5461,0.2689948232116012,-0.4768010517797325
5462,-0.24299999673120729,-0.49681568614833305
5463,0.18986964227452577,-0.4999912061517871
5464,0.44678996597322673,-0.4749055020258451
5465,0.11301280356015214,-0.4124526511435942
5466,-0.5565326711867692,-0.27990425669987234
5467,-0.22661309443714076,-0.27407986428718745
5468,-0.7415132079716028,-0.33058571436005657
5469,0.6258721126647167,-0.3709817774336625
5470,0.6456423268208014,-0.5015037488238712
5471,1.3953716121016053,0.48838149152075505
5472,-0.019854931141167785,0.09865899295264899
5473,0.7159327102527838,0.03438729705215036
5474,-1.888087703943715,0.7386027932313072
5475,1.0540216246153018,-0.4098080338858682
5476,0.2596575678886077,-0.413387248101248
5477,1.1143026569098735,0.15319038791879286
5478,0.146300403663348,-0.20202659980813406
5479,0.8353085424298429,0.5756006731015122
5480,0.31238695413258744,-0.08158638546341605
5481,-0.4498891763843135,0.07395892427468671
5482,0.2781922393127317,-0.2116937868333886
5483,0.13495119795995247,-0.3718112455143857
5484,-0.8463650828848398,0.3686877452431947
5485,0.336314644509132,-0.33695240654430436
5486,0.612774244457884,0.06328742504898918
5487,-0.18655302382938826,-0.2338961247048475
5488,0.10648973267023831,-0.39582531745890853
5489,-0.4476952582312009,-0.29430572629235097
5490,0.13559718710636398,-0.5375599047993457
5491,-0.2833151698480027,-0.15806762705202926
5492,0.05892973538277405,-0.3256719951666196
5493,0.07753527967411136,-0.5182384669677309
5494,0.20618902625947474,-0.4778138599754178
5495,0.06193740530061432,-0.2496439749794353
5496,0.6715337998040084,-0.3604414680610048
5497,-1.0946923737925576,-0.2654349046556232
5498,0.5851046362234452,-0.45261070493627653
5499,2.3688220016251176,2.4415032434989703
5500,0.26066715602686924,1.8661427860505873
5501,-0.9158222326637254,1.3095031786615174
5502,-1.0091440601467916,0.6189493379626742
5503,1.403493777042786,0.8637204247419804
5504,-1.9884974223328022,0.7197765060198021
5505,-0.021354888950965455,2.1074266279004306
5506,-0.7772949695248843,0.337941240925012
5507,0.4764846528747342,0.18060616005966607
5508,0.6724881494665169,-0.033266457273024866
5509,0.8439777147376626,0.11645984899648494
5510,0.39271968452320405,0.045167160481146884
5511,0.09304528473035706,0.02047957754937993
5512,-0.3461766061201091,0.07074401924229724
5513,1.1449951251576966,-0.12005039268224302
5514,-0.5789299835852583,0.21087129388541065
5515,0.027229725683738923,-0.21844931084880748
5516,-0.2390896430541891,-0.31529173238498326
5517,0.7402699804032233,-0.26163175193503624
5518,-0.4854746189030454,0.14157623996960048
5519,-0.23887731103958187,-0.36725272910730417
5520,-0.5938364085932515,-0.2082044539405079
5521,-0.32781661616254076,-0.30694332515146255
5522,-0.1681856527062572,-0.3721681387225498
5523,-0.12782754751884595,-0.13726319256917888
5524,-0.25495975985446334,-0.5555504362079136
5525,0.5387217507377015,-0.16395671697216413
5526,-0.3488983128705153,-0.565416302482155
5527,-0.13662013048580945,-0.5229088233560981
5528,0.3021367216345784,-0.5929048234756634
5529,-0.5043813867158453,-0.49550296783386005
5530,-0.21040841847634803,-0.46900346918061725
5531,0.6407237843485765,-0.40402878573458806
5532,-2.036510117047117,0.05958915538538701
5533,-0.5504843174323308,-0.19014149586137022
5534,0.1699640991150533,-0.5384526497128049
5535,-0.479103295159291,-0.012490108047817083
5536,0.1242787371813257,-0.42843219631871016
5537,0.33936973429868594,-0.4503667778557493
5538,0.0734386987224222,-0.4038730914644223
5539,0.10084532130280144,-0.4830067429387542
5540,-0.5777716462835261,-0.5015773604123639
5541,0.3372794244734597,-0.5384851550027364
5542,-0.1299808737257444,-0.48589133774546267
5543,-1.0870520009580638,-0.059999390683664555
5544,1.1588332629188636,-0.17986900126466848
5545,-0.0627993692417491,-0.4164057925353503
5546,0.6962212996646661,-0.22864209026929128
5547,-0.7514037866394508,-0.4076401355930974
5548,-0.5787972548068778,-0.4595514640783877
5549,0.09192902266043368,-0.38252190576563017
5550,-0.8830295862769253,-0.39540059580303794
5551,-0.21694981452181353,0.18294571251435085
5552,-0.7454345572448472,0.2675392622175722
5553,1.1366573408152385,-0.23013085208265485
5554,-0.535420955664623,-0.4845956921187937
5555,0.5777358443507828,-0.303268783715907
5556,-0.5484533991813527,-0.4608393612941573
5557,0.6667226081069113,-0.42957968967493504
5558,0.14829496978993512,-0.3997624736565031
5559,-0.5012798001868318,-0.3615794758697622
5560,-0.46611578595328873,-0.35951052163903946
5561,1.454508383342827,-0.3637547426154019
5562,-0.11372574741631769,-0.5198702567460376
5563,-0.7380895139450807,-0.3202162032543038
5564,0.2542727280494148,-0.47927945088006024
5565,0.00941036024007598,-0.4277373439130101
5566,0.01956642657414428,-0.5139650969210001
5567,-1.4010678380665502,-0.08705330428588771
5568,0.4818537075954582,-0.39571988701314287
5569,-0.24046424637162664,-0.4926560259750601
5570,-0.24116006657597705,-0.5166069793354255
5571,0.6868966863626301,-0.2981229639512988
5572,-0.06521113971273315,-0.4822812033184022
5573,0.6135270508993893,-0.4707859224461389
5574,-0.5390483498995646,-0.23687306544265865
5575,-0.3993388726137518,-0.3664668801190461
5576,0.7000160685406662,-0.36715764075508367
5577,0.7052005686206887,-0.28157836486766524
5578,-0.13690551612415436,-0.47366476828833803
5579,-0.9345839341276536,-0.3468911851541308
5580,-0.6308044658023002,-0.3481409796703242
5581,0.6216009530211309,-0.2072443084947494
5582,-0.039781459370031864,-0.34580461580417027
5583,-0.4010202515863617,-0.009995663653233792
5584,0.2427314739849232,-0.4024333601917416
5585,0.48894735341728635,-0.4280459797777812
5586,0.453783245002189,-0.2253323780086792
5587,0.10500882655807642,-0.33044255290818203
5588,-0.4664859188318933,-0.4467093486915212
5589,0.5409413438701769,-0.4492422259901347
5590,0.42548166112420627,-0.4405155562510692
5591,-0.10493882652340875,-0.44338759942844413
5592,0.6882669381079856,-0.29517165933865785
5593,0.23073707008001065,-0.3397763553354455
5594,-0.6571298037386029,-0.23099695127743683
5595,-0.27069562859773993,-0.27219902045030175
5596,-0.45093705246838156,-0.0732871931444788
5597,-0.8882608422561518,0.5328775064734431
5598,-1.661480776636183,0.7580413437045617
5599,-0.6342566661531617,1.1649002715250616
5600,0.32765460409663516,1.3763745362904276
5601,-1.2444148141641684,0.5654124004571566
5602,-0.6670255569500505,0.01967871381259736
5603,-1.5671718115973023,1.7874003644249867
5604,0.8910447508600374,0.29804664447355533
5605,0.410802789308615,-0.13159807533152446
5606,-1.1506951065525644,-0.03851338016566869
5607,0.6161270271256891,0.17914674496506858
5608,0.8254118142288331,0.4086916371888933
5609,-0.4809967959262972,-0.3110357301936098
5610,0.5457958977310448,-0.41890519279659943
5611,0.9715245026825386,0.4109266029983939
5612,-0.34671481239056257,-0.28059661653780493
5613,-0.8728271907332984,-0.13395607356150355
5614,0.8382632920364832,-0.29748367274089216
5615,0.7144302023932203,-0.2516629936926928
5616,-1.1057805468504867,-0.25468901350305473
5617,0.5835623424273315,-0.38418854410893105
5618,-1.2457539723944342,-0.28636199047899474
5619,0.889726953404775,-0.43730198431118905
5620,-0.7789707341053937,-0.3532544603360048
5621,-1.7393141117667188,0.3408159783229068
5622,-0.38454483304215525,0.28566625317886674
5623,0.5220509207993375,-0.30147033212622926
5624,0.7635592907572573,0.11579833018589383
5625,0.6283170513019065,-0.4729420076829814
5626,0.2594799252357896,-0.5191783271204085
5627,-0.15935997925837025,-0.5810078779988436
5628,0.14391623237044007,-0.4580096690687821
5629,0.6280249202343356,-0.45841307228404904
5630,0.21419701142111192,-0.46092393028453543
5631,-0.8860079161751391,-0.38704270846894173
5632,-0.2751437435279356,-0.4391160168348683
5633,0.25425815585092804,-0.46980410228939834
5634,0.44304143422222675,-0.5080116907692315
5635,1.5201383864174336,0.24249355074505957
5636,0.5789614702635664,0.2910972280888409
5637,-0.10349963984508917,-0.35246712072087255
5638,-0.28984398481398854,-0.46956324556882734
5639,-0.7613304840738105,-0.09075929731775485
5640,1.9114854089881377,0.4122861163613433
5641,-0.4896018192730326,-0.3344804346988103
5642,1.9524399887158688,0.4976111398126159
5643,-1.084004115260426,0.5884088643933891
5644,-0.44518926437101763,-0.46400357618824417
5645,0.33340787426402274,-0.3049758531459826
5646,0.3514791843762048,-0.17576679371863413
5647,-0.7459764016921325,-0.391625347134943
5648,0.8088446203306838,0.2500409859878863
5649,0.4828838795447191,0.9663691172588558
5650,1.0484281148724457,0.12448832866224921
5651,-1.010529666880429,0.43014613782189587
5652,0.043435241437430536,-0.4793134442052907
5653,-0.8650073909732583,0.03447221442560824
5654,-0.001151102368936497,-0.4579728911621782
5655,-0.7296537739756759,-0.3462058265599911
5656,-0.2245422647766674,-0.32881898090960016
5657,-1.9142114386540188,0.7716871182651733
5658,0.4814219892634352,1.0470204936911827
5659,-0.24807685293526638,-0.20716536816390235
5660,0.3417300948777863,-0.5424420266176694
5661,0.5803354799516133,-0.5188606211736398
5662,-0.38276449289712,-0.1056553387341333
5663,0.2875408931832074,-0.43322388859170685
5664,0.6612021389602636,-0.43327715036551795
5665,-0.16220424015093618,-0.3498702527306744
5666,0.10418262305013207,-0.6182662385701319
5667,0.1434885603886941,-0.2922046238661974
5668,0.24444965920661127,-0.48772826896196125
5669,-0.46169556694743313,-0.5231306673844818
5670,-0.07054807670527885,-0.248167965690554
5671,0.34759879134131744,-0.2959832201526777
5672,0.5247004472866686,-0.15037093474007684
5673,0.06153402775149861,-0.28049588272215914
5674,0.831810493413179,-0.2710131909469134
5675,0.041368890263168194,-0.34755289181843624
5676,-0.06187605920405299,-0.40844683632118134
5677,-0.17382164223373853,-0.3496004638698748
5678,0.2856928794096618,-0.5392892579282103
5679,-0.4199156570427412,-0.16194197793662404
5680,-0.1620488993415823,-0.5315572199654022
5681,0.2833711851618356,-0.37092348182892126
5682,0.6327494095801204,-0.1499694080545887
5683,0.18599177185867058,-0.331611222377819
5684,0.029176189312081484,-0.4836849006714081
5685,-0.12688323345755975,-0.5358278706097559
5686,0.17046646118385858,-0.4458039845624932
5687,-0.750168093504799,-0.0028219855883990326
5688,0.044970779385270415,-0.5340702224100471
5689,-1.2197440172523415,-0.056346261510877
5690,0.28266541866967426,-0.13431731436298955
5691,0.5863416643853311,-0.3712605758888695
5692,-0.6753989452681906,-0.19374700801278158
5693,-2.2730585271934545,0.8897188064588231
5694,0.11701050318893527,-0.12141246807967823
5695,-0.8641426877659899,0.8288673254682494
5696,-1.402898880443412,1.6733261151541576
5697,0.8789769700235543,0.6298895651167595
5698,1.4451444960291377,0.7185689516102409
5699,-0.5691525843829999,-0.2802176317892557
5700,0.2114190496809514,-0.46392408295067433
5701,-0.9996955413279801,-0.11519174314614712
5702,-0.602883408321253,-0.2154552523407495
5703,-0.14449044908597605,-0.19139663516032368
5704,-0.27817177054415154,-0.26741847424895177
5705,-0.1104323368697537,-0.21008705366139938
5706,-0.7233820275644581,0.31624588827670114
5707,0.07799623570704739,-0.40819981415643786
5708,-0.27053065495002165,-0.2772870034231378
5709,-1.014884886697024,-0.22627850622192947
5710,0.7715379865647951,0.5853646452462637
5711,0.7364030843063083,-0.43040959191315076
5712,-0.729195458779802,0.02800214732676459
5713,-0.9693373028192416,0.05519305875063814
5714,-0.9206762371806954,-0.12431906317915413
5715,-1.3952413036552183,1.510756041175834
5716,0.7070211362020653,0.738798352431424
5717,-0.5866426241176976,0.1156557169058098
5718,0.30067280570789356,-0.2580019879615162
5719,0.5944863896974499,0.5912556178706945
5720,0.602565406953229,-0.4099201088408461
5721,-0.7417902945120729,-0.4253283421294872
5722,0.875479065771859,-0.4399900642982474
5723,0.4729058221476846,-0.47470667183048565
5724,-0.5135493636016446,-0.28173753006745206
5725,0.8554500108642207,-0.4141871479523791
5726,0.5854332559589115,-0.35854611740941994
5727,-0.4915867204827447,-0.26520385553747816
5728,-0.4464994703456069,-0.3631541765433988
5729,-0.48365433949444187,-0.3627484304301267
5730,-0.8801097570223484,-0.12630252253433413
5731,0.13420391518258074,-0.4587625075998422
5732,-0.9557270309993133,0.19103476871262517
5733,-0.11126858450914107,-0.531510958312506
5734,-0.9621536494621834,0.6779328245006987
5735,1.2742586648692051,0.4148935831695836
5736,0.0031362354223260017,-0.17688035100441568
5737,-1.2167352719971463,0.5994128528824348
5738,-6.415176728052077,10.698939978742091
5739,2.719838765223094,3.9635557851839045
5740,0.9863357247869425,1.448083125109556
5741,0.15863303436526224,0.45941393594619384
5742,-0.8746928962198709,0.16546752717830415
5743,1.1680431088986347,0.48284793846862367
5744,0.3721829353242485,-0.26120034671505094
5745,0.5048722884549438,0.29242566826920124
5746,-0.7565154195067599,0.14180852867150642
5747,0.2570244072422614,-0.10878340290292443
5748,0.5094057658297233,-0.35856217324409856
5749,-0.30239839053794976,-0.3853024943475086
5750,-0.2897424911400289,-0.3857778827374882
5751,-0.5742440141754284,0.13924212264901883
5752,-0.01782724004800986,-0.26830367505543035
5753,0.34956939531631526,-0.22920419859972455
5754,0.4159543609701368,-0.4097007724420381
5755,-0.1392310171187971,-0.3229371690436289
5756,0.32412554044550873,-0.478802740440146
5757,0.21003828876225844,-0.3214560506014801
5758,-0.4059598736158696,-0.4710044726720429
5759,-0.7715613125018723,0.23709868189113334
5760,-0.751769053926161,0.2141612455477321
5761,-0.5303220077488395,0.3890017902270946
5762,-0.3618419514603113,0.7696520838704602
5763,-0.5628190657571113,0.7466754276081952
5764,0.8954046557908957,0.200383565246957
5765,-1.2991847566427952,0.361372074125163
5766,-0.5586700369787809,0.4630636098619806
5767,-0.11601134497844223,0.35175950056947886
5768,0.8845644338562104,0.05557766300597331
5769,-0.04827808868424092,0.026582081405922466
5770,-0.1672012690367411,-0.3175039752317379
5771,-0.1523674422961023,-0.06366255448041733
5772,0.4312133775885827,-0.07265283563024959
5773,-1.2428737083439625,1.1939900859660963
5774,2.1093222859028717,0.7720514704103966
5775,-1.1474129187271196,0.15775592865096608
5776,1.399190876017699,0.09579895427576914
5777,0.07377182135634,-0.27972821533631836
5778,0.7393913672949602,-0.2411329727063275
5779,-0.2729600999733924,0.023646618607298463
5780,-0.3478564231618019,-0.2761407522677328
5781,0.10964233111322669,-0.39645746859056047
5782,0.5395667167443201,-0.1677015159067575
5783,-2.2591439978549355,0.7162745078444749
5784,0.677470244542153,0.3155682342468042
5785,1.5819686084706082,0.40711329801645657
5786,-0.760222448820114,-0.13597686595858977
5787,-0.4434137003879993,-0.2100918365257382
5788,-0.22754977589245323,-0.05435940511396988
5789,0.5827452441969998,0.28199237028435165
5790,-1.728999939710755,0.5889699453773553
5791,0.5167406941389071,0.7882073052634588
5792,-1.2151941417608199,0.4018514735864446
5793,1.288020066838437,0.5323570444011085
5794,-0.45758159563714673,-0.19340192896057792
5795,1.004712963271402,0.29318943622024934
5796,0.667647854443572,-0.2974553991800557
5797,-0.6448921894938782,0.0791155491918108
5798,-0.8035165657364802,-0.08149289200601616
5799,-0.4405130642622736,-0.24658420664680256
5800,-2.6832670680777264,1.1496112694257383
5801,-1.6819666833482447,7.065879776347796
5802,-1.2638974961013376,2.0342662349245426
5803,0.8852390143368423,1.2787511245022731
5804,-0.3960191526820015,0.06253016707791868
5805,0.4040686726214001,0.5383016441753484
5806,0.41341456658705183,-0.02420175064732352
5807,0.7250429425009988,0.28437479543230304
5808,1.8016297175406009,0.6614978370793352
5809,-0.11206449234993804,-0.28926374679387523
5810,0.6758058119610032,-0.35964622287930736
5811,-0.20163604715263345,-0.37824699875375656
5812,0.2751921114888374,-0.46219295335634814
5813,-0.4657111880715171,-0.5499547244461402
5814,-0.030275944511824242,-0.4552767167383858
5815,-0.85174840967017,-0.25081518995501223
5816,-0.0899621104890442,-0.5439532555422196
5817,1.0159455129650894,-0.2697593851747243
5818,-0.8670590917795862,-0.2551620837509245
5819,0.5127919331299919,-0.4555652136554715
5820,0.08703869130481198,-0.5565515339182866
5821,-0.8638318712451473,-0.36033484773840907
5822,-0.07568690408344111,-0.44112701644035207
5823,-0.12140427491705305,-0.39814996187644863
5824,-1.2692674730717226,0.04016409348412441
5825,-2.2242927087263444,1.0548095002830966
5826,-0.7720526622943853,0.10664091069766614
5827,0.23789608512926977,0.7686213356081119
5828,-0.8454544299470316,1.0374494770039628
5829,0.08800655334336016,0.19982787635141577
5830,0.4843840635124313,-0.234965753609587
5831,-0.98692691247297,1.2017471559233324
5832,-1.0960165453271684,1.9462208398997642
5833,2.049154911963299,0.4501183528134921
5834,-1.8612508468900273,0.5562859289193647
5835,0.545215241623819,-0.020722327865247036
5836,-1.4018595268107048,0.360716774144504
5837,-0.1961307569560381,3.026281437846401
5838,-1.0177886437342498,1.1240145640831927
5839,1.297431517525947,0.4710979734532068
5840,-0.44384771434373943,0.018608373543002897
5841,-0.8117879541856987,-0.20970773685603003
5842,-1.4752283906376746,0.4240701353125987
5843,-0.22042075822236523,0.44105298315146907
5844,0.9060331985404972,0.5246800905464645
5845,0.3586214004046216,0.053392037743618254
5846,0.6207389048236248,0.047429152447708636
5847,-0.5126115560982324,-0.251207442573329
5848,1.1329688148486192,0.17065004972642953
5849,0.03618796473712894,-0.019901104283177613
5850,0.6232646479287061,-0.3906611946122314
5851,-0.4657899175292574,-0.3588222483057455
5852,-0.11692033964912571,-0.3550852027172861
5853,0.49298892739499445,-0.3822062328856214
5854,-1.0808647303712013,-0.18981760552571272
5855,0.5953312716573145,-0.3123916052074232
5856,0.5365094179599925,-0.48465419938441434
5857,0.7528021816837631,-0.4027331824694257
5858,-0.46277803447656374,-0.5122731924058702
5859,-0.7042125287703738,-0.2980115317522331
5860,0.2828756288617835,-0.4395943990224152
5861,-0.02524527884244688,-0.20536121676533917
5862,-0.14716483846129982,-0.42455781078276505
5863,-0.32976690274244935,-0.37591318268526375
5864,0.3862053178167642,-0.4460518652007932
5865,-0.6916143565184436,-0.11926731232776056
5866,0.5916304611306085,-0.18649050522875604
5867,0.05509065205134099,-0.4644123295440262
5868,-1.010732293170747,-0.19722387093890745
5869,0.22081676527552282,-0.29696432345078905
5870,0.08182598908892391,-0.46634681013357526
5871,0.4396619344314342,0.35050335033164765
5872,-0.601079615162939,-0.3475339377228277
5873,-0.799403680645576,-0.3161155281417864
5874,0.5838203814025066,-0.33257577413815004
5875,-0.5743460071813287,-0.5002923780371179
5876,0.2988236785624457,-0.4079772666546612
5877,0.2219131108053815,-0.5549105107909945
5878,0.018837595769903098,-0.5897120022428285
5879,1.665992035145094,0.23378565094666526
5880,-0.3171209308434516,-0.24540656006829464
5881,0.46761624667967827,-0.22338053149341935
5882,1.1444940873985514,-0.12188535754591764
5883,0.6357274957872947,0.35977356548238
5884,-0.3476780578980899,0.22486676236324568
5885,-0.1365076915219594,-0.47692827110532665
5886,-0.07660817000502967,-0.5005067569178607
5887,1.217365590994496,0.45163468382579103
5888,-0.251068662241227,-0.06259444400757676
5889,0.36238974702971644,-0.21228579386071195
5890,0.4317166686673232,-0.2580409777391259
5891,-0.041555931137901285,-0.09328219431423758
5892,0.9635222246427795,0.24176794175022126
5893,-1.321183160343851,0.2674005378119841
5894,-0.05938772644310301,-0.33416045886117796
5895,0.5385543911565931,-0.11290704534456095
5896,0.4725513659990142,-0.410641894506974
5897,-0.8108799287803384,-0.32908354842534754
5898,0.40699574731062554,-0.5227786824427704
5899,0.12049542545455263,-0.38595407440660323
5900,-0.35715670328439253,-0.4727603185299621
5901,-0.06883484787077918,-0.5593436351792
5902,-0.8126074884207114,0.02964573652914685
5903,0.8942069002241173,-0.4714657810260863
5904,0.1277607114201019,-0.45785486801505554
5905,-0.4408555566737053,-0.48561625384506235
5906,0.3212100276701345,-0.587806218679402
5907,0.9109265669976864,-0.38161361579972003
5908,0.24516058134452484,-0.5788245714434844
5909,0.010345404460597243,-0.5793795279480302
5910,-0.1336889828904181,-0.5522472968125146
5911,-0.475035450902588,-0.5259799049364875
5912,0.4911480568610952,-0.6170288653443629
5913,0.06241581962548607,-0.6156815313196586
5914,0.40605716020472343,-0.571330332190336
5915,-0.19695051179093687,-0.004051462433062159
5916,0.413785395174342,-0.5837075092720636
5917,0.062144729072810566,-0.44034438539297394
5918,-0.05285926408294894,-0.5254819333638479
5919,-0.23120645564263903,-0.5182627893362381
5920,-0.46233085433222126,-0.3841759687937299
5921,-0.127813421716824,-0.6098384561468952
5922,-0.5689776430625364,-0.47381436593093396
5923,0.6428488904626952,-0.039640828518457384
5924,-0.5891680732453042,-0.04006439653359362
5925,-0.2058833601081762,-0.5945149631660513
5926,-0.14939076942721966,-0.5437273122547409
5927,-0.6608275077256707,-0.4092482816750105
5928,-0.46692134997094265,-0.1577215442355436
5929,0.4785697900417438,-0.5106132892814923
5930,-0.019858248922635144,-0.6278965398916584
5931,0.29688474241580515,-0.45266652383956424
5932,-0.44912006009542577,-0.34659374474830124
5933,-0.8559353240956711,-0.15369803397744783
5934,-0.4679217531155444,-0.2982560457660726
5935,-1.0637297936348964,0.007444970679625242
5936,1.101166773504301,-0.3985058258686539
5937,0.40023214839009486,-0.34188475120502454
5938,-0.15432916405729397,-0.5667036876962077
5939,-0.7102430365231713,-0.11257752035274068
5940,0.12316014502038952,-0.49828149219977236
5941,0.7533281711847299,-0.5222045709922899
5942,0.27458465485050987,-0.5210150344898172
5943,0.005281967094880442,-0.49613208683013493
5944,0.4813135116832432,-0.43888949588425324
5945,0.7954993736082333,-0.33322078513981723
5946,-0.18196763131269322,-0.5083926359960693
5947,0.07520977832815254,-0.530477363645692
5948,-0.3986673302569733,-0.49658481854535047
5949,-0.14914697582948386,-0.5507842401749664
5950,-0.06649399994566174,-0.6332092875089249
5951,-0.9349099942873016,-0.2683881652551651
5952,-0.03178041646209532,-0.38812586286255213
5953,0.07678727649483169,-0.677812411656809
5954,-0.33998522319000835,-0.5618361353676941
5955,-0.05690659267091209,-0.4441832747908982
5956,0.14110276347473455,-0.6542833788638938
5957,-0.3218865403385486,-0.5931807709717724
5958,0.1233828708491434,-0.5249857227836651
5959,-0.5069079035798176,-0.4834718095559714
5960,-0.1629562304639374,-0.5096924565308484
5961,0.24286415775722364,-0.5990525062358916
5962,-0.0960979014540227,-0.36372047374579064
5963,-0.6035158335598854,-0.10469564171392624
5964,-1.0516367316457536,0.4276441226724627
5965,-0.7381241261506738,-0.20412586232672852
5966,0.26558539777993617,0.8415608346749432
5967,0.3694536479322296,-0.42776633399369635
5968,-0.1377489043554809,-0.48213246360797035
5969,-0.5389345522000997,-0.25708148675375536
5970,0.6153367492884082,-0.2691882328544439
5971,-0.26216820631443405,-0.4962117626543136
5972,0.8054956289982466,-0.3408176625398694
5973,0.4771273942434501,-0.26222664540624874
5974,-0.26685100971253917,-0.5614289995990939
5975,0.23141417141110135,-0.5434761103709025
5976,-0.6640737602239848,-0.4434165228683831
5977,-0.7765687238187793,0.0482746701327289
5978,0.1935937211935404,-0.5052084406330154
5979,0.988955290074049,-0.40750194981611954
5980,-0.12009120635476522,-0.603903301027122
5981,0.7804101192843393,-0.4268708246173952
5982,-0.3873056328731783,-0.5379014589187695
5983,1.0027924423323784,-0.13086338977758866
5984,1.273095795563465,0.3224080790164613
5985,-0.1904224858731308,0.019269918710793175
5986,-0.5025115868095116,0.03653788720850323
5987,-0.40167010281753507,-0.4850527157451651
5988,1.1769955113317845,-0.26231849758857306
5989,-0.129518777205838,-0.5384333917376324
5990,0.06647363386544969,-0.5292077213888722
5991,1.794432970296484,1.3891454979120037
5992,0.054765593529926736,0.07119699792405976
5993,0.5692155379771975,0.1001775249046004
5994,-0.8829895263304002,0.07282602734937223
5995,-0.11081506142345315,-0.29392631500938393
5996,0.08362538151249008,-0.6333049695305748
5997,-0.18522321756750976,-0.5736920357860457
5998,0.021419041006621897,-0.46332772542849815
5999,-0.5185330186933036,-0.4622776051926138
6000,-1.3298610746715755,-0.15039339534843457
6001,-1.4644268635039916,0.0017023879703063085
6002,1.9000461204110475,0.6380307427673558
6003,-0.02553265020588538,-0.3250479725926144
6004,0.5661452219136531,-0.579702786213616
6005,0.08182653529389258,-0.5485225691752799
6006,0.4446965259580322,-0.480135125060292
6007,-0.6331985000895649,-0.33869912133927077
6008,0.8059566630960731,-0.5600310396123692
6009,0.5541069217576272,-0.5737646084357434
6010,-1.1137183666416655,-0.3858669420668733
6011,0.72910692944594,-0.46358097904519485
6012,0.33045134983302965,-0.5541767307881719
6013,0.4773332928063166,-0.25344835558167744
6014,0.46166223055472244,-0.4717652477832983
6015,1.047444086594739,0.02689711523619344
6016,-1.0896369394640062,-0.27315276690851314
6017,-0.05223499263766191,-0.5228189104312351
6018,0.23349447174712784,-0.611250178467595
6019,1.3361308895117117,0.21824844958558734
6020,-0.512958864463122,-0.3449863509446405
6021,-0.19668192331592094,-0.6084926586535415
6022,0.01184976735222077,-0.5526751008761831
6023,0.0006958617650681329,-0.4033943875653262
6024,-0.6834553164737454,-0.1568203552314474
6025,0.5926020653691431,-0.3477132721611989
6026,-0.49198918315298895,-0.4836470650032841
6027,1.1922882376270278,-0.3229795148565438
6028,-0.7185302279331323,-0.43487220495328743
6029,-0.6034763313755216,-0.4485130830625321
6030,-0.1718123137962737,-0.4902799736512901
6031,-0.5329363898220788,-0.20451351258567813
6032,0.11196821587749498,-0.3944684525606892
6033,-0.0013494482279455197,-0.5734933713875983
6034,-1.1487507152791896,-0.28030199281572
6035,-1.1406802295590177,0.09377897507318171
6036,0.13534828458457798,-0.2510271115885629
6037,0.5022640019248541,-0.44948166638257586
6038,-0.5238314539872795,-0.45253639542921326
6039,0.5086177415943831,-0.3791932285883529
6040,0.01233407156238265,-0.5568133771631354
6041,0.05977333243939279,-0.4382092803082949
6042,-0.6057691622821466,-0.332095651882856
6043,0.7841031720961449,-0.39011225851170117
6044,-0.38461679532835213,-0.5104905521480111
6045,-0.896946473390274,-0.36762631869622514
6046,0.770988843772628,-0.5114412291521975
6047,-0.2994037723741937,-0.4415763775678436
6048,0.6708373814352743,-0.3365865749612943
6049,0.8197011898515465,0.10347886226598774
6050,-0.26932910247616226,-0.5458473198244312
6051,0.7284703655019129,-0.3130575009132653
6052,-0.3346204017937588,-0.4639864346549709
6053,0.3902711252757818,-0.31564854240513646
6054,-0.426969608417619,-0.5209373093298469
6055,0.22261263794525557,-0.2923585195403801
6056,0.9580333354254458,-0.21110505813012662
6057,-1.5778017836449278,0.15423950597166752
6058,-0.5630535722072765,-0.040514253146011585
6059,-1.669981397243983,0.6838335949639225
6060,-0.12565423509084372,-0.10285607300444655
6061,-0.33831322463083113,-0.5229402183927351
6062,-0.22652930185240439,-0.49451513792707685
6063,0.5163082562496187,0.2820621132799303
6064,-1.0203657263321584,0.39174452044336033
6065,-0.2474437983752346,-0.4150213636380342
6066,0.3159378500800966,-0.3849345211751748
6067,-0.06603259882987816,-0.5069804673672557
6068,-0.4039975483577623,-0.5321356106965737
6069,-0.7747561327148389,-0.3647341022944465
6070,0.19247258426331504,-0.3998296377457841
6071,-0.015487812355311423,-0.2473927002972126
6072,0.28471448452622783,-0.33242905691763136
6073,0.9297956416534869,0.1293793538817251
6074,0.027701751093112795,-0.5453009471816243
6075,-0.19887169396692167,-0.2979606488595798
6076,-0.20894968999232483,-0.2113379623364035
6077,0.7779989543680388,0.08793900148021683
6078,-1.6741134943274467,0.17603835810758142
6079,0.9574660073315933,0.4150128636624765
6080,1.398087848518622,0.3417858937527497
6081,-0.45812848127478467,-0.13482425158585165
6082,-0.43505328206562943,-0.05921479103973116
6083,0.014387867235439143,-0.26870907744875006
6084,0.48635722510954277,-0.21572358654411297
6085,0.287420959042579,-0.5013736193703876
6086,0.0720695632607419,-0.41925294059166607
6087,-0.7376431150726116,-0.04697086784510573
6088,-0.5213133607995095,-0.5086006473871866
6089,0.1516884533828566,-0.5857110176888165
6090,0.9460469040948628,-0.27288949146675845
6091,-0.5980886547449658,-0.15234759573840348
6092,1.0976884136136362,-0.32156513290731414
6093,-0.7589433393146046,-0.24110220199379848
6094,0.7664890795410456,-0.4207727337429379
6095,0.03741976149639397,-0.5676639446178864
6096,0.8389208336709552,-0.22460169121516332
6097,-0.8762383782533427,-0.34224851461579187
6098,-0.3105101807687499,-0.19586852852962733
6099,-0.6545976340135286,-0.4273892023251568
6100,0.5129020084598588,-0.4004491119139451
6101,-1.1233963458817193,-0.17650584532592717
6102,1.2513342785107484,-0.2841945458347693
6103,1.9724366031789686,-0.17411150123897412
6104,-0.07989571730134257,-0.4259877623638502
6105,-0.16720608525704433,-0.48927036112927613
6106,0.05042436022472737,-0.6018327867792205
6107,0.9781221666087583,0.045283573740623376
6108,-0.7045588314857845,0.2849946066319672
6109,-0.1599279530733882,-0.4633666711605083
6110,1.040537684305227,-0.41848790219196086
6111,1.1368938980867913,0.34608494195860634
6112,1.5116342228931496,0.4447041600359076
6113,-1.0571120283759774,-0.2212679985025662
6114,0.5345826135378613,-0.367876410692026
6115,0.11123244213125752,-0.3890296437978775
6116,0.538112754526358,-0.21104704647459568
6117,0.2681909258895438,-0.2228047533153437
6118,-0.3595719999005613,-0.26848502969791005
6119,1.2932851297054166,0.35493848769996017
6120,-0.10626708828274634,0.6232736174200417
6121,0.5726736575785829,-0.4021606861612747
6122,0.11939396257496876,-0.40027335264210967
6123,-0.04164954843749668,-0.03499621265216208
6124,1.055110984460311,-0.17565724818167236
6125,-0.08278935944791868,-0.23483190940277848
6126,0.7957558356163067,-0.26011440960563087
6127,-0.6441401090036302,0.12738370652521458
6128,-0.8378076190507413,-0.12348105080370074
6129,-0.015559090596368723,-0.23036987672206377
6130,-1.426583197024454,0.3770201830366371
6131,-1.1019276493358234,0.06937174003511874
6132,0.03436934806523859,-0.4877151842467146
6133,0.2896676472450102,-0.4453644769340923
6134,-0.12878683902932536,-0.5450330192960889
6135,-0.5528687962978588,-0.5185004286438055
6136,-0.11653075545430241,-0.37381012845984307
6137,-0.23466491528671513,-0.5019963983224782
6138,-0.25858539743162157,-0.5733611999528431
6139,0.8609050905020905,-0.3519576321328839
6140,-0.253664556208966,-0.4651616390409549
6141,0.3792266019259618,-0.49142934887064416
6142,0.495052109477548,-0.3612213254027732
6143,-0.3780358600000946,-0.3820211382558348
6144,-0.5457643777952836,-0.49775122635137276
6145,0.269184209720592,-0.4729010558776001
6146,0.7258648427107239,-0.44326422499437435
6147,-0.2950714823553161,-0.4190210987880982
6148,-0.6086036251028435,-0.29957212470612254
6149,0.19441803365110194,-0.49265492443444553
6150,-0.45207035769118487,-0.266433955120752
6151,-0.7076144277546843,-0.15595691603428663
6152,-0.29142779052851003,-0.34841928036651226
6153,-0.09035864089101045,-0.3870393339461702
6154,0.6054557137661033,-0.4840930883053878
6155,0.06917955632214867,-0.6427708411687029
6156,-0.3098168804990256,-0.5599707309539755
6157,1.0087794759586528,-0.3046758734005364
6158,-0.11254638142955734,-0.4928630189891472
6159,0.4190083160665765,-0.5322834522129497
6160,-0.029687232460775002,-0.41133230835862644
6161,-0.032817620804827974,-0.33870655075177014
6162,0.053171423590381024,-0.5195664824424113
6163,0.17341813058775726,-0.33744413127442974
6164,-0.4493210863928021,-0.5023965359926085
6165,-0.1950865031886297,-0.5544992557648616
6166,0.1664459316569582,-0.515036310869746
6167,0.2640444040762383,-0.40529868688366383
6168,-0.14652216577289803,-0.34490104070322963
6169,-0.29910539535499003,-0.3921174041170696
6170,0.15695401176015802,-0.48623309472940734
6171,0.427727629000775,-0.4311273287617094
6172,0.30712170545687023,-0.4200767117669754
6173,0.08538983321361399,0.4537294636477115
6174,-0.6432558080763837,-0.2290696857813016
6175,-1.1289462955011962,0.20751155874818694
6176,2.1801747321972007,0.6192830908963902
6177,1.7416603275179954,0.6405624486275175
6178,0.8566577854942824,1.126230923466097
6179,-0.762482149932197,0.4054955132456064
6180,1.011535546880736,0.3365369787227538
6181,-0.05716676923749894,-0.21448918992751473
6182,-0.4658745428853701,-0.12410565141831813
6183,-0.4623437753824274,0.11033101415361911
6184,-0.8122547420145586,0.10253462491455398
6185,0.2462240729546431,-0.2625308155008486
6186,-1.3814084142479888,0.23530248515791352
6187,0.4853179792492968,-0.26036865147855026
6188,0.7654669698600036,-0.3950793670612465
6189,-0.8401623878750799,-0.3236196847470771
6190,0.23614358558163073,-0.46865751423848706
6191,-1.0323092113632162,-0.24903316726884214
6192,0.18607002165462683,-0.4249201744632657
6193,0.7617790630467085,-0.17099526036384285
6194,-0.021454229137497848,-0.6038864521005245
6195,0.431284053010178,-0.5514592939454084
6196,0.8717418382362778,-0.20902391643891335
6197,-0.2926146563354467,-0.5440022292221539
6198,-0.12668186849713275,-0.46121826081996675
6199,-1.0961987504020403,-0.2613467858341065
6200,-2.12981427725565,0.45149436669740023
6201,0.9072088454919536,0.42899709437658207
6202,-0.3971055658778023,-0.39814454605380606
6203,-0.49685050560732824,-0.41239733015851465
6204,-0.016507193058883502,-0.490612486585254
6205,-0.8294003232846752,-0.45237815852405666
6206,-0.8097400505066165,-0.23868586892182025
6207,1.2621962930773172,-0.0495605345827545
6208,0.5449736218756949,-0.5386832021740194
6209,0.44158278102307635,-0.39096447009733754
6210,-0.3171190951308803,-0.4126483289978335
6211,0.021343363031949898,-0.4540295802470851
6212,-0.7749818701371207,-0.5077286838271159
6213,-0.4760868079416979,-0.45811777944695786
6214,0.13422450390953589,-0.5723203209817163
6215,-0.0347998072718211,-0.4604994486517418
6216,-0.15269858416064513,-0.45622838045672776
6217,-0.2305167889988595,-0.2776849766528538
6218,1.232837474750557,-0.0702030977536979
6219,0.9797788425650713,-0.15449801778005853
6220,0.18071366639529834,-0.4577378385951334
6221,-0.17273212314682052,-0.30037898414132186
6222,-0.03161729119221017,-0.5621453923562153
6223,0.6710333544942811,-0.14307683174310734
6224,-0.42935500144912886,-0.42822538196522036
6225,-0.558406646806451,-0.4431231110214713
6226,-0.2551165836280175,-0.6146162160881173
6227,1.0560767696227011,-0.3482062666864959
6228,0.030497846183603773,-0.44179016622094436
6229,-0.05497549464364843,-0.6332052511081977
6230,-0.3911825725731946,-0.46664333373128825
6231,0.31731319973769306,-0.4610200670295487
6232,0.13489383640411245,-0.509976970742172
6233,-0.5177771333559207,-0.5208940551404866
6234,-0.1528733082530132,-0.5833159684997306
6235,0.20737800802518902,-0.29948410919895957
6236,-0.5367263933500366,-0.32767296809912483
6237,0.1920339318704483,-0.44287581631203465
6238,-0.18196562805821823,-0.4158399453650755
6239,-0.09438002903887793,-0.42349566560822693
6240,-0.037830498526877,-0.4594305071592413
6241,0.43643333818896607,-0.4897626076353091
6242,-0.3200569088645646,-0.5490766477836907
6243,-0.054626635278279115,-0.5723607539887967
6244,-0.09980971686601406,-0.3221817146939934
6245,-0.049763156196506377,-0.5289111043787706
6246,0.27956749892593197,-0.45705357971035215
6247,0.3321471321269113,-0.4152046323165272
6248,0.399741702332838,-0.3609854047561978
6249,-0.15535496657962822,-0.5035933736251114
6250,-0.3048835844274788,-0.47072799939248094
6251,-0.07950013358397398,-0.5229474010574222
6252,0.038178608524849646,-0.5974974569493946
6253,0.7155830367274736,-0.3868422588786984
6254,0.39087927226178865,-0.39949975418972394
6255,0.4359295564964062,-0.4196238743361692
6256,-1.056397953290818,-0.35164097635265446
6257,0.08871082550975293,-0.5536459590635894
6258,-0.3984435299037282,-0.5283593110451107
6259,0.09677303144687335,-0.4244936612464546
6260,-0.9817004074654786,-0.13868873711915067
6261,-0.6777729220467268,-0.15874297465575452
6262,-0.4187541424209129,-0.15487596327949543
6263,0.33865921817338374,-0.33729233322710517
6264,-1.184807093284539,0.41941654806439443
6265,-0.17855415307762043,0.29682335172718166
6266,-0.018017723399227865,-0.4647279178255321
6267,-0.411455735829901,-0.45717169093912924
6268,0.13075895977757096,-0.4551500747049065
6269,0.5261168396703301,-0.4073440329330977
6270,-0.8657811308443542,-0.3233254327545646
6271,-0.9971832514452247,0.819312920222967
6272,0.39944575197989224,-0.11649913935102595
6273,0.42874965218593974,-0.27429791903343664
6274,1.338640452563725,0.2820170438858794
6275,0.09771874251499221,-0.31191915117429697
6276,0.9948833978114305,0.23615041533163733
6277,0.20143423163318033,-0.09033281014208065
6278,-0.43765740375156587,-0.13867583455505675
6279,-0.37969061219217537,-0.21621858678254346
6280,-0.4253958991567407,-0.4325885536816009
6281,0.5935352437045168,-0.49498005385827093
6282,0.41137720296912667,-0.5416316838757147
6283,-0.6056603775528843,-0.27909433851015836
6284,-0.9664436141638756,-0.38084417910380025
6285,-0.3383651107069481,-0.033520052190353755
6286,0.15392361483338662,-0.47421208294739214
6287,0.09326783155776677,-0.6097885732145568
6288,0.45495320629238023,-0.5712282815598625
6289,-0.30237084688621624,-0.4205390284636282
6290,-0.7679741537377043,-0.45509285056645243
6291,-0.3158998572078761,-0.5708497529594725
6292,-0.001409696249814553,-0.5619512022096483
6293,0.5821630753807285,-0.5075288183942613
6294,-0.8000895187628576,-0.35361321197019124
6295,-0.9755041033417716,-0.2629014285957134
6296,-0.11153893712667262,0.5544230306113965
6297,0.05240692645902114,-0.4886158516880588
6298,-0.5598305120732223,-0.2484556198801369
6299,0.32001784581951603,-0.2605486382294498
6300,-0.0829620025176748,-0.47758091675309033
6301,0.9346302793124239,-0.12510820086119287
6302,0.2246130204686076,-0.5381514765965306
6303,-0.3613935432097489,-0.4517600181482721
6304,-0.6444850240978922,-0.48628075493886547
6305,0.4323613295401174,-0.4831095054115699
6306,-0.5332602738205852,-0.39875620850275995
6307,-0.3513625562907028,-0.4554575793031517
6308,-0.1593334862549972,-0.3308489623154273
6309,0.4891900240501526,-0.5564830721082739
6310,-0.4768518008757823,-0.2830280874736977
6311,0.17077479890757183,-0.5338809506847417
6312,0.3885143598815334,-0.33748304528937895
6313,0.4264741535186317,-0.4547125422314613
6314,0.1993998773961117,-0.44666502354388005
6315,0.47819237521501756,-0.43155525982724396
6316,-0.4178169557303385,-0.35122395976877135
6317,-0.382238195155036,-0.5488448002546251
6318,-0.23981411845892553,-0.5391812785609921
6319,0.9811071079424069,-0.39766051071208486
6320,-0.533579134169339,-0.47667627998811624
6321,1.0082471007171403,-0.03858659056583458
6322,-0.8325024688109004,-0.3848611635092207
6323,0.057786250899566495,-0.6066986054698176
6324,-0.22302667868660275,-0.5987667786507769
6325,0.3028723059063696,-0.5261898329501958
6326,0.23098809757026745,-0.5712302013143303
6327,0.3999415921837137,-0.40672800874846343
6328,0.006892108085743157,-0.619085984319767
6329,0.2965651540184852,-0.4942548935402725
6330,0.06992043613632012,-0.5698611063100127
6331,-0.5564549631687343,-0.3464754913294848
6332,-0.6432479187128068,-0.35404841998566117
6333,-0.6843813055632748,-0.3613690253800284
6334,-0.07111765783277671,-0.10962743051979189
6335,0.05307891565963822,-0.36063263155949554
6336,0.5074416478643559,-0.2203697230633901
6337,-1.3654350754487639,-0.23096826963220002
6338,0.1708162823572885,-0.4178776177894339
6339,0.5242184515977748,-0.2804643052341928
6340,0.5740396650253896,-0.29904767937069787
6341,-0.6817315882242405,-0.27391713445333504
6342,0.04432628158915591,-0.527211592353295
6343,0.34182610401768365,-0.43132330781125516
6344,0.12286256959050407,-0.35080267893131545
6345,-0.2713929805422234,-0.5152627264722822
6346,0.21865684654590756,-0.46776036700075846
6347,0.5459336708769837,-0.3899680430385095
6348,-0.11462479944879325,-0.2156915849052473
6349,0.39801465996749785,-0.5699156882229556
6350,0.08797176211162608,-0.3842414093855375
6351,-0.2979474753588527,-0.426622773288457
6352,-0.888920686180805,-0.35642514529738956
6353,-0.3966129967438265,0.0755936551063031
6354,0.08342340954532637,-0.4390202173865309
6355,-0.2552404514871031,-0.43067911828855165
6356,0.5581913247292771,-0.508439562314245
6357,-0.06429069867235665,-0.5318634750584404
6358,0.2004077149541023,-0.4965397198408196
6359,1.1867720250039813,0.029519679263770207
6360,1.119645569311023,0.11772994118110315
6361,0.07789936497538749,-0.1890319136221009
6362,0.377374234549248,0.14052149107922268
6363,0.5138791047280895,-0.13867817430602838
6364,-0.22016196357302414,-0.47040420728661986
6365,-1.2677660877608774,0.29853747817185416
6366,-2.962155478911197,1.715924280298044
6367,-0.6786039948169977,0.33582503933560753
6368,-0.42352313761693694,0.9226408188805137
6369,1.2442142704282613,0.8882887162669706
6370,0.29766096400850217,0.11457436948276178
6371,-0.9598475799733042,-0.16510936566670695
6372,1.66729794685379,0.0948054740237777
6373,-0.36523077178945773,-0.5756924124951236
6374,-0.7593925771741757,-0.3961210155294491
6375,-0.975311743000487,-0.25690641242426443
6376,-1.9908630915841896,1.5307470893604678
6377,-0.9383789995244537,0.6722210589106988
6378,-1.2077513951538184,0.9961874379722948
6379,0.638870966166946,0.25255580318301585
6380,0.15500025133075823,-0.17937524076492933
6381,-0.45026635998683073,-0.39197214788338297
6382,-0.2634634926793246,-0.37201845529111727
6383,-2.0271959394897,1.1054541945711935
6384,1.8710708169114392,0.4283123887919694
6385,-0.911579471916594,0.0088130281089562
6386,-0.11551398012068634,-0.2914480349466072
6387,-1.9129496498899572,0.8346923218213204
6388,-2.237111581462605,9.950538995966808
6389,0.014950214788750943,1.1744836607410338
6390,-1.0125900900438243,0.5104154649613359
6391,-1.637006866504215,2.314238613259227
6392,-1.5144837601299033,6.331220070918718
6393,-3.8823075844077843,4.431209414537202
6394,-1.452338503326137,4.094789854721218
6395,0.5532778275540332,3.8953354811399845
6396,1.8371838678482586,1.3452924559986674
6397,2.507655752801009,2.5285786013590568
6398,-0.2533263618177165,0.483662631904839
6399,-2.1751013161159096,1.218604156913563
6400,0.8078786307706455,0.349333861980408
6401,1.029928951048271,0.34787365674438386
6402,0.17761453464980415,0.34415638705501594
6403,0.4947602521739485,0.12174263007335395
6404,0.4694884574820602,0.15457605655957427
6405,-1.0436306312993162,0.20769939655828434
6406,-0.3083973009393731,-0.009620502216474366
6407,-0.569615434205174,-0.07370200758540649
6408,0.5639872633845051,0.6929572012028846
6409,0.9740953842295158,-0.15513481452166322
6410,0.5466103343072537,-0.3544050020213844
6411,-0.23352512607324055,-0.3206986639177961
6412,-0.13524932701724554,-0.381714981932627
6413,0.30117449889082215,-0.22899233348023382
6414,-0.03598445019178085,-0.465600214562917
6415,-0.15206705864688136,-0.24444452822311868
6416,-0.6029237234240772,-0.4002772542985392
6417,1.0657209126371323,-0.17655264640103963
6418,1.2024524592025867,0.0548077628376672
6419,-0.2667801475043424,-0.27999018861940256
6420,0.9608395711989968,0.3072582147338107
6421,0.7835924758140499,0.07842487338800876
6422,0.3960884639158495,-0.2996265606393091
6423,-0.13422034735491584,-0.4001504335577489
6424,-0.053952829878084314,-0.05345603817520766
6425,0.7615478775147435,-0.2572560069334247
6426,-0.045168271249929066,-0.42893691874624784
6427,0.15740093710038194,-0.3318167468921605
6428,-0.903154001829211,-0.006429704351830463
6429,0.917792545335796,-0.4002426155521599
6430,-0.02812355063611052,-0.43490184536396653
6431,0.8927546959730122,0.10865540750354154
6432,-0.6690823512926732,-0.21978403417501552
6433,-0.1717756361585236,-0.384642087367218
6434,0.385065512410389,-0.23238272274483185
6435,0.37282554126290685,-0.38813579009709287
6436,0.4355296413455825,0.007079856629507099
6437,-0.8209744801920131,-0.14272606482453937
6438,-0.10855172455613446,-0.5318370095643142
6439,0.6627509495312599,-0.18466620281056928
6440,0.07306055851533408,-0.5733028846243267
6441,0.22324881632925844,-0.43744427460254964
6442,-0.07560842208726679,-0.5696464062079619
6443,0.6407212225270633,-0.05606605741394247
6444,-0.0642178148109921,0.1318757961179761
6445,0.24085030741998642,-0.4020034965336758
6446,-0.4091073050524286,-0.3380755930373783
6447,0.9843715579888532,-0.05893598514070161
6448,-0.043404114499205254,-0.44861441614360614
6449,-0.3569693549800069,-0.316422081288791
6450,0.28826134353066213,-0.48910896053730946
6451,0.5263336591047567,-0.4241347917544847
6452,0.3947319347329335,-0.06833992440720105
6453,0.175592043635462,-0.35319196997324237
6454,0.08208707529165896,-0.19957131495244068
6455,0.48367009103038944,0.06693320479622607
6456,-0.09744606361872091,-0.19762661155251884
6457,-0.31677273715485155,3.0985783892444125
6458,0.11116064601399059,-0.23935925274289713
6459,1.29304247175103,0.43239261977855775
6460,-0.2311768511083613,-0.07059696697605328
6461,1.3068358970533624,0.5536424023874966
6462,-0.8867364882671951,0.17402023352367166
6463,0.8232612082445876,0.20795309344040042
6464,0.5844561675816904,-0.12772447416934826
6465,0.6048004716178708,0.09257552481152778
6466,0.09253994515575298,0.6616337388116834
6467,1.0658295293894071,0.054714047532246686
6468,-1.5439622028637805,0.2406813792025566
6469,-0.6926874157132112,0.3488189492350173
6470,1.2403006873883133,-0.3448116897047821
6471,-0.2011581194372798,-0.49209169459567736
6472,0.08204610770200763,-0.3201576780258872
6473,-0.6700902162319825,-0.20490190754495466
6474,-0.5970085896607074,-0.20428223264978637
6475,-0.7591769697667671,0.2321242916709922
6476,-0.25756958726678353,-0.08272179361905435
6477,-0.018380837246267438,-0.421324825657479
6478,1.2436955032832233,-0.2375711668806529
6479,-0.9360619795679924,-0.19832121403609143
6480,-0.7997690782266026,-0.4286299012616237
6481,0.3704059850047148,-0.4045537261449914
6482,-0.41585864501179665,-0.49789463607981854
6483,0.41920242819673037,-0.4513923509052464
6484,-0.9532437279639487,-0.3515018205205408
6485,0.2467030203681096,-0.3949281108590204
6486,-0.2734688300063305,-0.5209083000050203
6487,0.5655681429008704,-0.4326496173268124
6488,0.0919879435010662,-0.6231417265499933
6489,0.6412777912439194,-0.327076099966633
6490,-0.5938621384558977,-0.5252060973947003
6491,-0.5289310731306618,-0.4976188362259297
6492,-0.04807551860443648,-0.5526122714090248
6493,0.7789901430750276,-0.4342053714032001
6494,-0.2879159137590607,-0.5421562078807685
6495,-0.8170715478560506,-0.31594684794220473
6496,0.29689745260197914,-0.44760881360546456
6497,-0.2588726915289053,-0.5313685882142601
6498,0.5364010141583915,-0.4637631788008169
6499,-1.1366815303730262,-0.2621242449946188
6500,0.6176443531474152,-0.4295562111198291
6501,-0.02381584784306094,-0.461834972171625
6502,-0.31563605971612096,-0.5676157702055328
6503,-0.8632973556082706,-0.33142278405550163
6504,0.37235434214684227,0.08169143786780789
6505,0.8868191296533374,-0.24419473015683846
6506,1.032080135803906,-0.20869444556933658
6507,-0.11713591212247904,-0.4310889914548189
6508,-0.6830596166507577,-0.37641933492134816
6509,0.01912686399642345,-0.5407124130655965
6510,0.21356851332770715,-0.5722144169118358
6511,-0.1123101181057704,-0.5351035523822544
6512,0.4666790032259836,-0.3674999843945754
6513,0.1420885990014514,-0.4704225233395737
6514,0.49282668883284125,-0.5088974737538241
6515,0.8320247336637981,-0.3491215907267762
6516,-0.007802745621418895,-0.5633309019873836
6517,0.3609343029895023,-0.4098444972002141
6518,0.22972647502793048,-0.567443622257688
6519,-0.7507065017775532,-0.3034342255718215
6520,-0.00694312832119609,-0.5558652726747599
6521,0.2941710679445758,-0.5303995873244773
6522,0.1641885507126436,-0.43882729251406044
6523,0.27938242326682955,-0.40942338311714765
6524,0.17052537320403088,-0.5009676233143058
6525,0.5484654851644208,-0.4087781187843603
6526,0.03406149919563644,-0.5988555376245549
6527,-0.31069817889656165,-0.5170750249986761
6528,-0.2472604175329879,-0.553041489313643
6529,0.617208871025825,-0.4086239813441044
6530,1.649917901489436,0.29817955500456733
6531,-1.0662556145498596,-0.32753673176306836
6532,0.3053559216374671,-0.36850226346263054
6533,0.05891115740925317,-0.5077260822720556
6534,-0.24423355485666426,-0.47714380001662743
6535,-0.2622919517450403,-0.46075976170650146
6536,0.22719264172114417,-0.5919902686292544
6537,-0.38752419066631083,-0.532068369734311
6538,-0.3273569437232493,-0.1595568977083511
6539,0.36194972145618637,-0.5365004919499065
6540,0.10465126525650095,-0.5263835375856776
6541,-0.6994324643216507,-0.38756218110259966
6542,0.1664783277807093,-0.6102582290505679
6543,0.5855367395394566,-0.4928985215817022
6544,0.6714451374788513,-0.3070542303510114
6545,-0.40283034089947,-0.5682647007902678
6546,0.40221541165884717,-0.45510929222755164
6547,-0.011884889593074752,-0.6045873611287488
6548,0.33287071830398723,-0.4173041399949754
6549,-0.2562675502498942,-0.38600434597130073
6550,-0.1460090505196032,-0.4760881445443934
6551,0.39790397146376993,-0.4151147316919712
6552,0.18392548545642376,-0.5836828645383784
6553,0.8690713765417657,0.06373864504389459
6554,-0.5411704889618455,-0.5316685157552914
6555,0.16362267490671945,-0.34310438104830626
6556,0.08479235909171534,-0.31215306624410505
6557,0.5088477163351159,-0.37256341617248534
6558,-0.3049258994134385,-0.4394135926840182
6559,-0.10973551052155195,-0.566231481481747
6560,-0.38417634216356156,-0.32786157339118016
6561,0.38594529142790396,-0.39784290238890013
6562,-0.35997764944028576,-0.6041638599505665
6563,-0.27469215560310295,-0.44819810937276217
6564,0.21725206236661881,-0.20790726224569914
6565,-0.37058019985705093,-0.5312189839923097
6566,0.47708919598555016,-0.5056945895664873
6567,0.2694089777079106,-0.5207033709323845
6568,-0.6007611879993835,-0.4753111931783222
6569,-0.2654654703742242,-0.3719979053477344
6570,-0.5314684286408133,-0.3103061304045508
6571,0.5931750430506988,-0.46644485801033975
6572,0.01204088013594252,-0.6416378983263292
6573,-0.45341128023046506,-0.5171386555926256
6574,-0.4380811966751273,-0.5636770447387218
6575,0.9089425761268664,-0.2737247287494639
6576,0.4348511706134427,-0.404495615069226
6577,-0.7039799448744263,-0.444076663799244
6578,0.0848260907386636,-0.5929295555929404
6579,0.48680888490758445,-0.416189501118345
6580,0.47740460760389725,-0.3799271680133737
6581,-0.5219654157001394,-0.4818028291530175
6582,0.024584761438087483,-0.5341897289530341
6583,0.5063136075566286,-0.5931224188876131
6584,0.10616927381306801,-0.49731543820447277
6585,-0.3948717187410462,-0.41309632728706175
6586,0.3116326197031819,-0.5052625657764259
6587,0.0963328963976885,-0.4562523303928954
6588,0.13805260903897038,-0.634991189452637
6589,0.25044909819417605,-0.6498916435242346
6590,-0.2255233006316012,-0.5430607824460438
6591,-0.2396797377944448,-0.5696091379352095
6592,0.21409077287430095,-0.6737869614134783
6593,0.2926366805739871,-0.5149732192144266
6594,-0.2548847243236918,-0.5081161058742305
6595,-0.7219337097366272,-0.4340619861779346
6596,-0.04780052492262279,-0.6709126236527301
6597,-0.3082908076687009,-0.4700165880402338
6598,-0.011542538895717894,-0.527927573040197
6599,-0.7864117019114995,-0.384751990990443
6600,0.09259340014948528,-0.46653464192685634
6601,-0.11473927825020655,-0.5059802477734704
6602,-0.006345515086754079,-0.6138834708615586
6603,0.08322943275245781,-0.4953488070642309
6604,-0.1444177047452848,-0.5762975630086365
6605,0.6761744248420865,-0.4004147278363897
6606,0.3194943761515493,-0.5949277003671809
6607,-0.7420057672984992,-0.3883990813944539
6608,-0.01821000592335265,-0.5929367577039197
6609,0.3672464963616793,-0.5290371183782735
6610,-0.45977859670108256,-0.5075512009799591
6611,-0.13787130700580086,-0.5794182850474284
6612,-0.039804507868966214,-0.5183741095927785
6613,0.3705040169990079,-0.5674061107830193
6614,-0.12473612776959558,-0.5788003918366215
6615,-0.03561143694506413,-0.6259499899034322
6616,0.22694175699229913,-0.6118380833180377
6617,0.5197095557791114,-0.4434722677462559
6618,0.18354526554248207,-0.6025387866272284
6619,-0.5123684049644545,-0.5691910632276723
6620,0.5217648545782709,-0.5429282899060732
6621,-0.3866178622596124,-0.47638842620614846
6622,-0.24459726360572676,-0.4919293313278039
6623,0.7166271488172617,-0.45423579070441195
6624,0.11766191054594707,-0.5784097788564714
6625,-0.13614611555756193,-0.5642993970661415
6626,-0.4170074295369901,-0.3604742866411651
6627,0.3298564447348661,-0.5710357959165738
6628,-0.3042415212876235,-0.5232189565850146
6629,-0.2735913573092559,-0.5648596899477274
6630,-0.09916948088174163,-0.3637101919266735
6631,0.18520387540559144,-0.46069779269322503
6632,-0.15136685721561507,-0.2298785735784871
6633,0.012380268112815626,-0.3913493042642408
6634,-0.13887768126170275,-0.5735877312060913
6635,-0.5615377660012012,-0.07413653218018072
6636,-0.8081588380434861,0.4936153047303015
6637,0.11678230749886798,-0.41996172786259944
6638,-0.011147056254112796,-0.5276821105348336
6639,-0.5018278198970837,-0.4736272565933351
6640,0.20353161767457864,-0.6244483006430604
6641,1.2410302882804602,-0.1992084532731058
6642,-0.06778953456283551,-0.4119603179188308
6643,0.3978467710628694,-0.2766596874692616
6644,0.5893388784410933,-0.1308845131730914
6645,0.28730278112255503,-0.5200835069341808
6646,0.37195863970883297,-0.46902675637590624
6647,0.5053119484721041,-0.4784418183791975
6648,-0.554072121569337,-0.2687911217607889
6649,-0.28674451457556266,-0.35245846400148706
6650,0.6059676413988833,-0.3541343981006385
6651,-0.10245127291377826,-0.5083544893890648
6652,0.2591950455036365,-0.5967931666048999
6653,1.0562755691356438,-0.14689898480540944
6654,-1.3921267459878433,0.502851030677854
6655,0.3763620204011204,-0.26036486807422876
6656,0.04541532361295072,-0.33779459504003706
6657,0.2009660738420941,-0.5098134348949089
6658,0.2855974427392229,-0.30953583995842693
6659,0.7624844574313949,0.022136219021272673
6660,-0.17420662118272842,-0.4872880347490128
6661,0.044618948602757696,-0.5919374750646825
6662,-0.22291445750577585,-0.4594922698358746
6663,0.8242566822078451,-0.03917497368099859
6664,-0.11764079019478205,0.0650925827486756
6665,0.2685915167081357,-0.4273106891263577
6666,0.14146393635069662,-0.5597609803916846
6667,-0.042781159708512144,-0.48431650346427707
6668,0.22784601717397826,-0.5376815833720275
6669,-0.2053997608131153,-0.4248467233699851
6670,-0.6225143592427419,-0.45290396476178574
6671,0.7018661078621155,-0.03357273821217021
6672,0.01719523566662371,-0.5950505969741037
6673,0.11159085058088056,-0.5424629823003195
6674,0.10463394073042351,-0.5391069147018606
6675,0.16918473412581153,-0.45615768021669784
6676,-0.03832730208092806,-0.5209401040923506
6677,-0.42823927629794123,-0.46780155881692526
6678,0.48966143829553255,-0.5754484369346851
6679,0.026697113374324254,-0.48476249739215754
6680,-0.08628955889684037,-0.5517266073069181
6681,-0.09405191455792633,-0.5796581640850864
6682,-0.5132524366875979,-0.5120852781457806
6683,0.4231871290245215,-0.4388613223548816
6684,0.18708657855782512,-0.631389064007993
6685,-0.067129519864319,-0.6087247192981365
6686,0.05019378202370748,-0.46363902087529746
6687,-1.4527074540566325,-0.22994854311503074
6688,-0.017171348055625257,-0.47686115435491966
6689,-0.31839356705184485,-0.35510465378440825
6690,-0.518995356610258,-0.4604879914775968
6691,-0.31935571786242817,-0.45987585337273534
6692,0.015970207852685454,-0.5968365526607161
6693,0.026238656732387934,-0.47494592707916167
6694,0.15535779504710326,-0.5704261708822095
6695,-0.22135714438499382,-0.4839421443034707
6696,0.15991619091485176,-0.1893518707040693
6697,0.017840458591849857,-0.4438972213306733
6698,-0.15938224673845458,-0.42447674888009407
6699,-0.5521166237536796,-0.34243367861172974
6700,0.2725759374952136,-0.38563879458188205
6701,-0.5281137745368152,-0.4668199637420745
6702,-0.3478285551075785,-0.44864902494912673
6703,0.6650992492970307,-0.5656488394474823
6704,-0.12305503680130697,-0.6431766843816005
6705,-0.6159698948998181,-0.28076923419192207
6706,0.06975961937737443,-0.6555255226757255
6707,-0.5426190130415114,-0.21105946438539697
6708,0.1085742133583259,-0.46079541044337013
6709,0.38436978969713953,-0.4049388847003779
6710,0.5124812035606066,-0.5808084638229983
6711,-0.07433265394044175,-0.3742179840465283
6712,-0.36277864837438684,-0.4421287525492499
6713,-0.3117411540699384,-0.45334339739738566
6714,-0.3922174151628325,-0.47982386326515264
6715,-0.11933892243291622,-0.4693009095679291
6716,-0.05514316296867917,-0.60055728782215
6717,-0.28320433325540595,-0.5582168489223533
6718,-0.08893351414467174,-0.5406845194864282
6719,0.010509557713151357,-0.30011525277537837
6720,0.5196147691686615,-0.40966814426026416
6721,0.3413598516705987,-0.4002312967051039
6722,0.5838339796462091,-0.5281837399936244
6723,-0.511499000209514,-0.5427566045404402
6724,-0.2669296840659858,-0.5603963487696503
6725,0.37521491863005785,-0.5659023465797962
6726,-0.12416022635934976,-0.35912665575034
6727,0.06850144416978635,-0.4461863811103251
6728,-0.34397154468402463,-0.5593305208950962
6729,0.8058519662338244,-0.43012448196681075
6730,0.7448642359481469,-0.3674005254412291
6731,0.03592052014660605,-0.6048745406630944
6732,0.7756224657251014,-0.3672110987244235
6733,1.6856028387537838,0.4721667654045031
6734,-0.08524382015155926,0.49890815293308516
6735,1.8618988061960775,0.7465871158992211
6736,-0.0633929813407321,1.132572273484767
6737,0.318133319536209,0.3827029811566893
6738,-0.17828081136468843,-0.1447210609849254
6739,0.7018535542398614,-0.06591498110024237
6740,0.19492602045544533,-0.21637348238030013
6741,0.8563399899421125,0.09106690037185623
6742,-0.2529982182014284,-0.3064075235387002
6743,-0.8725928677108797,-0.13097187598965546
6744,-0.07450718220780911,-0.21988499733533814
6745,1.1526324455756995,-0.07221656915022787
6746,-0.3353386178608312,-0.39131187848301285
6747,-0.6140427010076204,-0.009062370610820544
6748,-0.5473665887021685,-0.20386968217536405
6749,-0.531963224742182,0.6437183809592841
6750,-1.1992218200796418,0.5132773269042967
6751,1.338416223395713,0.20272047694742168
6752,0.40920607577244184,-0.3235372622297703
6753,0.7915059824762947,-0.09156616883945226
6754,-0.6747934315019786,-0.1791295187190679
6755,1.127670012213621,0.20815324126137721
6756,0.22703977060825767,-0.3526290365319527
6757,-0.7082066432943794,-0.14205034124062685
6758,-0.1879061143945844,-0.41510054297645654
6759,0.8660276656194997,-0.32169785702470965
6760,0.7294114276745151,0.18616951682515318
6761,0.2179142888200975,-0.18787949885575198
6762,-1.0308379515983825,0.039465897832269226
6763,1.995855813253435,0.3935731833302306
6764,0.10683235400471874,-0.059918133661258005
6765,-0.28021360967819964,-0.1509436509738282
6766,0.033716168908149574,-0.4310571143731038
6767,0.39676577671017577,-0.05187057020020155
6768,0.12852212587384,-0.41572274322791
6769,-0.4231804934293776,-0.4220621681111956
6770,0.39164890471218333,-0.3598108296182469
6771,0.09864866134208067,-0.23110942370703966
6772,0.387328394312327,-0.4605836763826994
6773,-0.9749718989710442,-0.31368809992087243
6774,0.3143361948746698,-0.46382870459448405
6775,-0.06475357946004628,-0.35447113605418107
6776,0.9266991046076112,-0.42628064118860143
6777,-0.05884876950931201,-0.5767864663110902
6778,0.1559424410280928,-0.41270835347440626
6779,2.040022571702052,1.1704300291461036
6780,3.8076924851411342,2.381091963185094
6781,-1.8341077232045586,2.405700901012515
6782,0.4738662011521424,0.15588025605318345
6783,0.07229388849546903,0.7357293562063834
6784,1.0322787637680544,0.06361352412382468
6785,-0.13239343893999375,1.477570668397767
6786,0.04023122897860929,0.04764960959831683
6787,-1.001633228075983,0.3694888837808943
6788,0.12987442494009172,0.011541783203518091
6789,1.112562637337824,0.4248736072056014
6790,-0.1278607143868141,-0.09758944226597988
6791,-0.4289873514913042,0.5197399067530964
6792,1.2589321965722686,0.8939408771580917
6793,-0.7229193780676824,0.26832809415314857
6794,-0.33287878627980266,0.13030585940094608
6795,-0.5578198445826971,0.062297838629126995
6796,0.414660027182053,-0.20133883612266026
6797,0.19004820198716368,0.07414136962616559
6798,-0.28085811326291743,-0.26406217463932713
6799,-0.826698267965525,0.2525452966627324
6800,0.043667149105512025,-0.31075090172265324
6801,-0.0723197308227306,-0.46780550708826557
6802,0.05327392223799375,-0.5846546317307295
6803,-1.0341802006778347,-0.04818888325156322
6804,0.06968238261942353,-0.48215027538086125
6805,-0.19986978572176306,-0.5017874568698909
6806,0.1991856712095317,-0.5395318311999676
6807,-0.519680947407371,-0.39233999493825966
6808,-0.1526947570842611,-0.42283941100176087
6809,0.38531214821696214,-0.3866203402480528
6810,0.09038442596366231,-0.4464175478574298
6811,-0.0778901339843033,-0.5226650270935315
6812,-0.8075243680162454,0.0978474754339995
6813,-0.1625428768380051,-0.3550309726677405
6814,-0.315267338169734,-0.2032801412459249
6815,-0.8590680956634862,-0.12905082320570252
6816,0.9688478732018332,-0.34829428838426746
6817,0.638515187247681,-0.3206216711417036
6818,-0.1716468406475393,-0.5265074970845453
6819,-0.5254938228066135,-0.4645313147232254
6820,0.545737785108824,-0.4295603622923016
6821,-1.1607471493200974,-0.015515428122136387
6822,0.23825537716075726,-0.25585547298402955
6823,-0.06625677175634809,-0.4073743379601597
6824,-0.5394331427277337,-0.419704611076675
6825,0.24282519606278147,-0.36988052317778114
6826,-0.749739146614438,-0.03049047212879932
6827,0.38091344470719807,0.1998599452978505
6828,0.43153422462845936,-0.19516824709203368
6829,0.28917755468362333,-0.27792324810202507
6830,0.7884995412951036,-0.32468063833685795
6831,-0.1258882653095779,-0.4331101145999866
6832,-0.37538580421999596,-0.5027385993008258
6833,-0.953579375243321,0.2101974992732625
6834,0.4627175243859706,-0.254475430916099
6835,0.28404404507843173,-0.17596346442385297
6836,1.8139143808580136,1.7964675467207658
6837,1.0076128056757945,1.8919337974063892
6838,-0.5238134373423544,0.8371787081903467
6839,-0.4664539223608537,-0.02763010906549824
6840,0.4216417977779203,-0.055540798943332
6841,0.8194293923805197,0.04025960301874414
6842,0.5006639301360053,0.4692395724043793
6843,0.1992219513602403,-0.159607331143661
6844,-0.8498048058578866,0.7492618434107003
6845,-2.9481514894863374,2.2591964207340705
6846,1.1302711934614198,0.9054325964027234
6847,-0.6679656650966634,0.25061874442965004
6848,-1.032564306884081,0.18825185728154703
6849,-1.2012370213146315,0.1970539879221378
6850,0.1531344806028042,0.17579065947962721
6851,1.729872561663571,0.5871072121514085
6852,-0.23697835910483972,-0.3354813159591712
6853,-1.183364305347228,1.1008379312152943
6854,1.006434326976147,-0.21997536993602018
6855,0.7103741227574077,-0.0854543015137262
6856,-0.36278264719014947,-0.004205056113155169
6857,-0.42232255524150963,-0.28234642807593113
6858,-0.4881339084503597,-0.19758305501746615
6859,1.0150910998826173,0.06344136548150481
6860,-0.42909709427063536,-0.36999934363401416
6861,-0.07166727989572,-0.49427221225441653
6862,-0.16115481859472872,-0.4508060036555952
6863,-0.22477065135425273,-0.45801327471896525
6864,0.7073879618694785,-0.5040712961890258
6865,0.7113620447150492,-0.5202361511147194
6866,1.4567933982515093,0.22206445182879278
6867,0.6004331462307542,-0.15921128744279653
6868,1.2801824069980987,0.4357088316318192
6869,-0.16967993421711655,1.241140416970919
6870,-1.22887589379275,0.6761539595569567
6871,-0.7657376751523496,0.20907081599898503
6872,0.6741943102087002,-0.2543208249093453
6873,0.47444690428102576,-0.41050774394301953
6874,0.9861101494472632,-0.1051783189835246
6875,-0.52566457205768,-0.009935540938677496
6876,0.2161666528043163,0.2887282443737593
6877,-0.1548386733089461,-0.4132167739346307
6878,-0.13021437834811214,-0.3871585937186437
6879,1.176331382124174,0.7920582264219699
6880,0.25314230981578584,-0.1762733731897326
6881,-0.9759983720617567,-0.10937165149395775
6882,0.10521571703039337,-0.09067006861115486
6883,-0.1067899556777013,-0.27528168969602795
6884,0.5512179723212194,-0.4284267201253094
6885,0.8971479670242695,0.05002813553717625
6886,0.289893261499091,-0.4077145649286913
6887,-0.6667817215601312,-0.17074178837937368
6888,-0.6329012820172626,0.733567511401113
6889,-0.13997694934676588,-0.302116168188977
6890,-0.36438879832202387,-0.4358567178799813
6891,-0.24394795362728022,0.14692354135552815
6892,-0.4650009996984787,-0.3933141962397894
6893,-0.1482345167662509,-0.37710546230670977
6894,-0.24613853820594195,-0.40994566327406234
6895,0.76346298560619,-0.3148791688519742
6896,-0.4884212868267047,-0.5238050174226173
6897,-0.06134619468802393,-0.4218030622414951
6898,0.18515016842685664,-0.4633525806364072
6899,0.8881988980329888,-0.29578067969983585
6900,0.13936777998365027,-0.3708663064605942
6901,-0.3241770203173691,-0.23037575040104083
6902,0.2846404765048814,-0.47551546984058035
6903,-0.7108498363345646,-0.35216523159851415
6904,0.18609455930871865,-0.4908130900402005
6905,-0.1163369950481303,-0.3850514607143469
6906,0.021617212100703553,-0.5193914284210471
6907,-0.3589365301306108,-0.4124947771311531
6908,0.5905857735201783,-0.5576239699911875
6909,-0.5069812487489459,-0.45044183451159653
6910,0.04355521047969078,-0.6386354389266612
6911,0.5646934949021265,-0.37734316206303364
6912,-0.07225540836713587,-0.3865980293787539
6913,-0.03221768745029397,-0.3190981468476313
6914,0.5505146512830263,-0.4412959252935733
6915,0.41364466161056224,0.053014558665122495
6916,-0.2806935670247246,-0.3385964558814417
6917,-0.015536245285358373,-0.15420838082615385
6918,-0.11599265308601803,-0.13728294554276763
6919,0.5558625976085851,-0.3319618436675844
6920,-0.4353424316225539,-0.14544732026509988
6921,0.2025643647688927,-0.2822193595465814
6922,-0.2702806810610605,-0.04908916075139322
6923,-0.23234768019808774,-0.1869285355900589
6924,-0.050234978408601916,-0.3280695097209312
6925,-0.7242367145413752,0.10408119456643702
6926,-0.536932626052939,-0.03172461025316181
6927,0.03401329003925974,0.06308196650974678
6928,-0.05589941665926486,-0.4189924931514981
6929,-0.07389558996350379,-0.4606125021713316
6930,0.374927705598721,-0.21909438957244423
6931,-0.44280527800329705,-0.45372006831473977
6932,-0.39577570037107873,-0.2076333225268843
6933,-0.3308986415658772,-0.40765025312901887
6934,0.32307857332692413,-0.471815254564572
6935,0.31463619430093215,0.25796902232693647
6936,-0.5196776005093053,-0.052795781283440854
6937,2.827174538568542,4.688328664911161
6938,-0.5901249479718328,0.5066668476046122
6939,-0.3140498794193443,-0.2760087904875649
6940,0.6906826509224265,0.27718881727823197
6941,-0.7628199543261598,0.6469618383156907
6942,-0.24544682050660405,-0.4669919350845476
6943,1.162411526420075,0.08628028433096058
6944,1.2573836644153191,0.6186169801087503
6945,-0.5187211921488089,1.5823374774311125
6946,-0.6289468812307988,-0.16931509823034283
6947,-0.7988980624388704,0.21328186949813327
6948,0.30348888346521374,-0.17948826823348316
6949,0.09051280788736504,0.0698305841685857
6950,0.21141052963678675,-0.28361753750573204
6951,-1.0510765957987644,0.04355492369929591
6952,0.7140278148200179,-0.23965801209225424
6953,-0.5529962378954931,-0.4627300988124969
6954,-0.2236545518908438,-0.17120521701950142
6955,-0.05859549455673687,-0.205158748868166
6956,0.565791339089516,-0.4316622081479492
6957,-1.616549772674379,0.3690430419651909
6958,-1.354320287518886,0.31448910390165596
6959,-0.9191865540287844,0.6630068980741101
6960,-0.19657842273154386,0.8368385371905355
6961,0.8280929619535977,-0.24302447110192613
6962,-0.4880261548350341,-0.38661828709338897
6963,-0.053862495833127286,-0.278954036414005
6964,0.23473279443897727,-0.37660435587593033
6965,-0.4780836367683487,-0.32023840470841314
6966,-0.07581122396525553,-0.4858334528768473
6967,0.19734924257093367,-0.11920035725899288
6968,0.3198850328656851,-0.42232351364823917
6969,0.17321725661376103,-0.5779049486444068
6970,-0.29455116456287755,-0.35444609758691537
6971,1.277464179833756,-0.3039328643309934
6972,-1.4661842443112298,-0.22939664600171522
6973,-1.1648907124230425,0.12239271555921323
6974,-1.180012439137331,0.020590893085996792
6975,0.6254793744255076,1.0015886487833503
6976,-1.4890004510942303,0.3586739919156346
6977,0.10717069228317666,-0.23160302689313647
6978,0.43489281811584246,-0.44818312805420785
6979,0.3092987591350612,-0.4110547226171118
6980,0.5702493354421669,-0.38525156793568
6981,0.30295793017221545,-0.36250351304353595
6982,-0.11191010855116715,-0.5702407882785301
6983,-0.1602516752919489,-0.31517794533292137
6984,-0.4790488509703877,-0.307042217883947
6985,0.6129506609657644,-0.24606616020318747
6986,0.11582518521697346,-0.4968727309972514
6987,-0.5029183626035536,-0.3596576840067232
6988,-0.4663120229210476,-0.3840268589320073
6989,0.3061617090041645,0.24626100960647057
6990,0.30306230333800754,-0.43331539331913815
6991,0.28761171140625164,-0.29364775854512215
6992,-0.423589914420266,-0.34062959164048856
6993,-0.5120705431981003,-0.4938991803263182
6994,-0.09546138819432978,-0.04197646179014194
6995,-0.23430374548758126,-0.531360611136262
6996,-1.5472443598378902,0.7721124327257396
6997,0.9424084757236444,-0.03414670554694966
6998,-0.7697599552745075,-0.19210060176752813
6999,-0.4428617304420118,-0.21382017088914024
7000,-0.0966203777946042,-0.2214636872410459
7001,-0.5383707954267313,-0.18936703802310728
7002,0.7973493287910054,-0.24011016646695812
7003,-0.38583126092022896,-0.44072334890909304
7004,0.8568016828194317,-0.3791123725614841
7005,-0.7618281379006406,-0.3407698395442401
7006,0.4866381968532836,-0.5817336165139155
7007,-0.1527148784626798,-0.31041443464018154
7008,0.04610750134902512,-0.4558030823473734
7009,0.6977453177727622,-0.34141112955709074
7010,-0.3887112908532266,-0.4047523219647946
7011,-0.12054579132588672,-0.5900991634862599
7012,-0.7473869334173371,-0.2805082076660724
7013,-0.4345723028865258,0.16564969203202282
7014,-0.17828801517300383,-0.21130192116013063
7015,0.3321738751142936,0.46913502491006576
7016,-0.18073926423746828,-0.014397443092069733
7017,0.15660682817633154,-0.4206020071907886
7018,0.1013775720681204,-0.5580756790973936
7019,-0.3081933846184821,-0.5127859630870121
7020,0.007892902114228759,-0.3573208169178339
7021,0.32288012177394154,-0.5086871631173433
7022,-0.2509033063131031,-0.4219360868280996
7023,-0.6797998744652445,-0.325594631705801
7024,-0.37756608268747227,0.10028500286354702
7025,-0.1082041539334096,-0.5621235909100923
7026,0.18888975316918183,-0.44049532071329234
7027,-0.3584829407058873,-0.34819496857501253
7028,-1.3150325776650131,0.31964373583953903
7029,0.42737433194188784,-0.04740668740094643
7030,-0.7092786406051967,-0.3656624434129904
7031,-0.19271104391003693,-0.00455278001378192
7032,0.5754110884973198,-0.28211603845346994
7033,1.6132636391650614,0.7558623749744992
7034,-1.2064751109267922,-0.07505931535528423
7035,0.3788513538956988,-0.008762239656726322
7036,-0.6885504624125636,-0.15746631112176224
7037,1.1415304240339186,0.141922442339283
7038,-0.2155881741785035,-0.5040083663362194
7039,1.4119951170228038,0.12357683923283351
7040,-0.13859096636777035,-0.26090392196883205
7041,0.32826815609313176,-0.32645651403893466
7042,0.03993711658171761,-0.2574932525528313
7043,-0.21188814111569262,-0.3283744498944604
7044,-1.7348206461736098,0.047315554213081486
7045,0.5155737027168331,-0.4274812538786704
7046,-1.8180267345110224,0.6513602662655773
7047,1.191058319953027,0.18266871600571316
7048,1.5407597125640282,0.25867385061245646
7049,-0.19694156667146312,-0.42700382590319863
7050,0.2676541701436568,-0.4278528913505556
7051,0.4581319079855147,-0.3382876741535737
7052,0.9182336959543221,-0.16685981324540244
7053,0.5927776599395078,-0.3323473502158093
7054,-0.1884700115596863,-0.3435226307876786
7055,-1.0811462811618444,-0.08630435620941176
7056,-1.1501912033772412,0.04456208863458844
7057,-0.8388821926354765,-0.37318950775555787
7058,0.18047164906689997,-0.5261859922019149
7059,0.45174118648260564,-0.39986298623154193
7060,0.0229564120977781,-0.5277829943420975
7061,-1.1435043218473342,-0.36686775742175504
7062,-2.777560700294723,2.4375473088997945
7063,-0.8354292337920168,0.12468853697739321
7064,1.1933332578543978,0.2462578312152704
7065,-3.2600548579051516,2.1593966619394527
7066,-0.5245066835462927,2.6350525131377642
7067,0.49212326675949636,1.155405663891433
7068,1.2459640964721959,0.5282159361975136
7069,-1.1307243328873195,0.07795889792121964
7070,-0.9993288104676781,-0.4079207849355945
7071,1.0119686426715777,-0.384686687228359
7072,-1.062871934941968,-0.2993453375313769
7073,-0.30434767617763037,-0.17201529450406486
7074,0.3552958495251294,-0.3733219128193923
7075,-0.25736306579824325,-0.0486499236256222
7076,1.2709856576274403,-0.21516991092474078
7077,-0.02436404220212684,-0.5250166639133345
7078,-1.3215308685962157,-0.13368738685697446
7079,-6.089371512205944,8.294785975876136
7080,-2.4277750789047605,4.311532077591511
7081,-0.11816161615003468,7.720113368611775
7082,-0.23730400485087808,2.470634657681406
7083,-4.226590419748731,6.6984493137867185
7084,1.32402744555467,3.093302048760218
7085,0.8880111821367064,3.646219348235242
7086,0.49201802374854414,1.4889838621928555
7087,-0.8666958455898057,1.1837070362185693
7088,0.2983895108580808,1.3452459399795131
7089,-2.336079252063015,2.1703221794150385
7090,1.9719768416321948,1.0112327385555973
7091,1.3955534148675808,1.2006519460803762
7092,0.6243473791289963,0.698904184854082
7093,0.4178824866310673,0.6545052655475715
7094,0.8366702058571049,1.6068103737271504
7095,-1.5412315930509415,0.35052568008847573
7096,0.44576985951340437,0.20873609615149707
7097,1.400837224521759,0.030417632019541955
7098,-0.4225060144510423,-0.3513260684461272
7099,-0.34874557152559277,-0.010701661671938133
7100,0.030591632760119197,-0.3955826209670066
7101,-0.21037816700339532,-0.22592439305541948
7102,-0.5223163213083896,-0.15065776822900076
7103,0.020593815853234256,-0.4414107442007056
7104,-1.1611565931363153,-0.002645209355323314
7105,0.9398269169443909,-0.23107322225939225
7106,2.7906194633362134,1.2838838274220372
7107,-0.8518809639875551,0.4344847369341455
7108,1.1639306852268771,0.8794053024044625
7109,-0.08082785402360324,0.22855366152662743
7110,0.47323833058541953,0.7071208627503048
7111,2.2465364900046305,1.8403207345689798
7112,-0.9634117919999271,0.4855863583793936
7113,-1.0688688091994605,0.2860064957605377
7114,-0.42815273544923305,-0.18295778592123452
7115,-0.18124613567091652,0.8928627384705403
7116,-0.25769664850406704,0.3897037627026654
7117,-0.33731071445083677,0.06084051677305479
7118,0.5358564582882185,-0.1032377327017526
7119,-0.37440422674110324,0.2716403956935066
7120,-0.3175722826886143,-0.19186562836591903
7121,0.6402948699428812,0.2324259656482654
7122,0.6999080209179458,-0.2900314515812833
7123,-0.24410131820033043,0.016885414323383318
7124,-0.649424683264093,-0.06793387436963505
7125,0.7812984795322734,-0.34427283928119756
7126,0.6406913575497818,-0.31194172631019373
7127,0.30957376200464715,0.0678775026188196
7128,-0.4272966508514931,-0.035330886990111415
7129,-0.9457233308022606,-0.2485734564622289
7130,-0.2237588130312953,-0.4418157839033629
7131,-0.1370485886074389,-0.2760733575364463
7132,0.12752306099859706,-0.20420263493980528
7133,1.5689899190955399,0.4875300673512417
7134,-1.721265837563624,0.39920506807140504
7135,-0.9052547354002154,1.0272303390313187
7136,-1.2650242267603269,0.8230711700291665
7137,1.8321251849476792,0.2514011899047726
7138,0.8720793946325476,-0.08569676228007897
7139,1.6059985277129059,0.5676423072889734
7140,0.5857065177414725,0.6682978408260352
7141,0.13972834190387523,0.28303064048198995
7142,-0.8645396798803565,0.23452106930718902
7143,1.7750228397760268,0.7048323691672864
7144,-0.6249848288775697,0.12348446391969663
7145,-0.7864817266210168,-0.1537679916606538
7146,0.7585235161520564,0.19101469152282863
7147,-1.4192596927119405,-0.04650972448000653
7148,-0.9915063241577431,0.15773461437146494
7149,0.17945070532477084,-0.4416447430283857
7150,0.9527126151345628,-0.2211325994897779
7151,-1.5303435223060857,-0.08053491238433749
7152,-0.45715836151178996,-0.0049327184215238766
7153,-0.8883900701759461,0.013298820542659769
7154,1.2232253645656548,0.06381407324271476
7155,0.3655692359220427,-0.4496135928200374
7156,-0.8934041590485068,-0.28878351084552367
7157,0.028306214654042594,-0.39859310949016374
7158,0.2493327044669349,-0.34005695739206043
7159,0.9440658170877426,-0.3934687991412133
7160,0.0339385255708565,-0.5202511668828587
7161,1.2673898690006307,0.00437409293232746
7162,-0.3330056960124355,-0.41818311682760095
7163,-0.26224626734495987,-0.47505864261643965
7164,0.6439692183959236,-0.4253881790146271
7165,0.21668823034776055,-0.5279211052600257
7166,-0.06351919512358604,-0.4907910379749296
7167,0.3069117798179717,-0.5389210166154871
7168,-0.3195529286820572,-0.5983843266876313
7169,-0.09338654359326495,-0.5960850080415054
7170,0.6347346773695146,-0.41024946089761377
7171,0.05992534047921589,-0.44626588887600016
7172,0.5455549671109221,-0.5183551005415399
7173,0.45925822672607713,-0.31308550670721436
7174,0.20942869398259947,-0.3052756421884445
7175,-0.6321804487792587,-0.39473731573860626
7176,-0.5047178497997576,0.3294936161278484
7177,0.4709876447584467,0.14862671081243456
7178,-0.4939657428287196,-0.11367156633673636
7179,-1.2130305308922686,0.19934773008488949
7180,0.17231730528936937,-0.48998835280375974
7181,0.012109284736099932,-0.3064876534482078
7182,-0.5251242872281624,-0.5150458124677767
7183,0.16868662769650072,-0.500859016287241
7184,-0.2797252241175471,-0.44208125025937633
7185,-0.36319288622772006,-0.4992953567629238
7186,0.3269193490309376,-0.5041016549028455
7187,-0.08945739693810004,-0.3210324668606435
7188,0.4233737597544105,-0.4583366971824177
7189,-0.0672124595813493,-0.6007856572378283
7190,-0.34709013759630153,-0.5568486537384025
7191,0.21430712512506558,-0.5029545623842067
7192,0.25344648227905814,-0.4380662875182976
7193,0.04376926018533673,-0.4921699284735517
7194,-0.036415162346799645,-0.5355917141197555
7195,-0.42587029482359107,-0.4684056340502871
7196,0.11298688133975049,-0.4979470008154833
7197,0.29187436425013735,-0.6370336950488157
7198,-0.09117251453103928,-0.5499856508527167
7199,-0.3550240695093237,-0.3784057621801018
7200,-0.43978528028147224,0.11361955771517325
7201,0.2104010454492976,-0.5356318655236777
7202,-0.26860360185030707,-0.36216254812507426
7203,-0.7132168984012461,-0.4332076652381149
7204,0.2459932389228929,-0.3493643153706364
7205,0.7621759958443035,-0.4995915515429509
7206,-0.28000881362750313,-0.5823746439694608
7207,-0.833599610531757,-0.4390316230625396
7208,0.48258304690991977,-0.40348310958143124
7209,0.23255765228350472,-0.44658136241583
7210,0.013222728613873056,-0.6479524233348493
7211,-0.38489925773667566,-0.4127298518782768
7212,-0.20106778553751456,-0.5550594180824564
7213,-0.11680898012344826,-0.6045345881977634
7214,-0.4840648397196062,-0.48409647811553475
7215,0.4961114419751368,-0.5850215251802307
7216,0.116274029983921,-0.6043504592160508
7217,0.11230740106237583,-0.5802233981133607
7218,-0.047937411787404245,-0.6403227516991444
7219,-0.006473479334621425,-0.5796622187999722
7220,0.14998040570674634,-0.568153344206769
7221,-0.27907874539815536,-0.4446738666648199
7222,0.4938687540508208,-0.5108033553169044
7223,-0.5470241432116607,-0.5271437919563131
7224,-0.3308305250321538,-0.5929835439126045
7225,-0.23878263160958924,-0.40949240168459927
7226,0.9508026301087225,-0.5328648272257196
7227,0.04749762476054259,-0.4576758909025326
7228,-0.32329027945500527,-0.5246888338089833
7229,-0.22952399220947875,-0.49111569844918335
7230,0.2807169191018846,-0.4832536715119123
7231,0.0275891128350064,-0.5780572483810907
7232,-0.1207266426464251,-0.47064771586874354
7233,-0.5451842437672374,-0.5017028315606165
7234,-0.0048395779966648525,-0.43074105219396974
7235,-0.12240316138502483,-0.5830804118092339
7236,-0.14631745211323421,-0.5201705450377727
7237,-0.9053413898587316,0.34056378722015657
7238,0.4922119180489176,-0.22917276998556851
7239,-0.2531849322342437,-0.42443032231287176
7240,-0.67614125986055,-0.45833832849228034
7241,-0.5056363469007182,-0.343485146005362
7242,-0.8532908687485992,1.017022696474286
7243,0.9014400184545168,-0.3376157473754604
7244,0.5729267540595816,-0.4725693141934644
7245,-0.781525863719103,-0.4085717974658086
7246,0.5128458123056934,-0.48977890177310146
7247,0.9281474523446637,-0.4218528494691424
7248,-1.654845309249572,0.01415461690163766
7249,-0.7113823465861924,-0.20555370226473438
7250,1.641595921160529,-0.16211212881299758
7251,0.32549984346644856,-0.4511435019103864
7252,-0.11832378155804932,-0.5676607055856828
7253,0.19990031570090866,-0.5787935757222605
7254,-1.2673858609112152,-0.3543608080191584
7255,-1.2956569485439189,-0.05363337176573524
7256,1.101364129476041,-0.2557224051067135
7257,0.8199067958941285,-0.571728878898455
7258,-0.016434923683608382,-0.623187982901862
7259,0.42454214370083326,-0.295846484504932
7260,0.8912486188290067,-0.4038689335452242
7261,0.09767539451618137,-0.5006808979703886
7262,0.553152963915164,-0.3465535248289843
7263,0.35275674020113906,-0.5006563080575174
7264,0.016930108992367014,-0.5745599882285304
7265,-0.722182511228246,-0.43953699343156893
7266,0.5259029517402987,-0.4682032092181482
7267,0.15789948033667053,-0.5285862864570573
7268,-0.10156858198781848,-0.434527628073243
7269,0.4703510742724702,-0.6199290807474721
7270,-0.32511147339082314,-0.5786062788205978
7271,0.101477741103782,-0.5930498418833247
7272,-0.024252423981437753,-0.5421761094751815
7273,0.17988427805859997,-0.6120085488886096
7274,0.5584194892529126,-0.4575998106807237
7275,-0.16986819946539472,-0.5502396631834329
7276,-0.6113656841970067,-0.4313689721832818
7277,0.12573658051039488,-0.5634159173414746
7278,-0.176073350492729,-0.6408997242577611
7279,0.8514895805725139,-0.39213537940466675
7280,0.10714271819924934,-0.643993209177807
7281,-0.2675492223713075,-0.570205510921427
7282,-0.22359862652551155,-0.6195640420490266
7283,0.25516265794735693,-0.6361055188587013
7284,0.19292002617677984,-0.4853582012914578
7285,0.0642927000578383,-0.6555485937658737
7286,-0.2619864229069507,-0.48739933143031405
7287,0.34069424618040933,-0.6070781747027835
7288,0.049666119171013136,-0.6447539390299303
7289,0.15668754996299666,-0.5357201284439544
7290,0.2035761615948753,-0.44080378649656077
7291,-0.32189806015150824,-0.43968153625645046
7292,0.20381579028588256,-0.5139525938910322
7293,0.7115010620812381,-0.4511063275257746
7294,0.7328253392945807,0.008018634161366117
7295,-0.9549620726207677,-0.4505588620202539
7296,-0.7135467784562027,-0.25119192256909256
7297,0.14221013971100216,-0.3670918299097543
7298,-0.3348232284200957,-0.5457906268862547
7299,-0.08261020897833629,-0.3065386114126831
7300,-0.5098440587621689,-0.43200858284645116
7301,0.05326341498363047,-0.5954466432853424
7302,0.1831177564744826,-0.62885515715254
7303,-0.67006955990733,-0.5134329899838125
7304,-0.06142500719770142,-0.4262215515954496
7305,0.010129045331932741,-0.6025873131875424
7306,-0.030075577910713976,-0.6491722505236801
7307,-0.8155494826040304,-0.3803569765168835
7308,-0.13240960398791404,-0.3120210845770147
7309,0.1274234330573583,-0.39318621324736763
7310,-0.3454976682443584,-0.40271990849286854
7311,1.1206720255244362,-0.4155375091412492
7312,-0.40683944001794115,-0.5369007513746208
7313,0.517285552794414,-0.46116434974437276
7314,0.11548358369600775,-0.5363969218595759
7315,0.008578455943520961,-0.6322679672470387
7316,-0.5052628880772161,-0.4762423263006015
7317,-0.054097013186527855,-0.40825418776506417
7318,0.27530752124646946,-0.49334962769856533
7319,0.4786975955685914,-0.5923892411236436
7320,-0.40270838636990514,-0.5445329182111123
7321,0.30971337943746285,-0.5047945446829211
7322,0.9047474229079684,-0.4930206408105762
7323,0.25096514277500376,-0.37757827267776367
7324,0.07956623449217648,-0.5463812814749663
7325,0.21197017867084827,-0.39871158391277856
7326,0.18313340464672695,-0.32111659899794476
7327,-0.49556461373879807,-0.14569138779996108
7328,-0.26693017756040666,-0.3978893343710931
7329,0.541863440902099,-0.4561870603782138
7330,1.0560074084202848,0.10984423355184349
7331,-0.31252616494493823,-0.4584387156411352
7332,0.16513207935648605,-0.3674962993040903
7333,-0.41868037359779137,-0.434846736669871
7334,-0.40909515602793395,-0.3673145062805418
7335,-0.17855747824447912,-0.5377743645521639
7336,-0.2015739613103246,-0.4791143724663737
7337,0.5126365209866381,-0.49308553069015837
7338,-0.013870618310453912,-0.5286728319060688
7339,-0.46938355201443543,-0.4721036191999651
7340,0.3197903835328597,-0.47863128070097205
7341,0.6997708001289293,-0.39608030291689694
7342,-0.22012502454034635,-0.4977483192187221
7343,-0.48734449949513736,-0.5302866728391259
7344,-0.20839889932898548,-0.5337515880191872
7345,0.0835608473364651,-0.49269192355020014
7346,0.12628794514268732,-0.509418765205506
7347,0.3186106614686784,-0.42651879865141235
7348,-0.2748211780210855,-0.5460867210689757
7349,-1.272078471655729,-0.15931856402475048
7350,0.5440647851345279,-0.5798537983485144
7351,-0.8914750325801901,-0.31696330257434596
7352,-0.7893107548952681,-0.4380272520532844
7353,-1.261930373286857,-0.21978248261778321
7354,0.34982181554941555,-0.32290410595090263
7355,-0.6187914559923908,-0.25423455680048007
7356,1.258918841540542,-0.4094610392854445
7357,-0.4313547769014495,-0.551547640413983
7358,0.6857581306151574,-0.5343956697227238
7359,1.3887294869356446,0.11998824028307674
7360,0.18729249156797909,-0.07244595565357176
7361,0.10960594717932903,-0.46525630071647395
7362,0.15142818243015047,-0.5184935683016262
7363,-0.11415220816194352,-0.519928972085565
7364,0.5040860229078581,-0.4998415733788402
7365,0.7060552169883921,-0.5771557420108037
7366,-0.1272782725676626,-0.4113436917134194
7367,-0.33546103568514785,-0.45201007029054874
7368,-0.16203939231479805,-0.5566627540958636
7369,0.11072693222990751,-0.5668111126474316
7370,-0.2740504481336552,-0.4432167383981755
7371,-1.3231582409949865,-0.09877011155272347
7372,0.019650968685721575,-0.3868477190110681
7373,1.8973721166652857,0.26455376522059165
7374,1.3021292711411037,0.3858735311597058
7375,0.6757115100661564,0.6785630345616785
7376,-0.5823868369544745,0.15213557542806855
7377,0.12102469532062593,-0.5236278731446556
7378,-0.12294860476822034,-0.47879125226759345
7379,0.17414666370594165,-0.5621625933981081
7380,0.2791516499981473,-0.4495388560137606
7381,-0.17450015645865555,-0.5209680481246491
7382,-0.12826184242591146,-0.5328192942416204
7383,0.5569758713895276,-0.4940888360557062
7384,0.5857021048841466,-0.006249480610703276
7385,0.20635134448276124,-0.5210108234878802
7386,0.08981094312427698,-0.4253975300602686
7387,-0.1716828517632144,-0.28297960920612625
7388,1.2663183990081266,-0.17191486731514594
7389,-0.302108267795498,0.3536160312798494
7390,0.11597831194756156,-0.24618323824077346
7391,0.04754110546589798,-0.576316375877742
7392,0.06515605882705713,-0.5015799098153438
7393,0.044406317767357914,-0.1071943731590348
7394,-0.3157897191367375,-0.3954738576805518
7395,0.6897991445598514,-0.17559121337726666
7396,0.27088142668788157,-0.41970570206046354
7397,0.886126693195013,0.2758386581450026
7398,-0.20765830780610064,-0.3219305082936528
7399,-0.0855576252915567,-0.44659602144916233
7400,-0.5756719869338002,-0.45640645988638867
7401,0.5747608849830529,-0.37165446332800395
7402,0.20558803754681917,-0.2022069658848038
7403,-0.5069975191261757,-0.3868576404342154
7404,-0.07471524224618789,-0.5484170154121115
7405,0.11861001059468684,-0.527949678673833
7406,-0.18399750289357672,-0.3849713775114131
7407,0.5357184857469194,-0.2697854921368697
7408,-0.2237790209670777,-0.609838419310315
7409,-0.6386007080649995,-0.477739321274893
7410,-0.24931904065474,-0.2780693921455305
7411,-0.3247607733218236,-0.3986395754691094
7412,-0.45748846809899857,-0.08610217003259507
7413,1.3353708420024746,-0.3137509972839637
7414,0.106752503416402,-0.46772375729319116
7415,-0.19417224491005766,-0.5261612635063386
7416,-0.4474322175718291,-0.24816813546223407
7417,0.3190638827657131,-0.1792797680805186
7418,-0.14019505105392832,-0.46571620293208876
7419,-0.0158437606565466,-0.45729433945300185
7420,-0.05548122658141796,-0.5340917961665594
7421,0.5429013399440779,-0.2924631576928836
7422,1.3383036643480744,0.29802795151025285
7423,-0.46443012434743647,0.1480890305171222
7424,1.0863498040295685,0.19732813802784108
7425,0.8040028734944649,1.4087544152432196
7426,-0.5827220747581631,0.07792388987640371
7427,0.36206960912103753,0.14302038734591524
7428,-0.49562422909230974,-0.08184770100803852
7429,0.39375066518939295,-0.15611354821454412
7430,-0.6291846614815957,0.0007492775484026088
7431,1.4049303315000694,0.20277608099011435
7432,-0.4579581335543027,0.17335790995966532
7433,0.20702004217644743,-0.43044221862513116
7434,0.08679046024146311,-0.43853871818237766
7435,-0.07675874940761032,-0.5042944367221726
7436,0.2625805277322006,-0.49844407379570976
7437,-0.08766160402010101,-0.10924465464382231
7438,-0.3937576427830828,-0.32096874713113827
7439,0.5888194506194215,-0.43117175173790523
7440,0.4346707112456518,-0.33870513596389085
7441,-0.08421545282063586,-0.3934324037422608
7442,0.5898955211073201,-0.30175902348746064
7443,0.7420770145575105,-0.03975553823490239
7444,0.5540992590090023,0.21903983487313647
7445,-0.8273093819479497,-0.1495064060040152
7446,0.34989364513315235,-0.30481892541845407
7447,-0.397908911971531,0.5506675988519942
7448,0.0379036639065664,-0.38491428137664235
7449,0.4292235509019855,-0.41667931463873675
7450,0.03316938837103617,-0.2610702729811359
7451,-0.7099833501936788,-0.5075947613056793
7452,0.2947936660405858,-0.5562530279843381
7453,-0.6150064738575025,-0.21054036037808616
7454,0.05510344017883965,-0.561295613525163
7455,0.676066752036114,-0.42083577372822695
7456,-0.36022968429281405,-0.5232559601793051
7457,-5.015953450087035,2.8285810739374058
7458,0.6632452261552483,2.5366970313565718
7459,0.8030760519664648,-0.1102331337651141
7460,-0.9560238964580305,0.02539091236428726
7461,-1.5400111492133082,0.3357536185960659
7462,-1.8393912699034622,1.8949604636589397
7463,-2.7750692567733815,3.6601895090107295
7464,2.8265114627636607,1.1412207760821758
7465,-0.7374651348997598,-0.2302120903157008
7466,2.613490485965322,0.9560975372564794
7467,-0.5553351044109378,-0.28604189198360047
7468,-0.2442570915319562,-0.527685456983837
7469,0.2826998172262505,-0.2475739823409569
7470,0.19391772203814595,-0.5096760300677872
7471,-0.33256613442669,-0.4766095352072428
7472,-1.2750908419224056,0.010990247595672024
7473,0.7174137916217125,-0.21018788097676777
7474,2.097742214177109,0.3700021174533104
7475,0.38725373244834455,-0.16002231068812103
7476,-0.7677071856046468,-0.23535418592053411
7477,0.3077090812680684,-0.5464009343044318
7478,0.2397756343492279,-0.38458283431895257
7479,0.03711181347716933,-0.501302346355899
7480,-0.5525700003657384,-0.40964986259451114
7481,-0.49641797128931553,-0.46304075940570094
7482,0.18212585460165348,-0.4917020016633793
7483,-0.08526649681809431,-0.6241875157255851
7484,-0.09207953368826269,-0.547636428057925
7485,-0.07435414984575875,-0.5017110943451
7486,-0.2860963812280586,-0.46935305739840677
7487,0.5390271216858649,-0.4452635182459713
7488,-0.4766659120576284,-0.36173369660939136
7489,-0.6329737292044464,-0.3115031888146785
7490,-0.07019359513299228,-0.49188915948223827
7491,-0.22780483227792697,-0.49927290932626656
7492,-0.9670080855603911,-0.1401906677756802
7493,0.5605383857631523,-0.4048883104558328
7494,0.3777910211549119,-0.3140116377166354
7495,0.0009606783062789497,-0.476844780138039
7496,-0.09927871816297176,-0.47306910625136994
7497,-1.3472674813027332,0.0460050114123368
7498,0.03779137883352849,-0.22523543056552
7499,-0.14830287009104318,-0.18630154121778125
7500,-0.11283613015005933,-0.341833523868706
7501,-0.46776996738916987,-0.2116061723341599
7502,-0.18022781406224864,-0.19818413727559903
7503,-0.6725857868203279,-0.06255543075533873
7504,0.14571270260059327,-0.1959742425759625
7505,-1.0504284350954307,0.34964596566319284
7506,0.858432833344958,-0.2535377898353231
7507,-0.9496743527684189,-0.11493971300097076
7508,-0.6487949936581365,-0.06738835026184944
7509,-0.1305057044839888,-0.3143794477852944
7510,0.48501370852994613,-0.4559820248392745
7511,0.621901941396473,-0.24628503116220288
7512,-0.48431858895592506,-0.4873862609070899
7513,0.4343173362203572,-0.24332571283069915
7514,-1.0087393927433634,-0.22136176540305946
7515,0.2801710020792919,-0.5057686418003483
7516,0.6423412892064442,0.214113178832259
7517,-1.2716856020841356,0.36865610818518546
7518,0.02885746875996119,-0.3087287758050184
7519,1.299901200923613,0.053813824904693684
7520,-1.0609084536737814,-0.4253649994290456
7521,-0.9749432023182629,-0.02926075509201463
7522,-0.9716024864788022,0.28184445312113304
7523,-0.833776277030857,2.0933064565262454
7524,-1.9671138088573505,2.200366017516781
7525,0.9172961186373461,1.447591506423117
7526,-0.851824497616751,0.3871372482003019
7527,0.09866142111112347,0.7659695615401598
7528,-0.7341726272746931,0.6849618995165109
7529,-0.4393544077306797,0.25717258378173447
7530,-2.201846848753222,2.5291904655844646
7531,0.013253084261589686,1.6490111730672254
7532,1.6767860379561603,0.3216296151939117
7533,-0.20822572562581726,0.09357142630499372
7534,-0.4391393889806071,-0.08248314774873557
7535,0.5924613142486967,-0.29902457111852077
7536,-0.7936705997485773,-0.2514890437322869
7537,1.4195115491369767,-0.18152098500144126
7538,1.6707473633460883,0.24809886995585037
7539,1.397615194151902,0.3784579772830267
7540,1.1882390583056037,0.32349911893210914
7541,-0.6631875061240048,-0.14667440506772572
7542,-0.7319013669506282,-0.296648464945784
7543,-0.30393878322807855,-0.4663441113375076
7544,0.005639118339860468,-0.05719488797562848
7545,-0.11235922143768703,-0.6113989365531234
7546,-0.7987403410452751,-0.29164940142965
7547,-0.2568178113871779,-0.2517832851860608
7548,0.47806480240240123,-0.26247798866944366
7549,0.705961721213293,-0.34519960698884394
7550,-0.7832477053814642,-0.43953232852946805
7551,0.3380760570339317,-0.501521620910281
7552,-0.49335669656529835,-0.5209698465046955
7553,-0.2633387733331775,-0.5565676516834495
7554,-1.1188370301788404,-0.24894622229074315
7555,0.9806795464345328,-0.5120840532863775
7556,0.7821628663679371,-0.3650960468491887
7557,0.5138537488519128,-0.42421731367194715
7558,-0.7323532719844568,-0.36634353072242176
7559,0.3840671739414395,-0.3659660838054446
7560,-0.7017792166708989,-0.38072132498680106
7561,1.4067214848416616,-0.3370025963973872
7562,0.33786656074217947,-0.5679641884683864
7563,0.5726032188362888,-0.5045062859870111
7564,-0.4954503471078794,-0.4108108589129946
7565,-0.02037518930442385,-0.5383158121612486
7566,-0.43154871312190457,-0.47981668997483073
7567,0.18436782859618533,-0.31745330047037124
7568,0.8495716081199725,-0.24113186167388273
7569,-0.6270710534943507,-0.4833257193905725
7570,-0.20749678749887765,-0.36324562005671773
7571,0.4841615286567727,-0.48490656500125034
7572,0.2055378526976842,-0.5970637535923662
7573,0.6415531223794493,-0.3026361167917297
7574,-0.30475606229600505,-0.5799193664309708
7575,0.3791340948337445,-0.5710685728339135
7576,-0.23596847409559416,-0.4306151763002811
7577,0.7253049072138347,-0.5174221835270506
7578,0.21849036277418116,-0.43658393677679613
7579,-0.08725775284345122,-0.4308624372489241
7580,0.2485342436366922,-0.5624520972199322
7581,0.09795632883450722,-0.26847649174684396
7582,-0.41848892665579707,-0.5481137027913652
7583,-0.13544249471288994,-0.3140094984787997
7584,-0.3882803472633365,-0.39898204213937843
7585,-0.766925683803257,-0.4951699015479419
7586,-0.36991959163872995,-0.3889830404724417
7587,-0.4525583293897511,-0.5384099542264892
7588,0.30911900425372413,-0.4273958387883231
7589,0.23644107347170512,-0.3804427152717341
7590,0.2073748737872333,-0.47466340124607204
7591,0.6692734127567851,-0.43582320024602994
7592,-0.6918628550276525,-0.3083188347130992
7593,-1.0430473669484903,-0.2244254887945316
7594,0.46174591300859963,-0.5211609011659684
7595,0.17856533345808223,-0.5503234709216505
7596,-0.33371462633530985,-0.48222087487085324
7597,-0.769316714349251,-0.4367785517062483
7598,-0.1930081529345223,-0.21935534924035202
7599,-0.3236193502602127,-0.09885857515190795
7600,-0.8613850043967841,-0.16210020761383945
7601,-0.6092763787046593,-0.19762528449027045
7602,-1.0373334388749065,0.26129602746007824
7603,1.0754741093609685,0.22712989877343295
7604,-0.051531911664278486,-0.43997756340083033
7605,0.7301871702113245,-0.3580683781120794
7606,0.5860788511926507,-0.26670601073864464
7607,-0.102728810456399,-0.4872704584868841
7608,-0.6509535316355544,-0.24973457028879378
7609,-0.9359782039618219,-0.21383627028928268
7610,-0.12763563860839597,-0.5248892267637947
7611,-1.658454564338758,0.7372953929321072
7612,-1.4258344296533423,2.173537534277565
7613,1.5304647298462073,1.1921968750480325
7614,0.8643959240305312,0.38536272467203875
7615,2.5163979372250376,1.7417384107594511
7616,0.30467439336309604,0.13505498514455586
7617,-0.24053863588068392,0.10399827320537414
7618,-2.0067424374099443,0.7508314384150567
7619,-0.7633682299459754,0.19967824934420425
7620,1.0166885076160934,0.5322969689862989
7621,0.3143961290041139,-0.10089275082880891
7622,-0.2544684843082864,-0.170334473764709
7623,-0.7049891532921417,-0.13772841086246987
7624,-0.9563254064464288,-0.02512010937222751
7625,0.5447934860464931,-0.22859069586001207
7626,-0.4190633518590707,-0.3827565904995539
7627,-0.6422394345040827,0.2729929521988761
7628,-0.3772298574084948,-0.3762773261499268
7629,0.9583562444437892,0.40374371727842834
7630,0.28254964060306825,-0.04697075832779624
7631,-0.3096796386389466,2.0508918495116037
7632,-0.20584522648344028,-0.03719392875965772
7633,1.0087993973408302,0.30277848971345417
7634,-3.1803391566727983,0.9562830742054488
7635,2.6960377746342754,1.5593510132574524
7636,-1.7555847150260906,0.36639183232349815
7637,1.261574524115054,-0.2645572293718853
7638,-1.3606256341377643,-0.01149514214838345
7639,0.05887362534973029,-0.27462725504819446
7640,1.3690419797183415,-0.21162306270588022
7641,1.9807518867590659,0.4513678708655769
7642,0.9181639299036971,0.629983455435661
7643,-1.3770774515144435,0.07820506050482592
7644,1.0256269024005786,-0.23252592350332932
7645,0.22247434937815075,-0.16414211279558097
7646,0.8123529957335522,-0.22496045006695814
7647,-0.7151588434346946,-0.3744770083630391
7648,0.3249676703076012,-0.441977334202263
7649,-0.4482846837061899,-0.21511413463619936
7650,-0.1606675134485314,-0.5497347207338067
7651,0.3097486401389445,-0.45154725602633305
7652,-0.49667818154676757,-0.5025074814172238
7653,-0.8529348146934306,-0.05233136461044739
7654,0.9412136084224552,-0.2531111941192597
7655,-0.5767993267491608,-0.41070176287263793
7656,1.49099264697062,0.0033615814452064912
7657,0.38337639035863913,0.015853636079858735
7658,-0.9796448690876542,0.18185498453126667
7659,-1.7237627979392252,0.44509421924715636
7660,0.777737169433131,-0.37675191132843333
7661,-0.8641207120428889,-0.15590425517738987
7662,-0.024637422020890407,-0.1942464471174109
7663,-0.14723701405081918,-0.21235454456758607
7664,0.2838108589879165,-0.43653654419218274
7665,1.137650690713235,-0.36253571650459887
7666,-1.095847096086026,-0.30802679780237613
7667,0.4882908548672795,-0.3992105272429532
7668,0.7079044328061851,-0.5005249411237597
7669,-0.13858268308706292,-0.593997849185929
7670,0.46483638639348446,-0.432049674838141
7671,-0.07265152888260648,-0.22750796186250988
7672,-0.7415794765985533,-0.4677455882423402
7673,0.2608403996046262,-0.4440134973238712
7674,0.6114178134050399,-0.3142115828982392
7675,-0.08620548639492268,-0.22836203302640673
7676,0.21078901674721168,-0.21519964518988424
7677,-0.36148563165997494,-0.3212727253186001
7678,-0.48829627079162163,-0.42074953114085034
7679,-0.659986232264629,-0.255236296531444
7680,-0.46085698260272145,-0.3861875416909901
7681,0.16237792458665518,-0.5109294815950507
7682,0.007652650558279666,-0.3562735212743446
7683,0.43442770750400916,-0.420710055240567
7684,-0.23804536767081566,-0.48153674160693677
7685,0.0957923745621723,-0.5582686207030967
7686,-0.35198620374606154,-0.5290422549292645
7687,0.8331815256801336,-0.42675840689346195
7688,0.08656560020800574,-0.4644307716579135
7689,0.007976462241032135,-0.37175795917036736
7690,-0.7438715495585035,-0.4717912219944608
7691,0.01752477015954932,-0.45256770304285054
7692,0.8732253595647853,-0.4056951772383218
7693,-0.19170794342610042,-0.4354636695971905
7694,0.21414901088830332,-0.09193589166328876
7695,-0.11418130649471392,-0.5295626252741089
7696,0.38901757926915476,-0.3421612203323934
7697,-0.4287455501394291,-0.4876668096430675
7698,-0.23653478387008578,-0.5386640571536568
7699,-0.4626823781520423,-0.4665802479195149
7700,-0.11999297487417102,-0.5740897712353236
7701,-0.2378942628810897,-0.5026084427784395
7702,0.10351418933172646,-0.5063490110192848
7703,0.5854903506944309,-0.4039298761157735
7704,-0.2653649742256253,-0.5103454638921622
7705,-0.6382048791788781,-0.3568326297315242
7706,0.3560837959220608,-0.3702304011271386
7707,-0.25746249759057627,-0.4069403812229619
7708,0.5795276451266465,-0.43626829422106445
7709,-0.9428079143038043,-0.3629680277750167
7710,-1.020062972043835,0.24608279319817314
7711,0.5726267274343783,-0.2916171792411082
7712,0.5249838710121721,-0.49722780568284025
7713,-1.1016113883785823,-0.15450855653539647
7714,-0.771347111449357,0.39052974035078214
7715,0.9303820556373877,-0.20773190956802623
7716,-0.33508650535899787,-0.3460462970333038
7717,-0.3678022260546482,-0.509721583349696
7718,-0.5016410690715195,-0.3758085948262831
7719,0.5971904417039253,-0.0608747318189254
7720,0.2913697985832381,-0.3148753940038423
7721,-0.43532425736831476,-0.45696706860855474
7722,-0.8826752311851621,-0.1731337327239709
7723,0.515388398430154,-0.379745992905097
7724,0.16958284608495539,-0.5669840830372751
7725,2.234079652781184,0.4122731420602032
7726,-0.4050274542475081,-0.26015355853085087
7727,0.7655652573590845,-0.20032251372844154
7728,-0.5567070142772049,-0.44773605861063687
7729,-0.33623389575395946,-0.544795280772203
7730,0.25784129217914276,-0.4159174488716463
7731,0.050657032176310714,-0.482877327002572
7732,-0.3207240564839533,-0.31409958466354615
7733,-0.5333064386543933,-0.5086770355841717
7734,0.3718275287159739,-0.6182476700071053
7735,0.41265765104881624,-0.6295984684698025
7736,-0.07213023672966082,-0.4817779892269532
7737,-0.8126264410729609,-0.5172118030255358
7738,0.46504933453485675,-0.594239394606523
7739,0.047321678337316694,-0.5913802797127946
7740,0.1472589673304007,-0.41187922664436677
7741,0.09196419162088398,-0.18996796763380605
7742,-0.07846709391134832,-0.6329047540906078
7743,0.8458882966538049,-0.45370221441808345
7744,-0.050322381850279874,-0.5227507268595992
7745,0.6591536750075763,-0.448393251313405
7746,-0.37024680493353895,-0.42646061412721625
7747,0.3359751188276435,-0.5202899030053942
7748,-0.4350469706075361,-0.43703403338522145
7749,0.4216435428349181,-0.5098898169868092
7750,-0.23463124650194633,-0.5963827217764017
7751,0.3268685249291088,-0.49235867920764786
7752,-0.6760012485833274,-0.46998223456451904
7753,0.4127010277196981,-0.6277328610936842
7754,0.11133249060686673,-0.5406349884383503
7755,-0.5692004299814983,-0.5503540138107275
7756,-0.6252646872612146,-0.5109812285972188
7757,0.7042650246985981,-0.30738287380612156
7758,0.6614084376039611,-0.5424727075462357
7759,-0.36193636479379926,-0.5835531264526543
7760,-0.14640621986629754,-0.6128721334206022
7761,-0.5003041411859486,-0.296554137543972
7762,0.11078326150094958,-0.5516489451532013
7763,-0.22310341128218333,-0.5365440627794784
7764,0.42423665153217854,-0.5063387075519904
7765,-0.35562075519919484,-0.4409913263590586
7766,-0.09411420759427877,-0.551151638106084
7767,-0.245043752923343,-0.5626425260566033
7768,-0.8170664950119256,-0.17669352071628566
7769,-0.5324423258811308,-0.17208662351968565
7770,-0.39185962993692447,-0.3514100117014733
7771,0.45865859012744276,-0.3930075208024845
7772,-0.3779871306705346,-0.39204462176158994
7773,0.7991667939919294,0.04148917230904711
7774,0.37256188779888066,-0.503750401247491
7775,0.12451077620044254,-0.4991310320176004
7776,0.06936248475122875,-0.5404933640491446
7777,0.34706440783162973,-0.5374464128999294
7778,-0.25081601267986015,-0.31891059725339665
7779,0.1782402009091974,-0.5521008840868711
7780,1.649398910821716,0.14982311352564961
7781,0.9450975930168577,0.5905417590487302
7782,1.09850409243627,0.42084486113813313
7783,1.3577456272152981,1.0875740311953652
7784,0.23941955663455156,0.2200331072128993
7785,-1.7360447927277798,0.685402728178991
7786,0.35883994948927794,0.01638488836194886
7787,0.31934036876988053,-0.2017459140459107
7788,-0.777102532848938,-0.36290217901134963
7789,0.18870567190391702,-0.2811258064559587
7790,-0.10516087734871274,-0.2916040577431248
7791,0.025801381130138704,-0.2014966542012902
7792,0.30806109055244246,-0.3206638596528371
7793,0.48792644469430885,-0.3667239779883701
7794,-0.5027941260806813,-0.4508833218433452
7795,-0.0852527555546507,-0.5314343342621713
7796,-0.14351660317631248,-0.5352299737842828
7797,0.33993193719019665,-0.4970607055155466
7798,0.04339142313479372,-0.5732964933198366
7799,0.05641859010970491,-0.5599398247388541
7800,-0.05343133456525843,-0.5706762143310925
7801,0.27391967406765194,-0.37452139137073764
7802,-0.1757138184884099,-0.4332048636500171
7803,0.32888960923791816,-0.41489490673646234
7804,0.005801806571342244,-0.3961463453730418
7805,-0.5842314569696294,-0.25848743497660986
7806,-0.8319005310778993,0.5845066543246206
7807,-0.650372688804026,0.3610532583549913
7808,-0.7557813071425777,0.4918405862229567
7809,-1.4089282348627044,0.3398096652491547
7810,-3.160971291790247,2.706116810559192
7811,1.2256311568300096,0.622623908571931
7812,-0.19855199268570872,0.647805482021067
7813,1.054492342344676,0.40792286953759793
7814,-1.519507978834885,0.3086481903129904
7815,-0.7255981620204612,0.5931659694121495
7816,-0.5443605390250624,0.10859629431830096
7817,-0.785854206444206,0.21568500463597035
7818,-0.41471752688800084,0.02811639880276937
7819,-0.43645385474468534,-0.14586783489073257
7820,-3.4962108794511284,11.222996580830195
7821,0.23947300006846392,3.7913051321790525
7822,1.67483913403795,2.971356025458151
7823,0.2003693694459358,1.3656003174384954
7824,-0.4676760825921521,0.29921474726993297
7825,0.23804854199096287,-0.15772662045338878
7826,-0.1070568257088105,-0.377009913644047
7827,-1.0060650255508938,-0.011856180499784064
7828,0.43647671201720495,-0.38768643780175344
7829,0.807895371391514,-0.34853352184208075
7830,0.2788726054689522,-0.14565748202683979
7831,1.3329259474222082,0.09198465328029355
7832,0.18628165960294163,-0.10179750574539193
7833,0.23299537318287183,-0.3159729210521718
7834,-0.09583738173580361,-0.5391689640302753
7835,-0.5930077643882816,-0.37332002506465395
7836,-0.3789094180298796,-0.46214703688022474
7837,0.42608827838009655,-0.4638031165739373
7838,-0.5663148199187575,-0.44182221201001376
7839,-0.9662227350049398,-0.02640912668416979
7840,-0.42648671195108256,-0.5054210881843005
7841,-0.23242299363619623,-0.33323091088873424
7842,-0.030586789682211193,-0.4581679722892573
7843,-0.3146268934636125,-0.4749332841996987
7844,0.7246413412046396,-0.3641528668882519
7845,0.5880498049924443,-0.4246891170648031
7846,0.05300144256865907,-0.6387803810696491
7847,-0.338254120585893,-0.3227118213087438
7848,0.9339994965190178,-0.24305797245883942
7849,-0.11829558910706545,-0.4564216131808582
7850,-0.37552600086784904,-0.5224792028090962
7851,0.3204502524522147,-0.4165817878326328
7852,0.32795703686632566,-0.575550159750628
7853,0.5819312040461933,-0.3180924380592834
7854,0.07962782566983276,-0.4307503556330917
7855,-0.6332380559806787,-0.40483970695572435
7856,-0.14854975142721005,-0.6065758517377356
7857,0.4004370288293485,-0.6312280727295025
7858,0.004274974328991821,-0.6485127870471248
7859,0.25993365386154943,-0.6103501049824277
7860,0.3825973112680503,-0.580732103748218
7861,-0.03462909564670302,-0.548916923171809
7862,-0.2883178076944356,-0.5506030910223522
7863,-0.2681779203234643,-0.5454590851513907
7864,-0.11874993318226701,-0.6241102476113325
7865,-0.09825903315973294,-0.5529485773256627
7866,-0.1420777468836194,-0.6393058892277201
7867,-0.10617376458635217,-0.36447708035253845
7868,0.6477738630054579,-0.32328664540788676
7869,-0.36515598631496815,-0.5560212846209832
7870,0.3301280046541132,-0.6258717654970405
7871,0.03950912878437402,-0.6268969432408895
7872,0.19737130467608194,-0.4307410176098635
7873,-0.13125206915793997,-0.5758691799205301
7874,0.11842398241295538,-0.6195807711772892
7875,-0.9428729848060098,-0.1793850983585214
7876,0.3184032752206219,-0.4621949538542679
7877,0.10096051937261027,-0.4793908902805941
7878,-0.0561165931961231,-0.4820746934899284
7879,0.10237258277050304,-0.6231915008124439
7880,-0.09379506473221355,-0.5631533606399927
7881,0.4702331359836394,-0.5060634934561261
7882,0.884886336014967,-0.1420286528535686
7883,-0.5735415731982872,-0.3120126142411888
7884,0.063050767335608,-0.3988604902759333
7885,0.22348048579851013,-0.48042869274161737
7886,0.14334149830246207,-0.4630961134724276
7887,0.4144912146867924,-0.38665100361139887
7888,0.14858469575589772,-0.47087114771141836
7889,-0.42435464390387867,-0.4579328593697157
7890,-0.1831951726000678,-0.4121619718000084
7891,0.11048465525667436,-0.3586051303367056
7892,-0.008111763690272682,-0.5559366974135898
7893,0.12671331555116772,-0.4753461057569595
7894,-0.07662335140027884,-0.5734496085406235
7895,0.12936690280973062,-0.6154773921805595
7896,-0.34502363158951427,-0.3761392891838874
7897,-0.3285517950202308,-0.49217711825712923
7898,-0.44792818644153076,-0.42108496670550105
7899,0.12042578055135278,-0.6174657073625851
7900,0.00996430385233315,-0.5402584057358929
7901,-1.1330155158254356,-0.2501152722284543
7902,-0.6983857821255955,-0.1327567203991472
7903,-0.04908913997208029,-0.37531026076997737
7904,-0.6605582746242334,-0.04005394450755393
7905,1.09137308266635,-0.2410282101761784
7906,-0.7157138676534944,-0.26949105449171795
7907,0.25162066516879145,-0.4725374608614094
7908,-1.1039840931897809,-0.18178247153872223
7909,0.4700182300931701,-0.06121577587109831
7910,0.43945326425531644,-0.39691922795162443
7911,0.009425311512973253,-0.573445965187614
7912,0.4114838789171089,-0.4609237244831181
7913,-1.0418782702796174,-0.12179169919312174
7914,0.239539717489069,-0.44872136899166715
7915,0.3898083555053574,-0.35205528331001673
7916,-0.7618238107391911,-0.29301269765986
7917,-0.9017860871113024,-0.12878151562868656
7918,-0.29069824325867333,-0.20130137306104498
7919,0.7232156756861777,-0.3223982142888686
7920,-0.3340901898866572,-0.44845638948611544
7921,-0.00099738133726366,-0.3279114680183252
7922,-1.992946280370325,0.9719136657382373
7923,-0.19356974360355894,0.3216974930022827
7924,-0.27251035114376765,-0.3712155954059386
7925,-0.203384533963431,0.381870109025252
7926,-0.7133646091673943,-0.25756985102711427
7927,0.9987256003766558,-0.09640172595969233
7928,-0.21700839042815098,-0.3825535934299135
7929,0.8894734145813696,-0.23098580452412804
7930,0.36528231522152044,-0.09737025751254264
7931,-1.1989042317876706,-0.1082322343602689
7932,-3.216290938733679,5.772463685937471
7933,-1.1312396273019052,6.707952418378172
7934,-1.4739520432391713,0.9283426883477857
7935,1.9730697138942075,1.2158412999776644
7936,0.3379460077629196,-0.05753307075399203
7937,-1.0358869258689145,0.016972447242605198
7938,0.48205571530893554,-0.33855270115020086
7939,-0.7320148302054275,0.12225169060402843
7940,-0.7340850008615489,-0.025674234914781015
7941,-1.1350700836255014,1.9141797742238478
7942,3.666019177661819,4.813021682844524
7943,-0.7654275191712253,1.8846078051582011
7944,1.8711091111342004,1.1890010887947235
7945,1.5908548905971855,1.5866649893194444
7946,-0.22461345259871565,0.30860749203651083
7947,-0.07999887206283926,-0.21570044994045498
7948,-1.1067777716295328,-0.02084831305899307
7949,-0.31059234375183065,0.3933503233195929
7950,-1.0646836846405938,0.1780897508167595
7951,0.1241670168658402,0.022290223063126956
7952,-1.2187632271201712,0.39948744681026016
7953,0.27279778721239323,0.5651575325566415
7954,0.25988179576930365,-0.12062672618637572
7955,0.31783830705500626,-0.23268020289449293
7956,-1.2658200420783676,0.023043239479367667
7957,0.45488226529040465,-0.3022213314919534
7958,0.4239337766170429,-0.40600748424268673
7959,1.5029910846703587,0.07634085271673934
7960,-0.4091616079530965,-0.4853923972510082
7961,-0.47494735025390933,-0.4140933508183227
7962,0.5833420412560085,-0.44791155482559625
7963,0.5667141453383852,-0.387353752413012
7964,0.3476497687189865,-0.35189553650057365
7965,-0.6658458433915756,-0.4916703730286624
7966,0.9475690013782542,-0.3801178671037583
7967,0.5339841087625768,-0.36298433136433667
7968,-0.3571680405246631,-0.5032205172477967
7969,-0.1298930245773809,-0.4992547978043396
7970,0.07595052757366394,-0.558634683857266
7971,-0.5369042901925614,-0.546258605029407
7972,0.004466120806329618,-0.5088418570939327
7973,-1.2283570270298811,0.09705290980815867
7974,0.08944830691162328,-0.3529692794369922
7975,-0.14361322715947844,-0.27172488275061374
7976,0.4483017349728554,-0.5017288628267667
7977,0.15286379022781033,-0.41971019551529093
7978,0.05464494277491192,-0.5316652488734885
7979,-0.09785314329240721,0.018451022419376104
7980,-1.5906769305863762,0.1933151673175417
7981,0.3592805093698535,0.07278793814808561
7982,-1.5354751094492372,0.3541417395662236
7983,0.9213673389826283,-0.20017736719673088
7984,0.1782509739769988,-0.11450793428020246
7985,0.7024440705889675,-0.2027023042802972
7986,-0.5167400652551558,-0.3503343679850587
7987,0.7025937955526227,-0.39437290265828734
7988,0.08776804400975602,-0.30856711733177755
7989,-0.21219964280344167,-0.21615285817927704
7990,0.2903745028051303,-0.37872188385745476
7991,-0.05142070481196328,0.03848328207790972
7992,-0.6961684232318818,-0.005140377678796294
7993,-0.4367932290733032,-0.4371843205129517
7994,1.0927978656931292,-0.26356252355098636
7995,-2.053924017841852,0.9849313463979178
7996,-6.643280055417681,9.560115454829296
7997,-2.3332925715437858,8.652409248639536
7998,2.06749373457632,2.735277625224078
7999,-1.3765276750840316,2.3702234575448005
8000,-3.791742942456813,7.470336169413004
8001,-0.4237736250028897,5.234957464911686
8002,2.8335363189269294,5.32899007026376
8003,-1.168312221038554,2.0686323461632736
8004,-1.3180630839971936,1.1627729394430515
8005,-0.17725197000346515,0.3160163862866109
8006,-1.2087209407347084,1.0700516884821816
8007,-0.05640772069416508,1.3887591826168628
8008,-0.45521472724205536,0.4025741469056708
8009,0.700444418336402,1.20627864202965
8010,2.210618298478876,0.233952701911991
8011,1.6207625084155295,2.1766834119245178
8012,-2.083954300207155,0.8499138338242704
8013,0.9302551251523515,-0.13159219171347322
8014,0.005500958773478205,0.13160712662667648
8015,-0.6649121141333882,0.09056964224004384
8016,0.5682626812139556,-0.2138779169124367
8017,0.22936512638257994,-0.5029444204796851
8018,-1.2087499673065232,-0.01150744253722839
8019,-0.9564506463160989,0.0021512010896960793
8020,-0.35215537638181027,-0.10166000597786266
8021,-0.31923991721644757,-0.27898781112338916
8022,-0.4743448483656595,-0.20200500306831123
8023,-3.189729053299944,4.4882862816172455
8024,-0.670890814093727,3.1543279396399857
8025,3.786591033128758,1.5976650427988686
8026,1.6489332912460977,1.074689115552445
8027,-0.006041955579321322,0.5867588723975143
8028,-1.5700238945010665,0.28001823049944835
8029,0.8225581379911351,-0.07342225324847701
8030,-0.9999742909846832,-0.32856989521316077
8031,4.327165038209846,1.7478600032958198
8032,-0.15899822593994073,0.5672475097395658
8033,2.7286528266972514,0.874864696834851
8034,0.37920114336806965,0.1463714034495979
8035,-0.7833925059349784,0.34508396643433814
8036,1.0572399813773032,0.36736133012500843
8037,-0.5700621454608104,-0.10648228041306189
8038,0.32852894763057977,0.01787353978623209
8039,-0.8340970189738863,0.5484796104990919
8040,0.5103903555134136,-0.1770269902495214
8041,1.795260507839421,0.46718800912757524
8042,-1.3835040924864792,0.32255227641018763
8043,-0.2861540340435386,-0.40209885326615347
8044,-0.9928644644034337,-0.31686270143334655
8045,0.9124185816116976,-0.37436073158079824
8046,1.447775710677477,0.06735165954972298
8047,-0.4322870911353387,-0.3459608463130179
8048,0.7292863651882686,-0.4552158821331782
8049,-0.1776734992090413,-0.34935407229334087
8050,0.2597734268923636,-0.4695376836124559
8051,0.26165644520473674,0.13058323822769619
8052,-0.6346033915602683,-0.41860815726138534
8053,-0.33390225476165913,-0.38899794208793426
8054,0.48578288359801,-0.46146794674274505
8055,-0.21498733524999042,-0.4800520599447053
8056,0.9463060053560282,0.06611804820144282
8057,-0.3548589983060748,-0.47712102983059707
8058,0.11088490625136582,-0.520436246311696
8059,0.8606272128503807,-0.2100296796563868
8060,0.2421428230826302,-0.5065636788316695
8061,0.013679444589975893,-0.382437456043591
8062,1.041466904922252,0.26152951105429684
8063,0.5325478439415041,-0.11383503429585172
8064,-0.6175314452190639,-0.09000685703128698
8065,-0.1943983887096662,0.2680978937743147
8066,0.6161379452741425,0.11005852569291372
8067,-0.11170520361998915,0.20617264917225728
8068,-0.5004929972491245,-0.389308479341904
8069,0.07652185870139308,-0.2826684877526189
8070,0.2760030741444939,-0.39407187693210494
8071,0.40477713623548883,-0.3376899480423398
8072,-0.41848409219420274,-0.5085207856447368
8073,-0.6171846374751031,-0.3689353224871917
8074,0.33928885427871114,-0.5282131525302108
8075,-0.6778751172662336,-0.2999247490678367
8076,-0.8947908983581568,0.044647283455726744
8077,0.10847243243843688,-0.3024664736646501
8078,0.28133781867004154,-0.3786279660878327
8079,-0.35006228870401723,-0.3807117733000501
8080,-0.6739161460661586,-0.4328849208243671
8081,-0.6855815036168272,-0.41232404120737115
8082,0.8932534607888085,-0.3158570277365383
8083,-0.27913285934040966,-0.2930435386207226
8084,-0.7332384442521381,-0.31773232300610005
8085,0.270171603760914,-0.4671511652695935
8086,0.34732403813081136,-0.18548843588186154
8087,-0.3990148963325613,-0.3374958730098879
8088,-0.032977255612809626,-0.48385188120900957
8089,1.277434383175887,0.08264447247980398
8090,1.1233541631707762,-0.002221406048528917
8091,-1.8134780281982228,-0.08672396881882972
8092,-0.48648809718259495,-0.250196868448237
8093,4.007117436353047,4.781391334331674
8094,1.2750800670227358,2.9215256725674013
8095,-0.2668170636017796,2.935978879857736
8096,-2.1150324935656046,1.375056482141883
8097,0.12723177329005095,0.18872084888669619
8098,-0.8551113441579308,-0.24898717285571298
8099,1.4290792773088017,-0.16158869851127725
8100,-2.086277172391309,0.4405656245229182
8101,-0.18264159355036338,0.5459659402582476
8102,-0.5258521595838667,0.33969906661227905
8103,-1.3550668058926074,0.8926633277971778
8104,-3.1366794655316865,2.8917076045946817
8105,0.9639149288488033,3.417592357242063
8106,0.1109991052807909,1.6896061595857106
8107,2.1875146896161928,1.7152963124567346
8108,3.5490198961393773,2.6900393877109487
8109,1.2608333878054403,3.3805616967261036
8110,0.1505669613555804,0.3478636087444574
8111,1.8405751696878352,2.427698055510365
8112,-0.7990636872352102,0.7087086826747999
8113,1.3771267540441348,0.9189700510029891
8114,-0.4540536008004816,-0.1724643596312695
8115,0.5506887309846298,0.06533138614419934
8116,-0.500247832645925,0.02013812094127949
8117,-0.605289993650102,0.42746124123760487
8118,1.5132066330245544,0.11445953888540585
8119,1.3147441220033484,1.5641257975379854
8120,1.93213095722545,2.8984813736345445
8121,-0.2940576178443246,0.5829340217839281
8122,-0.7494591543695595,0.14407709924127643
8123,0.25443747743840206,0.557769216798815
8124,-0.3957991077332915,0.6345018969363379
8125,-0.016649191492310485,-0.3381680283102882
8126,0.08534709658136952,-0.11023600957576166
8127,6.421158500226915,6.338354066188963
8128,2.4453854605107006,5.273794932256582
8129,-3.224054588736503,3.0975671652840235
8130,1.648929678454085,1.8253138592066205
8131,-0.6591403842668971,1.0802413635335306
8132,0.3023733917434864,0.862672040369508
8133,-0.10375293696012844,0.5758727181829998
8134,-0.21996468901613547,0.28448536144128533
8135,-0.30608418235522583,0.0689291856998442
8136,-0.5634231389884423,-0.22772371271212552
8137,-0.055046502162170184,0.13439036424539794
8138,-0.07247305947115262,0.4291356065912998
8139,0.06175635717254519,-0.5153961616180676
8140,0.34211423243772493,-0.26680192441316175
8141,-0.4564034802643787,-0.377097318752994
8142,0.9896721430166692,0.03352708203206052
8143,-1.6792381208156217,0.291241012738187
8144,0.11576525523798406,-0.17437912634253452
8145,-0.001873892022540076,-0.3373789816086682
8146,-0.7984059394868183,-0.18040426392014713
8147,0.48665732476010715,-0.15497357525896452
8148,0.5121646178282331,-0.17367096582270292
8149,-0.3920104975031711,-0.4438739157999421
8150,0.22588788901832985,-0.4250483704119407
8151,-0.5740339382137587,-0.3528912130880471
8152,0.3853997479045044,-0.5278943867152399
8153,-0.15410743134700772,-0.403730126120188
8154,0.1917529905294872,-0.48094622538314513
8155,0.9312812416644627,-0.1435545195471591
8156,0.7021080956109546,0.49620176959723244
8157,0.996740329753435,0.43748109262841806
8158,0.5889341453729479,0.5413070121557618
8159,-0.4890654970632251,0.17904541858975423
8160,0.4939770707541844,-0.0009027718976876762
8161,0.6767285679570358,0.6068931387099235
8162,-0.3308220652737204,-0.24223077499295514
8163,-0.6572573770519554,0.2113635297198817
8164,0.22356101799360512,0.30942074841131484
8165,-1.7622887163658154,1.6173544316814386
8166,-1.0943630997767522,0.6090458022826324
8167,-0.44456560330290723,0.8935416044853356
8168,0.795408896141347,0.3166277596319852
8169,-0.29200763777589334,0.2867178469039905
8170,-0.08419336594019672,-0.494423430153775
8171,0.30658811703818234,-0.2988130076256959
8172,1.513025763034851,0.16313087606337903
8173,-0.889209831089556,0.1948665974963592
8174,-0.40088849783912717,-0.48198835065765366
8175,-0.18634433971014983,-0.3974811250107213
8176,0.029214933015326447,-0.4868340275765074
8177,0.024690858471572423,-0.2820993019272702
8178,0.3084864881251892,-0.4530185974695062
8179,-0.4563159157621432,-0.07414994495683369
8180,0.8086624747900821,0.04192801272003244
8181,-0.6010827122127764,-0.3658316812898145
8182,0.3135451882681616,-0.46453124667743184
8183,0.29399915573267077,-0.33059180137350036
8184,-0.7474718174022668,-0.32331845363782874
8185,0.4344114706796931,-0.2603197588135109
8186,0.028668737298323345,-0.3807889840970193
8187,-0.015978899982498504,-0.42574389630438053
8188,-0.49595493186748774,-0.28291792870469673
8189,-0.07287577229873829,0.3473548172427967
8190,0.13607322794235727,-0.20159810868605907
8191,0.6152135927467852,0.2858975150243206
8192,0.6947939197604436,0.7512682664257483
8193,0.7934103701808618,-0.03130269896571059
8194,-0.7127782146882382,-0.04629887761232434
8195,0.008279577624627905,-0.09691112712376242
8196,0.18755842407571016,-0.16065166910496884
8197,-1.5070046886719588,0.1413230242927934
8198,0.4596288823551208,-0.37956186081273635
8199,0.06716412905834818,-0.4951885121820291
8200,0.9792635478779574,-0.19572203256825163
8201,1.4705910588118782,0.3635379879200712
8202,1.3757648728845022,1.3595613910242634
8203,-1.5227747810564884,0.7638191321555806
8204,-1.181653077200791,0.29832433694534993
8205,1.2547957390542483,-0.3674459196756827
8206,-0.04119230808707846,-0.48717554341364855
8207,-0.8422636752141426,-0.33004283733521406
8208,0.17590262540820287,-0.29929562530848064
8209,-0.4690348257851449,-0.473949566877848
8210,-0.4805654685182423,-0.4544319895826487
8211,-0.5296619037268508,-0.2752811888605825
8212,0.28721889194639705,-0.6005226106440454
8213,-0.15026233308846879,-0.6162786410952205
8214,0.483834270747862,-0.38916714165802985
8215,-0.4864518503299837,-0.4336028052153545
8216,1.1903949956416788,-0.49520703441025443
8217,0.3306508444545808,-0.477346660989215
8218,0.8885731929297356,-0.2871920005850416
8219,-1.015243919927338,-0.37369769702312056
8220,0.558713291658673,-0.5898460992628484
8221,-0.2785519614039865,-0.3796589689839345
8222,0.35118604209001814,-0.49977404187420416
8223,-0.6488319616526831,-0.2909259890550263
8224,0.04967107033770377,-0.6226503216330382
8225,0.13622677364612817,-0.6251658347541194
8226,0.3420448351551102,-0.6075248728683245
8227,-0.8208968601189915,-0.4531041992317343
8228,0.012927631427591117,-0.5424036777180746
8229,0.4365993851302701,-0.46228361923534406
8230,0.5984211915010875,-0.5463011165655496
8231,0.8976846830530393,-0.34216695858874
8232,-0.814758053219833,-0.32344394358277434
8233,-0.9082112092305467,-0.2399099492068118
8234,1.798335785820377,0.005117833976235849
8235,-0.17231476599067058,-0.44785842789749436
8236,-0.8185824928743932,-0.2133770241785056
8237,1.1617336000590348,-0.16885057996284178
8238,-0.30458154990385955,-0.5100751450383243
8239,1.172600937146954,0.14539237319769477
8240,-0.7116552293167974,-0.3493169512849609
8241,-0.04912448195094546,-0.6145338022312797
8242,-0.13358370458892002,-0.4597102450157817
8243,0.13029627064127508,-0.4834913437211242
8244,-0.0019383708177233769,-0.41587305964157584
8245,-0.31917757095708077,-0.48554727100482653
8246,-0.2139748923184665,-0.3440858812154299
8247,-0.34940579792045895,-0.46825991534808914
8248,0.20955161038769832,-0.4633464483399003
8249,-0.8530584249485029,-0.14050895136383992
8250,0.3059165264648396,-0.4983643958942409
8251,-0.03872820911010865,-0.4110064349984977
8252,-0.16255456405940577,-0.4722284675908644
8253,0.25266035203376475,-0.44534078039323133
8254,-0.1434812117759828,-0.5381233064752745
8255,0.0643543848353064,-0.52242442581349
8256,0.7510052860577157,-0.34047678769161466
8257,0.25501165401728176,-0.5662938218609354
8258,0.13424934902418234,-0.5777408194973493
8259,-0.2405663418699522,-0.5295931933477037
8260,1.1907055111685199,-0.3540384162901598
8261,-0.09540623442904628,-0.44656270707492185
8262,-0.32588947576244126,-0.23867292347290284
8263,0.0204183697615236,-0.48183848188254363
8264,-1.0292372232501648,-0.06125355536899281
8265,-0.47177180082377623,-0.35288447983576204
8266,0.8362391235170583,-0.043324469481505964
8267,0.5193540783286604,0.09200365648320959
8268,0.15499208192112862,-0.5156432144696015
8269,-1.8571806643432742,0.6063998570694302
8270,0.6433696628646545,-0.38319853229856043
8271,0.22349644434406685,-0.38272986223112027
8272,1.2453013276199467,0.07644404045940147
8273,-0.5270175492270619,-0.35172944161783853
8274,0.4662114383485813,-0.4956899822712208
8275,-0.5504672698692379,-0.48208654825007985
8276,0.1995667170828995,-0.2143290785583325
8277,0.9130586696940299,-0.41951500660464164
8278,0.14734489300030218,-0.22101988785855392
8279,-0.7754262295555661,-0.22052546219770042
8280,-0.19100838932869402,-0.28312672424729113
8281,0.22227913937978988,-0.1904601306081897
8282,0.4563693242815243,0.05280830763668272
8283,0.6225898223382236,0.1493739417557405
8284,1.370893338304442,1.0530175147289391
8285,-0.12578117450110002,0.4812261129366395
8286,0.28614826865638365,0.3788560753990932
8287,-0.6599923443083471,0.058931603690685536
8288,-1.7899856836157126,2.2124838120936
8289,1.0296431299546889,0.7347605281745603
8290,-0.3672262877188547,-0.08007671826171525
8291,-0.8580982028177271,0.30237794908613086
8292,-1.6767644129905444,1.5689216045705519
8293,-0.6198555316361289,0.6966994861367151
8294,0.2663446459589815,-0.22930589064200438
8295,0.9334076520416975,-0.14096699951454716
8296,0.2200872958179495,-0.2977428204500327
8297,-0.8339752757866816,-0.1386501087113085
8298,-0.28126666957683766,-0.2922690435587936
8299,1.1139972635834836,-0.20840504421855355
8300,0.3538532984835635,0.021908046540685507
8301,-1.2200460878217456,-0.31739078910042756
8302,1.3776376156472354,-0.4922117550314723
8303,0.09000237586589482,-0.5965373409528332
8304,-0.2654511516410818,-0.4252236583087232
8305,0.008806726914044084,-0.528852647800357
8306,-0.10256904977029396,-0.46768321363074067
8307,1.1681176121279377,0.08059106055957027
8308,0.632583996928594,-0.24933588453807856
8309,-0.5981841821867316,-0.379644805020944
8310,0.3148452867250711,-0.3839424735008767
8311,-0.41194651654822645,-0.5983622232835316
8312,0.102768550525902,-0.5183486887860835
8313,-0.21072722798961085,-0.5755473073828994
8314,0.6750929363493188,-0.4951902738090155
8315,-0.6542428879038134,-0.3170416872692553
8316,-0.468243213072127,-0.32322544158706246
8317,-0.10311616960128961,-0.2927564893679263
8318,0.22562610564914132,-0.6160960410847226
8319,-0.5024221261096934,-0.5116313651382179
8320,-0.41613492690215353,-0.42377704672811595
8321,-0.4519380935626543,-0.39020282649989724
8322,0.02717886912726232,-0.5230497272505725
8323,0.014949948413137015,-0.46842823516645815
8324,-0.28895953911890315,-0.5792429839444008
8325,0.3085873658203474,-0.5773232077374338
8326,0.3460810931583927,-0.4257667178240731
8327,0.6704864081739024,-0.3371750863112055
8328,-0.27509147799742456,-0.3980983239433527
8329,-0.21194645464568745,-0.5469016417909229
8330,0.0778094768949775,-0.5611900949834818
8331,-0.34427441643710904,-0.5641713852299837
8332,0.9074015717489045,-0.30854230808507643
8333,0.5748649359062808,0.8161956130296507
8334,0.12929743392620835,-0.6358735704952204
8335,0.5393492530217829,-0.22817893271714043
8336,-0.25172183536492376,-0.5359559553530275
8337,-0.36146607346853993,-0.501734616668278
8338,1.2813962083412054,0.7970448706484992
8339,0.25579885857627493,0.737684068148813
8340,-0.7244495959694683,-0.04314500208276781
8341,-0.19742576235442189,-0.45126148621024775
8342,0.009721896469745861,-0.3741127706004573
8343,-0.4322800857326813,-0.3304474671016004
8344,-0.37733647161199596,-0.4541329015843418
8345,-0.20737854118988178,-0.4318634485901628
8346,0.44186080526442023,-0.3975116865918203
8347,-0.2701272515683139,-0.35792501420884326
8348,-0.5335989623652286,-0.5172549311710024
8349,-0.37388215945844755,-0.5543090793159954
8350,0.38352442348995835,-0.40696212681091454
8351,0.4570620244977168,-0.3712172774670758
8352,-0.1203165438612894,-0.5650377840307645
8353,0.13092918364005712,-0.5613538957208021
8354,0.03498143721912128,-0.589459738856136
8355,0.3159420233772557,-0.4656504911698066
8356,0.540721663289128,0.011856161480561025
8357,0.21253996218530546,-0.3282337129974383
8358,-0.5879759134160774,-0.2669806404430321
8359,0.8004161801534988,-0.3030454642860319
8360,-0.8178867962617843,-0.24044836414995419
8361,-0.22422629628952356,-0.3448340954999321
8362,-0.16074047118630796,-0.5887871805150618
8363,-1.5661190211054703,0.16824512842827882
8364,0.30017401300660507,-0.040918400292936453
8365,-0.3253372298691456,-0.2537786451936314
8366,-0.36060774844756394,-0.3846481591588819
8367,0.2602527369968783,-0.1419593023459774
8368,-0.17005068709392485,-0.5153847287662604
8369,-0.1560188266576158,-0.23359101296278026
8370,0.11302226668333373,-0.5053603291204659
8371,-0.09627655184286926,-0.5898287485291761
8372,-0.5310167103363358,-0.1824836449179517
8373,-0.21521662068641717,-0.48122685539815696
8374,0.3168043328755787,-0.18071091793151497
8375,-0.37629908370340825,-0.47420723591600056
8376,-0.30270511543098155,-0.41943892569209107
8377,0.3874842422218028,-0.33324363322631767
8378,-0.966903098843465,0.09041360140491898
8379,-0.5002050286712735,0.18465014295214507
8380,0.243405264732247,-0.027487558848448387
8381,0.44205430392898715,0.8399779736030653
8382,-1.4662370531824203,1.3998005248556582
8383,0.2637995827894023,-0.0573520736387047
8384,0.966035513697012,0.002824772979084582
8385,1.2786576623635677,0.22671799955231162
8386,-0.7246860869067835,-0.3193602983105955
8387,-0.30459037413961965,-0.4144888532595781
8388,-1.3909481366350933,0.30143793894031473
8389,0.4416521878488958,1.2857847547482741
8390,1.0595194004450128,-0.23460915338702643
8391,-0.49622550925657394,-0.3801274725260581
8392,0.130216181553107,-0.3967162569851439
8393,-0.16231592177007265,-0.5241799668913604
8394,-0.005704067239574041,-0.4955877347478737
8395,-0.003396628841689543,-0.43473179217722785
8396,0.4857715029013139,-0.35673181961124606
8397,-0.06169657247483442,-0.3948244413779841
8398,-0.6701851502720879,-0.4405227343293715
8399,1.3973466813049,-0.23758161366172303
8400,-0.9725206426859316,-0.2909548133786184
8401,0.07317428982640706,-0.5279199791376873
8402,0.1033255657127658,-0.567582968244984
8403,0.02377954644660446,-0.6144689000011871
8404,0.42811123972803106,-0.459308517564044
8405,0.5847450019256599,-0.4861347396273787
8406,-0.4007949837567999,-0.41396158916516573
8407,0.3106065693548995,-0.49457240484188275
8408,0.3057851700100349,-0.5666115858526124
8409,1.5299569146268928,0.36696391852871907
8410,-1.1237781094390464,-0.00304277542595638
8411,-1.4058689572927086,-0.15398679917132085
8412,-0.3633729486592022,-0.19913067776900711
8413,-1.2675661478141753,0.3460802771817455
8414,0.4948633799447988,-0.38710281299639426
8415,-0.3802164028803771,-0.3853206959225249
8416,0.2808005240666492,-0.3610863922296868
8417,-0.8637005483751242,-0.39417883669570786
8418,0.017347220440068895,-0.6396855743534956
8419,-0.4046391919494958,-0.5423536090819744
8420,0.5924623719800375,-0.5103271578818347
8421,-0.16023992114674118,-0.4813065381876473
8422,-0.06438085885025074,-0.6103964122321821
8423,0.07912652678955398,-0.5276605774072761
8424,0.5450975960265908,-0.5101867306740276
8425,-1.0468429770197334,-0.05508596606826781
8426,-0.9302223181773644,-0.11851893496601631
8427,1.580908917549256,0.6756163997045845
8428,0.34711194752155616,-0.3051063836987217
8429,0.6222746802607954,-0.3883010286521489
8430,-0.08298272960454259,-0.4480964006546585
8431,0.5018185838137206,-0.5302413184481779
8432,0.0798253044007391,-0.4904356584756406
8433,0.23938953160223397,-0.41081650010987913
8434,0.07565238323040277,-0.3827319604341866
8435,-0.4685222470004971,-0.12055434941487483
8436,0.7595238688639555,-0.36015053872672936
8437,0.35083312151209967,-0.5935640694949947
8438,-0.06291136198257913,-0.4211513932301877
8439,-0.286719746885932,-0.467672633908712
8440,0.05317585958098036,-0.45008286645134793
8441,0.13677255119710913,-0.4310190652629841
8442,0.11788989345502696,-0.37231457275135776
8443,0.3448808983041398,-0.5540040604001157
8444,-1.0227950720026446,-0.3740020182526231
8445,-0.40003267827504974,-0.5149435373953801
8446,-0.3162857011506147,-0.4677658955700763
8447,0.17199869480167526,-0.4327162159098457
8448,-0.26194846826674545,-0.5204762583880063
8449,0.6186106631938079,-0.39646852408807015
8450,-0.16517163227091028,-0.5514334913196622
8451,0.6695514475037626,-0.5403217121039082
8452,-0.6367659742807777,-0.2460917801738951
8453,-1.3785827346193416,-0.07971203179384162
8454,-0.2202463028818833,-0.1805497105445296
8455,0.3821396987225027,-0.4576970965458413
8456,-0.5568139464424519,-0.3546192998391031
8457,0.7421141475882475,-0.27754956835940253
8458,0.6797099656708333,0.16772405090733344
8459,-0.7680618808951613,-0.3533585362994277
8460,-0.015952116488602067,-0.506341735317346
8461,0.6899015139029742,-0.25531260213280155
8462,0.22293075833806095,-0.14642726594693783
8463,-0.5926123147831628,-0.4055150980680441
8464,0.08874793579862736,-0.46382447395171467
8465,-0.03935807949910535,-0.557519675910817
8466,-0.1295822236255532,-0.6297093941147347
8467,0.14688546505000488,-0.5665378140324134
8468,-0.4899351620846757,-0.5315614307786012
8469,0.3267505302298097,-0.5144327375261075
8470,0.13665546207193344,-0.6187865817196339
8471,0.07771651696656645,-0.5284122074831128
8472,0.7244234384482386,-0.40420885892006675
8473,-1.7127738714219767,0.5825278107872978
8474,-0.4219309326154558,-0.5033639906191574
8475,0.712846457330726,-0.3945028352672131
8476,-0.49064691526199566,-0.3650942304135307
8477,0.5931252331587878,-0.17681423983510902
8478,0.163831765967755,0.240687109755212
8479,-0.30841433938031915,-0.003811390206464571
8480,-0.7476267966843003,0.02980016796889071
8481,0.26876917038794956,-0.16201358972720437
8482,-0.16955504522358528,-0.17870718421258533
8483,0.09527678002185017,-0.28947555859753854
8484,0.7877495301154762,-0.30296132230864026
8485,1.4836995662978514,-0.01162509619636306
8486,0.3054090009606979,0.13849455901055305
8487,-0.546374853615203,-0.29723690298298167
8488,0.6160982525308736,-0.3411321239186119
8489,0.5205928877764052,1.140788024045455
8490,-0.07363190172599576,-0.12339158106094018
8491,-1.146228479773526,-0.23893299910252727
8492,-0.8535167943874663,-0.3904967498782732
8493,-0.8343153372451394,-0.22869858256925166
8494,0.3251516755318107,0.028557758725124675
8495,-0.36684532324531127,-0.37670767352027373
8496,-0.614432432562888,-0.3044252642609096
8497,-0.5463817173313923,-0.1425567065775076
8498,0.2570401421376592,-0.41780470256600194
8499,0.8893179013060897,-0.22124234397761763
8500,-0.1104970823164157,-0.45821284408485086
8501,0.2148286531786956,-0.5786075771471556
8502,0.11777800585260423,-0.5546381774146636
8503,0.7653642635981439,-0.40615204721892534
8504,0.07860913040250483,-0.6303495133680921
8505,0.36941678613344914,-0.5100888056737285
8506,0.21110375885319638,-0.5058849752721893
8507,0.14257305626354946,-0.4365229274897496
8508,0.45197919172513024,-0.39067470428823514
8509,-0.43063878000992933,-0.13328434748460807
8510,-0.0066950241198629815,-0.49039293099041475
8511,0.47177926589760344,-0.5443510679508179
8512,0.0864276032149523,-0.49374129513022147
8513,-0.17595215389668817,-0.5422664431249661
8514,-0.03290041644173914,-0.5575279483784088
8515,-0.15248734681472703,-0.43897230582381225
8516,-0.5865715497899863,-0.48106951704179646
8517,0.012906721259888988,-0.5718390037200678
8518,0.3262266972539662,-0.5392690175987841
8519,-0.6533687316974983,-0.44184250471504777
8520,0.6050029247916978,-0.5127680424644728
8521,0.13944404374275848,-0.5296512556344665
8522,-0.2159662549229925,-0.5545138948810648
8523,-0.4286023949926548,-0.5432774939115
8524,-0.19814280017200658,-0.46297260637648335
8525,0.6583931670477301,-0.4950877751440865
8526,0.6417334924616416,-0.3112763421178904
8527,0.0024712942063573468,-0.4580307651162586
8528,0.407520245234921,-0.54217124777998
8529,-0.14008092163758254,-0.5910482678716326
8530,-0.40730073031522884,-0.4406389975188289
8531,-0.07016811300463474,-0.6348000428246072
8532,0.2621230985183649,-0.6102706489953202
8533,0.071264698979114,-0.6267588338582943
8534,0.17378088899528998,-0.6134835860732256
8535,-0.18286704881078525,-0.6133582750966479
8536,0.09910412885713046,-0.5828899051837727
8537,-0.12480077340918505,-0.6347764799568189
8538,-0.14233000207068033,-0.5785369965038033
8539,0.4574972370223346,-0.43487517407014975
8540,-0.256076863153355,-0.44713718710844813
8541,0.004275630846671298,-0.5822954919666212
8542,0.04358612077689778,-0.6295733602962876
8543,0.42057244844432784,-0.5486613123254512
8544,0.27599442888031356,-0.38492963631050303
8545,-0.3084167078261041,-0.5663388197218799
8546,0.23271948925976638,-0.5324385210086007
8547,-0.076352745682749,-0.48450504309619524
8548,0.18326334361648805,-0.3875588693693413
8549,0.001875807059095777,-0.49821023197865083
8550,0.3749130227117666,-0.5511875967271445
8551,-0.5302350515693367,-0.47300566958131374
8552,-0.028216092713114444,-0.5081206247278939
8553,-0.23698103271395665,-0.5414484030868374
8554,-0.046116433658774415,-0.6186080555887824
8555,-0.3557829888570322,-0.4423541929073509
8556,0.24150360153665812,-0.5078457529583666
8557,0.2030451396585555,-0.46638687458368205
8558,0.18529739266525558,-0.5571319106199983
8559,0.004634504876149227,-0.4623491214286223
8560,0.18462048751766108,-0.5769876814579743
8561,-0.25357544148205585,-0.529728832176557
8562,-0.05704720055758729,-0.5921925802179355
8563,0.056588656267366096,-0.5841327830322482
8564,0.04615540716100187,-0.5765341701332825
8565,-0.01543307786865052,-0.5335742031179106
8566,0.027761556413836062,-0.5505160182702151
8567,-0.07155361199533752,-0.5744927605245299
8568,-0.31226849799361517,-0.4735759114159591
8569,-0.012170249632716929,-0.6307531181949203
8570,-0.028125790009685098,-0.5832530175090797
8571,0.0648002895383882,-0.5961528794526247
8572,-0.5480094327124461,-0.3150299667150327
8573,-0.0947043984921144,-0.4757706016461577
8574,-0.1740859762016576,-0.6198997852353983
8575,0.33353131720651125,-0.5042654280289695
8576,0.3244006382320316,-0.4702613291466563
8577,-0.0031368330537421274,-0.500174003291203
8578,0.0473958471305383,-0.5985923608061053
8579,0.20470931075017118,-0.6437466337000387
8580,-0.21539028652940573,-0.5643057220384293
8581,0.4726593280978092,-0.49605555510007293
8582,0.7245220444482077,-0.24215433500022382
8583,0.1434572474783867,-0.32842203033496437
8584,-0.20967364731630303,-0.3804587602279069
8585,-0.2187626179951125,-0.5047924822106902
8586,-0.21934193954504289,-0.5654370946306257
8587,0.34992656520550985,-0.6042721643527802
8588,-0.16124638099045085,-0.5618364558215441
8589,0.5910559855131444,-0.4894884416873092
8590,0.7454770373517596,-0.1456656990438346
8591,-0.4854126940592231,-0.42942598451004094
8592,-0.32034684415789627,-0.3336007638061679
8593,-0.06063250806616215,-0.6021151199663145
8594,0.38210217655576184,-0.322190483816547
8595,-0.017701495641587225,-0.4990524844223982
8596,0.04925267231549754,-0.5183513726538561
8597,-0.20449948307989263,-0.5553263508728957
8598,-0.23516449504942155,-0.5277192845244205
8599,-0.16846027737260005,-0.5417462055544918
8600,0.18019008048714114,-0.5808153247072552
8601,-0.19962110619181272,-0.5270354935159673
8602,-0.08724808243645063,-0.594575630888926
8603,-0.007081296147662196,-0.5540144320291193
8604,0.2951465589687705,-0.46645473671276494
8605,0.028258603817698826,-0.6425622209465036
8606,0.4729561280719808,-0.523376119473791
8607,-0.18308553181160753,-0.385769322498135
8608,0.26345719539314094,-0.6334178466488694
8609,0.22148022291810676,-0.6041751799143302
8610,-0.1735686299201709,-0.5070172268426821
8611,-0.15832120426054402,-0.4820038847231634
8612,-0.16185498138389157,-0.6176034496385616
8613,-0.1534539322255979,-0.596568561310665
8614,0.16148980136909485,-0.6081528771626644
8615,-0.020713798680850784,-0.5119245121013392
8616,0.4945713285975831,-0.3566893106200953
8617,-0.33464091472495233,-0.5667780627822695
8618,0.23788313457937943,-0.5252021423763207
8619,-0.3105274331014639,-0.4859217618181133
8620,0.06609142529829945,-0.47933211739499043
8621,-0.3114319778789486,-0.4461838963760306
8622,-0.16261958397528042,-0.5912651757916139
8623,-0.35503761369550857,-0.49399588473068007
8624,-0.004463390277272293,-0.565559117656071
8625,0.3764071447324474,-0.6120352757865068
8626,0.03854473756438918,-0.622808876785742
8627,-0.08708909644429941,-0.5982333493960775
8628,0.15130350544621954,-0.6362053444050758
8629,-0.46455831259464997,-0.4035730025819682
8630,-0.037745648164893134,-0.5523497416003305
8631,0.24457564625011335,-0.5306399751961234
8632,-0.1309220122394539,-0.48773812891124685
8633,0.023869693209716596,-0.6057918095481852
8634,0.10073332204782129,-0.6579781271746468
8635,-0.057115824587035305,-0.5414569690540185
8636,-0.07366802723548796,-0.5896740132851059
8637,0.14416579214603964,-0.6330885774144783
8638,0.276319431236293,-0.617500087991373
8639,0.06744192640625707,-0.4143192507249441
8640,0.09863100159713278,-0.5688852969998186
8641,0.08910181045008583,-0.5294889025836175
8642,0.16704335265634201,-0.6278023371067194
8643,0.0748251445423889,-0.6637725588595323
8644,-0.06935457873957984,-0.5792408905716153
8645,-0.1182645188682894,-0.6024931729263238
8646,0.2536148604491358,-0.4690297419554756
8647,0.12072727897282134,-0.5047775916836131
8648,0.08573099465990291,-0.6418048866294344
8649,0.8058022969795038,-0.33696486843740775
8650,0.008653341012003248,-0.5909192316663974
8651,0.041213585349307046,-0.4206305764361894
8652,0.2993801776017082,-0.5822539647985064
8653,0.3522563078735857,-0.3953763986670167
8654,-0.3276913863236133,-0.45645475250375844
8655,0.7869772753416356,-0.330373909032478
8656,-0.14482908278242945,-0.31959517332279835
8657,-0.463881417966513,-0.30292558659514957
8658,0.45375972539097037,-0.2713778443122933
8659,-0.30741284787306894,-0.4701031763200503
8660,0.17682416674627888,-0.4946323320360598
8661,0.2654242885553273,-0.5357034587683241
8662,0.800833507648573,-0.2217105952235795
8663,-0.9323380125779729,-0.2834739469096747
8664,0.24402503958903013,-0.6146532639330582
8665,-0.5562009530588309,-0.4537329736097374
8666,0.6730533132194898,-0.40912349341212156
8667,-0.11279363648958832,-0.5508375273553618
8668,-0.06385565219368328,-0.5642692766756652
8669,-0.052613812566163404,-0.3895918181933345
8670,-0.21482737460775828,-0.11704564424278124
8671,0.580103241531528,-0.4417446848707389
8672,-0.4003437053489259,-0.5110790849947544
8673,-0.9649802037369438,-0.10364470439353594
8674,0.0259870006289523,-0.1992080809068873
8675,0.08648061583033459,-0.49113958639548566
8676,-0.20387029756226133,-0.36704249261687855
8677,0.07319109619844194,-0.5586621783760933
8678,-0.5766082799126576,-0.3208930356077704
8679,-0.05537590394531877,-0.33341149201251674
8680,-0.4227525022327089,-0.3317208594049195
8681,-0.08876305247124833,-0.46904252976729777
8682,0.45137068897667476,-0.41075814284217277
8683,0.04309448370764052,-0.4906813805660324
8684,-0.45222088450031017,-0.4759849373059023
8685,-0.3297742688974761,-0.4295853015148979
8686,0.7950517407343038,-0.5437528669570344
8687,-0.3217748971031452,-0.5630016975954314
8688,0.5832304548632643,-0.4870800231368456
8689,0.22973962253530272,-0.5588635620197872
8690,0.08044310053865339,-0.3313308332320259
8691,-0.28557236789250756,-0.4804489653152182
8692,0.09353690524617561,-0.43038573530106955
8693,-0.6033709955273967,-0.4977434387682703
8694,0.12275077958953717,-0.5968910462391311
8695,-0.11856656699075557,-0.6032180934479392
8696,0.17485751255852305,-0.6303234477592097
8697,-0.28377696054298707,-0.5926462033046159
8698,-0.3034144271074485,-0.48062199408145534
8699,-0.03351567055608065,-0.40777565974473046
8700,0.645152109137705,-0.45980935958964364
8701,0.6158188520324286,-0.4730685454186327
8702,-0.2584257859168317,-0.41915613299674487
8703,1.450065601321041,0.3545035801266145
8704,2.376383179691342,3.1672560064055792
8705,0.3486748963772988,-0.08182294116054759
8706,-0.22451933496392582,0.0800220770048039
8707,-0.182165887319851,-0.11172534069527
8708,1.1012137798274417,0.10318988964589261
8709,-0.804060031981026,0.4228537769645884
8710,0.14289509658869676,-0.39710358546227553
8711,0.170837806596304,0.13143019727594865
8712,0.654879000444542,0.5799752799473951
8713,-0.1693740688270425,0.3107471401575567
8714,-0.1712485632725301,-0.39165869531899616
8715,-0.9325816811908567,-0.026597746691505657
8716,0.2653758364536086,-0.3885940050263723
8717,0.34500326204292575,-0.4037077950816983
8718,-0.9281632952254614,-0.4158930192449023
8719,0.32486245090474775,-0.4701705804994467
8720,-0.28471776812081695,-0.4704717130962147
8721,-0.03324865299002099,-0.3671936490762203
8722,-0.6116639820949099,-0.2117511769178172
8723,0.07668809454817185,-0.6269966702393646
8724,-0.3501437655315033,-0.38496103771341444
8725,0.5868838494026176,-0.579073233233115
8726,-0.18204426067810892,-0.5336030251697351
8727,0.008797201220637499,-0.3351762806665546
8728,-0.2982087729844631,-0.5838351181126112
8729,-0.5757360113714604,-0.24622900667266756
8730,-0.016591226209851942,-0.47718890728045854
8731,0.3821804773622145,-0.5899411020223047
8732,-0.4621321646783071,-0.47678028905921616
8733,0.12047210174446923,-0.5467699619016362
8734,0.21822623781783554,-0.5731402318476048
8735,-0.12428800440157023,-0.570706053777199
8736,-0.2953449824624342,-0.570670797769107
8737,-1.2914237539909172,0.08975305437809761
8738,-0.8139380310144715,0.5857945719468639
8739,0.27082642309259664,-0.2876034342018605
8740,0.5364723367014186,-0.42121726247913605
8741,-0.056014204418480706,-0.5069836140870166
8742,0.03604477559630467,-0.573526878296926
8743,-0.2327366032951637,-0.47621430264341247
8744,-0.010273991673298566,-0.32232596447605777
8745,-0.532219948223956,-0.38145605866800875
8746,0.014119266768715208,-0.3838137346092668
8747,0.4425638878611868,-0.382017200475076
8748,-0.03862226893606804,-0.5798990095648611
8749,-0.6854911215997307,-0.40118108296576943
8750,-0.298720271043349,-0.45710780425857317
8751,0.08016439450510057,-0.5310712149729888
8752,0.23876392317141662,-0.4625504201942012
8753,0.2697628871187419,-0.5851590105891752
8754,0.04467403512724873,-0.5333707678327646
8755,0.35229199135738803,-0.4249295197661015
8756,0.37409731845980243,-0.4206911163148688
8757,-0.13270962239754713,-0.5784030140962948
8758,-0.42567633051939613,-0.47824855754444784
8759,0.1336015512914239,-0.629236649698989
8760,-0.15847842012760405,-0.5077117701667551
8761,-0.3627277453264948,-0.4108198151784447
8762,-0.30269629598664427,-0.35121500019470414
8763,0.47177932500309505,-0.467123740884164
8764,0.8992985115118588,-0.05112237736256919
8765,-1.042268093662119,-0.04095367685920972
8766,-0.3565599017044023,-0.3435214097789092
8767,-0.030231783385506358,-0.05389448051867818
8768,-0.24078356938729378,0.05184549252292713
8769,0.027814790042109107,-0.19751960772434038
8770,-1.6233496549257398,0.6267158439777114
8771,0.2704093610940266,-0.22144510876166532
8772,1.6743941388438233,0.967434873774295
8773,0.5048571837333777,0.3055914206485396
8774,0.7994543515079864,1.3003884428116614
8775,0.5103360033991865,-0.19329644658723433
8776,-1.3907571244203478,0.38363432610061277
8777,0.6926319601100858,-0.19773860539616522
8778,0.5461378767606302,-0.23557327793978988
8779,0.22423722266910404,-0.06631381282116942
8780,0.20957431808818947,-0.5025543588791522
8781,-0.04172178479603847,-0.5178837071196947
8782,-0.8365529500959975,-0.3417343409999304
8783,-0.43855131225270316,-0.27752712945476987
8784,0.18156547970294523,-0.2140630570510359
8785,-0.4384666129049021,-0.3523232154518132
8786,0.12173142932000933,-0.5399422265780998
8787,0.8349443109364408,-0.4537929948263922
8788,1.1980999735448075,-0.10479428166448
8789,-0.067007139767045,-0.08823024355494395
8790,1.1708797949401548,0.306485459131432
8791,-0.7612080622478374,-0.27822004865603917
8792,-0.20599955551645818,-0.2606183189454752
8793,-0.18273230400533436,-0.49298803306895456
8794,-0.03773736188906091,-0.29852283743237895
8795,-0.5082272466802219,-0.19295734238595383
8796,-0.2718087264478786,-0.5013134285513475
8797,0.027940124215263165,-0.4275647515004413
8798,-0.9345158417668651,-0.1131885470062728
8799,-0.03478266657181594,-0.38970403592518743
8800,0.23902060447324416,-0.5470671391686502
8801,0.09442998765351471,-0.5675273842180486
8802,-0.648550046757977,-0.33052936818578094
8803,0.43941926998171643,-0.40950122626531565
8804,-0.4337290150000528,-0.5342206081432345
8805,0.058026157683513956,-0.4026337503854765
8806,-0.22129858697399057,-0.47046300055519175
8807,0.7775939139312614,-0.4290850530291458
8808,-0.8298633067948559,-0.35043486553490477
8809,0.4618797337559377,-0.37440379002552443
8810,0.2400355802244796,-0.5314437890275354
8811,0.5910773653702094,-0.45020174814175173
8812,-0.2629354733651651,-0.22822389191597
8813,-0.3896578392341418,-0.48141105161788744
8814,-0.5039869234763427,-0.3931366964593043
8815,0.02487280460670958,-0.475397089294488
8816,0.40123071824469597,-0.513707362681005
8817,-0.6260726950704425,-0.35194504445351815
8818,-0.6653296939893769,-0.27451444813574716
8819,-0.004736357436349405,-0.5973424014178838
8820,0.44727476310221165,-0.46257972339880565
8821,-0.19409471139456236,-0.41745334977845544
8822,0.19870473860044485,-0.3882658913956364
8823,-0.3348039140874882,-0.40403583491518663
8824,-0.5508718341528023,-0.48055172589384904
8825,-0.17629514192381257,-0.5470102845981101
8826,-0.794478510208368,-0.3755429571469749
8827,-0.35487917887798437,-0.3382752311748434
8828,-0.42507240000894897,-0.2972904746088435
8829,0.09696385424430187,-0.2138306757939166
8830,0.42494793098822714,-0.41559938758183834
8831,-0.5283732664766021,-0.46886877670958504
8832,0.08948506525594863,-0.5816418548489194
8833,0.4808311292827011,-0.5245501553896171
8834,0.026208872233964252,-0.4743722542171591
8835,0.07801164221193391,-0.6054563189566889
8836,-0.15598526477081373,0.2531075986626863
8837,0.11891755516548183,-0.39266813027968206
8838,0.68900227768636,-0.21920772214721565
8839,-1.0628789775721423,-0.3998286016767848
8840,-0.012407266851925468,-0.3935052511436622
8841,-0.6645487030171351,-0.4467285448940296
8842,-0.08575959782657136,-0.4589475356112242
8843,0.10763634229866245,-0.47121349693955605
8844,-0.038330716537994095,-0.30846028414248194
8845,-0.39860006175255663,0.042737507782176345
8846,0.23669589071369126,-0.5420640265980631
8847,-0.14683704140903348,-0.3771940640093622
8848,-0.1979800121437784,-0.49478523538134056
8849,-0.19775052443854985,-0.23368030091230887
8850,0.34727224495962583,-0.480599748918562
8851,-0.7712314543947265,-0.4339565558357784
8852,0.5225182924224112,-0.46923333624417624
8853,0.10715751861631262,-0.5024616774396375
8854,0.09363022405681853,-0.43276348363501665
8855,-0.1373920699412373,-0.4862490759603905
8856,-0.7199777916933593,-0.26903514945572216
8857,-0.11018434123631424,-0.3874262306640783
8858,0.023229677267664096,-0.29091364941743025
8859,-0.38680322444039406,0.3639883844473423
8860,0.6454579570941386,0.1418908843645023
8861,-0.8160737716254065,0.893177186406159
8862,1.4172817438634784,-0.14898810238311844
8863,1.100043401111166,0.11506924251897327
8864,-2.293469190206628,0.6237145452891757
8865,-1.297956670846332,1.1949046027345402
8866,0.09421525375609005,0.6058357918370771
8867,-0.7206691527674465,0.06806262632963123
8868,0.7127018277834458,-0.30560249001126455
8869,-0.36604640832326263,-0.2133857327185062
8870,0.13280793834818022,-0.620598120325731
8871,1.0241884382721698,-0.13308234318654824
8872,-0.3642054317320835,-0.48413054382515636
8873,-0.1907386584219394,-0.4204774768737505
8874,0.12287874866154463,-0.25495473362372845
8875,-0.16950010357746842,-0.12265549866834337
8876,0.024143501910207234,-0.48876021871676467
8877,0.09594070617397657,-0.48086501441686313
8878,0.057251758070630286,-0.5508647527917623
8879,-0.4209402989117848,-0.5006800575733845
8880,-1.2460008720123177,0.22909650851881685
8881,0.1259012962710353,-0.3614884940403291
8882,-0.6562026827822396,-0.2318172216057603
8883,0.2580144225251268,0.4184985241942749
8884,0.06364139576074582,-0.4310094151447049
8885,-0.9099278058615594,-0.22645747480394998
8886,-0.4026595127119878,-0.5106857734004139
8887,-0.15964280715230103,-0.09002372355443083
8888,0.9749382197137612,-0.33090308441391747
8889,0.3837521921473172,-0.5124949638366117
8890,0.34871855468964236,-0.4572560250222556
8891,-0.29835540573198016,-0.546402166366905
8892,0.7072246806453077,-0.2524786409224255
8893,-0.37905884576334603,-0.5412197187183946
8894,-0.16311687669786976,-0.5943886916136093
8895,-0.06866754115892221,-0.4921447178598052
8896,-0.3065246018843906,-0.5797512976449563
8897,0.4655925761418022,-0.525182639311465
8898,-0.7976615293014945,-0.3337545933256376
8899,-0.8740684185791361,-0.38052750000072105
8900,0.5657434404429362,-0.5353921287773612
8901,0.22682909108380506,-0.6039263860450664
8902,0.3830345473288069,-0.4855811282613268
8903,0.1826014188796613,-0.41688808636318186
8904,-0.09128340247124614,-0.3546279118549325
8905,-0.04468508279631531,-0.5442231191661999
8906,-0.8455374388386275,-0.44098812829525097
8907,0.049469081459435675,-0.4824720492917388
8908,0.8931767622890283,0.32274563150883984
8909,0.6500190686815568,-0.37668133919102104
8910,-0.12642288563232829,-0.5740899945038447
8911,-0.5053478303298338,-0.480517080641262
8912,0.4751240054514146,-0.5671618270499452
8913,-0.08648877638257624,-0.5043194478051697
8914,0.6277133888029842,-0.4929704062186173
8915,0.606076203786923,-0.4073529798997785
8916,0.4355034658830389,-0.2782334743231618
8917,0.10191522503077577,-0.5020930129660263
8918,0.024984675979638958,-0.5384697101961062
8919,0.16284344224652134,-0.5530214777115635
8920,0.1794155568623365,-0.4817567814492319
8921,0.12906836369852556,-0.5831185202809601
8922,0.5018612202937733,-0.5045504319344156
8923,-0.3591365489919349,-0.4700832236758564
8924,0.3890130565078776,-0.18989656914469652
8925,0.31995082688413684,-0.5851992061737344
8926,0.24585361110012446,-0.3341051661914561
8927,0.3389079322924139,-0.3996724312445318
8928,-0.37145682265295704,-0.4394856939244513
8929,1.1052244216632168,-0.30676855739323866
8930,0.4504391104698723,-0.2127842838075998
8931,-0.5468325695412575,-0.20000680078064112
8932,-0.2700625204446805,-0.3008973641684286
8933,0.8192915241064963,-0.2660418562211132
8934,-0.1224914561437471,-0.5662561918523289
8935,0.7533506998374678,-0.08061567027051418
8936,0.683129363877641,-0.34610581892862774
8937,0.060344798808579826,-0.21421533667203513
8938,-0.018947407410726737,-0.12597521246565763
8939,-0.295854847456969,-0.11789346348706414
8940,-0.3324084993879638,-0.4520458132770178
8941,0.30351382806986954,-0.4223540170211158
8942,-0.19852496879444112,-0.5506416887393075
8943,-0.06688564716805026,-0.3918249500881096
8944,0.28095517372386364,-0.5675596707178423
8945,0.40963194687452337,-0.37471140867854924
8946,0.05029426896644607,-0.4245149625156357
8947,0.2118487791700974,-0.3900198026445299
8948,-0.34627291008330097,-0.4510509594674384
8949,-0.603956962972497,-0.24690105216743077
8950,-0.24800662498231776,-0.3750895185708334
8951,-0.4168666739073108,-0.48505365774773573
8952,-0.19204207796884942,-0.3259553547570464
8953,-0.5466831579389972,-0.22908601378075563
8954,0.5675411819130389,-0.5592325807669092
8955,1.2823314327607573,-0.20778316489570514
8956,-0.4377180852403655,-0.5386086640672118
8957,0.734462229132955,-0.18947470734921168
8958,-0.03883095620817958,-0.07983911826121319
8959,0.7835434509657564,0.17794895702270846
8960,0.031185183957662545,0.012959155690344051
8961,-0.42948839664053096,-0.18598941558576362
8962,1.4441477136486514,0.12786028770154895
8963,1.0223118643922584,2.272006126384589
8964,-0.17659697283136794,2.0633300274554975
8965,0.5913930651325379,0.27102198633882957
8966,0.9456822537290251,0.21674037853512074
8967,2.7204261259497184,3.9120794768092892
8968,0.000803425674961375,3.8723839965734355
8969,1.1189163779741387,2.645981898654126
8970,0.08883398385859095,2.2460224750487656
8971,0.06437912648175764,0.6617632020767805
8972,-0.09566913545178743,0.6378853993829157
8973,-1.406185302619885,2.2519438509056973
8974,0.18033607711972058,-0.2294858787252655
8975,0.18635981729986256,0.08530635261404522
8976,0.6771297559356538,-0.06467829768984461
8977,0.019940101352267953,0.022034438156815838
8978,0.42039500351491366,-0.27308085938389237
8979,-0.3430608840690018,0.1987500654173325
8980,0.3671079350078934,-0.3274599994615755
8981,-0.6214234394068086,-0.2469914892179379
8982,0.9920266618965319,0.5006094246947689
8983,-0.12807551840835488,-0.0025275993672235165
8984,0.2990894342662128,0.17482136348598148
8985,-0.5296394403245998,-0.23105794764606166
8986,-0.7391162726919771,-0.3466305240422501
8987,0.4685872171962757,-0.1292456243225416
8988,-0.4249025175751099,-0.38768614305294047
8989,0.1425141861120685,0.20063942705992385
8990,0.6306377654370574,-0.1436472846472897
8991,-0.3788551516453816,0.18521205866658424
8992,-0.0157834723088007,-0.5297154672078235
8993,-0.16714480891416997,0.05366334002877463
8994,-0.32371596191384666,-0.556868864169864
8995,-0.38736918141376836,-0.3952578168213173
8996,-0.8033136887736182,0.2253289014348582
8997,-1.0029364146786808,0.21528480378567952
8998,0.2502082371166897,-0.14086659655757816
8999,0.45945175356991025,0.07318597765710362
9000,-0.5092649153037205,0.07706688507662121
9001,0.9984995916033808,-0.1955415961187249
9002,-0.5638103995607638,-0.5007078379187219
9003,-0.05924101602135052,-0.49542440497310997
9004,0.6869204571415192,-0.07926124166397686
9005,-0.2273169663762022,-0.4706970296273623
9006,0.22556861298449968,-0.5074008175535435
9007,-0.677249666845209,-0.4691025196099648
9008,-0.8904213841637134,-0.348822136062437
9009,-0.33502790457897524,-0.5752570617663001
9010,0.8122494846714666,-0.4279945193535747
9011,-0.23039311500574272,-0.5735899244609688
9012,0.5191262770204143,-0.47171996805115984
9013,0.10264447390227255,-0.505836823504821
9014,-0.5962553116505176,-0.5221204260603982
9015,0.663042009073409,-0.40508712588994356
9016,0.43964213383696704,-0.4620520454077676
9017,-0.13599077669400284,-0.5145705553945376
9018,0.02692856475257144,-0.4717132078326996
9019,1.1400484501405335,-0.09000533756789875
9020,0.42615750579919004,-0.06104515496350018
9021,0.6046594781685793,-0.10807225025651729
9022,0.3864042174474163,-0.13355148637386158
9023,-0.2570706271430108,0.2911289043043372
9024,0.8189211049698563,-0.1080168297046087
9025,0.021895283751399926,-0.2444960622525383
9026,0.0246331111660359,-0.4355543205054729
9027,-0.7263429836484045,-0.17393721829698652
9028,0.3008695884002536,-0.1415443016925171
9029,0.36456662762279557,-0.17598894729705397
9030,0.046118092169427756,0.13473755536540752
9031,-0.072781332669378,-0.07491750167205154
9032,0.4236257257394921,-0.22328949871915096
9033,-0.059129354145501675,0.061042781631775817
9034,-0.8015232655468022,-0.14042256402716527
9035,0.8700407805907914,-0.21080370852962865
9036,0.6941324330052864,-0.1402478935799851
9037,0.9307145621897925,0.4047424230218423
9038,-0.8801963144220092,0.3331038116034734
9039,-0.0809948007726039,-0.4482049387762119
9040,-0.6961012203867974,0.24061857013289092
9041,-0.1001761447487837,-0.10265619347320791
9042,0.11593765635069936,-0.48479902350713344
9043,-0.6664545521682963,-0.12146579610489251
9044,-0.37805585500590694,-0.42200960222427936
9045,0.2708630042375532,-0.4622235813241424
9046,-0.1189502770650491,-0.5819032029580499
9047,0.1997355840209509,0.3161676484059431
9048,0.3861393644962182,-0.4272022480966154
9049,-2.874666465637877,3.7944806451890196
9050,0.5988788698511972,0.8412907872386148
9051,0.3526757280333359,0.8445978148406312
9052,-0.4025728998083665,-0.06125551251811135
9053,2.7422926547718287,2.1649961696101223
9054,0.5532569272907527,1.2509898404293898
9055,-1.3263496978130722,0.817897243479
9056,-0.39968883671548694,0.6206967699947645
9057,-0.20948560840555905,1.1988258298435424
9058,-0.4366115892462401,-0.357586639201556
9059,-1.2038841851188367,0.37998986844923777
9060,-0.033595948947866626,-0.2229763846431065
9061,-1.348018758518689,1.8683736606425314
9062,-0.7945523409177481,0.09341544111909739
9063,1.1018588784866552,0.3123374701720917
9064,-0.658294470324456,-0.15761399620503605
9065,0.6378588022338341,-0.4136998182705848
9066,-0.0518579119726558,0.0926840555929368
9067,1.0498882097830071,-0.25610533041496997
9068,-0.45659418049890466,-0.5044048107150565
9069,0.2646833350696556,-0.5798857038263522
9070,0.0934445495248088,-0.6141083194491217
9071,-0.1573884923380915,-0.2915276869868187
9072,0.6240030962312615,-0.5829119953303233
9073,-0.016849791210481795,-0.5618265617421372
9074,0.14988243103613985,-0.5594936968920388
9075,0.3550325403714881,-0.47054636795578175
9076,0.3314225097056249,-0.566931871024233
9077,-0.17011104050518697,-0.5419308147656633
9078,-0.16509421426929877,-0.6249385957665066
9079,0.24533153543918795,-0.3983474937136446
9080,0.3261250044380015,-0.49546999842792466
9081,0.15450205031434242,-0.6204751613506024
9082,0.011895117573874625,-0.5405460836079565
9083,-0.39425311177363154,-0.46292520482393257
9084,-0.003023195675112819,-0.5547220591645387
9085,0.022839247696391916,-0.5725791466058773
9086,0.18359029747876932,-0.5573191362229694
9087,-0.09827326230690037,-0.5694314529052282
9088,-0.15547590843427966,-0.5327173541718155
9089,0.04784108272401153,-0.6112095283247637
9090,0.17915476038154754,-0.5888863194808521
9091,-0.3219716347243404,-0.42011434326699326
9092,-0.40053544134084507,-0.5012279052912425
9093,-0.07550782555412755,-0.6276860434980363
9094,0.21578344769606608,-0.5942211302321965
9095,0.2348512324623184,-0.5276898544378822
9096,-0.5116225314432097,-0.3738572518847531
9097,0.6512465709562396,-0.5392919998582184
9098,-0.614078410734645,-0.5553151880666095
9099,0.5131813480170958,-0.5749198048460099
9100,0.14855113421142124,-0.5885701983439613
9101,-0.500092890481469,-0.5114841995261333
9102,-0.10803805133199423,-0.5956447240942684
9103,-0.48545934577434247,-0.2136173102883413
9104,-0.06954455639870388,-0.27085391091562355
9105,-1.1883217544839526,-0.2529195130297658
9106,0.12447842146658258,-0.4043874889213969
9107,0.36374554236150913,-0.4620589723664939
9108,0.5660043729493853,-0.33207981129639524
9109,-0.1394184578224208,-0.6015464435942905
9110,-0.3596572778733568,-0.33303077016509736
9111,0.15404131637360174,-0.6286363406599005
9112,-0.371636772230036,-0.5795037068436082
9113,-0.6624668332652629,-0.3525245991650036
9114,-0.4293854504301111,-0.22912372724818936
9115,0.5912973460740809,-0.3758486741232109
9116,0.13634850975357776,-0.6281232971318801
9117,0.20534070582510078,-0.3684969598899056
9118,-0.3924284211482149,-0.36125394786829446
9119,-1.2506963504723816,-0.13761774608241123
9120,0.07272530811078604,-0.4021956544706762
9121,0.22491424519724929,-0.40017467453471545
9122,0.1721044229825954,-0.582379539068934
9123,-0.8373926292756774,-0.1271293567432742
9124,-0.49974403302265635,-0.14054291024736473
9125,0.053352315355419136,0.20359347493624336
9126,-0.6349866074006205,-0.16350076213458176
9127,-1.0483218808573906,0.34943215696359575
9128,1.1724248048614627,0.11004408401504717
9129,0.6631644240844923,-0.08560559389184311
9130,-0.39408439951794416,-0.552254083808768
9131,0.5184912423244044,-0.4155471907988793
9132,0.4497772455902817,-0.4018088727351942
9133,-0.03377001222767524,-0.4507330891468232
9134,-0.22893216952015033,-0.41156346289158097
9135,-0.06505149233825844,-0.6216633205238417
9136,-0.22243403381045146,-0.539638863884452
9137,-0.15154644480796597,-0.5966207227850815
9138,-0.03221567144678069,-0.4120730342542563
9139,0.35528787617632984,-0.4566102739145408
9140,0.44452182792046896,-0.429421871041715
9141,-0.20612748130009234,-0.6143967609925441
9142,-0.41914175887728794,-0.5505269751571868
9143,0.07700100742375551,-0.5112820537051412
9144,0.0911979883278344,-0.5870453480933561
9145,-0.5458902345287278,-0.48933305610073763
9146,-0.09841846141456242,-0.41298486118837857
9147,-0.5248177143256995,-0.3418944054826655
9148,-0.16842191781449162,0.021354164003611675
9149,-0.7764107408519817,0.08914224364282397
9150,-1.2967401549315158,0.4324757071318539
9151,-0.9611639987628491,1.4321853434079324
9152,1.0833667868699173,1.1579220658433655
9153,-0.11792845774959418,-0.1639215294742435
9154,-0.6618793718837335,-0.41235737953374013
9155,-0.6864531039324564,-0.06906136294277375
9156,-0.12788500390920948,0.9643520834102808
9157,-0.3079005220948817,0.1775934870880149
9158,-0.4261046087846363,-0.2553113987360054
9159,-1.0027695354784598,1.1604198924432927
9160,0.10021301689934675,0.6569341773236815
9161,0.11750985210976994,0.7809332725823999
9162,0.2980854569231407,-0.36412025020090255
9163,0.09591683527828487,-0.18627503092855136
9164,0.1886064110075099,-0.5062914239283919
9165,0.3430814872876268,-0.28028720210741054
9166,0.36571751484929893,-0.3524588595773321
9167,-0.5502158001584243,-0.2925968536012762
9168,-0.6054381720096473,-0.4200295817608227
9169,0.3639765543868678,-0.549260950634757
9170,-0.6822222587645507,-0.3173240828853625
9171,0.48283144135630535,-0.38239939904153264
9172,-1.2399597899035968,-0.10830310034340249
9173,0.920606665217007,-0.5234889598367524
9174,-0.21431105495051628,-0.5097926254336226
9175,0.7984631539684479,-0.4021369113316906
9176,0.41879659389540036,-0.4505757416290757
9177,-0.30637587252081583,-0.33043344195632574
9178,-0.12142117071493072,-0.5445047613821437
9179,-0.15867949988365834,-0.5717552918554487
9180,0.5373752034291497,-0.4393218455568906
9181,-0.007385583276231268,-0.5988744525508345
9182,0.3534907191781681,-0.5302358896614486
9183,0.5559354184446387,-0.36802508997036254
9184,0.265606501919344,-0.3858692233319191
9185,0.45065597632975135,-0.4623749499114946
9186,0.1635506134611442,-0.6166702719436509
9187,-0.593420566245628,-0.38990080628946566
9188,-0.2566770786335487,-0.4590900344792375
9189,-0.493805303575238,-0.49082007254387233
9190,0.12949996434049443,-0.613858097225266
9191,0.3532534226422692,-0.4502772813105528
9192,0.3483466587424425,-0.5165998974334088
9193,0.2375759228421389,-0.5763530630848583
9194,-0.024410288223767562,-0.5633034551145153
9195,-0.40114208954557085,-0.4404726450048205
9196,-0.5538634529402027,-0.5628539047743216
9197,0.11485946393949481,-0.5355888015939939
9198,0.22975721002616306,-0.6176086907236155
9199,-0.349043052410249,-0.5614233687551703
9200,-0.442964414796559,-0.44960708915208775
9201,0.4647309429429782,-0.4970717058124344
9202,0.4149670893321594,-0.531851087173872
9203,0.2978920903397354,-0.5820195694189749
9204,0.4648025237208018,-0.497964117200692
9205,-0.24772770246809367,-0.3928908627279872
9206,0.23999704001496397,-0.4484688489937312
9207,-0.3721276426779878,-0.5206611700862642
9208,1.0733286278819227,-0.4013384105589916
9209,-0.6096644665496226,-0.4699079876102641
9210,-0.48038419094362067,-0.35199027163293156
9211,0.02862493264360686,-0.6303834785758519
9212,0.19088184914213813,-0.6000424497317622
9213,-0.22990180449359054,-0.5529434414881363
9214,0.4397328782374345,-0.5619347116224452
9215,-0.12200273706731796,-0.6221617781982343
9216,0.6336790910939847,-0.4694143812855771
9217,-0.07473256595258163,-0.5909071051040491
9218,0.3057718266811613,-0.5915347219853514
9219,-0.4382415157218074,-0.22684686259180514
9220,0.035025730277922856,-0.5732840611767681
9221,-0.4637335846536202,-0.5312514373544689
9222,0.04682315622638352,-0.5639145582039045
9223,0.32443032774799735,-0.4981060083251563
9224,-0.3128254677760285,-0.5617516578722886
9225,-0.6613385144367551,-0.44953085909255364
9226,0.16382932627740704,-0.39857453616586475
9227,-0.4528954121350721,-0.5590158686651046
9228,-0.039377597281719724,-0.6166720107325506
9229,0.19879713319063472,-0.6278690753959707
9230,0.717177453075089,-0.3444470114221358
9231,-0.028630288767489725,-0.48228064013092753
9232,0.12321762353555521,-0.5267882088659649
9233,-0.015794032006220045,-0.631448208197953
9234,-0.3657530990450862,-0.5744418345522629
9235,0.2895859102563828,-0.5228032129171937
9236,0.3457414894674186,-0.498731376682554
9237,0.10163528557315402,-0.6068100864765227
9238,-0.45249636992858683,-0.49518039712767986
9239,-0.31431139863214763,-0.47502765262610636
9240,-0.18936789214506494,-0.512310654124474
9241,0.29793555221473683,-0.5293753724779311
9242,0.3311036133148109,-0.589689729843471
9243,-0.14114502865239398,-0.5939722593506069
9244,0.39325886654657627,-0.6011937727740149
9245,-0.22136105573472264,-0.60039407456509
9246,-0.32612566178885627,-0.6124864983860648
9247,-0.007791028414972789,-0.64194893639897
9248,0.1663589118432106,-0.5218787688196103
9249,-0.20746635149640572,-0.602648929170141
9250,0.2580715921895069,-0.538225140719983
9251,-0.01909059601359875,-0.5242684927773871
9252,-0.3558366525970277,-0.5961636056187946
9253,-0.06753762659607479,-0.600228759914619
9254,-0.08590799351206327,-0.5113497635527225
9255,0.07138237682777895,-0.49551564440880047
9256,-0.37125248463833666,-0.5006659487198107
9257,-0.40431513567358857,-0.3795912401178573
9258,0.7566525430544203,-0.42574574149809324
9259,-0.4104213699070968,-0.49978476994065457
9260,-0.1613837020588287,-0.5746417274282596
9261,0.32477343942002107,-0.546500468491973
9262,0.16941690172543733,-0.4993877918372181
9263,-0.43845774304537805,-0.4562740408372309
9264,-0.39498150742954213,-0.5203825938426363
9265,0.210966085114094,-0.6398352925105834
9266,-0.11018881802087382,-0.553173044994464
9267,-0.2791444720513846,-0.44295418926283664
9268,0.6791774468096563,-0.5119854258029427
9269,0.32396545583982306,-0.6244210813025047
9270,0.18773371978426895,-0.6351730308303114
9271,-0.26683297699048864,-0.4994955333846459
9272,-0.20926561818383738,-0.5000417108084635
9273,0.4594821971817745,-0.5647812789087475
9274,0.3163640682332595,-0.572633927152906
9275,-0.26508750591564767,-0.5602330825285455
9276,0.27352694835798497,-0.5821104640572221
9277,0.13473174808352956,-0.6543976384120779
9278,0.010609197935702426,-0.6606544648436447
9279,-0.1360751506858383,-0.5740539618965854
9280,0.10979761062763777,-0.6663170658906734
9281,0.18878570241160375,-0.6489367262188704
9282,0.21995102357508045,-0.6589102208248583
9283,0.19202028897191126,-0.642360855518735
9284,-0.2507749915800164,-0.5210490863309918
9285,0.030261201874037337,-0.48717428366148613
9286,-0.0268109563948217,-0.5471344387804278
9287,-0.2677373521913429,-0.44658727333164316
9288,0.2592581130915992,-0.621073637375792
9289,0.08930100640007968,-0.6531924127486142
9290,-0.03771531125071786,-0.6172754475644164
9291,-0.2599521049969328,-0.5848897333372741
9292,-0.3501611990916094,-0.5337915852826213
9293,0.2046880895220383,-0.5976756202988912
9294,0.18211565562906945,-0.6568750832437167
9295,0.163451675610295,-0.44360864748646345
9296,-0.40251426797240075,-0.5111446587708072
9297,-0.13557652529537195,-0.5966658502597283
9298,-0.30610642921731007,-0.4228214438437375
9299,0.14760852896745624,-0.6200220135088675
9300,-0.17249113955417383,-0.4765485247158047
9301,0.1505072601857112,-0.6087897761351151
9302,0.14245533083857223,-0.6138624309765705
9303,0.2357129844861434,-0.6207568788347155
9304,-0.4168769537308485,-0.4334335433213707
9305,0.060936508836849916,-0.6559838465622095
9306,-0.08994942143243051,-0.5716452056164811
9307,-0.08171179230049361,-0.5429690366668652
9308,0.1323517289448325,-0.6370608828354603
9309,-0.2124194848801735,-0.5659380588075161
9310,0.0024772692523458775,-0.6279535865629146
9311,0.45277976266834213,-0.5305270448558568
9312,0.19586115364085596,-0.4618708448137994
9313,0.16632784481460555,-0.5139341096052722
9314,0.004778260038789759,-0.5142439649061372
9315,0.06542611540823892,-0.5736096215051095
9316,-0.022280723436891626,-0.560573028768532
9317,-0.31064859716447657,-0.5830943109580173
9318,-0.055164273567424836,-0.6460852426388085
9319,-0.20077345778756345,-0.5879293329742904
9320,-0.22897712230418343,-0.34297714770713256
9321,0.5521734794570841,-0.43426469439582566
9322,0.060574451070112674,-0.5249396886254316
9323,0.22132498007174875,-0.5773057409693972
9324,-0.07713524035658412,-0.6302421139768735
9325,0.15907377507248138,-0.5618916871870094
9326,-0.7593471467076212,-0.384778414770475
9327,0.23956277679603233,-0.37850286114725296
9328,0.3354181269265644,-0.48566262736363935
9329,0.4773610853914534,-0.27069546872025485
9330,-0.17988851461959826,-0.5459714035939799
9331,-0.2119766543583995,-0.2880000719053786
9332,0.16491679897147832,-0.5141322652059012
9333,0.27105603949327006,-0.5754356722985375
9334,0.267505006888023,-0.5733645720369621
9335,-0.26551318155344594,-0.35746673640088095
9336,0.1353334028265839,-0.5775215707534533
9337,0.5109029440870848,-0.5122919677335718
9338,0.5601340865113289,-0.28247897175051795
9339,0.0322815781373167,-0.4681491838025653
9340,0.8382779811277211,-0.2668366048055529
9341,1.2824449949725703,1.3641892937854458
9342,0.542178718973731,1.3458622704695964
9343,-0.3575090673689184,0.40339723483850704
9344,0.13233048853973992,-0.3843447006476216
9345,-0.8452694824051039,0.4002436925698629
9346,0.7828075597985198,-0.04062749905065124
9347,0.2043646351802018,0.07688674596134464
9348,-0.3735878968892748,-0.5379847640214608
9349,-0.22555494004161702,-0.27199289103962054
9350,0.39907169957971855,-0.4571844982793297
9351,-0.42356841970634695,-0.26820854927182586
9352,0.3966158869946668,-0.5318532364344387
9353,-0.23011806555299655,-0.4862466149941623
9354,0.5953363243609376,-0.47817697204700155
9355,-0.5787569413175748,-0.3660409092992216
9356,0.34129027608584983,-0.5453050971468413
9357,0.21904078459669385,-0.4717684734891386
9358,-0.22210583450806445,-0.5527078480925824
9359,-0.3624050931649557,-0.5370490176717607
9360,-0.8937022825391294,-0.39055640346188847
9361,-0.6311471903151351,-0.3602989828922028
9362,0.3355842438079617,-0.42668885598019735
9363,0.44851486557703923,-0.5539577519404839
9364,-0.2464677693421378,-0.5911693789282214
9365,-0.46531198816654185,-0.4761444429723451
9366,0.6957967944692203,-0.4812005774718924
9367,0.8479409209733414,-0.44082824799878745
9368,-0.37295889136756377,-0.44278199064583523
9369,0.07900676221997105,-0.4461816638091227
9370,-0.5139716489268837,-0.49823940080533774
9371,1.0007708738935748,-0.4322901443396241
9372,1.2181807784959617,-0.2148402865106514
9373,0.7036793345087614,1.1042692730828239
9374,-0.9273070382204567,-0.0542745378786402
9375,0.8860569564467942,0.2692591489496779
9376,0.04235601967385165,-0.2920635475410832
9377,-0.4131723380821811,-0.39569697867800335
9378,-0.30142394529830757,-0.5821992958878942
9379,-0.39752060191870564,-0.13898179905801586
9380,-0.7093005917754144,-0.2534569403177217
9381,0.42603739351097203,-0.4172622183305435
9382,0.161945067033805,-0.6365260963636723
9383,0.1701902557499669,-0.5563065025330327
9384,-0.9495834085175026,-0.398496850110192
9385,-0.5632896153054661,-0.3797151737791237
9386,0.16481004420086867,-0.4814506268796571
9387,-0.4390548169896001,-0.5226624921282037
9388,0.48448839943788113,-0.4108507635926324
9389,0.33605478608641903,-0.6122159752721742
9390,0.1196748197216729,-0.6134033783227129
9391,1.4456256451141147,-0.06441864447087184
9392,0.1354816050985115,-0.35358043097151653
9393,0.39002300192047334,-0.5069128039361552
9394,-0.6897924461693226,-0.44291230757981065
9395,0.12528565222362265,-0.599658050907529
9396,0.944819628160566,-0.4316801844650529
9397,-0.4058880243604737,-0.42328764642080513
9398,-0.6592477921060944,-0.3055032148030214
9399,-0.023296883465803046,-0.5585093054937773
9400,-0.37113327280133973,-0.5096811474298654
9401,-0.21139569989239565,-0.5348693442298963
9402,-0.05546818259539503,-0.6071005389882692
9403,0.07230321399213083,-0.6271621449196786
9404,-0.11877047196018581,-0.5838281476857397
9405,0.22286996705054216,-0.436466218140665
9406,-0.3271223407654532,-0.5642599906281011
9407,0.09639248489462673,-0.4706609926935949
9408,0.1926129655113606,-0.5308388503906785
9409,-1.1957593202903962,-0.330804647673612
9410,-0.12105809868514927,-0.43276065725455237
9411,0.4836599326525667,0.002981976127997154
9412,0.09677476101851279,-0.5948573069273656
9413,0.09475218744898917,-0.4567945215473728
9414,0.5390363425657142,-0.3279336154485405
9415,-0.529928979047163,-0.3684750863136779
9416,-0.032265454119398476,-0.5344780111254528
9417,0.4838403352196129,-0.5685212840512889
9418,-0.08179263423687214,-0.5859884690334589
9419,-0.4420683256192967,-0.510090652609396
9420,-0.27821215510022085,-0.35526037045710745
9421,0.14013180147491655,-0.513926936104144
9422,-0.3008040747213994,-0.42984906933606054
9423,-0.08575326364986063,-0.2808631263613422
9424,-0.2664356577372753,-0.34935151088140187
9425,0.27700956987737924,-0.4366721834598427
9426,-0.3490812548801095,-0.541465340274821
9427,0.10188356506775345,-0.3200220402359353
9428,0.31590028973060363,-0.4512522276055904
9429,3.8519670638908e-05,-0.3751685761296584
9430,-0.4009089597010235,-0.5576275350759513
9431,-0.6044722002925048,-0.44409039084258795
9432,-0.5707295801720054,0.09746239894748439
9433,0.33625434826266143,-0.39908301901994314
9434,-0.38984628111341024,-0.5302321800384091
9435,-0.07710537663337863,-0.47141997217254483
9436,0.7796906856715862,0.5256025472014784
9437,-0.8512063329292134,-0.3785080051892067
9438,1.7690150801695388,0.04860620640351774
9439,-1.6784895923636993,0.7172741654473487
9440,0.006047236001937333,-0.28524020056975224
9441,-0.35855333061169514,0.11242383559922163
9442,-0.043554449671020436,-0.29437268474498285
9443,0.8837435812761171,-0.10636639470461685
9444,0.19905608596424526,0.14561620268102934
9445,-0.3500835251131455,-0.33623715990062675
9446,-0.549928106570281,0.005278976913682582
9447,0.141418361615119,0.07025328224122779
9448,-0.8773034632051895,1.2329804791971397
9449,0.47306575782039595,-0.30584152301642603
9450,-1.225213202624186,-0.15279782092870975
9451,0.4272228223365383,-0.3502977045548071
9452,0.12546451056458516,-0.49088337046142344
9453,-0.41422827500691206,-0.3988584665069638
9454,-0.11175643453140435,-0.5225350069096062
9455,0.37754548082729267,-0.4785663513610343
9456,-1.887836684244375,0.8809157993801683
9457,0.7412061491999116,-0.05856242703924276
9458,0.9641014146315665,-0.48466486135929776
9459,0.37589127775804493,-0.18900967526074466
9460,0.4880908880078399,-0.42867851499550225
9461,-0.6086452856485571,-0.4527086279919739
9462,-0.15970303753888934,-0.09931972849008194
9463,-0.8528276374149679,-0.2961944113414768
9464,0.04653505573928253,-0.4247257205780597
9465,0.01919614457176725,-0.5519543973829573
9466,-0.5183153546718009,-0.46901251754564294
9467,0.19279398918815846,-0.4657705118879086
9468,-0.9299492627419245,-0.019495466748265813
9469,1.1839780653434588,-0.16433638110988308
9470,0.3999106179198008,-0.4307027601267148
9471,-0.4258438450365577,-0.46066589312542344
9472,-0.4770494788377466,-0.4875234296045749
9473,0.665287826321471,-0.3201593913587676
9474,-0.22764917630857234,-0.5595257779152814
9475,0.6167825581996069,-0.4258363505135756
9476,-0.08478011848050607,-0.5713746009850378
9477,0.1658095250082371,-0.5552856507150246
9478,0.3037205868933789,-0.46629861022491337
9479,0.298186594356185,-0.23389725292110458
9480,0.5333716606039955,-0.3572235234209867
9481,0.19080307040359462,-0.39300816755881507
9482,-1.0902641856149413,0.407049634490692
9483,-0.46451490630883435,-0.35516730117858397
9484,-0.509919940166065,-0.47581976846813884
9485,-0.582349504578506,-0.48704575278596157
9486,-0.3804946511225765,-0.5495213491250707
9487,-0.2697904791401314,-0.16270341770150293
9488,0.9857083651396644,-0.049200793177288205
9489,-0.885089652533573,0.12593906386224676
9490,-0.010150985265195298,-0.5411353462740248
9491,0.32241633667542857,-0.5817326412519129
9492,0.5553846694284799,-0.5344875638770052
9493,0.19547849220336605,-0.5652776486723732
9494,-0.11031061801782968,-0.6223136567456885
9495,-0.4087215298637456,-0.559467281306851
9496,0.0812372346656148,-0.5549712683132434
9497,0.4964858512775647,-0.4899663419505512
9498,0.14719729528155526,-0.6268184993470742
9499,-0.22320548859534944,-0.5066579644290518
9500,0.43477323651080735,-0.5183064536670836
9501,0.1503452860391662,-0.5385586775958721
9502,0.10386473343745575,-0.5340240472258886
9503,0.14810723700210893,-0.32655510743650845
9504,-0.33521833150366104,-0.4293755524833003
9505,0.49169153795982634,-0.4373722573619498
9506,-0.18946867255062935,-0.39338989347594044
9507,-0.4678058832887428,-0.5339330080534146
9508,0.27815075683694207,-0.49532767352766083
9509,0.2615402311166819,-0.3821563827046486
9510,0.5364453904714118,-0.27301909465041757
9511,0.2953154738832304,-0.3955476901654194
9512,-0.41191448243317375,-0.44769561393152235
9513,-0.49409764760253905,-0.4397935255552557
9514,-0.01796942976543163,-0.4918688842140508
9515,0.3760821039469005,-0.5421106940656948
9516,0.2415770736056867,-0.5763530796122295
9517,0.2564938093123512,-0.363910297054942
9518,-0.1541207119131249,-0.5245291560200481
9519,0.24813606387268483,-0.3858410638285554
9520,0.21281477330396634,-0.34707253759000695
9521,0.9644929287372442,-0.10364237545247983
9522,-0.059493760868604834,-0.43019445408536244
9523,0.547655228598624,0.005096751222370083
9524,0.06249914202498067,-0.3114310552233821
9525,0.01035404927898479,-0.3278418372731921
9526,-0.4995818982885506,-0.36311247154000076
9527,0.35011473512684743,-0.5468777369063146
9528,-0.45318337488862714,-0.40788531247268683
9529,0.2387957435858057,-0.5328920634860033
9530,0.7811915464474022,-0.35701458172435885
9531,-0.43182613491462984,-0.5423464306655237
9532,0.015267101621653505,-0.46591964380087736
9533,0.35227620908243396,-0.378331469756559
9534,0.07408823640802784,-0.19357231754509974
9535,-1.3722029852101532,0.17814099663317567
9536,-0.5496149075875254,-0.37607646979935044
9537,0.675044561054907,-0.47393469253192255
9538,-1.3909864811350783,0.17217329072078377
9539,0.30852592978236926,-0.2644509534570939
9540,-0.6767287695790352,-0.454652678441943
9541,0.2090638437015429,-0.5092026609308922
9542,-0.14213046035110177,-0.44791556718811953
9543,-0.4955863412175919,-0.5160300679724341
9544,1.3024540187465607,-0.31418825047167287
9545,-0.3110875234185825,-0.5054095523797719
9546,0.27688559980485095,-0.5743706115645772
9547,1.7693477706060543,0.24343224798904936
9548,0.33776475151843954,0.781031414928878
9549,-0.49484611490226954,-0.3672092144212467
9550,0.7652033680399672,-0.019694757477650184
9551,0.5069409133308707,-0.4398752670885169
9552,-0.2649397644463414,-0.4526412272833537
9553,0.006886939636558877,-0.3715623383158935
9554,0.49597768752020976,-0.33700021706064354
9555,-0.7497286845040914,-0.3299813363525473
9556,-0.02394180230831048,-0.5301293446577526
9557,-0.704633733517303,-0.41628226180590716
9558,0.10974892950717752,-0.43593909057244734
9559,-0.33816331634024355,-0.467902072587641
9560,0.527705039796314,-0.41040692985729593
9561,-0.4682623745517316,-0.5179854290180259
9562,-0.8709417613216544,-0.33050822114327055
9563,0.5262608411038723,-0.46621038389396857
9564,-0.013936468978122956,-0.6057189458282314
9565,0.5634779926195392,-0.46041331753439974
9566,0.05407544214061321,-0.37516281895220543
9567,-0.22650215833082107,-0.43996483822684623
9568,0.024457001979628395,-0.6057153280375711
9569,0.278923085417818,-0.6177466871702122
9570,0.013176323790598014,-0.4971534955439091
9571,0.11200492455696909,-0.5848132199175303
9572,-0.45614772392082675,-0.4557396573895823
9573,0.4493023620819734,-0.5212181308005058
9574,-0.02151387422225675,-0.6170660082201554
9575,-0.3829157113046262,-0.5823764081420383
9576,-0.15142602317366277,-0.46127604225373786
9577,0.2981418995741108,-0.6285730498046912
9578,0.1789532793034878,-0.5616949587593333
9579,0.6735897079002005,-0.49740914958057436
9580,-1.1904118720184562,-0.3915633801592697
9581,-0.1695559365005228,-0.5195913544324581
9582,0.2478067399687524,-0.608541982515739
9583,0.4445452513324685,-0.526998846821241
9584,-0.39077635733407473,-0.5978143347495114
9585,0.2571793024289992,-0.3446088536213564
9586,-0.40205500898242574,-0.5088073216839576
9587,-0.433892835892224,-0.35535714316339984
9588,-0.04523435977985032,-0.560782953007355
9589,-0.24469067611777223,-0.46314552184992924
9590,-0.015700754089773047,-0.5434532427217441
9591,-0.06276097772561987,-0.5904712199535013
9592,0.09855789644880411,-0.5581948421458295
9593,0.5350458611652048,-0.5937665501022392
9594,0.41224067697958716,-0.4706932455462827
9595,-0.0667377846541079,0.06334036123639626
9596,-0.1172811624084143,-0.5845937720538765
9597,2.042024514243499,1.2671586175106813
9598,-0.49956024109623676,-0.07548350472886477
9599,-0.21312918240412437,-0.3164000959019334
9600,-0.10003631274673022,-0.5049881074423499
9601,-0.1805332519103419,-0.5111344322184321
9602,0.5557821715674092,-0.48185104217360114
9603,-0.47524729480648287,-0.27120447787285407
9604,0.20998854950513596,-0.603626369427796
9605,-0.3885381051858434,-0.5556277976506693
9606,0.31658736049071345,-0.4908919693565899
9607,0.13310205118568796,-0.632101820799274
9608,-0.029880691047122328,-0.386827289198795
9609,0.0042201223054444785,-0.6235792529557578
9610,-0.3716969842722554,-0.49411062903581354
9611,-0.5377932162428978,-0.4887327764925686
9612,0.1971607847329983,-0.5537915682046365
9613,0.20197477571528985,-0.5153726536977311
9614,0.20455392464616579,-0.4821065297063934
9615,0.11049509495052007,-0.510929948151313
9616,-0.03306437968881501,-0.5338272462411404
9617,0.5308683494650331,-0.3891516637410735
9618,0.17660563067237914,-0.35449497350149517
9619,0.3754189397732029,-0.09588078303184905
9620,0.10363760763883123,-0.03068606791431408
9621,0.2415896704199187,-0.23853532907379857
9622,0.15257743094487602,0.4559208104224744
9623,1.0630924497390397,0.8754623780097506
9624,0.2781422915953891,0.44450941287639323
9625,-0.01059986985899896,0.4905530770565413
9626,-0.6409912036666857,0.3024498043414652
9627,1.2348424028853793,0.33297659870541424
9628,-0.6890794780974284,0.23152167357405332
9629,-0.4272815180495462,0.23292846379731774
9630,-0.8648221380243839,0.6681657315662481
9631,0.22724538889136126,0.28872586752884
9632,-1.115424582805771,0.016910510374704195
9633,-0.9334098498123827,1.1010316137152116
9634,0.729417125768495,0.2533630496397399
9635,-0.32906392204683854,-0.17331697513009436
9636,0.9409543610210955,0.08031417503301358
9637,-0.3938837646024357,0.04563027675622839
9638,0.5568872173791419,-0.3260184703641032
9639,0.41287254081853764,-0.005187379057048698
9640,-0.02460816066272871,-0.4479843355490473
9641,0.23714928216822206,-0.48528185385301287
9642,0.30103805403908135,-0.4282855158616378
9643,-0.5190285176304433,-0.47367014300929006
9644,-0.6225769344161165,-0.26124842688760364
9645,0.0005307961180658488,-0.45980178214585044
9646,0.043561470742872636,-0.014583098597654501
9647,1.4931111953869731,0.921388852853868
9648,0.39699858075982336,-0.36160101370465164
9649,-0.6814525799201394,-0.21151760159769833
9650,0.27134503460561327,-0.4150507300628348
9651,0.5090259155550132,-0.2800730951107748
9652,2.1697600469732854,1.1769682283775809
9653,2.551834085604831,4.351463954656212
9654,1.168765297280287,3.5365595307856235
9655,-1.2879328222743018,2.4561924771580745
9656,-1.0502809440513334,0.9922170020702521
9657,0.9543760710770934,1.2022361830447665
9658,-0.8616327055569608,0.28678687004829684
9659,1.1863182608260434,0.6245061096198903
9660,0.4566154660379587,-0.09199006381164657
9661,-0.5542463375842048,-0.3615987043753442
9662,-0.490694569870037,0.14472457854140916
9663,1.6093150509421554,0.40953553498026496
9664,-0.7971192920282677,-0.08114721560996463
9665,0.6561323407881874,-0.47819960921187776
9666,0.2620934073789531,-0.09107119529417931
9667,-0.4515483031791281,-0.3716262064526865
9668,0.1794960081322292,-0.2866741833188603
9669,-0.3843164881740912,-0.2968621134041471
9670,-0.48724729207074147,-0.1922711303634958
9671,0.3920783348485902,-0.3281471065805543
9672,-0.7779649336249338,-0.2686995781502428
9673,-0.505337014603962,0.03613308647349106
9674,-0.4011791902440655,-0.35483169032855977
9675,0.46474481130841305,-0.3032846150364718
9676,0.3744945069636979,-0.4918779650223366
9677,0.41514500117753805,-0.48303533506502755
9678,0.18928672731957757,-0.21881328935022834
9679,0.7838919766209307,-0.2691987165437838
9680,-0.2430551688751389,-0.25851518347874014
9681,-0.30394091690344216,-0.46671171509775333
9682,0.2685595743457304,-0.5203634387095109
9683,-0.21897823679747078,-0.5319738957934002
9684,-0.23319631369377716,-0.5226334319200641
9685,-0.3037526092400391,-0.48157911890522115
9686,0.2086704020167361,-0.4736559800864172
9687,-0.6689529192255679,-0.3756522185107701
9688,0.5686559665867921,-0.5170514257071454
9689,0.5870432728506699,-0.42613787943516906
9690,0.06492710914939784,-0.5543579217960725
9691,-0.4931273202800335,-0.43609151588549844
9692,0.14357537644227536,-0.3970095746362962
9693,-0.3834443696953884,-0.5125129671505353
9694,0.34213711904774435,-0.14128159889328137
9695,-0.05043656116179556,-0.43222229768813486
9696,0.45548560685995654,-0.45369574713567873
9697,-0.6348314800437846,-0.18565046940374452
9698,0.5591871550903106,-0.2747280622754356
9699,0.8729890120493964,0.6392022690484035
9700,-0.041418071635891264,0.2522217005285346
9701,-0.1153602577121654,0.22946928363762387
9702,-0.3896264555173632,-0.23209139348952687
9703,-0.2895034962461744,-0.3250478641132543
9704,0.6337862324611645,-0.4251204460829306
9705,0.45513882401875033,-0.24429217236932826
9706,-0.3310229485674835,-0.28029748287457124
9707,-0.3482043607459729,-0.3921868677884358
9708,0.021081037583194573,-0.13871804996302348
9709,-0.28458493157293685,-0.11801935001405917
9710,-0.2224139070339961,-0.5244945824413448
9711,-0.6121747227070796,-0.20038775952334756
9712,0.08389067291799213,-0.4611076236222068
9713,0.18453145799467136,-0.37792700389452794
9714,0.4431053388525791,-0.2839152064808366
9715,-0.2866148481476631,-0.2028998487405874
9716,0.2548875484769255,-0.46443140521152204
9717,-0.22583708295668856,-0.43879725108705186
9718,-0.2039269366262479,-0.5378272097507212
9719,-0.7559759965790902,-0.3775276370668965
9720,0.28974004698871775,-0.17238744569026362
9721,-0.5153494324196791,-0.38536481456036287
9722,0.34893153682577416,-0.5041604484375183
9723,0.20018910307365584,-0.39178827764411084
9724,0.6721432193999184,-0.35227944731019534
9725,-0.9542385347140698,0.5808580812320971
9726,-0.2651368538706625,-0.32198688770544254
9727,0.5933222313613196,0.2864953136063459
9728,-1.0361767935147732,0.2938611364830379
9729,0.6764857361983563,-0.2127016513077198
9730,0.6606972128906003,-0.4036853026062194
9731,-1.0063872077076708,-0.21633313072580837
9732,1.1013429037167408,-0.22740095024090654
9733,-0.6364634389006347,0.10266759500677616
9734,0.636332944148834,-0.3265368298790359
9735,0.06408301015990991,-0.3216875761883188
9736,3.0105958729586906,2.52474552708477
9737,1.0125481414569277,1.4066497446498336
9738,-0.08396615328004903,0.8070210390631855
9739,2.4113688943554474,1.437753400523078
9740,0.046378037629655165,0.6824547117441017
9741,0.82932728219448,0.5746286875558021
9742,0.5357884364145278,1.1721711264980692
9743,-1.0429341128591467,0.4955793355468254
9744,-0.6855742238181601,1.5771167925734992
9745,-0.6734159532783188,1.1840212922336282
9746,1.1429006363524916,0.6479517703109016
9747,0.9450939647530507,0.34350129208511754
9748,-1.1007987730158892,0.08929955624678713
9749,-0.17801064057386556,-0.36041806340804217
9750,0.06773700685003897,-0.20042269010159083
9751,0.5845346252832267,0.009740534971305637
9752,0.013813028662878871,-0.3316497830001291
9753,0.40317869679754287,-0.3579790474903251
9754,-0.09316509998682931,-0.05646415004078015
9755,0.7940260972923895,-0.05746932264302346
9756,5.216363179994903,9.793470706094913
9757,2.193015092609553,4.4582060664125285
9758,0.08670650880725658,3.122871542200111
9759,-0.26642775242469857,1.5895345530614675
9760,-0.38876953123764635,1.721559590081759
9761,0.38769002299713795,0.41111880942396806
9762,0.3874116732605394,0.10076054284032195
9763,0.12897460739292285,0.9756942752104067
9764,-0.9637305769140045,0.37283747409620444
9765,-0.3044125337603306,0.8402102792429028
9766,0.9439964626055953,0.1490370993931905
9767,-0.6592965743215367,0.48599882356822455
9768,-1.7449649399848244,2.1698624983533756
9769,0.14940123309821218,0.7090100562924473
9770,0.7193828300397724,-0.3376734251502487
9771,0.6496144246387243,0.5164267086178013
9772,1.3470015541192524,0.6382671611428246
9773,0.02809381449762071,-0.184036561378642
9774,-0.02213318607412639,0.8929943355594092
9775,0.33285894434959057,0.16217502308383158
9776,0.9071054284384787,0.4536860299253647
9777,0.26990539320724355,0.5068587523633339
9778,0.6214650898619191,0.39255450998158603
9779,-0.6763232352227398,0.48390009204871726
9780,0.15982274724729084,-0.2118578497781377
9781,-0.008553611568652413,-0.024272305904633105
9782,0.6174570678677698,0.0864653139250847
9783,-0.9777832420086973,0.40750820389905446
9784,0.06197341776827076,-0.08491109533267104
9785,0.27459527722512106,0.4282790323732562
9786,1.2279132886396011,0.5592042552047555
9787,1.0116815540593573,0.8592447582772212
9788,0.5955558068391151,1.4196603075844536
9789,1.1669510277466162,2.8765561087379767
9790,-0.6163289867421113,2.410917827406086
9791,0.5895559503504182,1.2390290219447853
9792,0.10143157438827005,0.21675225991330885
9793,-1.3438592296018559,1.0471429250840243
9794,-1.4177159157073032,2.3226161418260514
9795,-1.0862561327623699,2.0213430812022235
9796,1.9399685186203692,1.9116930309673008
9797,0.23262771530274776,0.7094933289892611
9798,-1.535722077845351,1.212079516612586
9799,0.8320905035259087,0.513995000488214
9800,0.7787228253336966,0.3191804656086277
9801,0.3970797321707358,0.4296747368038868
9802,-0.10661413643484863,0.19792648667478185
9803,0.2280602299574655,0.036787478193160354
9804,0.8247159969674136,0.5096493580944274
9805,0.7979272192553003,1.1895015915425373
9806,-0.21302658861078888,0.6088111052032776
9807,-0.5287457946643153,0.6498360852652979
9808,0.7344533322733888,0.592545512098104
9809,-0.5536669338382576,0.15851857648270587
9810,-0.061148322806241974,0.18194399227505667
9811,-1.2066405476292446,0.6111648779781597
9812,-0.029073527095485344,0.395354627178042
9813,0.07048018834163916,0.25066300305952344
9814,0.13552225594936418,0.5771793617948832
9815,1.360120559817994,0.3726798660573737
9816,-1.7034799446371367,0.4641680202631785
9817,0.3701519096258057,-0.0019049519873942963
9818,1.586327039625101,0.5467031607369597
9819,-0.07862023824569042,2.7580940120188657
9820,-0.37439062228961156,0.8317620678543172
9821,-0.6700295935036936,1.1286476647635082
9822,2.4271194337384587,2.337255900695904
9823,-0.405398689768874,1.3321298747294832
9824,0.7690372293588481,1.7847955299089424
9825,0.4067926354419821,0.49805207160773396
9826,-0.8448101007587505,1.8326977649068592
9827,-0.6898576270143365,1.4239811557292323
9828,1.9444188996524543,0.9476895426881542
9829,-1.8674810636684849,1.3475770478157014
9830,-3.9936713760662172,6.088511950828064
9831,-0.08480764196978818,2.0695697629530407
9832,1.4516658561758833,0.6588082804875584
9833,-0.5316542255554908,0.09454942034761168
9834,0.8194495152961638,0.8416111481590116
9835,0.2912968713717584,1.2002316358345602
9836,0.9204303099129381,0.2525012250409219
9837,-0.5528478995606266,0.011350899675229455
9838,0.9182741789893892,0.24675397168101498
9839,0.5270375445772721,-0.15764782920600687
9840,-1.2169289164975954,0.2640258164965382
9841,1.0852279938548373,-0.14581759320617324
9842,0.24485262383717335,0.08061111477849763
9843,-0.52541790333999,0.04010141573047039
9844,0.3218204232125467,0.2929722132885617
9845,0.07205070643622716,-0.2416472120259909
9846,0.871835171638313,0.687926288623003
9847,-0.75055343426211,0.18760365854151126
9848,-0.5074053509562824,0.3683575745401257
9849,-1.0988804891714463,0.4524671403920069
9850,-1.078090680801516,0.008661621468115643
9851,-0.5362612878883459,0.19262356665294328
9852,0.9387385848271337,-0.1989713170181048
9853,-2.7833703581017835,1.2509890846733855
9854,0.9957489558349086,-0.0892416242565684
9855,-1.0447149836520553,0.11556052939467333
9856,-2.1858910680593677,1.000893291557149
9857,0.5338972176809361,1.4095458464868496
9858,1.268057071880893,-0.12070364250978358
9859,0.9919241906302216,-0.018826231970542406
9860,-0.08289457061711528,-0.21383975321402596
9861,-0.17417418125999987,-0.38609729131779147
9862,-0.04370838750762115,-0.4224553891467438
9863,0.23627738269014958,-0.15089760632295188
9864,-0.29397620330804314,0.022580996756806537
9865,-1.698613209345893,1.0733752559741994
9866,1.4231015815031072,-0.28682761937022777
9867,1.967005086473478,0.4282782583302
9868,0.556059011942707,-0.18255992535724563
9869,-0.157077736694339,-0.12547772349499067
9870,0.23000823988405017,-0.38542466677720094
9871,0.4723767927443773,-0.24134711824345564
9872,0.27026501927770996,-0.46387089496028955
9873,-0.15851550076841783,-0.2606471446346221
9874,-0.7929461321400495,-0.21095640323997178
9875,0.8345569003628929,-0.25732926669463674
9876,0.2241540524712888,-0.2702347485994804
9877,-0.4000874254282965,-0.3454052130355653
9878,0.22144551421417225,-0.03366949620759853
9879,0.3619865008457309,-0.06882542058630627
9880,-0.23490789236121698,-0.2491531327306554
9881,-1.2852465997084859,-0.12464956708840011
9882,-0.5945512272507131,0.0028064914678285996
9883,-0.790384004513842,-0.1152095845514087
9884,0.833181819777914,-0.055538152169184916
9885,0.05178280452516286,-0.3724404504287192
9886,0.23966126557272288,-0.4654182149161963
9887,-0.3226598966004421,0.11392671304808462
9888,0.8647910128877817,-0.38488176360608245
9889,0.5931681597772356,-0.2550362986324342
9890,-0.30850135202557427,-0.456325784115191
9891,0.37256099683393584,-0.32884778367143774
9892,-0.3427005488102518,-0.19728114749061226
9893,-0.8074318553884545,-0.3300394459236145
9894,0.23570851619123162,-0.41546774557742727
9895,0.21604242564104809,-0.25480802102359557
9896,-0.213091864864823,-0.516503231092785
9897,-0.1195034082504847,-0.27534752128677287
9898,0.13321853657336405,0.14306464307999417
9899,0.06365786839381543,-0.41238498428879056
9900,0.3341190042474328,-0.2983204042732529
9901,0.7605520761892522,-0.28211946644333674
9902,0.22422909275359207,-0.3025595195011259
9903,-0.6747584695027734,-0.2922341746628834
9904,0.15053551407856108,-0.23752484149987446
9905,0.6305307931884172,-0.27038069604146636
9906,-0.23883020293543022,-0.23853287173513854
9907,-0.5573900414184656,-0.3679661209425025
9908,0.19062073735871893,-0.5597140570164755
9909,-1.2685503218922665,0.5281821061852221
9910,0.25927907729717675,-0.3672054451141266
9911,-0.4346975342118354,-0.12395595249024903
9912,-0.7950910469868584,-0.03870745954490761
9913,-1.0533500873827726,0.7694370840581505
9914,0.2229570513609466,2.184860366728999
9915,-0.44097767273651134,1.0173168958353762
9916,-1.1035799667403807,0.09606122671776614
9917,-0.14028978711835605,0.43390799703279737
9918,1.128859148682343,0.376420837873972
9919,0.7335928552898624,-0.13488333767587904
9920,0.0482310746263061,-0.381587453664982
9921,-1.051617992234859,-0.1953022277130951
9922,-0.9044962182726891,-0.18896638080558592
9923,-0.7681235334389533,0.1036202870165417
9924,-0.6378038359118918,1.0638397899333802
9925,-1.5792898581845742,1.8203330907413795
9926,0.49691379333540253,0.632497232458843
9927,1.2573565083699625,1.024887025529539
9928,0.18656397466844782,-0.04834446578350936
9929,0.08749035737623229,-0.5355879983907643
9930,-0.6559506666516146,-0.35585270060261
9931,0.956141011824913,0.06429643819403537
9932,0.8594477428964125,-0.18024318175255774
9933,-0.08352332647475016,-0.337276598790329
9934,0.20387140093630757,-0.501277373379729
9935,-0.20278558330941165,-0.22439514727831902
9936,-0.11041396203956536,-0.578491019655295
9937,0.09039160671599933,-0.5686142244666603
9938,0.275811973153696,-0.3751685116121098
9939,0.11793950733248507,-0.33786167913197274
9940,-0.7371951368116035,-0.40285143582471894
9941,0.6548299458850351,-0.5097417077045152
9942,-0.0029442180526059805,-0.5630915034814697
9943,-0.7886217863407401,-0.41312763534255237
9944,-0.14939344745100572,-0.6149343886199259
9945,-0.5993314491228856,-0.43484894480754843
9946,-1.3417733532701686,-0.29237958972177946
9947,0.5095129511856454,-0.19579138288792425
9948,1.1318293968100273,-0.48215625220591385
9949,0.8403943686294626,-0.4316566225191255
9950,-0.1264806288665279,-0.5718844295892996
9951,-0.3984279262283126,-0.49992648681935464
9952,0.21176991299418085,-0.6102978868228889
9953,0.04865737595380085,-0.5962689099283074
9954,0.1039784787793454,-0.636478116656223
9955,-0.5669783167806437,-0.5231826781121133
9956,0.3515658051498821,-0.565847867543188
9957,-0.13563019286672298,-0.5093300711473517
9958,0.7173148321587628,-0.3482505767125511
9959,-0.23792133714197541,-0.48412567916693205
9960,0.6053695550444942,-0.31627487997260323
9961,0.13099614068541965,-0.2980567716732428
9962,-0.6519608201305378,-0.4792164017585717
9963,0.15064742027370498,-0.5776262851686716
9964,0.10815779451140334,-0.5583884043734686
9965,0.6049751782184809,-0.17275008003018846
9966,0.25619937802655235,-0.4540787679005893
9967,-0.42469068029333085,-0.45946758988173414
9968,-0.3971325552857233,-0.4659417002097737
9969,0.48880997124676917,-0.5133693586301349
9970,0.6437071386015526,-0.32793206951510334
9971,-0.4624368106903779,-0.3343463916052911
9972,0.6318563694503099,-0.3253773089832502
9973,0.14296912891019958,-0.4901271036640437
9974,-0.1045738035187379,-0.5738816637840823
9975,-0.03661069078696865,-0.48858623200836443
9976,-0.11623950773286507,-0.4175618211147929
9977,0.4562737367144074,-0.2319275980250313
9978,0.6146712468459092,-0.21519581090754952
9979,-0.1628098624047769,-0.25188325650713883
9980,-0.11594039535079212,-0.6076737439816848
9981,0.09393340790778607,-0.5975838379876847
9982,-0.4320395494713384,-0.3181850305350202
9983,0.6293694500139921,-0.2041542224910671
9984,0.5825788363528148,-0.2880300962762129
9985,0.610704183127937,-0.19956142391387605
9986,-0.6555481637556615,-0.2818993380266596
9987,0.14696093671242283,-0.15288992744252533
9988,0.4150978948381698,-0.2554162732342583
9989,0.01701428900886768,0.10581176920493567
9990,0.30629455065121136,-0.3003300583517811
9991,0.03374392858862892,-0.2166429907162459
9992,-0.3374802411953829,-0.2946896079858395
9993,-0.3823157389252375,-0.3813831977868059
9994,0.019970959375832063,-0.44122936567524873
9995,-0.1856563336049988,-0.5421491150397985
9996,-0.18991735334845714,-0.3131029682546062
9997,-0.4303675229909041,-0.3519017102069284
9998,-0.27731934797089286,-0.3946650128684756
9999,0.7049300673341111,-0.5091667155556565
10000,-0.10952582790025411,-0.5763433063451286
10001,-0.29311900146420283,-0.46956248486335617
10002,-0.41462676329112436,-0.3695191298701908
10003,0.8106183039652256,-0.375766260358288
10004,0.2492721978741374,-0.19573938758868595
10005,-0.38306591853374505,-0.4509302429979409
10006,0.34446442841330693,-0.45603378312481646
10007,0.02057482381119837,-0.4961838130939288
10008,0.7596243822868054,0.07246624894460481
10009,0.13759187688450117,0.11350030679591011
10010,0.7683495339130139,0.5464155204851293
10011,-1.246376629134248,0.4277600989532372
10012,0.5771786863650423,-0.2012253972955681
10013,0.9673913796695843,0.20033085514573884
10014,0.13331276553459864,0.192516546678304
10015,0.28283007178504627,0.2313365165668318
10016,1.8785991729961387,4.32211581889677
10017,-1.7244224367293142,1.40419362650586
10018,-0.18740738282121924,0.5440618025099702
10019,1.0867160318688733,0.40497470572773503
10020,-0.3313344137672108,0.3043495154702982
10021,-1.516520855431584,0.7142846281931632
10022,0.1321307451950783,-0.047829228349940626
10023,0.33660876751280067,-0.032303613273450674
10024,0.12876204113444792,-0.29952784376622615
10025,-0.2787594523446998,-0.4998494334901484
10026,-1.2721304565664227,0.3791285390344883
10027,0.3601134492798691,-0.20421778891903675
10028,0.49605233462065323,-0.44278276093114555
10029,0.5404268087622491,-0.25340981037208776
10030,-0.038220234963837356,-0.47470441273028496
10031,0.17669925009013257,-0.36731655408930014
10032,0.983684657700568,-0.2100120593707752
10033,-0.24056695049460414,-0.3895552697523712
10034,0.12918127661725676,-0.4079042331082363
10035,0.14535506389897704,-0.5504438843979784
10036,0.7722878068102896,-0.06202933231395991
10037,-0.7771497509762896,0.05653201116379052
10038,-0.5160780276723687,-0.3329958393274923
10039,-0.0664295441950066,-0.48014744447782604
10040,0.9577265675553959,-0.26839501425218787
10041,-0.5552447025401036,-0.5388563037277954
10042,0.04762897863782966,-0.5841770051969583
10043,-0.746151516256362,-0.4435306505058488
10044,0.11913236742587097,-0.34213936028084646
10045,-1.6860765972315914,0.41631144685989296
10046,-0.10411028097846006,-0.27980861651774125
10047,-0.5909905669682236,-0.016548292471892614
10048,-0.49679658754706546,0.4578778400119698
10049,1.5747727126893922,-0.029214410431926432
10050,-0.8760026940341396,-0.40830124353379654
10051,0.2846745133745907,-0.4121593892775354
10052,0.10460324325027859,-0.329662146336484
10053,0.26051061608900705,-0.5452720859085683
10054,1.0473532791129085,-0.1454764339543106
10055,0.4141428525018066,-0.3696040918929766
10056,0.35321684245271595,-0.07973174315943686
10057,0.599748668407989,-0.11183534835070702
10058,-1.1517732703651349,0.34585720048462565
10059,-0.10650368261602294,-0.44241436353821617
10060,0.2559534090187987,-0.34635814378060314
10061,0.6119939956240602,-0.06353655802114119
10062,-0.06251312624518138,-0.32835123723107246
10063,0.44980725626725415,0.24011028479203497
10064,1.948386840705,1.1808818131958818
10065,-0.22376105346532948,-0.07009350611141713
10066,-0.2374681198399692,0.575480855183497
10067,1.2028733073498445,0.7181335910876312
10068,0.34071799887228693,-0.07967137847204646
10069,3.22695572809671,5.053187990946486
10070,-1.3324656054882984,3.294911231045791
10071,0.3825983180293622,1.3613132081417125
10072,0.5046977655965115,0.5378261144631715
10073,0.5833881736074809,1.5819525051111176
10074,0.5732730078218311,0.5787221565491414
10075,0.23459353428359453,0.8059259234900161
10076,1.9255784320170908,3.184156177610497
10077,-1.4560763263401073,2.000368606635838
10078,-0.3228291638711801,2.723390633759027
10079,-1.2740618550158016,1.8402400036794355
10080,1.156638462605826,0.37499300641103317
10081,-0.888762436619295,0.6157839772831293
10082,0.019109867595879494,0.27363923778726124
10083,1.0800624579524603,0.7017318560624287
10084,0.4722725164516087,0.4971910992674596
10085,1.4029413741036403,2.9770914417733154
10086,-0.23107016041713246,1.4990664879316622
10087,-1.4448512212103788,1.1951995167404608
10088,-0.47727470189773624,0.6427057916848282
10089,0.915492532922976,0.182028592019381
10090,0.016953005170540277,0.6481357878846351
10091,-0.7430249387231274,0.2620500055992408
10092,-0.04991234849959613,0.6754330158708322
10093,0.42553599413938725,0.879629170624796
10094,-0.6836093354561783,0.48222655593306823
10095,-0.98772006593004,0.960601968251168
10096,0.5214057430651831,-0.09437790867399634
10097,0.49813723638184704,0.17101396566036609
10098,-0.06824104297867806,-0.3861617425385294
10099,-0.5343397109632022,0.30649822236391766
10100,-0.9161678492322949,1.1709258693370113
10101,0.3611348265153548,-0.11119603196383064
10102,-0.7098577767353049,0.47203230293522397
10103,0.9063017745021585,0.0817886680428568
10104,-0.4858995054220009,0.4457592869701161
10105,0.08518785980244431,0.0257200273842993
10106,0.19787912086112286,-0.17601001986710962
10107,-0.08401087150224326,0.1654203258352637
10108,-0.6234269143063194,0.4509865391172836
10109,0.2887424758892508,0.7108317927305196
10110,0.26307972927101186,1.1541385454654725
10111,0.21661321374935152,0.7980704490841648
10112,-1.5450369708057379,1.4346995383098915
10113,-2.0815856347847,2.9145184733724303
10114,0.8884121274022028,1.093620126305078
10115,-1.6454046229215549,1.4376171191605995
10116,-0.7613782500551641,1.37565998271537
10117,-0.8976431321561408,0.7444835395137178
10118,-1.3362778599274328,3.031765278214826
10119,-1.6667514943612194,1.417556334806549
10120,2.495282942070533,1.5527440133926975
10121,-0.506018120996478,0.6884496941885991
10122,1.2099798793427254,0.6458489389099202
10123,-0.014482961406000965,-0.062047797669174495
10124,-1.0019867297863676,0.3311849251392129
10125,-0.7223795207910577,0.27121913549733556
10126,0.31273017065700043,-0.3165665608104356
10127,-0.7011846546510128,0.07684397010332117
10128,0.8505570086246816,-0.2469730890078211
10129,-0.7394334125186527,-0.05897107951190659
10130,-1.2793588213814735,0.4136596857573695
10131,0.24583888606515042,0.21745124334227126
10132,0.1839905525939397,-0.3473263896841609
10133,0.14852117503254625,-0.24032474113494123
10134,0.14796971953181945,0.21779341959535653
10135,-1.5277889934576168,0.5653063994672898
10136,0.9726271156707194,0.6781642309178703
10137,1.0457722662041997,-0.259230281805725
10138,-0.18643495393916587,0.014031953994988071
10139,-0.7516057268701903,-0.2495839027014352
10140,0.4884895643634286,-0.33166750138234957
10141,0.1547981386581348,-0.3092339876205258
10142,0.14938633175542643,-0.49240335194213414
10143,-0.0026316571907317662,-0.2165128645836998
10144,0.305793661273903,-0.5323062496533882
10145,-0.20157127782461837,-0.37607651872351716
10146,-0.26512474946472503,-0.549356675531119
10147,-0.42457028114826173,-0.5622262654562835
10148,-0.6223336978185299,-0.4820204024475127
10149,0.42448340546638963,-0.4373934328807195
10150,-0.03548611636408555,-0.525980417561568
10151,-0.8800789138907119,-0.10435800491499116
10152,1.451864912501618,0.0002862280647146817
10153,-2.079740225616157,0.4358912300920245
10154,-0.18560626108778536,0.18637833716608435
10155,-1.2152136503929396,0.6840885249694166
10156,-0.3254757812145863,0.5689357390897274
10157,1.2809246931271354,0.42080598849251355
10158,-2.32122609718944,0.4537081676552031
10159,-0.41721308391955636,0.1202979403529467
10160,-1.9347507567523543,2.0560203394550784
10161,1.4675152819170307,1.1409756208589648
10162,-0.32176945143438385,0.08991407889322547
10163,-2.694021745785043,2.7878896868436764
10164,-0.2850874722362622,2.1334180447789497
10165,-0.3895585386361636,1.174414666248273
10166,-0.011433955438156944,0.4336908223568554
10167,-0.341609218284565,0.5509188996014878
10168,1.2951089748521192,0.6911418985569948
10169,0.48151215901108924,0.04799790713068225
10170,0.026079271454401583,-0.4510204243146598
10171,0.65985597350959,-0.05350166991086329
10172,-0.3844261295132093,-0.09254035012939946
10173,-1.0134473824811638,-0.1010239563395166
10174,0.504335629963951,-0.43032185132557876
10175,-0.2420639741080608,-0.006208667205924145
10176,-0.4030314517178589,-0.33394424862360855
10177,-0.16972155986685442,-0.32128338819054464
10178,0.24400534144914646,-0.23612438229713698
10179,-0.2637257346501151,-0.21008081228941142
10180,0.03583313568840472,-0.3368459356523075
10181,-0.7971296201605416,0.20064191973442383
10182,-0.32069259757314755,-0.12357361995059768
10183,-0.23093371706271965,-0.12797801701082515
10184,0.45385162968684223,0.3565219670753407
10185,0.15094857235829795,0.08563238969714712
10186,-0.407785593985018,-0.4201746632108176
10187,1.3629356110559334,-0.06402762857091963
10188,-0.528598514968444,0.04396654472846471
10189,-0.34340527376312924,-0.08300340054054209
10190,-0.5186363690191846,-0.5286237831669887
10191,0.10066112359013296,-0.2988262932077215
10192,1.0571420759345391,0.34651434752747085
10193,0.27417940542389463,-0.025220069472649126
10194,-0.2386044215962185,-0.24841934115403963
10195,-0.5837491621600447,0.3281031866940602
10196,-1.258862132091789,0.31327233384666153
10197,0.6115522065343656,-0.3674380537078006
10198,1.223774993314887,0.09554518921869874
10199,-0.37475308179568745,0.19099805138517936
10200,-0.38062390064641904,0.0011574599116389336
10201,-1.3631564066510276,3.356499216045405
10202,2.5901559662649536,0.9053244477451591
10203,2.709034113838719,2.3908159866754763
10204,-1.1093493603958027,0.6366864901705938
10205,1.1398964450623505,1.1455073324928036
10206,-0.06630081622375844,1.058904341741917
10207,1.1121974775987717,0.7052882705106575
10208,-2.4577960891935073,0.7642899341284798
10209,-2.530032225363856,2.6203632518267
10210,-2.8835741508806834,3.4497355306168034
10211,0.8196253355716637,1.6614844986851487
10212,0.4035938768545114,0.5096682613167764
10213,0.7409248284801324,0.6171929974232072
10214,0.7679740176695173,0.6508301932640432
10215,1.4256424112943755,0.9385300888192566
10216,-0.06478431001388077,0.10134494021653286
10217,2.3262869111131703,0.4171489445363957
10218,-1.4440332964771896,0.8850521661799141
10219,0.31705012711604275,-0.2939786563100391
10220,1.325210886228922,-0.03291407530408542
10221,0.354314212361456,0.23697842104114122
10222,0.38540524912348784,0.39166338107981796
10223,-0.8052058153381533,0.9434533399815407
10224,-1.1411250640112351,1.312489151148461
10225,-1.9641878729978484,2.0179168921171073
10226,0.8441000774243849,0.09753910997484037
10227,1.2831130718752723,0.21559907621681712
10228,-0.7951180044269869,0.04259852337836647
10229,-1.8474810143615508,0.5433628537348653
10230,-0.6593254564375758,0.7437796790627302
10231,0.9327927526781086,0.16355687600848465
10232,-0.0967489403781005,-0.1388574049450513
10233,0.12399004572143874,-0.4945463433277971
10234,-0.5213161746823042,-0.31141652271819553
10235,2.0110758745622332,0.003011962562253844
10236,0.36843570726084995,-0.416286523340956
10237,1.4566721984241944,0.23423870628880153
10238,-0.011266809729722445,-0.46041340078411414
10239,-0.3704309749938291,-0.4374632463668761
10240,0.204499397202462,-0.52188223875821
10241,0.6035280511149554,-0.19906101172611332
10242,0.44497667819091574,-0.4541430808158564
10243,0.8840878620306603,0.34403238065897146
10244,-0.4725137628333462,-0.290948466857192
10245,0.5056516649004078,0.29751808063056473
10246,-0.1847281927129784,-0.3897983595357636
10247,-1.2448622151573656,0.31365264435079715
10248,0.9286536419966206,-0.06342763613730226
10249,1.4334481184393013,0.029165164305403127
10250,0.3653841003618526,0.05084030383970452
10251,-0.6719431023436578,-0.02003391713302347
10252,-0.44641652237207546,-0.09123014696534022
10253,-0.24050798988691588,-0.20473011846624756
10254,0.04544612432002466,-0.17841924630429296
10255,-0.8940431548615522,-0.09958089951663678
10256,-1.3219272355940648,0.8001372078097242
10257,-0.9076763094232729,-0.3448332612461611
10258,0.9374508464053798,-0.2723852349693581
10259,-0.34631416871497556,-0.386971675574832
10260,0.4719722121733389,-0.47928788855587096
10261,0.5265520012240587,-0.27366425748520506
10262,-0.3207171199496629,-0.5620677322999537
10263,-1.257181424759824,-0.011115431603652807
10264,1.1554942220975484,-0.43549911859977103
10265,0.20319345958449644,-0.6008864157707405
10266,0.27504505176674265,-0.5262446229952258
10267,1.2092595408364653,0.21259048900302827
10268,-0.34250721291904973,-0.3893159269826567
10269,0.48547945515643387,-0.45199906763138825
10270,-0.4999872615949527,-0.03156914723072597
10271,-0.4657673398989878,-0.20177050427417054
10272,1.0671276927293363,-0.36709608384505515
10273,0.809699381519278,-0.26254072339529205
10274,0.265951533767806,-0.16872165209993364
10275,-0.6346700721629668,-0.42583159800340487
10276,0.681365384021209,-0.44356371087414154
10277,0.22714945684882407,-0.08334423253789576
10278,-0.3106084035718317,0.2771680802918665
10279,-0.2749000244461378,-0.31817572530099
10280,0.3278587859752006,-0.3535702206460469
10281,1.5024926177953573,0.24358949418138962
10282,-0.1888593825529848,0.22448651361822583
10283,1.1208585475423614,0.26497149933282826
10284,0.1522836026200493,-0.2478290750720171
10285,-1.0376442186790533,0.7836480989801982
10286,0.9348615619472351,0.2510784625127397
10287,-0.18874810399142827,-0.07748397236200934
10288,-0.10422530053521217,-0.028676225783513105
10289,-0.8350221182156123,0.3381623964727857
10290,-0.290010690302555,-0.04876096665647874
10291,0.7188787213498731,-0.2467034882788272
10292,0.015773401950950512,-0.49998835264756436
10293,-0.14533066562100272,-0.48349122441200393
10294,-0.15429396639286458,-0.3430153382410232
10295,0.2126490873708957,-0.2893368704396632
10296,0.3468600490545366,0.08659371868426637
10297,0.22913217389049498,0.14062873589669486
10298,-1.0995988093645785,0.3325939718426605
10299,0.3497337863193988,0.7981638578726478
10300,0.21157578770002775,-0.28503385140664345
10301,-1.384278515254235,0.9577132872073028
10302,1.0536216725897183,1.0328040131684795
10303,-1.331267264227621,0.8045252479807345
10304,0.710458659598973,-0.13230997659937227
10305,1.2601802522033188,1.375914056361849
10306,1.7107664550858783,3.9030096294488383
10307,-0.12132745485625171,2.464703913583944
10308,0.34558883717712524,2.7299585334546164
10309,-1.6936134868131592,2.3387071267046706
10310,0.6187630867302853,0.9741536861674259
10311,-0.22912853326291635,1.2394654507389056
10312,1.7173631285115145,0.2241914156697125
10313,-0.35675427443296326,0.8483993875786213
10314,0.6457341183536984,-0.022865829225971263
10315,-0.3305176764557576,0.4075374847324415
10316,1.0283453827191373,0.5725583841766025
10317,-0.5582348571009529,0.050253952641796176
10318,0.18752761610182803,1.1475333008007935
10319,1.0402517695368307,0.24254377668273883
10320,-0.2130965445665243,0.1275701082418488
10321,1.410011394535493,0.4201635442257272
10322,-1.3475155647553343,1.916515550083003
10323,-0.9953798881960436,1.150630729770135
10324,0.4044515836703194,0.5188982850308447
10325,-0.8180284453752085,0.816997544994289
10326,0.7640907708442408,0.0032054036847329204
10327,0.7898304056230341,-0.05276804980187966
10328,1.4045987227149435,0.6562318152366927
10329,0.5162751386525057,0.27939999735841003
10330,-0.37375337450539503,0.21485203292642602
10331,0.2817745724072345,0.6528285524463483
10332,1.3654583686399295,1.2450100340403427
10333,-2.21665580769984,2.02658980958986
10334,0.11807043081274274,0.14147382288939286
10335,0.6592689125760627,0.8743924591138098
10336,-0.9766147640948887,0.7328297379233286
10337,-0.3878547018713202,0.20337294895739053
10338,-1.6409254273983884,1.265386660389135
10339,-0.6720668372651268,0.07259666787579853
10340,-0.04489268475150169,0.0706305629023467
10341,0.4463951511837325,0.13649476539148156
10342,-0.47342934948736143,-0.4130237132630076
10343,0.4493702077281275,-0.06498110238038064
10344,1.1892468582163107,-0.09715948987255794
10345,0.9241921191821166,-0.290692674356546
10346,-1.2112984272784517,0.12217799381728531
10347,0.611843187727419,-0.008697065339326937
10348,-1.5733391353120172,0.8767816177697674
10349,-1.4812206643002057,1.0334881008206414
10350,-0.5896076264684283,2.195866792965124
10351,0.8681867033086563,0.43951415448942954
10352,0.6771512669921852,-0.284309117571535
10353,-0.455646616366809,-0.1779634166942321
10354,-0.012674135828168577,-0.3596290394365261
10355,-1.791326357328691,0.16545431055499468
10356,-1.3307004878734983,0.5797785931205569
10357,-0.09936699343278202,0.4683658347848834
10358,0.7235466099716238,-0.3483510457225889
10359,0.5917280790834513,-0.07400686950963638
10360,0.25537792729930364,-0.3338931703106981
10361,0.32647724867459493,-0.37142260361292084
10362,0.7159289288628905,-0.16660334772802987
10363,-1.1059310317058026,-0.3283272352181426
10364,1.1312544806588507,0.02952603493342399
10365,0.8606100608786316,-0.06018960538103422
10366,0.3511606446852518,-0.3055495401523741
10367,-0.23623260834013043,0.06574362390925009
10368,1.270462823953124,1.7791544883514796
10369,-0.0031627524030874918,1.181926093214184
10370,0.013654724370666973,0.4980548266680886
10371,-1.8511080219665104,1.3794717560307608
10372,-0.4770527258060949,-0.17891019348857556
10373,2.2181624268422526,1.1331357762708134
10374,-0.40006025961239977,-0.05444047397181361
10375,-0.3704947520798867,-0.28768156107750986
10376,0.04872363372492084,0.3618634236974751
10377,0.3138041194087389,0.2796150115205946
10378,0.6205758194927324,0.3424040220134193
10379,0.9503706583845989,0.4854990060977008
10380,1.7154028077006234,1.8851535218691002
10381,0.29117099760400833,0.3806363235728054
10382,-0.7562622995849664,0.8394509954074068
10383,-0.7931560696319206,0.5833871348072607
10384,-0.23690216155308313,0.23102504289587938
10385,-0.8963850720067789,0.09935889087160318
10386,0.5889186748422858,-0.03986800107991633
10387,0.028522784308659184,0.36919162971911024
10388,-0.3761344764888567,-0.16165066212914606
10389,-0.281792182671366,0.18033251811828632
10390,-0.2491546952982347,0.25846613190714124
10391,-0.8412539524450773,1.3145677255459223
10392,-1.3331938378443096,1.1602478739308397
10393,2.292287788703531,1.4761682616316407
10394,-0.024488518868602455,0.6932288367782424
10395,-0.7113205847751115,0.4182223187960474
10396,-0.23221252667419717,-0.00249777172911528
10397,-2.1366503427720085,1.404630414840716
10398,2.339099484542319,1.767282225475058
10399,0.8164652580949514,0.9117629765439295
10400,0.5916480173503152,0.5118084017037969
10401,-0.30800786865520846,-0.009220869490321184
10402,0.3249131008345966,-0.016308562710991625
10403,-1.957336889627825,0.34056911951105995
10404,0.5097029179134513,0.038163797430267196
10405,1.8664490236863331,0.02900416945154048
10406,-0.7156025158955402,0.4676341300563029
10407,-1.019142369278037,0.002554675537147209
10408,-1.1087484855181828,0.9760709434062242
10409,-0.25472937145465135,0.8726383750765381
10410,0.42631848670790273,0.10092372901483958
10411,0.9961321297733245,-0.16129611729618587
10412,-0.5569151117126212,0.24479932199946247
10413,-0.2563266198628253,-0.24034956953848347
10414,2.412092494337963,1.6842770057669105
10415,-0.2274978046349626,0.6171752280593166
10416,1.1781369007108373,0.11852891255756272
10417,0.028908041954507406,-0.28086981394009053
10418,0.23409570425554982,0.07341574846935794
10419,0.38569371500109756,0.11492194502114048
10420,-0.3500055277114733,-0.18497554568018743
10421,-0.6324024290879511,-0.0037020576799600344
10422,-2.6645345836095875,2.1193309220400884
10423,-0.9357836958276973,0.9413817457837376
10424,0.7638807775738377,0.07227978411550931
10425,0.7523266450432775,0.059276127591993584
10426,0.5086623243311746,-0.3366987893422001
10427,2.984177898254155,2.454971654794955
10428,2.1608736405149234,3.4430001141657596
10429,-1.0516014695438205,1.6056541573674776
10430,-0.19496344008065714,0.9992789757239888
10431,0.9797226440347182,1.078462795615375
10432,-1.1869960466546032,0.5068782329946195
10433,0.934892853737976,-0.15147110868939379
10434,-1.0807992276740537,0.7341991651241735
10435,0.18232922429758489,0.2164415788419603
10436,0.3368660379073923,0.8801269840415166
10437,-0.8138647722251546,0.10964741202560957
10438,-1.1215596163698414,1.030787089526285
10439,-0.4102554735572965,0.8413013606901731
10440,2.374347353590717,0.9459195986759125
10441,1.7974086958993423,1.1075052944923733
10442,0.5198393031275049,1.1913454578490084
10443,1.8499399301236215,3.2045258093364493
10444,-0.5520619742310398,2.3278547999392143
10445,0.3180927400679486,0.88546028383277
10446,0.5465889708660147,0.1103775962385032
10447,-1.3245119141301998,1.8041575678263442
10448,0.40301748562202167,0.3071343077935735
10449,-0.2457626117009155,0.4804045447196726
10450,0.22049533627717188,-0.08376669103143386
10451,0.47333811720428465,0.3149114448661878
10452,-0.1349288183094633,0.39857229707508207
10453,1.3458743735421634,0.027915827891891447
10454,-0.25288356900023423,0.1722916474904522
10455,-1.0728358055402305,0.3777568539666559
10456,0.9666900606074937,0.526860340358348
10457,1.148678953425275,1.2423212969192412
10458,0.24472340739878062,0.002392072112119684
10459,1.7946008169922771,4.800950212079411
10460,-0.1403743613917196,1.929914092505006
10461,-0.29818440973800603,0.7561712049234681
10462,0.9990064764480255,0.5168026651989714
10463,-1.1832961996489129,2.9238358406160354
10464,-1.3191870044879097,1.0413686734746466
10465,0.9041351817445428,0.4920460234258393
10466,0.1515226163816495,0.5371994279656197
10467,-0.6966355068182564,1.485717066208937
10468,-1.113352563118719,2.4366243963095324
10469,-0.41127550707915994,2.302519936812858
10470,-2.2462514752192027,2.664484036714307
10471,0.013319629772010927,2.5598999450070137
10472,0.3584465195401964,1.1495450573880401
10473,-3.655473226030176,3.993554962946629
10474,0.731305057559567,1.1481887935131114
10475,0.4868649694589773,1.0659337052068485
10476,-0.8703964158100053,0.8537889595414478
10477,0.6452160518309407,0.06830384228611787
10478,0.7216121743170525,0.5195061769860999
10479,-0.8965994658058394,0.6673817537308894
10480,-0.1081622129319525,0.9399508509871578
10481,0.3663137419955213,0.2628072386836288
10482,1.4544191262228237,0.6516559571273076
10483,-1.5352671261604884,0.5130940866579418
10484,-0.9469626737064873,0.45956827309011467
10485,1.1859292778315738,0.4889069913851886
10486,0.22729531310961607,-0.030844057641839177
10487,0.17291325631733287,-0.13266638150818774
10488,0.26869575366009446,0.2003752454163818
10489,1.3213546579367752,0.549913886770046
10490,0.900611196387766,0.4646666786018375
10491,-0.5862049147442756,2.048373703464534
10492,-0.17033398706148778,0.6883723548901471
10493,-0.29096665340957484,2.1145152011848607
10494,0.2296774836893456,0.8270298198482151
10495,0.7277636328355446,0.8421021093050348
10496,-5.141610100258757,6.356127898363733
10497,-0.7379291883871744,4.2504243162415
10498,1.0860834953864722,1.1622257739709432
10499,-2.4074951649737515,2.2212721660093955
10500,-1.4510737686550992,2.6809586088518573
10501,-0.6306263222148045,1.4490235229401238
10502,1.0716635298338302,0.4548492361583598
10503,-0.513625502275144,0.6784174729844894
10504,0.6007880148718311,1.2616538516774498
10505,1.3968998326384763,0.9004464807442837
10506,-0.9866067754527712,0.7122130835075267
10507,-0.4017231862236309,0.08688317486432587
10508,1.6897513272937243,0.09374049224432711
10509,-1.4413036292588246,0.15056401488911825
10510,0.19312034213651322,-0.31554473790696425
10511,-1.5163893985969612,-0.002358569520226381
10512,1.0099439228585387,0.5863100296665255
10513,-0.5921469651547415,-0.23594077162762028
10514,-1.103503076022965,0.1529769095415905
10515,-0.9172788297123755,0.48931186552025047
10516,1.8547471031317988,0.48081046485753454
10517,-1.3632176231835713,-0.1378338004580236
10518,-0.2517494412495862,0.1803070717571737
10519,-1.4109447751766617,0.3173420137733309
10520,-2.449802582825334,1.4783865076731826
10521,0.5502954946042247,2.5617530179033663
10522,1.4688312744348213,0.4738080688818319
10523,1.9900771944488778,0.18220958949255397
10524,-0.015347810804660432,0.051633040056734025
10525,0.3052975821738481,-0.24710440354304347
10526,-0.819229705201632,-0.21365021517442995
10527,-0.6768995563421027,0.23894579595539076
10528,1.5462736011493614,0.0373868418508774
10529,-0.7169291504268136,-0.33222704530321584
10530,-0.8319449081299856,0.012401414836387419
10531,-0.8925220605454887,0.023931649328547983
10532,0.9029404733598142,-0.07086731620333497
10533,0.45371009671726226,-0.4343408344299147
10534,0.5734444621056125,0.14388747322539586
10535,0.24352768095258523,-0.480802300390536
10536,0.44975159978517576,-0.25193079940326635
10537,-0.8314904364770368,-0.11300547147952802
10538,-1.5689755266647474,0.05502554140798693
10539,0.22907926376569715,0.21537083743777385
10540,1.2139012416333879,-0.030107451295372994
10541,0.4143218368483226,-0.0915962437538209
10542,-0.13112798073992593,-0.4552285583238627
10543,-0.3672481559976966,-0.21058549270731375
10544,-0.034337212087558605,-0.3817457739414213
10545,1.115828843996156,-0.2782687828808115
10546,0.4410588272869371,0.06606081584311661
10547,0.5270075132463403,-0.4463423123798641
10548,0.2785840999748767,-0.46973298740958486
10549,0.745927096006422,0.2671953879149457
10550,-0.0037856000988301594,-0.34118648602692064
10551,1.1807756102744171,0.2038204662472913
10552,-0.5449714788654013,-0.3211667746741409
10553,-0.12909035809756808,0.11130252555107949
10554,-0.036734214119746623,-0.510688673804428
10555,-0.7966334805404875,-0.21865872110845827
10556,0.3732813308328843,-0.44082028834605363
10557,0.4487465670333654,-0.402322016706402
10558,-0.4500465558269451,-0.4323789171221813
10559,0.01699429858752611,-0.5020382039301253
10560,-1.0928483991942415,-0.22754256881967994
10561,0.15007343609705898,-0.26384112837921236
10562,0.34205356662531755,-0.5157444421272295
10563,0.5008659945651247,-0.2999702227971292
10564,0.3272530834691405,-0.3855054898153226
10565,-0.650174830992209,-0.22825384940505622
10566,0.059975000422208984,-0.5695511683918346
10567,-0.915905525190105,-0.33226549884264167
10568,0.13801158384347761,-0.4392223960061094
10569,-0.11078416427233143,0.03500077233243179
10570,0.26294257296693646,-0.447618591634122
10571,0.03223419847676244,-0.4087406544899102
10572,0.4864795057800176,-0.39348824007365024
10573,0.4828053165157785,-0.2507561730152768
10574,-0.4191126975510667,-0.3677728511889303
10575,-0.43588150624785804,-0.4273966758123976
10576,0.43925584021554376,-0.49639446181314106
10577,1.1917739641111766,0.2627423853266121
10578,-0.8632488775930114,-0.08073235271882917
10579,-1.2384764720700498,-0.24093768333079787
10580,0.9803627122196829,-0.05786831717849267
10581,-0.46165497293624724,-0.4974877737117174
10582,-0.7830667692499451,-0.2376604758174857
10583,-0.5749181807963795,-0.24367490159089558
10584,0.7075562219070074,-0.2826827037341734
10585,0.1501329507742043,-0.42942089027165353
10586,0.6276991209618408,0.03480020101263246
10587,-0.32908564389699213,-0.06781427411211777
10588,-0.05770601432996721,-0.45019210156754985
10589,-0.16653437798558907,-0.11653879514775274
10590,-0.5800768288986162,-0.18496305246415312
10591,-0.9160101890069197,-0.27822696280625264
10592,-0.6230663896499878,0.19045250322077648
10593,-0.2387375849629325,0.25816461959157005
10594,-1.148519346908171,0.47068986191326634
10595,0.8687554053666395,0.6164758634848
10596,1.4996542435751357,0.4288956866337653
10597,0.35623332112018186,-0.0349303416246555
10598,-0.7085507929215928,-0.20501880977968626
10599,-0.7498679523720511,-0.42251772389688536
10600,1.4970955900980432,-0.03820685788192524
10601,0.1318422100228545,-0.14187653056828228
10602,-0.35521283647740115,-0.1402340403372427
10603,-0.5266274210161349,-0.3970285866936706
10604,-0.24259321908061715,-0.43549061797733657
10605,-0.5176119967289188,-0.3726016168333418
10606,0.1984093740375122,-0.5453634661118277
10607,0.8478994872173363,-0.3425768611760703
10608,0.05933766826874237,-0.4822700502687179
10609,0.022960461019640666,-0.5051461720387053
10610,-0.43153011254186946,-0.5634561596986368
10611,-0.31636486499733035,-0.27701677441304545
10612,1.0071286767099226,-0.09390690169260774
10613,1.3998735609185111,0.053406530669393715
10614,-0.5456401690371792,-0.1527113002453554
10615,0.1454213217000503,-0.4697498663006416
10616,-0.03977515459369921,-0.528468108865227
10617,0.3958105162521879,-0.46311081040034663
10618,-1.093803864039178,0.5057558892787387
10619,-1.571190898147902,0.5001284959495936
10620,0.08440434767180491,0.965695681279825
10621,-0.6175083955023708,-0.2657240255041138
10622,1.1285195544637572,-0.33826760651251286
10623,0.2329854677319501,-0.41272953397450746
10624,-0.13327815837505913,-0.5372164517661162
10625,0.44074825128046835,-0.4504977342812761
10626,-0.13379521526905208,-0.5030854658837877
10627,0.4159946049463954,-0.5521957008509503
10628,-0.3294160810686967,-0.5137185720581492
10629,0.4635095379482043,-0.33701422820545596
10630,0.15734955683951216,-0.5796909358337403
10631,-0.8066630531410759,-0.18111156069678203
10632,-0.073411688273229,-0.31959634187342123
10633,0.3589836050066456,-0.45731871104398314
10634,1.0332279873395318,-0.12591577810842192
10635,0.9731809240742677,-0.05829587203339221
10636,0.2759950007751946,-0.08143291795366897
10637,0.2286618042426706,0.01492305122972404
10638,-0.6971347381310098,-0.15149725026791594
10639,-0.028678115733848354,-0.46289692488090567
10640,-0.5063861868588605,-0.4036624087153402
10641,0.5689552039049106,0.12273021326578425
10642,0.12097753583967427,-0.12997394414692748
10643,0.2166711593713219,0.12779694237865327
10644,0.15596193640431064,0.0006407165750113064
10645,0.5283218278828186,0.6100976778156317
10646,-0.22157518384049177,-0.03902395356624598
10647,-0.2553738689733141,-0.37685983647317617
10648,0.5336261382601012,-0.26317379057359014
10649,-0.9734871369668265,-0.10325230506421532
10650,0.13230849419712934,-0.3287394996017588
10651,-0.4563437182036325,-0.34945214179405515
10652,-0.47977002771029675,-0.3118039029623012
10653,0.6181551440536508,-0.0539187627707134
10654,0.4725275628176877,-0.0878486933674062
10655,-0.5533319123626126,-0.3609397451684471
10656,0.16923550914752516,-0.1927336402104207
10657,-0.0581900223767126,-0.46992756607384717
10658,-0.23656037446851075,-0.5451006098775987
10659,0.5175469670347357,-0.23982796716034277
10660,0.8724220579934381,-0.27828882076490247
10661,0.48776193088360353,0.026847988194147455
10662,-0.7285019281440743,-0.19516848717951274
10663,0.907620169211788,-0.1606943136842517
10664,0.18689406424165084,0.011015094137833
10665,0.408540917607648,0.3245460764752171
10666,0.47138476958349007,1.5377130077168748
10667,-0.7630714492129339,0.3883763103834691
10668,-0.48107620584172034,0.06122761742738091
10669,0.6002993351686695,-0.1241778102779078
10670,-0.5639152126995772,-0.03354418382564458
10671,0.010234253823666196,-0.10215550468021707
10672,0.30458684254528523,-0.22093940020378228
10673,-0.23611201171301688,-0.24332882517700552
10674,-0.5952854654940056,-0.2533696177753092
10675,0.15575732722416458,0.03387138530329487
10676,0.20937966486522952,-0.05654374350303016
10677,0.44085428316682046,-0.3939091233367665
10678,-0.10502576733443247,0.22129675510879246
10679,-0.15651539685733182,0.2648225698781348
10680,-0.41148861122171754,0.04259630242429372
10681,0.01895489265054892,-0.0705841947364862
10682,1.0117807401902355,0.640804442959797
10683,0.4960080874623003,0.3090164011127102
10684,-0.22161832216555222,0.3474765698474155
10685,0.35081969029502574,0.17670407373091454
10686,0.9986216427524062,1.0748996032740281
10687,-0.7643691971928389,2.167385731371884
10688,0.3886501544156424,0.43508790180841383
10689,-0.14309739232389815,0.0032343505227053902
10690,-0.31055929763225415,0.6122819634351819
10691,0.37826777070735873,0.10978771530215586
10692,0.1663905091117746,-0.09624282059211374
10693,0.051967794645748196,-0.16675551351563667
10694,0.553169843381542,1.0829793643758014
10695,1.0386660800910859,1.1986920638718075
10696,0.04171498773248892,0.7569237823644815
10697,0.7304061743187541,-0.1337685496866256
10698,-0.963701817557862,0.6393288878801459
10699,-1.2072763643405084,1.7017416080301133
10700,0.24875806979802978,-0.1305194316864561
10701,-0.5867481779707426,0.11997599846515294
10702,-1.2600557609036835,0.5833586868478701
10703,0.4487721798925419,0.6990683369971689
10704,0.09510418858086303,0.11254809715526648
10705,0.1369432542293455,-0.07240622616956567
10706,1.4767503461258815,0.514348377386584
10707,0.9790296853279765,-0.06857591051584397
10708,-0.14060063659696193,-0.5098517148710192
10709,-0.2632687078968817,-0.06141214315574122
10710,-0.6087611663504492,0.02701097398127119
10711,-0.8753180538130805,0.7298701771995129
10712,0.18372726828661717,0.04957682026469337
10713,0.5262431253005952,-0.30739837626942096
10714,-0.46587872979503897,-0.46807028671653944
10715,-0.994862512122817,0.35124989579207333
10716,0.7409459342417662,0.08473765877738099
10717,0.02436963970769527,-0.17953819550743685
10718,0.9882214218403381,-0.3350909401589079
10719,-4.458232293575752,3.1866869107866655
10720,1.1844951369173213,5.377267051072919
10721,1.6902999293895942,1.62196882862065
10722,-0.6472748170665004,0.5414312125355303
10723,-0.45066782622765444,0.7595227184358976
10724,-0.4831434612677312,-0.15983132667067965
10725,0.6974099853759828,0.3648877516914139
10726,-0.1694066118159303,-0.10587863282983626
10727,-2.149673960454837,0.8645832490642885
10728,-0.3336814561746207,1.2169727206726162
10729,-0.10306318733821504,0.05781672570590701
10730,1.8678331414941223,0.6995684350915031
10731,-1.3748945428163228,0.27243933033520396
10732,-0.30301804471845784,-0.30495834232552804
10733,-0.5204857883567535,0.012037384694423295
10734,1.3649620648193466,-0.188337826433705
10735,1.9858656034459972,0.5047422742039284
10736,0.7315368295414693,0.24332257504430474
10737,-0.514514973475932,0.25588017406074953
10738,1.37550348078536,0.5784298658377459
10739,0.9906029090803476,1.504459439054319
10740,0.24322452893568597,-0.2046411746612716
10741,-0.32822396964472744,0.0643459938741122
10742,0.2819098413203877,-0.22497914817586606
10743,-0.3689876282539416,-0.19325830682679482
10744,0.21801092463187688,0.5328368521789704
10745,0.7057051326800057,-0.3368430218636257
10746,-0.9335734707750591,-0.16069591060444363
10747,-0.09145107321234391,-0.1497594775601151
10748,-0.5314510381564178,-0.2955421451494519
10749,0.7875031934472656,0.24627196027350245
10750,0.8589615012268828,0.10175495454438753
10751,0.13793866565529928,0.3754484221225029
10752,1.6194976519527207,1.2786253164334238
10753,-0.6425006190335697,1.2651438811791735
10754,0.5681399039154695,0.3639386972656946
10755,0.6562476600936137,0.9083315896517302
10756,0.5162443355775191,1.124144313043373
10757,-0.9806324357340378,0.6992664578508953
10758,0.24131209225760966,-0.17387957551047017
10759,0.30444874060474914,0.43672485695435714
10760,0.12634167286019804,-0.12768219597839361
10761,-0.6263176756332492,1.4517518372230322
10762,-0.40533567925452396,0.9274119754324021
10763,-0.47623619682911456,-0.01621075300080646
10764,-0.7659358445567328,-0.11159143484490909
10765,-0.5892273156144873,0.30855686896550344
10766,0.7903409059460826,-0.18270115060024117
10767,0.1697504215950165,-0.02225930174144799
10768,-1.007769482080946,-0.009579188715669814
10769,0.608006371291579,1.021057558145589
10770,1.2247818391235987,0.36370633324070223
10771,0.3261868431558694,0.6706781824016199
10772,0.19756810198738198,0.4696318862881514
10773,-1.4437096662714914,0.47912333776845845
10774,-0.2804253339513001,0.7768420205540152
10775,-0.17337026442867778,1.9314274262861237
10776,1.326853502038423,0.6941004758652046
10777,-0.47099860453441295,0.44384331562805296
10778,0.02835189694284044,0.29160479416350055
10779,-1.4677030914445246,0.3921349208446582
10780,1.2936165780676558,0.1343886188888293
10781,1.4941875430373612,1.3825982467219422
10782,0.43236291871193505,2.3622395712490416
10783,-0.1927860346330162,1.7770857550025336
10784,1.1681213592220583,1.4905173219945784
10785,0.6891576391233488,1.8177429746886933
10786,-0.5600538022344418,1.0046755992576868
10787,-0.07495020545282019,0.8082453615076973
10788,-0.6596090068460789,1.4843633710126614
10789,-1.11954375257372,1.233330916168937
10790,-0.012483953514960927,0.16467419664014035
10791,-2.0218490297510203,2.6296338249899955
10792,-0.8205736191985487,5.43262068575765
10793,-4.0682403468349226e-05,1.980763153588711
10794,-0.37003416405716816,0.7293225702354662
10795,1.105682913484792,0.07923077287881738
10796,-1.1793527070505365,0.3903384056892453
10797,-1.0233727670891164,0.5756623106856997
10798,1.4891240764726106,0.6118083303058158
10799,0.5048678318610744,-0.1196389926761122
10800,-0.10355725639453478,0.6721810147540552
10801,-2.108371299518413,0.40588509631861724
10802,-1.861412604962771,1.8184867966550533
10803,1.353188465024065,0.0399530317583818
10804,-2.1091685041750248,0.5312520300675592
10805,-0.5736129125642974,1.9892089437439997
10806,-0.17047069509327709,1.0203494846032886
10807,0.7933418480490156,0.6567369371084572
10808,0.42491934875929105,0.27514179201328665
10809,0.06083842268257054,-0.0032827276754625705
10810,-1.264759253497521,0.4608010996459278
10811,0.38537945304291776,0.21770072718930222
10812,1.1790649263520547,-0.2936088396177654
10813,0.5446445447402992,-0.13216198707497473
10814,-0.3186100275482066,-0.08443168068856002
10815,0.5959845356040208,-0.3984630965361784
10816,0.05027778397262571,-0.3711376225882596
10817,0.8622747731014312,-0.18664945911352118
10818,-0.8292536077938157,-0.12308661359507837
10819,-0.49291973615838425,-0.32620072281477897
10820,0.3277107296677861,-0.35483202091623034
10821,0.10566525573672855,-0.31242424705215766
10822,0.09254288345949999,-0.2939751986930908
10823,0.23414530945774542,-0.21607403456517588
10824,1.058678839003489,-0.307990050352132
10825,-1.9505131312987527,0.50980706108243
10826,-0.3609293484488775,0.33289838353771967
10827,-2.257483303910557,2.669023665703895
10828,2.094806239372331,5.969279373380086
10829,1.763329434412772,2.9321696692621657
10830,1.1023697411953295,0.9185318152758866
10831,-0.7037409223075786,1.106802599057012
10832,0.5369338857632387,0.010123398946282463
10833,-1.2539125677044898,1.0628249775177379
10834,-1.668761980448771,0.5427005760142131
10835,-0.027330862969898128,1.398342757368645
10836,-0.6032224683186657,0.9302875931629324
10837,-1.5557775013892532,0.8789664284673353
10838,1.453287438658252,1.08841835243548
10839,-0.7491552020934358,-0.016849891475923615
10840,-1.4089877761137022,2.3870020592911363
10841,-0.5609357875222865,0.3323953328674193
10842,-2.7191257532917428,3.969066409797659
10843,3.3308609903909967,4.096774804674961
10844,-0.16844255004536962,1.1657527963447958
10845,-0.6558793272308143,0.3548054827257846
10846,0.868372127176011,0.5016237839222478
10847,1.333112431667257,0.42725131436369546
10848,0.5606574067872077,0.4784344020179965
10849,-0.721582904237277,-0.06076015432153438
10850,0.643859387349135,0.703932893356222
10851,1.9178852280580045,1.8979922810296201
10852,0.9034362115807921,1.3143357559449502
10853,-1.5172950454996461,0.6117000057586283
10854,-1.1893914541963049,0.5606658022718869
10855,-2.075471669545462,2.402623608659248
10856,-0.6905236093423,1.097236378024546
10857,2.0278054135872803,0.9164700607227373
10858,0.7603674865132689,0.01010419232087903
10859,-1.3776221458834939,0.41092938880102187
10860,0.6898710996131516,1.6433045167874962
10861,1.4895303949247856,1.1297331715900012
10862,-0.5641454162908615,0.7044295547002902
10863,0.06503635804211097,0.5313132819556398
10864,0.26795104894065547,0.19898094295457977
10865,0.9317758758319544,0.21952280936511853
10866,0.7911642574647383,-0.15111846548815205
10867,-0.3673342924806119,0.7135610029775112
10868,0.4093903960556353,-0.16375507897561284
10869,0.005960145828556217,0.13797693878225353
10870,0.7089120416066865,0.42278945017311004
10871,-0.0419535149269455,0.5777818171514806
10872,-0.09413804946941132,0.13048560767981518
10873,0.47522824647443956,0.07913272768161606
10874,-0.29432144563688656,0.39054260262070967
10875,0.6181137068897735,0.651834948615457
10876,-0.8540147391167874,0.23463063145120008
10877,0.8863003623529198,2.196473928234286
10878,-4.399061410833738,4.514440122896953
10879,0.9450778272525985,3.133046253500419
10880,-0.34173418480336104,0.6674199697187383
10881,1.1138406857831151,0.5600702026450239
10882,1.8420024847578684,1.8473652905093427
10883,1.0237287430809425,1.6540053501375618
10884,-0.8931278003013248,1.2457295925926992
10885,-0.7288438198501963,0.29261939412924876
10886,-0.21388104065048597,0.7054610130572465
10887,1.7480852784534833,0.7846884779695983
10888,-0.6272055309180806,0.7281446876039473
10889,-0.23909348426776078,-0.0021546565577869026
10890,-0.499055496011362,-0.13109371009061271
10891,-1.2519295111255029,0.36978144583600747
10892,0.28956650839033077,-0.03726574861639729
10893,1.364034930927637,0.46585383521178014
10894,-0.11141691349851737,-0.2910954177501969
10895,0.45678599822773774,0.38700071612021675
10896,0.24661514615211377,0.4011721648942696
10897,-0.6719647023351631,-0.18322817960270898
10898,1.8410217793953105,2.274615207229547
10899,0.3992938397948974,0.36050338448312075
10900,-0.5782550834088425,-0.23372077511886052
10901,-1.5533780864145572,0.40922810485598016
10902,-1.022335224128489,0.7805192630182936
10903,1.7426149326578106,1.2818055741679728
10904,0.5846518279422876,0.11566777966657543
10905,0.07497841050085585,-0.01238234455150461
10906,-0.02145274120726199,-0.16452423457093926
10907,-0.25680188298601736,-0.17303110153835158
10908,-0.06571747777498987,-0.27824020403397726
10909,-0.25073095619434993,-0.378709021523036
10910,0.4074834718743905,-0.2923418427137704
10911,0.36393410526429326,-0.3159631339611377
10912,0.5359270873516633,-0.27644154876014304
10913,0.5885715353125672,0.12838901761915922
10914,-0.44790702546067807,-0.1468235523751102
10915,1.2869870820299303,0.27002068358510734
10916,0.8100766838347015,1.0705968059725828
10917,0.0007459953592115001,0.1585561276527725
10918,0.1790538765054136,-0.10175638803209404
10919,-0.3515060867256927,0.4074135215019957
10920,-0.5103818709492437,-0.010568707214953593
10921,1.0014816482082416,-0.006955012854311138
10922,-1.2883089695341186,0.10224070388933641
10923,-1.0184844891634999,-0.024293706709572295
10924,0.3950905559990705,-0.4665315751769894
10925,0.3623390729083601,-0.13635749079659118
10926,-0.3578748625635494,-0.4136964197006474
10927,-1.2780115171335678,0.8143074189372109
10928,0.5882479040237933,-0.16949637919032853
10929,-1.0321947498749442,0.011185632806125008
10930,0.7833833593239945,0.6463219768147935
10931,-0.5610646263644934,-0.009932615048801743
10932,0.06452219798309211,-0.27240872075060346
10933,-0.23896900588514305,0.014435222574985902
10934,-0.3256333255389633,-0.3462158019265642
10935,0.3193752578384025,-0.4551840560067331
10936,0.5956908494163511,-0.30078810713504567
10937,0.2480095018545499,-0.18064298372366414
10938,0.5083037242950087,-0.37201228578993106
10939,-0.5719349470070411,0.4566010285822807
10940,-0.5647242143998203,-0.3212313478557852
10941,-0.10600855072791096,-0.385883376179893
10942,-0.13085510275161166,-0.4984304257467313
10943,-0.5384814669152087,-0.3336762758861858
10944,-0.16931218975275306,-0.07492816529480238
10945,-1.0743386367077679,0.4626567505316175
10946,0.34067027009005213,-0.2398270872591063
10947,0.2641196736996387,-0.03512274355775496
10948,0.40759371766480457,-0.4446637309672125
10949,-1.1897657383417473,0.19772105336942541
10950,-0.1412359929059906,-0.26204233179377895
10951,0.7710480990323567,0.6029361583826213
10952,-0.5465950800062835,-0.3114863245879908
10953,-0.7655855265930379,-0.22418824506213939
10954,0.7874738305646825,-0.19353016947758378
10955,-0.9914139962376071,0.041544980276297085
10956,-1.0840538183727273,0.7245789415168563
10957,0.06315883998393662,0.6904516087022912
10958,-0.14014171212583426,-0.09984122416755359
10959,-1.5078590239684764,1.089122305139738
10960,1.7943952548561048,0.7479116856911119
10961,0.2856816821738562,-0.25529702405011884
10962,0.565064926237566,-0.33287151650265145
10963,-1.1312523355325468,-0.18285570515353744
10964,1.8314922448632052,-0.01591740689807923
10965,0.18431589292212072,0.1384555046705761
10966,-0.10060760120009576,0.06489162796201176
10967,0.10359070674122928,0.013747367831653623
10968,-0.7231925976899958,-0.22308406919131846
10969,-2.0748015367994825,1.452186994796047
10970,-2.1537730121450123,4.0468914041479485
10971,0.4838687601180241,2.4501667727357126
10972,-0.24122260621335148,1.9347243599218924
10973,-4.626787431037873,5.321092659924149
10974,-0.3389670929310686,9.107886018755485
10975,1.1551552871442234,3.491264078889796
10976,2.0565602839145014,2.5166486990970007
10977,-1.0358111603899691,1.1710833783665082
10978,0.7789864159430586,0.08727507741142385
10979,-2.2468135802926437,1.4847386379790342
10980,1.22279367218314,1.261672538793432
10981,1.4382211948304349,0.6619131874922688
10982,0.321106650992475,1.222815890922394
10983,-2.6155440989917946,1.503368808569019
10984,-0.24185964304808935,0.6003800172878535
10985,-1.3773062872593629,1.1250952172891033
10986,-1.510195017475553,0.9042713334284513
10987,-0.93837313220362,1.8729557608325982
10988,-0.40728577815147693,2.302620757656735
10989,1.3822638994781036,0.7220127907713533
10990,1.0181715581072108,0.011339315424182006
10991,0.08485052224518391,0.5526470610678709
10992,0.3588576256165381,-0.08982846037180137
10993,0.04512635130089304,-0.3627383098000847
10994,1.1509778827068677,0.5200052870184622
10995,-0.5788576304789212,0.09292350345393684
10996,-0.19146223757707015,-0.2572366063735646
10997,-0.4574749810312738,-0.3790990498861016
10998,-0.2346559143380325,-0.057472422515701165
10999,0.27125472313532906,-0.03609079783585832
11000,-2.2370531839256413,1.2616563512272023
11001,-1.1275988525909737,3.04553215409277
11002,0.3652368082551581,0.4083551638035961
11003,0.5107298767651895,0.16802484471367626
11004,-3.0044795079275413,3.670432096318288
11005,2.0840461696045125,1.4693077862170358
11006,1.2405120522884459,0.13508699685082673
11007,0.6377012270828264,-0.03623901242709062
11008,1.373969842501777,0.32823116828191423
11009,-0.09751028396635186,0.14326269618966192
11010,-0.13472921240959873,-0.11583051011549843
11011,0.9378373933811628,0.18085063711213867
11012,-0.31108045251911765,0.322762382463425
11013,-0.3343343862355979,0.08383916111092793
11014,0.3360431784498482,0.030248523546604723
11015,-0.4520927500375571,-0.10074538576574167
11016,1.7117630049387182,1.4936899347880679
11017,0.664387386017752,0.6292368327025876
11018,0.33767735962333956,-0.2630474601542074
11019,-0.873131939144693,0.30878169872747463
11020,0.02518630608554359,-0.35420746195334674
11021,-0.1530943901526826,-0.16865209382896634
11022,1.0972769036027812,-0.00025073617796200764
11023,-0.5806220225929173,-0.20625481742001475
11024,-0.758429675872849,-0.06640226725928468
11025,0.9294691714869395,-0.10427725590426194
11026,-0.3868107656920406,-0.24768373047244005
11027,-0.0039748573527035695,-0.5525978003355723
11028,1.2034106087663583,0.379460497449028
11029,-0.9714297263121406,-0.1556524875260353
11030,-1.7929534770445823,0.8510579513724611
11031,0.29253365131496095,0.674789810281757
11032,-1.830798361403616,0.3134256147464229
11033,-2.2940259251415225,0.9149999889508017
11034,-0.2033681790983609,0.26793809499859145
11035,-2.087549820549724,2.4663313624953096
11036,-0.301709950925936,0.7743933146122991
11037,1.39355963789817,0.27674254637398804
11038,-3.9820834254577595,2.3098920776578917
11039,1.611395655417685,3.039509152768416
11040,0.39112645658019096,1.1526048856309996
11041,-3.876416016018266,1.566358739022878
11042,0.4627204104144713,2.7776241551232443
11043,1.9038084112530713,3.7454817834481147
11044,1.0684295100471068,1.1427073931935683
11045,0.5346117653806303,0.46099001511592613
11046,0.8205004327762435,1.0065966836038844
11047,1.9492767276548564,2.35380187417734
11048,-0.8553359621761648,0.9332403287785012
11049,0.22157734478878424,0.8166651231648872
11050,0.624308746392157,-0.08747320095647518
11051,-0.38197577850555653,0.33333972658979166
11052,-0.18026952088303166,0.31703507267507997
11053,0.32585185403450195,-0.07763759755134918
11054,-0.788205771621076,0.7439915651913681
11055,-0.6302062590218416,0.31609072703364355
11056,-1.7876976091109442,0.2492626595196347
11057,0.09533394796832725,0.5345125122960032
11058,1.399716250055443,0.6039070120500651
11059,1.5151114366621816,0.6721599968927835
11060,0.35913741092084667,0.00738464205392523
11061,0.7466532255337903,-0.07810424765305443
11062,-0.20711191449453709,0.4036245833255165
11063,-0.46150819286041966,-0.16763113523062445
11064,0.24314707705850375,-0.06018208095346701
11065,-1.4255094858814448,0.36400087328782016
11066,0.90259455677388,0.4638110911916694
11067,0.3704299934736362,0.4670870279392902
11068,0.20323119378749624,-0.010075950017233734
11069,-0.5050955455690112,0.046838561439298466
11070,-1.8236190482396242,1.087425606701424
11071,-1.0317032940888726,1.8443349341460114
11072,1.4599398279608107,0.6980391024476214
11073,2.8276339981378147,3.016004075663974
11074,2.106445604966058,2.4274592331822205
11075,1.2747597807112605,4.87469833530168
11076,-1.7210464753145858,3.1413687133052552
11077,-0.8064358805617491,0.9642715705072319
11078,0.5487686458241455,0.1672977374004175
11079,-1.1702913591701423,1.5512849497897043
11080,-1.5653572984943895,1.279955879060953
11081,-1.1164611100922561,2.0822634321903024
11082,1.0733391748757377,-0.02317500292161091
11083,1.991565647119013,0.2709060150469202
11084,0.7956392571872105,0.5603791262649759
11085,0.6583520958467229,-0.2146300369874804
11086,-0.31131650797973714,-0.13445515758536225
11087,0.8653102335043751,-0.04645332996983509
11088,-0.003073746404038404,-0.0976757879298278
11089,-1.15637535666039,0.05308637747576389
11090,0.34533933746459267,-0.0710347253479756
11091,0.7767994088225466,0.09280813147660713
11092,-0.6651398402738831,0.09849422981355975
11093,-0.8575529485642417,-0.15035525418406087
11094,-0.3695996496502322,0.0625913202899704
11095,0.23553723592546544,-0.18959900413861963
11096,0.11765075746912193,-0.4976626753211915
11097,-0.18491575759449752,-0.4004055934822348
11098,0.3467496731626698,-0.295700425162648
11099,-1.011240280378615,-0.23234892647314775
11100,-0.5996821002694868,-0.2931693950027076
11101,0.10635580051763915,-0.24890907947409927
11102,-0.641912755705761,-0.4095250582734039
11103,-1.02949126128776,0.16975584389971016
11104,0.8003153887710122,-0.11604604474393759
11105,0.411754654807761,-0.3057863749457966
11106,-0.9484359439583976,0.08188856844634294
11107,-1.2367008326950448,0.1403533103277594
11108,-0.35139556838130037,0.4130532340470627
11109,-0.04629385115343652,-0.011016825616762966
11110,0.2084227396569494,-0.35712665172194724
11111,-1.1186524995339644,0.8137802923584473
11112,-0.10547212366685124,0.16591475522354202
11113,-0.6536215379824644,1.1369141064896546
11114,-0.7190994156872696,0.5357942357906275
11115,-0.32678625013967677,0.9615423644574193
11116,-0.09741622061450081,0.40460552792279186
11117,0.5676585781410919,0.4942972544015189
11118,0.26361808173959994,1.0083582829452418
11119,-0.16883838106835286,0.3421693746322676
11120,-0.4877031573284517,-0.014312305638451922
11121,-2.6947123009857825,1.4093835329059097
11122,-1.2077995579597318,1.599683563425187
11123,0.3598928919827592,2.1150734396892226
11124,-0.9870712202546856,0.9169158652801455
11125,-2.3565231273069682,3.943629144063326
11126,0.6832066648855442,2.1428482752979665
11127,-1.2065573700400805,1.2426344907308646
11128,0.8513884839899212,1.1741823701645895
11129,1.6721298290966347,1.9234971137025483
11130,1.7249206189891315,1.425393651072356
11131,-2.4687122731399946,1.3239370083700928
11132,0.9969028986248759,0.3923496378140557
11133,-0.4514399687018252,-0.005342700798674115
11134,-0.6592740751359959,0.2749361110487283
11135,-0.5350709660909824,0.4213989024389286
11136,-0.3969086569768371,-0.060206464281052474
11137,1.3024269977643348,0.3024093929171626
11138,-0.4397956331405456,-0.10911360007615266
11139,0.6294729762965362,1.160576240086283
11140,-0.13442198967904762,1.3123372390456858
11141,-1.4906638696419012,0.5155682419251405
11142,0.7789520441894437,2.5896429271244967
11143,1.1687607396461472,1.3467132733053981
11144,0.7161562863175043,1.2702902946766248
11145,-2.424183252878187,0.9903538522604148
11146,0.6248892262367546,1.6925322067279476
11147,0.34611464612157755,0.1911821048987411
11148,2.1949621776082786,1.6527588528027632
11149,-0.6726711115977221,1.2595232716003693
11150,1.9338383746300072,0.9120616734955094
11151,0.2845142759643102,0.7357401112419625
11152,-0.9987127742742002,0.16897147586285174
11153,1.2432256203249044,0.05466634883262129
11154,-0.1041749417949488,0.0049963096091176435
11155,0.4836221368297817,0.45186651651683896
11156,0.85546277774681,0.2529860008620659
11157,-0.9960618664627179,0.19957167627403755
11158,0.3130189296388928,-0.19563043657200924
11159,0.5811530456598498,0.6088953152884766
11160,-1.4294918575981885,0.5645799149456594
11161,1.021266841105385,0.844590303560922
11162,-0.9524774155026925,0.22245273224497325
11163,-0.1958857426646643,-0.021813951664842325
11164,0.011066518486566784,-0.08745248115701135
11165,-1.7453459595100926,1.488366921194734
11166,1.8776720418782777,0.8236221956379485
11167,-2.370397717171031,0.8703328150878599
11168,-0.8259804723743285,1.984127387530379
11169,-2.6385569361287966,3.467985627771465
11170,-0.7823674730371036,2.7335858546487595
11171,1.7161797408754549,2.0947766365184446
11172,0.459213912300318,0.6472297805110857
11173,-1.4268339595303987,0.8721244907339375
11174,1.7185404071468842,0.6079566468107527
11175,0.5543732371183225,0.13840316290398422
11176,-0.4545676933361141,0.8663729852040694
11177,0.5525069704597382,-0.018845344260378007
11178,1.5666883396593145,0.4827979984532213
11179,0.6096122770311476,0.41447517815204343
11180,-0.4750031088430274,-0.4685246227613875
11181,0.4316266268092992,-0.4625845491746655
11182,-0.5594929363041926,-0.03856410009199995
11183,1.0834635160335575,0.1148584486583405
11184,-0.353564707646957,0.24516576087082148
11185,0.5169291062918,-0.22686687292270494
11186,-0.23261933442919383,-0.2118913780707463
11187,0.44554384534927677,-0.33412689476767077
11188,-0.47417081365258595,-0.4566837763124744
11189,1.4944782172490865,0.27633692605494165
11190,-1.211681481224587,-0.05296305889288703
11191,0.08609012051520992,-0.5096157605960415
11192,1.20874834942152,0.09893652668522573
11193,1.590818998105454,0.18180527433795507
11194,-0.3794571811152842,0.19282881327562457
11195,1.138640321958404,-0.03944653249854628
11196,0.20958471909498494,0.0006104861570454983
11197,-0.8029651101017365,-0.13567014554297563
11198,0.6138389581146148,-0.3106956555769047
11199,0.027820598738152964,-0.2842646289092147
11200,0.13002182195634204,-0.18735445857787497
11201,0.577277271428126,-0.4651569901413025
11202,0.11709825848225519,-0.48604801779113227
11203,-0.41678685271666416,-0.40144434719779776
11204,0.36850726581688936,-0.47446406390671003
11205,0.31202712066564575,-0.25448428130099954
11206,0.6029015092945094,-0.1893689890407036
11207,-0.7436374795745182,-0.2836470051922619
11208,0.4603475604835166,-0.19193245193725966
11209,-0.37460693856218136,-0.37602179664909263
11210,-0.03863049353189615,-0.4505526597393059
11211,0.37763840913519575,-0.12294431670135747
11212,-0.6228005611701077,-0.4117957182421148
11213,-0.7381382631990471,-0.020470742601195226
11214,-0.5409268896793099,-0.3049949408916714
11215,0.8232042320594118,-0.28978123719250903
11216,1.3166460762256422,0.13188899893292635
11217,-0.19373148173413723,0.2164927509122131
11218,0.1480548054756726,-0.45227088217299094
11219,-0.025514295659650528,-0.32734530483325786
11220,-0.5324625367794568,-0.4388689917693153
11221,0.3411102124124248,-0.5740593724489971
11222,0.1086675448920868,-0.5569138248851241
11223,0.29622687704081496,-0.37170875516528806
11224,-0.3606567465488738,-0.5149206669658168
11225,0.07435874762877598,-0.5385698941500611
11226,-0.1995146747152092,-0.4661005149411476
11227,-0.3625266129008582,-0.33597151756031235
11228,0.48364544255786934,-0.4881390938319858
11229,-0.06303254226143314,-0.532486891738849
11230,-0.09863837422226523,-0.4896534528424076
11231,-0.2937442486342232,-0.36238074235596474
11232,0.001452021971558061,-0.5121314821542071
11233,0.08992009158427189,-0.3565711962125581
11234,-0.22024250610283802,-0.5704384880183551
11235,0.2538309380717736,-0.40137756597096613
11236,-0.06764526817126496,-0.6036753873948849
11237,-0.09057476119980831,-0.4268937234034645
11238,-0.1675893393882561,-0.585171104242359
11239,0.1343744614656066,-0.6586165419749013
11240,0.6533561843364428,-0.23138982447474693
11241,-0.2561306704586136,-0.46741116047368175
11242,0.357035863098754,-0.2928722074537497
11243,0.08470226569878389,-0.5204379759629107
11244,-0.29132426550516854,-0.5544896905974654
11245,0.31794801750930757,-0.53101284451138
11246,0.27464989986542643,-0.42110519415772385
11247,0.23616345715849252,-0.42671926313715225
11248,0.15806047387034178,-0.40618595033883487
11249,1.1855346294913807,0.13635708800518842
11250,-1.0782380789050294,-0.2394681594305423
11251,0.3804420128226037,-0.49822183649512386
11252,-0.7743843101262566,-0.20555177326153848
11253,-0.4807459741214526,-0.05564432779027869
11254,0.26550198286963544,-0.47896053310913855
11255,-0.15983412232943767,-0.4246426746434377
11256,0.59878419178758,-0.44223894998319296
11257,0.17042197382819674,-0.5478140216879158
11258,-0.01568155594618188,-0.5838471406129802
11259,0.4562786291038366,-0.3088226788522235
11260,-0.26215322058891494,-0.20785150379780226
11261,0.7012906879180214,-0.37803299534990853
11262,-0.4589547485970259,-0.4004613819961638
11263,0.22438224093405093,-0.360041580321194
11264,-0.5942135774044551,0.058796877651642494
11265,0.0931789125366192,-0.2374608418952484
11266,-0.18698963199071267,-0.2983536201929914
11267,-0.4500604293742461,-0.285507735711051
11268,0.06519260249926412,-0.3002378054235144
11269,0.2721348418787777,-0.4360673838306805
11270,0.8029695611825804,-0.30425634977588584
11271,-0.3918707616156025,-0.024241546587305172
11272,0.504093331208197,-0.43034969268186846
11273,-0.30991780440878547,-0.20573339421791534
11274,-0.1368471269223372,-0.2891021723886193
11275,-0.48012764990537327,-0.4188045104447328
11276,0.16634128677785068,-0.6227783081263075
11277,-0.5540793292937237,-0.1300504489935555
11278,0.2515557270047887,-0.6132407481475525
11279,0.17728556055317263,-0.5109086010260568
11280,-0.07827342032797407,-0.36349667033604904
11281,0.3393823440395486,-0.40891084118052196
11282,0.4293286912652025,-0.5170583297963277
11283,0.10089630628801438,-0.34484248911263254
11284,0.11620157699206671,-0.4710445594536543
11285,0.2720121567278852,-0.5273351914008153
11286,0.3970320070932446,-0.44439983129395827
11287,-0.6300516638385696,-0.4644037289141169
11288,-0.557827816768824,-0.4044639138797723
11289,0.46857102106967174,-0.484052321788244
11290,-0.2109889602344946,-0.446473206965258
11291,-0.26556732215098877,-0.5564234905949476
11292,0.401536027616618,-0.5308379688824915
11293,0.1317665054625535,-0.6107655823095361
11294,0.4814889015285835,-0.48313665485136725
11295,0.7324865272920543,-0.30450637446399126
11296,-0.688111321704125,0.6219380424831099
11297,-0.0982463428495452,-0.4094789288482071
11298,-0.4923283233964034,-0.38024413440827864
11299,-0.020075807106807612,-0.13833022429905703
11300,-0.0633103406689906,-0.5015157126551879
11301,-0.24965979830245932,-0.4258964094143667
11302,-0.20562837732856373,-0.37499560733040216
11303,0.0857856052045346,-0.20463889413210556
11304,0.14993163872098328,-0.5157445306055489
11305,-0.09466718692809398,-0.4905212453759725
11306,0.39740068233439124,-0.4074475951377717
11307,0.6269233868948202,-0.2585582662497679
11308,0.29498402520845857,-0.39846262525875203
11309,0.08321215736434873,-0.48888898750336496
11310,-0.5012764698012835,-0.4617881864863371
11311,0.4443519724341936,-0.4906960902315243
11312,-0.38298957848259524,-0.4479258050891339
11313,0.31254203818361836,-0.5841089367798469
11314,0.42972321515648226,-0.0426411770396262
11315,-0.7482684923264777,-0.1148213753665628
11316,0.29304357313619006,-0.43979400419705916
11317,0.3151504610571465,-0.5087974429986976
11318,-0.29199395605557943,-0.5763800793908239
11319,0.0024381738811447354,-0.5547885702614798
11320,0.2485063011852287,-0.5176013369753251
11321,0.3073173944995008,-0.537524562229548
11322,0.05733973380502142,-0.44168412392049605
11323,0.04034212987017378,-0.4241999971378853
11324,0.4360649752762882,-0.20591977104023299
11325,-0.17172903205106024,-0.18707906354304293
11326,0.005051572906911779,-0.46612416432266995
11327,-0.3543617347068664,-0.24654224122401683
11328,-0.22275319196802573,-0.5053625583998492
11329,0.2532760360994156,-0.4964071795641402
11330,-0.5199847780923744,-0.49141837706884073
11331,-0.2521699468942524,-0.3415548607398368
11332,0.0698985307143433,-0.6318396836889845
11333,0.011017670472510822,-0.2748593389583489
11334,-0.3707850095999039,-0.47742311927643677
11335,-0.13319232992648988,-0.5674636015892912
11336,-0.5715813348635475,-0.4122168035011176
11337,0.2212644234779414,-0.45229953827635866
11338,-0.1971831430011355,-0.4458240241412434
11339,-0.21550894777706464,-0.4281849373367135
11340,-0.23225054384447139,-0.4026152765900295
11341,-0.21534983432492172,-0.44037008884801354
11342,-0.054297064506023014,-0.3713232956478929
11343,0.7682573713528688,-0.26816478933758675
11344,0.2951759689478539,-0.3526449593337739
11345,0.7027411064589879,-0.2294990352143029
11346,0.18239871180643663,0.35860784941175466
11347,0.13665569678062417,-0.37315470973130394
11348,-0.16475215518283967,-0.36930968721058616
11349,-0.587164680093339,-0.29186699124561866
11350,-0.40387799097781796,-0.3838638021912527
11351,0.35665288477688717,-0.2812110027295357
11352,-0.7932217103132557,-0.28320910678992317
11353,-0.2954945104509298,-0.2311032029280622
11354,1.049567622173885,-0.06925691109329889
11355,0.11216927372794261,-0.4133475735487464
11356,0.072780820401078,-0.4681399471021893
11357,-0.48560007640288055,-0.35300949750553284
11358,-0.0739591726169832,-0.3405114188131734
11359,0.3654536755183877,-0.358621899122034
11360,0.422605377515354,-0.37276708409885706
11361,-0.5154849810136498,-0.3003168809427613
11362,0.27164387155053255,-0.15354195514273034
11363,-0.49278921751785676,-0.097424460362245
11364,0.5485889021554057,-0.25064284688609145
11365,0.11156887326197554,-0.43719866175951866
11366,1.7464618572080686,6.253489234510844e-05
11367,2.069936317515086,3.1468200243749633
11368,0.9057110501634605,2.3391721307129627
11369,-0.6134588939899952,1.3552219152983658
11370,-1.001222543268445,1.185550697898404
11371,-0.06892851865464461,0.20877406704039958
11372,0.6391298033393057,0.014178898021665094
11373,-0.2184553562491169,-0.173376861027402
11374,0.41147686533562416,0.41187499008121614
11375,0.5270824914211758,0.061079545920740275
11376,0.07587990490450705,-0.3229752793758436
11377,-0.6461024233591254,-0.4742534317031038
11378,0.20575355007778712,-0.13756045490835458
11379,-0.12902484672226316,-0.4597137579131129
11380,-0.33128113134677073,-0.555780009593878
11381,0.23156504236728198,-0.4560651411592745
11382,0.0009679344741252704,-0.5221410213552121
11383,0.5466297950467647,-0.0012470504382562822
11384,-0.051350557330218434,-0.46700781430140964
11385,-0.6703865812282266,-0.4452690641552018
11386,-0.2745377115636885,-0.2264787401961356
11387,-0.3835786748661344,-0.37503600586609154
11388,1.0061023401231166,-0.38865366631383375
11389,-0.04947026396073866,-0.3815343957147147
11390,1.4643255449327208,-0.2977084679731754
11391,2.1446201849317297,1.9516935276424012
11392,-0.5134139447923451,0.41889794537910374
11393,0.18781007322363735,-0.2610740301845393
11394,-0.8970140646422555,-0.26858082527088356
11395,-1.067582012945019,0.04248943522753701
11396,0.7832023707772364,-0.23732614078552952
11397,0.03849269603385281,-0.5753765367551085
11398,0.32246905206622706,-0.3242836121243106
11399,0.14617471436245183,-0.3740461773552195
11400,1.0931929729957686,1.2837429284943755
11401,-1.183632223050862,0.45902795241600186
11402,-0.48694853623998546,-0.16607801764995458
11403,-0.2145778960698528,0.06645961589754534
11404,0.2853934910300164,-0.1660474793594176
11405,-1.1797729201901814,-0.13135210842910136
11406,0.3652499831239938,0.1907211376431781
11407,0.8143685762646611,-0.29903806335892474
11408,1.2668318826592249,0.0330542757977804
11409,0.35010575333633714,1.3222220608358635
11410,-0.5416313295297099,0.2656228837776776
11411,-0.36734762331777304,-0.3887316389528478
11412,-0.25873333238805035,-0.05074593925902002
11413,-0.028149987327367808,-0.29078736739828104
11414,0.412756285514417,-0.3747981150904097
11415,-0.2163677973483465,-0.323197371004033
11416,-0.2081737547578587,-0.18122429562194245
11417,0.6908094853252241,-0.14486922084574147
11418,-0.23987260448274328,-0.33676546312496514
11419,0.41003324916839745,-0.21862268731627996
11420,0.7022869130306842,0.5354815489058421
11421,0.5326726005440057,0.4371388277206828
11422,0.3225305692493857,1.1998755855329344
11423,0.371667224328266,-0.06640624031170521
11424,-0.7847225051749073,-0.09326239895874941
11425,-0.1380773630556878,-0.261100985944659
11426,0.163089403657474,-0.215616133899261
11427,-2.2861908132828996,0.7178877383501615
11428,0.9855488702657027,0.8061861510309839
11429,-0.4005180612802031,0.4492123098110969
11430,0.08887363180853727,-0.3322938208534666
11431,-0.2988381264386427,0.3202619898275703
11432,0.535144352896454,-0.4405415795386136
11433,-0.8372224424736703,-0.1445005600256199
11434,0.6781411138415885,0.00670012316604352
11435,-0.7162774360109913,-0.0008888861544150081
11436,0.3447914761078895,-0.2092279220230967
11437,-0.6840220662107082,-0.13071557736186656
11438,0.742540025952998,-0.20388845688902146
11439,-0.9224835817496544,-0.09137208864014618
11440,0.5514198413551229,-0.28400704163922397
11441,-1.3338209095961338,-0.032334333814536764
11442,0.35775212459291345,-0.22512211562995288
11443,-0.5507923928763496,-0.21675133064903299
11444,-0.44265168312328385,-0.08789588797038865
11445,0.5865821323607616,0.6863850799070211
11446,0.6204276655952656,-0.1058848938579055
11447,-0.10018553177381775,-0.145725399988033
11448,0.6699609578228765,0.40293812704252047
11449,0.3866956278621808,0.19642743690336703
11450,-1.0754206660700047,0.3421607901434856
11451,-1.158866608757952,0.2602354203703536
11452,-0.8031436087337123,0.8722657981729347
11453,-0.017880252564653913,2.2194890923248947
11454,-0.7503324701901173,1.1122041113063792
11455,-0.2491608958138813,1.106704442359656
11456,-2.6281236695408987,4.1323058124537155
11457,0.9335613603743704,2.451987280007135
11458,-1.461222533614647,0.817021942031404
11459,0.9591813445307538,-0.12323543685161598
11460,0.8015429090613008,0.2746357426671234
11461,-1.0358600923621053,-0.28657266805036385
11462,-0.3416456556646944,0.07037562947717221
11463,-0.467165988924989,0.21280865663049495
11464,0.7498211452868346,-0.07368865395533201
11465,0.4897896462526351,0.7401480212469544
11466,-1.0769039483401204,-0.16161024623845702
11467,-0.7974235745755331,-0.3170297064148396
11468,0.8227910965788404,1.153454495769265
11469,-1.1254438191546288,-0.05029113413707616
11470,-0.4814211692961954,-0.3027563511741296
11471,-0.09007932595802595,0.707098735132084
11472,-1.250704393441304,1.1016947106022166
11473,0.7719469655464581,0.5129958739299185
11474,-0.15262256905707017,-0.1993503649006947
11475,1.378222539361848,0.44810331316217394
11476,-0.017676228075499935,-0.17108999438144487
11477,-1.9026773278717375,0.6000572163097387
11478,1.2647795759776743,0.4406459491257639
11479,-1.4619668157727506,0.13787560966641077
11480,-1.3935230856755094,0.47472150245104805
11481,0.9037984145885785,0.06723084667913384
11482,0.4693591837734683,-0.3554324178469078
11483,0.1814946304322962,-0.3393592377413121
11484,-0.2737133565400034,-0.20688411470604112
11485,1.511169625675747,0.034863839022527376
11486,-1.1848177575224335,-0.15244502581847125
11487,0.1873335453819524,0.028961199541115933
11488,-0.24318775696333644,-0.37149346829293045
11489,-1.3305138705729864,1.3677385628195478
11490,0.3900982591691489,-0.27864294139059387
11491,0.27561541292355857,-0.25444615426876316
11492,-0.5580897470719579,-0.18649919322938038
11493,0.1799200485820418,-0.41098472971600686
11494,0.4084673785931761,-0.0194644769577931
11495,1.351022326204499,-0.15648749695789965
11496,-0.1603350833218674,0.9531100353658863
11497,-2.833674559633759,2.023872245541498
11498,1.785383076494607,0.09224384264301905
11499,0.0930284192017363,-0.42059878764428227
11500,0.9097690703803167,-0.3036174514191354
11501,-0.3975084414348069,-0.3992968938835096
11502,-1.9351828045165735,0.2518723549731727
11503,0.512930428113712,-0.2687843190098293
11504,-0.7970782197153058,1.1334143119626876
11505,-0.2025822332115493,-0.2109647209931312
11506,-0.029933006725726886,-0.2043740130987664
11507,1.946355062764039,0.6460900202521355
11508,-0.3934183662394405,-0.14482409590845818
11509,1.077372564951237,0.38611234459222954
11510,0.7550006019209816,0.252134737723265
11511,0.4340719252263007,0.11765319980977818
11512,-0.5494387432654619,-0.234210960516527
11513,-0.7623678040811548,-0.3917483826620929
11514,-0.3166829110729943,-0.36408158938968654
11515,0.43862587954691934,-0.25075468505895165
11516,0.33048753676788345,-0.4239257955659318
11517,0.8380482002337575,0.0941650345196672
11518,0.3893276466736013,-0.1741974351338554
11519,-0.04524460072250803,-0.23005732168126525
11520,0.4008517681767587,-0.21847980543692028
11521,0.45728964563944774,-0.31746764771024794
11522,-0.7826626695584995,0.3982411140554806
11523,0.1312157230384885,-0.12425658731403784
11524,-0.23701769136972262,-0.12891916275776627
11525,0.757010196687471,0.6197479745386234
11526,-0.23013810255681177,0.49561463673600376
11527,0.39193268625141403,-0.27547934675260966
11528,-0.9245434472298659,-0.35797131685397826
11529,0.6935568662403151,-0.31657807249534786
11530,-0.4749821446685511,-0.2380462221427092
11531,-0.708151164199168,-0.2287188453799129
11532,0.6561380434111709,-0.35744879227536674
11533,0.022162933287700172,-0.41277733120884386
11534,-0.17464743197263718,-0.4302084754791912
11535,-1.4020663295471474,0.4702726544814674
11536,0.37525110035716536,-0.01903289827275984
11537,-1.1254218408879926,0.04943195118092423
11538,-1.0001830937856515,0.1845906111183393
11539,0.7636147548461008,0.13005812491011706
11540,0.6387439921702609,-0.36394153894609466
11541,-0.4353270886974765,-0.185859693428351
11542,0.5604208331887676,-0.5278455692776939
11543,-0.4973970043712902,-0.05103264096750495
11544,1.8361916816892452,0.4613766297627535
11545,0.5835799098256735,0.188436271537732
11546,-0.926259145950496,0.10518845490679002
11547,-0.17844720395029676,-0.04044398681499562
11548,0.37118000945692115,-0.08709550544575229
11549,-0.8949117466269079,0.1433296457384773
11550,-1.4438704634473403,0.5962493140329782
11551,-1.9477612142590177,2.7347295210577838
11552,0.9370954142624082,0.38155491077763104
11553,-0.5089309732809257,-0.030266476355650194
11554,-1.6618105718466802,2.3341606726095647
11555,-0.25899299497781586,1.008107827017201
11556,-1.2072943180159055,1.2555601763813025
11557,-0.12462655954385665,0.6588392286041859
11558,0.1584086206153315,0.4265544244360161
11559,-0.5432408143051763,0.6279526093570624
11560,-0.4617424135886786,0.19914480269784304
11561,0.21360349003822,2.2081886943951305
11562,1.0289555781061868,0.6609185255250787
11563,1.0872509768050262,0.013847752348569527
11564,0.24722280662408957,-0.037419901744975
11565,-1.1761931161579833,0.5531024025875029
11566,0.9572687904702637,-0.14365710562808362
11567,-0.6496619649311937,-0.14117172342382667
11568,0.33097577428326264,-0.4263671897990298
11569,-0.4160721965399735,-0.22124804691691902
11570,-0.2712357680127846,-0.5004015732626431
11571,0.2764284076555269,-0.24483478661922736
11572,-1.4848094156533955,1.3036765182426047
11573,0.41279171888233723,-0.3858057447769146
11574,-0.2972753234720794,-0.4589263976461879
11575,-1.3341353494388195,0.5964664883536931
11576,1.2485804452638853,0.6297502808189706
11577,-1.0121904181218313,-0.10783879270937094
11578,0.8484103853530623,-0.3366646124952822
11579,-0.11605213663885974,-0.2470301507938858
11580,-0.2763357749098346,-0.31881900123752005
11581,-0.03342310633329929,-0.38915990718919363
11582,1.6819709763194344,0.3779830438875761
11583,-1.3341639199048407,0.1486691279080241
11584,0.9921978665638711,-0.4541248039452613
11585,0.01878448986042415,-0.4708293613878064
11586,0.7145465133393667,-0.43669639168608093
11587,-0.1076103280198373,-0.5545196696274856
11588,0.3263831286995466,-0.34629346739797795
11589,-0.6214902115532864,-0.3457919223102105
11590,0.5789763765221657,-0.4880257640501552
11591,-0.34070710306173113,-0.4717598601813382
11592,-1.0220774087704287,-0.2922673215860134
11593,-0.5632895056815259,-0.1872051686701595
11594,0.9899283627881899,-0.33700793298648846
11595,-0.18080056154937635,-0.4635361287781532
11596,-0.8849866740325899,-0.0504233101594326
11597,2.000305837081433,0.26092425478354137
11598,-0.026368811447151246,-0.371391360554787
11599,0.9684807807753665,-0.30719366282273847
11600,-0.6763540818122539,-0.17196561278277714
11601,0.32691256476590635,-0.4096312208058742
11602,-0.3540396648288532,-0.46345916133580495
11603,-0.12595464654604305,-0.5766203378374375
11604,0.17097802484819302,-0.4959623137052627
11605,0.22854649346732206,-0.43009244545786446
11606,-0.37675362998620604,-0.18676947351346546
11607,0.35050872766442864,-0.564812180827816
11608,-0.5091546581557762,-0.3935388254074513
11609,-0.8685264551283107,-0.24920929598849834
11610,-0.28407550681807925,-0.5054320421610161
11611,-1.174801723593129,-0.2691493428801064
11612,1.5349314039981585,0.21941023664311782
11613,-0.2531112119106901,-0.5288985836451217
11614,0.42799429023235286,-0.4078758783638676
11615,0.19371663934070427,-0.5278961700699876
11616,0.4093681135090592,-0.48932050241248704
11617,0.431946036556362,-0.5128100868977181
11618,-0.014901503228292205,-0.5369970288839624
11619,-0.5293763701734624,-0.22103644866941494
11620,0.3762067515783701,-0.44252648396612154
11621,-0.7933259595167101,-0.18697696395836835
11622,-0.2733853258875229,-0.47654325235477385
11623,-0.6060999189638168,-0.1842717192884305
11624,0.7736518331070386,-0.08703764432637798
11625,0.944315261561986,-0.02298868136971922
11626,-0.4123596181289777,-0.2574924785918735
11627,-0.7303523224038446,-0.2674592347252239
11628,-0.5591778901323137,-0.03168914880463959
11629,-0.9032707892086567,-0.02358608235857815
11630,0.4331406204341055,-0.3100525222855707
11631,0.6159556472279446,-0.06276043099282909
11632,0.07844738102497623,-0.20783135764574265
11633,-0.09204381906674264,-0.35729427333497543
11634,-1.8403823935448504,0.9317804521244301
11635,0.33426619974481053,-0.3905496417876776
11636,-2.0314053699138714,1.1319342645315444
11637,-0.15424339131362225,0.30261793832096806
11638,-0.6575103344988736,1.4726197197775244
11639,-0.8234849378100015,0.8100329034204233
11640,1.4275125824945736,1.2977686777971542
11641,-1.0820859299687486,1.0054387203361634
11642,0.6089109667547242,-0.11174779639828608
11643,-0.47721040605010906,0.6941784289773515
11644,-0.6183866270648879,0.8781636009866395
11645,0.912705421159082,0.9916700907197468
11646,0.33222505190848317,-0.1291747462341177
11647,0.5454565501616719,0.23450815587455945
11648,-0.1080925495149376,0.8467985295528172
11649,1.3972697520014996,0.5347776530011222
11650,2.5611170505707586,2.45579596917541
11651,-1.7505804700580065,1.2472392188171009
11652,-0.6070290014197269,0.9938296819463605
11653,0.22688496352528095,0.06654497622996375
11654,-0.15661705960083555,0.16483463977469523
11655,-0.14712871821281623,0.2832907301825101
11656,-0.009842680723223467,0.5431254348447384
11657,-0.23754558336553616,0.11938482064587205
11658,-0.020762998956541753,-0.39668217554025587
11659,-0.2631848527696715,-0.3290676810574713
11660,0.1294678952892563,-0.30285999681719444
11661,0.41082333882592736,-0.3583895769422015
11662,0.1424792721898412,-0.24576707824480176
11663,-0.44022445983751596,0.792452436473991
11664,0.12834486621679395,0.19931135970215225
11665,-1.4645009983550874,0.6309137482358265
11666,-3.994444511333251,4.033414645570104
11667,-2.469309232985369,10.023781290361127
11668,1.170876604796124,3.441425298208105
11669,1.4525958266951726,2.708947819599597
11670,1.123736210146044,1.355857108333468
11671,1.5755872557822381,0.7044586669428541
11672,-0.9109000799698083,0.16025656826574114
11673,-0.32804520857064673,-0.04811359212939207
11674,0.09967745591172397,-0.5185396329558423
11675,0.1477913850947457,-0.46376382690566026
11676,-0.9978098412114084,-0.09711954104004941
11677,-0.4544511077753999,-0.24516967606927242
11678,1.5052402264254585,0.027995248317512475
11679,0.06745917931638509,-0.5399071079293288
11680,-0.5736195100370858,-0.32270285051143627
11681,0.5035211328298943,-0.4330934397402712
11682,0.3173374557428339,-0.6021910119200483
11683,0.7246852821467498,-0.2601364067345362
11684,0.5264022905344242,-0.35477841469623767
11685,0.6785365436888608,-0.216832714556177
11686,0.10296077266861084,-0.28302901312378126
11687,-0.009773986415673348,-0.4688673539749761
11688,0.9395614792955349,-0.3448797277664041
11689,1.2187422757935054,0.39165864842536274
11690,0.21791636238664902,-0.0698846680966862
11691,-0.08885631831257779,-0.41893942645299936
11692,-0.04681656435998618,-0.25921882409343083
11693,-0.2981280203714715,-0.2667800115033168
11694,-0.4748716042822012,-0.40089567182783664
11695,0.31268160006460693,-0.31539394821956424
11696,0.004075194903469867,-0.5032755924874175
11697,0.9676116372615537,-0.14838945286066535
11698,-0.05868743416437671,-0.2626799770990467
11699,-0.03542677651393384,-0.284827705807711
11700,0.17122848989842554,-0.4322191177447943
11701,0.21816396203115634,-0.26593878083299655
11702,-0.01600135136614713,-0.11377969903487466
11703,-0.16334800854758116,-0.3220757408459864
11704,-0.4207485447154229,-0.555339010553294
11705,0.6946492152882963,-0.3817845815121808
11706,0.3290403437110513,-0.3309886490584635
11707,-0.3803778200640716,-0.2584768520797529
11708,0.2940505211448655,-0.44563787422499496
11709,-0.015734030780156283,-0.6214832566789154
11710,-0.21005748377494984,-0.4048219463363123
11711,-0.3769052184445131,-0.41989762425588883
11712,0.5683285106003899,-0.40851721361294047
11713,0.49409136268897436,-0.39493319756544465
11714,0.5669079955700482,0.10228958259990495
11715,-0.07374426140712395,-0.25363120674414263
11716,0.26430877206357917,-0.3591611025945529
11717,-0.3785438745672904,-0.33160349124273886
11718,-0.012174296440392135,-0.5318598820173162
11719,0.16238956146101297,-0.42256959425837093
11720,0.2226590425414536,0.14373518073762848
11721,0.6273422470499304,-0.36595922651030927
11722,-0.3754948799026335,-0.39530399242583764
11723,-0.20564745173751686,-0.3853754462908836
11724,0.11849331109692962,-0.5343831090331462
11725,0.09568996885381698,-0.4865125359119711
11726,0.5642051160877296,-0.2776536199328164
11727,-0.6991332497310765,-0.16728074048269279
11728,-0.389306429250478,-0.4275706664055406
11729,0.4049889027268469,-0.277639011042423
11730,-0.5452164371995434,-0.39430525371612196
11731,0.07012438089649167,-0.08243180613108904
11732,-0.9008766291749984,0.3288228071385408
11733,-0.06523776578823308,-0.37263656184907146
11734,-0.15960881590265844,-0.32016268054733865
11735,-0.27896434221878047,-0.42656481744543434
11736,0.29703039947386406,-0.28840936330911304
11737,-1.076732804220563,-0.2501197855003821
11738,0.6538119758986585,-0.1694054213578249
11739,-1.9366579269186661,0.5165577931532903
11740,-0.4892819937693058,1.050737634032611
11741,0.1527233144361802,1.195801966465359
11742,0.916878112781276,0.4821197025689513
11743,-0.9050349282321012,-0.013714803893925806
11744,-2.0108246447292784,1.5509901387877307
11745,0.11255872251090324,0.6315336500345516
11746,-0.36198316206495273,0.3031536640570736
11747,0.6525335098027831,0.27596989583351017
11748,0.720798975304245,0.2733738278194121
11749,0.9809068995232629,-0.04432027535977052
11750,-0.00822892584269274,-0.30525448444110576
11751,0.6297731160360105,0.48465988071871313
11752,0.7492852191247216,-0.29465090034829927
11753,1.1340268772765483,1.1224346790274793
11754,-0.03851288199309693,0.2674625530727105
11755,-1.3824619099012165,0.15924058719758735
11756,-1.5657737381038048,0.39674143490060354
11757,0.47026578088092624,-0.22343991330493923
11758,-1.2730908615353775,0.34870234029540614
11759,-1.152780261191177,0.955347074753682
11760,1.6424716998046383,0.43800637216367794
11761,0.10758527667576959,-0.117453442019806
11762,-0.9835559530232146,-0.3308517581113773
11763,-1.7545467872035518,0.5217220493647772
11764,-0.3316684352754954,-0.0410482997393205
11765,-0.49086695703618777,0.37757318418214175
11766,-0.4813230416020025,0.14949665783904242
11767,-0.6151589266747783,1.5097204406404248
11768,0.47449242395102814,0.3694437199735685
11769,-0.5651553106990884,-0.07727719239019548
11770,-0.2652420085102417,-0.26835705114991076
11771,-0.24130956489916705,-0.020189826929554438
11772,0.7373947806156267,-0.2725906721189886
11773,-0.15758555349671227,-0.41216349555608606
11774,-0.7004379705358003,0.6043598954539162
11775,-0.9891269930909563,0.5726681325465208
11776,-0.14399089905591655,-0.05446681466925459
11777,-0.7844678294687122,0.8275453887487199
11778,-0.48494197771283654,-0.16377478750031454
11779,1.4995894463446422,0.5423441684927208
11780,-1.34300179793552,-0.11059576809750528
11781,-1.3164584621622275,1.8661563052091956
11782,0.05007056064546452,-0.05924502693193657
11783,-1.9639078936131091,1.7760933114093347
11784,1.3977352248560198,1.1662195966686038
11785,-1.2009075859147367,1.5575939987541079
11786,0.6219762938837661,7.994878265100606
11787,-3.047488082820555,2.6194218336429658
11788,1.898790885869848,1.855181914734807
11789,0.48686549019738273,0.6401750812736595
11790,0.01562976097041955,0.4048374291857982
11791,1.6812023808831493,0.5921066711349992
11792,-0.2399952225954427,0.6312527760059521
11793,0.4138028659661359,0.39642779795863425
11794,0.39777532951515177,-0.09112577302145733
11795,-0.8900688889699557,0.36337158259702784
11796,1.0940550258182173,0.1550858769381126
11797,-0.880099405696841,-0.017002806492374553
11798,-0.6685065431107176,0.16594455507341138
11799,-1.0911381343792719,0.4476775505791142
11800,-0.17898257420295532,0.36521558379163443
11801,0.3617474378123221,-0.4990299071613845
11802,-0.05283450003582436,-0.4619568112275015
11803,0.7199664598354082,-0.34015761992764576
11804,-1.2802365468679198,0.09931670442990417
11805,-0.3654534289069481,0.3049438499346277
11806,0.028336349445716787,0.0502425500454145
11807,-0.9560007014342486,-0.11014180451911398
11808,-0.7371170331250888,0.3809421329130148
11809,-0.5395574866254724,0.5196744488688515
11810,1.3396052822584639,0.4128589078043434
11811,-0.6107434635070557,0.6953826311928302
11812,-0.7221041335993024,0.6463225281869476
11813,0.32893070014233716,0.66162334316508
11814,0.7230516969149838,0.5606539939992492
11815,-2.960961661825988,2.9020379449036295
11816,-0.42416490250277483,1.6827063154621063
11817,1.1799633819280197,2.675486560396321
11818,-0.547802127099852,0.05253288150240083
11819,1.1005257504746142,1.1394589497845704
11820,1.1263898533593133,0.31562953844537767
11821,-0.07289986332892373,-0.34939490273578017
11822,-1.432881699977027,0.2917614144958212
11823,1.029795323808653,-0.036630154407031316
11824,-0.47976491324201004,-0.37677637246007845
11825,0.4276290480526729,0.4221520408650179
11826,-0.7076029992665112,-0.20835978548890502
11827,0.2872485789429261,-0.2413367547050814
11828,0.053637454537844347,-0.04756865474772079
11829,0.7725224772547307,0.15126161832172544
11830,0.814561703431181,-0.27555526530645885
11831,0.7203139084436054,0.35267511906562027
11832,-0.5316450702645268,-0.043893918597215545
11833,1.6799555274597993,2.8111615474923983
11834,-0.8467741470988116,0.4823007663657921
11835,0.29167936901696445,0.40870545634485916
11836,-0.9206815919266218,0.44468973005314794
11837,-2.60936144270815,1.1108617852841656
11838,-2.386278387788397,3.9007332355634157
11839,2.9993301941939845,3.8003910577250513
11840,2.75050937226431,1.9379658953906835
11841,-1.2311056817878225,0.9142753044799418
11842,0.5904215226256175,0.9486524018134752
11843,-1.7405260988533555,-0.026804403273093434
11844,-1.267976027023022,1.1963496735240595
11845,1.8102640831347143,0.3376636297062236
11846,0.1359370354142026,-0.10962282088553914
11847,1.2339909615837759,-0.15174567289411645
11848,0.021289515282408814,-0.42607847820927564
11849,-0.930245847627889,0.4266994193984495
11850,-2.26247604009235,0.4547664766920605
11851,-1.55329112315658,1.0754414267625019
11852,0.655157040210784,0.07075441591182798
11853,-0.758731927352293,0.5252718176410972
11854,-0.2434234469929356,-0.07719921100412037
11855,-0.6903712246646192,0.47926736479403775
11856,0.6136748097333475,1.2222080560756114
11857,0.3746152609218938,-0.0770368563856874
11858,-1.194465454165926,0.2008964090605505
11859,-0.05212410782534906,0.03368997752922022
11860,-0.4012457426275155,0.4448562848591016
11861,-0.03826430840811335,0.4781476953336013
11862,0.4978317796505438,-0.14187562342230473
11863,-2.094458825120318,1.7075839481945787
11864,0.49835966760440265,0.939862235129806
11865,-0.3248246907350358,0.07227313779117546
11866,1.7670455300266177,0.8544855875357092
11867,0.4623279025824891,-0.17851307999316998
11868,0.07933772954156307,-0.06205161138411787
11869,-0.26041931287541975,-0.4358267456639464
11870,-0.5741653352934935,-0.4541978276281104
11871,-2.160748223925042,0.543828797011446
11872,-2.1863876314349944,2.010615218888805
11873,-0.8390376427475801,5.132285461085868
11874,0.3252116156834745,1.4240684356797357
11875,1.3967652660428365,1.042586263325886
11876,0.893907788206036,0.011619447886824568
11877,-0.021425482142836343,-0.3028525988333883
11878,-0.2486755354819351,-0.4421535107437204
11879,-0.11263899665113691,0.4003175968850794
11880,1.3107370597176822,0.22352655579300185
11881,0.17608394283546586,0.2057716730724032
11882,1.223746908338272,0.3801690913921727
11883,-0.33046194424786773,-0.18850239939145313
11884,-0.8989093853717484,-0.24260327505972376
11885,0.4198453361818125,-0.43138028360970726
11886,0.43641319109354715,-0.4838108546336938
11887,0.41252043437503993,-0.35536650132767533
11888,-0.28957615686908805,-0.5476235340109322
11889,0.01106840575887378,-0.5755290785033614
11890,-0.0018455364285182643,-0.600704475465269
11891,0.4255513860917936,-0.5840844155759879
11892,-0.15409574435188256,-0.5910792200403902
11893,0.1564802457112771,-0.6603148926707857
11894,0.15896339673610482,-0.40621249809475807
11895,-0.0876147295242419,-0.5463207412280322
11896,0.7392061807215631,-0.40887795912057856
11897,0.6131081540297314,-0.24738344535381354
11898,0.10689789504986186,-0.23248030334886
11899,-0.736442290855569,-0.25001212448599197
11900,0.5506404575420695,-0.4807847188697859
11901,-0.3923195735224507,-0.40206476264410185
11902,-0.19978898829766334,-0.4935761077399174
11903,-0.6484163721625332,-0.38292430245272885
11904,-2.5877531603497843,1.593777717099575
11905,-1.019662930689425,0.9953957530584621
11906,0.6500233208185158,-0.11792246126724304
11907,-0.48822928056723053,0.1021915446912502
11908,1.8209841186280338,0.41113703051009537
11909,0.3802351833850869,-0.2666649180819198
11910,0.7179253756606792,-0.024543726468207534
11911,-0.16823713756421466,-0.3975378379546796
11912,-0.6039268599155445,-0.328721029546363
11913,-0.7288018964219793,-0.10968001607161341
11914,-0.4598478765730577,-0.4375623820254734
11915,0.6882621673784814,-0.4552295736021988
11916,-0.6610936560942576,-0.48598259501188523
11917,-0.6484287352530669,-0.2878610061701549
11918,0.8378970750141268,-0.511464254027936
11919,-0.9306207571620528,-0.2527134650093899
11920,0.38639213609792494,-0.3070137292948177
11921,-0.8883632518307262,-0.22549913046804587
11922,0.8036597309060977,-0.34028084427405353
11923,-0.6537836406607034,-0.299043449680477
11924,2.37575374470775,0.3009463141793552
11925,-0.4972418197283765,-0.2178157166320933
11926,-0.28000523358776197,-0.4713920389483717
11927,-0.3538663693529459,-0.5838422803437138
11928,-0.21091476627875655,-0.5300690295997761
11929,-0.7023848529789295,-0.3980063931936983
11930,0.8023319325917795,0.25430112175212627
11931,-1.0019770103552628,-0.4103682140654237
11932,-0.25847612395162545,-0.4776788381599354
11933,0.5335594512210744,-0.11147841162934738
11934,0.49888138781432956,-0.3143057305079902
11935,-0.835951061840245,-0.37037568611020516
11936,-0.5592299443685167,-0.35446405362590383
11937,-1.4296308352140943,1.1948352645959823
11938,0.10269527802005521,-0.07438759144510303
11939,0.7058193318366182,-0.19119778304777732
11940,-0.006892293240732406,-0.25241333459978926
11941,-1.189188816304422,0.3507194906557077
11942,-1.1834586908884548,1.1508136132962419
11943,-0.017872719097083496,0.5959949202975003
11944,0.1769439524196881,-0.11959424820777095
11945,1.1339186126123812,1.0690284289879302
11946,0.06571742687213047,0.10014799046759582
11947,0.9045459041823289,-0.21617891308710366
11948,0.047011089809476936,-0.5052736852926745
11949,-1.6037408369103994,-0.2893723973772709
11950,-2.0862317862013544,1.8829356930067356
11951,-1.036173880815295,0.6126954933222932
11952,-0.8718810879072028,1.9818474948302929
11953,0.17506955377699346,0.646735608211554
11954,-0.5299842353794313,1.734332385595936
11955,-0.25344471559314063,1.3936161787422772
11956,2.7174944999872275,1.091707540809647
11957,0.024711886173532302,0.3064425408357781
11958,-1.9992241136950204,0.2585134042697821
11959,1.0032736953277561,0.015083775587600977
11960,0.34647543784284524,-0.40144755514771907
11961,-0.4444800535362487,0.000564232702045287
11962,1.416532984723855,0.13820464263873505
11963,-1.0493019066772427,0.2246699996986788
11964,-0.08043993182690024,-0.5253224493629002
11965,0.8935230286941809,0.05185625414972041
11966,0.012154075719291176,-0.4767109939730497
11967,0.005474451462596477,-0.3597708881180648
11968,-1.489041712992012,0.024094576801685
11969,1.426588202618297,-0.11143443143197335
11970,0.2528188002015946,-0.45104067308309476
11971,-1.5115443611419344,0.2680028107499396
11972,-1.541054108242082,0.7865586600705123
11973,2.3066190335849486,0.36307797303798395
11974,-0.6449777767014985,-0.18703241298751325
11975,0.3533416777021525,-0.12784356675097594
11976,-1.5588096180104964,0.36940048455746816
11977,1.667653476091803,2.434880849418599
11978,1.3657089650434384,0.04478545106579077
11979,0.08407913019392857,0.258532175996775
11980,0.7134705373449874,-0.36874407122511615
11981,0.038926998919023806,-0.22899441023045455
11982,-0.509001423973447,-0.08654591552421952
11983,1.2763297061356047,-0.004121616897540221
11984,-0.3791386581943058,-0.36523016870740505
11985,0.7485187701732914,-0.3616288015283395
11986,0.35681470215803285,-0.5435934905430958
11987,-0.34300020976638923,-0.5034283863499188
11988,0.10870385433828678,-0.5167250708965405
11989,0.791170598740405,-0.22240755192913741
11990,-0.4571649770177965,-0.5064839630618073
11991,-0.7638340691096257,-0.42790908612330086
11992,0.526617240749826,-0.3667386216201302
11993,-0.6422378253008513,-0.27361418995748593
11994,0.47419846631283824,-0.5280281397184549
11995,0.0834203656953229,-0.48626935525361026
11996,0.5384582639855751,-0.5441304530789528
11997,-0.3588856655469232,-0.5229335259479759
11998,0.2895388174244753,-0.5619498849599243
11999,-0.4402771059942334,-0.5297622066425971
12000,0.2704937173858101,-0.6159948377911508
12001,-0.02276554959937236,-0.5272467078671246
12002,0.42204052209544707,-0.45153351932921865
12003,0.6403222400707949,-0.5225737471148837
12004,0.18165457448192107,-0.31122112490195225
12005,0.015602712172264922,-0.3882049902406634
12006,0.014504649792666444,-0.5553967879781835
12007,0.4735468828174184,-0.3102891165478864
12008,-0.5490597247929053,-0.322084767337732
12009,-0.2835390991736051,-0.5019607981332977
12010,0.43371910002047065,-0.19836826572310545
12011,-0.41250227757305663,-0.256870852397565
12012,0.09909355277574863,-0.5505491822635249
12013,-0.017509160580935677,-0.26512640503188356
12014,0.1777663977738133,-0.49599931175717726
12015,0.6068092327032546,-0.41531264258567624
12016,-0.1543688934350023,-0.10686560268564341
12017,0.1795800999595905,-0.4335104500721634
12018,0.25487244100280715,-0.40016126583929634
12019,1.6550192449467143,0.9070546011093142
12020,-1.0876669317022976,0.13308509106873204
12021,-0.4370157671138869,-0.1973573443616007
12022,-0.2536950456082243,-0.37337934821366536
12023,-0.5083224859306076,-0.39339841201584685
12024,0.20139842997721913,-0.46944684164013417
12025,0.8572742708993095,-0.13668277206196378
12026,0.030298060445537546,-0.548141040753842
12027,0.2890590700169142,-0.3499118968003051
12028,-0.8248784071550125,-0.3377646215491171
12029,0.007020622731404436,-0.49588625634058325
12030,0.25275236884135627,-0.35753721024454355
12031,-0.6590238602950296,-0.2524686528119656
12032,-0.6973456687509993,-0.10180591906807314
12033,0.8007985882286929,-0.15629512083966457
12034,0.038618580354501136,-0.4329869386377679
12035,-0.2168472358429141,-0.48391288646232034
12036,0.4488846452130896,-0.4840008228412809
12037,0.23424168051808716,-0.4183947216390066
12038,0.07193350880818802,-0.4932096806248918
12039,-0.7648052016084402,-0.003848052836748047
12040,0.31408771296517046,-0.4084815709842663
12041,0.5907152966437947,-0.5004584829036632
12042,0.3956490456257899,-0.3792301471904617
12043,0.44433739757413104,-0.2531488678889989
12044,-0.722687735841222,-0.34590529642564166
12045,-0.2193079740315276,-0.421634810076741
12046,0.6673156005473447,-0.4238866690809546
12047,-0.31861965976664763,-0.3886004016777992
12048,0.5005424753645572,-0.3132211758585283
12049,-0.1856966020240079,-0.40758425999290626
12050,0.4842457318278594,-0.3302346177002504
12051,-0.20943945106887202,-0.5351148581644074
12052,0.7529316769006489,-0.10286118317222909
12053,-0.4776106685370163,-0.2399167219662806
12054,-0.32914888872038695,-0.49378623538826155
12055,-0.4926194203745613,-0.45148742098200806
12056,-0.023531499407967532,-0.58698373457672
12057,0.6393099722660234,-0.4878318843219217
12058,-0.045670120064661986,-0.5144452145140213
12059,0.41864146026584237,-0.375587875725798
12060,0.0747487718258748,-0.5799606298344228
12061,-0.3676490587453955,-0.5275378182117445
12062,0.4057663075573712,-0.5571627598322486
12063,-0.9103072628582543,-0.16791335149455158
12064,-0.28305852609351023,-0.47879128002572996
12065,0.6269107155990759,-0.5143618403310939
12066,0.18996807030206878,-0.5504257946961439
12067,0.5646838479217041,-0.04879465018346858
12068,-0.5110311930877429,-0.33294112295211614
12069,-0.3513769074787282,-0.48449126162321005
12070,-0.07666344516632098,-0.5592435289090019
12071,-0.20565650745397163,-0.3179568844938906
12072,1.1863979212293887,0.5453317197143607
12073,1.299319807848422,0.051939443104778715
12074,1.2961054942238928,0.17273065713038385
12075,-0.7308943799516588,0.09441587586961898
12076,0.05936627055928829,-0.3152276718392267
12077,-0.4356826730064155,-0.3541884992372583
12078,-0.46062462747054644,-0.41191394357838435
12079,-0.8758122725744668,-0.34028163839436126
12080,1.1460415318712172,-0.3460666539778643
12081,-0.4416079882511854,-0.38018909849813565
12082,1.1925841058662296,-0.16334399208527706
12083,-0.5771146737995618,-0.39067919578512933
12084,-0.24377219924413204,-0.5240598480130652
12085,0.03171631026357563,-0.5040710072498344
12086,-0.305138429004554,-0.6040100621312156
12087,0.13585939750387893,-0.4874315906667418
12088,0.02159992088038098,-0.4947982407894642
12089,-0.9766245746767919,-0.24455686402822824
12090,0.17794284290640835,-0.5433335738271422
12091,-0.2709946389114771,-0.41852857371279445
12092,-0.3269741185264642,-0.49311799218024666
12093,-0.13080205946639825,-0.5751446607651363
12094,0.8741601164844172,-0.42796373359867634
12095,-0.6750181873653692,-0.41865794735659984
12096,0.07134371188092473,-0.559880259976097
12097,0.6199688928198251,-0.4908601871981151
12098,0.3003370868074048,-0.3821731953925735
12099,0.3279996860322328,-0.30662217742260284
12100,-0.06515341401863764,-0.5196904150549124
12101,0.6255248929566728,-0.19072600144472449
12102,-0.029058793767085055,-0.23869164471956203
12103,0.11435139799113403,-0.18157115132742688
12104,-0.5802547238014056,-0.24574303751089854
12105,0.2959802494508268,0.05995379481222007
12106,-0.07842702673085078,-0.11931468780328507
12107,-0.02812027009436785,-0.4065651557077866
12108,0.3834214012043554,-0.24847520559137506
12109,-0.4900127699511263,-0.4575127214875823
12110,-0.7282565473944953,-0.3381523853334696
12111,0.6267562193090013,-0.3508218306280249
12112,-0.33895116699363714,-0.16069090619746798
12113,-0.20744411464852774,-0.4980707045760827
12114,-0.19009742101252888,-0.44597137146350985
12115,-0.07565767305067081,-0.46052181572727036
12116,0.04342507050527538,-0.4569496675029636
12117,0.14175526225097485,-0.4846276983445444
12118,0.1861969842847517,-0.46410484644343575
12119,0.30468745717656365,-0.49983978338076607
12120,-0.2264028726532592,-0.5577127955700273
12121,-0.09002300906776053,-0.5139605544578094
12122,0.6086889372124634,-0.44133072671308243
12123,-0.17071290466936542,-0.27056229540292615
12124,-0.6278303521520062,-0.4582323018688867
12125,2.5527136776418984,1.1935927479381823
12126,0.47604328316439204,1.31144352313953
12127,1.2767842126838034,2.8717501041314053
12128,0.5929868293881596,1.8102760230196315
12129,-1.8104330209943265,0.6118348093264782
12130,-0.759351827397215,0.9504963881214871
12131,1.0014802663436062,0.3594937555528934
12132,-0.5019786790145601,-0.3412571887754268
12133,-0.613075946010626,-0.14572270127894466
12134,0.3756313110110952,-0.25431116728394587
12135,1.0330744454647884,0.13018534287257783
12136,-0.11478447337694705,-0.11834806776874925
12137,1.0351770451400315,-0.16138507293574567
12138,0.7848796550180858,0.2647306549258658
12139,1.5409401346375677,0.9221499892968612
12140,-0.9403918992505671,-0.10185568084521711
12141,-1.0406165999779873,0.040701156417052166
12142,-0.335948205240997,-0.30488931365875305
12143,-0.6828928904690685,-0.1577874812704953
12144,0.4965988294179814,-0.28480642213826024
12145,-0.9479920504239513,-0.3324222116866413
12146,-0.255583636852787,-0.35879845644081093
12147,-0.18134021934606342,-0.4600897729966532
12148,-0.3742141093909346,-0.35545841985520676
12149,-0.5794569117589097,-0.4190085596505026
12150,0.1853885480889858,-0.5092232789829517
12151,0.0496904106879952,-0.4565893036778531
12152,0.3329570545586511,-0.6235474478054739
12153,1.2198661321098374,-0.22857367549800306
12154,-0.598033455657989,-0.4418398171961943
12155,0.911268036460976,-0.25334527359260656
12156,0.11836942354529936,-0.3881017736880881
12157,0.8848198426163918,0.16219668326551406
12158,-0.5234247373651312,-0.3026840540832189
12159,0.492607083652967,-0.03792615713098265
12160,-0.4208881260843922,-0.5069751207787898
12161,0.1581494932595878,-0.46282065105405645
12162,0.8392790767575533,-0.2793150875971337
12163,0.14054815732517278,-0.36189047149216086
12164,-0.23914748724238483,-0.5464839808592935
12165,-0.1988386497532012,-0.3162279931679512
12166,-0.28948268444936176,-0.39123102433216483
12167,-0.366268101587667,-0.219407712420851
12168,-0.17859120891182814,-0.47523275573373663
12169,0.3113350758354524,-0.41774351199098486
12170,-0.20192572122046323,-0.20998976702261993
12171,-0.048033990608076525,0.16696545172107255
12172,-0.08005750030412953,-0.3776231311329796
12173,-0.28145982896665944,-0.5417331341023031
12174,-0.8147521374873623,-0.27939037585775844
12175,-0.033257564742014224,-0.39188201979528026
12176,-0.16046109522662447,-0.5651848916758029
12177,0.2078161631350888,-0.42018208082491376
12178,0.6107018638077464,-0.4234710305048529
12179,-1.3335577543972592,0.07813124226513045
12180,-0.46993850434699963,-0.2606344360974056
12181,-0.28212085416589333,-0.3700398051295466
12182,-0.19822118412938056,-0.3982252589098401
12183,0.7306336477626854,-0.12304865296126058
12184,-0.6735395326038702,-0.2625816635332812
12185,-0.23019349694782326,-0.4549066689084322
12186,0.2693655780474207,-0.4800172948038429
12187,0.40912900738029134,-0.39914127674379674
12188,0.0917403285336329,-0.5861484697542695
12189,-0.5286134632023266,-0.5301024652035037
12190,0.8531034025950643,-0.1816412121578618
12191,0.16327354674517097,-0.5411918748940042
12192,0.3069255630133432,-0.4439094373970149
12193,-0.5956292798552524,-0.44765278290910926
12194,-0.921993410625717,0.17226464460058544
12195,-0.027205819848609487,-0.18215331510359564
12196,-0.6073907195809791,-0.3168489673893628
12197,-1.280434312426404,2.0769276854002916
12198,-0.19071454952052833,0.2021759284559511
12199,-0.002786270524176411,-0.3061781578610296
12200,1.3438765528838403,0.11189211889774628
12201,-0.2118960644176376,-0.2467775022086346
12202,0.09179738949364177,-0.5906200719578463
12203,0.7446214039852542,-0.34985143168423455
12204,0.35136478468256416,-0.25348564323765493
12205,0.7600256942535826,0.012606832889044479
12206,0.4338543216226137,-0.01223448612648083
12207,-0.1722609838395807,-0.40200547194609715
12208,1.4767629045922075,0.07602040014962173
12209,0.3144270764536967,-0.1350452728814779
12210,-0.389816014684518,-0.4637083053650874
12211,0.037901143103864575,-0.4762529433765273
12212,0.37251076166468866,-0.43611279999866914
12213,0.11888935765327283,-0.3063012824382461
12214,-0.45482118032173413,-0.44548958541190115
12215,0.13382449094570098,-0.4396879573155164
12216,-1.7155481704438476,0.5666585239618114
12217,-2.1009185959259575,1.3720604325287076
12218,-0.21297082412536633,0.28559826002065336
12219,0.13783460179736867,-0.15912695621355874
12220,0.5089363013328676,-0.40535065491790667
12221,-0.07047813180687923,0.22497181044516643
12222,0.47852789505562415,-0.18046731374237712
12223,-2.4563822907806294,1.461901670486783
12224,-2.3296800296625935,3.4136579324851684
12225,-1.3207498524105443,2.370761890114028
12226,0.6200241813267027,1.0901888434466234
12227,0.8730476638235116,0.9028596686941189
12228,-0.8546636970566042,0.3208423390342038
12229,-1.142677095298898,0.6326822315600322
12230,0.39675203368365963,-0.20050218681370488
12231,0.8825746311021145,0.2312939757582544
12232,0.43818690130800425,-0.03763097754647795
12233,-0.7996729415865446,0.18918881114987157
12234,0.3324872711744766,-0.49808641569040696
12235,0.10256709513050646,-0.5566481758302336
12236,0.5350577596212269,-0.5174168975521878
12237,-0.20989912317793116,-0.37544782631619833
12238,1.1084231971700946,-0.317245135960397
12239,-0.6978918742332502,-0.41407105462469357
12240,-0.3026903747342966,-0.41506479839212534
12241,-0.4180671090026379,-0.3968045275196233
12242,0.8493909207861248,-0.33474051967182633
12243,-0.2853673432144552,-0.5071371828037359
12244,-0.18942062338897092,-0.5558494774347481
12245,-0.2405975658430714,-0.45217484131849706
12246,-0.25167204397497933,-0.15739156295102158
12247,0.8746202329992616,-0.4613062681774376
12248,0.8965125724112102,-0.35580706479824703
12249,-1.1974090454024058,-0.2592856971644509
12250,-0.3785703340705286,-0.30949277258089675
12251,0.1099375215537031,-0.5198245101606507
12252,0.7335345603868726,-0.44051806551948874
12253,-0.5577323338001035,-0.3802325646485171
12254,-0.6218265913075496,-0.38625028560105235
12255,0.5674707500258329,-0.039204783141876975
12256,0.42247680327928827,-0.4863562437452419
12257,0.48641020795262946,-0.48435905849740835
12258,0.21767726544564908,-0.427241560863499
12259,0.728169338901195,-0.31310302353494307
12260,0.01308425243341603,-0.5153122530105889
12261,0.31005735729993933,-0.570997223228522
12262,-0.15340624627572,-0.5540519210354824
12263,-0.43753725701342994,-0.2071592981697138
12264,-0.23093969883086166,-0.5067877260488182
12265,-0.12718006447083022,-0.5801194592041623
12266,-0.9473584893028436,-0.13250776730593927
12267,0.1056234096046696,-0.49718195624826056
12268,-1.225401694112053,-0.20298428039014624
12269,0.7699737138019139,-0.35668356398413475
12270,0.4042206234782747,-0.4734597564990915
12271,-1.0140041129722097,-0.20847160478048674
12272,0.6587354098406488,-0.430238099311331
12273,0.12494749104438294,-0.6371896417778955
12274,-0.33953735088658843,-0.39507002313042716
12275,-0.30927616699284294,-0.5948045581327075
12276,-0.8865027294252008,0.0763317783379321
12277,0.6736403835461898,-0.4568987564815379
12278,-0.295011550107386,-0.4638342253844037
12279,-0.5728444773697254,-0.3645959898310123
12280,0.5454390370187339,-0.48003855890745667
12281,-0.06380379558761898,-0.54094812869534
12282,0.25770120031265853,-0.5215487654385622
12283,2.277934170075519,0.2838676633766269
12284,0.182471460877861,0.015211959049423032
12285,1.529676958091863,0.5819367188041374
12286,-0.6031048360607623,-0.2501915788478643
12287,-0.7529939491019051,-0.5054700958311942
12288,-0.061977145210639475,-0.5645313853203506
12289,0.6602438289758057,-0.32417677363391567
12290,0.07541282360620169,-0.608798828404521
12291,0.7302459262612496,-0.3791590300458816
12292,0.3841072803892779,-0.46340059918996596
12293,-0.6023790724289895,-0.34889386810744805
12294,0.3211105385208412,-0.5057622715692408
12295,-0.48469550881265133,-0.07722254690380582
12296,-0.12148366937258298,-0.46725671148182674
12297,-1.3806339408822117,-0.08622262800323838
12298,0.5531971564484035,-0.4582785724390246
12299,0.8767643417848061,-0.36662674859789246
12300,0.055785903051630704,-0.41169459682959014
12301,-0.5845567631703036,-0.2587697900117804
12302,0.5159883303899904,-0.49397637818946294
12303,-0.10510590730286973,-0.29603622549787045
12304,-0.5185731847918215,-0.18843175358419864
12305,0.5983285627651656,-0.3708725171997303
12306,-0.3906002028092837,-0.4733492731465189
12307,0.4890528134305041,-0.27985724114741056
12308,0.4908007478097454,-0.43357649056940073
12309,-0.05118178011672011,-0.4955584764093573
12310,-0.41916533240952714,-0.5408078753665218
12311,-1.2240752985223597,-0.09425133819858732
12312,0.43361258028274463,-0.1382723586470431
12313,0.04780029812114172,-0.5772290204604275
12314,-0.5413748717414412,-0.3434671992262742
12315,0.4971891146403622,-0.38663934006579753
12316,-0.05656095089659106,-0.49628339400544574
12317,0.6668328119517903,0.6230154580841814
12318,0.29886021102855376,0.6803694227136915
12319,0.45005930817665846,0.5839398993498517
12320,-0.6210984853123142,0.38478118550310103
12321,1.1700218967054656,0.2430918774910711
12322,2.5910770358715904,1.2466277098222
12323,-0.6362918172812668,1.2585005813567072
12324,-0.13965291033587562,0.031791999718603796
12325,0.5762794456355183,0.1465960776508472
12326,1.3157064154218239,1.3193869607267523
12327,-0.9825012325600659,0.9891671562936206
12328,-0.25584772618625007,-0.1983861732757198
12329,-0.7102522472185216,-0.29903437380371056
12330,0.5755663673443658,-0.5346109179443089
12331,-0.07824829467071481,-0.49114625364455394
12332,0.9183900658175953,-0.3286402234653625
12333,0.6592808660370479,-0.42460751784932166
12334,0.45080654192793757,-0.4032795888483632
12335,0.8751756373474818,0.14459243705292676
12336,-1.1251952212014436,0.0048759324780715
12337,-0.24885788639448364,-0.47086170781573844
12338,0.09874996746477499,-0.5306077897902054
12339,0.038794419558205714,-0.4726607863139368
12340,-0.04063415963371542,-0.6234079342106206
12341,-0.46427249953522104,-0.5520460940828246
12342,0.21575566046640393,-0.2796810046798965
12343,-0.23698067293786584,-0.5987841434797065
12344,-0.25066127449615355,-0.4867033087766293
12345,-0.541463711549871,-0.3275206805281688
12346,0.1275059546411037,-0.6029947663877647
12347,0.49572849655654727,-0.5604705488289408
12348,-0.19923736115682075,-0.5965404707114398
12349,-0.8901381078004026,-0.39111131065198546
12350,0.5999829995055586,-0.4827442894418672
12351,0.26017390413122987,-0.3533150865318607
12352,-0.04187074811381333,-0.5600644907267934
12353,-0.2685983213691501,-0.5646253799684371
12354,0.2019067198817195,-0.6280282985896467
12355,-0.22264264383501242,-0.537484098888566
12356,-0.1703003699541454,-0.5128741903260444
12357,0.13469117724381258,-0.6289854964694875
12358,-0.11382619005270739,-0.5412046178072221
12359,-0.22194025583213867,-0.4446162330209809
12360,0.10506707560442738,-0.6391259563611166
12361,0.27536866396723164,-0.4868258049878904
12362,-0.09882351751824775,-0.5805278295017494
12363,0.05552788627687719,-0.556989544015438
12364,1.0731355775385278,-0.34204644163081627
12365,-0.5783339939789865,-0.41247653784314925
12366,-1.2190369621684563,-0.0005877937107960074
12367,0.2839212560613782,-0.4429466203021702
12368,-0.1382502054250073,-0.48259406794049386
12369,-0.8563910149743534,-0.423660558085868
12370,-0.023046064985500905,-0.3504887611214839
12371,-0.31801396315491554,-0.45647691701894216
12372,0.07013034583717631,-0.5648780440067683
12373,0.27677756328161146,-0.5211587322377442
12374,-0.21748479155421038,-0.5350931288672609
12375,0.2923946011236306,-0.5534064536806639
12376,0.2589941937341828,-0.47802901989945196
12377,-0.47755700618107266,-0.5406592774068437
12378,-0.19261538090165947,-0.4447408320341845
12379,-0.0651748892032995,-0.5358539938420009
12380,0.5489109428595458,-0.4217571972706816
12381,0.029988501539940753,-0.38594100901959405
12382,0.5611825153619037,-0.24574378969913324
12383,0.6360597549134087,0.7429261232466193
12384,-0.4929169715793351,-0.2586820332994695
12385,0.12003466383006198,-0.3484632594664126
12386,-0.08128612643569799,0.1320700719931304
12387,0.5394829134280423,-0.33909536637553345
12388,0.20653042676847072,-0.3147003497077268
12389,-0.3738903371613782,-0.3800126453069869
12390,0.22036967406218294,-0.4626320715947367
12391,0.40349694572707634,-0.30209857579511384
12392,0.5465854427911369,-0.4251986668114668
12393,-0.4770164121626561,-0.45057273944865134
12394,-0.36278578753368457,-0.4962284127129627
12395,-0.318236799142078,-0.4533852019181085
12396,0.5042228378607067,-0.3842571451094079
12397,-0.042909649673855486,-0.6405592833655402
12398,0.20720729024417944,-0.5224082753466875
12399,2.3979638398872183,2.0999812746663475
12400,1.0841745989971647,2.277711974005071
12401,1.7450360086300205,2.7017641014562326
12402,0.11167845059254158,1.4471391036086843
12403,0.3693928268931323,0.3391860457691509
12404,0.8891729912455403,0.41605135286701617
12405,-0.36498690448138227,0.8060489272861687
12406,-0.26334637135484334,0.9330833680072869
12407,-0.7491694516265975,1.2318238228705292
12408,0.12441609854227748,0.22978228287007413
12409,-0.35991109155988754,0.5310161078489541
12410,0.4546144019357145,-0.1181947530919516
12411,-0.29832672679052097,0.02214419867951722
12412,0.20666243784889973,-0.15497054092262788
12413,0.4763764054306882,0.5600946248610362
12414,-0.23469277934601518,-0.07249273199582829
12415,-1.4611354696299435,0.5277841674076862
12416,0.06973751838382888,0.19015956101998305
12417,-0.04362566761835406,0.5609930020297879
12418,-0.3055551681342187,-0.05616190645573077
12419,-0.10051583226504687,-0.26186609648785736
12420,0.6988397135423676,-0.3293399547605643
12421,0.6850659117313612,-0.2909241986650889
12422,-0.12182027504255508,-0.2742647620562757
12423,-0.2659815659601973,-0.30518034200733024
12424,0.1510096777212923,-0.4568484865540217
12425,-2.113707558268863,0.45361916120146506
12426,0.21378401393427648,2.708096944122381
12427,0.3147526401818267,0.1363675442122046
12428,-0.12269475099776589,-0.11431914015197385
12429,0.39030769858690734,-0.3541960015719013
12430,0.3415152951061706,-0.5232778673669032
12431,-0.8798125628292613,-0.3917650484835377
12432,0.7099247147542662,-0.3994619976160772
12433,-0.42739167438875203,-0.320355546406897
12434,1.0381505219779432,-0.4048863001551315
12435,0.017957623946882162,-0.5329664872196994
12436,0.35548332435873375,-0.5529035631777223
12437,1.3818813819156512,-0.07389531992990626
12438,1.3120952755851982,2.6544354096631984
12439,-0.2845033985047119,-0.08794540584942284
12440,0.7055981687088533,-0.31224900073227707
12441,-0.1361919356847941,-0.24105106484475552
12442,-0.2352018771487841,0.16277166497598144
12443,0.25690458084214113,-0.2642567152267902
12444,0.6486404147176851,-0.05758533907567425
12445,-0.28229287249313034,0.11593216879353695
12446,0.12925310610987417,-0.28762988933718514
12447,1.0602403699252843,0.059527584590078286
12448,0.16125835676385286,0.24309212680264705
12449,-0.05042168985154484,-0.28907513134001483
12450,1.1519228643699901,1.4029567502585734
12451,-1.04525540076121,0.43169058057786985
12452,-0.0387683535266258,-0.2854407947734764
12453,0.48755937383715536,-0.24186576804216922
12454,0.4715171663510241,-0.3148200899659608
12455,-0.03785554331121895,-0.012843376207844261
12456,-1.1256350367793597,2.798501046803947
12457,1.4646973276626138,1.9744648676586842
12458,-1.3499887534349593,0.560210330975653
12459,0.24420157545975998,1.4073159069136196
12460,-1.2734459225018249,1.3753041014796108
12461,-0.4755028090897969,0.08613427640023973
12462,0.40004372592648174,-0.04091769160531486
12463,-0.06619728580131551,-0.15945424677859882
12464,-0.521601966259911,-0.3334883301577644
12465,0.357891229508279,-0.3088502466069138
12466,0.05009804133808941,0.00706482651201659
12467,0.6892068258682214,-0.37684171117511667
12468,0.8708051263158534,0.9447589052894937
12469,-0.8922725774212131,-0.086964458108859
12470,0.025670760794216353,-0.3336861326447245
12471,-0.2550715965206469,-0.14370451546635915
12472,0.08260334572946984,-0.3955957999153744
12473,0.08001920540414673,-0.31826900946383047
12474,-0.3114416644089576,-0.3005519407543038
12475,-0.3733066578969578,-0.09508423097431368
12476,-0.2818742750780473,-0.3224573021054
12477,-0.1833942144033284,-0.4465690216628573
12478,-0.2769678107282122,-0.34708541397248327
12479,0.4476100958169676,-0.19413091105445404
12480,0.5092914055264481,-0.4964371533032505
12481,0.522088228137994,-0.358496258465418
12482,0.4774355978573938,-0.287190642844778
12483,-0.3901837954108234,-0.38217226358754064
12484,0.8858658796705339,0.008996414627389756
12485,-0.2736568901610866,0.14387404225704
12486,0.3256938037021869,0.01590550275843318
12487,0.5922425976615288,-0.010034155793108073
12488,-1.2477266907165028,-0.14966243150777586
12489,-0.6468233591450263,0.18367187166118862
12490,0.10664736656584878,-0.29932097948047365
12491,-0.23675441488747734,-0.32527669310894053
12492,-0.3584567496410028,-0.4324984513201625
12493,0.1501555351292439,-0.3623543236205862
12494,0.6936584987654641,-0.3501279387267079
12495,-0.08969306649815215,-0.31168681717881913
12496,-0.48313856940855626,-0.456477156177941
12497,0.16414317981497928,-0.40041745350770847
12498,0.3200364194275268,-0.3650340037043085
12499,0.7031503185136847,-0.12691429174393104
12500,-0.18291617527202209,-0.3587563618386942
12501,0.20541087754287285,-0.46277896400095825
12502,0.2639206513492696,-0.4955590714993389
12503,-1.3263232972666,0.07028375433329499
12504,-0.02934645399719072,-0.30285848118341996
12505,-0.15028310999691508,-0.3521968577948408
12506,-0.45762670662572846,-0.2550638451526073
12507,0.2962398866053405,-0.4139836971858728
12508,0.6913259310252302,-0.4135779390563845
12509,0.6158609318884034,-0.0296229155442364
12510,1.5452535228616666,2.4201739656027397
12511,-0.919300001470063,3.0498674506132617
12512,-0.2877479108954192,0.35798425868542794
12513,-1.4482716287836854,0.44914351120749824
12514,0.10724942135177432,0.36360500520249023
12515,-1.3846873682609058,1.1514867251406362
12516,-0.027931502756394916,-0.3057271246876134
12517,-1.8243628490101418,1.3429908331659914
12518,1.2428275158194937,0.24418797902758327
12519,0.042761160766418733,0.14907038063839534
12520,0.09667751092797144,-0.35060581130359686
12521,-0.10590828368020769,-0.37138928318315967
12522,0.5849271080987412,-0.4288131773135329
12523,1.0196619804073328,0.12386128836178852
12524,0.21994272800629083,-0.201259253421925
12525,1.3010074660874968,0.00880490225091722
12526,0.7559321768355322,-0.010653713285679234
12527,0.010647086407212437,-0.38168827408252387
12528,-0.47349405159563474,0.26307914662636855
12529,-0.7360392790746416,0.8518717666560632
12530,0.14074483932942053,-0.33097075953780125
12531,0.1566905809165468,-0.4170486917588328
12532,0.12487187779979045,-0.416622494638355
12533,-0.13180257862738748,-0.5647874923359423
12534,0.7311082801090558,-0.1471141786611333
12535,-0.6169642532964572,-0.06561180558782395
12536,0.005711934202890741,-0.264924345526297
12537,0.7456798574297464,-0.3919407609939077
12538,0.43713708492091286,-0.4390952978007877
12539,-0.1986905870345297,-0.3842131407992346
12540,-0.32292349152478844,-0.47938788841159535
12541,0.5160795881098108,-0.49593427571908366
12542,-0.05839128414214295,-0.5281498069022091
12543,0.2303773961883535,-0.3095116705875585
12544,0.3383376096209153,-0.47215706341406594
12545,-0.4522615982732966,-0.3012939170529468
12546,-0.03563168735326324,-0.561996478263581
12547,0.1758018544878191,-0.4456547944957131
12548,-0.3959423825256697,-0.4625827264770115
12549,-0.5692203102257373,-0.28486942250274616
12550,-0.09897452871848564,-0.5241381581863747
12551,0.4652278562479158,-0.4488705144012913
12552,-0.039793110578140285,-0.5607679293247324
12553,-0.5311204967828851,-0.49475121916612114
12554,0.018900422811223297,-0.549805132061204
12555,0.25162010596566164,-0.5843322647494247
12556,-0.0597463420169466,-0.48387447301865
12557,0.632745987942004,-0.32403103347028517
12558,0.021607068315117002,-0.4588086185069852
12559,-0.2963493129009152,-0.41531011554090264
12560,0.12939709316306325,-0.39000879464806726
12561,-0.22785456110895427,-0.4646743552679059
12562,-0.134701469660469,-0.6135159150611602
12563,0.15618347543676359,-0.399476690890026
12564,0.08038819704208902,-0.37541965796861404
12565,-0.18345955963086089,-0.40428657678849583
12566,-0.17813144450395987,-0.49132712464342115
12567,0.5579687015628122,-0.5262093146193155
12568,-0.18464623588091578,-0.5261968195533661
12569,0.23960768606750832,-0.11289890885994754
12570,0.38601122900002677,-0.47254028426124167
12571,1.296601711554861,2.9320838798234137
12572,1.7199819402130534,0.74442702401898
12573,-0.5143525168102101,0.45715977022221604
12574,-0.11002011410099374,0.22467036106896232
12575,-0.945529078381101,0.14214896471140595
12576,0.1466185233365923,0.41300617535651013
12577,-0.5234673910425991,0.09404911244124411
12578,0.1866846725445924,-0.3881280583684439
12579,0.6425385828891141,-0.15959395739206117
12580,0.3536488305594177,-0.34712087545672354
12581,-0.1861973298343561,-0.38940727483249493
12582,0.30077684442488406,-0.3338903719618492
12583,-0.1096238970752674,-0.5201475666591149
12584,0.41093295239651795,-0.28149248526409554
12585,0.8215475671804329,-0.11133796778643464
12586,-0.5449639720914957,0.08590617075329286
12587,1.0586840701600133,0.06042274511476324
12588,-0.4478699292727662,-0.265711798174317
12589,0.0585075284090453,0.14660052245077063
12590,0.7832058624102949,0.5153241061456589
12591,1.1449156563009388,0.3476236846539288
12592,-0.24578597994367574,0.6521193043781156
12593,-0.6145809639408498,0.2324278803196537
12594,-0.36110836886751485,-0.2570057492213445
12595,-0.7665485968992263,0.1611874217541832
12596,0.36640696268202505,-0.3835822898688481
12597,-0.41511732937363344,0.015612185651894468
12598,-0.4205239765728351,-0.23251183495118818
12599,0.666287876805598,-0.11889754198802219
12600,0.7310727071919667,-0.08480313789218792
12601,-0.5291526301327105,-0.12612922361799778
12602,0.5164823455574182,-0.08661010526756828
12603,-1.5617655827031414,0.1971287860569462
12604,0.5045344944037209,-0.19139972430726238
12605,-0.5276186245563943,-0.22487817266712995
12606,-0.8736686801141751,0.0687886781853738
12607,0.3822374869306018,0.18545845587834917
12608,0.11232992130252178,-0.37377278161366956
12609,-0.3601514662296814,-0.04779374490384165
12610,0.4691654103838983,-0.2523258157595284
12611,-0.3099587725592122,-0.2086466462516521
12612,-0.6887360299690168,0.13462594752175228
12613,0.09316473185787025,-0.11167816786218193
12614,0.21364542279318757,-0.4769545145555938
12615,0.6013824265056434,0.3356845472172835
12616,-0.3298600307249563,-0.2347921243278514
12617,-0.19685698051913594,-0.27845129700157806
12618,-0.509753364326899,-0.32711331746568956
12619,0.7084792441238538,-0.18405475683981584
12620,0.15187367742920266,-0.07562213761106426
12621,0.16571650174316988,-0.3766172820158916
12622,-0.11038661076989845,-0.16202776029168772
12623,-0.3454885335657117,-0.36956710049674535
12624,0.42905858574136263,-0.37783282880744895
12625,-0.3423328511559728,0.10101411935532234
12626,0.33102349505274664,-0.4235656944646431
12627,0.43031245797926765,0.054639130040329074
12628,-0.35000673249388314,-0.27383455838452403
12629,-0.3464752919866798,-0.35784875600459837
12630,-0.292787491596705,-0.26786205522174816
12631,-0.14311977768559514,0.1571227419337756
12632,0.7300247759293166,0.2636253993916614
12633,0.5821666023362307,0.34632148496148646
12634,-0.29565461550952693,-0.3696882067581823
12635,-0.314548777405814,-0.44226874978967706
12636,-1.5632884098135924,0.15222485367258176
12637,-0.08529936419773121,-0.18543800891395923
12638,0.462506337753892,-0.31626416018515957
12639,0.211607280073147,-0.5107467533554461
12640,0.6398609294058741,-0.3485679567528446
12641,-1.0490026397914738,0.008036890852091683
12642,-0.6011397579430815,0.0751770320639066
12643,-0.2524024065377853,-0.22292720034596217
12644,-0.02760130195041934,-0.5578672609270595
12645,0.4575545137834096,-0.29859348474798153
12646,-0.18390696317335398,-0.517390548313913
12647,0.6940906558051687,-0.2659208543792933
12648,0.10902937201062635,-0.277386941326208
12649,0.45721221456943284,-0.37881364658414
12650,0.5537021770442467,-0.2789147100041665
12651,-0.8991048267037172,0.12603831036830565
12652,0.3694354888778574,-0.3447341554146894
12653,0.4674592945934527,-0.05551887414268525
12654,-0.06228936791924929,-0.367458800742971
12655,-0.03801162947509401,-0.27532013937649613
12656,0.40765480796841214,-0.020335217617403405
12657,-0.4303309168842352,0.6954291326993559
12658,0.7123377861584874,0.03867824325634295
12659,1.454589680541309,0.9184685729922017
12660,1.550869802345809,1.8859306524840467
12661,-0.19347991166101705,1.053595559410608
12662,0.4371011689355315,0.514284610087637
12663,0.5777165265123707,-0.25654651104358567
12664,0.2910724095887876,0.22774786317002
12665,-0.4401651259476358,-0.40990731990580376
12666,0.2069141833897974,0.07090079536110312
12667,-0.9353116966066338,0.10233935002677938
12668,-1.6590558329663032,0.31382121070769936
12669,1.1677541574188588,0.19915108770333698
12670,-1.1168446246034538,-0.10870880625421445
12671,-0.35046741615115146,-0.2199361715660219
12672,-1.4409544361974582,0.5607957805550372
12673,0.850407032807232,0.10377845007462844
12674,0.0788104213093703,-0.30297454183810574
12675,0.3881137801599547,-0.15590232880897315
12676,-0.710926567087366,-0.3664883955653238
12677,-3.1378488011616428,2.144474340691968
12678,0.5168930337825522,0.8568119074704162
12679,-0.17657236046930266,1.0102641825876237
12680,1.166238097208185,-0.23143551318151245
12681,0.30160503990468557,-0.3145699966839215
12682,0.5842772670249923,-0.12914345828681426
12683,-0.27671627721055797,-0.155781445904487
12684,-0.03061319578734774,-0.35796843907703163
12685,-0.25064888450797196,-0.4801759641033048
12686,0.2888834767175076,-0.2545854904231451
12687,-0.5201481137941897,-0.3544179729253995
12688,-0.5727049834750728,-0.26896991082302607
12689,0.2856916571122834,-0.12314560109617621
12690,-0.9114082319753187,-0.2369700491853036
12691,-0.04431569672278945,-0.3009524725555682
12692,0.8499121565132359,-0.27165011026141794
12693,0.30932506377829855,0.12875517047138207
12694,-0.5874953120618365,0.05235827324706277
12695,0.2131037431233613,-0.1134889280791648
12696,0.27576244792295274,-0.387985009969137
12697,0.7553701412202691,-0.25173830202796355
12698,-0.30697461856054536,-0.23432011799791316
12699,0.2657202016891816,-0.48901028489380377
12700,0.04037858505904298,-0.3588468148465154
12701,-0.6753262772096988,-0.014260134672939746
12702,-0.7842229149261692,-0.21068046491475842
12703,0.9492362752531209,-0.05243853838138682
12704,1.1367806640998948,0.10564844766649947
12705,0.5400706540667877,0.6330609523391306
12706,-0.21671017874840362,0.165319812184282
12707,0.4903485406356696,0.02474149057971649
12708,-0.3252639877689004,-0.1293744449569743
12709,-0.07272768509826588,-0.41841056412051525
12710,-0.1465578637951368,0.3293924775597076
12711,0.15671735015810426,-0.4372853566733671
12712,-0.07488329734794535,-0.42943402407760584
12713,0.20245888763402392,-0.054452198339105966
12714,-0.20713859995981948,-0.3462063215866675
12715,-0.33725158616420825,-0.36266153920680544
12716,-0.44162387288508087,-0.3931103679173638
12717,0.3579856227216545,-0.4578654509919364
12718,0.01726994417966377,-0.20042764924285209
12719,0.38397567071946515,-0.4856380390412945
12720,-0.4387987760872907,-0.45348335576648546
12721,0.3487350950977404,-0.570602535907973
12722,0.2370420363243835,-0.4842575426741529
12723,0.39285489189028233,-0.34123589671065474
12724,-0.30520556009596733,-0.48213095414902096
12725,0.1628304918508921,-0.3863009901686207
12726,-0.07869031085836756,-0.4116723907917774
12727,-1.090868280188572,0.3785502423283216
12728,-0.35918907294824,0.09726427608783349
12729,1.2000377581384405,-0.19326393631502742
12730,-1.0394819760956535,-0.40269726465931366
12731,-0.5842924670258385,0.19289374576293636
12732,-0.12090435858561469,-0.32114846135965075
12733,-0.17036354669202028,-0.1017649592391628
12734,1.4999380151831914,-0.16273792681326268
12735,0.11242434321892558,-0.23943078011559002
12736,0.020743930555088948,-0.4506455643296983
12737,0.5272257975830987,-0.3362271937303286
12738,0.3336921542106347,-0.2975858340607843
12739,-0.45047368627545087,-0.36814656459727896
12740,-0.0011832023631377572,-0.4003347832745322
12741,0.6270945109622371,-0.3298725091391636
12742,0.20842064868470733,-0.1006222633923125
12743,-0.28494751555428477,0.11814120665927612
12744,1.124920366629381,0.21888064517223813
12745,-0.8713935171247984,-0.01102328893260165
12746,-0.6083644958018211,-0.3452706527976252
12747,0.5917815221342453,-0.4077257445764539
12748,0.6072428546170425,-0.22674130157240072
12749,1.5404587323042453,1.1971435328558544
12750,0.24241583595689056,-0.19932211864788127
12751,3.2126770872834918,3.524305304231115
12752,0.7593509540723222,2.4212945361560316
12753,1.4434572866676785,1.8707621599071245
12754,0.24545752845646973,0.8673506604679284
12755,-0.2384110785167241,1.8477415162413977
12756,-0.9509607752264563,1.2515951812488364
12757,-0.630597192101439,0.31055096697285983
12758,0.8305522759396806,0.06305135832013886
12759,0.6340003024964285,0.1996332676447079
12760,-0.2512249615071044,0.10530713456542082
12761,-0.1457580543514016,0.033562823345573124
12762,0.30169862998369146,1.1613014398631778
12763,0.8882720895266887,0.7482648715796996
12764,-0.9652499640201462,0.18447841049558655
12765,-0.34361208605491356,0.649740035414703
12766,0.10679175515019962,0.6170692646810954
12767,-0.08161295439897773,0.1656615890985432
12768,-0.1963984991115831,0.2505938123238886
12769,0.468943958815745,0.21370403652217612
12770,0.1380185432704199,0.4211236321847166
12771,-0.8373966695243984,0.2773620243723067
12772,-0.9531536557414781,0.5255852214885943
12773,-0.6517614587993383,1.030854262575712
12774,-1.2708675517111137,0.843339976384484
12775,0.34961767354059337,1.3026123199088966
12776,0.7730793057907053,0.3228252648545934
12777,0.2175703560366968,-0.21102315681665545
12778,-0.1758065650476961,-0.3444076048261737
12779,-0.3622104313546926,-0.26289211745306945
12780,-0.5334710135220591,-0.22157403572809195
12781,0.02486686112334658,-0.20269169373613366
12782,-0.3778285254885391,-0.041214213461431476
12783,-0.6342804945076004,0.08358539791000026
12784,0.18926744377159777,0.2962260321046384
12785,-0.8280637716407755,-0.11275137411798361
12786,-0.2215170451122556,0.2411194156322412
12787,-1.1394473647506005,0.705357932008833
12788,-2.423101167101294,2.7492790833843976
12789,0.8103969387181227,3.301843117745827
12790,-1.1342584415013108,1.8986085512456765
12791,-0.5552825346980254,0.8696077442568773
12792,0.04584295721567021,0.24460550439104337
12793,-1.8088986013117676,2.432519392445872
12794,0.5806093387472271,1.0687941072645515
12795,-1.1212253983007212,1.5179097601300748
12796,-0.04101731317687817,0.21560000088218464
12797,2.879151236659503,2.3542958866525825
12798,-0.408362536003957,1.6802224658802993
12799,-0.012782660314761114,0.4032096363508246
12800,-0.017870305017144282,0.2446367291773589
12801,0.47387725116177937,1.1007995703129496
12802,-0.10672376407827894,0.42193292077141964
12803,-0.8073182965288258,0.9063094228290879
12804,0.17272209181239095,0.03888049966978381
12805,1.4966746657553984,0.5528140223804078
12806,0.23013013206018335,0.05899438223810571
12807,1.2360342689994142,1.5952691691140175
12808,-0.6655210591247692,-0.04225479171036041
12809,-2.1587192095299477,0.7896473432468337
12810,0.6078880904566741,-0.3021190281751347
12811,-0.10588092273038893,-0.4183662655394679
12812,0.06138349457833835,-0.20478111533409962
12813,-0.6541197111189425,-0.16961823902795617
12814,-0.7145706940034641,-0.13227460287233497
12815,-0.18875637057628694,0.9005276822698264
12816,0.3345846155883303,-0.29006138229656536
12817,-0.031904420594553624,-0.40856940219090115
12818,0.8825844575307636,-0.44809391883521954
12819,-0.6394176569223831,-0.4427695897749957
12820,-0.15113247158261228,-0.42315067483033697
12821,-1.1987441718330096,-0.07961542066685129
12822,-0.7372871206680671,1.7258690218606563
12823,-1.0008605984262586,0.28514823128794264
12824,0.5511826380005378,-0.27294790378630907
12825,0.26804041001966444,-0.161806122312165
12826,-0.3042380688881494,-0.5085504208617591
12827,0.7288119591780053,-0.4470779170566539
12828,-0.6757751022655292,-0.374132500134513
12829,-1.666886301783273,2.0797823645374396
12830,-0.010669352234160276,0.3805310827197659
12831,-0.9220586298627504,-0.13018011157423962
12832,-0.5236073209199943,0.8091231562143599
12833,0.866177704843769,-0.13384488493678892
12834,0.5433485751031811,-0.38758983998543484
12835,0.37162425126334464,-0.48611149645748253
12836,-0.5620987568550196,-0.4082410840495144
12837,0.5944828833615274,-0.2626085041543779
12838,-0.6547567426877738,-0.3882901114564465
12839,0.46912593110538714,-0.4365673484827493
12840,0.7039094462323723,-0.07388860426276288
12841,-0.30831350454661377,-0.29883807377578736
12842,1.2440141734990044,-0.19013828059633178
12843,-0.4340046341316727,0.19179868074676762
12844,0.5779137120463936,-0.24081583064957734
12845,0.09390662293351612,-0.4769812588571393
12846,-0.3557122595531358,-0.3375723347033732
12847,0.18018531405448432,-0.36418457924297476
12848,0.6623627421850469,-0.32421780809106215
12849,0.32354792370944047,-0.2805431561055654
12850,-0.6458289524223275,-0.09440510681014898
12851,-0.550642641558049,-0.32909032107311326
12852,-0.32619397794403804,-0.18215684109305044
12853,-0.047461117329330296,-0.4671957156227347
12854,-0.21105067087191043,-0.6147139451638586
12855,0.6495877196008926,-0.47655409895261625
12856,0.4869665343778286,-0.40610990563970206
12857,0.1936617186338494,-0.28272718658879203
12858,-0.078320438883979,-0.42035740314070397
12859,-1.100236545226432,0.00346780919097261
12860,-1.3037391691087343,-0.010163373217526134
12861,-0.6240401620543483,0.24271961706173117
12862,1.1261514005357194,-0.33029938128634045
12863,-0.7400952258477961,0.34673966656659483
12864,1.514311903190287,0.4378190376198562
12865,-0.006831664173590931,-0.03766626151067509
12866,-0.5438405114921048,-0.4897013112629428
12867,1.3641989573755073,0.3141217252342724
12868,-0.018308121790824014,-0.4448682489698149
12869,-0.5326692852487802,-0.0442288260373365
12870,-0.009743390426749817,-0.49684715965546133
12871,-0.4769390726935396,-0.2626059427974453
12872,-0.4523385769287215,0.3239572861043295
12873,1.070679674138491,0.2821017491966286
12874,-1.087022940533417,-0.08282109574673552
12875,-1.0273364618134297,-0.2791197459761006
12876,0.5364760531550087,0.1389746922032657
12877,-0.5033538361239865,-0.41852815510500657
12878,-0.7032937921213085,-0.28122166889295613
12879,-0.6983430219259827,0.18944341034637732
12880,0.897900221485473,-0.02049316699647435
12881,-0.5125011395448432,-0.36345269193212887
12882,0.1078365562106495,-0.2817727163232572
12883,-1.0358486679629642,0.5610355098881216
12884,0.9834251566016485,0.2548763748737925
12885,0.026051102442886644,-0.4661146686651913
12886,0.6863194950870288,-0.2378028842837062
12887,-0.6334926607350779,-0.060430435970300324
12888,1.1386578198142563,0.02205555614121873
12889,3.1870987941854554,6.658150870389397
12890,0.2859691442110386,2.824133727310083
12891,-0.9078872214249997,1.7212982461198008
12892,0.9192527076800885,0.48147139466698996
12893,-1.8199108822653502,2.984020596492938
12894,0.15324334141214954,2.123744694235358
12895,1.378341620976062,0.6613796577669996
12896,0.3738928391876506,0.2469770923938339
12897,0.044000489911449246,-0.044017311703725456
12898,0.9443305624455064,0.12829339281166477
12899,0.14163016798948844,0.8042233027316041
12900,1.4920747541556239,0.7321205333778694
12901,-0.3839925143570094,1.6182600838485615
12902,1.1778071581282505,0.827432441217375
12903,-0.24771642314311898,1.0953207851361138
12904,0.5843603690316745,0.009868082637180503
12905,-0.02163433540815323,2.0800179799991145
12906,0.8124869350877219,0.7367030504160116
12907,0.4296557830703855,0.3482640795032553
12908,-0.7627073981616433,0.5744269986067789
12909,-0.22535936480295887,-0.07791716510643312
12910,-0.26151769529618984,-0.3226475593229721
12911,1.8879255394966261,0.6653295692885022
12912,0.25292939352107563,0.5200951330645108
12913,-0.602404431019874,-0.04235832734816594
12914,-0.7233046342317639,-0.09021161536719378
12915,0.5851110662666169,0.28091392981724234
12916,0.9136716750841921,0.11535974075001414
12917,-0.32066034430329454,-0.13468861709079522
12918,0.4649048560138077,0.0999689030670989
12919,0.0280409808611641,0.042825605014692174
12920,0.8926973882571382,1.3212158583839986
12921,0.3788779050697988,0.3240364030781345
12922,0.40999679241297304,0.8697293203432231
12923,-0.675834460510131,0.08537658114913074
12924,0.05397618514009953,-0.15209362574637258
12925,-0.06652530357645617,-0.09879632794476197
12926,-0.6231889961626241,0.13616514343416586
12927,-0.27547104803416056,0.04520644636443983
12928,0.29660918985867973,0.18715222500178266
12929,-0.10152409944519653,-0.07329452013790105
12930,0.37157336636455546,-0.08755804798799512
12931,-0.2726216877791323,0.17585654306111564
12932,0.2729227359225155,-0.34063759818840145
12933,0.28995197365733927,-0.4223270151411286
12934,-0.516114153910048,0.014670099318017847
12935,0.3233579628502363,-0.22781032566269818
12936,-0.34733568996883163,-0.05115043596310429
12937,0.6549831515005932,0.09563018203053353
12938,-0.8140029837071971,0.6390518078584447
12939,-2.03655525007333,1.0229207798955393
12940,1.0557331152550153,0.7496635721941751
12941,-1.1532100329642958,0.1859870050604777
12942,0.36969895623778043,-0.17701225499083587
12943,-0.9246847876252041,0.3040099220880203
12944,0.7906656374558926,0.2996747866721706
12945,1.6275824267421073,0.29160942255979483
12946,0.44057290756109346,0.3144804934660769
12947,-0.787828409951987,1.4123250997125167
12948,0.5411420928791855,0.16898111643287933
12949,0.792037986672212,0.4665122183883114
12950,-0.47933037764707787,0.943539400394519
12951,0.8991227681746939,1.0446614601314341
12952,-0.28255386126282117,0.9099816538840547
12953,-0.5787298255695938,0.3132239623777443
12954,-0.1259718145574048,0.2727281577817935
12955,-0.03024865977472519,-0.2600059285853759
12956,0.26741348027061473,-0.21269920414429558
12957,-1.4903636896944081,0.7786194948949019
12958,-0.6118261344854056,0.5791320362652841
12959,0.5737726927485296,0.003489662438271782
12960,-0.6848388249851252,-0.18369370020182169
12961,-0.052806980158546686,-0.29649279091979003
12962,0.7659113846462806,-0.22496576756906594
12963,1.3637784334281093,0.20370497480440194
12964,0.20585316135307397,-0.33747098091799826
12965,0.12603958412635158,-0.17519241039895148
12966,0.9720643840105679,0.5269553194498846
12967,0.8590974267034899,1.069280751874191
12968,0.30197898911636556,0.22464397943472816
12969,0.3698932762176804,0.7969330109400335
12970,0.4759052885109908,0.5199952579231346
12971,0.6995240336056875,0.6379380530742499
12972,-0.8070741619435269,1.6428858077206643
12973,-0.1345469106874813,0.2600255662510377
12974,0.8446053104305242,0.7648729633646697
12975,0.21417235349809446,1.036618579606471
12976,0.03338678111425413,0.1750616558275599
12977,0.6104928201012547,0.5971983367878879
12978,-0.15099605976584132,0.8047233751950992
12979,0.13859707913775468,0.348980574395764
12980,-0.3590298386172276,0.9960107092353927
12981,0.2831150090819588,-0.29498309813655016
12982,-0.0864219546148208,-0.17075464658015466
12983,-0.2737891200541841,0.027324947043873764
12984,0.42244881328256084,0.24537647521498093
12985,-0.12742060259591553,0.5676690281641511
12986,-1.162713522075366,1.135949097760069
12987,0.9542841168853267,0.32707171332059776
12988,1.016289131915657,1.5297586708586812
12989,-2.3211893148935707,3.491074918496951
12990,3.0951691063655966,5.722435527814557
12991,-0.06901736481071552,2.0166597974569087
12992,-1.174164127401022,6.230646459144579
12993,0.20236604239772932,1.0835774142840968
12994,-2.913757494828664,2.550208701143659
12995,0.21408430614510798,2.4739616379174363
12996,-1.436125954269321,2.14357296784606
12997,2.178016099832134,1.536610290827826
12998,-1.1815229554192674,0.7658386346077802
12999,1.327457357599176,0.9368399996646513
13000,0.8416805934929144,1.1284231889419947
13001,-1.5063534882065737,0.7026854386469005
13002,0.30765274336997483,-0.07085117527883593
13003,0.6617924764900698,-0.11485612109826542
13004,0.7829566792150138,0.14939404677734094
13005,-0.8184638804194435,0.03943132811770662
13006,0.4053470817402391,-0.1808371973160353
13007,0.44221051076582557,-0.27950024461533257
13008,-1.525347403888163,0.4485921396373777
13009,-0.28161974648174054,0.9547030584535023
13010,0.6249020913114314,-0.20396075129312707
13011,0.5418411490130147,0.003511663553702261
13012,1.458551264218624,0.17199392682269274
13013,0.07527998553061968,0.06595230691237337
13014,1.0497375052225792,-0.06419898327847601
13015,-0.39539329756703756,-0.005604892146025029
13016,-0.5547559935378628,-0.3732468271607698
13017,0.567194493270255,-0.10507506725969779
13018,-0.03186731771895946,-0.1742916467158051
13019,0.11547640458686925,0.16345335556323165
13020,-0.10444551652719719,-0.02435519052832868
13021,-0.7284866374989742,0.12316616661502185
13022,0.4260091416696242,0.04219806849084063
13023,1.070721161126928,0.13740052096511013
13024,-0.021826495399121293,0.06685261032415715
13025,1.812947538514552,0.5379103745074734
13026,-1.2357014723168933,1.5727110398903519
13027,0.5786780781201624,1.0537178184645801
13028,0.48270718761624176,-0.10279190128449854
13029,0.27240561734866664,-0.043160644133309896
13030,-0.6675718156457493,0.2929259233690616
13031,1.624170037845167,1.139267913262519
13032,1.0241969989101725,1.5007950412835636
13033,-1.4931872766382643,2.519334942515245
13034,0.1611644897059132,1.113062890045941
13035,-1.0435810828100365,1.277734609372215
13036,0.8567108823882377,1.1342305679962816
13037,1.1185197689683408,0.6229953270829921
13038,-0.9584337166695382,0.2973227891821087
13039,0.2765737304655206,0.5812951350783533
13040,-0.2917090400687601,0.38442270788810057
13041,1.6375192089400237,0.4196136044374805
13042,1.2060893841190325,3.150286079790867
13043,0.00792930196465571,0.21999079363928056
13044,-0.18882835005502638,0.3543673615128779
13045,-0.11220979496237923,0.8948562182356301
13046,-0.5692955327925765,0.38269157387504527
13047,-0.8017408907835266,1.118951622438711
13048,1.1018218183884083,0.4438340055752064
13049,-0.4108801643562561,-0.06014690506381431
13050,-0.9762911920880291,0.2012120891093712
13051,-0.2530122905699804,2.0622014837405684
13052,-0.733766234563894,0.9054540722167655
13053,-0.986231886100627,1.2813781032833196
13054,-0.39593980481975244,0.905894455180463
13055,-1.4129274720768146,3.806596923646298
13056,-0.03755288963727422,2.9565902593299214
13057,1.5947565091625213,2.0461168434240635
13058,0.4823976772290226,1.4153458082651706
13059,-1.466277579521457,1.986177813049772
13060,-0.5690312054262252,-0.03326060576171933
13061,0.6957413810369011,1.0226411456507478
13062,-0.42178892064761164,0.09786045545792
13063,-0.4655005455846222,1.8601717536087332
13064,-0.007672670313400902,0.9328791581754684
13065,-1.362421928251803,1.9332716505304708
13066,0.38488348909540027,-0.23884328713980124
13067,0.7380860719858584,0.08208831879894156
13068,0.19671980526465277,0.11888797684557563
13069,-0.6737130162896805,-0.06693600454260462
13070,0.8299216525900974,0.44105954082197485
13071,-1.01903272828936,0.053550213919780376
13072,0.2500884446049853,0.18611509926706685
13073,-1.8705271868912476,3.1840456440228286
13074,-0.4755644408753436,2.61710676947955
13075,0.015181984868614058,0.8775367048382491
13076,-0.007428834232774746,0.4678608228927398
13077,-0.3456476666590085,0.7534392849601773
13078,0.49381516582579665,0.0346873842785302
13079,0.3846319615424908,0.9129520514764271
13080,0.6090994729672589,1.1607418341923559
13081,-8.330146114229915,23.72599998589743
13082,-3.849155651015259,8.048152082145808
13083,1.6247325806405828,10.871615939043027
13084,-3.5543675966174813,6.7730126582202566
13085,0.7811232367764022,5.084569654343156
13086,1.0898910419295569,4.676644469125152
13087,-1.3959398723327336,2.187550973816669
13088,3.2807794870144034,2.963742610560931
13089,-0.12999868581284066,3.5894245842067614
13090,-0.29631649928705617,1.875055675594276
13091,-0.8293986304900154,1.839224657316698
13092,-1.66133802765032,2.9038931560513492
13093,-0.17073124448867572,2.0422056584286037
13094,0.27266539063777917,1.1710756380487046
13095,-2.941554302034676,4.823549817744371
13096,-0.3185674663647162,3.117949546898452
13097,-0.045691706535846525,1.7140005905144604
13098,0.3520363212950796,0.7915194401031149
13099,-0.7068103955988497,0.8855373597528323
13100,2.104940453153902,1.404216277143623
13101,-1.6531817063672334,0.3104619593205087
13102,0.3954122359760045,0.6744968126850526
13103,-1.2970472077036528,-0.014507449302954821
13104,0.8845176191694107,2.184500060841698
13105,1.2751615799326628,-0.05492981737770712
13106,-0.3379075657852497,-0.18212267921396186
13107,0.1662515815144105,-0.4461478182418312
13108,0.9995106538878853,0.2169689975928179
13109,-0.1613811234911099,-0.04690194966064667
13110,-1.5695557452883482,0.7387545735400931
13111,-0.7242660833939178,0.4000207068939413
13112,0.9511816521638976,-0.1972080875690412
13113,-0.9365737575015021,0.028865996294462844
13114,0.001606271643077417,-0.19176969149561274
13115,0.5179099695930719,-0.11367864399471721
13116,-2.635910278423961,0.6168800828926775
13117,-0.619672770494884,2.3262589294272655
13118,1.3912524908240274,0.11681665057653709
13119,0.2316003667221959,0.09074835401870379
13120,0.954197720161978,-0.03676789012318854
13121,0.3455982333082329,-0.4266967091569275
13122,0.8774687611122197,0.06904680383753342
13123,0.45784399426576633,0.6725174812856375
13124,0.7428638459036856,-0.1777318313880904
13125,-0.4986462302093246,-0.0814255530873242
13126,-0.23705467354469426,-0.24355626285622659
13127,1.234410080403167,0.011402512294441355
13128,-1.4929363892668603,0.44807601759669147
13129,0.6918516185851187,0.5055095851147695
13130,-0.9949950819078173,-0.10593714975386517
13131,-0.5680175256342914,-0.3338670414988211
13132,1.4259473332379384,0.3707002721226972
13133,0.5898803088614166,0.27241142513950073
13134,0.21081831910055904,-0.008978679127452899
13135,0.23278660540081558,-0.26846491089909086
13136,0.4410088937500758,-0.2620706404670569
13137,-0.23252010987535704,0.1316140232698297
13138,-0.49725801131364444,0.08932085678674162
13139,0.6955535107189241,-0.16448927514105086
13140,1.027403565269275,-0.1908314268334202
13141,0.0704255478004977,0.4710780284682808
13142,0.10363162516113578,-0.17332747310473695
13143,0.528231140781136,0.06437447453493642
13144,-0.013027468132950044,0.1556263254366651
13145,-0.4905261934425247,-0.1367098219302473
13146,-0.7712203918493099,0.4447962530866588
13147,-0.6767192742663317,-0.14483257037090885
13148,0.5662948522090909,-0.19710416900937794
13149,-0.3375124728395253,0.09943636964640903
13150,1.6851255313657991,0.3448079917379034
13151,0.35241474834761344,0.28144738980052303
13152,0.9417717416917446,0.6522888458722307
13153,0.18845927620950478,-0.04402857110885355
13154,-0.5805358581982656,0.2310618907363354
13155,-1.0424367594154011,0.10177828069398615
13156,0.010469376014057244,-0.23539570762734618
13157,-0.5082600593961533,0.04708900210740327
13158,0.3991742768619589,0.43330089934791133
13159,-0.08054886906568179,0.01173396723813187
13160,0.6730573589186798,-0.18806525035021449
13161,0.3317277561036637,-0.3336989760128006
13162,-1.1617033293036543,-0.23031854448300723
13163,0.3245200627317386,-0.20019043856663524
13164,-1.4091492612806111,0.1598613446500892
13165,0.36465019053518555,-0.1790012883860604
13166,-0.4753896023829659,-0.1704558628653365
13167,0.3229585640990557,0.01005958563161672
13168,0.7535874490390557,-0.1938086390824888
13169,0.022887122022490193,-0.4042024873795274
13170,-0.7304750496802681,0.007116729262899214
13171,0.405947473858078,-0.18714310250051408
13172,-0.5779309695523779,-0.08663010532060915
13173,0.3926221518847733,-0.36716724358206554
13174,-0.20985395483678732,-0.34446167596562083
13175,0.5431450522540363,-0.4391650964491091
13176,-1.892587531754855,1.2958076260368103
13177,0.5826964690835494,3.732091018617384
13178,-0.11619110366477572,-0.07233137636795786
13179,-0.5662249817460141,0.25580711472829515
13180,0.08994985379135342,-0.0052522638035540055
13181,-2.351679382447645,2.3728898595099395
13182,-0.623731909101002,1.2269802368549987
13183,0.9827657192182984,2.062243049290442
13184,-0.8005394822013243,0.8247544757931857
13185,-0.7804562295818813,0.5263125695836336
13186,-1.4687152534347754,2.878750389283037
13187,-0.515141423186388,3.151462747989741
13188,-1.9075591893527035,3.450186108735984
13189,-1.3372451312917626,3.2268655257856342
13190,1.2107236848953766,2.9186067122903494
13191,-1.3087964504326393,3.0718922839469642
13192,0.7065785847920791,0.13466390023708413
13193,0.6572449335320726,-0.03160051213380464
13194,0.48823741048570923,0.5836891531861723
13195,-0.9810473082681301,-0.14157126392341146
13196,2.0842629312362333,2.0118749333565735
13197,0.7322149391896168,2.0507106675001716
13198,-0.7304991709454096,0.06196829673800712
13199,-0.6473585419318633,-0.2977067506492778
13200,-0.15456476327349705,-0.42147156195188007
13201,-0.32265917283553963,-0.22395749888103647
13202,-0.6601244991913446,0.4568402925449773
13203,0.8067242148064844,0.3981405139414897
13204,-1.077993497745577,-0.13421704297727757
13205,-0.21184060489714712,-0.12414353538691791
13206,-0.2765780980124062,-0.0974134655516822
13207,0.7949702895364895,0.1696303293959278
13208,0.2853101716586292,-0.37223634849327586
13209,0.09995822307644955,-0.33479764878740914
13210,0.8735005763233923,-0.2165946180694064
13211,-0.6001740549357079,-0.048587187811170565
13212,0.45715745214164866,-0.020881502188647472
13213,-0.17453858054805096,-0.38938945749153964
13214,0.5101188177123711,-0.14181162852488297
13215,-0.33867241822896355,0.17388323851759035
13216,0.6828034707715324,-0.34087369181521243
13217,0.616350715770422,-0.10234579440803136
13218,1.3757189047485325,0.5151682847169377
13219,-1.8651832065046365,0.5016041573666773
13220,-0.6466721027252083,0.03290990435149858
13221,-0.3510300044019794,-0.12534541323109405
13222,0.9569271226194553,-0.3241067888628325
13223,1.1129786131882968,0.5948794311526575
13224,-0.3927104807363119,0.06421692560059465
13225,1.6364801297927298,0.6278463637147167
13226,0.38083379843284804,-0.22611258095595987
13227,0.10189605751676772,0.03812248385065349
13228,-0.5550260833599865,0.06731691099233665
13229,0.46342036526780717,-0.07596929884212152
13230,-0.043199301943987405,-0.4735384409929917
13231,-0.41179648469177893,0.20064545796523767
13232,-0.09192057149687785,-0.4107805871531226
13233,-0.4769339680059387,-0.42234437809822284
13234,-0.3226259235062523,-0.06428821161417253
13235,0.8714243072245189,0.10387845536847996
13236,-0.13415468261032215,-0.38141348444339146
13237,-0.48936437283351564,-0.4132806823455295
13238,-0.4406346014350651,-0.2493462597599522
13239,-0.032091483586964946,-0.26118890269929806
13240,1.1056524748359637,-0.4985295017268656
13241,-0.18712057092014656,-0.2974002892672315
13242,0.5238170430671658,-0.5741894782803486
13243,-0.35785228805995006,-0.5307113435783979
13244,-0.9016031836411414,-0.27581452014296215
13245,-0.36231739033993593,-0.007446859166768184
13246,-0.04883642729504808,-0.4793577133882973
13247,-0.38632609685124425,-0.32150171307685765
13248,0.3814279488732019,-0.5169788554036989
13249,-0.23027725369005184,-0.4743423282171138
13250,0.22279073533571486,-0.33868916031963253
13251,0.6027813602484056,-0.4534616358183398
13252,0.4121635052631878,-0.44642582352642535
13253,0.4622193171617185,-0.46120216679305265
13254,-0.07038375071615252,-0.49799307637196444
13255,-0.3271368992791607,-0.4258182979400662
13256,-0.015058720855751957,-0.4315842178274462
13257,0.48213028826566423,-0.3413643916092994
13258,-0.17127931895893156,-0.576848472107292
13259,0.17889909019215197,-0.4643600016254648
13260,-0.0795488812053895,-0.38844040780936523
13261,0.011800205149745929,-0.456502798652734
13262,-2.4943351283531108,0.6179981151008976
13263,0.09421265488632721,1.0925489183278123
13264,-0.2895506358371376,0.3028362580248071
13265,-0.3014639051050599,-0.007092961259694364
13266,0.0714304360667197,-0.40047351478272664
13267,0.8024523075460022,-0.39361818757125117
13268,-0.3906044632671509,-0.48760969471882487
13269,-0.5457575872171284,-0.2121567875729527
13270,-0.6405656949416696,-0.17077645658220728
13271,0.23000264163882964,-0.28806860931244366
13272,0.3271758797586357,-0.24340648699679004
13273,0.4779975021315902,-0.3710895394677286
13274,0.5744314319861898,-0.4052709206741076
13275,0.3423848249282877,-0.40132424965634
13276,0.25961793720352044,-0.3894322173009259
13277,-0.7279583924358703,-0.3480231916271149
13278,-0.5829409352035628,-0.2766775201559675
13279,0.2112207878404037,-0.4453253196911017
13280,0.934733524698039,0.13560709406671725
13281,-0.25341048725699017,-0.39354677022079493
13282,0.6287431153576206,-0.39476333291016463
13283,-0.12225852645391594,-0.34762316894190637
13284,0.34024625650965623,0.3090790902368393
13285,-0.5747329485634836,-0.10319183878694313
13286,-0.09105159176672456,-0.32694331731185844
13287,0.718249525687437,0.3031003241124309
13288,-0.008417728089669896,0.14595505399098355
13289,-0.5050092573549767,-0.2206178325780717
13290,0.06183516553763722,-0.6009228929578554
13291,-0.5288987318478484,-0.46033358565303284
13292,0.09927757104173376,-0.5445619624474611
13293,-0.22035249739597357,-0.5592331890449314
13294,0.2144365692913507,-0.3923053045965988
13295,0.371736951966587,-0.567720814360818
13296,-0.2543619228964071,-0.5046449820022857
13297,-0.06808417219450438,-0.6548048812753854
13298,0.18135172745057,-0.47653351604205446
13299,0.15188764889308717,-0.514798922627598
13300,0.204038734933724,-0.39300617614249916
13301,0.18466906953376924,-0.48440859365732597
13302,-0.48102843295916287,-0.5690934040885074
13303,0.033932061608277254,-0.4697873283171699
13304,0.2418209045107438,-0.4735575758008299
13305,0.09158996544447948,-0.4912735144871111
13306,0.15058115167564393,-0.5048438999112965
13307,-0.6066798944735522,-0.31632267335800435
13308,0.35776004210723517,-0.367594656370022
13309,-0.32819183765762516,-0.460149813288022
13310,-0.17944700197666605,-0.6070124955178736
13311,-0.04183448220216741,-0.3949072281311732
13312,0.24746271135740194,-0.5891082729572251
13313,0.3601864462233457,-0.4824749700670391
13314,0.017520310871784857,-0.6361123266943187
13315,-0.24200941737100562,-0.5828682413977297
13316,-0.529769523922166,-0.43699681615335356
13317,0.20861816671677952,-0.5605252479935434
13318,0.4311294750470476,-0.3357720930293136
13319,-0.3244216036716483,-0.48877255893268556
13320,-0.1029839538147986,-0.5846391730264223
13321,0.11596037411549412,-0.488643048192273
13322,0.18761051214104438,-0.14053119440948847
13323,-0.35030235971029444,-0.3023590728758533
13324,-0.29061404780340294,-0.32254895980559994
13325,0.6984251492670384,0.11747373954191846
13326,0.3646784766338599,-0.3685071656574176
13327,-0.26157574657142146,-0.4568544764385083
13328,0.7095360262804997,-0.40903391151069574
13329,0.23436868262637373,-0.5558470614998473
13330,0.43327337120356063,-0.33987699898118107
13331,-0.18897225273198837,-0.3348721302570475
13332,0.022176211851242987,-0.4695958719699025
13333,1.0403597194470842,-0.14864899679550805
13334,-0.3315335613248743,-0.47035336687854207
13335,0.6197576158752697,0.04056197011685374
13336,0.41230823878931067,-0.18636677555573095
13337,-0.11922106551144931,-0.3793508908481133
13338,1.0667437788123941,0.37580770406382524
13339,0.25578754179369845,0.4575457280632162
13340,-0.22372742609330856,-0.2146139236380501
13341,-0.2672078170103308,-0.1559621450617001
13342,-0.327574257889495,-0.27165691092747496
13343,0.591012323839331,-0.43883183781686974
13344,-0.23838992459023,-0.19569427610489096
13345,-0.45272597888211247,-0.005523322891596225
13346,-0.39535067440371596,-0.31095386546438425
13347,0.7116071310610108,-0.17666315761254425
13348,-0.17818017924509222,-0.4419248391252923
13349,0.3156233064405083,-0.25145037116007407
13350,0.22544922126377231,-0.47929523516375966
13351,-0.2984876887273791,-0.2648444869024523
13352,0.33427716439313115,-0.568434975612433
13353,0.1925158447497348,-0.3187756274305312
13354,1.2749254779479418,0.5362874671451306
13355,-0.23790257243628798,0.423133432987655
13356,0.30353764842072634,-0.04981198972840898
13357,-0.474402701713514,-0.2433937996756417
13358,0.8974359205725337,0.6418022603000436
13359,-0.4247171209786157,-0.22771288223085875
13360,-0.48166480306420845,-0.21067631500735462
13361,0.4782259486200504,-0.33475893322173905
13362,0.31731417136528584,-0.2474513935445992
13363,-0.40161014701927844,-0.16899783512232247
13364,0.11393250686453188,-0.4804676867227608
13365,0.2282879156150574,-0.30840086960986896
13366,0.21826152941087257,-0.2672994312043501
13367,-0.4059699691227786,-0.28661254738873143
13368,-0.3902312612592716,-0.2780042541407253
13369,-0.12845243626701602,-0.3441154311077973
13370,-0.31394772171329766,-0.389519022774773
13371,-0.3387165414836625,-0.36092934061634363
13372,0.2726398307401499,-0.4643880530474322
13373,0.7384252167589149,-0.3604360375745949
13374,0.2118149616184887,0.15476541587629414
13375,-0.1850443262698769,-0.5009798012162838
13376,-0.1944435514796724,-0.26244775483169613
13377,0.2808566066200264,-0.07709228832615801
13378,-0.35816019919613473,-0.28108815402037607
13379,0.5211892385684476,-0.03473054340979424
13380,0.14713320146125106,-0.09385716105767689
13381,0.8477920250053523,-0.06306711326645778
13382,0.2406528936642336,-0.05748016015157827
13383,-0.8284160116765338,-0.020432999323527757
13384,-0.4206514033981136,0.5714228515767268
13385,-0.35258160764963575,-0.019815362387797485
13386,-0.6223483499093261,0.4752955073400175
13387,-0.28042373495419914,-0.15128464251214838
13388,0.08275031091378574,-0.13911844429119014
13389,0.0767825886057927,-0.386894995516991
13390,-0.26993515056395295,-0.3832518794241882
13391,0.020690521618830993,-0.3421186942906664
13392,-0.36892009801664416,-0.5038030205104173
13393,-0.15325492947080216,-0.47812045791997587
13394,-1.1490068334690555,1.60902018884338
13395,0.46967840198120714,-0.07867743728236472
13396,0.2376696332217728,-0.47972500093721576
13397,-0.8927707032799987,-0.17258646834895608
13398,-0.2719752461410756,-0.2784481958565442
13399,0.48782431096069284,-0.5261026035480286
13400,0.026724620709427944,-0.3549576416459917
13401,0.5353083915364131,-0.4574746240203537
13402,-0.653489095662987,-0.4156624535302746
13403,0.28655056864473255,-0.45278424187244265
13404,-0.08099547516156741,-0.48869630993282737
13405,0.5325492596163762,-0.31916952528183523
13406,-0.1641326418380703,-0.5439571251364387
13407,0.6629040787400119,0.14839403982412955
13408,0.24517386182015022,0.017770953100816462
13409,0.8720351449384547,-0.13262420334558367
13410,-0.09117945233655575,-0.4646803563132764
13411,-0.8306651414340787,-0.42560874879931415
13412,-0.5966110880335768,-0.11337314311032012
13413,0.27886136796933503,-0.4576883644006836
13414,-0.8524747770348631,-0.18675373835108952
13415,0.5757760932792422,-0.3257803725778987
13416,-1.5630971227980126,0.4121355984214814
13417,0.4487358974862288,0.3447423300665511
13418,0.17191407273991036,-0.31173295709755683
13419,-0.2772182896834055,-0.24616429478251936
13420,-2.643394687844377,2.1470621525432128
13421,-1.0633484860196432,3.152764424117131
13422,-0.757385727068266,2.084509253096253
13423,-1.1526796500960526,3.817984553610625
13424,-1.2434625618755821,2.191928776451161
13425,0.6136686382522415,0.9105250197705437
13426,-2.154853896992174,2.5052057720814616
13427,-0.05184150532732056,0.703047039035862
13428,-0.8562877499137844,0.6140605061729666
13429,-0.5912073157953026,2.217325066092379
13430,0.8960407023445637,0.8984280891016065
13431,-0.3163654378729963,0.034079261813568094
13432,0.7037337263366288,0.2090179050149591
13433,0.08223772957324157,0.21321400984133207
13434,0.3903441359597585,-0.12859438841699247
13435,0.7363513273236013,0.167931070572504
13436,-1.054681595733978,-0.25307832245871026
13437,-1.6298033461822499,0.6994316784075552
13438,1.8254763659563422,0.7187564318622153
13439,-1.5174255714350238,0.36946957497880367
13440,-1.1568346999349963,1.7904013750318204
13441,-0.5467155569503477,0.673124293283096
13442,0.8903521461109187,1.2311567463531887
13443,0.14455553956251077,0.05777435030271995
13444,0.08119618892830247,0.17467758927902743
13445,0.041189569113403914,-0.25395568229997134
13446,-0.36133425895300514,-0.2063676498370997
13447,-0.25973224138266826,0.1745259046317027
13448,1.1480738573399427,-0.07388094111789582
13449,-0.6126350612031999,-0.04749817932854383
13450,-0.5138689672625069,-0.019612827170869963
13451,-0.6924220464173343,0.3640052926624542
13452,-0.7033757733086656,0.7858707997044987
13453,1.890603271158227,1.426992368187474
13454,-0.29950034839116635,0.69737714554647
13455,-0.37809760799100545,0.738930931909721
13456,-0.2430802641838312,0.44752681365088853
13457,1.280693928090575,0.2647523262999966
13458,-0.7422335398923292,0.002141547890275147
13459,0.14212736336407183,-0.46126634478853495
13460,-0.2635511443830444,-0.2748444424345809
13461,0.19810589055504274,-0.009569784414611775
13462,-0.4214982287625129,0.26614995048316487
13463,0.8291057916560893,0.6000591050089916
13464,0.037705087650302886,-0.14847890994891658
13465,0.9701333583537812,0.0969737104234822
13466,0.9571492435483308,0.17633065825537297
13467,-0.592763492168317,1.827662213101326
13468,0.5682471389410301,0.47294619208590216
13469,-1.3912253211970111,1.0650128736347038
13470,-1.9985070646467484,1.535958638840575
13471,1.6029640765080395,0.5989129673941319
13472,0.49810337246196545,0.05553231884959641
13473,-0.9737212617459124,0.0019076779454769062
13474,1.6895787389986956,0.5896334563421279
13475,-0.7725344402604004,-0.21092279799606878
13476,0.15351775157440795,-0.3549737261933351
13477,0.9458003885754553,0.9714038235834495
13478,1.2416432740526193,0.5741460833017954
13479,-0.31768035493991664,0.11063206855668131
13480,-0.4934155677030143,0.35731075375428367
13481,-0.32267888097307845,-0.3717930039432036
13482,-0.3555989160571324,-0.37631587898385077
13483,1.048939664213625,-0.4172956064702671
13484,1.532868860253437,0.5304425768430715
13485,0.5870906775362658,0.9207088245051799
13486,-0.6894620961877116,0.043271481498408794
13487,-0.7649634859115026,-0.33458535475693063
13488,0.25963533568999303,-0.3750265824214366
13489,0.3419514648891816,-0.3467089440607013
13490,0.49361088924702007,-0.4229942834317556
13491,-0.9327055674387567,-0.1599322468811332
13492,0.4336579200272022,-0.44383006146244586
13493,-0.5491419680136169,-0.24700445632129828
13494,0.41465935163175155,-0.008445465149126393
13495,0.4565673764659313,-0.508784894226329
13496,0.010877444527406114,-0.6315646900542096
13497,-1.4704971572229184,0.18596913405753088
13498,0.9713895445425813,-0.32458699319234957
13499,0.7332087488079941,-0.488532073915294
13500,0.23512062137409875,-0.33064273424376595
13501,-0.946302486027309,-0.3577267301473338
13502,0.9647933276409625,-0.3506432388252675
13503,1.2038583404280645,0.12574269632326848
13504,0.39358016396567536,-0.3237726331020418
13505,-0.4865110829506147,-0.13001833574683175
13506,-1.0513094421528093,0.005203357041754989
13507,-0.057830203373898485,-0.5160471538485109
13508,-0.49829130884594874,-0.4406290982122812
13509,-0.8886627805266045,-0.30583694340297407
13510,0.05658367208712984,-0.48146128750707934
13511,0.26941788326510896,-0.31297340402783397
13512,-1.8555517225223928,0.424693238026334
13513,0.5823825550355044,0.8702250689013473
13514,2.448481597237751,0.23696946039315386
13515,-0.5312357424134186,-0.06805520666919934
13516,-0.803626407639668,-0.1935547555217074
13517,-1.1393910722979228,-0.05901532152075979
13518,-0.44748717819311856,-0.02653235446501799
13519,-0.26029758526016206,-0.4841965758759294
13520,0.042484785562376066,-0.18961521315146043
13521,0.19938015319493657,-0.3255881813657343
13522,0.002026637787078185,-0.2936688092216424
13523,-0.26936589819787393,-0.11822831076321552
13524,-1.0723186617076852,0.0923195664137505
13525,-2.0647478401547152,2.0011028026233832
13526,-0.8775278058536433,1.954460734473868
13527,-0.5959748307238991,2.2822815816796815
13528,0.25105343842237426,0.6535803371681194
13529,1.7454763710807142,0.1124306293320582
13530,0.5814231569023856,0.2466061581009561
13531,-0.8869069187346863,0.7002067060468088
13532,0.9594493666144195,-0.23751394972242984
13533,-0.3823937076225329,-0.003368290178226015
13534,-0.7495482741199323,-0.44683681513858997
13535,0.11756657029105344,-0.28554957344864973
13536,0.35740574047341234,-0.4225403521414855
13537,-0.38509477861009783,-0.1173141262451037
13538,0.06368554761137557,-0.3730052328423806
13539,-0.6109646697272301,-0.12549925254880256
13540,-0.7566846006785035,0.4708049507438144
13541,0.1792519747910959,0.0808655307964518
13542,0.889682676834765,-0.39918021237491624
13543,0.06096554632630557,0.06286479408267763
13544,-0.18270002633677782,-0.23820296822281956
13545,-0.17415057628119635,-0.2898937048019624
13546,1.1016453659980594,0.14043764247269414
13547,0.8756002279908612,-0.18779503175041573
13548,0.2616477575077144,0.16164688347132675
13549,-0.13217620284151793,0.1743112521973099
13550,-0.1427997067707182,-0.44851181148576097
13551,0.15393469061066406,-0.4375272897920448
13552,0.712401010602017,-0.46517292771253405
13553,0.23550686912605578,0.0879597327873329
13554,-0.42690360061291954,-0.4923488615935278
13555,0.28973170744586474,-0.3214618599405997
13556,0.12836477980683675,-0.08173479619933571
13557,-0.4817599532136425,-0.42088827674728435
13558,0.4547937435525881,-0.3915885528824588
13559,-0.11580391227671938,-0.4591310271180058
13560,-0.21097633738629257,-0.514794379114113
13561,-0.12654684927569018,-0.5745230048599621
13562,0.17881213956912054,-0.06628667294761731
13563,-0.6147889689445156,-0.05676618730473016
13564,1.2218880612262604,-0.2860454193647918
13565,-2.698475790539829,2.398983221305036
13566,0.7641984349980047,0.9175909680374825
13567,-1.1374702912764534,0.24732862862346866
13568,-3.272780917150766,2.3590079117326512
13569,-0.7519700026845377,3.4610605161784043
13570,-0.3925403141360437,1.489234232458337
13571,-0.42563591741252327,2.383906607104908
13572,1.9144212112102217,1.9813040687820953
13573,-0.5662803812277576,0.20258785923306669
13574,-2.012507634268915,2.290234728758614
13575,-0.42542107282468605,0.7613176382927375
13576,-0.3457633094497276,-0.0913627145479682
13577,-0.007970695572645417,1.2323154377882894
13578,-0.6606967013914833,0.8800397090595804
13579,0.2992932723281375,1.375725952867238
13580,0.46045338266797514,0.43816383235878076
13581,-0.004756685946597304,-0.3726502659859657
13582,0.26723596993678733,-0.2831167159944789
13583,-0.5136457576944362,-0.0910001506942787
13584,-0.49171583801621516,0.21792525870483245
13585,-1.0185691013481628,0.21522288588965233
13586,-0.2907621090801993,1.1175904803301058
13587,-0.9843933506868567,0.2665246662945939
13588,2.5553844745379815,0.8464266655750159
13589,0.005470084299031001,-0.11394636627049934
13590,-1.2323417271456099,0.3551283189663757
13591,-0.8428145160513163,0.14614182977101087
13592,1.2205632469376542,0.23419189595746207
13593,0.566691775468142,-0.29061945673817663
13594,0.7699507880797738,0.057407760665732256
13595,0.17308492065682404,-0.12006008710700732
13596,-0.3188409953244976,-0.33662471952134065
13597,-0.02147985047032549,-0.18822988059805365
13598,0.0018725157486900734,-0.5481066097506051
13599,-1.146459751324285,0.17391921613196393
13600,0.3457720115151578,-0.15036433879891262
13601,0.021457106284791826,-0.48100792819529553
13602,-0.2701944744659126,-0.2824094590097266
13603,-0.9159759107966043,-0.13057528630664716
13604,-0.7864196915887709,0.6191002566035352
13605,-0.18850565694529917,0.3108237573489289
13606,-0.838239372545452,0.3048338058101659
13607,1.038629007388133,0.043859848239865926
13608,-0.4771140333956293,-0.17819948632582344
13609,1.2279746003444671,0.5147530503980045
13610,-0.3381917671896193,-0.10411728497618981
13611,-0.0898274124869963,-0.26474289045446403
13612,-0.7951706194548598,-0.23086272016387663
13613,-1.242628754753687,0.9872834261420244
13614,2.1867537400938195,2.0513345389533084
13615,0.9092609825161047,0.37646065521992966
13616,0.016947071145124032,0.2482012296190679
13617,0.03941336584017497,-0.260365606044909
13618,-0.07044268659759109,0.23057585021639404
13619,-0.3716438947675019,-0.05000511902397726
13620,1.4677159439865681,0.3996548093589778
13621,-0.5445695709545993,0.10485090825533652
13622,0.1781684836359963,-0.49215956696521856
13623,0.35678698528712677,-0.1370828448633474
13624,0.28706537154927075,-0.13976871046855055
13625,-0.45215663837324876,-0.04795861063056544
13626,0.3142593845793035,-0.412312756766568
13627,-0.5923850718278907,-0.1807446476960773
13628,0.14453473557163474,0.1330426822796011
13629,0.10301185741341981,-0.1742353208716652
13630,0.4608179153844425,-0.42348883595645476
13631,-0.9942978360150341,0.44590041796796487
13632,0.507107583406273,-0.17977345355489524
13633,0.39951223339048453,-0.4273091919660149
13634,-0.23325668886724354,-0.5350182704489406
13635,0.38661544560007743,-0.05894770342902245
13636,-0.10918688868356186,0.009564210736504094
13637,-0.5606551398020988,-0.14152845499873948
13638,-0.4428811496714471,-0.3811567098991472
13639,0.44499313361669096,-0.21910649852689928
13640,0.8309666503208415,0.3007955362362271
13641,0.5118287933412317,0.3897736884755669
13642,0.2663383357639405,0.9124490217141222
13643,-0.489191130634205,1.0667823850976403
13644,-0.5994509186482713,0.2329571928804066
13645,0.17261811546448155,-0.1449372834110158
13646,-0.708473871138072,-0.2668535929300369
13647,-0.057050788435922976,-0.3752296129892744
13648,-0.018993608611642447,-0.526585299383279
13649,0.5991500589615626,-0.3907275313032578
13650,0.05505224755781473,-0.39503844264848653
13651,-0.9261418075408115,-0.024297802922442713
13652,-0.609959048554884,-0.2857710277213272
13653,-1.72864608905447,1.34174207218809
13654,2.0905739656882023,0.3518264186409901
13655,0.8495936119855781,0.575566348669059
13656,-0.5935157582012519,-0.1521619624089822
13657,0.8994019053479835,0.011215264051747324
13658,-0.5384666042832225,-0.2196850947144644
13659,-1.8081492014363978,0.09332274390641615
13660,0.6856588278416625,0.12530165870109441
13661,-1.1571644563821941,1.5726656197664108
13662,-2.0137616473076645,3.4519527765032656
13663,-0.48045436656548646,2.361955644849414
13664,2.0261757103494524,1.8925329482215227
13665,1.6188595225622668,2.807771707488447
13666,-0.0953821146258437,-0.0010394391025052264
13667,2.5113884240935276,2.303676620030629
13668,1.1622747339818273,2.9611664687376695
13669,-1.1312472811028225,0.8608525746121585
13670,-1.7661170910717654,0.7761949862208136
13671,1.4636883702112236,0.533697701788055
13672,1.899238357727187,1.017812202581059
13673,-0.918576639374981,0.024337661520574944
13674,-0.4017954561407612,0.24473132662234953
13675,0.49687157461415465,-0.031106331590015128
13676,-0.4006519533643789,-0.3239626981834974
13677,2.1779357830092265,0.9650370827190011
13678,-0.4241035710185296,0.8335242004504259
13679,-2.013618253626984,0.35842605885699913
13680,-0.8972599035910868,1.0281938892546
13681,1.1256057357845215,0.20226996061246633
13682,0.19803346257430243,-0.34584549625898847
13683,1.964100923529414,0.12997001688905435
13684,1.2043965492906867,0.8365353006972227
13685,-0.033438266461071266,-0.1488883370945243
13686,1.2067756710998985,0.41083062992646213
13687,-0.6585296551047239,-0.170865869303123
13688,-0.03514420650486782,-0.3948501980933686
13689,0.4211271920382603,-0.09572044936771613
13690,0.2549689977136679,-0.1811941543004359
13691,0.6371904519540446,-0.22277029479598298
13692,-1.5014295780963747,0.39986249399432583
13693,1.3669825924867993,0.03877627807219961
13694,-0.24595540783403164,-0.39007641167187035
13695,-0.17289051885491863,-0.09465272634389521
13696,0.046242863465082336,-0.44764324580701137
13697,0.1471193285339467,-0.3930668035489695
13698,0.3387587953423564,-0.18996483699073674
13699,-0.7956957813980027,-0.3724691872511566
13700,-0.5292127938799875,-0.4406610548286744
13701,0.3176306172197678,-0.42279666021479845
13702,-0.450471016530704,-0.4812746425675401
13703,-0.6584100783183642,-0.29110370660461937
13704,0.06623385750982808,-0.037963880449152464
13705,1.19451029445308,-0.10896363482304085
13706,-0.2213694586775732,-0.38728918871723605
13707,-0.376662937625019,-0.35244482058103277
13708,-0.3007942169895693,-0.51377324582426
13709,1.0820820993292566,-0.3609504181287157
13710,1.620016059065541,0.26858239951467844
13711,-2.390761323190203,0.3028843117482774
13712,-0.9905675583248887,0.7100354815125309
13713,-0.5183713081863548,-0.18151410946441585
13714,0.5270665582296116,-0.3726022705212106
13715,1.8053511292191877,0.464838723579273
13716,-0.9109380687081393,-0.13272581792776514
13717,0.09376418217530638,-0.422030084230773
13718,-0.9394780500047157,-0.21116121187252096
13719,-0.6086059499030547,-0.49819759569040606
13720,-0.012578721949410378,-0.5031061103901997
13721,0.3701854526260221,-0.43182263771821855
13722,-0.3267163193636194,-0.2578121801451284
13723,-0.7111137551063185,-0.019895019258708187
13724,0.10050062130313414,-0.21810010740519079
13725,0.610347447031159,-0.41702435960625894
13726,0.5821255337309099,-0.43454097305879985
13727,-1.3219503334088119,0.17960736083825674
13728,-0.14541595914611563,-0.3965416544085482
13729,0.7750701552966552,-0.4647107621541128
13730,-0.19583833415827667,-0.15302229427410807
13731,-0.7898392448961232,-0.315532652263389
13732,-0.1582761478837479,0.22693770974794006
13733,0.7591212612310692,-0.0768472921049704
13734,0.21819390154973428,-0.5884505459870262
13735,0.1040211280705979,-0.42378780100574515
13736,-1.0256900605768078,-0.31123133409007964
13737,0.13775225594587004,-0.38366754634111044
13738,-0.8085280467440616,-0.33538822397473017
13739,-1.0198174414383834,0.27411230474721043
13740,-0.12192964666519004,0.3076621407382893
13741,0.9868655250112724,0.8026004166458895
13742,-1.030841327106455,-0.24431224296939413
13743,0.11578202270452065,-0.5311217106230097
13744,0.09901706170309832,-0.44465899851498364
13745,-0.03383296989199854,-0.5345466136037904
13746,-0.3885357100440447,-0.4780060133566524
13747,0.6903334071352205,-0.4521367055262011
13748,-0.07603177073451653,-0.47150203783061634
13749,-0.5822324467508553,-0.3115880707038291
13750,-0.563322381234856,-0.08512249871004494
13751,-0.18964373323946443,-0.49654287811908965
13752,0.12808204129694029,-0.1272157883692537
13753,0.16446274818894074,-0.16463701632141958
13754,-0.7969992729600364,-0.14724084219157108
13755,0.5068999769214366,-0.20555153520798725
13756,0.7568465320665011,-0.36749972840739115
13757,0.8626395359225585,0.5034569692754174
13758,-0.9478815019203696,0.12215631001397878
13759,1.5614400735752543,0.32585185372217657
13760,0.28566842983596524,-0.002365548314298249
13761,-2.5287721433594124,0.8876560840399397
13762,0.20423684072870452,-0.37418431369651267
13763,-2.439092895616125,0.7118902873487818
13764,1.22198516290999,0.8272142303164136
13765,-0.12213587334751724,0.08673588398957781
13766,-1.2471440351636573,0.05253468230518455
13767,0.5917148469039265,-0.1908158663099722
13768,-0.43031691724644633,-0.08545573133304053
13769,-0.4576789912308761,0.13971923929870397
13770,-0.9148263174610788,0.16823482462733316
13771,-0.46111493204757376,0.6128155445509076
13772,-0.0002411076899567939,-0.47591202103679864
13773,1.009001371492114,-0.3901952280265822
13774,-0.1091662120791887,-0.507739997143524
13775,-0.056226087584753955,-0.42085678393617104
13776,0.6410591926368041,-0.17173535737570375
13777,-0.6420055096142971,-0.473820448184166
13778,1.0494657460623518,0.0753403760921191
13779,-0.09827596560038027,-0.4862670384042661
13780,-1.4391325633623473,0.08262289476204658
13781,-0.7925285956457,0.1447608835778867
13782,0.23994031404341618,-0.2528444272799591
13783,0.29315519718614325,-0.5136919993135413
13784,0.27575190884915995,-0.4668825208161614
13785,-0.17598657351744063,0.014277789364914991
13786,0.6883251638802859,-0.13816716299626328
13787,0.2987004335282595,-0.43277794078425663
13788,0.17977676023873498,-0.5680052007000763
13789,-0.3278834184177557,-0.4251235910348791
13790,0.4562395557588085,-0.5031688334650122
13791,0.35434741378756995,-0.41985250252707407
13792,0.010252357869010058,-0.42121880065500006
13793,-0.7034029766022407,-0.26976013425029205
13794,0.29568595447794793,-0.4883142560604514
13795,-1.0220994258448963,-0.2995308637788619
13796,0.38773330307479204,-0.46541628534188273
13797,-1.159824405408667,-0.287179832999972
13798,0.7748091791338807,-0.43601046126918
13799,0.9361148963339424,-0.37991348154012583
13800,0.142531460023944,-0.4148723084486664
13801,0.15260561071733866,-0.19358720947984812
13802,-0.5368303774784661,-0.5538946346399678
13803,-1.1723472357371367,-0.25944196275328535
13804,1.4083148124088276,-0.08915536919890252
13805,0.6003147250408746,-0.4591048346415687
13806,0.05837781590663579,-0.2677185467184026
13807,1.4451644401035248,0.4877571463191079
13808,1.223226520088331,0.9628925238966937
13809,-0.9382820560210057,-0.055724696202704996
13810,-0.457846698639077,-0.27756008993079745
13811,0.6175725403474417,-0.39017045647790816
13812,-0.9727317429208766,-0.3527342883136103
13813,-0.8369867584370755,-0.271840473733626
13814,-0.2470872072347609,-0.35039417229502123
13815,1.0776112522134107,-0.34799961208877056
13816,0.1673932861240161,-0.15342569748055232
13817,0.0067539807667493686,-0.5087847652466407
13818,-0.6963411148814767,-0.4202907067763943
13819,0.6371784466151093,-0.25006223799338206
13820,-0.33193915887788505,-0.4487043062071696
13821,0.38078975371462176,-0.4864793710517102
13822,0.46353827292816707,-0.22494378731215672
13823,0.15168273993711148,-0.06793130664717698
13824,-0.14004878395961345,-0.4401656614480631
13825,-1.4754503036281346,0.16791962983824857
13826,0.4956233774338712,-0.20120601236717875
13827,0.8354291137008534,-0.345854450227721
13828,0.5928903410491586,-0.08461280879801357
13829,-0.20142049318375954,-0.33833246589796206
13830,-0.3312770031332001,-0.18756539113035609
13831,0.8072639691141179,-0.10153383660022623
13832,-0.12842684460621784,-0.334487595119099
13833,-0.6047468698474577,-0.37788022912891944
13834,-0.5641432720603108,-0.2674567260873044
13835,-0.5064785910130125,-0.2363439184180008
13836,0.1487594858419517,-0.2527987539423125
13837,-0.5216276892753533,0.3724030262408664
13838,0.5841178768893971,-0.2082918896503053
13839,-1.138166872990187,-0.2738754243440614
13840,-0.27874623443956975,-0.37966867546769023
13841,-0.5095404851192564,0.09746171999686458
13842,-0.07092886314515387,-0.2642244648684494
13843,-1.0942965332256696,0.5921281170857937
13844,-0.10742873706404069,-0.07360616988901185
13845,-0.04950252800643295,-0.13032393875142376
13846,0.010498391230750206,-0.06020393097343721
13847,-1.1557215101942238,1.7297044363547176
13848,-0.19005309631060813,0.1926214985040148
13849,0.5498506315556155,2.8068525414299286
13850,0.1707409472199473,1.7749381270019224
13851,-0.17648927626403796,0.06148946050082476
13852,-0.15035953300113988,0.11975128942411375
13853,1.492289553049949,2.124040152919649
13854,-0.41073912601698975,1.585504569707593
13855,11.766847297419867,17.178079822404342
13856,-0.8223957223745545,13.671266221139382
13857,1.6167138911494485,7.446459533229337
13858,0.3486364977293629,4.622289353471982
13859,2.2983732826075083,4.861955417797329
13860,0.6768858037168226,2.625082896558868
13861,0.8381328327854045,2.106151011258225
13862,-2.154576490611994,2.7837295377972784
13863,2.9950168388086578,5.078691821255211
13864,-0.7572420495202538,2.79597730485296
13865,0.31713639516098857,1.9562233718497513
13866,-1.0540550633354253,1.7010654645496535
13867,2.7040874433633304,2.2106557533504976
13868,0.9215605717798403,3.4290800009391744
13869,-0.8407313583901642,2.416140225492898
13870,0.22953537647019195,0.33031437962863147
13871,1.0423188664043899,0.451949446338605
13872,-1.8419877780555245,1.9896940893742583
13873,0.7117578190933875,-0.05754212175350409
13874,-0.5122678325768102,-0.2100881666516899
13875,0.6033113304206962,-0.11174450079169308
13876,-0.1387773849002615,-0.12327932834528225
13877,0.11043571964424073,0.26699744951632126
13878,-0.2696666429828008,1.1314743611068676
13879,0.5051678491554958,0.48464129225802444
13880,0.40702226285717596,-0.05683477231631719
13881,-0.012631046986786139,-0.2678193174515455
13882,0.3987244481391376,0.44469455531927043
13883,0.05369583815535867,1.6802521413291096
13884,0.7235315894274938,-0.10343868186187129
13885,0.14849246969512953,0.2484346572207299
13886,-0.2204797830282459,-0.22958359819688998
13887,-1.105038646006097,1.0568636011262256
13888,-0.3667554427070764,0.2695464944326542
13889,0.007547115391553311,-0.06514483777099009
13890,0.14328016124810666,-0.07076698341407892
13891,-0.24661994965139264,-0.11049448956285897
13892,0.6432250727048574,-0.2817168660347534
13893,0.480391305681091,0.00990472969709879
13894,-0.004334600294729048,-0.326716505191367
13895,-1.3743676760526848,0.7547772274561108
13896,0.610267854620299,-0.2741798585969428
13897,-0.936378174128634,-0.04855786184675606
13898,-0.14470431684337332,-0.16133427139571782
13899,-0.47689949013545085,-0.08579659044353886
13900,-1.4851424985365613,0.9275283670174808
13901,-1.1531433674611629,0.6706444691269225
13902,1.31959737321282,0.05231137030719492
13903,-0.9115845494117173,0.3231734354084805
13904,-1.8980874791469664,1.2647288392548897
13905,-0.34376634239913484,2.6168810171013277
13906,0.7608536542891031,0.5465724501279672
13907,0.2414036478411546,0.1530810674593484
13908,-0.4110418940832171,0.28283315250855573
13909,-1.3014472259604375,-0.14398894143929653
13910,0.5786983166753177,-0.2746974332819876
13911,1.085816203997857,0.015648720350508787
13912,0.035508691418304185,0.2965866180178278
13913,1.3599666895566032,0.9415951515050986
13914,0.2678307496365875,0.2003315356183418
13915,0.027658256287850326,0.22556812608191973
13916,0.7756088630143153,0.530400247012025
13917,0.7077806439375912,2.041250145262014
13918,-0.21840523204777298,0.5919264760695796
13919,-0.8105537877031881,0.5893770040756893
13920,-0.17303333136369192,0.04567597667299676
13921,0.11801296585125393,-0.1802111364890207
13922,0.20481162312776133,0.004083834474110141
13923,0.4721052929089746,-0.12611831395662307
13924,-0.9521880410189542,-0.1580043745355001
13925,0.39936641852696475,0.06544337715994024
13926,-0.5204027078240425,-0.22006837944145877
13927,0.16442871262618042,-0.2242884862325605
13928,-1.0905137203995712,0.6324062613220262
13929,0.8274259508240962,-0.07551986352227542
13930,-0.023211369839259942,-0.13142463243096988
13931,-0.40053013485335587,-0.1462507145343185
13932,-0.25795812644289473,-0.3365757500489759
13933,0.9728344507718922,-0.05769328097471761
13934,0.10764004404231942,-0.3570487400706225
13935,-0.7967440624889346,0.04407029822178443
13936,-0.35797710849314673,-0.09392163424982294
13937,-0.2935133309844653,-0.19572464209332793
13938,-0.270456528295712,-0.3955316687112501
13939,0.5621051347860306,-0.2940410261143475
13940,-0.27733729455244527,-0.45195725149377547
13941,-0.01571107211535672,-0.23676826230253162
13942,-0.4077187832662959,-0.35756801856525094
13943,0.49919165882994576,0.2061067963042863
13944,-0.08385420956356737,0.12569346365269873
13945,0.26285398859563014,-0.4208787828420226
13946,-0.6573363155551767,-0.3063003169292636
13947,-0.005194271753601813,-0.2635256334924079
13948,-0.529775321578127,0.053989999299259024
13949,-0.5082657095632805,1.0319775744170374
13950,0.12222099469703523,0.31556569835155984
13951,0.007076328552663026,0.04611635541004842
13952,0.7734420588220616,0.5637242013290178
13953,-1.1497466712119693,-0.13226906753051382
13954,-0.26628467523796395,-0.3766136644888478
13955,0.3785619646833082,-0.06776403738609446
13956,0.42292893081859145,-0.18094916770896738
13957,-0.21191769588004922,-0.5553648245651451
13958,-0.12783512077575188,-0.48881521779928555
13959,-0.41767126683954225,-0.3828259627266766
13960,-0.01395737862678597,-0.38441715434919344
13961,-0.39913511702759324,-0.2995214892386339
13962,0.8060484780007845,-0.30067773563493755
13963,0.26447840967379294,-0.40755835478234476
13964,-0.6756412826861207,-0.11571431769562462
13965,0.3197919833781619,-0.27066893436240264
13966,0.0036432974616199057,-0.4353249866890821
13967,0.40130828105933347,-0.45588246652087117
13968,-0.20538491397022463,-0.5281513364501175
13969,0.3904388471127049,-0.5972021996161733
13970,-0.0691959862337504,-0.5489867692323147
13971,0.012149952085137621,-0.4789357270623284
13972,0.16239233903233874,-0.5620247529598358
13973,0.24050754758419185,-0.5267525027329975
13974,0.3285642829690817,-0.5697858114998815
13975,-0.3050398388547729,-0.3753387699441952
13976,0.1958698429982048,-0.5440866187268906
13977,-0.5786111414942682,-0.2224012487894284
13978,0.5668232223156232,-0.42244600225295026
13979,-0.750338571395823,0.02875126430080679
13980,-0.2619233444853968,-0.265713852972952
13981,0.06362632351702333,-0.4246625267047838
13982,0.0170727669174362,-0.4644503547969898
13983,0.6257928379542723,-0.38445638350404365
13984,-0.04137079652399934,-0.6254185853918293
13985,0.18067010525777827,-0.5141475159336246
13986,0.5647625554149043,-0.4324960236364788
13987,-0.06589589003897742,-0.3305797902068922
13988,0.15071539396292224,-0.48714370852324207
13989,-0.1923095233406104,-0.5856953170383937
13990,0.2273464169817186,-0.3648339112152664
13991,0.12471263866839202,-0.379361608214749
13992,0.2879409262412076,-0.14977933587399678
13993,0.6888602727077189,-0.4274107618377977
13994,-0.5283886504876791,-0.22991628847348547
13995,-0.34595637529652357,-0.3196673491166951
13996,-0.5018226099703267,-0.3005306789403868
13997,0.9194741753731661,-0.20531676350658737
13998,-0.2331550062986495,-0.16388591354480805
13999,0.11714050333915266,-0.28893764261253574
14000,0.2634954464824828,-0.37740093043312933
14001,-1.1041682818228225,-0.026597215356622805
14002,-0.8670145124188162,0.11446894616929142
14003,-0.284141333677777,-0.130629287771569
14004,-0.3074845921044753,-0.3932953765537104
14005,0.2533830868836738,-0.3397611729873835
14006,0.5723255695502683,-0.3001718371105907
14007,0.4428633618351496,-0.18185638982870253
14008,0.015653242601273085,-0.35823452295408886
14009,-0.5574258224691775,-0.39813380573090296
14010,0.529190117088372,-0.2524727447697489
14011,-0.42179535587163064,-0.3403140556450382
14012,-0.2688015287634826,-0.374904308452738
14013,-0.2514734684052389,-0.2538275497634336
14014,-0.23488361772815358,-0.19260734819689362
14015,-0.5202937313419493,-0.3624191854408002
14016,-0.2495897469291104,0.06468901520090595
14017,-0.26823757925067904,0.3425612990170261
14018,-0.8060718456424443,-0.01395846201302502
14019,0.7313896957146192,-0.08042789216942935
14020,0.3010465229494448,-0.31469518630504933
14021,-0.3756140289272911,-0.1831694313654843
14022,-0.6284313599097517,-0.4055109203447331
14023,0.44707098725844585,0.34261779457950287
14024,-0.2852173525078706,-0.3588934513623576
14025,-0.2899021096017308,-0.336075105294767
14026,0.27303661952088876,-0.3484159751670029
14027,-0.6724810434640136,-0.25611161604554705
14028,0.427473457461781,-0.46365622706560705
14029,0.5128289333129747,-0.35785847302980506
14030,-0.7172079590253206,0.16364160729898092
14031,-0.7534167974535882,0.26998404752453686
14032,-0.48654082751901206,0.38439065686013885
14033,-0.022670048526619684,0.3662144605573968
14034,-0.2761866023331035,-0.20853941151381472
14035,-0.3896892863301197,0.2699509086418435
14036,-0.1429895097531701,-0.21422810914588927
14037,-0.15946199146067908,-0.08617412146441271
14038,0.32520791237949276,-0.48342720004404055
14039,0.3379128334363935,-0.2828195451802844
14040,-0.2974540853149741,-0.43782316587790565
14041,-0.06226706903225547,-0.46354555470623887
14042,0.23815644727090676,-0.5570475287038934
14043,0.13492659367874577,-0.28916042583228196
14044,0.2682723474053571,-0.0996554799947049
14045,-0.24474959031648616,0.2524885236891642
14046,-0.3744230711528234,-0.3359217716784137
14047,-0.508991677439906,0.2910350249700585
14048,0.48191218771888267,0.14952020335020844
14049,0.019134226390401788,-0.2561363615929713
14050,0.8999241549897167,0.5055977924039095
14051,1.0045426221582718,0.2900214760044871
14052,-0.14608218411568746,1.223885975682215
14053,-0.4754098086111511,0.7123722418432853
14054,-0.9243863615676358,0.175604877614956
14055,0.5327902744390272,0.7015441912414945
14056,-0.698123687670368,-0.038087977526203735
14057,0.42036589283065173,-0.32613099588170325
14058,-0.047799394912233735,-0.24795924859333207
14059,1.4735940583385028,0.7412855633512455
14060,-0.5916780612265536,-0.13782481299891597
14061,1.7421906608348265,1.3826843163541915
14062,-0.5505900076285503,1.2183931956285947
14063,1.1342280013183992,0.9455661074569865
14064,0.6833475562781903,1.7084273016220783
14065,1.0383480222813708,4.205608413126852
14066,-0.04279775881651115,1.4571229664795624
14067,0.17124152365054565,1.0207778874852085
14068,0.36946917164288484,0.3172789266701642
14069,-6.437558018794821,14.191639417969162
14070,-1.9315478203958156,6.699613929670198
14071,-2.7596732377152193,6.771046478486621
14072,2.8088208924827027,3.719177115797397
14073,0.7558256398593313,1.487434898675785
14074,-1.3414503592064992,0.4570871495912473
14075,-0.15884373056356926,1.8662619506545812
14076,0.3503395480910897,0.14945477075555924
14077,0.9948313990880349,0.9392483609429886
14078,-0.07109466642640999,-0.2571642005026676
14079,-0.4139529001472755,0.8309986346006817
14080,-2.022391948167524,0.6687708352206883
14081,2.3574892492629975,0.44335924646009783
14082,0.7586648100778881,-0.13305572053172618
14083,0.28063038396907675,0.28026402282258994
14084,0.41091543040750056,-0.3389281819647114
14085,-0.12593276899238265,-0.5554840856999149
14086,-0.6790044428547515,0.22524003179675264
14087,0.27571180655187316,-0.21777898947899418
14088,-1.4746024559514974,0.04141110463961629
14089,-3.5260062914484864,2.9856367423888273
14090,1.4458007700375606,0.8114470680645229
14091,0.7259039451091008,-0.18550737690892652
14092,1.2495725172031047,1.2183767804848937
14093,-1.2706000492750837,-0.09074749670672282
14094,1.1717328256290553,-0.15517202816759432
14095,1.5714788997518638,0.16429366896056993
14096,0.5528325548817228,1.0537103230337979
14097,-0.2681768755862241,-0.02332186018589697
14098,0.5385114822465615,-0.32688493304086796
14099,-0.35864437881407685,-0.1928246163611859
14100,-0.5181662519579318,0.1653329405161617
14101,0.2528347589136403,-0.4004399159728804
14102,-1.4413587346277668,0.30769306813914216
14103,-0.6717376843996858,0.7176025947930497
14104,-0.26724255565676597,0.7470707563949384
14105,-0.05315226265872711,-0.21086461361790654
14106,-0.03138661152281994,-0.2564969521604651
14107,-1.0312378643462046,0.06155426233746473
14108,0.3454585066997691,0.5514101057567
14109,-0.25681768594689736,0.2832935111179209
14110,-1.224600267084924,1.1582739239668496
14111,-0.4454769127991608,0.17953906485380738
14112,-0.2534832549332486,1.177609088710462
14113,-1.275797284867527,1.4321832182374883
14114,-1.0383699920554998,1.9620647431231455
14115,0.8103910301540009,1.5453444116750361
14116,-1.1105258513424094,0.47970437381650055
14117,-0.45672078495076485,2.5536304929040847
14118,-1.6868947667860605,2.5468924058643956
14119,0.0693426944243346,2.9075577225191953
14120,0.38201738182389333,1.2925997560691636
14121,-0.26753766953482483,1.1858594822717106
14122,-0.14512877528039858,-0.07210745737570773
14123,-0.5143221951852439,-0.056876059411118944
14124,-0.19582432810285685,0.13127926642890078
14125,0.7692050843665771,0.09081239091877782
14126,0.5079937042604268,-0.010210232022324297
14127,-1.0387731244643645,0.9609594130226486
14128,-2.1506615387279004,3.1737829489064855
14129,-0.27445097438043076,1.0876563700983757
14130,-0.33920502782254475,1.0541095948302823
14131,0.42785133923316415,-0.1952241577417825
14132,-0.03474934320221284,0.12009137994163292
14133,0.35322770928373765,0.49403730970823656
14134,0.6583978129106653,-0.03980231426414413
14135,0.1876403141599959,0.05518111061188595
14136,1.2750461653509197,0.4858178854893451
14137,-0.11141018073651962,0.4854287156738924
14138,0.3648543594562146,0.32499915462967555
14139,-0.8442962997781571,0.33507839504376996
14140,0.6014783989348391,0.5715912234673137
14141,-2.4687679358878207,2.3024021027156127
14142,1.7365358116768963,1.4155134790148456
14143,1.4434359345162333,1.569623880222214
14144,-0.03507640919471713,1.2647967134383158
14145,0.08540272425283904,0.8581847287931796
14146,1.0343595377881225,-0.04133579509197514
14147,-1.2738959794239264,0.5101693085986425
14148,1.1048132788590732,0.35379181552484285
14149,-0.4651181114064388,0.24381275498041388
14150,-0.8426526577797324,-0.25478473952618
14151,1.4479324619614076,0.8314846459970535
14152,0.16731056271429545,0.45229119454316
14153,0.4372276094613698,-0.18759920853417897
14154,-1.2279251046449207,-0.19304010949888636
14155,-0.4467786003632359,0.9028517323683027
14156,0.8953052228350518,0.15824909439281223
14157,-1.0163065732445635,-0.3724951456554369
14158,0.20088056698669535,-0.33624003086480747
14159,0.33339761605822554,-0.28909067322005033
14160,0.11286331707740468,-0.39403421289022406
14161,-0.8680207833734892,0.13016697077174016
14162,0.2889164564162938,-0.6100989675450571
14163,-0.8718769662031877,0.2815444498902377
14164,-0.8215573647409198,1.8446116187477755
14165,-2.4756448508794437,2.18760537524384
14166,-2.1032760678978364,3.0039694790602325
14167,-2.079961386274945,6.221231163773413
14168,0.9000578698441164,1.6487798786605012
14169,-2.5098261219588096,6.897460522467128
14170,-2.4138091098999324,3.256112917333021
14171,-0.34302996710892825,5.460577470426823
14172,0.1499646918993498,0.6250896353259046
14173,1.2518644304528506,1.7860102465391623
14174,-0.4234532271807712,0.536056483269628
14175,0.4649193571692395,0.8751306484633204
14176,1.3943921007774212,0.052180439864301154
14177,1.0057312745567948,0.743473948689186
14178,-1.5885297955257323,0.20429366492379675
14179,-0.5240238307290347,0.42317839442910565
14180,-0.5896654664787049,0.38224343082150314
14181,0.8894519483424164,-0.21581337250569005
14182,-0.21032767925031742,-0.3558234561029575
14183,-0.74302520503851,1.2159630185430859
14184,0.06735995839205083,0.6103858643400851
14185,-1.823909528836718,1.2271962269125218
14186,-0.3876473490234519,2.1862254104738272
14187,0.9260427514935108,0.5931706220509833
14188,1.7873145080610073,0.26965704473864915
14189,-0.11053220126234345,-0.21338452679361158
14190,1.0369891748988147,0.40586068137454456
14191,0.9120918020167526,-0.1038214491880754
14192,-0.6991546996648861,-0.18597333206145847
14193,-0.7218445176549484,-0.09051799306860309
14194,-0.026214650441854954,0.2533144415758009
14195,-0.7329787451391176,-0.35806833720382975
14196,0.7175352249991265,0.160309169786421
14197,0.42639628990124256,-0.4253968800037356
14198,-0.26415563694260635,-0.5051599328795674
14199,1.1502535708615067,-0.08768243115379569
14200,-0.08004437857137228,-0.06514145637087963
14201,0.0058141091383460755,-0.32449707736288164
14202,0.14958834380283173,-0.4547586546231773
14203,0.45245973591936256,-0.3223089998686915
14204,-0.4627314821119629,-0.3195054815528423
14205,0.7374147555921227,-0.2602370074897992
14206,-0.7905133990382056,-0.1079620785032726
14207,0.3564824689569432,-0.13438420909307788
14208,-1.2413552913652026,0.5105914268523997
14209,-0.023499712631320537,-0.08713049559172972
14210,-0.20921504665113777,-0.4490407556722879
14211,-0.5184777833725703,0.22925427600282627
14212,0.35168713300278504,-0.4192016223766049
14213,1.4969435730479264,0.6136863652619832
14214,-0.22465074202362711,0.04231722655290556
14215,0.06472018585828063,-0.2725345678436669
14216,-0.9340714730434487,-0.22742521038031285
14217,0.28876069350297007,-0.3410255017200943
14218,-0.16815496221197665,-0.3293600214430825
14219,0.49996937564571675,-0.3418222115265203
14220,0.30077400009659017,-0.4582777961955312
14221,-1.1015587255591721,-0.12122740500981959
14222,0.547692747883741,-0.15826206838642917
14223,0.6670893099630898,-0.1376082842517388
14224,-0.21933006023051005,-0.44208698631434734
14225,0.37543807960892145,-0.2551409900296621
14226,-0.5339317688361753,-0.40099443353609043
14227,-0.3628916781505103,-0.04783438088489952
14228,-0.9725322840639101,-0.16972051534122237
14229,-0.5090373629892521,0.12418730375816305
14230,0.7157347050805405,-0.19797886974662446
14231,-1.1835270240812288,-0.0028186605058496132
14232,0.5651944444610949,-0.43430230290738087
14233,3.6793722147963996,3.768290503342622
14234,-0.9409363511050819,2.5648278491545646
14235,-0.8983718142435668,0.565931383118026
14236,-0.6035144299249362,0.2009266679508939
14237,0.20239435783720156,2.1475586806035585
14238,0.4503889471172227,2.4272592252706255
14239,-0.8523907020552977,0.6803082540326926
14240,1.5402090605901257,1.0670179156815158
14241,0.6908647011202467,0.5147535376315995
14242,0.3941370099061966,1.2299110179926862
14243,-0.6333544619355029,0.44881932085027276
14244,-0.2976572220901764,0.6356486444716357
14245,-1.6924084788758122,1.0041568489277752
14246,0.4383406222698716,-0.33465360927318233
14247,-0.3774828254471605,0.1359173870391334
14248,1.1082748558904898,-0.011760781061084115
14249,0.4956198273576845,0.016064644683187457
14250,1.318278722857289,0.3045794474206226
14251,-0.9509457873998702,0.010479788987548835
14252,-0.037349290223803504,-0.40748816091684653
14253,-0.9838755560441144,-0.03997934135279596
14254,1.1707906290148267,-0.048324800461907035
14255,0.3309844603836894,-0.29420144663988057
14256,1.1795138695544254,-0.13279868609977769
14257,1.0661620777052367,0.2637182389091503
14258,-0.4067497130205413,-0.1704735505994424
14259,-0.0754427170752068,-0.31906357996029994
14260,1.6056261062762314,0.04299915418543596
14261,-0.5370139596083641,0.5497151502477449
14262,1.4675458117567197,0.7800713603721297
14263,0.366675184139865,0.368650964708144
14264,-0.044414084091938776,0.029113218575689253
14265,-0.7808860372599827,-0.010919154181230739
14266,0.4289770188503095,0.17051562146230598
14267,-0.9091472234440845,-0.03014934877143688
14268,0.299350333407472,-0.3327887945588227
14269,0.10375796667074966,-0.5227438122970574
14270,1.1555973664419255,-0.17723046137570797
14271,0.44808829904066755,0.032630074662815055
14272,-0.6832433203996198,-0.29749875388131314
14273,-0.20724458479610305,-0.25204666844789647
14274,1.0071592014867918,-0.3694915186267123
14275,1.3192446739363346,0.2594340220328926
14276,-1.258457841668743,-0.21313773694363902
14277,-0.22987545178398705,-0.3642285071124951
14278,-0.5416046211237204,-0.5749211437473312
14279,-0.41827744349323515,-0.3709674405517172
14280,-0.17673572044340483,-0.4006933949922384
14281,-0.14643496686840463,-0.47614966805538783
14282,-0.8599344869759011,-0.09098971212325675
14283,0.026840465951584368,-0.15322848114181833
14284,-0.32576248821732734,-0.4959285793775563
14285,-0.3387633606928561,-0.5234224767232749
14286,0.9223926450369013,-0.026933772507063324
14287,-0.6856982733131782,-0.40736854326489724
14288,0.8932094861644224,0.011613745191441397
14289,0.5713728413932719,-0.15809519164883146
14290,-0.7409584486846309,-0.41575332396683456
14291,-0.4162350632466628,-0.5049354231516968
14292,-0.6102879295965653,-0.1781550005580275
14293,0.8323420419259736,-0.27534252306870577
14294,1.4020389803284534,1.0207101995081456
14295,0.923615674216532,0.9883020284995792
14296,-0.49501214912461944,0.26681813319297504
14297,0.6473664117320905,-0.4256821774451831
14298,0.12980755457509685,-0.31737377141858614
14299,-0.060850503714772124,-0.3503034581962723
14300,-0.8948094918027236,-0.36082120207752255
14301,-0.057130110149903025,-0.287577820781021
14302,-0.23863203296292257,-0.5742724789331227
14303,-0.45914242230474456,-0.33514821513916676
14304,0.07399706467218123,-0.46265776103260536
14305,-0.2938914683836569,-0.48204818085889395
14306,-0.5636621660706235,-0.441026269932256
14307,-0.13673426095522215,-0.20608142128311532
14308,-0.864382928397409,-0.038345247156738725
14309,-0.23743196435616687,-0.1775773529980718
14310,0.07587310387376772,-0.21087883381204078
14311,-0.0534232728227588,-0.43833932891053656
14312,-0.41608216316046787,-0.13609025165216818
14313,-0.20020932761905294,-0.3186951509444667
14314,1.1465113014724744,0.10848330659258616
14315,0.3095696843575467,0.07965710010235096
14316,0.5670762759098184,-0.18959429086324917
14317,-0.3754177001449107,-0.23708791341056698
14318,-0.33009603161490253,-0.5210647482883644
14319,0.7988341931270424,-0.3978169852381783
14320,-0.20424960847145265,0.12074188763177952
14321,-0.28785569366273805,-0.4577430202683665
14322,-0.17832479208175273,-0.5165792366066507
14323,0.9178244260874084,-0.16431143780178772
14324,-0.3783494308259199,-0.498129698476298
14325,0.2515580119906835,-0.4270974175316
14326,0.4022052764859684,-0.5198009112387346
14327,-0.18458008549996469,0.04137479107886453
14328,-0.7837643076986225,-0.4670554085473167
14329,-0.3962790683390379,-0.4580960115076396
14330,1.2034219267476334,-0.26363314302411095
14331,-0.8675222645703632,-0.01513348698163226
14332,0.5286513179518761,-0.4963300321934913
14333,0.8427584744668328,1.6074241466898496
14334,-0.48770396966599283,0.5719010675143906
14335,0.5977315098891657,0.33802409633804265
14336,1.6921347405363376,0.5738524675994666
14337,-0.2615424676028569,2.2930818256122762
14338,-0.5541465774710483,0.621695473462287
14339,1.1351083039948846,0.056131321477850576
14340,-0.8885971208041469,0.44033769271121437
14341,-0.014383064365803878,0.31536006990758103
14342,0.7365739782632261,0.04007379583942518
14343,-0.5093337383632557,-0.28541318871346455
14344,-0.4089054906477574,0.3396546598260339
14345,0.016573634440082332,-0.08481622392108967
14346,0.8286749223694581,-0.11950338681068211
14347,-0.6161223395422762,-0.3986827237822446
14348,1.149758989385918,0.0042607089846153166
14349,0.23913666282301255,-0.14876910739233665
14350,0.10272610928319623,-0.34297232221780993
14351,0.5081170403820736,-0.4180660137013665
14352,-0.05996597766461412,0.07154850145459386
14353,-0.7778608599823177,-0.1941860091457951
14354,-1.355795401591485,-0.08052334759090604
14355,-1.506499404990869,0.5782981418671138
14356,1.163452324090825,0.10174462586199673
14357,0.29915902485447754,-0.35518896087336166
14358,-0.39278763749442364,-0.2822711932448148
14359,-0.73779080259351,0.3084370559191851
14360,1.1096555973864763,9.224964721097066
14361,0.9572282804034071,1.3640519808157099
14362,0.18944620088999156,0.03645156572294514
14363,-0.8890968216788364,0.07630687577675367
14364,-0.909875905418109,-0.03404694854429035
14365,-0.5809044876496818,0.07713398936673989
14366,-0.7840273650955789,0.22354550159698264
14367,-1.6736835540142858,0.8578073776947727
14368,0.42339911572357436,-0.25313355951320776
14369,1.4227011626575314,0.01229189466609547
14370,-0.9223183779657157,-0.15997544187840826
14371,-0.20015300533382382,-0.5070185849614572
14372,-0.0430366375178523,-0.46778637344767515
14373,-1.1090323618287186,-0.24553816594083203
14374,0.3048195288360191,-0.26541461748399603
14375,1.0635002112418985,-0.1033658924035863
14376,-1.4324405314248114,-0.015672784029090968
14377,0.27641751370362505,-0.13622957184339593
14378,0.2740488482286884,-0.299463261629573
14379,0.7403188925552984,-0.34226051654187156
14380,-0.151106193393492,-0.4911344407711701
14381,0.5536407591668508,-0.3493508168391601
14382,0.2662544228520206,-0.43356469137296205
14383,-0.4337171031787966,-0.4398167265608787
14384,0.6746486112490998,-0.24439069982822254
14385,-0.6113615678778285,-0.4503358281342662
14386,-0.19431852845563763,-0.4161045438428901
14387,1.2948339016570223,-0.12093007392073418
14388,0.18294617261992513,-0.30292582353337644
14389,0.23258299639995458,-0.42348172405484147
14390,0.43071967094489955,-0.502209762128852
14391,0.6978047204636912,-0.1835602042372975
14392,0.29024725707736865,-0.3254792021034594
14393,1.3432830149621022,0.6025138807531903
14394,1.0911973097411485,2.239520516281072
14395,0.0991668272381388,1.2670041697997225
14396,-0.4299469723691159,0.9877686475471306
14397,-0.29940992021114143,-0.23679548180127477
14398,0.24837588918971487,-0.15725258223879154
14399,-0.4535166908265661,-0.2609507171328142
14400,0.8035008275127906,-0.422575977133743
14401,0.1570484495613905,-0.3940609365395174
14402,0.3901269219978981,-0.08671490072842951
14403,0.21721020068903424,-0.2506260984406028
14404,-0.6535319387556853,0.482988125252846
14405,-0.19980220261792123,-0.1842370846925146
14406,0.49136339153145336,0.06902371333860655
14407,0.8480658453499114,1.7008269620171994
14408,-0.7341737134471322,0.0832201055068082
14409,0.35539073370726115,-0.19574592976071165
14410,-0.2355693655374418,-0.21572070264352206
14411,-0.8547012972363583,0.0009445772485754347
14412,0.06859070750589735,-0.4159358886558354
14413,-0.5112989934922677,-0.4151561770697207
14414,-0.287014025278211,-0.3696735652614527
14415,0.6094443848444,-0.09019161853332705
14416,-0.036365678512809745,-0.5087135819370971
14417,0.48641580727397,-0.2767349457255244
14418,0.32879942562032277,-0.5421628203572589
14419,-0.717419795750444,-0.30019476294189523
14420,0.14288732602895837,-0.48552112134969594
14421,-0.24985274245071287,-0.46813532616680553
14422,0.5059608051763317,-0.3874903735575539
14423,-0.1426580525050359,-0.5207724478728136
14424,-0.14853510129851782,-0.517742435616291
14425,1.1565213560473042,0.28774483046330307
14426,0.0060155852059002105,0.21749103604646272
14427,-0.17502268094888565,-0.3585767575533399
14428,-0.05246076393929489,0.2683584306015524
14429,-0.1798559663649157,1.4375150817440423
14430,-0.8770704647515122,1.8216358326674438
14431,0.45551933449812215,0.9945999614012319
14432,-1.328474107509851,0.5301258846827022
14433,1.3138901315710938,0.46924740185682534
14434,0.7058047314457849,-0.20788851901184882
14435,-0.600692002374634,-0.16710127893842527
14436,-1.804058720709624,1.552855538930232
14437,-0.3529232103419596,-0.006103718801023359
14438,0.04515873017960291,0.2008334806884921
14439,1.0936949121814958,-0.16749163097193073
14440,0.06856744292657335,0.1952308026296057
14441,-0.5245683222737758,-0.2738852974330999
14442,-2.8914844343191377,1.3985793910719855
14443,1.098950420406239,2.0464980440510794
14444,1.0025981444721217,-0.22327127942480413
14445,-0.07847217092237319,-0.316183740180358
14446,-0.3941950484770759,-0.04322501668814448
14447,-0.4060644334859327,-0.41509047094132473
14448,1.3291076858417186,-0.16225712799938022
14449,-0.5219783224004667,-0.3392758760975931
14450,-0.6931405834128231,-0.2118844834340914
14451,0.18996332614708927,-0.5301243714186132
14452,-0.23713414129313762,-0.31284694834729065
14453,-1.381888045263262,0.10199274695571878
14454,-0.7932025484951868,0.40916558872386133
14455,0.6787553129313595,-0.04194372869065969
14456,0.25182578588157556,-0.46074709278598425
14457,0.01992442672704135,-0.5061218964208373
14458,-0.22717855687482225,-0.4833204683233882
14459,0.8622114439759488,-0.10114725506490284
14460,-0.41291657425356637,-0.368589538078551
14461,0.011942038005927684,-0.33543632543643714
14462,0.5074710423823097,-0.4616388637973544
14463,0.8821253337314912,-0.11344589739061367
14464,0.7292459851233569,-0.25112182483276085
14465,0.06973311309612412,-0.22416334902631005
14466,0.11215126462038447,0.060576845714014255
14467,-0.27143907928029054,-0.06328257901224746
14468,0.035685623076595785,-0.4790104163795454
14469,0.14547633749614336,-0.40707032407002214
14470,0.03434583737841102,-0.37296244139748785
14471,-0.13327802182841608,-0.07249302090564091
14472,1.0848475363127374,0.024206706136256737
14473,-1.572673509956585,0.44351130748184653
14474,-0.12247645763448342,-0.43888058394838586
14475,-1.229857848623476,0.23284922392018326
14476,-1.403191708544261,1.2129881926090893
14477,0.7837006936213633,0.0896578385014476
14478,-0.6926819087023266,-0.35877505382066666
14479,1.1059319837848105,0.1967577185346565
14480,0.06855722115074372,0.30393302395187893
14481,-0.5599111891081876,0.02936885095532195
14482,-0.23252532557754257,-0.505580376594066
14483,-0.12448779237745483,-0.010082282661791819
14484,0.5324140900048069,-0.42920976864397314
14485,0.41951071537185325,-0.12161960125931827
14486,-0.15263904370431822,-0.49769915791077574
14487,-0.38225790121955194,-0.4112423720814202
14488,0.2846794985507574,-0.4242325250465623
14489,-0.28840439549496055,-0.4325499419032328
14490,-0.6958050775782447,-0.18317096621090814
14491,-0.36184235104403295,-0.37720832378581953
14492,-0.5529658914113228,-0.08819743840693463
14493,0.023080564977639086,-0.15447197884868866
14494,0.22336541536537058,-0.3480179781824232
14495,-0.9196352627292744,-0.13291633441654868
14496,-0.7191222908610534,0.6311119544902655
14497,0.7888185127430287,3.9547708720375585
14498,-0.5537474578030499,4.815398500128914
14499,-3.368163462194929,3.481492506203472
14500,-0.9945729660320903,2.4795414681904075
14501,-0.26282657017267597,1.1511320172708503
14502,-0.37657468488716017,1.2240365560996813
14503,-0.2773797359540412,1.0135860121966556
14504,-0.174353650920629,1.7978685183040417
14505,-0.3245823409683739,0.9516926912177724
14506,-1.3153338271172088,1.7286007650809745
14507,-0.3490526247863076,1.8661085899769074
14508,1.1237332517769976,0.5256893044554216
14509,-0.11958684434593175,-0.22300683854880185
14510,0.38786309803621843,0.13303154616530466
14511,0.48382053010483883,-0.15926503372092185
14512,0.37541661278293237,-0.24379847589949
14513,-0.2792093302708544,-0.33132573437781715
14514,-0.08145706732299815,-0.34423461898819785
14515,0.7312239379813592,-0.2605592520093056
14516,-0.6065327389972845,-0.39438728650648486
14517,-0.5874926451174518,-0.1539272479515508
14518,0.6535205730364466,-0.4011324076182819
14519,0.8706264071314805,-0.15034618344802117
14520,0.1749492697429259,-0.244972271224646
14521,1.2585322064550057,7.561803030340022
14522,0.829481488356367,0.35059525085178617
14523,-0.4381397609261908,-0.20273133255707187
14524,-0.6205430623057183,-0.12381296570099157
14525,-2.4963652072660603,2.596852279763015
14526,-1.7454335401340815,3.134203033899645
14527,-0.9619306216883243,5.387456176373977
14528,0.19296122289533746,2.328971516773658
14529,-0.4559026737791311,0.9346337866039767
14530,-1.292305294589266,0.4372295700778978
14531,0.5916710068221444,0.40010751823584917
14532,0.2623848651133468,0.6931950880847284
14533,0.2249893793252174,-0.14955700983330927
14534,-1.0427516939270187,1.1694297585912954
14535,0.5783016600629252,2.1747453127035525
14536,-0.4018566735395709,-0.239033814124319
14537,0.6182809988266063,0.06574146339659684
14538,-0.23763465942898887,-0.1478753996081641
14539,-2.0480512595215123,0.6338086219074063
14540,0.520830984829987,0.07939842961710268
14541,0.48138875560229166,-0.3913715278887955
14542,-0.39400599858908714,0.007357602895038526
14543,-0.2099638165468937,-0.17951582305886804
14544,-1.0258275767458531,0.18898104236419216
14545,0.086848576301578,-0.2356729625250051
14546,-0.010359403523707398,-0.47023757588366205
14547,1.0111631109107666,-0.140505749695952
14548,1.2728723541523244,0.1218755365577935
14549,-0.21990502942660914,-0.3602816354454024
14550,-0.9869649817115541,-0.0067622072812553715
14551,-1.1322661777997345,0.2373166335776043
14552,0.23586525130830976,-0.15245021164638198
14553,-0.9457603477875626,0.995905371196861
14554,-0.09002203117047619,0.1936278057871551
14555,0.49204337801551573,0.6171292007096189
14556,0.4202052004684539,-0.4222169107986492
14557,1.7187459090216666,0.13588724674007555
14558,-0.11738006194790235,-0.40739682428279195
14559,-1.0403850309035982,-0.24798726348978792
14560,0.5976691893529235,-0.4730594255082015
14561,-0.2814259400357129,-0.4722496364540567
14562,0.46269869532568697,-0.5648889840817302
14563,0.3063365903089016,-0.3809670711256356
14564,0.34352187221402564,-0.4557889686604228
14565,0.5698364952953909,-0.05927980511482759
14566,-0.5889136056502682,-0.25731033914718043
14567,-0.619229382090835,-0.2343204934293666
14568,0.08464336273476433,-0.3222654416871701
14569,-0.6474624296272496,-0.15850478367883986
14570,0.6918887098526502,-0.17434324574516497
14571,0.21627073854987205,-0.5814136189360616
14572,-1.067845224562155,-0.3259949145912957
14573,-0.13137431911108366,-0.5468814596716542
14574,-2.514645560048422,1.1706446603704053
14575,1.8044607502952363,0.8635991855090424
14576,0.21376051029145074,-0.2962817419420899
14577,0.5334344610077466,-0.1530120594364381
14578,-0.4814302430013566,-0.17357517220665417
14579,1.1902492201823232,0.1193016610758363
14580,1.1350895552338753,0.8561889008496192
14581,0.09809989969974958,0.37315087350072823
14582,0.23938526686652298,0.43138151329303037
14583,0.04643297791308914,-0.3631932029210179
14584,0.49999206924061146,-0.2602349815370831
14585,-0.9721881454151267,0.37356705147158187
14586,-0.2817356410437556,-0.2680810421942234
14587,-0.2584233518616813,-0.3330527316302878
14588,0.10297448363790829,-0.6108312177836428
14589,0.7656864010110915,-0.26045140862761323
14590,-0.4307054778531891,-0.3361711019590613
14591,-0.0813794790594301,-0.5381300895729485
14592,-0.036361111403772024,-0.49808670206624944
14593,0.43547178283855054,-0.370044782385951
14594,-0.2648773140817019,-0.4598844136569237
14595,-0.011475169074978218,-0.3030755245481856
14596,-0.1436070284798101,-0.5100057670373995
14597,0.7660043564099527,-0.39107133099797575
14598,0.027053026191048136,-0.4075169932263227
14599,0.17405106507782142,-0.42600383334719943
14600,0.08885437115409126,-0.5101831289911156
14601,-0.4074291312396906,-0.45994454747970137
14602,-0.5004767895780402,-0.5180864797575851
14603,-0.40136377420062763,-0.5219942365791358
14604,0.1616753466089145,-0.4789325062862874
14605,-0.4033102445555806,-0.31786121236664083
14606,0.24761130894755579,-0.4506474497020494
14607,0.2994683871112473,-0.436631836730291
14608,0.38026173548532594,-0.31849573537929676
14609,-0.8352727667532667,-0.3377617504272598
14610,0.045916346686161194,-0.5443870732201997
14611,0.23209192941476187,-0.4048139731598538
14612,-0.14840442627406542,-0.5999745318590612
14613,-0.09479158023515205,-0.5157140767787385
14614,0.44561715954426895,-0.396486479356556
14615,-0.521372053146971,-0.485819697113715
14616,-0.7341878238457259,-0.43413574456109627
14617,-1.0028119005368694,0.21780256739884452
14618,0.7396381261566073,-0.2480946359844783
14619,-1.6344145499580214,0.8507951331734871
14620,0.6428136658451424,0.0021532553573576194
14621,-0.11208841565095348,-0.3912067880530606
14622,0.6848885173981921,-0.2926449440932037
14623,-0.5950921143702875,-0.4962163746331767
14624,0.3122598443187709,-0.4735996810244256
14625,0.3731048658952101,-0.3892898183454157
14626,0.41752529978244324,-0.35489716063198823
14627,-0.11433448110598166,-0.37980293925826125
14628,0.7255538252490953,-0.1858182537262807
14629,0.6103098788942771,-0.34536632547731067
14630,-0.2615191874027018,-0.403363526393542
14631,-0.9465263686459937,-0.34420004551336897
14632,0.18768695777192362,-0.475587123764356
14633,0.3671238381222729,-0.5221468350742795
14634,-0.21124143254343086,-0.33979327451431196
14635,0.6225713932041413,-0.5423396526423825
14636,-0.35695669789130335,-0.4129422164209705
14637,-0.5591523450541328,-0.35101066431119987
14638,0.31117382182355546,-0.6118712153696612
14639,-0.07341984280269032,-0.41074653227738733
14640,-0.23049556796505655,-0.5169154637563156
14641,0.014849142634154263,-0.6118151855064203
14642,0.10785213511910566,-0.6027470174979014
14643,-0.05161380305142458,-0.626232321797152
14644,0.3769533151541999,-0.48893058176280313
14645,0.35907814125241316,-0.4869733894920492
14646,-0.08263290400657422,-0.5600007890917128
14647,-0.5056986392291448,-0.5570245297600803
14648,0.2491818625535389,-0.5298193165632344
14649,-0.5110523914102448,-0.4620437906634568
14650,0.3405927253027545,-0.5298534459685088
14651,0.21298722022407435,-0.4829842250171645
14652,-0.30078881508461797,-0.561247019386202
14653,-0.03373539812282523,-0.5830573064239483
14654,0.13840880900420946,-0.5510317086071558
14655,-0.4080740111527998,-0.5491310865977943
14656,0.41113411488860496,-0.5072713651144042
14657,0.14211821800462796,-0.5194881242457352
14658,0.03655203784666417,-0.5847596501987087
14659,0.42284786692403986,-0.5706250129596973
14660,0.3006077168216922,-0.48518229970016075
14661,0.019034058613093992,-0.4487432061817435
14662,0.0427472541976203,-0.4999768889999233
14663,0.1519055455400523,-0.3326658220653022
14664,0.18167468279194174,-0.48547614605964573
14665,1.196718047876295,0.04861006142679029
14666,0.8768118125156961,0.5366401309960875
14667,-0.9656977671977661,0.17027726172771102
14668,0.6154669326154079,-0.46073345506587327
14669,0.36040075030897695,0.03492049777237532
14670,0.35216998541350486,-0.4303978535511749
14671,-0.25883492977581013,-0.5308906612221334
14672,-0.07129119645638171,-0.4473629827811791
14673,-0.4257298020779535,-0.48424929345851125
14674,0.021576783455897995,-0.5533198917342373
14675,0.1401260420718879,-0.49285398757599475
14676,-0.13303894124558116,-0.49889045026651235
14677,0.37357884115171314,-0.4967230564969119
14678,-0.1347317782340093,-0.35040960512912417
14679,-0.6322303403732059,-0.39164040457817095
14680,-0.8159895219844813,-0.24145248089753008
14681,-0.32373328953739544,-0.3181786723228933
14682,0.3381756847223043,-0.2936352749920508
14683,-0.5177079550359855,0.026860873617065822
14684,-0.4616396163883371,-0.2875729255973719
14685,0.5667893599350924,-0.4977807975065532
14686,0.14844682586582897,-0.5326449540673903
14687,-0.054051026803753476,-0.5513465446008229
14688,-0.7532322405076188,-0.042359702766812876
14689,0.12818156163336636,-0.35429347431263764
14690,-0.16684923185703032,-0.45837074903593683
14691,0.4574337012401605,-0.342092792218074
14692,-0.20237193720435798,-0.3876633123557047
14693,0.12214060758539488,-0.529171689511213
14694,-0.2321006263372402,-0.5959027882502146
14695,0.4906159982156023,-0.38374663722888863
14696,0.21813206380753541,-0.442059637404256
14697,0.5220562325743109,-0.5070879918917796
14698,0.17552347917180877,-0.22737434538572315
14699,-0.051750801108046966,-0.3636669609898082
14700,-0.4209612477541106,-0.49634006512087403
14701,-0.36016080294881725,-0.46750737645575063
14702,-0.8988011945236145,-0.23772860901144216
14703,-0.46248254483913054,-0.08776196810368207
14704,-0.17164031040616717,-0.29903828283066813
14705,-0.44734136421410253,-0.383040133242481
14706,0.582762766720182,0.00028748351038804953
14707,0.06244108202881677,-0.5333077587153298
14708,0.3088259997022725,-0.3282436501129287
14709,-0.4992110299410663,-0.49600056548867816
14710,0.37904944330878426,-0.5412034523905849
14711,-0.49114768245061524,-0.3453161131163348
14712,-0.015264607937746727,-0.5126048994374136
14713,-0.021669316571426747,-0.5165126086522945
14714,0.19010299308126732,-0.35499919453889306
14715,-0.480965401971341,-0.402410632601775
14716,0.38193634221362294,-0.3712531806939775
14717,-0.07267603780266399,-0.11096110268270223
14718,-0.0016193197142977817,-0.41661118873132363
14719,-0.5604441800938487,-0.27167350944526214
14720,0.3948057716304938,-0.4834939538119215
14721,0.3428809258940456,-0.5519934048325774
14722,-0.13410881322334794,-0.45755307963281194
14723,0.304980953226317,-0.3624503556199917
14724,0.2323701108326083,-0.3244773401304343
14725,0.5656902507673701,-0.41393073058648716
14726,0.28556045472776204,-0.43197208619995525
14727,-0.13338226636663653,-0.2767982959610147
14728,-0.2257375064928265,-0.4934342452976052
14729,0.6703016769221266,-0.2308691421189736
14730,-0.09525844144927637,-0.36982767483789675
14731,-0.06151476196889801,-0.5266513022588015
14732,0.027021923557789176,-0.5212172354637886
14733,0.13327256937685644,-0.5192036381381959
14734,-0.12942213653136697,-0.5614029486418364
14735,0.05406238175883819,-0.513182702466174
14736,0.2145054531744948,-0.45354186546177694
14737,0.36879185570977036,-0.5610227440146817
14738,0.29120978089962013,-0.5173512522600933
14739,-0.58780799643527,-0.41644617798609324
14740,-0.24703440400347904,-0.5144723025233257
14741,0.332359969486167,-0.6082631382330138
14742,-0.7063330671471428,-0.3514045514758817
14743,0.4942472504142129,-0.4463830954599939
14744,-0.012658532413497181,-0.6337504252010701
14745,-0.09872643957142627,-0.6222437778606513
14746,0.32851945417289474,-0.6163839491672427
14747,-0.09450962035649252,-0.5274928822220418
14748,0.06313169886047934,-0.5699807630556124
14749,0.31279908813657553,-0.45462104493671796
14750,-0.28698535661449104,-0.49636827777980086
14751,-0.10985647518392383,-0.462637946313702
14752,0.2730751854844898,-0.602370567402924
14753,-1.6731797999051816,-0.20137107710242533
14754,0.17776287638282948,-0.47822325274527877
14755,-0.7988846070174873,-0.3104116502474225
14756,-1.1361603881617817,0.398314536868247
14757,-0.9243148723042333,1.0624070039928084
14758,0.08390545012422082,0.046033562430595
14759,-0.9415555358501335,1.0125357676470481
14760,-0.6584617517870773,1.7919032806323592
14761,1.2108744967142449,0.5740267218374758
14762,0.1283993162221195,-0.34066778639271
14763,-0.2403839854115092,-0.07171710048038808
14764,0.8585627613626883,-0.1001514034924161
14765,0.3067320805228451,-0.23434431657578061
14766,-0.844660614991207,-0.28382069415468736
14767,-0.9005844731348218,0.3649014788722043
14768,-1.1103244603126683,1.0289699251482611
14769,-0.5881437463470953,0.2883904466990432
14770,-0.25069663533148534,0.7332029081222367
14771,-0.4898307067307939,0.4614168046422044
14772,0.18727731863114216,-0.05488963136248282
14773,0.2742851447787479,-0.20459386808882232
14774,0.3342420189266663,-0.2618890921553103
14775,-0.0444721419634543,-0.382484009816485
14776,-1.0577239587504814,0.02959122529678917
14777,-0.8373755762013761,0.46821364114669706
14778,0.4346170075085082,0.024239498312348232
14779,-0.4018914211461285,0.4199286698589906
14780,1.1183489425929878,0.24004112329072577
14781,1.0037294357726503,-0.015405081373676426
14782,-0.36127773162731175,-0.48144402256944996
14783,-0.2959054502219792,0.4816738411611015
14784,0.4804218248370768,0.2697371485716493
14785,0.7924859185868709,-0.12256935243767364
14786,-0.277693044397326,-0.4284033704607127
14787,-0.5441468458255886,0.011362926072828917
14788,2.678457751954418,1.4750018404617133
14789,1.386713629677579,2.2454620828915703
14790,2.778590598154513,4.148490806220126
14791,-0.1509863011268716,3.757516113180629
14792,-0.5443992721961102,1.1007549250278776
14793,0.911547895470278,0.9333500439184232
14794,0.3503373515698997,0.11038223660051413
14795,0.7392196581432998,0.10529363307015357
14796,-0.7237767008135834,-0.1696476159232974
14797,0.09602001133259361,0.12296967401910154
14798,-1.1443464806726085,0.15883835862290097
14799,-0.6870138325593851,0.7270959763859706
14800,-1.506186907520942,0.21772257266087322
14801,-1.5509151349536374,1.7218893959772574
14802,0.74285921560138,0.4223106740420853
14803,-0.017243204404607505,-0.42603990680299564
14804,0.042246821943344615,-0.36900156242591575
14805,-1.1007090487183957,-0.10569628329453855
14806,0.8029786908461531,-0.07380221775369919
14807,0.5469304173497301,-0.2126927252465302
14808,0.05335420012192354,-0.46918166552776536
14809,-0.2548700729297477,0.051280745038533915
14810,0.3590735318153651,-0.3841158122255777
14811,0.1070509369033257,0.2520486185434386
14812,0.9251707038091928,-0.02423956630060806
14813,-1.309232473518965,0.05480167203628297
14814,-0.47538001914089045,0.7333169716543633
14815,0.8668787366759261,-0.04029598778756216
14816,-0.5243485045044711,-0.15038382011547333
14817,-0.21806012546505532,0.1806682068444887
14818,0.32845322332713633,-0.2598609980779231
14819,-0.39012864625344934,-0.2800791787437771
14820,-1.1312881819315737,0.05471234821315246
14821,-0.27675986174855,-0.17325531829489724
14822,-0.08854011879925791,-0.2166565086256762
14823,0.4402144639259916,-0.07867285936356999
14824,-0.19517529583508444,-0.3241635009023216
14825,-0.1878451376820578,-0.3244704191872129
14826,-0.3467180142921775,-0.13485393275959048
14827,-0.7569044823093889,0.6354477445024694
14828,-0.11882346906771518,0.1866559871340036
14829,0.4763652503253089,-0.12314673037958968
14830,0.20524037894784575,-0.0030880603761375674
14831,0.6447869198912239,-0.14879700322275866
14832,0.24531974530145725,-0.30124178352384684
14833,0.08784266112953901,-0.45492763835154165
14834,0.30964362964372716,-0.3660883673779907
14835,0.15820569210943858,-0.37445419803928576
14836,-0.31140819470702163,-0.5154651561096658
14837,0.6250723480442613,-0.44754202490109385
14838,0.08977382087713809,-0.5592678855220146
14839,-0.48778719929226366,-0.3732605287000996
14840,-0.18965451661817345,-0.533436002244175
14841,-3.6180076587003627,2.497335640580802
14842,1.7615344709813163,4.374310725353704
14843,-1.46894798998633,0.3094133735061123
14844,-0.9761233992396825,0.403951712792209
14845,-1.9002991849915378,1.8664552976798336
14846,1.0060255958514754,-0.09798309791091105
14847,0.2744891838279001,-0.03391578809008092
14848,0.1838964079441303,0.3718746375254355
14849,-0.3503981619271156,-0.025121304049815447
14850,1.544402917924722,0.12391849782327422
14851,1.1143612926202957,-0.05974887592013577
14852,0.10399561896193382,-0.4543836117919785
14853,0.9422050349691653,0.08505189713488173
14854,0.47454079276198774,0.5398987154985787
14855,-0.43480132244160596,-0.38384754148890593
14856,-0.1362102732927602,-0.1573661946764007
14857,-0.5697809518476438,-0.2551934318201935
14858,0.6348976071386071,-0.4454576254605381
14859,0.5539034482746343,-0.33990876431332034
14860,0.06512365553099225,-0.2767237848791307
14861,1.1924189961398413,0.4832363653139224
14862,-0.6600062550012138,0.024024770273974833
14863,0.23233776557334548,-0.5478261405274871
14864,0.4735430782088469,-0.29640400849521137
14865,0.5249388265520563,-0.04373519560438732
14866,2.120004159129097,0.6364190550200576
14867,0.4841953760005464,1.2287258880688199
14868,-0.7253826576087564,0.5456369847722715
14869,0.23672774424602178,0.27764972305873653
14870,0.08317464366693986,-0.5772300111708089
14871,-0.11259899248304353,-0.20821996753319566
14872,0.1669964758924118,-0.2451806716040769
14873,0.009089503506725459,-0.3141725147090995
14874,0.27608703923299144,-0.19805073204115967
14875,-0.36041863197409935,-0.4861261037552916
14876,-0.08819158808491656,-0.5693490389606175
14877,-0.019917948016451435,-0.4843642484710013
14878,0.2924160580479889,-0.3743286756676016
14879,0.44873812086154496,0.05179457237267533
14880,0.0300938687691579,-0.4524345294690034
14881,0.09163799810703027,-0.0008919610435534083
14882,0.01082249186522876,-0.4000463886618758
14883,-0.8577377561491747,0.1497710081261769
14884,0.24444982162009843,-0.4540368138607145
14885,-0.10276831927065053,-0.10853890150431084
14886,-0.27829293901631535,0.2214198550223009
14887,-0.3740184596171998,-0.14760559392102549
14888,1.040441917079076,0.12230108944715845
14889,0.43548302027373176,-0.27387456190610127
14890,-0.5378682606362482,0.18696230354117327
14891,0.7104638606854986,-0.4582757506778023
14892,-0.658190483135392,-0.2024486029616689
14893,0.22963372518832725,-0.463718822364825
14894,-0.09532938339840782,-0.6042514067302462
14895,-0.27554768841739463,-0.33812566221056506
14896,-0.6573551518568889,-0.3264140218110074
14897,0.22292933903230386,-0.31634427689426353
14898,0.10115618116910191,-0.41733504112846015
14899,-0.8237492374903153,-0.34553421499506726
14900,-0.48231987707598745,-0.08129058838440263
14901,0.11853001341043914,-0.35721122001356603
14902,-0.8258667160941655,0.06224117259507886
14903,-1.3844210769612464,0.8443730039008852
14904,0.3821723426225372,0.04278796581055367
14905,-2.364642544032697,0.9065962990227131
14906,-0.7052050954912902,2.261745339754783
14907,1.3380835835830887,0.5852441507364495
14908,0.6999740085376969,0.38324454388209916
14909,3.500539139389498,5.014733533984344
14910,2.091342619205005,3.097571483750639
14911,-0.8457318844384792,2.6148536029722265
14912,1.5625417099854833,0.6720365786055591
14913,-0.13611542279423275,0.7895082496251007
14914,-0.4467182905506596,0.6174149338985271
14915,-0.21655175742952146,0.7014773473751217
14916,-0.49909987983569676,0.2797583528429791
14917,-1.4288981798018838,0.38569291551431895
14918,-0.8849521421547846,0.4897359491558395
14919,0.9434404222771938,-0.011860140560471149
14920,-1.6427324585896286,0.0828409861502265
14921,0.782426372988392,0.10035049095289832
14922,0.5016962232748511,-0.3855768600043155
14923,-0.007012275551176027,-0.3800857436077976
14924,0.963380912280851,-0.40615486824342
14925,-0.12321957516394372,0.31120262932863196
14926,0.2303860551328355,-0.5019134938874018
14927,-1.1082373289844594,-0.2729125982026711
14928,-0.36070407553723527,-0.4507063139972713
14929,-0.09683639186812892,-0.46558227039398214
14930,0.8391378754939439,0.060601486254238175
14931,-0.5032285950626604,-0.053674053809627455
14932,-0.21218912205745527,-0.2512127480962255
14933,0.40639516393440417,-0.4593273976842719
14934,0.4619788873524046,-0.3092709046367391
14935,1.148561427297419,0.07846047711684194
14936,0.6833593984490047,0.44923927430084415
14937,0.2996037134713554,0.038817211676737996
14938,-0.011392961041262577,-0.21133419665486022
14939,0.5667525970464213,-0.24225112178343544
14940,-0.7176774357963086,-0.3462090514538456
14941,0.5121984549278145,-0.40434665082186444
14942,-0.41004433687055014,-0.4289616167522447
14943,-0.1403524660936773,0.13040053652976782
14944,-0.35795861895666176,-0.3732756564774351
14945,0.5956740373851706,-0.12181061700412779
14946,0.3610542726358016,-0.38140968727487895
14947,-0.015418486612111922,-0.3603724289212267
14948,-0.5390527100427611,-0.3303406507576379
14949,0.04751384696174741,-0.4422171205829526
14950,0.46264665006879724,-0.5171420878120011
14951,0.7052865277413415,-0.030955068541665496
14952,0.3159914001689339,-0.26625655891514377
14953,-0.798825551440222,-0.33518575577368326
14954,-0.4819146586737255,-0.4575047361066829
14955,-0.721816703822933,-0.13806889704888425
14956,-0.6113324070912189,-0.2852876961941731
14957,0.054766673116513655,-0.5475800134179389
14958,1.5920120676215974,0.3580279958774481
14959,-0.3009598445372218,-0.24750530048825994
14960,1.0169871526092853,-0.3372755865715736
14961,-0.27041843243123864,-0.41974391564492414
14962,0.12072736086865432,-0.4418195726008357
14963,-0.8961879161989427,-0.2692009840264693
14964,-0.20367868929437638,-0.5486996570595342
14965,-0.4078555513460368,-0.24937541971697097
14966,0.322143508960606,-0.49313866410383644
14967,-0.4528987464013734,-0.37574057760484963
14968,0.24376125824015674,-0.49653998667815974
14969,0.10500408226798302,-0.5251925586648987
14970,0.09637105673720725,-0.5595318785702602
14971,-0.3932145933734035,-0.49157201938591116
14972,-0.5166654113429716,-0.45277212390039506
14973,0.02867508397929952,-0.4199400806735341
14974,-0.15549493116824004,-0.4040650522893217
14975,0.012235921776184912,-0.18745407009823234
14976,0.4919224817463205,-0.464759016479427
14977,-0.18130418929489514,-0.36840374969214473
14978,-0.21219916947927753,-0.5819524353385329
14979,0.027936786479488725,-0.26178215547612604
14980,-0.03533713604556686,-0.3188048329477473
14981,0.7098742495364221,-0.4042861598082325
14982,0.3891374445421462,-0.2575743365597368
14983,0.6039740278934331,0.057630855425610215
14984,-0.3821089276384865,-0.2642235901965463
14985,-0.25447840407934696,-0.17418812379682003
14986,-0.15066769979437172,-0.4791169045861713
14987,-0.6660528852534116,-0.36779542704425927
14988,0.7903836807648181,-0.44335666580514727
14989,0.3531331062678754,-0.48400972864185354
14990,0.502060108948103,-0.45137170166493756
14991,0.027383336639721333,-0.3516442834563849
14992,0.5522502688764354,-0.22632599973294448
14993,-0.25306458533195864,-0.3822256105693297
14994,-0.18470158194200115,-0.3373762181024157
14995,0.7269093254954627,-0.3512400936269122
14996,-0.34679742631520816,-0.3352820513963358
14997,0.08548750672894101,-0.4121975993073933
14998,-0.5639724232190538,-0.45196272336119564
14999,0.13566563695207953,-0.518494218254562
15000,0.01643443043332358,-0.5169324220439813
15001,-0.9599703379644883,0.41232694615501014
15002,-0.3312795832247875,-0.3688341441464071
15003,1.0065864481286986,-0.3260916961192939
15004,-0.025074944292658094,-0.42253403198566736
15005,1.3907173096727665,0.6384354048447061
15006,-0.6958800456653579,1.3671533396745672
15007,-0.6053347610073656,0.6759554547523644
15008,0.8749356611209127,0.2771156488199587
15009,2.8223109740092474,2.4013164082932517
15010,-0.7454652118744803,0.48410108721339196
15011,-0.4411827164064518,0.6471968225083645
15012,-0.6339435763124011,-0.43396658945084454
15013,1.1958598414259338,0.026835972878503336
15014,-0.31889391442389053,-0.35733124150547074
15015,-0.02579634790302139,-0.16125449687783355
15016,-0.8174681406463666,-0.3276787396557367
15017,-0.8638022706214098,-0.2606598937891137
15018,0.4137311088090131,-0.5118094517415489
15019,1.7026024095075134,-0.349597237389309
15020,0.10569104936223875,-0.46226521447138647
15021,-0.4656844475243434,-0.27072145174754486
15022,0.082543250764199,-0.43835884262698405
15023,0.3055095351799724,-0.5150727403577982
15024,-0.6294748848787876,-0.48343870719994836
15025,-0.7435579468000503,-0.20034708351573494
15026,0.25425276684018505,-0.4477264134385164
15027,-0.4672610920991578,-0.5495339015870427
15028,0.31072235695207406,-0.3841508252381683
15029,-0.05478769321924844,-0.5194987636961163
15030,0.8966991451297117,-0.15487491216280447
15031,-0.14198949222981433,-0.19923047731405563
15032,-0.47722608128370386,-0.43038082166415115
15033,0.20726867779088104,-0.5490766515697747
15034,0.14284170401747887,-0.5325778929172751
15035,-0.10601864702273753,-0.5167009639561547
15036,-0.027544931328075305,-0.41556773931181856
15037,-0.8147876301646932,-0.45507030183977687
15038,0.39975767678602575,-0.5078523677849889
15039,0.38546256772481347,-0.3528325271312594
15040,-0.4585961717791275,-0.40864425739790433
15041,-0.10262933482206943,-0.6283267879198312
15042,0.17326954061924363,-0.6316315096467331
15043,-0.41935638477462145,-0.4800458543669165
15044,0.06625064415935561,-0.6194237285077223
15045,-0.618737685575824,-0.4491050680657758
15046,0.25727215104022927,-0.38679430303245804
15047,0.24077971098094414,-0.43505965525953216
15048,0.6989789038773531,-0.1573964053571217
15049,0.005965783429061081,-0.5967269959407898
15050,0.10670557322124766,-0.6309747046077345
15051,-1.3016378891299838,0.15490612202112555
15052,0.2519034509672485,-0.40862600054317316
15053,0.2807591060500099,-0.32084353345396804
15054,0.17040556997188055,-0.5840426447954838
15055,-0.542286548603059,-0.45785591407974163
15056,-1.3027517314141719,-0.2053157903752217
15057,0.28510512214803163,-0.27868510167548693
15058,-0.40528988138048844,-0.10358924743807522
15059,-0.08712255055498214,-0.3304961267687134
15060,-0.3512751312443237,-0.24585289213807812
15061,-0.49010045405506625,-0.36182830835488045
15062,-0.2271950064140422,-0.4478515341736332
15063,0.2382080800621401,-0.34095798069015587
15064,-0.26554557912329324,-0.4682214973576642
15065,0.10347151623453166,-0.30671817769497706
15066,-0.7243656004992978,-0.2949825720390935
15067,-0.6954441241125701,0.13884240224097488
15068,-0.2780653304819579,0.27505795136524086
15069,-0.5066555870607262,0.04553755111266165
15070,0.3542607325708368,-0.31825409331023063
15071,-0.005733576208866532,-0.3673445791952937
15072,-0.315475734104439,-0.27635988088957547
15073,-0.32525886233295614,-0.17186137420971376
15074,-0.2979450178464095,-0.41629873901087294
15075,0.8517746568972742,-0.06391626961708599
15076,-0.4681184791175613,-0.39373495012801446
15077,-0.1463441190384118,-0.5490212305401965
15078,0.40398126435123205,-0.5064853898949585
15079,0.66710022263863,-0.35190731222188415
15080,0.4919801065771447,-0.14768492988814513
15081,-0.33565637463916387,-0.5646064409803067
15082,-0.5226860350491358,-0.4964199344517062
15083,0.6205586998256432,-0.38208155505439334
15084,-0.3154193338108009,-0.432438247247936
15085,-0.09007389359251483,-0.47937822437203176
15086,0.2628983631212327,-0.47827088636012693
15087,0.6145851040476765,-0.30621508894545774
15088,-0.3240644081513611,-0.24932402674750234
15089,0.2745416329491609,-0.5734647164385429
15090,-0.82788480326885,-0.3314787958614263
15091,1.0464170537757869,-0.013310209827325552
15092,-0.38302792792949203,-0.37329122281758004
15093,0.1431671218468235,-0.4983431337944709
15094,-0.6240648388548613,-0.18859093096845514
15095,0.6701666576256627,-0.4096960704545945
15096,-0.2390555050563345,-0.4041932228441534
15097,-1.0067093662060822,0.17516838655451167
15098,1.1719039919587193,-0.3778671207189927
15099,-0.5496583483326458,-0.42264357819978854
15100,0.12935612285785086,-0.41056103099204383
15101,-0.6256492185666988,0.22867512327700562
15102,-0.393898512659415,-0.40118584965289716
15103,-2.217197309372801,2.5765521398705014
15104,0.7568348791747243,0.21383715950158744
15105,0.42152551926781706,-0.16858284507585997
15106,-0.8019837407097269,-0.20775284008025915
15107,-1.5606210970445427,0.7046455040044624
15108,0.16746387756540076,0.27589923097870045
15109,-0.12385843121573661,-0.1392974859430451
15110,0.16767040059912697,-0.5110378382595329
15111,0.5214036704103442,-0.013166216974341666
15112,-0.7448891567499055,-0.11748570500630125
15113,0.2916734786173014,-0.41345606350772746
15114,0.060093663756079475,-0.4798806007747303
15115,0.6569527848450059,-0.3407583355863566
15116,0.4357147750544479,-0.4518549845994898
15117,-0.8862760964107592,-0.30550908982963976
15118,0.35487646400205586,-0.5129124946886561
15119,0.8005555134381771,-0.3033200048067029
15120,-0.97882060723638,-0.08001471875832308
15121,0.3073383583648961,0.13841910072757327
15122,-0.4073274612945308,-0.400826749598288
15123,0.5997083018360008,-0.4333519189006864
15124,-0.2663347450317306,-0.44934670362456386
15125,-0.5224607314504032,-0.36309447049865595
15126,-0.19659095264071919,-0.5594200527670491
15127,1.3061259244210164,-0.10570219480233314
15128,0.6933362267771612,-0.40400737293116623
15129,-0.2938360969761523,-0.5434568737924941
15130,0.27577478170716224,-0.5194865404072423
15131,-0.04118034098692907,-0.5288650434770036
15132,0.14525282920581542,-0.46315448628771055
15133,0.4140275883423441,-0.5931142836174811
15134,0.06577668584627,-0.4532816565721188
15135,0.09198099437593826,-0.49568713949275256
15136,0.72505055845109,-0.43800342934806097
15137,-0.38495892158177564,-0.529182939148679
15138,1.9953382585425414,0.0722872893129246
15139,-0.31184388316027867,-0.30556559878199474
15140,-0.8316097955237312,-0.368091587211919
15141,-1.0499178454502498,-0.41480954129651787
15142,-0.5610127141295613,-0.28014255110149805
15143,0.07003282183208376,-0.27231324279073177
15144,0.13875709272780337,-0.46891854434131264
15145,-0.07786020163247018,-0.5710935641264956
15146,-0.9476835582116798,-0.3794330355129745
15147,0.4089142799940324,-0.5062436507339304
15148,0.8476823285349806,-0.3372286478669375
15149,0.8906567902649865,-0.2909440947134166
15150,0.0869460647742619,-0.46875348050106425
15151,0.4099629778732298,-0.3926325142607161
15152,-0.02390956990490437,-0.23843050899264245
15153,0.0019318606003446218,-0.4426298701034593
15154,0.14034252575985884,-0.3478664007705083
15155,-0.7161251397740594,-0.40632424334717177
15156,-0.33143284167462495,-0.42424016240571144
15157,0.27100817154768087,-0.5404257633153455
15158,0.5634216242004003,-0.44554513821271796
15159,-0.5963363367244479,-0.48142562382086634
15160,0.20334424567516118,-0.5878174821187999
15161,0.5432199898884373,-0.45251104270529025
15162,0.28439535672377175,-0.3546511122504073
15163,0.26358989269009914,-0.4357792097367746
15164,-0.0869810557604983,-0.5587109289922015
15165,0.22496236643049322,-0.5419147708442569
15166,-0.18839430337270424,-0.5785601950573621
15167,-0.06258712191110752,-0.5711183216767963
15168,-0.3776639157308831,-0.2822882841932894
15169,0.4927061378254409,-0.45647518910778084
15170,0.6963008202467776,-0.32177537814805957
15171,1.242703496708629,0.4682366877448294
15172,1.2577040105215267,0.5533889236373711
15173,0.46348562816167943,0.8085337919583255
15174,0.44641039630793194,1.0372709934159943
15175,-0.7954067319166838,0.2633820122129641
15176,-0.18076467816404174,-0.3744889093804106
15177,-0.02154122300935825,-0.5579650436827217
15178,-0.1600273820661903,-0.2947803148949895
15179,-0.24353939574210592,-0.18301211954828422
15180,-1.176987931759683,-0.2057266752189871
15181,0.5795229229836653,-0.3228481743576817
15182,0.21363974382001913,-0.45960204944780114
15183,-0.12969329695093607,-0.025645817194592125
15184,0.15583124235894352,-0.5919911404209908
15185,0.15966602307493621,-0.5723672279370347
15186,-0.2949411974781872,-0.5402184792091482
15187,-0.054784097499917445,-0.42480106763612635
15188,0.4955647086139822,-0.44708284886344896
15189,0.06676644739239296,-0.48214893022202016
15190,-0.019700499761972287,-0.557929265177474
15191,-0.040095803810320976,-0.5548752662493924
15192,1.1913073512416203,0.1348682450066586
15193,-0.05246833450311308,10.91353446984812
15194,1.8323279310254255,1.4377624795746098
15195,-0.4927309434968412,1.1566144258712439
15196,-0.0941919007499013,0.38289244126366495
15197,0.3884822687199832,1.6730682079252754
15198,0.003113167974032844,0.8317788214561211
15199,-2.6147626579628147,1.9355756044454637
15200,-3.976473067372943,4.633317432731096
15201,-0.7419063351232676,3.147484697335223
15202,-0.9021069897310652,2.039556201934544
15203,0.4717856430621279,0.5202672102048678
15204,0.9451401082997618,-0.05356641376676299
15205,0.44359551007432374,-0.27994020239035866
15206,-1.0420935176485064,-0.11123603070386885
15207,0.19102668746759244,-0.2361483350180172
15208,-0.281908083771776,-0.4095502190517174
15209,0.5479172719975028,-0.4538095045207601
15210,-0.1344378874455384,-0.5298770650978976
15211,-0.30427171096453176,-0.6025516708959144
15212,-0.11287299574697382,-0.49869997109428327
15213,-0.9143236229720307,-0.2975829005889369
15214,0.6846863798288227,-0.48544861412565865
15215,-0.047114694953711976,-0.35572099127475415
15216,1.0828741974854832,-0.2830060995620501
15217,0.677647570496949,-0.35153169193973643
15218,0.007854454035410435,-0.3916081212896183
15219,0.1464681684268902,-0.5244860921810893
15220,0.5595094018017417,-0.1701430676040598
15221,-0.3058556832416178,-0.563639249873401
15222,0.8469123931341853,-0.2624973263283266
15223,-0.4542968896715275,-0.17537287127200676
15224,-0.14201065220134662,-0.42443863208316696
15225,0.567204482448296,-0.4545676535965819
15226,0.5351111518462314,-0.3386907021312297
15227,-0.9124663943800873,-0.15387353700970813
15228,-1.2453820812180618,1.50304972488064
15229,-0.04731171825464741,-0.34674718104293
15230,-0.9471028926807117,-0.40505765661115584
15231,0.07748471613265931,-0.6166975969744674
15232,0.09555311429430857,-0.3612882517649814
15233,0.8967590037671134,-0.44557437062866717
15234,-0.18488839679612074,-0.5940076176284314
15235,-0.2601850344649593,-0.5192514730710438
15236,-0.02331532820416827,-0.4505791672128482
15237,-0.15597505629526678,-0.6256364757474505
15238,-0.26408974845975086,-0.5594725796408134
15239,0.1141254766478563,-0.5359803478690708
15240,0.2210109688544974,-0.5906579124397205
15241,0.32780117071248854,-0.6068606824907504
15242,-0.036746357126568915,-0.5270697252120176
15243,0.17579352518194707,-0.6365198040006789
15244,-0.1332845059764707,-0.4644033819911465
15245,0.33718529208715453,-0.3539900703340261
15246,0.08458842246973244,-0.6030740428631558
15247,-0.3496167824539757,-0.4611645680281501
15248,-0.18563183778617387,-0.5715261537312817
15249,0.43747814183461664,-0.27621816121941667
15250,1.0368988997912498,-0.4689762818362803
15251,-0.19357686921179523,-0.4702618421091404
15252,0.3963707439979576,-0.48473233950392924
15253,-0.1286356089443392,-0.35590061642690557
15254,-0.046122170121455836,-0.5606752123109735
15255,-0.7183122811175945,-0.1821772762226075
15256,-0.2147179310838026,-0.5009522092616959
15257,-0.32363600388560954,-0.3318200567105377
15258,0.21246277171786104,-0.48437420750119714
15259,-0.13763987975455297,-0.515813045381792
15260,-0.6311478710131085,-0.44160846123932995
15261,0.03606927388101237,-0.5220621310103302
15262,-0.19109949154729095,-0.4864906717171018
15263,0.17652972426969135,-0.5194459455791142
15264,0.10896795873700324,-0.48210593353598397
15265,0.05145163983172059,-0.43762540284864077
15266,-0.05339230599814394,-0.45876729895220564
15267,0.1848746058651836,-0.5752460628407755
15268,-0.020514662870864547,-0.5240703187736672
15269,0.06276552276820435,-0.5241948682515752
15270,0.05484848901830362,-0.5743741308959444
15271,-0.1936323751677898,-0.5176335911414487
15272,-0.03935692549842266,-0.6251870245005335
15273,0.33888032027058645,-0.4582325934119754
15274,0.03592635177658944,-0.5986244686872951
15275,-0.8183102100360838,-0.4315981086892042
15276,-0.04373403585557075,-0.5221740888872655
15277,0.4375804787022051,-0.49484616764271516
15278,-0.5217619296319088,-0.4862096928317567
15279,0.13736922336260737,-0.3341908533414299
15280,0.005905021243713705,-0.5599505077743586
15281,0.29075092879531794,-0.4566538322545204
15282,0.14608987043032928,-0.5869044285623358
15283,-0.012879065550039419,-0.3500789660036102
15284,-0.2949884263687993,-0.5564273294849773
15285,0.04121881734036766,-0.5792249170158156
15286,0.30600570069015026,-0.4301437465468308
15287,0.4685128042312975,-0.5606166281372525
15288,-0.20510862814279757,-0.5154611104390596
15289,-0.04882060086503486,-0.5101154865626776
15290,-0.005876550194908681,-0.5626367830784942
15291,0.3048804910104992,-0.5624962113577738
15292,-0.25036175278219985,-0.44915803002821286
15293,-0.15362995753316822,-0.43844063343077366
15294,0.3639195709151864,-0.5272934997517051
15295,0.014823788239290571,-0.6371699422419946
15296,0.0314749236762569,-0.6172459476810833
15297,0.14996606286944786,-0.581319530452901
15298,-0.22073955568817238,-0.5707015484112856
15299,-0.5862684340452838,-0.3510302318370488
15300,0.29379420708524534,-0.5057070592020274
15301,-0.42018394475928955,-0.4140808815986488
15302,-0.891417328817164,-0.2185507715297503
15303,-0.03088794607694587,0.09370460290489327
15304,-0.14487232222539126,0.12795746882196435
15305,0.12303441107539259,-0.4721110291691765
15306,0.16615832206520806,-0.19212539213552438
15307,-0.23602845441325426,-0.5620097309731162
15308,-0.315372548437795,-0.6044425093713613
15309,-0.5165994113140897,-0.19766025856916805
15310,0.44843338686576706,-0.5425775253520205
15311,0.3846382844532339,-0.5541785537562229
15312,-0.060997180506308334,-0.6064436193889969
15313,-0.5246273896962607,-0.5490115313695935
15314,0.46711839526490784,-0.4319478125944372
15315,-0.2264204068537356,-0.5033092723777154
15316,-0.13213670215696421,-0.4363891684376749
15317,-0.38734861030811596,-0.5749184930137915
15318,-0.09874183096667338,-0.48748781435959365
15319,0.16957985530434422,-0.5798705040515386
15320,0.06895157091681112,-0.6030852874033634
15321,0.3551902600510922,-0.49425537218512233
15322,0.2468337206852779,-0.49893115771839797
15323,-0.029399687841255844,-0.5943695357432622
15324,0.03887835345144555,-0.618563318485739
15325,0.12670421942068966,-0.6272900156563858
15326,0.09498366096646227,-0.5730722532912911
15327,-0.07437824589022451,-0.5953501638989145
15328,-0.13229320436802788,-0.6087726220922488
15329,-0.1034554551529126,-0.6484106332569407
15330,0.16352131584499058,-0.6494607483376926
15331,0.09733282883420735,-0.5981871032758972
15332,0.5121246400681676,-0.4744785219359125
15333,-0.022900262345228274,-0.3241578541855386
15334,-0.3569105089875969,-0.5488156959780167
15335,0.4403983420820459,-0.3215605653530485
15336,-0.12546640983109056,-0.5954923375328595
15337,0.42929670614653914,-0.5939199560080257
15338,-0.01960150956438645,-0.4428548354092006
15339,0.3162690325251838,-0.45890472324083004
15340,0.31045930553948275,-0.3668685933196632
15341,0.08945140526615955,-0.5962125007149784
15342,0.05958249922380764,-0.5804057986151238
15343,-0.1237180116391357,-0.5182796588028563
15344,0.0012428920049547057,-0.5489672652736073
15345,0.1376188821927674,-0.6237151347802316
15346,0.6968070246824629,-0.5284830276501574
15347,-0.2820439042963584,-0.5105037881559649
15348,0.4661276276139161,-0.5119960632700962
15349,-0.2559210268966945,-0.4857850275005662
15350,-0.1165713172249983,-0.5674595313662054
15351,-0.45040142784277853,-0.44766069219683324
15352,0.10577595571144088,-0.6067946696712028
15353,-0.08736962292134212,-0.5766288800283271
15354,0.247087648591931,-0.6369048226477205
15355,0.1271369309239423,-0.45014210655611714
15356,0.2630324771051875,-0.556819537361086
15357,-0.071144741005563,-0.6364529059099662
15358,0.12220566033934635,-0.49586835350376723
15359,-0.27018387686702056,-0.5921847520750676
15360,-0.15450771265402466,-0.6323514046288204
15361,-0.16664418774293888,-0.6141748948788323
15362,0.00515008110612853,-0.42349390031809253
15363,0.024831406143588364,-0.5782814993184265
15364,0.4160626178787586,-0.4684824814310569
15365,0.4661510423991281,-0.21352684496173374
15366,-0.2523619664049795,-0.47216052932666847
15367,0.5607956787289846,-0.4815860297697684
15368,0.874406533053892,-0.1773384888753364
15369,-0.2516913233203931,-0.3898056732501092
15370,-0.16576960764367588,-0.557152040476793
15371,0.12794233966195953,-0.5830289736745904
15372,-0.08710319889649187,-0.6211664712568566
15373,-0.6237011422693253,-0.4578863732266822
15374,0.43937846122522695,-0.36043856038140515
15375,0.25755898360270063,-0.619422066758121
15376,-0.46836465560114915,-0.5477044202752521
15377,0.6142491890587547,-0.38678008885424026
15378,0.063598532727968,-0.5037767698679094
15379,-0.0022711220793508596,-0.6029454344631577
15380,-0.0601967848497881,-0.6334833204327878
15381,0.17598445378095706,-0.44529317299356674
15382,0.24375413229008516,-0.23482736923824354
15383,-0.273432667308375,-0.22915955051949005
15384,0.1716678462700272,-0.2551395988078604
15385,-0.08468461459521684,-0.13173579865322207
15386,0.09650279642567008,-0.5441592946345651
15387,0.3141629808532101,-0.19083516390606697
15388,-0.22536969042064664,-0.43159283842352264
15389,0.4221474514055382,-0.4152274461998137
15390,0.7174050628264781,-0.24746176287711422
15391,0.17726820078397154,-0.013798104994572461
15392,-0.30625614191371997,-0.275411488277447
15393,0.5749536797289254,0.0005653306487025096
15394,-0.5596763771582257,0.09544054527067901
15395,-0.35774712515601065,-0.18628022603538116
15396,0.7180808629710584,0.2869832854724084
15397,0.008046980901842242,-0.12496141653428548
15398,-0.27873263776269314,-0.3457084665621635
15399,-0.07404957433298126,-0.2635526403137046
15400,-0.34892376037007145,-0.41868474120079496
15401,0.06665335199241187,-0.4670709908914397
15402,-0.22340079109411992,-0.45576372857394903
15403,-0.36445491457589435,-0.4044373863786325
15404,-0.45224768802422993,-0.14837210633740702
15405,0.5216242237292759,-0.4027836730082433
15406,-0.7426534195645782,-0.32208541744928015
15407,0.13295383926970417,-0.4939435313081328
15408,-0.08234525300133502,-0.4232392359026031
15409,-0.22145840743632583,-0.4054408413731282
15410,0.48436520256776977,-0.4284365261775643
15411,0.07995962031688561,-0.4394453686609038
15412,0.2736406940223,-0.45189617490493245
15413,0.7267002720928519,-0.17418501261466945
15414,-0.15700196903105834,-0.48812341219621663
15415,-0.39835267686615605,-0.4560572061793141
15416,0.21358782588700118,-0.501683561724517
15417,0.027610167820904287,-0.5943649224180645
15418,0.7196625688270307,-0.43044305291624485
15419,-0.3086640632364285,-0.41508863071878327
15420,-0.15470224390730106,-0.43082422064172016
15421,-0.0880020405261264,-0.4345788965619859
15422,-0.269037377509381,-0.4888395294125226
15423,0.5301775998156556,-0.3535012668164796
15424,0.4655136458629192,-0.41723005406779345
15425,0.007745893551895373,-0.43146320514137443
15426,0.4633164437707281,-0.3193718506832001
15427,-0.05165266380509157,-0.364564335639282
15428,1.1854265699980857,0.03897062538693838
15429,-0.20338254236679681,-0.43222735955202224
15430,-0.9639756398310088,0.18758491019305387
15431,0.003434832223628344,-0.2353227442149683
15432,0.40338702660597514,-0.3894633305305096
15433,0.2850350358310381,0.3320018742340003
15434,-1.2766035553403863,-0.1133000742125007
15435,0.15505646452332159,-0.04120792353480041
15436,-0.20735215706736634,-0.4377582869548354
15437,0.10596232351059709,-0.19260947956046937
15438,0.07254521206919137,-0.22819924834015334
15439,0.09115320421661285,-0.30673144157558374
15440,-0.273986268610817,-0.30266657366358346
15441,1.4097997324045528,0.7178969162784722
15442,0.5645331260365086,0.08357147341146495
15443,0.18029018488073678,0.6446514477184294
15444,-0.3314144976045931,-0.05483985726193892
15445,0.14035002046530654,0.5685649904952975
15446,-0.5734008324635596,-0.27044006590539793
15447,-0.5382314824130804,0.39228305838988736
15448,0.4309193209367346,-0.39513756808193
15449,-0.4361825441275056,-0.24394681349260913
15450,-0.1832908491971847,-0.13769416906537799
15451,0.14346826028396525,-0.3742914863589287
15452,-0.13542711972280863,-0.35091412964132496
15453,-0.5194035979714924,-0.39625547569624786
15454,0.5452428888673876,-0.32228106135381634
15455,-0.7692573046495401,-0.14564627608873906
15456,0.824264282557806,-0.4328343169209135
15457,-0.04943978978154192,-0.4982049947215837
15458,-0.3973285912751118,-0.4011435184565517
15459,0.6270390307744117,-0.07491481759816683
15460,0.6140306956271537,0.12228102099506513
15461,-0.3291879466782746,0.7916232160090517
15462,-0.3261968444396239,-0.32642101184831174
15463,-0.011661363531741166,-0.29325252532231083
15464,0.9663138396856706,-0.16650412084461405
15465,0.42093909926243767,1.2765972172415623
15466,-0.576894387830651,0.2450109170839437
15467,0.8808213863976363,0.10828972119071147
15468,-0.03715640344187145,-0.14793487589059584
15469,0.013881595287745942,-0.4994655112016801
15470,0.7397060908772036,0.2117018337024996
15471,0.061202780048512824,0.22397275408370348
15472,0.5829142924444561,0.19287119770669137
15473,0.09927073569889927,0.14128047488136922
15474,-0.28272213554771236,0.007729283614367227
15475,-0.8793471115913826,0.8834818151224542
15476,-0.12144518301629215,-0.37394145654287114
15477,0.12571309398685374,-0.2262849574614076
15478,0.5453734538961565,-0.21959918432492734
15479,-0.2392202484671419,-0.3751599104916427
15480,-0.13519229663779653,-0.4004470195945558
15481,0.7528436738387357,0.2905268234232271
15482,-0.1257762111932724,-0.22036298004340288
15483,1.4916708813980386,1.4424884929717816
15484,-0.6406919738201415,0.1477602092306229
15485,-0.4187478170971775,0.3582572931276165
15486,-0.9425965480236759,1.5868545307327688
15487,0.943363293922035,0.7452979511182295
15488,0.4716865618446317,0.23266419388841827
15489,0.6963026671734747,0.5207220066016166
15490,0.0849094284120385,-0.021650348397122307
15491,0.10738974616008998,-0.015593065203830218
15492,0.6984957994118458,0.7251120321263322
15493,-0.7487277847728859,0.4116675006360992
15494,0.006398030636519593,-0.05308888246162223
15495,-0.5234653888122427,0.30152490617445943
15496,0.6896978072956867,0.08449381914114429
15497,-0.7929259507199853,-0.0709564575116632
15498,-0.2484826611326167,-0.24636866483804126
15499,-0.22225235024235818,-0.06359258304381234
15500,1.1766257645805396,0.1204471135780472
15501,-1.1162926724705728,-0.26858603887544164
15502,-0.309136064757104,-0.4122373213189819
15503,0.21736571660422824,-0.5137363032661917
15504,0.39918828296288306,-0.4102093739117428
15505,-0.14706551009961485,-0.5015379417943763
15506,0.7812453135669611,-0.274528545051395
15507,-0.9338004273298139,-0.06598083926985028
15508,-0.27722556986916236,0.6863436624545891
15509,-0.45214392199625514,-0.345059387606342
15510,0.11325709155201036,-0.4083259815300331
15511,0.0028812241411535974,-0.3888488233810921
15512,-0.4024132538447273,-0.40646865474908794
15513,-0.4494725660126641,-0.22889219120569088
15514,0.36140482776527716,-0.4541209388043033
15515,0.6417775253621311,-0.300492807302993
15516,0.33899351206861067,-0.105508371932287
15517,0.2911701207553987,-0.37328443382860443
15518,0.3778412431589351,-0.4400284924445436
15519,0.29991717988498817,-0.03584038049226326
15520,-0.38150383758425144,-0.41773208862558736
15521,0.13915531677713894,-0.4393907112416246
15522,-0.46258385919677036,-0.44801333549107
15523,0.0012005311563518962,-0.331192314096832
15524,-0.5296281350624141,-0.48892500729012434
15525,-0.11684865681300927,-0.27133633658039086
15526,0.02274880883625044,-0.47607451350120233
15527,0.354913161806107,-0.17246902413164417
15528,-1.0877308800985586,0.5691138102264724
15529,-0.5897973218331367,0.05648019327493745
15530,0.39090512979518144,-0.021214157701749625
15531,-0.27383023004395424,0.2980868985477156
15532,-0.8613743142544734,0.3947168546572822
15533,0.41550276472940967,0.26165900369041467
15534,-0.4910131577732198,-0.451924599103169
15535,-0.6586509147643285,0.0826175354898885
15536,0.08622353423493662,0.03497227482680249
15537,0.34989221291334804,0.02656446860662545
15538,-0.5790816672965373,0.005699750515159102
15539,0.2908349234800701,-0.371523703015785
15540,0.4181669305732907,-0.04733076030065408
15541,0.32715759622738594,-0.19828643685376451
15542,0.5129297397462331,-0.12827520829586253
15543,-0.30223042856454063,-0.3187245664767522
15544,0.8479338035425794,0.09764816178193009
15545,0.015077693900153382,-0.39838172270766237
15546,0.2516951712305871,-0.16772715726661688
15547,-0.5479236064081037,-0.12206736656046376
15548,0.1626511665512384,-0.34920333515640595
15549,0.06223078002454157,-0.4238866274280175
15550,0.9461736561689466,-0.2995418136792331
15551,1.7756784562828372,0.7679517469404972
15552,0.07266000541532633,1.412861334849379
15553,0.8093262572931144,0.39585309403691815
15554,0.30712081097363797,1.4138478133453678
15555,0.3504369251325477,1.0794457606952605
15556,0.7874840566349861,1.678616064397147
15557,-1.3163055678550677,0.7675559141000612
15558,0.2542053595877089,0.7840109462889037
15559,0.28353778201387836,0.1945252292574885
15560,0.14681384974471676,-0.2631606131833739
15561,0.06060412179738051,-0.23142540255034436
15562,-0.10801363157301869,-0.12776673417800422
15563,-0.24763817716262776,-0.03183940373391486
15564,0.21176174028351236,0.03300637504551974
15565,-0.3202703609676129,-0.3528641810850261
15566,-0.01800536435118051,-0.20959527581761936
15567,0.3380516552219286,-0.008530043675450011
15568,-0.9968097882142712,-0.18400966496726068
15569,0.6926927335292132,0.09631702206457815
15570,-0.4301639396675431,-0.2600569405336403
15571,0.1431282729179511,-0.09044347459489856
15572,-0.08795056439362109,0.04918470967190052
15573,-0.3236885325756579,-0.43111789338038253
15574,-0.48765289646527665,-0.26491886551213323
15575,1.3547119731033663,0.5512251681259676
15576,0.2747507173873867,-0.04898806647054351
15577,-1.3653361018154886,0.6677073759555445
15578,0.1548782797348413,0.35911650321376376
15579,0.22738837421699748,0.5273365474637881
15580,0.08404184513580559,0.16646401481726636
15581,0.537288312934299,0.7706108733105361
15582,-0.12172977058224801,0.0963434552661938
15583,-0.953273403195428,4.5428188947311225
15584,-0.9499147009931858,0.7370123783904462
15585,-3.062191826794145,4.213396932096555
15586,0.8861764700931779,0.9333885375155551
15587,-1.4744910596437821,1.3848812554272498
15588,-0.3507086272775598,1.630798542567534
15589,-1.7147442039638037,2.177659212711988
15590,0.5822296655283841,0.6538645378946341
15591,0.5399662654961476,0.23403421872025038
15592,-0.6597644048820445,0.07249996645008397
15593,0.3467197637007337,-0.42780584789650133
15594,0.01704797196796332,-0.4076596750391984
15595,0.7700090893448905,-0.08133934572161057
15596,-0.8815661273126789,-0.10870667579412183
15597,0.4211367720528938,-0.06820568286261505
15598,-0.07126948241840489,-0.4504106306138447
15599,0.19863177897005793,-0.4501689075876314
15600,0.6556909333577652,-0.22498109236399322
15601,-0.4872971351329075,-0.26378460762719574
15602,0.29298050941136156,-0.5075308496272178
15603,0.3597614477046981,-0.4131895659482887
15604,0.30206294260344957,-0.4506528654910626
15605,-0.08293196303891523,-0.40265955937141923
15606,0.004437133908249591,-0.4619445848619743
15607,-0.5056267747761455,-0.5142172836729418
15608,-0.4121123167456445,-0.45538649522095215
15609,0.3011429060385654,-0.5043623318106252
15610,1.1685633591268219,0.13187285423386025
15611,0.484615597765036,0.19181061808176902
15612,-1.0663463419533228,-0.1295781369832514
15613,0.25163201861153484,-0.49207881823898453
15614,-0.544297079360695,-0.42721802415738064
15615,0.7215816606704712,-0.432669351317157
15616,-0.18491621066501573,-0.5201620678247693
15617,0.6571111520376883,-0.30115554861551136
15618,0.22564619899364707,-0.3363566219157164
15619,-0.20608447572116081,-0.4585888497981766
15620,-0.49328408122622774,-0.33982176103946515
15621,0.23905858405043903,-0.49311881476210523
15622,0.09057138543671933,-0.29323843578045544
15623,-0.38159816984208383,-0.4354756375311502
15624,-1.1932474658004677,0.24492146418998298
15625,0.5814132572882205,-0.2407683309664187
15626,-1.1208820535060364,-0.13008976037235304
15627,0.6881231849660712,-0.23716959317444875
15628,-0.2248462594081096,-0.3021353267913509
15629,0.40427918118882933,-0.40854335034443723
15630,-0.19473496299780998,-0.2990294849500216
15631,1.2217932026675862,0.20877931172449785
15632,0.30427140570381495,0.6823844611283321
15633,0.4582318355507249,0.014683869448501561
15634,-0.2707786504131976,-0.36545012017853556
15635,0.127046310124108,-0.4804102017093164
15636,-0.5000605184738718,0.08108277126515888
15637,0.29586715679970543,-0.4661335565665769
15638,0.2782592729538832,-0.4029342671988211
15639,-0.27583522625290346,-0.5427145982909037
15640,0.11741034221333507,-0.40702041616000395
15641,-0.5812346430268287,-0.35682627194610833
15642,0.3157613200124476,-0.5596931549177138
15643,-0.22842915042775613,0.01646211964537067
15644,0.16965251990401348,-0.21669648098156158
15645,0.39838611461501006,-0.4527537986824942
15646,-0.4487818034126996,-0.2308580725265824
15647,-0.23315218444357272,-0.4058085442288615
15648,0.8125530643562842,-0.36285673829389953
15649,0.42997361908725107,-0.24987903789780855
15650,-0.25399952245171314,-0.2321518695540131
15651,0.39685718370296885,-0.19296178809431422
15652,0.9970287020452323,0.8116440575018227
15653,-0.15064418853899253,0.21484569808821627
15654,0.5880948301253005,0.14876875459700137
15655,0.5739133091233665,0.3706519884117374
15656,-0.4259887566425137,-0.1311518915062366
15657,-0.6054052935618418,-0.3125251671455704
15658,-0.3506471807166343,-0.45226368353061897
15659,-0.502622116766069,-0.16304184092624036
15660,0.46502881895109904,-0.2182019233737842
15661,-0.22911743807897006,-0.5073352507532708
15662,0.11556875278051165,-0.436579422752741
15663,0.023005144747477065,-0.48299092213434025
15664,0.017299270804387215,-0.39348026357401683
15665,-0.01897677297220595,-0.17283953171998453
15666,-0.4287840536112323,-0.03854158331974873
15667,0.42009524939951753,-0.2514432867029023
15668,-0.10428418606188444,-0.47187067356843276
15669,-0.40710994696519753,-0.2657161946344957
15670,0.4768148423250754,-0.4297739600517792
15671,0.3626089958554401,-0.3711610172874794
15672,0.6585014582854738,-0.03705595974496718
15673,2.3958803773739357,7.758101997338311
15674,0.3354243976361397,1.0048989976576161
15675,1.5449039000360816,2.365811816006862
15676,-0.1309515953335876,0.6017886525478278
15677,0.9299867434665028,1.3139581387093446
15678,-0.029702615196787827,3.3814574561443873
15679,-0.24432558972793197,1.4235377753054446
15680,-0.25853748294572104,0.4161106198375534
15681,0.21629520568947272,0.5896838951308079
15682,-0.46367044191281104,-0.13307109428658934
15683,0.5354455208077181,0.7474498705591779
15684,-0.9578454388804925,-0.008031069392943865
15685,0.2025077625138138,-0.1940984161412965
15686,-0.32655908781290155,-0.06011832456975532
15687,-0.7093050990955462,0.27972699325678246
15688,0.16214498989477732,0.22486706392020991
15689,0.09584948118671274,-0.021407214393784874
15690,0.9593459974253868,-0.18295694439680765
15691,0.33022158659001705,0.37367355869262825
15692,-1.963752583913271,0.5068335511129324
15693,0.8044923477166952,-0.09408554678982974
15694,0.28476881857279296,-0.41292034272873285
15695,-0.004463278689061878,0.08903696961452652
15696,-1.3561370345036727,0.1861330722086662
15697,0.41898943713899467,-0.4294648498831061
15698,0.37860392081742344,-0.38557525021935607
15699,-1.113789794547411,-0.0953962656851528
15700,-0.6364568134781454,-0.26442658674378006
15701,0.2462384960393461,0.9223441873751176
15702,0.10498623382751318,-0.04140657972272841
15703,0.46663123321796623,0.17010237956170912
15704,0.19866654534608552,-0.5319067149991753
15705,0.06319148992565793,-0.5192145669572644
15706,-0.4391620045404767,-0.4430262233142311
15707,0.6236818594658987,-0.27892709033894564
15708,-0.05117763981870769,-0.49447362248564214
15709,0.25273541081578027,-0.517370180349981
15710,0.2467348167097139,-0.4876636801536369
15711,0.41975825077148166,-0.40365306833218567
15712,-0.000388869231998025,-0.5378305095190632
15713,-0.46863503727581474,-0.4938705258920557
15714,0.32138490468475617,-0.3591449015129924
15715,0.19915779949577705,-0.505459162766825
15716,-0.38197204655989486,-0.44238546218305175
15717,0.1300734972000981,-0.48359888772748527
15718,0.4202806990857908,-0.0023798630472819334
15719,-0.49660494046795156,-0.32966979700708565
15720,0.08561136976201253,-0.2594155209948509
15721,-0.3679360356733301,-0.3718484352220652
15722,0.6917841367208526,-0.381062674176676
15723,0.7398527470850901,-0.25860486393313764
15724,-0.3924587806625593,-0.19972307431376427
15725,-0.1998382244530165,-0.41489260120763227
15726,-0.05208208029816247,-0.44984968095863903
15727,0.3177445445319814,-0.4490853040393122
15728,-0.8655139634445641,-0.388503532233504
15729,0.3854322176415692,-0.2968488445280816
15730,-0.48572080353674324,-0.46261452032143124
15731,0.42688054568290557,-0.4284364691384957
15732,1.1742767222986474,0.18806261779067254
15733,0.035961247433666084,-0.3650756524687757
15734,0.6414102346534065,0.15969867570314128
15735,-0.8058264636000214,-0.026103963100760307
15736,0.08807848070774965,-0.1620572495509198
15737,0.09292310533965523,-0.29571646307208355
15738,-0.18352129514935397,-0.4803657863318521
15739,-0.5816763215274023,-0.2579499700021299
15740,-0.08837141166025303,-0.03428161607469295
15741,0.36766665666387993,0.4154049402633786
15742,0.14728700429315567,-0.2878556280618133
15743,-0.2598456463564541,-0.44280219507016805
15744,0.4119792083772213,-0.2929166126490677
15745,0.44378973028033586,-0.01386428482522256
15746,-0.1475382193451215,-0.38170131278961966
15747,-0.6099053189829423,0.10586092001743672
15748,-0.14255801797704806,-0.480066669858437
15749,0.4780897163715737,-0.2926282259619193
15750,-0.14856178094334094,-0.415474567644591
15751,0.04045777171726842,-0.4380068107661696
15752,-0.01816664093896256,-0.47806251712313
15753,0.14885169302298948,-0.20994181695586692
15754,-0.17303028685535413,-0.3585724374396503
15755,-0.4724225309318365,-0.37620358108693197
15756,0.1698753176597751,-0.3737149307013069
15757,-0.09626337491277498,-0.4435346118474966
15758,0.12519280207737787,-0.47943485154624793
15759,0.25440865208716135,-0.3589523786389613
15760,-0.09346996438464203,-0.4797356597504998
15761,0.20123713578401708,-0.382260989730756
15762,0.3461969101864406,0.10379553869898386
15763,0.1351493842513129,-0.2237826022029451
15764,-0.6168346902353941,-0.4868564220610782
15765,0.02889540719297448,-0.08283033988437143
15766,-0.12776974032333877,-0.21603041087134
15767,1.1365782956399002,1.7716490076394047
15768,0.7789755000058813,0.9039702676640567
15769,-2.600728579081331,10.393095542047021
15770,0.2680880308604042,0.9223246753675297
15771,-2.070589178094331,1.978344939273198
15772,1.0391020962040014,0.8732259732067843
15773,0.6649729315174567,0.6152151919915504
15774,2.0633112085854157,0.6320651989966363
15775,-1.7521746247952934,0.4155321107655924
15776,-0.20686647371624184,0.2912699560950927
15777,1.2651332165636389,-0.18596459897910847
15778,-0.3166515474225609,0.19951123642847518
15779,-0.30936094938886605,-0.29823401273419026
15780,-0.3654723138368821,-0.4024808945157466
15781,-0.28960959462395036,-0.5020973482036133
15782,-0.3873171158609542,0.040928395769945454
15783,0.8649419058069318,-0.09921603903802279
15784,-0.35800772208179743,-0.2891155697540847
15785,0.6834696436925931,-0.32692638435280647
15786,-0.24826513207477371,-0.3469840835779806
15787,0.20392749314887632,-0.38192088745024294
15788,-0.15068110475060043,-0.5733854234145679
15789,0.655622017426906,-0.43011732887807685
15790,-0.0662563808858321,-0.4566819595300558
15791,-0.6055055554934493,-0.3692975837072639
15792,-0.28278697505515105,-0.02081269465928393
15793,-0.0014285048740724157,-0.5685052178926109
15794,0.11501833691731675,-0.5361820838608145
15795,0.01992392742615755,-0.31368345629569644
15796,0.45403768199666955,-0.519283638161539
15797,0.18766886811725014,-0.37225349491635396
15798,-0.02855886963609196,-0.46717569322849883
15799,-0.5584736143807124,-0.4262858040535489
15800,0.023744904172366747,-0.3793248737098782
15801,0.1285885131482052,-0.46597250490064274
15802,0.1414136606018721,-0.506801497547509
15803,0.18287329765944177,-0.4046258717084598
15804,-0.026945280166839697,-0.5682521680278194
15805,0.37534741065831123,-0.37111048640815336
15806,-0.07377035713022484,-0.4400221956251037
15807,0.45205480745839344,-0.3672769571630021
15808,1.3763259784800836,0.3311302117609121
15809,0.08362492421229953,-0.3013020761815218
15810,-0.05643865501466747,-0.3184931413968006
15811,1.0810255641834092,0.5983344103014162
15812,-0.3039067811346604,-0.38531937425176715
15813,0.2048023112258333,-0.25969882530885047
15814,0.10260255360231024,-0.04040044636615878
15815,-0.32453087386349816,0.2740566634427937
15816,1.1736776334180719,0.12183538206253834
15817,1.7946592650667261,1.964880881164727
15818,-0.8141146912738759,2.2093104075935863
15819,-0.04722848174464431,0.565654051437282
15820,-0.1564902782710812,0.502644381013085
15821,-0.554448834768428,0.1938380451735657
15822,-0.7966854721837371,0.2552664143385824
15823,0.4794313915885084,-0.4050621953041647
15824,0.035035290541994564,-0.3383937124896141
15825,0.11709283282499755,-0.1912934313437345
15826,-0.4923116865176761,-0.03441964302123079
15827,-0.560666269618091,-0.35621219763586237
15828,-0.14894835428709685,-0.26555222403673256
15829,0.1030092639790871,0.15346991727646245
15830,0.19411840803385952,0.22813184654302832
15831,0.0058642303503115625,-0.36140421072614953
15832,0.690210111720647,0.28738761121387263
15833,0.161353442980611,-0.19523173330835877
15834,-0.06087717603353823,-0.32911343472573423
15835,0.28409573052080306,-0.4112485815494617
15836,0.21833533059483096,-0.3092881410152044
15837,0.24501255408436307,-0.04016921013672293
15838,0.22654044679846047,0.38133710942283683
15839,-0.6983461720971975,-0.00028645087356559686
15840,-0.10989984074137482,-0.06319874176532483
15841,-0.1236583736290911,-0.015182553457870536
15842,-0.02410113898159612,-0.30637324377004627
15843,-0.06404604618194679,0.1650914667524632
15844,-0.31436189992018804,-0.4647548311706814
15845,-0.45526800470861234,0.17250443956158965
15846,-0.2768439177380525,-0.2083781067773124
15847,-0.17239373926674129,0.10809779133068456
15848,0.22276948480109174,0.02352502619089457
15849,-0.19507941476426205,-0.4754764466252635
15850,-0.03949845408973152,-0.5568934106360779
15851,0.30877521840444955,0.2254579629591849
15852,-0.32071317773094704,-0.30163277432909386
15853,-0.4353753154563285,-0.04302095318328182
15854,0.43774551827420405,-0.08196691848902513
15855,-0.3857201877720459,0.01789822843699758
15856,0.031472192076062847,-0.18992415812399133
15857,0.13200824387516116,-0.5819990256417455
15858,0.06389187783104672,-0.507247763939136
15859,-0.10415993148290636,-0.2584637413936476
15860,0.5881995646381111,-0.2289830701128799
15861,-0.5143986335831301,-0.2812882266436154
15862,-0.42158803239981846,-0.28179679885050146
15863,-0.49006192126046233,0.8240723617095331
15864,0.8824255445113408,0.2549689070707998
15865,-0.0867037302666718,-0.2533273378227914
15866,0.5133317021953538,0.1444926748817363
15867,-0.2595975133785546,-0.2660011154232764
15868,-0.04335854315715388,-0.3399640479325688
15869,-0.14428588134636283,0.006632499087820625
15870,0.7203829328844131,0.01934226453720536
15871,0.11599304104798899,1.6021419081041726
15872,0.503877085490382,1.4900713392643663
15873,-1.485339197452376,0.1862778608188673
15874,1.1762775252309563,-0.3835877052755385
15875,-1.0524434243363343,0.030399876238086865
15876,-0.021622250536568997,-0.2589161935852523
15877,0.4043405096013287,-0.36149227806772694
15878,0.20754064843150705,-0.15981163464315626
15879,0.5316884393154322,-0.20555330585391193
15880,0.5328843995389618,0.07059741926286743
15881,-0.37839765447135154,-0.21168617132426776
15882,0.6382300437359779,-0.21299010832291676
15883,0.2322279862897204,-0.12909249026466726
15884,1.2290676214068188,0.7724122273596326
15885,0.5089527439634256,0.9011788332335727
15886,-0.5142636846424481,0.6803127335824137
15887,0.5031163738876134,0.7432145463842647
15888,0.7805397523344599,0.8361333189357171
15889,0.7131075115941587,0.6843786987244744
15890,0.055514923797828526,0.083151249915858
15891,-0.7083657487356584,0.001373107830860829
15892,0.6174845949207226,0.0596922972758933
15893,0.08409687483956277,-0.1295171591997645
15894,0.42929273218348885,0.06989935982696119
15895,-1.0312546520725283,1.4678172985783249
15896,-0.597872028690323,0.8025712409183821
15897,0.597612645263859,-0.01257454970514843
15898,0.05278179687923082,-0.1321971849296051
15899,-0.3714683273610354,0.13865732135060585
15900,-0.2669154264299969,-0.3921622441354166
15901,-0.3092175373121067,-0.4397281531678418
15902,0.13362921704609862,-0.2619828154798692
15903,0.9830427733354021,0.18929883936817374
15904,0.835506270365882,1.4211443497326843
15905,-0.5664118326068273,0.22547914169022787
15906,0.12394306026635143,0.17476698292427992
15907,-0.5981520185003188,-0.15778576970461744
15908,0.645663328283847,-0.17067258711580596
15909,0.04364541201650817,-0.3911867441106771
15910,-0.18399254058760078,-0.3490071158419518
15911,0.07722260140990886,0.40616933615429984
15912,-0.32584835603999085,0.22788998315116327
15913,0.8324520024171778,-0.04179454024172306
15914,0.3812211263446148,-0.1409781011520222
15915,0.2211810502376493,0.3443950696725777
15916,-0.3815535000360363,-0.21851392421202825
15917,-0.3699940623039741,0.2529850339093564
15918,-0.754445976658747,0.25678523010600357
15919,0.7376241373697776,0.028122036847703678
15920,-0.01204768945230792,0.05610804165483499
15921,-0.0757269368204779,-0.3008176792751298
15922,-0.0332510217325719,-0.04213235148118929
15923,0.1170390316798508,-0.29138048364127006
15924,0.18471927832908927,0.10349189967036712
15925,0.23011531488973544,0.4079842384995399
15926,0.19011513170754785,0.3355869407334821
15927,-0.2558058796806741,-0.08529186729525433
15928,-0.3383205646301895,-0.1752349026016253
15929,0.47327581727916945,-0.4556296800753754
15930,-0.25904020774498626,-0.16650831284395046
15931,-0.14686946376176346,0.41123667597443275
15932,0.18292917699241923,-0.2751070001493414
15933,-0.11886669921166579,-0.24767154479825348
15934,-0.057439489615238266,-0.12110687785685324
15935,0.7712427527681249,0.4598228544178851
15936,-0.28874506627041896,-0.4170526111598783
15937,-0.1753980979816755,-0.36802503495489425
15938,0.2301717633408954,0.05195698179538812
15939,-0.04577211788577175,-0.06266315397252438
15940,0.13581986063113538,-0.32818205646252285
15941,0.23463500259822806,-0.5237122790787233
15942,-0.2522705186381273,-0.5073703872061684
15943,0.2760214146099641,-0.2674902440768233
15944,0.4719611220025011,-0.24034677045693423
15945,0.5077823974344086,-0.1353692769299242
15946,0.1691397268263143,-0.17906827237799056
15947,0.12196199886451534,0.9629183750123682
15948,0.33848407007859604,0.07490488365612699
15949,0.3296514291658431,-0.00947403180705956
15950,1.169344815319341,0.28242400967960385
15951,-0.07632560670535557,0.6662945790255058
15952,-0.02009950832071027,0.07332417719738278
15953,-0.15900855310594075,-0.1599261357200523
15954,-0.12436305289692709,0.12857625513148277
15955,-0.9968178207312028,0.08868952693204149
15956,0.5886897809715992,-0.06313954567649484
15957,0.5441741603672212,0.12924757960652716
15958,0.21267361412540814,-0.14998968703300675
15959,-0.5203436596788712,0.5083656709254691
15960,-0.3478796878819137,-0.21230725413634216
15961,0.8265155608934309,-0.18228579066459935
15962,0.05199398515101566,-0.1900339769358793
15963,0.031606840501623414,-0.05249103816667395
15964,0.4878201831659512,0.02451771683432131
15965,-0.4999596611780619,0.017889471669999116
15966,-1.7964221535842504,3.005360930190401
15967,-0.45663795084797776,0.4970871215298929
15968,1.2207678237353536,1.1242604526922642
15969,-0.4407725101806664,0.4434589358641851
15970,-0.38247227206123374,-0.2065201343239556
15971,0.9786149504228172,0.10460705028322796
15972,-0.5034833813031837,0.2169447380547176
15973,-0.7681430413819565,1.011209958499646
15974,-0.1558186184973608,0.12179356215310984
15975,-0.5957128168903206,1.0524155214461848
15976,-0.31234051755333775,0.6455395440222129
15977,-0.9037824032683146,1.5298332242643307
15978,-0.9904845598620001,1.0588515393822961
15979,-1.9648005916533875,1.2649697640251727
15980,1.298027701387722,0.10962207441630506
15981,0.8620583096518852,-0.04129797221935253
15982,0.07883359254137925,-0.3885171941003574
15983,-0.2608712622449708,-0.02575110062971234
15984,0.4162645927460884,-0.4341251385827987
15985,-0.19393062578082487,-0.5241209088696024
15986,0.159963021899937,-0.529817222471565
15987,-0.12462468707773591,-0.5035339334893197
15988,-0.09950870210115681,-0.5058666664057835
15989,0.2533951358541203,-0.4725193115829212
15990,0.1477316710238785,-0.48649200291399225
15991,0.8463412020021368,-0.18451108780730235
15992,-0.3145234669308151,-0.3979608434019415
15993,-0.19213167263732345,-0.48228680486464515
15994,0.30895797233945244,-0.4943064273279113
15995,0.4098052759041,-0.03885329044546048
15996,0.35624994282128936,-0.4819396506436619
