id,Y1,Y2
1,0.5564819127815536,-0.19963640104643549
2,-0.20470578642669934,-0.5558050521062511
3,-0.2775178184767891,-0.18176271681757883
4,-0.4824199560766953,0.23606316369164546
5,-1.173713297703301,0.4747773796202008
6,0.4525956185603582,0.45377048093939854
7,1.5058161554001641,0.6670698980472531
8,-0.1031856330654388,-0.22714024992819218
9,-0.9839614464692248,-0.08904581371592084
10,-1.501734424955423,-0.34315552909171737
11,-1.5464353851718726,1.2100595198877717
12,0.15676927027094176,0.023570393068812277
13,-0.8473337047744586,0.6992501214496295
14,-0.3694505380885971,-0.3182283351376432
15,-0.089012070175706,-0.14278294529809293
16,1.7724916407162192,-0.25917295866812123
17,1.1524603654935541,-0.19347059557390708
18,1.5117731628908233,0.4433749204604522
19,-0.5377329723932118,-0.0722924923119756
20,-0.8647560285916671,-0.1763817683009513
21,0.9017866226690134,-0.19792449437853774
22,0.9738373771997011,0.3633031807464353
23,-0.9861193500767378,-0.24949973448138033
24,0.8735333072392178,-0.45067228753358374
25,1.8849786332266536,0.8577805338838793
26,1.4681300205114427,2.8446707128783264
27,-0.7445596285227668,0.6176642261512575
28,-0.5439487711944535,-0.2183042690283216
29,-3.2771727232856023,2.3722865196672505
30,2.8416723004495132,2.4548182418962705
31,3.4790530535469917,1.9975915993079925
32,-1.7057897342581843,1.4792820987092108
33,1.7278258429673443,1.7271285922990125
34,1.310454993541083,1.3987442474727263
35,-0.12317832231450239,1.0245944726976008
36,0.9968841788620295,1.3219949605086336
37,-0.6710452191821207,0.3754112055320677
38,-0.4173823777264808,0.15340000227225542
39,-0.5022854255226665,0.18704375658621017
40,1.6872230019023755,-0.4499887247986159
41,-0.9526323853882093,-0.24731017462070767
42,-0.49582177571232905,0.24345832913603538
43,1.0920722082761887,-0.5662423816131921
44,-0.7205718708475746,-0.2502267063256533
45,-3.2882310456302326,0.453777899251604
46,-0.15480667726518899,0.46309015981648466
47,1.5851053484119482,0.1524279105509159
48,0.8882581796853409,-0.3193970379231677
49,0.4731785472163508,-0.14477999294777105
50,-0.44109631835681706,-0.40058041619709855
51,0.5107741676854216,-0.27424296082438276
52,-1.6873904407207272,-0.425685454308651
53,-0.5104262514014132,-0.497269538381784
54,-1.6337636194753227,-0.031354788901834095
55,1.1224626991409825,-0.4085475037197932
56,0.5317963782725523,-0.42774859755384276
57,-0.2324225087851626,-0.40539117889390414
58,-1.5950861173831816,-0.25229807036108687
59,1.301329961676221,-0.4439731241687688
60,-0.2175003052276501,-0.45027143647407164
61,0.22639685584996466,-0.5344338760715118
62,-0.39680023285275234,-0.6425115504464691
63,-0.8829245085293702,-0.470490904756103
64,-0.4713830998720499,-0.3393809733312289
65,0.13431213301476458,-0.5063481782072013
66,0.5240710724592649,-0.5045419688263186
67,0.8789856216384091,-0.11990767231322703
68,-0.8934602861866421,-0.1148550170279747
69,0.4389908175701413,-0.5624308894622372
70,0.11660813335420447,-0.48850193281037624
71,0.05441869646265922,0.03256756665852364
72,0.9292210717353406,-0.3270990318233941
73,0.19438635753365613,-0.3416385799786886
74,-0.010533261393091542,0.4020150770064674
75,-0.7131186959834642,-0.509456046625096
76,0.786887332540519,-0.28417407292066404
77,-0.8706692562629922,-0.19418030053287802
78,0.5450177065856544,-0.5607437586102213
79,1.15931630746421,-0.466033557099905
80,0.21048868658772846,-0.23361995900969254
81,0.3447839209351579,-0.47240583856437873
82,0.9887463865658194,-0.2029446781045755
83,0.40291986426198356,-0.3885162620022203
84,-0.628462318125067,0.12678012027673702
85,-0.2739697429336437,-0.3512262527636366
86,0.018406109425352816,-0.42042372604873557
87,-0.2790652156097818,-0.5229292810468842
88,0.29493768164625755,-0.6186867922405194
89,0.6428616899931586,-0.4174411388989167
90,0.0894487492573048,-0.42830393654440124
91,0.5493734527799699,-0.37927145657850764
92,0.6216482191872367,-0.012141621212565422
93,-0.8041650566324519,-0.5218073719736048
94,-1.060596470307847,-0.3997188922694035
95,0.11922322962673361,-0.49856933781125873
96,0.7035553499164219,-0.4698835312889154
97,1.0498350322405934,-0.2979424106882253
98,0.32569962500153743,-0.5157125064981615
99,0.12734619921846085,-0.2491534362657324
100,-0.33008196374328863,-0.32806607990071757
101,0.3120848343092032,-0.4706710446096147
102,-0.6390788820426325,-0.26928629605830684
103,1.6827866502907725,0.3341830836804458
104,1.6840242671540948,1.0845009692581487
105,0.05776060196629607,1.5147743139884258
106,0.8368456439181261,1.3316688571602355
107,-0.2440772760384278,1.266946691724089
108,0.3925873568396716,0.4142033937676803
109,0.5188376076777024,-0.09723399556704639
110,0.2196056576684426,-0.46920368039980404
111,-0.8104930289198546,0.19494540913847522
112,0.14276486645885414,-0.3699580210692933
113,-1.599315705478239,0.4950487629577047
114,-0.48342145290780636,-0.28683074348670584
115,-0.48844106194662146,1.307062071403574
116,-0.15438524099841783,-0.03549504779169093
117,-0.7864270556621714,0.566904812496347
118,-0.05253573866264858,-0.2920313161075363
119,1.095029881197763,-0.07174681024603503
120,-0.3284555469641313,-0.026356795906828653
121,-1.5090402758498604,0.2874957103238659
122,0.32770059806387636,0.14046795277042645
123,0.7923899616616709,-0.1752414546844485
124,0.21716667823859642,-0.1947709557253092
125,0.14477635581198872,0.7585847305519084
126,-0.266011016027084,0.9724530177147809
127,-3.6824399272231596,4.334168170956639
128,0.6044692168548292,2.5818923356233126
129,1.852587881736722,2.009876432561901
130,2.106251698664881,2.604287079374284
131,3.405258260183713,2.4181398006340826
132,-0.9019365354928262,3.832445742150905
133,1.3674791450238997,1.9337700773996023
134,-0.007821933043779932,1.5920886247742798
135,-0.9339648974999232,1.6808262683221438
136,-0.9846931367138879,0.6915066771886862
137,-0.10641912726352067,0.35381102422327243
138,0.32899055932353716,0.3445719034923911
139,-0.22329709443284176,0.09976034158016939
140,-0.23217898213929675,-0.02493317584198993
141,-0.2099382198126752,-0.4468730991487579
142,-0.11079291110235114,-0.12994983246801092
143,-1.5240945516340698,0.4578742992445273
144,-0.03332826214128607,-0.1401822257404356
145,0.6543841577901774,-0.39341129977536704
146,-0.27941701942341457,-0.015234339939517661
147,-0.01571164158481483,-0.4875652942184634
148,-0.8445718207774026,-0.5114810448104815
149,0.42714351002578094,-0.28355503020500206
150,0.12640088638896527,-0.3409738046996838
151,0.038989942593606594,-0.3904056999996427
152,-0.5933527082604046,-0.423891966017266
153,0.38133909764788776,-0.573192058332741
154,1.2049810748741343,-0.4417293504002592
155,0.5008845417521282,-0.5739646508133575
156,-0.43848568865204124,-0.607568586752447
157,0.2906997586670994,-0.5183115444761154
158,-0.6055949320281734,-0.42328190582061437
159,0.6819608793982945,-0.43950800599975126
160,0.26420791906549435,-0.4491470841781448
161,0.16882405594851513,-0.2930371294579767
162,-0.55293627989522,-0.3712593795335101
163,-0.6482465970510334,-0.19760056105911908
164,1.4342710179671792,-0.4159733090203823
165,-0.2761725990309298,-0.1644307727184592
166,-0.606736468299373,-0.5428019788343909
167,-0.7072313007175594,-0.43972632500244097
168,-0.33183819702765854,-0.3554727215708078
169,-0.10437687936153077,-0.27051008211497807
170,-0.4592386390478693,-0.4419527478686975
171,-0.6549547131255621,0.018272373499580136
172,0.09628592468620102,-0.34182117735136663
173,1.157426592357,-0.39346968549084266
174,-0.3744258035353091,-0.34465240060741115
175,-2.7315529106238903,0.2679287298378429
176,0.3960207138589296,0.19754975864985222
177,-0.5291349131522033,-0.29335743956897264
178,0.5133800355187498,-0.1081073823094939
179,0.9733532422070478,-0.4495749142248012
180,-0.21955985419208882,-0.5400274761978683
181,-0.4737832361886264,-0.20502408811748205
182,-0.42515728599245184,-0.4984060839985105
183,0.7493818879672343,-0.44231600634156476
184,-0.20402047524489766,-0.5364192390939114
185,-0.9536512486545919,-0.33009785508343925
186,0.8493142911812324,-0.3159684521629839
187,-1.4888784060611673,-0.4079904562310129
188,-1.0302274660510837,-0.12860909309324772
189,0.031087106626625914,-0.04182948511649753
190,-0.7692480433648449,-0.18779452630965868
191,0.3174491838274177,-0.2759786712763905
192,0.6216636647179538,0.2103613720686944
193,0.583029455968973,-0.32828279590025294
194,-1.3493045805894581,-0.41566140382144545
195,0.19025412390427626,-0.5023980691515382
196,0.3836207419642374,-0.15255330209176715
197,0.5911628002659967,0.6072317741775523
198,0.7639613135977232,0.08877883068867023
199,-0.1908093330747988,-0.19780627859561883
200,1.497283556623339,-0.14040215628729968
201,0.2650548120219501,-0.2681347426898135
202,-0.2138710654859177,-0.36066216525483424
203,2.9999121764297043,0.5820531224016992
204,-1.1932458909455146,-0.1217207637343125
205,-0.38618039428668616,-0.19772100326138578
206,0.10962924760354159,-0.34479514253220417
207,0.32660278827658784,-0.11873777266843386
208,0.005469481110820941,-0.3339961262258032
209,-0.507720472962006,-0.528099256096044
210,-0.6366226025456754,-0.4995729022770885
211,0.23887746369809984,-0.4784574754979745
212,-0.16171523872152502,-0.4629177888958986
213,-0.34731534166173267,-0.5331344942210283
214,-0.7823770314330131,-0.45384818866317855
215,0.45350838810680266,0.019638258079545695
216,-1.0261146884992298,-0.05186218859869157
217,1.7651607037433907,0.21731650898301047
218,0.6961512042709279,-0.39555910052228677
219,-1.1793569730243774,0.054971607925630966
220,-0.9256015030663503,-0.3447588302839245
221,3.375860381233812,0.9654183886608423
222,-0.9247332894884066,2.5697557498970616
223,0.40536605458751135,1.2709576595397687
224,1.5515793507458318,0.1306034380943637
225,-0.5533932302183405,-0.37846969372194245
226,1.2653985661329348,0.006575947047094655
227,2.2461377885901324,2.4340281717717045
228,0.7777058506298207,1.3302118387357191
229,4.2606141266625235,8.466238061424873
230,-2.1410022030865856,9.441244067506538
231,0.5326203582468532,2.4263367701870946
232,-0.12632288897630883,0.43240518328353483
233,-0.46691917624791607,0.6043838055223132
234,-0.16230548596372552,0.06953777002442302
235,0.6241309805297847,2.1590272766922696
236,-2.9409284328324863,0.7336247956171842
237,-0.8495763775720452,1.0357696464580979
238,0.1677682836241745,-0.01907772084394249
239,-0.3603915936204801,-0.17866506802386772
240,-0.2595943681037795,-0.5049291654569145
241,1.4982517446967742,-0.23110719613134226
242,-0.937321204137756,-0.39225786220315934
243,0.11251398737936633,-0.2861791192685823
244,0.09651025867849188,-0.3884339225485805
245,0.2074959273820821,-0.33469338475238386
246,1.449049266022476,0.3107612868563254
247,3.4295816079672927,5.187572435990637
248,-6.703305828058696,12.237971855464384
249,-2.797793636441176,4.997327351374619
250,1.8714159179962513,1.7027342672110595
251,-4.538549729498376,2.567890921186016
252,-0.3546234963250125,1.3791441450018078
253,1.0872789330403,-0.13623781212496405
254,0.5565609558321445,-0.10245806983387722
255,-6.190717932049688,2.8695684900839136
256,-1.6952500783989293,2.6389293346993306
257,-5.881518782164132,3.936788049168574
258,0.6567031512160371,2.6041813269056346
259,0.3935326230560904,2.3351039963185793
260,0.8863964739765597,0.868863080745334
261,-0.09929223417411709,1.326613411750001
262,-1.1112582176141428,0.7492384668975418
263,1.3488732096483371,2.1527332132785473
264,0.6287506103754117,2.3895817306598004
265,1.5310743077680278,1.2048127522127892
266,0.43859643530461734,0.06241774695792546
267,0.5037908243451537,0.4007497162709832
268,0.23576277081086203,0.35215370560508547
269,0.39400244315893806,0.19710088372902074
270,0.24619921186607768,1.1523647466824969
271,-0.17320263004284428,0.44382607071336244
272,-0.21206535597337703,0.1896826334413508
273,0.7789930392410471,0.9659563676116971
274,0.6829028915406384,-0.05317092409397082
275,-1.4811574902262776,-0.4499679497838765
276,0.5914550747968907,0.07365436697077103
277,-1.131482793954792,-0.13743581446573438
278,0.5436940959813943,-0.22161111299863534
279,-0.027098950843682763,-0.37626613203379333
280,-0.562070196351023,-0.322914045433279
281,2.1280620115377005,0.32459473747065337
282,-0.5300448154696413,-0.5498820629832628
283,0.24576070685799378,-0.02088999076596037
284,-0.46181397254377543,-0.5322682439026476
285,0.009008773722512292,-0.3071846996666863
286,-0.9405641424372952,-0.46855170015522674
287,-0.05058472716734377,-0.2809940178054936
288,-0.07206420213123779,-0.3495680621821833
289,-0.8916778705289298,0.26039923351055344
290,-0.9626552175494325,0.3293218138816808
291,-0.08032020268794969,0.5660018806192824
292,1.3540831516193188,0.7743017978786025
293,-1.1398648458946306,-0.012798671241156172
294,0.7460661253793203,-0.37516628179324607
295,0.7617723939693251,0.266278193432052
296,-0.6134441228187012,-0.30258020295044985
297,0.3165840294115285,0.1582485845086952
298,0.02524267497059077,-0.017394528504541887
299,-0.5625316026195822,-0.0721976378541937
300,-0.06863550326675436,-0.4032260046768642
301,0.7513118892770371,-0.30691015380049336
302,-1.6356908894941,0.05890033289109661
303,0.35991767863323154,0.008323821390098506
304,-1.9401455568478903,0.1984581153416198
305,-0.10560968000000108,2.1917765268430878
306,-0.9896976052573102,0.35977002978639233
307,1.0124767448470406,0.3292761319257655
308,-1.1355793779630177,-0.2704002101464884
309,0.4523997676120052,-0.3798311385991892
310,-0.5521475562378818,-0.35587288187685506
311,-0.1668206453991074,0.3304073527857864
312,-2.3154468141488955,0.9567743058305038
313,-1.9680466408031319,2.5500114746076714
314,-2.2578406721405706,4.99261403643635
315,-0.07820245050980841,2.1610528587437283
316,0.7481686970193732,1.134654939469971
317,2.021486261962947,3.550543010565867
318,0.493742024422764,1.0878754047343064
319,-3.740246896292447,2.9516194660166155
320,2.38685710333122,1.215000016892957
321,-2.417221025770489,1.3650847907081842
322,-1.4576130913917422,2.9834722789385593
323,1.5541656891266413,1.5874286574716416
324,0.8809069380573447,0.4283495134414772
325,1.6043549464168512,0.46538767285448984
326,0.047894781595514496,0.668293611226608
327,0.4219624794197987,1.1439388543937723
328,0.6818845516161649,0.06089343103745411
329,-1.265267600497471,-0.11035736417340761
330,-0.8881936910424197,0.08122868578226664
331,0.26587616707913847,-0.46461518483827996
332,-0.16653742596241158,-0.3603389659395901
333,1.589041656585329,-0.3103824088675167
334,-1.2612611247650631,-0.25641377706721774
335,-0.8112424128566457,-0.36690348633962244
336,0.7274959722738775,-0.3006434149507075
337,2.278370698791347,-0.41807059977843886
338,-0.1678761937563527,-0.3880642728861835
339,0.6193085213804895,-0.029457815158931686
340,-1.471873652696269,0.07257084046156606
341,1.1395490607628131,-0.34729176781300014
342,-0.8246355812992033,-0.33005005411646243
343,0.1631995194326775,-0.22846145807842863
344,-1.1411034017429642,-0.4443120439002442
345,1.1612072992215354,-0.4705063703222945
346,1.378306510223763,0.03698451187806888
347,0.36581780803547176,-0.28663015195870156
348,0.175434328963471,-0.532449692355096
349,0.20167472906022535,-0.24321990037280053
350,1.4947409808379297,-0.3935097647486646
351,-0.21885690698669752,-0.32949225056265335
352,-0.06709257607754833,-0.3697438632413582
353,0.19135268905076,-0.5336357833330438
354,0.08960029557814471,-0.5280047182438692
355,-1.035826496443462,-0.42936050103999024
356,0.9056985003339416,-0.4782631458644406
357,0.39494354393095127,-0.3384640643748018
358,1.3598122473361791,-0.13278324372195738
359,-0.6802670922458165,0.09858084072046504
360,1.3026400029442398,-0.15494064437938698
361,-0.32183836615434536,-0.27335244431572187
362,-1.5718454178631627,-0.4120248620407719
363,0.6458846787839392,-0.43599805569308947
364,-0.4221810773964902,-0.45705946771584005
365,-0.8469624104925899,-0.4879911953625104
366,-1.838246428793272,-0.21895230269945526
367,2.8783249384493494,-0.37591721987514576
368,-0.6264826077588341,-0.3808458166736336
369,0.21515031731701634,-0.5250380333748804
370,-0.13297326906863818,-0.5108609521876053
371,-0.4430165200826544,-0.5933414285729276
372,0.4739986726347178,-0.549634277146869
373,-0.5212294884477181,-0.2788631826312453
374,0.3482015428825827,-0.4657867426209675
375,-0.6628849143290576,-0.5224925974314989
376,0.570483256882416,-0.5302728349195706
377,-0.36963819178128327,-0.4570688631232594
378,-0.18747546073403376,-0.4245550936243411
379,0.548093807185583,-0.2519397868154456
380,1.3306965828654782,-0.4933858932792118
381,0.8827924072372895,-0.17673310391268296
382,0.04555957402449952,-0.21874195640445407
383,0.2733981633574455,0.25076918275388765
384,0.06529626782736683,-0.40632429943140463
385,-1.025503187259537,-0.4514466615720884
386,-0.3863999545278635,-0.5337777877386377
387,2.3044636767672504,-0.29280067933474746
388,0.3726841224074643,0.5377367580784553
389,0.4992202547606145,-0.11772323112624399
390,1.095801668820257,0.5557412050766883
391,0.9434357219963517,0.18922778817079944
392,0.3121187088195776,0.013197233186649235
393,0.5608242400437794,-0.33500961291221204
394,-0.5156032158537129,0.21747963718052643
395,0.08151218604427331,0.1933900165220748
396,-0.16175080396463534,-0.23375149413255333
397,0.6867116863773446,0.34505763343878376
398,0.11452875990509036,-0.4611476716836285
399,-2.897642559019571,0.902621691704915
400,-3.2060903475708926,3.175817244599463
401,-0.8647735094851505,0.8736477085332772
402,-1.06687415227688,1.8167329315907887
403,-1.2163432731687336,1.1115219409687642
404,-2.532047553961097,1.274678716590689
405,0.4921344020777418,1.267187497562884
406,3.317899021528866,0.35390403759810646
407,-0.6553448986848222,0.6373933053838479
408,0.15757319953203924,0.5625722143060766
409,1.6589558685959935,5.300298450767388
410,0.6177728425098382,0.367624480914825
411,0.08003710193410157,1.031160916944157
412,-1.6206266741822497,0.24311643753493176
413,-0.996157792733254,0.4294952776532317
414,5.1345178369423765,2.438040875510295
415,-1.3331446725842475,1.4142464003081343
416,-0.6285423271274077,0.6044561476128942
417,-1.2417187537488028,0.27524765946363916
418,1.5492165587347464,1.9474908436833755
419,4.834423334225615,3.9632321360750673
420,-1.3645697732823618,2.636939884245527
421,-2.349215557126888,2.9313243820002244
422,-0.2160669655030393,0.793532591367849
423,1.734686373003189,2.066036628045848
424,-2.0141264635035343,0.10414598043050793
425,0.18572945685237716,0.5092641140735782
426,1.3619124301260643,0.5054083176017277
427,-1.3194298904475243,0.31840619534531744
428,1.5490959531123494,-0.07785873862845923
429,2.1457419874703487,0.8512609762862303
430,1.4743030336313998,1.1832093829194614
431,-1.8377195754760702,0.06392777141287896
432,-0.141327855293243,-0.0384612133465217
433,-0.4794602818674686,-0.1936261786943903
434,-0.15980910707311008,-0.3442763231646667
435,1.4647514510440585,-0.35618342616032295
436,-0.4155828422071713,-0.34205788011994714
437,0.17140982738638616,-0.14481178339432843
438,-0.7305480147202695,-0.30977062016791146
439,-0.38275557527023063,-0.27912643162840256
440,-0.2576432237888568,-0.46466187635419376
441,1.4141014920533577,-0.30087718902930044
442,0.31449724193282963,-0.516624503150344
443,0.4398075794509579,-0.5520418129424707
444,-0.29725340205211986,-0.42067774252760687
445,1.0449689539908742,-0.48570348448770007
446,-0.8889454535903587,-0.5130307255595317
447,-0.11841756488339021,-0.4447766011286733
448,0.1117261380792435,-0.5254259408386752
449,-0.3701491868464917,-0.5283661329026029
450,-0.17925534395491283,-0.5927528542029126
451,-0.9905633011258521,-0.4154346347042736
452,-0.5845676889502054,-0.3281536551239785
453,0.2626435880203184,-0.49032119424569964
454,0.458118735253956,-0.6159991283082352
455,-0.6705266944354006,-0.4641573398575548
456,-0.0012774272990535706,-0.5226323241430156
457,-0.9193549390770654,-0.3073404394158014
458,1.6281447266229885,-0.5408199271043225
459,0.4905257221016894,-0.3324336365583564
460,0.7760107629148743,-0.5645246874107436
461,-0.48303069099183993,-0.4985023128743937
462,-0.43399359780919206,-0.4288699751895671
463,-0.4493302114690663,-0.3564701359722698
464,-0.43447727282058146,-0.4822103374935949
465,1.068860600103155,-0.5583593006320571
466,-0.5657859813732091,-0.4983100183184984
467,-0.5468476961929218,-0.5234392945016955
468,-0.4449921613987311,-0.4670628094102395
469,-0.021014815901894742,-0.4164119497458411
470,-0.2497011079303758,-0.49841802307116617
471,0.790499035165411,-0.4841191497215378
472,0.18629314350218512,-0.603532287440921
473,-0.6397736349854636,-0.49422068453193235
474,-0.3693526341991075,-0.5090938026458902
475,0.31706784868043775,-0.5914411779458383
476,0.7237954909902554,-0.6355609814072899
477,-0.6400028765378698,-0.49337321721479394
478,-0.2780367418076768,-0.628274535559452
479,0.03455810596995298,-0.6416908424478308
480,-0.17901591865434402,-0.6325324921865363
481,-1.2297695018526698,-0.3979461242016824
482,0.39842969350246965,-0.5015779537326448
483,-0.25545857229462493,-0.4295676942711767
484,0.9187523771598793,-0.5687186114644889
485,-0.04235910995342653,-0.4627361954011874
486,0.2074347838575862,-0.5115689231398057
487,-0.14055316414298297,-0.5343534782290851
488,-0.4885952998887054,-0.5891645442174479
489,0.7065073696042767,-0.45657283590824826
490,-0.17381444118279382,-0.584065411637746
491,0.8483959219139094,-0.2863935466995063
492,-0.15916691891200868,-0.446173540730368
493,0.2257496922884993,-0.4956146533555008
494,0.24012850869418934,-0.5224323164671738
495,0.2393581049502524,-0.3561084608727702
496,-0.4963648239157854,-0.4990682498944824
497,-0.6082687839473455,-0.5198690081700249
498,0.12477989682668224,-0.5948868528960107
499,-0.5526410673376189,-0.36944392331375686
500,0.42862266717098896,-0.4407913792558151
501,-0.5056574476778323,-0.5583385138884044
502,0.004574695811981724,-0.5703394929631717
503,-0.05381935427598744,-0.42728404971468187
504,-0.038578873209341204,-0.49560890160550264
505,-1.1985011583993792,-0.345002539798796
506,0.4459041470233913,0.06377816398221302
507,-0.9872249343631562,-0.45018607071773786
508,-1.125366821647414,0.46239568713183826
509,-0.7824758477217066,-0.10383523634914692
510,0.19786856222235294,-0.0638464075716592
511,0.2517022616310807,0.13443403147106486
512,0.43363133462406717,-0.28852907587438076
513,0.17962693560221654,-0.1968095200109418
514,-0.09376865402555737,-0.5143011429391635
515,-1.044233851780601,-0.46128103982438423
516,-0.24457956130411446,-0.49528159400247146
517,-1.2665525911349804,-0.27479421593603254
518,1.1110476551936341,-0.505472848446495
519,0.5389666117308377,-0.5060748918974838
520,-0.14318184878661758,-0.5062302094375342
521,0.49279623031404024,-0.5305100526069993
522,-0.32111267181687597,-0.5472295395212406
523,0.01867860680895,-0.6204365071807776
524,1.0032930644945595,-0.5797041769427583
525,0.21973238324218738,-0.5320817171287667
526,-0.39333066085071683,-0.4977177441387002
527,1.0921342920685582,-0.5600284168787132
528,-0.4130171098060604,-0.3923975247672962
529,0.13997460427234357,-0.5363590567340011
530,0.2068586132173613,-0.5643155880287042
531,-0.03590122422756474,-0.4953564370676659
532,-0.20073325672670617,-0.5446739720346168
533,-0.46027851075219833,-0.5704226093272835
534,-0.4332134510317396,-0.43330799457143115
535,0.5253530385933357,-0.5324075665308381
536,0.38275888991359197,-0.5713742323741774
537,0.013010275923323987,-0.44368499469825773
538,0.02064722023960166,-0.5722912811023115
539,0.3088883152785295,-0.5374304737252446
540,0.322476222584023,-0.5422999397490678
541,-0.7010771094611528,-0.40042663975484283
542,-0.5373947592575403,-0.5053832989191429
543,0.7301291935095259,-0.5914865093069817
544,-0.21448039972916066,-0.5107372743268358
545,0.4083820708390053,-0.5798950176302864
546,0.4272331531853647,-0.6325302812746182
547,0.2532276780819405,-0.5139108517192128
548,-0.1985897278882764,-0.41779597692181697
549,0.541352964143123,-0.6040260115252837
550,0.6855263340098324,-0.45780051398748206
551,-0.4911309159008048,-0.44835081697686674
552,0.43908450891143436,-0.5654503525355614
553,0.12917420184813092,-0.5526372871223166
554,-0.14632352088461809,-0.5087213269166777
555,0.020327477474471917,-0.5847022163416039
556,0.5606372828052261,-0.4568998208878635
557,-0.8280792402128648,-0.5007998472606449
558,-0.21560466007760465,-0.43946336616546383
559,-0.31440212307691057,-0.5611819021615914
560,-0.13255640395332027,-0.521143310209755
561,-0.08712199456729791,-0.6099210367643991
562,-0.38420910223321736,-0.4606931473684285
563,0.1969230220607109,-0.570305212107375
564,-0.3717050508860632,-0.5381978731075681
565,0.0637152221352694,-0.5287450449673099
566,0.4331890053918757,-0.5199011545823141
567,-0.3013884814070353,-0.4396113270186573
568,0.33875249125466694,-0.4134593577228355
569,0.07242453161065222,-0.5754479042224468
570,0.3179065563239801,-0.5539320672470293
571,-0.254720674424029,-0.4730714135088917
572,0.4104682156547219,-0.582063339728652
573,-0.22776158465492813,-0.4411745653014453
574,0.4872415588139967,-0.6160239507959492
575,-0.3470641675764503,-0.49562105883866026
576,0.0982144915256478,-0.5367550697713831
577,-0.8409405860445155,-0.34183062927382685
578,-0.6983910567723481,-0.5034029973079772
579,0.1794203346431034,-0.4045110446621798
580,-0.6323120722295692,-0.3588315070416692
581,-0.19394108568146654,-0.4164445652412004
582,-0.2488806461762088,-0.3706289810986971
583,-0.6472044742960904,-0.2875763591514101
584,-0.3930285473330771,-0.24407695979616315
585,1.163401089218511,-0.3016667477485429
586,0.35427925483560346,-0.6157852610795624
587,-0.4907130675810552,-0.410934544807449
588,0.9365959535925009,-0.5613719829778689
589,-0.1667672460537181,-0.5496038614382509
590,-0.16718280154724205,-0.40505863457910285
591,-0.45485377624028694,-0.6262266904719553
592,-0.46625709403816396,-0.5348818556901052
593,-0.010256154125331424,-0.5327601665179114
594,0.6095830577246432,-0.4604758251332288
595,-0.8799246150960918,-0.48988120702826504
596,0.3055081058449733,-0.40932864973386224
597,0.11251418600412429,-0.28009095903991227
598,0.3175926236839159,-0.5364262665243654
599,-0.15766392660342135,-0.5258488846278437
600,-0.08672044722912714,-0.5745985167725522
601,-0.9415636487532124,-0.5158407576136852
602,-0.533942036024475,-0.4108081900085672
603,0.05032745430925277,-0.2767765322940532
604,-1.7984957019115586,0.22102533243259778
605,-0.5732934068048617,0.7750944883703436
606,-1.0154048360898942,1.694943550722001
607,2.328259504431403,0.19455908752958295
608,-1.4215383277555154,-0.027713425515456403
609,1.2986857053047738,-0.23363592644801665
610,0.8776973874164018,-0.48682804791512646
611,-0.7716412904515387,-0.005726640520288021
612,-0.9219354244310526,-0.1274941108098439
613,1.2327400048602426,-0.45376647405885323
614,-0.39329407314594084,-0.5661767563804659
615,-0.6966326799321719,-0.35732340138590063
616,0.12426541900111364,-0.3159807015191651
617,-1.184572029301135,-0.29793010398020386
618,-1.05305464460957,0.3787149152788886
619,-1.281875116799373,0.6520584213332801
620,-0.5045656183683643,0.9495739024645067
621,-2.918706991478464,3.1102719660996376
622,-1.5480994659594145,3.6065015930123536
623,-1.9733088634635791,3.6695873528926626
624,-4.295795832027045,6.922903099728798
625,-1.7278577219217859,3.570024485991277
626,-0.3065233601635662,5.347193731124447
627,0.8914648612649081,3.3849215774313586
628,0.6599654276692882,3.0623362819159503
629,-0.07475377042902473,1.488405817666652
630,0.516774257362225,1.5667607884299606
631,-0.9169656690785051,1.065525237789287
632,-0.4222775736713574,0.36692911821569696
633,-0.6370217623861183,7.106546600392472
634,-2.7547160572205716,1.362252429563401
635,2.446323302323117,1.6669272823482593
636,-0.2510209817652357,1.2539357278733498
637,-0.1463091426310824,0.9048826450097869
638,-0.9403257633832222,-0.19655749148745325
639,0.6940673020858726,5.174644571308216
640,-1.2081714035950917,1.3244479043636581
641,-3.8751851454680697,1.2096795291434057
642,-0.54065140289473,2.6779601937408075
643,-1.56161761146548,4.332102031939735
644,-2.4344361579620784,4.354614199842957
645,6.129631643098755,3.414057832016655
646,0.1480573296089202,1.701686729470198
647,-3.496575445982141,2.4463027267775543
648,4.107286855696824,1.7947647557953657
649,-2.1524804616506366,1.4975888792493368
650,1.7447732389895811,0.8246517964698963
651,3.690740493184711,2.34007160033625
652,1.5971090408396627,3.4298765739214714
653,-2.4144953670875826,1.2036326613766029
654,2.1664776982793974,0.9274608470244581
655,-0.8299121898677437,0.6098993937201134
656,-2.284773625193688,0.659233607195786
657,-0.9992401119587352,-0.05083711712628704
658,-0.15231460542168473,0.4207760689350079
659,-2.5253078983816115,0.6561130190705058
660,0.6754257681955741,1.8360956627932383
661,-8.490845881579174,6.041142567838647
662,2.5074881729130865,3.2454733020266158
663,-1.0994560092573844,2.040550660557133
664,1.0964731306206383,1.7291056915132808
665,-3.6622022251706023,1.320047018371566
666,1.0321588546894942,2.797977443450807
667,0.6077330963549026,2.5244585137948747
668,0.0457948857086952,1.3468746802275156
669,-1.8659049851132252,1.6902083091935247
670,-0.3787546276559496,2.318106680784942
671,-0.5855751314252745,1.2740044961995416
672,-8.06008098484711,8.617531683017654
673,-4.534572591043661,9.248063342360988
674,-3.5126723052549376,13.589090610722401
675,2.209502918355758,7.101259108039089
676,0.27273495588128205,4.646405150513803
677,1.087660036687858,3.8790839977940412
678,-1.805574635657574,2.891761344912715
679,2.1723914409211873,4.979469932769083
680,5.5775834983968275,6.114044643795535
681,2.850626845907383,8.377440034356878
682,-2.269184838198521,3.7589182279998767
683,-1.0179227495811531,1.7002779078334798
684,1.1950516416432655,2.200811069993368
685,2.402218628177045,1.7483306124948408
686,-2.1421367769539423,1.955424736117976
687,4.313065880354873,2.0642857330440467
688,0.945864160854743,3.8613489545748236
689,0.2997444584950626,2.7326510930173322
690,-2.275027892198302,1.3765736134576747
691,0.9978428863306498,1.2201914194037118
692,-0.5029719710696355,0.8065445851400816
693,-2.81236806369146,1.6787466759801348
694,0.6087770967987867,0.6004782004024652
695,0.19500385840887197,1.1250566820921635
696,5.076312228929302,3.693114895485607
697,-2.815192507474835,3.7197568426770617
698,3.503561145646808,3.3136400185934236
699,-0.8010910306833438,1.9920539359125933
700,-2.091402019443966,2.0095244877645793
701,-3.640701042266861,5.322773540120485
702,13.734639435847837,12.390611063450129
703,6.338396921475304,12.484884721448532
704,-7.478433403713133,15.73119178857433
705,0.9898710583468626,11.531769019349802
706,2.026173311666162,5.42400004322998
707,-5.048111006287298,6.223693814516436
708,-0.6947137572276827,6.0603732574247395
709,5.271152255965203,3.2103420625879737
710,-2.304362198499341,0.3296913763353552
711,-1.212048060720778,0.7671247574929296
712,-0.06538493158452247,2.30196224897381
713,-1.8590736487196144,1.0772359758577112
714,-2.7490101103326317,0.9623555691995702
715,4.69711754687603,4.120619322999691
716,1.5896092077746633,1.027871598589849
717,2.2438755271596746,0.7197355060611512
718,0.11344479575257722,2.2000677487572977
719,-1.64924985627747,0.20550668712819395
720,-0.9147071546958396,1.127305246248547
721,1.3584183436707071,-0.20062940291172193
722,-2.4105910226055416,0.07277729716594843
723,-0.7850222527046818,1.0719483641813299
724,-0.257848889782067,0.6809841140384382
725,0.15349747208693315,0.42573214022597505
726,-0.2629575051760892,0.7384719026242214
727,0.9688525681442534,-0.15821074211024452
728,2.6801374117488184,-0.0663804128068432
729,2.6090610116455846,-0.03528524709501923
730,-1.2850962660587815,-0.178337275012085
731,0.29960631115840664,0.17625639993909237
732,-1.2307910386266236,-0.3698966508717772
733,0.004093182443846225,-0.45846221055856134
734,1.3736447416111974,-0.3428551139691725
735,1.673892929610441,0.17418785840687348
736,1.0397939670609222,-0.09049862751547215
737,0.06361302888529434,0.142625166490721
738,-0.4456658298530792,-0.21917759497622366
739,-1.0220622161053148,-0.1434545581915891
740,-0.40858678752842204,-0.14232892188717503
741,-1.8748769623932688,-0.21682648088793094
742,-0.17833929469210205,-0.1526203353207579
743,1.91820194658533,0.3881030659562522
744,-0.9331075117271902,0.03390467971377714
745,-0.32424229804738014,-0.2823999779585294
746,-1.8226018878583958,-0.46157302364721636
747,1.3315942845197184,-0.3053497529899588
748,2.786912971693996,0.5231305466705483
749,3.6237310020091873,1.9186177457543985
750,0.7710026336661518,0.7247710985288481
751,1.1978295181409284,1.1522891796708838
752,-0.650132142288161,0.48144496751660676
753,-1.00076973909577,0.5794772320482257
754,-0.8719518696699045,-0.08899766979741142
755,0.08100705526376148,-0.41690026807528446
756,0.5982808800475314,0.2994900088451324
757,-1.8218186830868468,-0.06346779546909886
758,0.2264425010460756,-0.18562028406605827
759,0.8820847985685435,-0.5312272353592489
760,1.0238876307883746,-0.4009166459757967
761,-0.1956065955809749,0.01637506034110361
762,0.23316219062403093,-0.17707908457856686
763,-2.341716370037244,0.018116401005874777
764,-1.3738732985686395,0.0337349136007694
765,0.5723540026794257,-0.5489523891850842
766,0.630970105820162,-0.21212158048279212
767,-2.296448969146529,0.8580501062062764
768,-0.3027162743157082,-0.31586331908555665
769,0.37742008445118735,0.17160096944742123
770,-0.6880933181565706,-0.25325343010635804
771,0.023673745361056306,-0.03309586987159789
772,0.6955619578152062,-0.06067563773038178
773,-0.33372974394869204,0.0726379015786973
774,0.34001542999451057,0.3023003213496407
775,-2.3417594067294267,0.23339241164360355
776,-0.4149691230393436,0.674528623934943
777,1.5904385597878896,0.16984124998534664
778,-0.1113628148099917,-0.31924290374385733
779,0.04242085566042024,0.09961993121071729
780,-1.0119085739925902,-0.34799975249708737
781,1.7172159806962828,-0.16220053005328935
782,-1.414544944129232,-0.22632798948776459
783,0.14342248469612376,-0.4314476664320147
784,0.3712960546985888,-0.5087701709688858
785,0.5651018297315641,-0.2285628584349312
786,-0.5071067696331728,-0.4300013507455811
787,0.9948907822061015,0.17106829298585438
788,1.8598219399705027,0.30345551531713705
789,1.5417799722407617,1.6180346867915238
790,1.8276928364634335,1.4456934820436929
791,-0.20863434924988922,1.4347221656188953
792,-1.046492622191468,1.1702320235946901
793,-1.3518732860172502,0.8847144536891836
794,0.5175335649003926,0.6565383381239465
795,0.7951225863788083,1.8079537574910254
796,1.0219585124758768,0.6121310644530756
797,-1.8414885921929411,2.3155714645028285
798,0.4385349432381636,1.833492129634822
799,0.6031149508713153,1.5287310042874689
800,-2.4214570075544675,0.6922634837278548
801,-2.1267860944573185,1.2871985499281913
802,-2.7617199094134457,1.8667315902444033
803,-0.36095839430124504,0.4666727142259154
804,-0.4979749857589317,1.1892998394218615
805,1.5224434430241045,0.7222623124393533
806,-0.6144052879622943,-0.017458578630852598
807,-1.441141888754228,0.42500770962717155
808,-0.36935099997853976,1.5935913607461316
809,-4.185533626515546,1.8767407034384527
810,-0.8722676480818495,3.0476704328324833
811,-2.412551194100126,2.493804787986494
812,-2.3216824707286308,2.6381330143760886
813,4.206047671208783,4.8601124396921485
814,0.23342277667759945,0.9129669038118561
815,-1.2419171325257348,0.8719125006254881
816,1.2247357829615975,0.035781435870824024
817,-0.18740641473281655,2.4001238923910004
818,-0.6178440211836882,0.08554835132866988
819,-2.58993033393574,0.25046074344260416
820,0.46509655133831634,0.870352642662991
821,-2.943300518508697,0.8150858434034702
822,1.2409419570233953,2.183434131955436
823,0.5173796968042668,0.604364926017104
824,-0.705997311679728,-0.1256695457112641
825,3.3292102812816466,0.11409722762289493
826,-0.28433580316969154,-0.09660659861108666
827,-0.7349049580106789,-0.19041254234262037
828,-0.9593283433659223,0.17603219254217403
829,1.7855607038014292,-0.37554210072828875
830,0.26239174321509845,-0.4159422079709424
831,-2.346793887019108,-0.06874494494584397
832,-0.41607442920804766,0.390912344009086
833,-1.1676665939446405,-0.07715550149742004
834,1.1374128061306183,-0.2030175264138289
835,-1.4889541990077995,-0.03326825959786894
836,-0.48825180688347253,-0.28395897103221723
837,0.14793676271366765,-0.2297766495949011
838,0.17638705169834412,0.22129551029012884
839,1.0433217432407695,0.9962379272425015
840,-0.03377216666882787,1.3434160087365061
841,-0.5821554427976564,0.7800788687577648
842,-0.7898793710434497,-0.16855920540578354
843,-6.219969820366753,2.8235849239473594
844,-4.490161967175542,6.8352984995517865
845,7.480021252455983,4.626059746289608
846,2.9987859825939993,3.330988938735171
847,1.0835481630045967,2.020982923641892
848,-2.131741316335727,1.2391209419463995
849,-1.201587289420093,0.7655151192655962
850,-0.07036091474778693,0.9905805543553186
851,0.24674559152689446,0.6091483804079241
852,-1.804779781430169,0.35377351695814646
853,-0.36872741178339397,1.0359797642701873
854,-0.4267739594782892,0.2883810343377643
855,3.42069903920782,2.5300291605056784
856,-0.6120139762620004,1.0778005660214753
857,4.428875231027167,2.387858471179697
858,-0.9436673190308202,0.4338411287591423
859,0.3153970469364113,0.6284339832935593
860,1.3867878557467739,0.5707991820894691
861,-0.5701744876956479,0.5270407328020905
862,0.7274166953302504,-0.2841595479869063
863,3.235351906402096,0.8298148411758258
864,-2.154825775553022,0.034522472075211245
865,1.0156640136921147,0.24857200955203393
866,-1.608046017898432,0.13545924798386527
867,3.9616621335764495,3.9004101205271193
868,0.3097085968242539,0.6659899634566996
869,0.9079455310508657,0.6779434375212561
870,-1.0009875949766278,-0.17859366793013418
871,-1.489224662833335,0.47833266280251124
872,0.1037591799965774,0.008912796084525316
873,-0.28017583198321533,0.43957810193875274
874,0.6221203135308389,0.24440116868582873
875,0.20883306126181314,-0.3148381805348813
876,-0.8390776707055445,-0.21293118973731165
877,0.5077562477774731,-0.3546270073355401
878,0.1755339545331622,-0.35036459767400957
879,0.3951089868108541,-0.10451667108008421
880,-1.0699388533546632,-0.22652210060332367
881,-0.6460876594234506,0.13957813357609136
882,0.8282715047632488,0.8210878222117037
883,-3.7243731588950824,5.780197869492842
884,-0.1796038069381497,1.2405992200254654
885,-4.229310853966312,2.1643501135792307
886,1.0998675841680845,2.863438941615438
887,1.3037349990514153,0.03116933775694415
888,-1.509849095672541,0.5443579145630815
889,1.1029567200067631,0.39138142403782333
890,1.7325407663238783,1.5163325737656754
891,0.5398986162188723,1.4210862930062302
892,-0.8998464999967419,0.5195374913672175
893,2.6796974370251974,6.007300396496963
894,1.3593403697024444,1.8856844092778728
895,-1.701238942439739,2.387340943298583
896,1.4473121998500198,1.0343942106069954
897,-0.5640225990335446,0.9933983692488152
898,-2.7224076739374334,1.7437501072062112
899,2.3738181787138224,0.3428091303506636
900,0.07565318956464255,0.34516500026944824
901,-1.6803480231178534,-0.09412035111088186
902,0.6982712431137011,-0.2858645949784082
903,2.6216973533897074,0.6430908683532788
904,-1.0062910509396708,0.13596107352012907
905,1.3311661259107734,0.49956849977093454
906,1.5562462546905969,1.5726821443977328
907,0.6864174477225592,2.4135763856907597
908,12.497131660814462,16.068148068938243
909,1.5429903796009972,13.242366587150707
910,7.007761730610892,11.040788546725132
911,0.3327646664516818,7.222279115747499
912,0.5481635509885032,6.356018249671636
913,-2.4533075799222552,4.7466812543386405
914,-1.7349423572541949,3.592702250716662
915,2.2259171339267563,2.951572554609573
916,0.7011592803012237,0.8962925805140962
917,-0.5140887257978196,0.2934874939708821
918,-0.017207457967585594,1.0080428399195802
919,0.10634594829464422,1.289420216540577
920,-0.5192044177091321,0.47118737960399365
921,2.3485254050422726,1.183072070887324
922,1.9303485123329531,1.1325898547012618
923,1.1555308277342409,2.10947688447005
924,-0.881488381460075,1.4173795495675612
925,-1.9727625860901137,1.0698028630175676
926,1.5998099301328492,0.43429851066337
927,-0.39341897660303027,0.31907133292077805
928,0.4615670607442847,-0.23621097349507264
929,-1.613283874877358,0.22510810133978804
930,0.08472120826351606,-0.023147033428374115
931,-0.6781517625403025,0.3177681668162901
932,-0.5460643261047374,0.6173079475784096
933,-0.2313957517223261,0.22388982806754767
934,-0.7090119394969479,0.26421804489195233
935,-1.1274223475229543,0.7699640656162571
936,-0.6520584569314272,0.3195938116121991
937,-2.0854052037752293,1.669346810047204
938,1.8047870117733444,0.30826795224666265
939,-0.18716740272788004,-0.03932495875154384
940,-0.8024897107961908,-0.18400594734989628
941,-0.33881255150741374,0.14598248749974385
942,-0.20102072551917402,0.0019760826341143328
943,1.026102637617158,0.17369674127602397
944,-0.38430583285160574,0.2997591865234461
945,-0.6150141104122961,-0.38566604058670473
946,-0.7605079892829164,0.2464360771555266
947,-2.929342487066914,1.4945335674319844
948,-0.7093508744904422,1.7983634725125341
949,0.7150093076097376,0.5291017549348692
950,0.49707269572519874,-0.1889532794862208
951,-0.42799664459687087,0.14037409252522165
952,-0.5607633788977285,-0.39832299002246185
953,0.9984892060635808,-0.19218333734381474
954,0.952900809156833,-0.20009827144649608
955,0.7836975031351634,0.06358768423938567
956,0.5763450290104999,0.05919617612004889
957,0.03639152077340281,-0.25026811713196195
958,-0.25452775141711587,-0.1311778301535708
959,0.895179377056232,0.122133838695775
960,-0.581448972184025,-0.34931802397033856
961,-1.038695793901909,-0.03143481202607008
962,0.9235429740958618,-0.4204896136690677
963,-0.12645137199110926,-0.07922986888837355
964,-1.0126514504688793,-0.30863443020279563
965,-1.7501096411159154,1.7050907449452324
966,0.20472552238619215,-0.15028167222422434
967,0.42320071738461107,0.3331594202596748
968,-0.23584768631588598,-0.18497244582148833
969,-0.9229092429233539,0.18222459803831523
970,-0.2213771099082102,-0.22029334565978861
971,-0.12445246714849763,-0.20028205859655407
972,0.8918619490117817,0.17976091940333297
973,-0.018355729142205443,0.005944475021355271
974,0.8888203343323898,0.07701862445572286
975,-0.14103929094146037,0.016015724900441806
976,-1.4854710889785485,-0.22234120656800094
977,-0.3060107423326017,0.12727581021328557
978,0.9799466556110282,0.6533824963497422
979,-1.5022665053378017,-0.07596942170128444
980,0.2844974279185432,-0.041573574357667634
981,0.795362898659883,-0.1646906229399981
982,0.2919659507527482,0.26701525470447834
983,-0.777390306991614,2.214958956984624
984,2.3971181862116824,1.5076096294859471
985,-1.1677240027621953,5.4680386167368376
986,-0.7498339242304556,0.9048385125663485
987,-0.8415272835339997,0.24922067172544382
988,1.1364361825015805,0.42851122910443984
989,-4.73920648566059,3.11478899459026
990,0.6003901322103032,0.4744077068941359
991,0.4022612834780586,1.165735410127568
992,1.507000556329757,0.7202885206801463
993,1.5608835837269535,0.5194789082353516
994,-2.212586814463163,-0.10745523567799234
995,-2.573571473712331,0.8328166377304029
996,-3.387120973554675,2.640263156482041
997,-3.779234067664939,4.546603207069057
998,-1.2204715526473753,4.117459802437239
999,1.2054962967769434,2.435898876825311
1000,-1.2191810213364718,2.4344949670214553
1001,1.632679778409189,1.8332977403662423
1002,0.9456511220935948,0.11689485197944399
1003,-2.1072623240360495,1.341007339292844
1004,1.7087882941651924,0.4945158605230867
1005,0.5119883632434497,-0.24032724757345925
1006,0.131719780498604,-0.1487974777325567
1007,-0.19456448293430614,-0.23798022834367472
1008,2.1837829888254854,-0.2459350014526539
1009,0.2739123410559574,0.0894851402888755
1010,-0.3921842325546489,-0.27950824519380385
1011,0.03449988084689832,-0.37662813723552346
1012,-1.2405021305391402,0.051699889711919286
1013,0.08354303914423043,-0.44907450375449615
1014,1.3824461435328539,0.2625155182186162
1015,1.4462415487968971,-0.21168948399524776
1016,-1.1820484042628632,-0.10797916630437138
1017,1.4769316122892158,-0.12916507859340653
1018,0.3332349164937976,-0.24126501043758591
1019,-0.3049765315634689,-0.28066104603780384
1020,-0.498815929710098,-0.3204551737141812
1021,0.19810390204502062,-0.25335766028477336
1022,-0.5153926377031982,-0.5450412088433068
1023,0.3436409807665614,-0.3322386468804048
1024,0.07088306031881747,-0.5250228599268401
1025,1.0325325218827939,-0.3289806432045668
1026,-0.8611466947769099,-0.40658335559000386
1027,-0.6172024021947214,-0.5475971019161097
1028,-0.2921495748225856,-0.36495745448145983
1029,0.6217640873270731,-0.3304848847633846
1030,-0.22190198939605302,-0.35240725636553405
1031,0.8155285138624496,0.2717640896113032
1032,-0.9262474975581922,-0.2875013619418362
1033,-0.024864780952828566,-0.024184461581997052
1034,-1.5450504913221568,0.1738151141780751
1035,1.923191698666444,0.33564677077984534
1036,0.4950880397387148,0.0043796931531416275
1037,0.9400713082302994,0.6427495901935094
1038,2.870750518827809,0.7847027273301083
1039,-0.793728115221294,-0.18724121106404368
1040,2.0022870882075012,0.24127503657811813
1041,-1.4355353711900012,0.7463767453886182
1042,-0.5280766040994801,-0.09132955596490454
1043,0.7227709874091605,-0.16178044293578328
1044,0.754874174840088,-0.15043563528452641
1045,0.3952726310014279,0.3580572996032847
1046,-0.04055330194864123,-0.4455826713247009
1047,0.8698922200530719,0.05166740395269444
1048,0.03215488318699034,-0.2731440506902498
1049,-0.6506045196579505,-0.4842715421854792
1050,0.3040799536716841,-0.6111841999828446
1051,-1.2187204080078808,-0.20710549669333703
1052,0.6724823169807158,-0.20583146160454138
1053,-0.42773043744260775,-0.47535905580152127
1054,0.59774122472282,-0.12467445502896801
1055,1.4697648032758852,1.056927032238096
1056,-0.6609404324907397,-0.2433076247680137
1057,0.38821495601545924,0.11524498389457087
1058,-0.2623328929157327,-0.2157438609248322
1059,-0.5062260063756168,-0.3726111462791258
1060,-0.5586583681901839,-0.3190645632662746
1061,2.0276544195476203,0.3597513224441446
1062,-0.4818269172561469,-0.38674418940212996
1063,0.24287802706575204,2.3534686494948343
1064,-0.6093383017148922,0.20741504959646556
1065,0.996732192396285,0.1630416429004521
1066,0.1651968409802522,-0.04515743238723788
1067,-0.6575271769939687,-0.08192985585866518
1068,2.099147404444566,0.09727089427133224
1069,0.609021546196512,0.8416135303303895
1070,0.8619445606459988,0.130993047328077
1071,-0.605719289443682,-0.06972158040475947
1072,1.3648626812398235,0.8805130144302885
1073,-0.09839311482177408,0.7406890553543597
1074,0.007527977973234656,-0.11115650608460978
1075,-0.5090420786228054,-0.11619289773651438
1076,-0.9252039539643736,0.46720971638527986
1077,-0.4214342429960819,0.1882744055025292
1078,-0.4363791083311763,-0.40246145564937746
1079,-0.5454441110690232,-0.21782195003412316
1080,0.9189786881029707,-0.3311578118003628
1081,0.22918357044481574,1.1987052106823095
1082,-0.797407386411481,-0.23046401345238687
1083,-0.7406129604989224,0.34795733347834235
1084,0.514509212053698,0.1585696096402581
1085,3.4628881412135915,2.429878343082458
1086,0.11632585368254318,0.64231836595096
1087,-1.1542211431119522,2.633805752903502
1088,-3.280639813722895,1.1993092204616331
1089,2.4926325246887346,0.4178959694152685
1090,-0.30607113682043424,0.7056057865859011
1091,-0.2939493248540965,1.1447976066553143
1092,1.0810538251768287,0.0358276980307268
1093,1.2950731706802767,-0.06077194650007133
1094,0.0271111894955777,-0.4193190443187795
1095,-1.1933176010314968,-0.20808040645871284
1096,0.07998781699734675,-0.4504930946293852
1097,2.5157915832526854,-0.14477815899563096
1098,-0.8543515281429512,-0.11084468356999563
1099,0.7172222048724162,-0.22795035648476705
1100,-0.11659728244807999,-0.2222823260681112
1101,3.6116949795311637,2.0188613592623823
1102,-0.18314008146472902,0.6669761386437639
1103,0.29898844575580336,1.3113832360378574
1104,0.18636162547380672,-0.05694516334046165
1105,-0.6916816857051781,-0.3039039082150437
1106,-1.6296611916801884,-0.28382107919476485
1107,1.2561806821428672,-0.12669470045401496
1108,-0.7372165251165995,-0.28427821567029576
1109,0.14717318287870862,-0.5727668912001156
1110,-0.03892161833928542,-0.5036854835101618
1111,-0.27148984296411943,-0.5599363422083382
1112,0.9528368640885932,-0.4132085755075775
1113,0.28783614929164697,-0.20580659043156088
1114,-0.4565288454125414,-0.6006346337308905
1115,0.5783278135739242,-0.4744375511970915
1116,-0.01371706325173436,-0.34151376372550074
1117,-0.9308177163411427,-0.3318500122929807
1118,-0.0899371142697958,-0.43842843154742783
1119,-0.30650267916884194,-0.20915271052208034
1120,0.07136884102596962,-0.41804140689496755
1121,-0.5538409283800618,-0.4103193653568
1122,0.0810280661176666,-0.4746812171887855
1123,-1.0143975779015257,-0.4538316916285579
1124,-0.3675033867595729,-0.39910862308024136
1125,1.0141603299194903,-0.42142014407779116
1126,0.014932109981114168,-0.44507134663449044
1127,-0.7452009079882141,-0.2323117974797246
1128,0.6180440429010456,-0.29496031818594487
1129,0.5810397049512845,-0.44153463676033083
1130,-0.854386017678269,-0.43404953560945153
1131,-0.10009310623521707,-0.5355948788845276
1132,-0.8874157338013923,-0.35687086297081017
1133,0.6090048791345075,-0.5564691165227557
1134,-0.2661730947659814,-0.6168202995625576
1135,-0.42282673734161613,-0.5410804727637037
1136,0.25670300191756196,-0.5866997744145815
1137,0.008361925710040826,-0.5101209832540465
1138,-1.7089637978015788,0.04454365576522006
1139,0.7998704004017826,-0.5359131378374618
1140,0.44635772749108893,-0.6157271036835578
1141,0.5439769583887373,-0.42813563563575746
1142,-0.4500525332934195,-0.4557188927914826
1143,-0.1387671227000996,-0.5482197742493857
1144,1.4271950035925256,-0.42249046403314244
1145,-0.15668398588193092,0.5536487922619957
1146,0.691319654611543,-0.20942490462384206
1147,0.5197984294331076,-0.38876484582465864
1148,0.34053003010308003,-0.23394992927848224
1149,0.12970223113195925,-0.28044634290518744
1150,0.05154011861143862,-0.5766841791737791
1151,1.0021240255708208,0.36216697981880247
1152,0.14925910534953796,-0.48085566990780143
1153,0.5281657015143444,-0.24471062190611564
1154,-0.9243496396080638,-0.15438287708901977
1155,0.33964305667421224,-0.4190653525279221
1156,-0.06644421107159416,-0.38814789059307847
1157,0.744434984631244,0.4749922270170012
1158,-0.06085585573844579,0.12861708694489413
1159,1.7460126522041912,0.9725569060579642
1160,-1.7354355863300708,0.48231931190722865
1161,0.12168009268229694,-0.22395537283819503
1162,-0.25505057861510855,-0.47778741282519477
1163,-0.4069635065005683,-0.504732255924848
1164,0.1991574612236039,-0.3720646917583461
1165,0.5821969087108174,-0.42184240094620895
1166,-0.036597793869263776,-0.49102646373430153
1167,-0.2372165078107855,-0.5307646531047618
1168,-0.032156997006225596,-0.41168781735041327
1169,-0.8824301795458074,-0.4285961622380846
1170,0.6269197018025084,-0.5799244172471194
1171,0.8173698357398522,-0.5030097511341506
1172,0.2948335817611492,-0.45762886757555044
1173,-0.5204946585526268,-0.46810446687725493
1174,0.08291167120549155,-0.5101460801529737
1175,0.652772435371324,-0.3927839317535065
1176,0.24663146192928284,-0.492186625363104
1177,0.3565347231517951,-0.01730901258307598
1178,0.09704856225930353,-0.49965725332252503
1179,1.250627770455607,0.9944341850829274
1180,-0.5174141823633951,0.5807126107823296
1181,1.2563971117681212,2.0941968610241917
1182,1.3071941772163294,3.2294766949555638
1183,0.6536326302856185,2.757340430630054
1184,1.4869215332842183,3.0167012808383533
1185,0.21883650774012386,2.5484384562934843
1186,-0.10064179845285148,1.0194068840782364
1187,-0.9824275160063669,0.9134806741126071
1188,2.1590740403591853,0.887602238290542
1189,0.34911801313492036,1.173488681109436
1190,-1.626449788890032,0.6002676291167766
1191,-0.46678353806152884,0.6132035364460371
1192,0.4042896863447368,0.21025931954610763
1193,-1.3836963857711675,0.5907167860795445
1194,0.19659248240997917,0.7831792833788009
1195,-1.565136823748042,0.6462511356160328
1196,0.7195469124174177,-0.33608459970690996
1197,0.867123338138244,-0.259978681057477
1198,-0.5103965569207137,-0.4558095085765184
1199,0.6610198157515879,-0.4389897280030601
1200,0.9674409114436447,-0.34149867884383084
1201,0.2996229931758387,-0.538928208260415
1202,0.5838068705607653,-0.21251598859357496
1203,-0.26223592494008047,-0.17337178696008337
1204,-0.5483968765417951,0.16056470371156548
1205,-0.31947006805755823,-0.5165089077143791
1206,0.21353607363774393,-0.3722137885341104
1207,0.754944660575461,-0.41681671294977213
1208,0.6084003593400199,-0.5051941909324126
1209,2.2735018024865585,0.2881443572728814
1210,-1.0169328332026348,0.0786232889190022
1211,-0.022242107393216862,-0.05105449010898517
1212,-0.11983326664006178,-0.40266287110292537
1213,0.40871757623775656,-0.3066325431930903
1214,-0.2882570501018836,-0.4404175721719239
1215,0.7522893403403682,-0.5470451267631757
1216,-0.1984565529359259,-0.5010109891276413
1217,0.360682038495638,-0.4260301725037858
1218,-1.1261782788171542,-0.35619700002060806
1219,-0.519306307010422,-0.043477046001379464
1220,-0.09250411822384991,-0.3102074756970038
1221,0.14512832355361138,-0.49250189901462144
1222,0.04021877560497927,-0.5003400059231986
1223,0.7073774990481537,-0.533101654978025
1224,-1.521371054981288,0.13080039773859645
1225,0.43050371206486576,-0.1949612214650684
1226,0.8206879836303622,-0.29030998331666136
1227,0.6725280720067933,-0.29109484469382274
1228,-0.01769326320596087,-0.500007754634055
1229,-0.6659347154930576,-0.04288250325005759
1230,-2.5824954853045416,0.3663911534063075
1231,-0.1682785823280366,-0.20599465753622354
1232,-1.052792212415922,-0.21421655611339388
1233,1.1447502641686014,-0.3375135735158502
1234,0.5831473737586056,0.29752112321479407
1235,0.19204370157487843,0.08175788547387933
1236,-0.5762620370499169,-0.2681527502024855
1237,0.8898949678714575,-0.3769480893775323
1238,0.18184695279281812,-0.23953512425620144
1239,-1.1937447044889522,-0.15237585279809018
1240,-0.12557183563024515,-0.4991478280449468
1241,-1.0658260116882063,0.23288999779112396
1242,-1.011880201186328,0.4473525142945139
1243,-1.1071088136598772,0.13948779156201765
1244,1.1003727004326407,-0.11957111467024724
1245,0.5087987587461579,-0.08109304709769102
1246,-0.7740615557298359,-0.5048142928205948
1247,0.5022095195519917,-0.43245835864420606
1248,0.18662110827646014,-0.433481333731679
1249,0.2361569117849573,-0.4300173219349728
1250,-0.6788845613521605,-0.3350566219249293
1251,0.6712188964803423,-0.5555823803894162
1252,-0.5386270956362159,-0.5199117371149853
1253,-1.2397426832625777,-0.41509397342499704
1254,0.0796775210344019,-0.48040839400333063
1255,-0.6649320840422387,-0.39441388838718994
1256,1.3928760625850556,-0.08687729513479274
1257,0.24619989027675465,-0.3743305340836294
1258,0.7712242385835202,0.04093871641730593
1259,-0.23741539103599088,-0.3771398467734508
1260,1.098601454567216,-0.023428465066293952
1261,0.49426827087351916,-0.1967615368828027
1262,1.0164978012893315,0.6818249153599452
1263,-1.1226791893586412,-0.15174876168839843
1264,-1.3001100052318506,0.11977655077137393
1265,0.23230508364127356,0.040353213128195495
1266,0.6291286980543455,-0.14819212684675345
1267,-0.14953466476138114,-0.16578767510528766
1268,-1.4102066983260966,0.9544259767879376
1269,-0.19694736401137342,-0.37023655234562036
1270,0.226879500907288,0.18525395444176887
1271,0.46992679063934445,0.02990357121557993
1272,-1.702371833017626,0.16945867990939326
1273,0.3237557066177871,-0.428514239664056
1274,0.34550830705322894,-0.4057694917862725
1275,0.43886806464215455,-0.2964345910649217
1276,-2.190110403459015,0.5030745287681198
1277,-1.5699657499200093,0.43938359479291766
1278,-1.0041397260031384,2.2148947754564094
1279,0.7599270778485486,0.8484696784267147
1280,0.2877041362104827,-0.05295257690434193
1281,0.8864725016881622,0.012136919530158054
1282,0.25786850902023084,-0.23824048211597681
1283,-1.0960015468811943,0.12989344780256873
1284,0.030513561294607507,-0.2802251700736995
1285,-0.31286551665695284,-0.267163529087088
1286,0.9725572639219286,-0.4249098668912781
1287,0.8648623327701133,-0.21323638864376523
1288,1.007889893584511,0.4724471591463265
1289,-0.6938895459874916,-0.05824419590108704
1290,0.3592501741811043,-0.5228233634268453
1291,1.196966036236047,-0.3366430520117153
1292,1.2366458820719786,1.6254069493006862
1293,0.5918213756681948,0.13856545841161197
1294,0.09676945074486763,0.08503367706649032
1295,0.4467858351622403,0.439033157438113
1296,-1.0431047532772033,-0.20668097199264962
1297,1.3636532790690472,0.18453415593328434
1298,-0.8273307287489535,-0.4206052382238351
1299,-1.2704557877696054,-0.12476294625927359
1300,-0.3771228199158652,-0.292776390132656
1301,-5.799385397232117,2.9089223114014
1302,1.62466330182385,1.2194710831466107
1303,1.8292810341694445,0.8728002364875346
1304,-0.32310681983389905,-0.36895639459339225
1305,-2.9187056955924593,0.25750895580458616
1306,0.14759283895555605,0.016143147662263085
1307,-0.5450537628657578,0.40494361056160877
1308,0.9077625583577336,-0.2928445642117578
1309,-1.8570007530524373,0.07990913482877639
1310,1.4966158500043507,-0.030290527470824093
1311,-0.9013173146261709,-0.33278105156317894
1312,0.3845347553439046,-0.44662187733864983
1313,-0.7987397460160044,-0.2630927311236563
1314,-0.006935533968232616,-0.5297029039693915
1315,1.1884245709979124,0.4583500772118024
1316,0.5888393062592037,-0.549256227662364
1317,-0.8816819083140008,-0.39017454734209056
1318,1.2898098605231465,0.05952473925271987
1319,2.103163819721243,0.12835360720900282
1320,2.9669051926449033,2.7133990322909205
1321,-0.10887350758265481,-0.09566464479550497
1322,-1.6541553652527543,-0.1207476843191808
1323,0.35467449116593697,-0.18867599148690103
1324,0.6116015395328108,-0.5568841518864663
1325,-0.42178547387121335,-0.28454745894036215
1326,-0.8304044909892005,-0.1517570029573309
1327,0.6674746761876047,-0.33859538265364414
1328,2.996943655071089,1.0203167125876553
1329,0.7604554676639367,2.3863075680875143
1330,-0.8254618897189303,0.9418606475365964
1331,-1.4185970076212584,0.5187089373381305
1332,-0.41500810663269727,0.024946903874348978
1333,-0.11040957778376141,-0.1480222143142704
1334,-0.5782476648888158,-0.24491295810699845
1335,-0.1313845177990511,0.07623433569657745
1336,1.7924294487308563,0.1755780893268755
1337,0.6901491326931761,0.10000960672414633
1338,-0.36269055857270205,-0.4280597326308711
1339,-0.4466439151781867,-0.10180259000059984
1340,-0.20313623110329318,-0.44376950905635937
1341,-1.8795723017521775,0.08421256882409678
1342,0.7692899009301926,-0.41176035987474013
1343,-0.9328757929201703,-0.20532623903673503
1344,-0.47557148510180175,-0.5222451956474575
1345,0.6999799415339851,-0.42288938111841273
1346,-0.3937390048417232,-0.34122309229843834
1347,-1.8138227314115307,0.4579603091817229
1348,1.0279750289072935,0.3408327833129073
1349,-0.08817031586991461,-0.30064029222336996
1350,0.8451872689116834,-0.5134429702357998
1351,-0.4183098433617938,-0.3013181278614019
1352,0.5770828090928741,-0.4897150007133872
1353,0.9557064324304149,-0.38694545261809554
1354,-0.24932971161196835,-0.2643347588956167
1355,0.5839940431845214,-0.40340109216658304
1356,-1.993449178969323,-0.29763419313892336
1357,-0.7366355237192144,-0.43041726695337695
1358,0.3977049209061036,-0.4355303946306632
1359,0.16239230654337652,-0.07124127959995134
1360,1.3431597648847267,0.5487841806886098
1361,1.1591600118155951,0.7331945682345148
1362,-0.20620713811911986,-0.31999855339006816
1363,0.7610088252565766,0.8963373485360386
1364,-0.2611520669047517,-0.03022839984380175
1365,-0.04483510660816361,-0.35504181172136795
1366,0.5970975768821551,-0.4704001472723458
1367,-0.9176124598336841,0.31274766528218
1368,1.1885565588355127,-0.16864145700851427
1369,0.2726903119959578,-0.3650940914105669
1370,0.05707770993021638,-0.08714390050670712
1371,-0.2572816105651088,0.1402933006997894
1372,-0.8516445170548689,-0.17965603529751525
1373,-2.719555235111277,1.2799193319674371
1374,-0.2527789218234828,0.5681870920258641
1375,0.8088736062676964,0.40447690913930834
1376,1.5271245304354213,-0.09740486776666371
1377,1.442702603941911,0.3976553663942826
1378,-0.18890517942835242,0.46805515202125103
1379,-2.8617936121549046,1.386904402274193
1380,-0.5266117486786004,0.017368066796295753
1381,-1.3587706086705378,2.411948651178019
1382,-1.4246780458739297,1.7750636240819724
1383,-0.2515220306779114,1.0561081653467363
1384,-0.10494598151067924,0.5655545963765014
1385,2.01722819596245,0.7218288050216173
1386,-1.868907218632374,-0.12657943473092603
1387,0.684014901400297,0.43337498094277693
1388,0.690138245245048,-0.1079895348480766
1389,-0.3732955975986078,-0.4358786124237825
1390,1.1401718998237995,-0.2985735630199135
1391,0.2990029557682592,-0.4016358102904757
1392,-0.2371471578446365,-0.44405937793081807
1393,-0.08189433966023975,-0.3786742767521378
1394,0.4018818873209566,-0.3366463173023942
1395,0.6056919988125037,-0.24096868586956036
1396,-0.41010199799380537,-0.5287987645398644
1397,0.0775269041257367,-0.4145644453935762
1398,-0.666849884530029,-0.2746743296601856
1399,-0.3923187254925631,-0.46134146734696413
1400,-1.3032533565662134,0.0593047791321749
1401,0.10135774436618755,-0.5533764213718196
1402,0.7339169821063168,-0.5391708352596893
1403,0.20685064145932391,-0.5353937433963821
1404,-0.9169796025082487,-0.2749230979671004
1405,-0.8743923986345772,-0.08132564299252545
1406,0.9780892475416283,-0.5106314882040853
1407,-0.6002792853320582,-0.47862838479368053
1408,-0.3869168797125031,-0.35470585955985046
1409,0.7574785018330396,-0.40286357612503004
1410,-0.38386774688112796,-0.4523042475115636
1411,0.4766198767931021,-0.36556588779238425
1412,-0.18721767225537975,-0.5476369970932058
1413,-0.8016948933824066,-0.400119881477781
1414,0.46200758903784966,-0.4279183999588193
1415,-0.9550456279750544,-0.2373584157814243
1416,0.9979227776583249,-0.4334975841234378
1417,0.8748596782229179,-0.3564487938812407
1418,-0.019750627876886053,-0.4707436005184968
1419,-1.4407950581005398,-0.1592043759233032
1420,1.7322899009354615,-0.2620457176040593
1421,0.22381136471180274,-0.3935692785045243
1422,0.28819297232466307,-0.45440848835870057
1423,0.43976019612134715,-0.3807716848616999
1424,-1.906343492603533,-0.18724358131304597
1425,-0.08870934433160178,-0.3753490120333399
1426,1.4585092348196074,-0.3379341975763903
1427,-0.3277560736356845,-0.3150271310009312
1428,0.7455548790684574,-0.3341768600982574
1429,0.44077813359951307,-0.32405005697818196
1430,0.6507030963019015,-0.3089598214133788
1431,-0.9793087683748799,-0.08648122605600879
1432,-0.613660619153882,-0.38253970932029735
1433,0.775736500079508,-0.5186531343700737
1434,0.8916953009714922,0.2879807353726765
1435,0.6247141345856325,-0.46815811535017765
1436,-0.4996778816804903,-0.4300491110863852
1437,1.042562997893452,-0.049403524024959455
1438,-0.9416268471169872,-0.3307529813136135
1439,-0.338438774157986,-0.3832744921005154
1440,0.19352368909851025,-0.551584596031828
1441,-0.12902347668321545,-0.5341739872849787
1442,-0.7445704083373046,-0.36841503448099616
1443,0.9543175644260826,-0.5322305572056402
1444,0.9744042021989234,-0.43082921041314537
1445,-0.11495731880750143,-0.2980117943905259
1446,0.057693199156264294,-0.6056257396799777
1447,0.6035181240380968,0.13918843333977807
1448,-0.25187070837466263,-0.1727999715971433
1449,-0.22852828558779958,-0.0727490606755478
1450,-0.07090407368026043,-0.34986772692111345
1451,0.8816203120275924,0.463817633266833
1452,-0.06543799808165947,-0.11179919921779488
1453,-0.6968540205318677,-0.12154491744535637
1454,0.9009966299004648,0.1956323245684486
1455,-1.0247888168751509,-0.28275168925136124
1456,-0.25119236224492447,0.13550366491675578
1457,-1.4622918523838278,0.5800206097519327
1458,0.8026447396646037,-0.33838411459914497
1459,-0.4447066637975924,-0.056061094396395866
1460,0.03348124233473365,-0.23798542292179442
1461,-0.06813437122856877,-0.49784976641942086
1462,0.1288934706224297,-0.42417605799869285
1463,0.6572466078381136,-0.22253177857938056
1464,-1.362466165613,-0.060635862860454914
1465,0.2370605130513326,-0.5511176754863779
1466,1.1743699346540057,-0.456667588340849
1467,0.0356391861300851,-0.1499188141497941
1468,0.3347308777379534,-0.282336960116572
1469,1.2704796123632867,1.0935177243054255
1470,-2.472779205810504,2.1094706226000772
1471,0.34523520830178656,1.019254561168208
1472,-3.7816513036711594,3.2808000418015406
1473,1.5319464873557929,0.6681873442394898
1474,-0.6453432022705878,0.49375925139612825
1475,0.4174857302518874,1.1665617810790634
1476,-0.14645159767614854,-0.36483500593376034
1477,-1.6450352220455624,0.7830812552687202
1478,-0.04695673497346223,1.2248548623717626
1479,0.41410473825211974,-0.036670566409293996
1480,0.32561780461310713,-0.2788353126563209
1481,-0.2804952320710719,-0.4403274101390868
1482,-0.7706305230645332,-0.42389187276214424
1483,0.8269536450366414,-0.44438161141989035
1484,-1.610967534051095,-0.07375336826386052
1485,0.5655440210549905,-0.24230705007809855
1486,-1.321187832010663,0.009933153055426362
1487,-0.09186849741423825,-0.32395014586271514
1488,-0.8331689694611435,0.6984632623346605
1489,1.1085230920735194,-0.35457634398453036
1490,-0.8375714939087079,-0.46792508151911266
1491,0.21520677363810897,-0.32698490167570166
1492,-0.486138066649612,-0.27503908462587984
1493,0.15092581858841173,-0.419894692470744
1494,-0.30092912568149605,-0.5025909753561364
1495,0.689076821353039,-0.4712237903604209
1496,-0.5025805259513924,-0.35957988516227557
1497,0.005405484197477084,-0.505124048430093
1498,-0.5503454083858634,0.39583617010922106
1499,0.0532251417518377,-0.15798882869349912
1500,0.5205367415179075,-0.3468074361197988
1501,0.4111977712662062,-0.43854387693736235
1502,0.012310453703738636,-0.6066515561800426
1503,-1.5679083573510892,-0.05863438899467521
1504,-0.3427859192288791,-0.28982814476446056
1505,-0.17640214958023484,-0.4484568854562154
1506,-0.6746525917359384,0.4793121885931545
1507,-0.05304306569676921,-0.36706511267568104
1508,0.017899938738372048,-0.47770374002638044
1509,-0.8948995782905402,0.28203654919885496
1510,-0.0005279617268013452,-0.10393563190098112
1511,-1.6013036312351074,1.1531403691342137
1512,1.7567427446509072,1.3139446638506036
1513,-0.8103289684453824,-0.22967286920023663
1514,-1.139380603579977,-0.3653675007795362
1515,1.0820873031080638,-0.21308765965522197
1516,1.434255842519582,0.3595571500080515
1517,-0.46010969297365106,-0.41359931479717693
1518,0.9441576800002985,-0.47984424825035565
1519,0.5669370250083751,-0.3434196015826273
1520,0.18453904773841823,-0.14743237124464648
1521,-0.9035727425611191,-0.4975388763581461
1522,1.0542011604848702,-0.5142905497318687
1523,0.5053054156301205,-0.4479638502800294
1524,-0.5819459394329409,-0.5340355269993933
1525,-0.3930630531594849,-0.5792265466212756
1526,-0.2336983367126721,-0.39078894499418126
1527,-0.03222433836770743,-0.5059267729045641
1528,-0.710208563878422,-0.19377269220923027
1529,-0.5472321113056284,-0.16432400314835796
1530,0.9443397836253906,-0.19172326916015234
1531,0.7280247961456694,-0.39680071448655885
1532,-2.336016270501297,0.9259720417625723
1533,0.3017376380651703,-0.14291186870206837
1534,-0.43528109608640086,-0.178678310627184
1535,0.5762817414496991,-0.11831593057108089
1536,-0.1547560810436658,-0.41435864338951345
1537,0.3754114110479385,-0.4290150921536357
1538,0.12205829097931216,-0.42920103561734907
1539,-0.7714705753354355,-0.44626576658568157
1540,-1.0820850267582873,-0.45428298449335736
1541,0.12729163217302258,-0.48899013149877946
1542,-0.44430162259046546,-0.42184932943897613
1543,-1.3421545266149266,-0.16446850430183094
1544,1.9445792861788747,0.473854771826811
1545,1.563528109201491,0.4928021333032393
1546,-0.723539231723166,-0.21298763760162118
1547,0.29194098526534606,-0.3886158977715419
1548,-0.47810370820515047,-0.16851317078457412
1549,-0.36878202842412344,-0.4980088868178295
1550,-1.063839086447296,-0.3052116607148653
1551,0.9436106616780967,-0.3102138448602096
1552,0.9012585631875978,-0.2652079118951346
1553,-0.22952880235431358,-0.3848036756997276
1554,0.27565734524285046,-0.564224517338931
1555,0.11955521492511406,-0.45745672941939103
1556,-0.7998619864469262,-0.5119615268690257
1557,0.8503104935243212,-0.48198214287734087
1558,0.33513669581871824,-0.12050342531233456
1559,-0.34850407958345925,-0.5223959440375545
1560,1.19094847051056,-0.08522322123363639
1561,-1.443773163643406,-0.28273808783675203
1562,-0.8557187573536785,-0.18052601314993638
1563,0.01585656417517442,-0.08817568350174251
1564,-0.2724045890842595,0.02500552791318609
1565,1.468440771592108,0.6345097000970032
1566,-1.639704179341657,0.06821725171675913
1567,1.2293276332002616,-0.011959655100612032
1568,2.2468515001286375,0.6213616476792133
1569,1.287849211386648,1.0871034898726857
1570,-0.3829123086040606,0.25087056954538345
1571,0.5681193393218998,0.1685827116872959
1572,1.383872770403559,1.5591268199598587
1573,-0.8104078554007319,0.5863432813891234
1574,-0.8054865490781122,-0.26211803499013986
1575,0.6381210776583178,-0.41028437808842305
1576,-1.199990925205348,-0.11692109637802933
1577,-0.4495493155764382,0.029430098186946623
1578,1.302803655230877,0.1401711328997324
1579,0.660698957046438,-0.4390715522799436
1580,0.9421387071376103,-0.10331999516942288
1581,-4.28417575510626,2.8993835647699933
1582,-5.235001104304838,4.793253530644684
1583,5.182473512333075,3.6220255384244138
1584,1.1727533002378998,0.7772921071859897
1585,-2.626189496032136,0.44943323000548796
1586,1.2274479244268905,0.04080275371298261
1587,0.7070870083390399,-0.39307789045260044
1588,-1.6806480374941133,-0.2894060516185598
1589,1.6561684333554678,-0.4722572464970502
1590,1.9038129342179824,2.303606512944596
1591,0.4421882161660185,-0.36999015605917407
1592,0.8096631361827886,0.3246263278911388
1593,-1.1363468802347136,-0.4572326952605503
1594,-1.052224524705843,-0.5262641038264663
1595,0.9779194578883721,0.3109277381809029
1596,0.7133824311657958,-0.26393461959080317
1597,-0.5098192573635687,-0.3970642843642755
1598,0.37442801441961765,-0.5439886929730846
1599,-0.7837625018102138,-0.4938101463161382
1600,-0.31672109238838153,-0.4871822118171129
1601,0.6745256143123636,-0.6108372366195263
1602,-0.3038360890131769,-0.42611326301398045
1603,-1.0551937213244542,-0.42673335202174345
1604,-0.4085693761476925,-0.48667172757042687
1605,-0.6204071246290378,-0.453419354093003
1606,0.07866915049875793,-0.5650956276122053
1607,-0.14468126961515634,-0.2641941522525424
1608,0.15660754478174277,-0.24957411104625782
1609,-0.02693529331699202,-0.4258767472676408
1610,0.6100149911036507,-0.5641429839423348
1611,0.6302103712715909,-0.5420896716872295
1612,0.5122702078486436,-0.5897286769561162
1613,-0.46610021520739237,-0.40682422689665576
1614,0.2707792414641233,-0.2579737842844668
1615,-1.1064988726329756,-0.26845230863403846
1616,0.4342177912912961,-0.4794030143367889
1617,-0.5098685987178486,-0.5312972200740864
1618,0.6893892728371934,-0.6313206515595303
1619,-0.4850237429573194,-0.6217893569120648
1620,-1.7817212681848396,-0.295203122635453
1621,0.3643693896239217,-0.5719358608050623
1622,0.6032011068846762,-0.5872696220204044
1623,-0.45144252010275543,-0.5495886258071245
1624,0.39492245018017774,-0.5041356028308835
1625,0.3285098468057447,-0.39990501358095043
1626,0.9155771984654231,-0.2813348196276276
1627,0.40193618914878804,-0.4246907849000035
1628,0.20499204607072194,-0.3308358426859001
1629,1.2517740644299364,-0.31525890000638596
1630,-0.2472395183482328,-0.4835865622853413
1631,0.009947489628105785,-0.2939410748182412
1632,1.127615353064544,-0.0902796119443866
1633,0.35412509431068806,0.20890576295936814
1634,0.026813782229153968,-0.07078769433744349
1635,-0.5359674380396978,-0.4690380997935433
1636,1.4547222692826307,-0.24568636042531103
1637,-0.7934609352747386,-0.17032298096500376
1638,-0.26610374313549,-0.43485057320931725
1639,0.2387139926469854,-0.3265521529958301
1640,-0.5759223466568613,-0.4276653461168335
1641,-0.12740646063039388,-0.4576479693501211
1642,-0.7813928843214686,-0.3661598993764621
1643,-0.07650972162883991,-0.479957566152165
1644,-0.3449125208605041,-0.4535549929784096
1645,0.9827925471807106,-0.5142613831428343
1646,-0.2694784361878866,-0.45876855600764976
1647,-1.217629060108824,-0.49970385538575696
1648,0.7087323714361272,-0.5601779697781948
1649,-0.3532270514907143,-0.5862437758793767
1650,0.5076645210556953,-0.4658086630391437
1651,-0.26021770617780254,-0.4266112947430822
1652,0.8514437335036759,-0.5342042087490979
1653,0.7818875051254685,-0.6396013122622908
1654,-0.5199604442382826,-0.29036857324303045
1655,0.5220901125591982,0.16226640993214217
1656,0.6454324864229462,-0.4399462772857941
1657,-0.029204042696161548,-0.15952097239097046
1658,0.0293442594663201,-0.3555740047019062
1659,-0.7336759856527825,0.18237624492125953
1660,-0.003618862535961095,-0.49710493014692697
1661,-0.3424953900288362,-0.29353544390928554
1662,-0.45362114609032816,-0.4130113062226784
1663,-1.4796803679282475,-0.06868522036438374
1664,-0.8304466247014786,0.006700479013213666
1665,0.41036549170031233,1.369249300084303
1666,-0.30821834339409526,-0.281668242707
1667,2.668648727691194,0.9548934541003063
1668,-0.7604004212516753,-0.008090618415912772
1669,0.9415373858628644,-0.13948683083251212
1670,0.07873589701765465,-0.42750426328050006
1671,0.47830749583619514,1.9204476148816858
1672,1.8229831505076262,0.8418537686596771
1673,-1.0122119677608579,0.830458935958078
1674,1.1332684693768071,-0.14862502042090794
1675,0.2614619441193631,-0.29532077200485984
1676,-0.011088382015683136,-0.3856064491994069
1677,0.2711498560592103,-0.3594306975212324
1678,0.16940027747313224,-0.4044962711687954
1679,0.479691141280859,-0.47344031387702956
1680,-0.10492016726902062,-0.32249657667347376
1681,0.327716863265562,-0.6050894558924188
1682,-2.013291199936176,-0.0770039046277526
1683,-0.3356829546030212,-0.33797016453402273
1684,-1.676307425786295,0.2798412984852709
1685,0.3665700201243319,-0.06879211450266016
1686,0.5277505625710545,-0.4133435346959517
1687,1.1802876438257537,-0.5560667613047677
1688,-0.048291146013893144,-0.4476893640874864
1689,-0.19797921614500708,-0.47529953164602395
1690,0.4421181364141894,-0.4883797034334765
1691,-0.4270114840022534,-0.5277628907638394
1692,-0.5698106845272365,-0.2724001906481235
1693,0.28345229607181843,-0.42141772356738577
1694,0.3948967128008086,-0.5917373534799885
1695,0.2600333941548436,-0.3471445052586394
1696,-0.2334565151205365,-0.6014235761423695
1697,-0.487587110410275,-0.4894083874794671
1698,-1.294415795998064,-0.40248044847242653
1699,1.0035285799558296,-0.39573548783008705
1700,0.5391964147499066,-0.565709245287548
1701,-0.4778630786545722,-0.4770111715388895
1702,0.2778631246892911,-0.517833998206859
1703,-0.16532062801525382,-0.49490809597343455
1704,-0.12273474954480369,-0.4400590996827241
1705,-0.4037162637912078,-0.3685616588264297
1706,-0.4057071206079239,-0.09586033697673972
1707,1.416054229100969,-0.4509339381824635
1708,0.38141616364021447,-0.2732425874612831
1709,-1.1956003690678783,-0.3662246936704003
1710,-0.10978139928006149,-0.49915420947513955
1711,-0.5340644745556117,-0.6010655119671946
1712,0.862139386326197,-0.532674476024279
1713,-0.11409212574963616,-0.5657889247236271
1714,-0.020250973689792964,-0.4157693275615491
1715,-0.504760015555527,-0.4872622213868937
1716,-0.28903873212881714,-0.47135024811168924
1717,0.7925637587619622,-0.5689609474548061
1718,-0.09763061094557075,-0.6088228585128496
1719,-0.970264543583076,-0.31382626657489615
1720,0.6344697180323378,-0.4772557368109379
1721,-0.10224027635352906,-0.4949146481057482
1722,0.018526904238869414,-0.42779324627091087
1723,-0.4927713721399369,-0.4607724822727671
1724,-0.3340895771001252,-0.4923408960356778
1725,0.5694101462819993,-0.4872972138291719
1726,0.5034906024955235,-0.5784705388591843
1727,0.04772668100337048,-0.42652157205439495
1728,-0.24438007041380272,-0.3750092937956309
1729,-0.36451857662090226,-0.4501410002138347
1730,0.3865825029151352,-0.41828130365480826
1731,-0.6966481281900881,-0.48408938006173563
1732,0.23808208563475922,-0.2934867642084169
1733,0.5292500921529012,-0.5220570789743937
1734,0.10368049109796401,-0.5695244580733945
1735,0.5707476441271789,-0.36900013898567574
1736,0.1212882275252555,-0.49016767365440217
1737,0.06498483809959583,-0.48253217629650513
1738,-0.7605132842908664,-0.43430457154814567
1739,-0.40060754316890945,-0.3612679250680842
1740,0.1711435040925895,-0.4356215034334603
1741,0.34852505966779335,-0.4888215335167676
1742,-0.20214563102501962,-0.47411966816168466
1743,-0.12524569492367604,-0.3995005010876895
1744,0.1709664301152975,-0.4542200464162086
1745,-0.3339585940418002,-0.545058664740207
1746,-0.12797660869211142,-0.6264013931250154
1747,0.43199824991766705,0.009194388975480035
1748,-0.4503536104943311,-0.5662160103762662
1749,0.28026160279285395,-0.556200332255972
1750,0.5902194318433664,-0.4020888846744222
1751,-0.15889356800599128,-0.527232650436477
1752,0.22679596088869222,-0.48665669118664523
1753,0.706640281245544,-0.44224444721926337
1754,-0.3392469098822714,-0.35715268967129804
1755,-0.6939762320977058,-0.4744325918886493
1756,0.1596334853306391,-0.4526520114972329
1757,-0.35742630294755673,-0.44811255827665386
1758,0.6947813061626614,-0.5787741643574112
1759,-0.17957871028985764,-0.49083697289545514
1760,-0.26684192473375995,-0.31853293485409606
1761,0.49379463575321936,-0.5195430937381008
1762,-0.08601202736639406,-0.32075336074814303
1763,-0.7386988610411729,-0.20356152917685427
1764,-0.44430774164899434,-0.48022295534566584
1765,0.15432082791961557,-0.184099424525579
1766,0.18458202493160322,-0.5832192943981149
1767,0.4418158898797597,-0.6178191913244412
1768,0.10146195954761325,-0.4712352998173419
1769,0.07401298159255872,-0.577838138352762
1770,0.15486123727133091,-0.6506340104566231
1771,0.25895028324033986,-0.5220214241342778
1772,-0.29733843831241896,-0.47685966683089065
1773,0.8617931598893699,-0.493260151701416
1774,0.11224727927944679,-0.44790947232362266
1775,0.08295192765080349,-0.45235511558241676
1776,0.2563963793979366,-0.3556568714572688
1777,0.04558972968653364,-0.48751831409981217
1778,-0.2195342152391637,-0.5799894728143
1779,-0.10001820496817375,-0.6493719631366994
1780,0.031801632280092564,-0.5027752835905513
1781,-0.3892573422745454,-0.4399273510605514
1782,0.10035060027505174,-0.6163593960927346
1783,-0.038373876176862415,-0.41258710241084473
1784,0.06771761545322802,-0.5999249964020766
1785,-0.25714831420621836,-0.3955341618354169
1786,0.43596582187180644,-0.5067064939740227
1787,0.046458851962577444,-0.38339179740873114
1788,-0.014768650281653735,-0.6051271482914636
1789,0.8539871956686034,-0.3785161013251394
1790,-0.0744799921471685,-0.6170398710207875
1791,-0.4165605263561341,-0.4688639791556969
1792,-0.23458613989005916,-0.48767425724762653
1793,0.15894566282755124,-0.47338627633411756
1794,-0.23950252579589196,-0.4156383182702866
1795,-0.6891587152266561,-0.34109946360790194
1796,-0.038708996463752796,-0.4889072559818585
1797,0.35337137510122274,-0.6236448266782308
1798,-0.16360937322871077,-0.5202382326763547
1799,-0.17583699906432287,-0.5409325485859446
1800,-0.23692204641451245,-0.35317582272098136
1801,0.40497473635832526,-0.6191295437495625
1802,-0.08618197475557297,-0.5171411161453393
1803,0.6847294722829327,-0.5462864012712249
1804,0.3867934459252217,-0.4711458719423059
1805,-0.29704749515362233,-0.36064302077798566
1806,0.0712404704865538,-0.5539551348121613
1807,0.6900022207631296,-0.1616979264495075
1808,0.35289394161251436,-0.3816011177428568
1809,-0.4229145870033852,-0.4315906294880147
1810,0.591879478878493,-0.5164851528318475
1811,0.5757988575120169,-0.36216728471889625
1812,0.19071051608104722,-0.4676739349167971
1813,-0.5058242128404458,-0.3724445513101303
1814,0.5729434149316016,-0.6141964012785661
1815,0.29250956902466185,-0.5378716313185933
1816,0.8087469676527577,-0.26805819497294225
1817,0.144287610703163,-0.21925681307870165
1818,-0.996769894942486,-0.5476318058915429
1819,-0.0733756016922493,-0.5289354242419618
1820,0.5822237643630547,-0.4639360571734541
1821,-0.4481356016600769,-0.5112928890963325
1822,-0.26485243223653276,-0.5520836765729803
1823,-0.4347526571508002,-0.3835861267997584
1824,0.12147483203373438,-0.6219528279183238
1825,-0.5041047701019508,-0.45947231392353527
1826,0.12020641634985556,-0.5560846383107481
1827,0.46073362522712,-0.6274256231850871
1828,0.5298425426601525,-0.5564570638158929
1829,0.3294262498152883,-0.5417340462073469
1830,-0.18578348644895126,-0.29379869937602127
1831,-0.39207181937597757,-0.41551544131067464
1832,0.3938283027096481,-0.4784633991759376
1833,0.2696769094143535,-0.5713637883343723
1834,-0.07425413999395764,-0.539360187485848
1835,0.28716633369190336,-0.46410524986826596
1836,-0.2804907658588905,-0.576847815547233
1837,-0.03530860552605892,-0.5779868052738348
1838,-0.3211231156667595,-0.4695129385718353
1839,-0.25248309988662,-0.4289067880973257
1840,-0.42945979203131146,-0.36707010761931747
1841,0.10584162644697967,-0.5800969996888399
1842,0.01996666140923522,-0.40866112612478134
1843,-0.018128899228294318,-0.6068088209691931
1844,-0.1433156153085114,-0.5165630713440231
1845,0.17516381489891436,-0.4001793791686598
1846,0.06302292028227158,-0.6062942313791662
1847,0.1371176775605415,-0.5331463392041089
1848,0.16116472877338126,-0.4095352318819037
1849,-0.355017388045545,-0.47559559788634437
1850,0.0034169963863369957,-0.6168808716686935
1851,0.27921689203658145,-0.4281678075986814
1852,0.23921628780982895,-0.6209422809730221
1853,-0.177360052759755,-0.6082896839228258
1854,0.3601629388396305,-0.3313292608488043
1855,-0.32904236787879726,-0.5115952638299855
1856,0.08008244376458978,-0.3330088052790511
1857,-0.6066115463145251,-0.522233523925964
1858,0.2752303588039338,-0.5173763359297784
1859,0.21003859304325406,-0.6115990987843201
1860,0.5354816349141882,0.16085663533982136
1861,-1.3265322629382965,0.019268911752014638
1862,-0.26945423705842225,-0.2981988437029983
1863,0.30354606877458057,-0.45717513623567035
1864,-0.7046262587495218,-0.23642808661546075
1865,-0.5010026802271164,-0.29018487833786594
1866,-0.6743720206479101,-0.3282136157342923
1867,0.5053274567133512,-0.3227251045372088
1868,0.31839153705961953,-0.5362679835123358
1869,0.6905249634404952,-0.463442402410737
1870,0.2946455727413156,-0.39117103434993244
1871,0.44608757389541404,-0.3662860024586816
1872,-0.20131754959199066,-0.2833046997359235
1873,-0.2751780161268365,-0.3730708029975032
1874,-0.23608950956935573,-0.32872108044766085
1875,0.04019137725699113,-0.5829593867054448
1876,-0.06727105481661685,-0.5444194308170335
1877,-0.038545613844715894,-0.5836060743160972
1878,-0.015091452843077311,-0.5346748131171626
1879,-0.11412139203994665,-0.5208739480825961
1880,0.3767702112112677,-0.653859493464081
1881,0.4586053060296752,-0.6473086486120768
1882,-0.16685665563548316,-0.5410289022916334
1883,0.7124134680427087,-0.42645474926925225
1884,0.08318692713719572,-0.5528643708963558
1885,0.051770982658582626,-0.45686001875088794
1886,0.17288236402695756,-0.6151440724765771
1887,0.10648031992633734,-0.5803645358912043
1888,-0.17360268089163028,-0.48653122314810815
1889,0.2628773122246651,-0.5091081643947377
1890,-0.06944686808093178,-0.5851453188417665
1891,-0.35121093092380035,-0.5185007212375198
1892,-0.21133891691625745,-0.55971900055595
1893,0.14754313147183168,-0.5717343849259011
1894,-0.1530106347254478,-0.5898780335491006
1895,0.8392186462949063,-0.1763819923806648
1896,-0.10914644511577819,-0.3439624240545144
1897,-0.5315980400157202,-0.4336811379875323
1898,-0.030292243669091303,-0.47653347203430096
1899,0.7280535140224674,-0.47887056469234457
1900,-0.11164178507629456,-0.5754571884640174
1901,0.2896626876960741,-0.4710090303954341
1902,0.548441147230599,-0.5262598787739531
1903,-0.39446538956025134,-0.4885188685089696
1904,-0.3521453456803942,-0.5592120274633173
1905,0.5723899305692078,-0.4086179531939574
1906,-0.4430236456726334,-0.4122290142225327
1907,-0.11301947999738428,-0.5939719666517737
1908,-0.22771996941542402,-0.6013542534942716
1909,-0.21441740763098738,-0.4770095998272217
1910,0.3514852767541341,-0.5313815689994523
1911,-0.01560310821408104,-0.38780700332061424
1912,0.29523442884377915,-0.6255526020968503
1913,0.3981936178059614,-0.496146450456231
1914,-0.24731645487277126,-0.30497061147263826
1915,-0.14867213880480473,-0.42139852471112116
1916,0.0022432455588897444,-0.5997074681419007
1917,-0.11312285149845035,-0.496303836178062
1918,-0.19272013249178566,-0.5780846069116384
1919,0.23859278209692072,-0.34025371990139414
1920,-0.42251989494626285,-0.4695341390248261
1921,-0.4081775274323373,-0.5040065114810007
1922,-0.3537186015972471,0.16628186585164137
1923,-0.6552854484527099,-0.19280884166964768
1924,-0.659977019772585,0.07693034498193856
1925,0.04282792748669638,-0.13677327886150645
1926,0.4113017705763992,-0.5676293560804396
1927,-0.02516844340864011,-0.2964930155079111
1928,-0.2313885223097806,-0.5247193288517669
1929,0.09404458830044707,-0.4727308612943704
1930,-0.3338948360170565,-0.49049626646320127
1931,0.009737253422629155,-0.5493722252645973
1932,-0.1567681125787691,-0.4967348791285802
1933,-0.5877438608537467,-0.25036126422027893
1934,0.35618520881820515,-0.4466936623043892
1935,-0.16256730129260913,-0.5390144472406795
1936,-0.2296570526582085,-0.28119612238759895
1937,-0.8199069449716394,0.33053975532642355
1938,-0.845475735182913,1.2386556185334092
1939,0.3536228378391996,-0.43212213393177584
1940,-1.1890903824473587,-0.2434263111736943
1941,-0.052975420069775556,-0.27207387910304276
1942,0.23195028133217935,-0.14633413609763737
1943,1.0258830244796584,-0.0582698661117609
1944,0.22097896469364695,-0.604109811305326
1945,-0.13598533175761726,-0.37276249438987064
1946,-0.10736989222480772,-0.44636751589031287
1947,-0.7680748524153488,-0.4578869098071462
1948,0.5990642605082168,-0.38663927429032874
1949,0.36813532853605097,-0.43937134340210515
1950,-0.351539395516093,-0.4996238395474885
1951,0.9055959144560767,-0.26308550689827576
1952,-0.11137522861291428,-0.4672894851722965
1953,0.0733294250501565,-0.4636284643315247
1954,0.30766390155001505,-0.5176160704256045
1955,-0.5975771864317704,-0.3745444967649803
1956,-0.937301601763574,-0.38561810321261336
1957,0.5389385384700622,-0.554439671489397
1958,-0.8509491206171262,-0.05878508908870701
1959,0.6627181441250894,-0.15722931137663948
1960,0.47457604363925937,-0.31809881567587056
1961,0.20251770276148715,-0.48768606528209496
1962,0.4396558663048509,-0.4713169816143376
1963,-0.8507013083597986,-0.4369265030448471
1964,0.061907280695705315,-0.6683331710867689
1965,0.1912259042020848,-0.5713268746253091
1966,0.1248507232132277,-0.5681713512844457
1967,0.1177329493905518,-0.6405464061523852
1968,-0.17436198468450684,-0.5517957425786572
1969,-0.2854251838722877,-0.41889087108581025
1970,0.4691822992299349,-0.6618239724399905
1971,-0.3160819784854379,-0.5710030835915508
1972,0.034231299240360155,-0.60646499412765
1973,0.34922985211189944,-0.63108327478813
1974,0.58083228567381,-0.3465980606117568
1975,1.4684725672137093,-0.35206707860785563
1976,0.5089433133545268,-0.22342300669492224
1977,-0.11093340391268869,-0.11971076337482638
1978,-0.2970268322120473,-0.5907950205523025
1979,-0.4490400387664367,-0.35193677107586446
1980,0.052280076488534256,-0.5696033041427154
1981,0.4525857363868154,-0.5038616817033916
1982,-0.28508064335826094,-0.5195173132862874
1983,-0.7872457525567843,-0.41387514385795604
1984,-0.9595256368234412,-0.546783301809966
1985,0.4842230528628558,-0.5009017900517058
1986,0.16331824856576216,-0.49725281515551795
1987,1.4408750323519015,-0.5087222828422339
1988,-0.335308001002854,-0.4167278747942521
1989,0.2071397179118642,-0.6244979384813962
1990,0.25867840727381164,-0.4466280420878682
1991,0.8957068133218763,-0.00561847909194144
1992,3.396995427028005,2.6264312955063254
1993,1.7248212382411097,3.3880157436566596
1994,-0.4833365729035372,1.2961794635452455
1995,0.5122627163095789,0.7317959976852044
1996,0.5552867381478077,-0.12900849992682104
1997,0.9242787157972704,0.32985753194602
1998,0.15613358995533733,0.8546585765565854
1999,-0.02975011260803931,0.44896194239451015
2000,0.49725778364765083,0.21397528179508707
2001,-1.169931176828573,0.380583122896345
2002,0.7210138573809245,-0.32341048847151094
2003,0.11482588000474772,-0.15721592279921784
2004,-0.3753448080054069,-0.12398971134105478
2005,-0.11277756186408841,-0.030488439517044618
2006,-0.24456331737013615,-0.025249475413682377
2007,0.31587014541039826,-0.06438135734429491
2008,-0.44790099085729657,-0.2768865083198317
2009,0.44177984558982253,-0.3724541590770093
2010,0.7800485477776126,-0.27677028432072515
2011,0.008034374125776981,-0.06701599317325237
2012,0.5068306194638297,-0.30540159368208264
2013,-0.0972091512319977,-0.17280549467852307
2014,0.6307639303135925,0.8370110181745747
2015,0.35359165556188016,-0.28842372516385006
2016,0.08297377404975932,0.12289287568108573
2017,-0.4857630738576331,-0.12812499026581115
2018,-0.007707001135705691,-0.4894527863482931
2019,0.03035972521852824,-0.07517194186500302
2020,-0.4675317245477145,0.15940160142602175
2021,0.6733768093638375,-0.46625844484344925
2022,-0.4675547606992217,-0.4978529019178916
2023,0.5361957958087876,-0.05012294737379545
2024,0.25290233332685635,-0.11536827317990372
2025,-0.26479851968394763,-0.4218108352335349
2026,0.13956781939977236,-0.5441663272044119
2027,-0.43110071817306506,-0.04918091107989118
2028,-0.5056092738137101,-0.09412403430963528
2029,0.0002444701959605038,-0.47838869769415177
2030,0.31592798758982893,-0.33486470699311766
2031,-0.49410716132726834,-0.31268360127049893
2032,-0.7168687708985915,-0.38707503180043873
2033,-0.07005564313026223,-0.2276746821162538
2034,0.4428805672534834,-0.3660829151219422
2035,-0.9840824557339211,-0.32133100999889064
2036,-1.4602125639599512,1.2699026658650694
2037,0.4770471047556515,-0.40484312771830294
2038,-0.03944578951147178,-0.2370464825430309
2039,1.261927049160952,0.03762365778612609
2040,-0.16087111639697127,-0.26104300034010963
2041,-0.6131140318330159,-0.11186414443109756
2042,-0.6440259239569397,-0.3153620031606065
2043,-0.32564754272499663,-0.23430746259109753
2044,1.0522288970346247,-0.3826113077339182
2045,0.2998114864365375,0.2818255766974457
2046,-1.8960533235993964,-0.28616572858945344
2047,2.4276578645743574,0.2908706843261391
2048,2.571350851267623,1.8996854626400985
2049,-1.3307874061447222,1.110556443249866
2050,0.14595763239145762,0.13816830847802689
2051,-1.5654481717359188,0.44840738283418474
2052,1.0050681952646288,-0.179281345641639
2053,-0.6425517536931608,-0.2246671927500099
2054,-0.46715350940229755,0.021373756118443984
2055,0.28889610316977576,0.3327038529008099
2056,-1.8177284365716975,-0.2093233971795978
2057,-0.6767369474439866,0.11187616520327234
2058,-2.5763780732994634,1.2331802831034466
2059,-1.0813357154433925,2.92973634801767
2060,0.9718994036212112,0.8183716773886981
2061,-0.9574560023100562,0.28138237297087765
2062,-0.03728935699033462,0.15487213074975498
2063,0.030993384297546132,0.08652105696464384
2064,-0.31932218298421305,-0.30950733167453187
2065,0.337885833145613,-0.3197300402658878
2066,-0.6652270420867663,-0.2666549695155777
2067,1.198035170967999,-0.44754684359060926
2068,1.0874722920798354,-0.0746082486801604
2069,-0.003706915919760293,-0.29342219795755214
2070,0.48966412298077555,-0.20293705102745563
2071,-1.1532533719365226,-0.2619658780247081
2072,-0.1761017109805372,-0.575713333967668
2073,0.6934948354989886,-0.48039730771057926
2074,0.33654764080641003,-0.5602665194923404
2075,-0.7068535057809986,-0.40380874117598053
2076,-0.1992694584100656,-0.6099037416048584
2077,0.16029786466985038,-0.3125670519168004
2078,0.3482760007655529,-0.6155805827192312
2079,-0.8244132080884111,-0.31288930810168386
2080,-0.48517615948072035,-0.5363875188449515
2081,0.5035134089822391,-0.5170331298030937
2082,0.1126590921492519,-0.5642773334245601
2083,-0.09526364718435408,-0.4246346523032085
2084,0.5808758265922215,-0.6104759686097326
2085,-0.3501264711428273,-0.4729322021783884
2086,0.9508039900967639,-0.4253002987770717
2087,-0.2939381455630338,-0.45606193292286124
2088,0.44224008037576207,-0.5252032288552522
2089,-1.148346737954739,1.1377531109200705
2090,1.3940140846333844,-0.39483644879044344
2091,0.4348951642555874,-0.21866534081224467
2092,1.9537404605051825,2.200611224380878
2093,0.6447118994235664,0.1601395168644542
2094,-0.3154465542726906,-0.25325368280331084
2095,-0.4845455544975751,-0.24625830721922565
2096,-1.0534835698487002,-0.09065927208388568
2097,-0.6232163927342098,-0.3933479398136353
2098,0.9085164839535547,-0.27923923334179773
2099,-0.8992702528297908,-0.18211994829616912
2100,0.6771109413357363,-0.4694063648762116
2101,0.4631680089736943,-0.2192863386442818
2102,-0.10225578374572054,-0.5813819206671482
2103,0.1814554716580026,0.030200196836238483
2104,-0.08496265363951633,-0.3575487485761849
2105,-0.13178692583628887,-0.4961131059458075
2106,-0.7789228597701267,-0.4249446725900428
2107,-0.3326362043353972,-0.38133563531202974
2108,0.5453537242410068,-0.528496283853692
2109,0.6008930121618249,-0.36511197162764103
2110,0.17644880950906888,-0.3479558112313436
2111,-0.37372245371658125,-0.20975369081179818
2112,-0.5442370821187762,-0.11741409219462687
2113,-0.0392328277837457,-0.03794352290291339
2114,1.023499567039562,-0.4382265551831238
2115,-0.2893227248278699,-0.35251105113165826
2116,1.049786512019374,-0.09146801317831456
2117,1.3577836875442677,2.3188533838463856
2118,-0.013638204696009426,0.23981480957277523
2119,0.7084325088036348,0.46517319120749456
2120,-0.7911192793524877,-0.10008363089353878
2121,-0.05430759354940301,-0.20781794330350117
2122,0.3131224513651577,-0.2610514166189979
2123,-0.4006868499027963,-0.2920540100910727
2124,0.948561123833509,-0.04173039717703631
2125,-0.31964146452899667,-0.4507494074672973
2126,-0.19064615186167216,-0.41364534492130345
2127,0.34550162218221325,-0.09701745547440785
2128,-1.0128821137327035,-0.1757224703129349
2129,1.0204169937148881,-0.3084327966779373
2130,0.06386092502328586,-0.44502140889328173
2131,-0.07744854216375596,-0.20773760398064892
2132,0.6541844005921618,-0.13271375437061234
2133,-0.8303120401968536,0.07932233584790079
2134,0.42319841423552573,-0.2783481857435744
2135,-0.20717772473083435,-0.24404496028562664
2136,0.5863225791671767,0.4954897370198168
2137,-0.43962352976053176,-0.2242138477987407
2138,1.0350537990818065,0.4787506010860011
2139,2.1738757376041145,2.03660497840546
2140,-0.7308759253598108,1.4394745449317867
2141,1.6892531964244315,2.6405132679276995
2142,0.5626542553566082,4.333619334286044
2143,0.8712136337984931,3.7309106004395467
2144,-0.4400991512364702,2.036506813563975
2145,1.8643531437664922,2.9426554876653395
2146,0.27887015406385196,3.096656791295381
2147,1.8508742403235017,5.968181195887568
2148,-1.6525097882844404,2.7337889130889237
2149,-2.307473207589391,3.8790227757427194
2150,1.9526347709395255,0.903758607760404
2151,-0.42788743037928534,1.1710136481772273
2152,-0.559621472658327,0.7084726566582101
2153,0.17667119938156742,0.12150170780318426
2154,-0.49357684612521735,-0.23813506430593423
2155,0.3875613632038192,-0.1104249064279069
2156,0.1601266500352774,0.18856275406859957
2157,0.7482255591244812,0.11049250089700186
2158,0.43523887124384364,-0.1847183070588443
2159,-0.7717499936575541,0.30390890119437425
2160,0.054124185686471024,-0.4555255385775939
2161,0.8030763242423603,-0.3255498025804758
2162,0.09543156177757275,-0.30345000077683965
2163,0.005302174722783866,-0.48177907528269925
2164,0.008811728078941239,-0.42000560899853107
2165,-1.6632777903208658,-0.10076002065689715
2166,0.9356353995671011,-0.37935642068071984
2167,-0.4335970109821868,-0.4545813450871768
2168,-0.03573448716941815,-0.4777513920912277
2169,0.0868821631456259,-0.5140772476203768
2170,-0.10406890000216663,-0.39645965440123276
2171,0.001644304325568463,-0.3768975945119641
2172,1.2148503714331995,0.5448448022979838
2173,1.5304488174479756,0.7012595335109632
2174,3.8600552476298007,7.513904474675058
2175,-0.541473071698694,2.3856319422548666
2176,0.08736004622058444,0.6144526247997295
2177,-0.769991366154273,0.6889659360026861
2178,0.4549796840112073,0.12768354290140935
2179,1.1623857884513387,1.5889637779497696
2180,0.660272990111967,1.5765990758480983
2181,-0.15734823467205838,1.5245271583457132
2182,0.016283207156907887,0.4778818681740878
2183,0.3879581401844976,1.082923300164458
2184,0.1686880503624032,0.9283679443937224
2185,-1.4577400376538228,0.6066919167845638
2186,-0.8469649143023534,1.179546840321367
2187,1.4541087685709393,1.07774226724643
2188,0.4543298455867049,0.1636478540968845
2189,-1.4376545068511013,0.008043544301844546
2190,-1.819259947874955,1.0846471866846843
2191,0.9428994385064705,0.23551488455909983
2192,0.7391335194035586,0.680318516811165
2193,0.16551071867340889,0.30588304644449243
2194,-0.007754435042146115,0.3372638801618429
2195,-0.8361865381720287,0.13106907756214198
2196,1.0937052352400007,-0.1086099396810819
2197,0.7479761097802163,0.16026930242659854
2198,0.603192170650265,-0.01630725681491645
2199,-0.09616753806121237,-0.01745994347518866
2200,-0.5415561955987744,-0.005210868158829016
2201,0.7204333269427827,-0.19267913090047034
2202,2.2308829015359666,2.0190239310100586
2203,-0.9035705870612198,1.1334925769216582
2204,-0.5206048166304067,0.3469826827490054
2205,0.09667748668867805,-0.11422044263781998
2206,-0.7956045692391058,0.07526106906912391
2207,1.0077530311947331,-0.01786894883789064
2208,0.024588247543107237,0.2035290207548773
2209,-0.18706530230338217,-0.28426000848814476
2210,-0.26834169332142266,-0.4242389207581248
2211,-0.5982397616709316,0.46605726688401544
2212,0.5071134315765476,-0.21608635523518252
2213,0.11926816806008221,-0.032011600622192056
2214,1.6060160794802854,0.15403699832361556
2215,1.1954498432215621,1.2383014077366346
2216,-0.5829249473650568,0.6969944043125638
2217,0.8196286338192104,0.5677656536030876
2218,-0.013520547595669558,0.7027798076408509
2219,0.32401680016436024,0.178752053292162
2220,-1.0494475206076574,0.18819291231569732
2221,-0.4917935529644476,0.30891057878287104
2222,-0.8476183796330419,-0.2445186058567843
2223,-2.134171497067619,2.571676021788449
2224,1.2242084984787132,0.48512357186511734
2225,-0.18819486931987803,0.04197125066685332
2226,1.15754879009303,0.48103043545185736
2227,-0.0934708795824052,-0.01343816917471989
2228,0.30224287983483544,0.03229002577189874
2229,-1.0062296484033195,-0.22575709625592452
2230,-0.27736605119800173,-0.26493753661862196
2231,1.5008783442172395,0.45525240356755303
2232,-0.27098884222627456,-0.3368770098318707
2233,-0.40499722254067216,0.21061474626208895
2234,0.6561788568187827,-0.25718378795193403
2235,0.9678018686785451,0.11448903854151869
2236,0.14198458053279425,0.5398286201868863
2237,-3.242005360222842,7.412246434759968
2238,-2.5967557090829576,4.035165727433118
2239,1.1793706540731366,2.602826491476122
2240,-0.7619900084634385,2.6819944227730654
2241,0.3431942322353168,1.3224205910009854
2242,-1.3949506698488006,0.4562129518915935
2243,-1.8128182179944738,2.937155665329015
2244,-2.136933988245284,6.591848514594132
2245,1.5497097003805091,2.2095479918495298
2246,1.9711834960429413,1.0228454359684873
2247,-0.44746494797914005,1.031726658752455
2248,0.2053062607068599,0.9352535333784813
2249,0.9744368025445281,1.5714835496961075
2250,0.0370548845991431,0.1285862334018798
2251,1.2308674530285186,0.9716479131787255
2252,-0.8698513620135211,-0.0006201032998294289
2253,-0.1209015915512601,-0.40172742331980393
2254,0.6759790695776212,-0.19067501440203954
2255,0.8910632051619456,0.007144607595822604
2256,-0.43941597738948673,0.0007720712191471055
2257,-1.0762223453553996,-0.3870617248636847
2258,-0.2604881942520469,-0.4001746853733837
2259,-1.768365865352115,0.16909805722924312
2260,-1.0071006367737017,0.23374999686971587
2261,1.6865991377006981,0.0896262858851658
2262,0.0006315460323150546,0.1297868858013195
2263,0.3027566352335117,-0.3376964315901118
2264,0.9010113149620047,-0.3011669128883877
2265,-0.1082782128462853,-0.39444981426629405
2266,0.02710247223660152,-0.4569087631201818
2267,0.3822051827030449,-0.5742531603080537
2268,-0.3688773455151019,-0.6059786705660883
2269,-0.5652828469613361,-0.4302108828383409
2270,0.26215545204157203,-0.4056553605938149
2271,-0.871823767586537,-0.3207366551996773
2272,0.6307997135339349,-0.5364171152397231
2273,1.2091642885521257,-0.5499096088634634
2274,0.38996676874285746,-0.5180142588426101
2275,0.0360368085944859,-0.5629492150617598
2276,-0.34535822799714305,-0.48465740789660616
2277,-0.5972017078557441,-0.4832721896064783
2278,0.2412584734541354,-0.5359528398063098
2279,-0.7389668876414694,-0.21550784139396129
2280,-1.0628987621446415,-0.07520346295445142
2281,1.2068777768874326,-0.42894095822871237
2282,-1.204845410643385,-0.40700674977738055
2283,-0.8166532085295931,-0.15484337650098268
2284,-0.04667314279718779,0.13627661174936556
2285,0.8899416389303206,-0.5245835122633882
2286,0.30237743535932116,-0.3117095454516549
2287,0.6117895224056626,-0.24472981552903725
2288,-0.01952002304955897,-0.4756778107133091
2289,-1.4593917462382548,-0.2928969851668911
2290,-1.130768657213347,0.41369279626733824
2291,0.30281940581237704,-0.26936826652096807
2292,1.0104642509529291,-0.2566701357128371
2293,-2.391854111734684,0.7206357186986446
2294,-1.1372936489658692,0.6029552773858127
2295,0.1710359486946754,0.9630045737302203
2296,0.18727985248671927,-0.050993481918591925
2297,-0.20240836731746184,-0.0327771590778205
2298,0.7868820254266443,-0.35130274472805445
2299,1.0790924994577604,-0.21417412366631816
2300,-1.5100783633441486,-0.2805731540321832
2301,0.24637038400239075,-0.32793085869438854
2302,-0.20596698784800022,-0.5213171634725406
2303,0.11436841412726219,-0.15892267378256655
2304,0.8231684759108746,-0.05144880564867365
2305,-1.0036380466055541,-0.3588628907645434
2306,-0.515343385517052,-0.3421783148502742
2307,1.5338839934315625,0.32267668066589245
2308,-1.4628748622104017,-0.15940423501342554
2309,-0.8673653887260707,0.4455506658747619
2310,-0.2795279759529014,-0.14947192409187243
2311,-0.4766876623713181,0.5372239958928521
2312,-0.8934045416312243,0.752197066014121
2313,-0.676435752931504,2.9521803580671273
2314,0.7138024198102706,2.2460529749027107
2315,1.4866169950304065,0.6306853191693305
2316,0.306597752008777,0.10516509956498758
2317,0.14311406737013233,-0.3890441209917535
2318,0.4968210124083435,-0.2071650817939189
2319,0.05016995987773951,-0.42191904145004266
2320,0.8343889562812986,-0.19358673398915938
2321,0.3442227595736955,-0.43133821991712645
2322,0.03011586786891491,-0.1936400675828135
2323,-0.9573410707826798,-0.058954117105980676
2324,0.31583527631452624,-0.5621478444489092
2325,-0.26189492896042416,0.12993966059832004
2326,0.853973487073527,-0.49800605057761355
2327,-0.22760895429132025,-0.4780140216722421
2328,0.22443505506841654,0.09643633409949695
2329,0.2583090639078709,-0.08295261469062837
2330,0.7523759999079257,-0.32311490456260683
2331,-0.20226923998786264,-0.19396084101804348
2332,0.52372826445603,-0.5214837619293469
2333,0.18353992426001814,2.12532689277514
2334,-0.2664887420641685,0.679644054027594
2335,0.5911152012529662,2.63317924264693
2336,-0.04340716036318909,1.6239717251568606
2337,1.5652986353406824,0.8314124620965575
2338,0.0012076264801043684,1.4888531719164633
2339,1.9051723720626015,1.279771351703611
2340,-0.8355130662833297,1.6807400242936887
2341,0.16845650313706087,1.0319651291838554
2342,-0.45695866007315067,0.6086196574683178
2343,1.09845075122811,0.29655142887798297
2344,0.5929864104970153,1.0423528556974173
2345,0.11860003341338629,0.8714920990287058
2346,-0.5580167740176382,1.0180194023539595
2347,-2.4423094958544826,0.7061122540329601
2348,0.32672997277503796,0.9314079146495553
2349,-1.0726348996407449,0.04726730218566234
2350,1.3073235776262455,-0.062167584718767425
2351,1.3877387804581776,0.017635269983071043
2352,-0.7682428218220854,-0.0339453583748397
2353,0.4815419208066164,-0.0798091615278937
2354,0.2659018362671494,-0.17841845134299678
2355,-0.8516792138933055,-0.1143542567492024
2356,1.2538098636752981,-0.3821464808575791
2357,0.11885484422715686,-0.5442319868120763
2358,-0.054454436767731,-0.3432803082364037
2359,-0.34248404664090437,0.3321854179084247
2360,-0.033486543474930935,-0.47712292612971896
2361,-0.05171661261062333,-0.3441438909589355
2362,-0.07653580671888544,-0.46164962875715365
2363,0.39754330092721596,-0.08379197759535466
2364,-1.854988792472578,0.34248919935138533
2365,0.303709911820247,-0.454015800313023
2366,0.7591258426447739,-0.5073595400706841
2367,0.5195639627358919,-0.5109081006688022
2368,0.17132331953670454,-0.5374854527776879
2369,-0.33320637416331295,-0.5783182653954629
2370,-0.4053878214703087,-0.29234121698808835
2371,0.35433343884150637,-0.4356654151296651
2372,1.1458293411593323,0.11557980531846089
2373,0.7993042159329333,0.06698815497169282
2374,0.08514073021166484,0.03437673317432398
2375,-1.20308211020978,0.5039769672374603
2376,0.11258456333225678,-0.0367701526307058
2377,1.0207746944080547,-0.2967788295237858
2378,-0.09447824485266632,-0.3325395403693541
2379,1.6267182948550598,0.8092499720555923
2380,-1.7686143894204123,0.2096486730340276
2381,0.7013719300996791,-0.0925021288583161
2382,-0.8523203482615187,-0.4675817388423082
2383,-0.5911886967597901,-0.3339420757666536
2384,-1.2497980423264237,0.3666486312958249
2385,-0.47005050732846554,0.26706794016175583
2386,-0.887521927181311,0.506728300924117
2387,0.517929626112119,0.19642446708334163
2388,0.1014390599048693,-0.1285141267958134
2389,0.9761171213520154,-0.29167841301135267
2390,0.06398559719777276,-0.5191787046734698
2391,0.8287309976500866,-0.26865622863572935
2392,-0.9921591245681836,-0.3659284634364796
2393,0.2903260542828562,-0.14501605924225858
2394,-0.7788542972088212,-0.21103584369239273
2395,1.4134815851981015,-0.28933008117194936
2396,0.44375846168829136,-0.3472506357192472
2397,-0.7001850132370493,-0.3268621987948398
2398,-0.09712450250590184,-0.3676633849155831
2399,0.735784703802598,-0.2314424769580456
2400,0.5577985474500492,-0.1655598597920023
2401,0.5154174942044467,0.13913051776327076
2402,0.09514286108193776,0.1978191923095394
2403,-0.01819938500525231,0.8590625609555864
2404,-0.4197658963242023,-0.30762857539623817
2405,0.4281525642559263,0.060755459062097936
2406,0.3849764008823323,0.36386263492726667
2407,-0.7794426658938639,0.2753499231142107
2408,0.6272050622013549,0.2867122708019524
2409,-0.21593575555000374,-0.20386987488287592
2410,0.2955844862726844,0.12142460108774746
2411,-0.3507352480149837,0.1906295409344449
2412,-0.24707708721915925,-0.4431893875831134
2413,-0.03891147500748145,-0.3664957939323811
2414,0.9085948935047463,-0.15303591098585492
2415,-0.5104607630151791,-0.24965613031537884
2416,-0.49398873393966414,-0.09268120865146276
2417,-0.4636978454551113,-0.2768740489416475
2418,-0.2764433868585618,-0.051701384995756855
2419,1.5104032373043776,0.34350191693103355
2420,0.06741741310832104,0.821753195834686
2421,-0.21233496254936157,0.10052635365327918
2422,1.4776003488455984,0.4868826884616619
2423,1.0051932364624179,1.5576844232981997
2424,-2.113897708838488,2.3384158104329047
2425,1.0594614412832093,0.27794407237006963
2426,-2.105478216946917,1.344736803572855
2427,-0.2350033155699902,0.32218688676770824
2428,-1.016108487719527,0.47950644426023264
2429,0.7696735322957906,1.28938565400678
2430,-0.3963640656095982,0.6518905039576213
2431,3.624483212539202,2.3078253083577844
2432,-2.5460986291311127,1.4731410869920507
2433,2.023408639262959,0.9404678534452536
2434,0.5801667163308553,2.895345524577567
2435,-0.17316969266045137,1.6616671136941557
2436,-0.8282601137907879,1.388061973011959
2437,-1.3829925006561459,1.6348053327599168
2438,0.4109581008942628,0.07851257145790892
2439,-1.0727616941593927,1.0548261808007595
2440,0.7326564577263237,0.6027494142089437
2441,1.341012124336423,0.6874205587895027
2442,-0.2984931669622919,-0.15968610482132672
2443,0.7225884586720305,0.45929778313416064
2444,-0.2476384987039513,-0.43690319281814866
2445,-2.561226566149943,1.0256942527288415
2446,-0.9786744685136227,0.6980624210653018
2447,0.5447553490167256,-0.2462502426320805
2448,0.8693802293449983,-0.5524259868557703
2449,0.7540113186802823,-0.12473382258015685
2450,-1.1722947157354653,-0.4400121691345765
2451,-0.2533897097265739,-0.2587590581215632
2452,0.30487283806033605,-0.25635898672071133
2453,0.21798305392821693,-0.463756318169678
2454,0.6970045728588725,-0.2865426787369969
2455,-0.7020278558823339,-0.28191377856661765
2456,-0.17891466373875528,-0.4585210425963478
2457,-0.33134562976589543,-0.3320986364406665
2458,0.231069168234669,-0.42226832670551884
2459,0.5777313344347728,-0.5106500155352546
2460,-1.302993280933353,-0.4513019545392513
2461,0.06430433415571125,-0.457001811821241
2462,-0.7559115429702794,0.3247076457729996
2463,0.9531383909349666,-0.3636497440579784
2464,0.30677087219024013,-0.43261205645225276
2465,0.6841030002927383,-0.5428100491443903
2466,-0.2237152170887169,-0.5188043275729806
2467,-0.14172534136442977,-0.2874060695685516
2468,-0.36422118858039376,-0.5276490892203423
2469,0.13216907033617134,-0.5821692209182023
2470,-0.35928205725669576,-0.5146967621750282
2471,0.9226891315932041,-0.28779569400780275
2472,0.028253549683027086,-0.31691663978041107
2473,-0.6004766168751735,-0.3478853724989367
2474,1.416414650056824,0.055889062524128494
2475,-0.5748544097960478,0.11589657033449496
2476,0.8416679116077322,-0.20207323340887753
2477,1.2590964100638766,0.9143200110729159
2478,0.18910203948021412,0.09704948885070856
2479,-1.1951412058691027,-0.2615354177648818
2480,0.49984726575372723,-0.24031806399941386
2481,0.7748558824572673,-0.23931176321181877
2482,-0.36338198790531756,-0.19683985328268463
2483,-0.1012733809004488,-0.15082808872419584
2484,-1.0147526441535237,-0.36587838713652365
2485,0.1807999678791376,-0.49736350725271933
2486,-0.0518792055960951,-0.36992531955189945
2487,0.17394419867578986,-0.35077596687760326
2488,-0.6331536734565977,-0.28800430697654045
2489,-0.08888557585969062,-0.4420129804514707
2490,-0.6349908028220471,-0.37791144263805293
2491,-0.010940066186621562,-0.15997564540304798
2492,0.48680427693686423,-0.418291200654745
2493,0.3868692955815203,-0.33704687079090945
2494,0.04114978596618192,-0.646069185614024
2495,0.5761671203676391,-0.4811573878632005
2496,0.11892423665673914,-0.5748619161498392
2497,0.33842293185913663,-0.14559661045872596
2498,0.10313158723656098,-0.5184293439033669
2499,0.8284097866863996,-0.28136226013143456
2500,-0.08784331017501941,-0.4563744753903973
2501,-0.06526759661110844,-0.4437748608254892
2502,-1.0783411265692813,-0.14625603914209276
2503,0.11097157809532693,-0.3561172511658944
2504,0.8692288738726488,-0.3637666588520307
2505,-1.597595489357574,0.6674475947924396
2506,-0.566383731914739,0.2220405104741065
2507,0.267890546478833,-0.11889012479427928
2508,-0.7654797768049793,-0.36215432030403893
2509,-0.6703209453627553,0.41354965434568247
2510,0.6860702952399584,-0.3237044182204291
2511,-0.14420301635284777,-0.26377020197118517
2512,0.29375036920846087,-0.4359904227470154
2513,0.579388010795679,-0.48936552486735363
2514,-0.8848433073409013,-0.4672697151483422
2515,-0.5501153595115396,-0.12106564591128324
2516,-0.2652170024573022,-0.3836666203334525
2517,-0.6003281946604281,0.5353412286064638
2518,0.09127531808675682,0.2205851274929634
2519,0.6132338571021235,-0.009231966597840546
2520,0.10338664038351104,-0.18236151831331435
2521,-0.43459043527609864,-0.4474666541247794
2522,-0.20300486919848015,-0.4721669057204085
2523,0.139202801871726,-0.4545032728806691
2524,-1.022105068844771,-0.36225122622649436
2525,-0.36673716900287295,0.2708888248966616
2526,0.869248658298463,-0.31193981680415167
2527,-0.41006725925998244,0.03216132240698484
2528,0.2672826375582235,-0.26789988218693384
2529,0.5462651165266335,-0.42768480333484865
2530,-0.20282749510714906,-0.04654444205285151
2531,0.7131030769503502,-0.3229926015561053
2532,0.46796376263984124,-0.08697988994110246
2533,-0.4301204160468104,-0.4300224094979898
2534,0.28094776726152115,-0.49925169664833946
2535,-0.5312637139265821,-0.35158503688979037
2536,0.6285902727675309,-0.529225085373607
2537,-1.214510261525985,-0.34228805466254036
2538,0.5334851922854047,-0.4303042636313786
2539,-0.2517258913159064,-0.46562706572218393
2540,0.5796565297776166,-0.5577802749339763
2541,0.07812651103118445,-0.5367106324674659
2542,-0.23636623337729887,-0.5362837004106893
2543,-0.5047561275704903,-0.5759286760707221
2544,0.4457686611016438,-0.4899749411582702
2545,-0.31259437406025276,-0.6552701582437419
2546,-0.3844167392772518,-0.52045051767329
2547,-0.07069755107634285,-0.5742725958460044
2548,0.44206342037758395,-0.5961729949248749
2549,0.1374186370747181,-0.6540171493852874
2550,0.2527497075490464,-0.6340416248025126
2551,-0.20916665474315072,-0.5741586354811561
2552,-0.2296973504239476,-0.45180906494179496
2553,-0.16690155455735264,-0.5930541366648175
2554,-0.5625265333618499,-0.5700452427241892
2555,1.0428279368213136,-0.5453005488790289
2556,-0.15433129741347937,-0.5706886905883921
2557,0.027097063573763104,-0.48790094506964105
2558,-0.10632376117553267,-0.560742267421139
2559,1.0288987172396866,-0.35997503400512726
2560,0.035591284079762385,-0.35496894735829854
2561,0.45539229215461746,-0.6019761357295369
2562,-0.21276917171482182,-0.4736791771691694
2563,-0.5113192648806196,-0.48203717682769726
2564,0.2592144798472801,-0.5149285126907381
2565,-0.22693909566660328,-0.48124622310303317
2566,0.0746138412514799,-0.5952763530133875
2567,0.5516051553383652,-0.5192488295556358
2568,0.8532324375281283,-0.08418216128886515
2569,-0.0577145886441685,-0.4352422033135264
2570,-0.35726610660039443,-0.39553045670460485
2571,0.39746987043162163,-0.043400839074965655
2572,-2.443548708121649,1.382340366917677
2573,-0.9802029662450932,0.7705071858844837
2574,-2.535610717532013,0.9218477734514168
2575,1.6974168735619681,0.24157491493690914
2576,-0.2768224056723417,-0.49691385353423934
2577,-0.37779649264212006,-0.468994749241364
2578,0.3122456734962611,-0.4319813408960427
2579,0.17703053444040773,-0.6206026809130499
2580,-0.355194444004235,-0.5902030976060465
2581,0.44525696119875824,-0.6424208187562583
2582,-0.17204501474420927,-0.5176834075378032
2583,0.34609506357154907,-0.57512061744361
2584,-0.4937628506392908,-0.572161943426622
2585,-0.9523836767582605,-0.34547911686997274
2586,-0.42688638294581993,-0.23274312071855996
2587,0.32718666836439586,-0.2845654113104131
2588,-1.6032678214667486,1.0041297958578128
2589,0.9613004127680915,-0.253573306394258
2590,0.06630893902868991,-0.47711758716823033
2591,0.6007815677155173,-0.5471953743676679
2592,0.15866976763995835,-0.37978071251459034
2593,-0.18484612352079974,-0.607238262583729
2594,0.28583242297766975,-0.5202856686833195
2595,-0.04829409708348689,-0.51805233454545
2596,0.5030462375728295,-0.6301608914473374
2597,-0.04614774842143229,-0.4962023238557165
2598,-0.004336812108365874,-0.3474635677596431
2599,0.28354012658073974,-0.37977303073295204
2600,0.3233802847742847,-0.3338126992236807
2601,0.46558526732015826,-0.35969800457877654
2602,-0.21864479656620384,-0.3674537809213713
2603,-0.5074689342278034,-0.5685311465700835
2604,0.21120361880401223,-0.6016697013147844
2605,0.6428583628091775,-0.5791301625861528
2606,-0.3672501503228191,-0.5454331497430007
2607,-0.2596371734406271,-0.5382932805459268
2608,-0.3587380611125032,-0.5099852233926695
2609,0.09670818492348367,-0.3146932110117921
2610,0.172300233441179,-0.5590786317753754
2611,-0.38266582638234586,-0.5520703324720357
2612,-0.04173351839562481,-0.623561553520269
2613,-0.11358047582941484,-0.5009252241528174
2614,-0.15613509991069985,-0.5088342250667812
2615,-0.600032609772727,-0.17634449620184295
2616,-0.2681289073115074,-0.5269840940691279
2617,0.5230008681638063,0.7045754520703948
2618,-0.5574842069821137,-0.05168382038096701
2619,0.43792087060096996,-0.049253709736334174
2620,-0.2931419713997219,-0.36089472307977233
2621,1.2483219352389208,-0.20547884250066137
2622,0.3901368690933993,-0.1422945691970352
2623,-0.6381318235980662,-0.4332425719899177
2624,0.7028839860201233,-0.21063480808019833
2625,0.14234544488543996,-0.5351409784335496
2626,-0.3512277467698135,-0.4102733170999359
2627,-0.7387013125027043,-0.2750884909591201
2628,-0.5477894186896113,-0.43989628729580993
2629,0.32545981294325815,-0.490793107381334
2630,0.31428488935091686,-0.5668286388150208
2631,0.08957556418345858,-0.5150066057214179
2632,-0.6542661153687238,0.01229454599337106
2633,0.3168092980161806,-0.183372129709023
2634,-0.1468216350133174,-0.5260583057723321
2635,1.017293419064017,-0.3693181765127082
2636,-0.23274309090177653,-0.47663144997974405
2637,0.10014620429201378,-0.49918618172833784
2638,0.12111523126808038,-0.49583766073946167
2639,0.6229083578485388,-0.35962916217187796
2640,0.1736132290676926,-0.3248674563538381
2641,0.6020412747331562,-0.34457286095932377
2642,-0.36979432187293804,-0.4677466734760822
2643,0.3887834643846034,-0.5012375214941841
2644,0.5219053583912401,-0.34601471996528377
2645,-0.06974642659878613,-0.34508547968628045
2646,0.5240653332712646,-0.48401009634394065
2647,-0.4531832580148635,-0.3672750867202301
2648,-0.42373826746042376,-0.49548985401226375
2649,0.14631527900754654,-0.41890795706859696
2650,-0.273254020290363,-0.1083900218402734
2651,-0.30837160066658,-0.4628854681587662
2652,0.9994458534114918,-0.5700800591801595
2653,0.4336397107151992,-0.211062936496132
2654,-0.47104319939262146,-0.49862171731468735
2655,-1.6437876758562566,-0.23162724530433337
2656,-0.40266281954388217,-0.06631652860083735
2657,0.48331221051212325,-0.4389812184043487
2658,-0.20877004944896044,-0.4984565161539759
2659,-0.9748100937237376,-0.350777398732889
2660,0.2753758205711971,-0.5013741112707213
2661,-0.31539939977415493,-0.537434901773667
2662,-0.03963986786912828,-0.48216423081119936
2663,-1.4363806995650892,0.8473356387914418
2664,0.8443569091451448,-0.130013130145012
2665,0.26247789461323373,-0.4059805436808639
2666,-0.9321189355157071,-0.3922987605424387
2667,-0.3229830773766453,-0.10638136911934212
2668,-1.7675968639494186,0.5395321792321471
2669,-1.4238904463346322,1.8352760547385971
2670,0.29470048828221634,0.41960185106049025
2671,0.6037960194478921,0.3213015111166886
2672,1.2285614944729149,0.1138149120849838
2673,0.40833419415294225,-0.5172251954137483
2674,0.7127623147939619,-0.41991706209137997
2675,-0.20294434917512486,-0.5322503932627404
2676,1.4193274492416845,-0.06819941888652896
2677,1.0787048127614054,0.17431105690960902
2678,-0.131129686457054,-0.4644234891822545
2679,0.6361862007690031,-0.2941033970881484
2680,0.8395720255637892,-0.1929058854066481
2681,-0.7996368194347921,-0.35522454810941057
2682,-0.1839359181224466,-0.3691014796436636
2683,0.3715933557223622,-0.315452116666457
2684,0.010997882750648611,-0.4852048256065464
2685,0.037386479004425634,-0.2692533147378986
2686,0.4577884805239359,-0.1475877568691365
2687,1.0100351445991804,-0.44092108182290835
2688,0.06420874269581016,-0.4316479234641157
2689,1.1731846914822406,0.22036951166898086
2690,-0.41987994194338646,0.295987214422783
2691,-0.39004073900048575,-0.10506260627962549
2692,1.027410189893014,0.05953579323367195
2693,0.04231351736920753,0.10131840398343674
2694,-0.21570411125772895,-0.13118395306461378
2695,0.4773744567153784,-0.10324283976319594
2696,0.017592587299063864,-0.16651577977079315
2697,-0.48461558723572795,-0.032855189864373996
2698,-0.16610954821393545,-0.2492884837869212
2699,-0.11127151030194897,-0.039888446818750645
2700,0.26562382783001726,-0.3276108279671721
2701,0.37460226885707926,-0.30611594940956455
2702,-0.6531756652154102,-0.18897017661720636
2703,-0.34576610702557653,0.6976542152350348
2704,-0.6746970914683403,0.7400274372571204
2705,2.6252966738926817,1.4831428747075395
2706,-0.8540326980737624,0.015231780629418788
2707,0.22535013797740003,-0.060089094836903625
2708,1.241612371513591,0.11804717681525297
2709,-0.3261972405300829,0.9135583426899939
2710,-0.44795800123408797,-0.10761484583725375
2711,-1.2853487007726614,0.10827104920029183
2712,0.6770440627325252,-0.40348563507609453
2713,0.8116073913777143,0.1267837727596012
2714,-1.0798164359509776,-0.05385213507463291
2715,-0.24976168264814205,-0.012343243283665753
2716,-1.1161146426110304,-0.43814218348741596
2717,-1.2977740479838935,0.5777709719802273
2718,-3.204125741379251,0.389172416239376
2719,2.029267143914835,0.35702819622953336
2720,0.2126477325410251,-0.15118904376005837
2721,-0.23771793246673853,0.053135325071756945
2722,-1.1655195602948525,0.3453630400976906
2723,-1.593697808257605,-0.042048314962579054
2724,-1.947651718578005,1.3132616113973958
2725,-0.25409362720318096,0.06679348161941615
2726,0.7515578052218131,0.44015241023247176
2727,-1.3693568669034628,0.9106833839965408
2728,0.7769374626885824,0.6478041953488723
2729,1.8056360970426666,0.02491024973000278
2730,-1.292853899148708,0.2227430328492021
2731,-0.36512676244669345,-0.09745331442870121
2732,-0.17301278942042306,-0.41181357419479214
2733,1.4270536780273435,-0.4394093610466826
2734,1.1171346059426137,-0.3273356587298592
2735,-1.3522661270237923,-0.03346917436930363
2736,0.3810824025743779,-0.5192113855630004
2737,0.516406574627102,-0.4598200863809358
2738,0.5983750531174002,-0.44919971922835134
2739,1.135098934906972,0.2744718253777016
2740,1.0576458535695283,0.26229930744866903
2741,0.8310918583525192,-0.43174677386985655
2742,-0.5812028315394099,-0.18495729578903197
2743,-0.9965725569962984,-0.24220270086379325
2744,0.5956745889840601,-0.4538872372271726
2745,-0.9936204706789076,-0.4821775312072221
2746,0.1478677519128462,-0.3414430086220051
2747,-0.2710938699165182,-0.49295191785610604
2748,0.17876826176436167,-0.5954426743160665
2749,0.022219293436333474,-0.5004824557742308
2750,0.8511100931702893,-0.504548173841306
2751,0.16758408432668465,-0.4406779065782394
2752,-0.5681770224169894,-0.5503437273978116
2753,0.5296155184059791,-0.6180575590002593
2754,0.5869493475748204,-0.4657641316240209
2755,0.06798210038926726,-0.5941782063069889
2756,-0.012430158821764603,-0.41856754179932937
2757,0.4816119443598565,-0.39942263019855034
2758,-0.3054405820702408,-0.5797826244364069
2759,-0.23487132702325703,-0.26262517843690286
2760,0.7569567323866709,-0.3608483484296449
2761,0.9145290797977174,-0.473744744123966
2762,-0.24187167747138555,-0.32121762592617953
2763,-0.3693479490566036,-0.1544592418187801
2764,-0.1524876162865385,-0.43709538877232723
2765,0.622905514244083,-0.47610657427199216
2766,-1.2782644749426724,0.1119144216172052
2767,-0.39353812964660356,0.09128824613200419
2768,-0.1717433048282888,-0.37564289233385645
2769,-0.24524744744661922,-0.52430433528798
2770,-0.5017042983062655,-0.42458251569346234
2771,0.09218518749737462,-0.21019327323057344
2772,0.9135130635565507,-0.41326584413876694
2773,0.09920061377285078,-0.37280826551421437
2774,-0.09266028362257586,-0.4185684432458677
2775,0.462789200371777,-0.3764615538076992
2776,0.2666262932935113,-0.5640890773865082
2777,-1.4693181879089243,-0.24662957876323457
2778,-0.7088650797070354,0.03718346133897001
2779,-0.2459567097517548,-0.24374951373669954
2780,0.6126570930984642,-0.16660577046216848
2781,-0.22111017214675602,-0.2698892709492166
2782,-0.05455727962976636,-0.37623313325324015
2783,1.192815405899489,-0.20303727556073997
2784,1.0644116278171711,0.015748713360983088
2785,-0.17081850842274107,-0.10926581168895254
2786,0.6471098345252274,-0.11754365541864598
2787,-0.18533445526319983,-0.31096304153977333
2788,0.5357666829906558,-0.4096624184482615
2789,-0.49797007684741446,-0.4059326116070545
2790,0.41175219497363813,-0.07505959136019748
2791,0.2429449016133974,0.07158258037103617
2792,-0.38938059024812155,0.18171911510124839
2793,-0.34604705448475576,0.05139271241048085
2794,0.9190590212124186,-0.04528914706984592
2795,-0.6801570778614539,-0.4560769253027965
2796,0.2587498105333828,-0.47580869049689384
2797,-0.14871511116544978,-0.039318260812984375
2798,0.35083138344502296,-0.4302217298628566
2799,-0.08845381345920567,-0.2025104187108403
2800,-0.35977926229480856,-0.3051830691282499
2801,-0.4662339878720494,-0.49272016063456414
2802,-0.2326243340919366,-0.16734628535484672
2803,1.703874455204591,0.03345157427244148
2804,-0.1861202471833068,0.37047709158128517
2805,-0.743975832962649,-0.3553321908725375
2806,0.4415016991978391,-0.5209126476015756
2807,-0.2824886169878063,-0.3891399657117872
2808,-0.7752613147795411,0.12543120114985862
2809,0.48012898500525475,0.06056627253257565
2810,-1.2734864406069124,-0.17286582699062303
2811,-0.05338098219437807,-0.1285860803927484
2812,0.04267529693870492,0.5245175783987297
2813,0.1672387419520504,0.2627420406131841
2814,-0.056170630889171444,0.0808725712494699
2815,0.20511241272291017,1.7237025256921248
2816,-0.5841136339960956,0.21004411438921788
2817,1.6669637143766705,0.35608397184281143
2818,-0.2537091579144902,-0.4179440384881153
2819,-0.45485994451985945,-0.47403604522409
2820,-0.45934493512138097,-0.4503141678830193
2821,0.4665876936245648,-0.20025597989697316
2822,-0.5040999138111012,-0.15682127432024096
2823,0.30272380855176023,-0.328745803565727
2824,0.7657562017766689,-0.28188684025602384
2825,1.3654682496786688,0.5222580746878775
2826,-1.823716580133677,-0.09652409678735925
2827,-0.03132636061919043,0.46291001453874203
2828,0.35238293608460663,-0.4531788484391692
2829,-0.06253997263896297,-0.24514042409688527
2830,0.090189684695235,-0.06338671696126252
2831,-0.44605458936216913,-0.14984086594613646
2832,0.849847860460521,-0.04168554566714179
2833,0.0648490533207156,-0.3403589269325312
2834,-0.0917559319448408,-0.4450950349622916
2835,-0.21432450628420116,-0.3676568371001928
2836,-0.15252769985700376,-0.29289579253335474
2837,-0.46424770140824334,-0.5176930082490461
2838,0.13386769300476892,-0.48318671362772325
2839,-0.8106401026699934,-0.46638558205406
2840,-0.7949368281255116,-0.13046738404549482
2841,-0.05953323960722202,0.029142649668363024
2842,-0.17537875033477135,-0.3849340324720644
2843,-0.9355527959402343,0.027509919479999288
2844,-0.508142454248541,0.8528291745110126
2845,0.33881448334863706,0.8118453933183801
2846,0.28152985813068876,-0.3689551187564464
2847,-1.5770089968373702,0.131159513384601
2848,-0.35880006922398805,-0.025675548362453723
2849,-0.5227318033271854,0.03855899242426679
2850,0.40209372703017005,-0.5505078584670913
2851,-1.586268350921544,0.3681458063404039
2852,0.32980434602473996,0.021792379563286127
2853,1.1394690022072016,-0.040593562124455175
2854,0.6708001339944559,-0.0453372128487089
2855,0.6536437141341632,0.3013449308039048
2856,-0.10433052116756147,-0.11670840272412818
2857,0.444261922738443,0.01714353117625755
2858,0.11102287690518123,-0.579509719080466
2859,-1.1012081798277364,-0.34800010086389443
2860,0.8130978079760668,-0.32338157043599863
2861,-1.0672148293265706,-0.35739340172951517
2862,0.835992824022404,-0.28065137941382623
2863,0.2143934013453386,-0.35067978947212675
2864,0.07982492740803669,-0.20070367730050795
2865,0.8778750750831853,-0.4313330921107255
2866,-0.29870073551844795,-0.40364798036551536
2867,-0.25946182508141585,-0.37807699397904804
2868,0.16345373884437106,-0.5588583815674457
2869,0.11524861125392122,-0.4893254699872917
2870,1.0929641801993983,-0.2566927500178388
2871,-0.28415605261412535,-0.4221449274404068
2872,-0.30626347832424594,-0.33050049147500365
2873,0.14798170615676998,-0.5881590644087704
2874,0.6397660826374989,-0.5111497847256691
2875,-0.5450172923639536,-0.4447944946781525
2876,-0.17176712192239066,-0.43267640471103547
2877,0.13205223016631165,-0.5729049544179114
2878,-0.47536797503251177,-0.3234730440175674
2879,0.15952589299053452,-0.5819433863057519
2880,0.31811837104648766,-0.4862025220511424
2881,-0.7555616509276021,-0.5247351478644671
2882,-0.24791751220313357,-0.30269012619192404
2883,0.197251535689713,-0.5265986751433515
2884,-0.40596360585148467,-0.4218855195138096
2885,-0.9438234471840681,0.022976521005203594
2886,0.2513447917037309,-0.33217898073001206
2887,0.4482794993268869,-0.35471558204046283
2888,-0.7833735781660092,-0.27096805702892607
2889,0.3140221520138966,-0.5071705565921625
2890,0.15648615428383966,-0.46931039983888106
2891,0.19588803973112698,-0.47273248477483015
2892,0.54119502347148,-0.5963616728236141
2893,0.8322004740038824,-0.1665072548916691
2894,-0.2680407714422501,-0.4632584896274439
2895,0.04647296927467534,-0.04841569427294409
2896,-0.16970247133133662,-0.5384034238097118
2897,0.48600347342717304,-0.6243215678412412
2898,0.09573332703591957,-0.39743314444177275
2899,0.18142291616062942,-0.5257953227901748
2900,0.4086454831096642,-0.46042356211070634
2901,0.04810866858180755,-0.39623657228022935
2902,0.20706173858673269,-0.4625876234207278
2903,-0.34441350717398217,-0.44492844461390335
2904,-1.2358077684015045,0.01847194387143083
2905,-2.049047337382527,2.7663287689109928
2906,-0.04982768063590514,1.8714797495372084
2907,-1.9559414619189441,1.4197023208052502
2908,1.4673169163084403,1.267810829356006
2909,-2.499110834254215,4.791563066305868
2910,-3.50815209170886,2.9556401394648812
2911,2.0368976875821496,3.9123010892400605
2912,2.557086055243605,2.8347351289648692
2913,-0.3181260824706871,1.0612068727257802
2914,-1.2056786316778056,0.08314388869442466
2915,0.9450927447816875,-0.042872456112837985
2916,-0.2438896094368159,0.3379885203158186
2917,0.9772912988487147,0.2464185356360585
2918,-0.9162263646162553,-0.42029027244773237
2919,-1.0871248155125863,0.19009181165190467
2920,0.15215957077579728,-0.08568133582212603
2921,1.511212487108056,-0.3150880781120608
2922,-0.11360013010347673,-0.4447884192884443
2923,-0.7730539593136,-0.3716381105835984
2924,0.9007739184235174,-0.4834115569465397
2925,1.3983472618887813,-0.07200128987685148
2926,-0.2741822858881558,-0.16810826250751745
2927,1.0826549858015364,0.5012232343190367
2928,-0.7277836666627848,-0.4174441081308713
2929,-0.2770620794385792,-0.5073466771695672
2930,0.14197053669385418,-0.5725747368867666
2931,0.027557374053907808,-0.5503335485269725
2932,-1.5040141923400319,-0.4509077048882643
2933,0.9439826309765545,-0.54403321825679
2934,0.8522229716991043,-0.4244776280165459
2935,2.117220676652967,0.2142418121378097
2936,0.17524566688129128,0.1309895089289462
2937,-0.3501658291922625,-0.4993694453521272
2938,-0.270234182130222,-0.5050408175975368
2939,-0.12716176939543922,-0.46792919644314124
2940,0.35979550838626406,-0.5840696352744326
2941,-0.5084387443661305,-0.4724665677264164
2942,-0.43234818675837405,-0.5915612134792283
2943,0.9469161847484096,-0.5632753736987784
2944,-0.7097627520117236,-0.3803359777505225
2945,-0.3729216110517795,-0.45509943961443516
2946,-0.30385493745389147,-0.4615893989593616
2947,0.6909079327911387,-0.4513268642878414
2948,-0.13998742660187127,-0.6056459197622143
2949,-0.3083286979014798,-0.5006957106234746
2950,-0.08550147487177151,-0.500563836451268
2951,0.524564615600393,-0.5128289298167493
2952,0.05202990365428253,-0.5547440630032323
2953,-0.02891068416848023,-0.354652599460619
2954,0.3779837832514747,-0.3923233740187566
2955,0.6565850207501371,-0.3327177444633058
2956,0.2562666622440743,-0.34569307474114486
2957,0.43173263385922583,-0.48315162050331806
2958,0.013418529295982069,-0.5606945197124897
2959,0.1725678314807036,-0.16959750617286196
2960,0.9333670735726237,-0.3180059108284489
2961,-0.2694144573965918,-0.46912820049080217
2962,-0.7868782684851312,-0.3287691256871622
2963,-0.07779649484249401,0.009174364167348405
2964,0.20705948151971415,-0.4812312728765283
2965,0.054443589818473706,-0.17303716436527797
2966,-0.4210611182069707,-0.26598027304634314
2967,0.06271411220087604,-0.5078486569092483
2968,-0.6642258548119621,-0.4991287138872773
2969,0.45109785249238266,-0.43695448512160245
2970,0.33692580247837567,-0.6163538233252548
2971,0.48748517378842665,-0.5608042508181894
2972,-0.12149485664464223,-0.5505281472297573
2973,0.7114758285232001,-0.3749010453021673
2974,-0.01252102193790434,-0.3162407480028909
2975,-0.3712811217745051,-0.408173374319163
2976,-0.10108026683490433,-0.5556973127084739
2977,-0.5243367207085882,-0.4776365652524573
2978,0.20841025035793292,-0.46293235981621167
2979,0.37192095986160223,-0.4758551795185163
2980,0.07415831147977675,-0.5357551954117192
2981,0.2777194846900069,-0.4283446997488493
2982,-0.09412107004504908,-0.1506863875733363
2983,0.2347469109366221,-0.5498420539515689
2984,0.873229739728865,-0.33278131395266475
2985,-0.25824519904312687,-0.28898637392162735
2986,0.6220031010411355,-0.49562080059608704
2987,-0.15751901178743957,-0.47447289183642655
2988,0.4277404968478574,-0.401699869284978
2989,0.5809741784542775,-0.039430487040334555
2990,0.26853530225298966,0.2756953699683076
2991,0.6225021648552524,-0.3406883634910093
2992,1.8357834675888172,2.1472432197660996
2993,-0.9731164054541942,0.19516974646166552
2994,0.178761586647993,-0.26394302481034615
2995,0.11851242591338847,0.1882274948239509
2996,-1.120843339254102,-0.16803896019688835
2997,0.6433913185715823,-0.23613144521818394
2998,0.4443724609292725,-0.29884693012711344
2999,0.2781812892443652,-0.24925615415419894
3000,-0.43067701038501016,-0.21864001645519346
3001,0.6710819318286156,0.14156420570987144
3002,-0.33554990692886766,-0.535776094078988
3003,0.3846265268564066,-0.11037013293225406
3004,0.2118745553569309,0.387433941605739
3005,-2.057608995810091,1.4822688049217738
3006,-1.5234160175502311,0.7423486017925582
3007,1.6101577826770717,1.878545489729826
3008,0.8829657657080587,0.40434961649750356
3009,-0.24701676774491577,0.10221257150952484
3010,1.6267011058640564,0.1748220143967371
3011,1.524954977203641,0.8613839359287012
3012,-1.0057562970209484,1.6160192291569708
3013,-0.8104226436127685,0.22289388882289463
3014,-0.774815138533738,0.22293111756238482
3015,0.9702580994465362,0.3798704182139697
3016,0.2693648573990929,-0.22375329060465482
3017,0.9164430020072695,0.21266363810391728
3018,-1.3273477756539975,0.004714137003514033
3019,0.49060358599039205,-0.25753495209828575
3020,-0.40638232299136057,0.05941594453454326
3021,-1.2639177691314232,0.18262194669137993
3022,0.7084727883311698,-0.32877300474366455
3023,-1.1436955966303899,-0.17124289235695347
3024,-0.19265544131737283,-0.5054279608163929
3025,1.0813207581250652,-0.27379110584356975
3026,0.46043179978277016,-0.11980870092667444
3027,-1.218994562948371,-0.47099577387120883
3028,0.5223642868576434,-0.4294840704406226
3029,-0.5006709882771436,-0.4792721619442273
3030,-0.10450511895789326,-0.3473124004698845
3031,0.6794837049656115,-0.25069086670709184
3032,-0.13371428239343963,-0.5204393203362367
3033,-0.4925989830968877,-0.26100572662872645
3034,-0.26632414755461226,-0.4867020086852624
3035,1.3971244057602794,-0.38238085523720955
3036,-0.3880877846131562,-0.5979145063792469
3037,0.6069652095956655,-0.5954712331782978
3038,-0.8648547800616968,-0.35217003940247665
3039,0.4644493473016846,-0.38152086836434096
3040,-0.22729727417055753,-0.6147617659343579
3041,-0.5201363673200418,-0.4816984151009511
3042,-0.17567520238573253,-0.43843988929143274
3043,-0.3380623849680968,-0.536777393796176
3044,0.49412690727737674,-0.2844263330135712
3045,-0.6490358462910213,-0.38709739062453047
3046,0.7114549510938919,-0.5881400904720105
3047,0.073280488495994,0.0062126309189241505
3048,1.4497856337084076,-0.019113514840459197
3049,-0.3368090390567401,-0.23529100345103984
3050,0.9679628951505446,-0.3622415566504768
3051,-0.03978922914193023,-0.007946005131417135
3052,-0.22690181307874302,-0.2954092234856722
3053,-0.724340235141056,-0.38126802327500803
3054,0.49190852304221755,-0.45091425410010283
3055,-0.20456564556455575,-0.459387476059805
3056,0.8467220335129426,-0.30516428937556356
3057,-0.11650905610865835,-0.0579059151524429
3058,0.4225395057653202,-0.1703293203932966
3059,0.8136717341076644,-0.02872864184613756
3060,-0.859140025883407,-0.07716636841502435
3061,0.30980238794252146,-0.37792323061696087
3062,-0.47940511962896953,-0.41141397912992156
3063,-0.11273744205842853,-0.2475027380012241
3064,-0.32309637692983,-0.4485256630300368
3065,-0.9487759711738412,-0.10122319018381314
3066,0.13206900211314987,-0.45787207057778856
3067,0.012804483206132786,-0.5325416946646455
3068,-0.6302989805492915,-0.4029273163658936
3069,-0.15443550836890763,-0.46576425704828983
3070,-0.394672056297924,0.04462296354715962
3071,0.05685279229697129,-0.45381001648128266
3072,0.5457147763916145,-0.19252322813920716
3073,-1.0143578020253874,-0.20038843765284234
3074,0.41858699953441486,-0.5550555581177578
3075,-0.7755331495858577,0.13179647773661832
3076,0.27456358671934494,-0.11092778550335644
3077,-0.6669410946928018,0.03258180512106743
3078,-0.3862632302251201,-0.4107845642822761
3079,1.378274024411839,-0.2841505048412222
3080,0.2808009408435061,-0.24022609388241595
3081,0.1569154398264284,-0.4718621864080339
3082,-0.1460177730158146,-0.5456263771808663
3083,0.5917887460840671,-0.4006974349141992
3084,-0.31386444912047196,-0.5272234824018466
3085,-0.5045943953202665,-0.5491750736681688
3086,0.07422832974610281,-0.6379814165646192
3087,0.6618363274609191,-0.5387400000595464
3088,-0.09650922307614446,-0.49374648213772687
3089,0.07868170281962696,-0.4579798895501464
3090,-0.1508740178803546,-0.5821771478460555
3091,0.8960137334167804,0.08874388908288842
3092,-0.14292107634178203,-0.2747872746251646
3093,-0.13809444966816453,-0.5199266761206084
3094,-0.3321478277327386,-0.30148788177578795
3095,-0.37415353607467094,-0.4919788912745044
3096,-0.20103249764864212,-0.2879616741521007
3097,0.47843463725392704,1.547258259232498
3098,1.2832666235042456,-0.35552267208684696
3099,-1.4611689522042368,-0.2747152968747049
3100,0.5572276448898055,-0.5058913934224524
3101,-0.15568935592929478,-0.03857616095467827
3102,-0.38238033434562846,-0.4168238984931477
3103,0.457466387095564,-0.06322812301315929
3104,1.037176739113633,-0.23550640037222145
3105,0.28318584086809684,0.7028410907584053
3106,1.1092125993457418,-0.027358312538745277
3107,-1.0688874453657562,0.11890326512609523
3108,-1.4294371639361787,0.06854639893499322
3109,1.2185000978059448,-0.4492359423387879
3110,-0.4148227512287701,-0.39316011685529384
3111,1.6882628292824986,0.4920744371386194
3112,-0.3053928056884832,0.03941018434161859
3113,0.24741397892304254,-0.38022590251924204
3114,-1.342332688423464,-0.2622669870357374
3115,-0.7091877560352606,-0.20080869854549843
3116,0.24868552246821402,-0.28699269638281855
3117,-0.43652459690711204,-0.4304194058834038
3118,0.39385764970746207,-0.3172822980616581
3119,0.496329084083858,-0.4474738053924607
3120,-0.5413458204503001,-0.47114443949473817
3121,0.4521686911368878,-0.5667040427635811
3122,-1.3831369117297283,-0.4066840256215303
3123,-0.7205058450639786,-0.0068380407092670506
3124,0.19193580940748514,-0.4546105231748526
3125,-0.8654751026755503,-0.43661444055836
3126,-0.10863342967461316,-0.3371510958567326
3127,0.5338518516644366,-0.5040701579969946
3128,-0.050070907532800996,-0.5437305471330499
3129,0.2611657062027748,-0.5901638844078417
3130,0.07078098319285372,-0.5247006646907885
3131,0.4908382314713913,-0.589471849098911
3132,-0.2861222481495767,-0.47136090867574665
3133,-0.5257598905557402,-0.47837845385348016
3134,-0.6553777817777483,-0.43238483111723913
3135,-0.14764749279614914,-0.4607148121841051
3136,0.20304271853667885,-0.48174262816261276
3137,-0.24411032759956838,-0.4850228687215344
3138,0.16967038697562406,-0.5689409594393093
3139,0.3300491060501667,-0.4903907806527022
3140,-0.1085244388319205,-0.3964543874267891
3141,0.39161402481126667,-0.6699615772672428
3142,0.18418273746100247,-0.44050951232808044
3143,-0.2490059666149466,-0.4431829214211833
3144,-0.3568394400049561,-0.49662212767400826
3145,-0.36197862362002586,-0.5395217472528242
3146,0.04330568356636597,-0.41728705609631866
3147,-0.6753545770342191,-0.4369084067437667
3148,-0.04024950478061171,-0.31910323179566563
3149,-0.35936634890240177,-0.4077153855424401
3150,0.13681904988949983,-0.6350760113526146
3151,0.843263471513007,-0.5560912279275785
3152,0.42294893586806237,-0.6281097331258896
3153,-0.3624929054222025,-0.45022751121236854
3154,0.10214142151226872,-0.6672963615947698
3155,0.0017568681416252408,-0.6064398076914145
3156,-0.4369338217913636,-0.47869641587255557
3157,0.0434763162207306,-0.5893074613243894
3158,-0.26002091461386534,-0.49486781033866395
3159,0.36567078336983483,-0.6018221628609807
3160,0.04276125641805747,-0.37258521661828814
3161,0.32646994933493245,-0.6558488712356884
3162,-0.12642492400935554,-0.6409756642745602
3163,-0.4944926200142589,-0.5739132025328945
3164,0.3536146677356515,-0.6139561608361075
3165,0.39888163756913136,-0.5570518835549209
3166,-0.6639908313183385,-0.5742135979018977
3167,-0.48379809756465053,-0.3248186447017505
3168,-0.5867589399445459,-0.3285549452454747
3169,0.5259910060713221,-0.594836586191653
3170,-0.29298314501820566,-0.5530404667717618
3171,0.30166883671955547,-0.37114879835723363
3172,-0.32155770475376827,-0.604295811976155
3173,0.6316889023009069,-0.486869500994827
3174,-0.13002964759682428,-0.5457723729078995
3175,-0.7248204728677509,-0.32137447923332446
3176,0.6646862093991291,-0.4077142926390578
3177,0.3427968381759087,-0.3557063114554668
3178,-0.37178180455831994,-0.5842281066802684
3179,-0.2717856588833571,-0.3663785528289996
3180,0.26709393535872883,-0.5492092813758026
3181,-0.448629435595724,-0.34078840799287624
3182,0.033941421140605776,-0.43721005659290674
3183,-0.48111201615649973,-0.3583885805382896
3184,-0.018325435880643125,-0.5286651315436234
3185,-0.7193357080233721,-0.3237192534607669
3186,-0.4657944443208869,-0.13270442842868685
3187,0.4265355055095747,-0.4343537902283137
3188,0.4089356011786604,-0.4980167857916864
3189,-0.30543068431029563,-0.4618266396970851
3190,-0.0038481611486187667,-0.5137558316463897
3191,0.1428051084541611,-0.4263541812340755
3192,0.6408683967623129,-0.4317775165349712
3193,0.3880493629626546,-0.5576148931564194
3194,-0.178323222790171,-0.5298689056110518
3195,0.4266899706987131,-0.46611152357639907
3196,0.3787429325310681,-0.44097826767007
3197,-0.15599973211299545,-0.4219003411989317
3198,0.2278509547174554,-0.5350169804852665
3199,-0.31781333980562493,-0.37245360499273844
3200,0.059119869385452724,-0.5106418507991836
3201,0.20284798233681284,-0.4522581613841315
3202,-0.022340178005188317,-0.15249774346108858
3203,0.47740291572049626,-0.5363494291640012
3204,-0.30700913776068717,-0.46071208954621923
3205,0.03513317552302278,-0.4506947773601179
3206,-0.11348229455485495,-0.3957254381633463
3207,-0.653002318514989,-0.41322705917825836
3208,-0.09996895351643391,-0.29166202491799786
3209,-0.6708677599604923,0.3468574509587463
3210,0.267602341999073,-0.3273889037333479
3211,-1.047297227766443,1.0392165022386322
3212,0.42804031893932865,0.12804832480563577
3213,-0.36654390186556335,-0.4814489240310027
3214,0.8190802654689322,-0.4278022008511046
3215,0.27974744111162725,-0.5190747085623811
3216,-0.03859164916038315,-0.5594797174978609
3217,-0.9325825178188952,-0.35460979291091166
3218,0.15658425638387963,-0.5084489976512985
3219,0.2775453659598883,-0.5460495872175606
3220,0.5075219547617752,-0.6081243051292607
3221,0.039116010467904194,-0.6017199133602191
3222,0.3709210022251645,-0.534334481218487
3223,-0.3103892341391837,-0.5541639173932511
3224,0.12303300367085149,-0.5065360500424247
3225,-0.36974602908212184,-0.4551167817768703
3226,0.04378353397100427,-0.5998702494488607
3227,-0.48760857044744815,-0.37350273399688466
3228,1.2071414654679187,-0.4668139125245283
3229,-0.6874503761514521,-0.5468166931036497
3230,-0.24309882529284482,-0.39539604419934127
3231,-0.32191194535105233,-0.5039440470579489
3232,0.07692436186835652,-0.6734821849186439
3233,0.496014147807313,-0.36689288712061213
3234,-0.47594231265807435,-0.46260337237294374
3235,-0.2754074271597974,-0.3328914227405224
3236,-0.748978846849327,-0.42494545467171657
3237,0.19320722590005446,-0.4986032268305652
3238,-0.2846976140949932,-0.5572779273506417
3239,0.5046300665401694,-0.35372042884490523
3240,-0.5284993734376043,-0.4843446485663359
3241,-0.5231951433874733,-0.2398233816343639
3242,0.29805026124856654,-0.39109383732663244
3243,0.5080692777606274,-0.40668566759659575
3244,0.22213552222851082,-0.5249201922937003
3245,-0.9955858446026663,-0.3498014977597158
3246,1.4294471048354764,0.17293250987539305
3247,1.0011013084658313,-0.03248202296737515
3248,-0.28080127893183116,-0.4228837746798601
3249,-1.424953548997233,-0.3085093402182406
3250,-0.08622590259878002,-0.6343602489823877
3251,-0.7906955429136338,-0.34568621799963883
3252,0.34777514489400085,-0.29824454935800676
3253,0.2016954761790138,-0.4582121767177416
3254,-0.6864233531169005,-0.44146695624781485
3255,0.42493483017441286,-0.26178296415941604
3256,0.050025231004536624,-0.380156682186143
3257,-0.760207554857365,-0.19906338253545755
3258,0.06741644254026653,-0.3652908977382044
3259,0.7440189154027848,-0.5031362906991539
3260,0.37042216293328745,-0.43137916385334707
3261,0.3360950646386059,-0.5348885153492553
3262,0.17182914605358074,-0.39992575434116673
3263,-0.33457046111524436,-0.39088533928076336
3264,-0.6165072412168714,-0.3803461284383103
3265,0.45414191394997994,-0.436584829797087
3266,-0.057446433766950245,-0.5867751651533724
3267,0.2753656800124181,-0.4899309545221817
3268,-0.6073364847517088,-0.4726269835080035
3269,-0.5619112053623695,-0.4894583727886648
3270,0.5686557129775092,0.049789063188641645
3271,-0.08344679918503571,-0.37446471367289474
3272,-0.6433966505726144,-0.5013143840948664
3273,-0.7715172737290368,0.031256024775523285
3274,0.08167273087127945,-0.5118702698253583
3275,-0.25324129427469466,-0.192469416694256
3276,-0.5920339915741508,-0.4047672550912294
3277,0.06813297179558021,-0.5500276820304144
3278,-0.10782198637880676,-0.5303399620739428
3279,-0.1327450431887374,-0.4750889107062178
3280,0.505667894426872,-0.3519973106988391
3281,0.271031061212867,-0.4153698972832518
3282,-0.2901357609667865,-0.47580800740387835
3283,0.13057677715862157,-0.1970385383994528
3284,0.3545061148753036,-0.4124306192419162
3285,-0.19878936555028998,-0.4440672057167804
3286,-0.2844083209128031,-0.3535608030722376
3287,0.47274128986671804,-0.4843357056395872
3288,-0.33619789937733324,-0.41495626662173285
3289,0.2865490567192473,-0.6384072003843582
3290,-0.3703409130792901,-0.5891994784395258
3291,-0.09213332758993412,-0.635667090965931
3292,-0.4211212833600851,0.12019002744325478
3293,-0.7685651658355046,-0.2601504133119433
3294,0.6489585415689614,-0.40292951814220473
3295,0.5530294802222658,-0.2589427439592864
3296,0.5293685349980106,-0.45721648005838067
3297,-0.12528739791514865,-0.4725291615898836
3298,0.28896849048151896,-0.2834478125037891
3299,0.19418626432324285,-0.3238127139992391
3300,-0.48235087574650687,0.10668600464431276
3301,-0.7679905108651649,-0.35131883986416745
3302,0.2218499590659295,-0.3625070344316915
3303,-0.2610984189803861,-0.43451333351001314
3304,0.2771541267671637,-0.369775729575865
3305,-1.0882103845255087,-0.1530410804044819
3306,0.06748150285632183,-0.2299792607343607
3307,0.5453537544852007,-0.34927293402401494
3308,-0.8087761655986817,-0.4196004955885564
3309,0.13382223812144067,-0.23311697032133502
3310,0.2882326547789913,-0.4228968986425241
3311,-0.24888220582503334,-0.3647442658696876
3312,0.5264536109999302,-0.4820642950111771
3313,-0.18328200127695773,-0.5187017734711976
3314,-0.4970999492282692,-0.5378248082453685
3315,-0.048024201808384126,-0.5060606627490984
3316,0.4722486375047512,-0.5650676945331922
3317,0.8597492104346213,-0.5030709434898902
3318,-0.3063262013733117,-0.5664633246248286
3319,0.30634423362132496,-0.5668274015523349
3320,0.5552885887957859,-0.5990195799695103
3321,-0.1265914663108493,-0.6408063517755394
3322,0.17195605104095402,-0.6250518366004799
3323,-0.9815158730196438,-0.5248549421338623
3324,0.4335618281799647,-0.6538384478977046
3325,0.3459278898970109,-0.6200897951392063
3326,-0.10080038565566929,-0.6745018190314386
3327,-2.1698084251077976,0.436884518023395
3328,-0.13704634967891707,-0.40113115879539873
3329,-1.18991693809075,0.07639971115754075
3330,0.5405508161846546,-0.582352334952839
3331,-0.5735467076747689,0.17730838818021855
3332,-1.2820601628191433,0.306992274729209
3333,-0.4377509723483892,-0.02862262485744119
3334,0.5741534725794448,-0.4091810776141051
3335,0.565287894604552,0.6166546708912272
3336,1.2148794838858405,-0.37180645928141426
3337,-0.29456301441098676,-0.2610734262110993
3338,0.34554352576216985,-0.5927801016935745
3339,-0.7944214205809339,-0.457898574939507
3340,-1.262412337581094,-0.4185119108459992
3341,-1.3537144138299366,1.5574675396227884
3342,0.0290676554152754,-0.48408053929255423
3343,0.6582909411532435,1.0095183918918988
3344,1.1964741642351095,0.004574909115800935
3345,0.09875951971290792,-0.19668559192554758
3346,-0.05488066745214609,-0.5294525567667716
3347,-0.5167946894593801,-0.48341465946287854
3348,-0.28518789177610737,-0.45647596597470824
3349,0.8856916634676583,-0.3850092121069635
3350,-0.7218916398560833,-0.44586934992306676
3351,0.5239094347159982,-0.00934813837519738
3352,0.9069940239749837,-0.4029336651278139
3353,0.5811743211846813,-0.34111326009107273
3354,-0.013445725392387545,-0.5168848406880217
3355,-0.339940477756271,-0.16392393874552247
3356,0.5399465220471908,-0.5879680307459815
3357,0.07021259180898869,-0.5412925554214293
3358,1.5288123286333128,0.028008194223971418
3359,-0.5558317508192243,-0.3395968474066418
3360,-0.13901495739196298,-0.4933734648561465
3361,0.21688479880549455,-0.5664543625290613
3362,0.16797364846687504,-0.343851795274445
3363,-0.3855884364000081,-0.3671471398533355
3364,-0.005646428016638215,-0.32740251412455273
3365,0.50507346925868,-0.3937708788648854
3366,0.15440342478848454,-0.5870514919510565
3367,-0.12887458471910004,-0.3307443302129415
3368,-0.346708597102044,-0.3254225619856878
3369,-0.001725616217262268,-0.4696850315005894
3370,-0.12299642646455636,-0.34097609114110455
3371,-0.0768727861050954,-0.487193555846995
3372,0.5008621320324046,-0.40158805055091995
3373,-0.27982320765100704,-0.4927282273278443
3374,-0.3638734335452942,-0.37963356715781127
3375,-0.6753629510765213,-0.058573009365211724
3376,-0.9080840158769331,-0.1736765848779126
3377,-0.9244642399413558,0.5317102802652484
3378,-0.19524198037468804,-0.04169550870400461
3379,0.467227100661057,0.10307314726710727
3380,-1.2023680601333542,0.4075466966022235
3381,-0.2992582687369594,0.5426015220750838
3382,0.4035064146931772,-0.3124765190926096
3383,0.8511592701832379,0.14242072514266102
3384,0.2263070212870067,0.32002745467872323
3385,-0.07585271942680376,-0.3038829683486566
3386,-0.07889261605317949,-0.5234483097571707
3387,-0.6460029665056547,0.20064351759401133
3388,-0.25523552772492414,-0.214713068716582
3389,-1.2053782495516625,0.3460829781751894
3390,1.4523905871514293,0.10957508700266551
3391,-0.7888812296756434,0.5090280022158408
3392,-0.014961179434565876,0.029734180387577077
3393,0.39393227930429986,-0.05193100570015194
3394,-0.39404974641974505,-0.26823932061886
3395,-0.3986296447994599,-0.3633868657826802
3396,0.05765833475636735,-0.3587044681258002
3397,-0.873908657160143,-0.311666912481465
3398,0.21611773620797983,-0.005210114192315548
3399,0.591394656338751,-0.384784449048721
3400,1.122980971274331,-0.20216301181586094
3401,0.20955219138568015,-0.263817657396377
3402,-0.3106957726243797,-0.35918498767683943
3403,-0.37677528634541846,-0.31960236752881666
3404,1.3283360537673803,-0.529386831470488
3405,0.5260859479975074,0.1251084825392982
3406,0.27849069008986743,-0.5784764226579313
3407,0.611193569623599,-0.5095384198520876
3408,-0.260575951293674,-0.3243737904279127
3409,1.1776502060966723,0.019111545528962156
3410,-0.3558694432028458,-0.5651248829013641
3411,0.2954029462675906,-0.4491424030550891
3412,-0.7294131444416939,-0.48850165664093836
3413,-0.7559860642712247,-0.5036067727880011
3414,-0.4647167381839505,-0.37435515658930785
3415,-0.7031363965817647,-0.23416376189086194
3416,-0.14173192183845715,-0.5326124115197207
3417,-1.168676471233557,-0.16817215915194456
3418,0.8956353333757627,-0.5730359229989793
3419,1.5393185496987898,-0.4000210946767729
3420,0.19163864135309908,-0.5782281046431701
3421,-0.3956387656519694,-0.5266918166042194
3422,0.7476189275768926,-0.48763304070492564
3423,0.5679432481004182,-0.6441737889710487
3424,0.1265887657769377,-0.4944818853468863
3425,1.368492748995362,-0.3819051769915759
3426,-0.4499478554373161,-0.6049587012833972
3427,-0.3388435445106262,-0.4786841339303179
3428,-0.5357645947539106,-0.42634784473790416
3429,-0.341916506268498,-0.566946856240947
3430,-0.4261507609281728,-0.26108272317762504
3431,-0.08204397955216973,0.24105280148473665
3432,0.5262795756443804,-0.531780825598541
3433,-1.229198634408449,-0.414208273229769
3434,0.6294468823341031,-0.5819323036205699
3435,0.5618998315639891,-0.5467838370227244
3436,0.2976289532604182,-0.3664555624756142
3437,-1.6389538100353207,-0.4065370295779829
3438,-0.39122364192400355,-0.3965521792599851
3439,-0.41629154322348605,-0.22161872431397955
3440,-0.8843189269857146,0.38647973425594245
3441,0.523207595473896,-0.34429134394397215
3442,0.9494030804427208,-0.24940455533722525
3443,-0.47553576400561004,-0.46561691478630096
3444,0.9800535111369859,-0.4363667811296425
3445,0.7058265569785526,-0.29814469530738824
3446,-0.09373620443231453,-0.40188822784727746
3447,-0.23416058387472063,-0.5727429178788769
3448,0.8515802213128032,-0.4960438974033076
3449,-0.2775021794276664,-0.36633857077403237
3450,0.32418697920976497,-0.43556630196336404
3451,-0.2137414553690066,-0.33845751054167444
3452,-0.747578216252355,-0.3331727620348824
3453,-0.15676702341837273,-0.5939733614021601
3454,-0.2884515675225623,-0.3237243922426159
3455,0.616137181106045,-0.4204332598317307
3456,-0.14781397175605768,-0.5547496782564016
3457,0.33227800424541365,-0.45346414924666495
3458,0.22264993887032433,-0.5426743588818708
3459,0.18419098710329315,-0.34683204785159916
3460,-0.5143907752825018,-0.5183488954709276
3461,-0.08129897505623132,-0.33321653815178665
3462,0.07546822847321456,-0.3277533601409668
3463,-1.092837616483722,-0.1771060196356013
3464,-0.9529438558275761,0.4837330945948648
3465,1.1626921868021725,-0.30753018108429164
3466,0.49903062242513685,-0.43416770405361765
3467,-0.7359068082753477,-0.5286469455484131
3468,0.026355459060055795,-0.5085889718274629
3469,-0.5609032669062377,-0.31398757314963005
3470,0.6051948103564669,-0.27917760074979386
3471,-0.4333900292541743,-0.1876680769317826
3472,-0.017848867735853705,-0.1958903243810821
3473,-0.7640213949105581,-0.16328227427205605
3474,-0.6724999478014039,0.3025656091785174
3475,0.5226288250863849,-0.419313264347818
3476,-0.6085225911087847,-0.24042680454958837
3477,-0.22306669102152965,-0.3174014850352665
3478,-0.4067199512915243,0.38635127839956374
3479,0.40798987020028904,-0.2902734238877445
3480,-0.2546588636618619,-0.301225667918253
3481,0.8307201486890569,-0.42837339390026313
3482,0.05365146311456417,-0.3862917293260291
3483,-1.1673679054604216,-0.11313701297598977
3484,-0.4184897818198956,-0.23416644213100335
3485,1.2835152595342652,0.002323125407293347
3486,-1.6191366489086498,0.7665209142997014
3487,1.89567638339946,0.4719794882957123
3488,1.1183606094293244,0.8464659318307362
3489,-0.3828667230165647,-0.2802850303141735
3490,-0.5285222402431057,-0.3065686128180704
3491,0.5218804104719065,-0.42441061771452193
3492,1.1055180456579838,-0.36490688693078815
3493,-0.1671759795500284,-0.051586734891304206
3494,-0.29046292354543646,-0.4797404908607284
3495,1.0178356184637778,0.07171917558967827
3496,-1.0142678237099825,-0.5258591332181212
3497,-0.23766544775364853,-0.3870835789441951
3498,-1.08346552875138,-0.33903639195442203
3499,1.587528620742587,-0.2010136745101736
3500,0.928198332782335,-0.4682422741067224
3501,-0.5970254408068976,-0.2661340158918156
3502,-0.039364170098168214,-0.5859229962363184
3503,0.5429552999169877,-0.5390603099133259
3504,1.492814242651211,-0.318706395430984
3505,-0.5795525301839318,-0.5569713008965909
3506,1.688020459195004,0.025565128653058003
3507,-0.23686532916898118,-0.23705342359435488
3508,0.20508236261000942,-0.38026186662397554
3509,0.04951921810575587,-0.6058076755066797
3510,-0.7267913039864673,-0.33327145395588537
3511,0.2345784013126053,-0.37936515002801596
3512,-1.2211010012225603,-0.2991328549896061
3513,-0.3493142646484431,-0.5821353858830794
3514,-0.011530366386456761,-0.544389793408977
3515,-0.03427953225094034,-0.3068274762575569
3516,-1.0847393691529341,-0.39982927901864185
3517,0.8110557596955517,-0.09125057865042532
3518,0.20475814477720275,-0.2522234501972375
3519,3.0293448137007726,1.3765323948307653
3520,1.5312440499463957,0.25143432283448547
3521,0.49107723583068846,-0.23566490195452616
3522,0.8847918644831526,-0.21737685721584196
3523,-0.5101432099402751,-0.07764755962520307
3524,1.5461802427075975,-0.024990136658093687
3525,0.9254619398608837,-0.2936220599970436
3526,-0.06991414384840372,0.048136303740059366
3527,0.45917486301420946,0.14391394748313546
3528,1.3312096365780035,1.376912361233464
3529,-0.19922345502930638,0.1157826248743805
3530,0.24797074747916764,-0.37949297137375254
3531,0.3117152730661261,-0.13014730288831203
3532,0.4592262839718042,-0.205893896269347
3533,-0.9955433783413564,-0.17851397250743534
3534,-0.32609799371791,-0.26803048695231885
3535,-1.0389360194649535,0.32904628303073535
3536,-0.3189265615402729,-0.04718110143392191
3537,-0.7890497178219672,-0.4855416307644985
3538,-0.3458965766891246,-0.1647092048089983
3539,-0.8515369556745993,-0.2735016989943367
3540,0.31597209994341946,-0.17747531960738175
3541,0.2960879519810981,-0.4470268220896252
3542,0.08219350863981446,-0.5041115827820779
3543,0.9864154387045272,-0.41932399079048877
3544,-0.5147123252045137,-0.5633981046329414
3545,-0.30300798938392864,-0.5057504107248925
3546,0.3510626085620413,-0.350161425588117
3547,-0.430412827142558,-0.38266478988434754
3548,-0.32032342204408015,-0.5806426872467959
3549,-0.3031495698233515,-0.24527257306373076
3550,0.009695188350756511,-0.49257031186310035
3551,1.1196441265092745,-0.4027339505740602
3552,-0.5297799312205802,-0.4673424506375942
3553,-0.22853402027173228,-0.3154464689678615
3554,0.43104074607057036,-0.38668595684786966
3555,0.4039919510753717,-0.503975087107538
3556,0.7449874437081958,-0.4955463421843108
3557,0.38337727187917175,-0.4566997401423829
3558,0.33049245535578153,-0.2846896268021007
3559,-0.6537913700925929,-0.4464893827208581
3560,0.2805575937081111,-0.3707544892096446
3561,0.3577602571404182,-0.163976413133776
3562,0.011966358202169125,-0.4921214018934625
3563,0.020118465348080056,-0.24569137937636548
3564,-0.2951776940755752,-0.4769065226367894
3565,0.3973027046674643,-0.44654581434809393
3566,-0.07902758340368533,-0.4221262647218984
3567,-0.3872183765772536,-0.5187527949572666
3568,-0.633799245016553,-0.49254072508743735
3569,0.8996915163225307,-0.4581449932798457
3570,-0.11364132349557445,-0.580428858147237
3571,-0.056146111855498004,-0.3979981752681097
3572,-0.33306399409087967,-0.4718265334793187
3573,0.45805232027926296,-0.628594110412687
3574,-0.031136937296814902,-0.44507353073675865
3575,-0.3014615600938681,-0.2337571975514926
3576,-0.1754626478796336,-0.36632754704187886
3577,-0.3508741205467665,-0.21118505728388923
3578,0.1355467423395562,-0.4053642790514619
3579,-0.8120001018249796,-0.29105798289548895
3580,-0.4853630735804794,-0.2830840356894153
3581,1.827412349625771,-0.3589952380013037
3582,-0.9074731887731307,-0.07871051605079536
3583,0.42846606843777013,-0.22956637187137474
3584,0.8384462917139669,-0.40721065459829936
3585,-0.6685797552150976,-0.2933583806853555
3586,-1.4945775740395246,-0.0114961333217686
3587,-0.44177431026460945,-0.1823175136331962
3588,-0.06520182820090688,-0.2749526579898245
3589,0.3156577823410002,-0.21627793715525534
3590,-0.6927400054623708,-0.462144802352452
3591,-0.49709537638441775,-0.26738318529180977
3592,-1.2153427209473462,-0.06349133602583489
3593,0.600654843659213,-0.1685304945959661
3594,0.9386169168232833,-0.38238437025942423
3595,-0.1915785300822654,-0.33990619935437194
3596,-0.5534014834882884,-0.5112561854946237
3597,-0.053379920790169705,-0.5589837684952782
3598,-0.6710044262138674,0.04320923968353707
3599,-0.3085605036580987,2.7753894982782423
3600,1.2357969049612354,-0.06451529447288028
3601,-0.4976611976464295,-0.13168267815389018
3602,0.6716186105520053,0.091898057465891
3603,-0.6377336424885549,-0.25146627947602185
3604,-1.6625418704716264,0.015496719556686531
3605,1.9148833084789063,-0.20500195614150324
3606,-1.3135556757669429,0.09972034725523742
3607,0.49777232881995565,-0.3232494562981549
3608,-0.5581012232489724,-0.5085439495522742
3609,-0.1613810992447362,-0.5734896653905438
3610,1.4399443541000352,-0.5039676419536347
3611,0.37082197414603585,-0.5576453661775389
3612,1.4494074156065344,-0.3513588021092955
3613,-0.06891053369935116,-0.3640195177986446
3614,-0.24458105128818441,-0.5600016796168656
3615,0.5635556787085166,-0.38093200514229175
3616,-0.31388892620713843,-0.5537501399220328
3617,0.8364495017509159,-0.5495992511982374
3618,-0.09611499656382357,-0.4487159332760595
3619,0.8387093522300931,-0.3169722666377424
3620,-0.6521938927939962,-0.4397313029622233
3621,-0.5217818260697648,-0.29772932979213573
3622,-0.01526388405239437,-0.6048051622140546
3623,0.22484686115788716,-0.5564146164311173
3624,0.2480990352045471,-0.47439617724836586
3625,-0.969178959314471,-0.418133746451523
3626,2.975221553495252,0.10351431364163746
3627,0.4062005023999432,1.8383325884336106
3628,0.4638989558285243,0.5460627430074876
3629,-0.6861230042542633,-0.23653818632952203
3630,-0.30614046570626147,0.19647468571242377
3631,1.0784602159771381,-0.1370285418901402
3632,2.2952750212566935,0.831063731722263
3633,0.27031956802898455,2.024872995052101
3634,0.04866261515911902,0.180589395469653
3635,0.6524424729170388,0.7609200706016377
3636,0.2908463129102496,0.3673473853180754
3637,1.4046651790175444,1.3473383019883696
3638,0.33942433489803614,1.016237256921744
3639,0.5731690297415435,2.911318800309859
3640,0.5170153053732244,0.6892096646047734
3641,-1.1995580996794022,1.2670971860253466
3642,-0.8635969838069927,1.6954808800838956
3643,0.2408120347737159,0.7027832605444447
3644,0.027454314986360986,0.3642405385527705
3645,-0.034932170160519235,-0.23497356094152064
3646,-0.39584530775858345,-0.3771164483505766
3647,0.9202379191506788,0.48548030785537527
3648,-0.2925721099677977,-0.29964977589942865
3649,0.29508386756157007,-0.03710636322494079
3650,0.34684984909784583,-0.10820735258755766
3651,0.6144051805596717,0.07670959034703166
3652,0.7659455140502832,0.4112241251416574
3653,0.14198393941924578,1.1383849327974978
3654,-0.7847670672866733,0.3737841573927369
3655,1.2391128675254437,0.9854232924458178
3656,0.2936377152027392,0.2990703850146421
3657,0.5448017211755507,-0.02603011885938221
3658,-0.12426309255352885,0.4081871260192048
3659,-0.08702224648533669,-0.007773525707492303
3660,-0.024452003304524732,-0.3013525469869127
3661,0.00021033494053572494,-0.10388356619353044
3662,0.891818627268848,0.4873502539386236
3663,-0.22970475263917337,1.3789040154493262
3664,0.4801445014648075,-0.07635278503537714
3665,-0.49074518353114166,0.4322930380095258
3666,0.48451585242670353,0.3578529122135585
3667,-0.7649029041109834,0.3724389713442015
3668,-0.7999738647799388,0.5997480947710528
3669,-0.08682493789181878,-0.24193763387262582
3670,-0.07432514355777607,0.24494816056288346
3671,-0.0895258086510181,-0.09647885995789238
3672,0.5724583046949717,0.17427866804987496
3673,-0.7192846712312625,0.9350218472753278
3674,-0.1803900737007732,-0.17801077440883858
3675,0.29468302699895477,-0.12478244351783402
3676,0.4350698752126991,-0.36584624121934534
3677,-0.4872028149574535,0.7482404683684807
3678,-0.084124149595336,0.5727321617865744
3679,-0.656438367731999,0.30190525046175964
3680,1.491327499129977,0.8075535232592338
3681,0.602577283850995,0.8334739844210474
3682,-0.28525827364140033,2.137109077870012
3683,1.4592896575496854,0.0019777897038898524
3684,2.4172941304726243,5.187783636915384
3685,1.6885271354300508,5.276630966626518
3686,-1.9459835878941507,4.960333258108448
3687,0.8249371938410553,2.5411911266436484
3688,-0.5854081742568298,1.0867173104055674
3689,1.0782211633858596,0.9858336326879578
3690,0.004741205319680775,0.29518115902852204
3691,-0.596821273449955,0.6973652047679628
3692,1.175769696612374,1.0530897849782164
3693,-1.951835912679571,0.9714973362693671
3694,-0.24446839825919145,1.172066674196489
3695,0.7918851088612304,0.7983099531235558
3696,0.05388317555187793,0.029935645277902174
3697,0.22900893990339555,-0.17257091900758856
3698,0.046251267297213544,-0.21573501766357117
3699,-0.8266941275452525,-0.20971091850144205
3700,0.5144197048955611,0.9532928133098341
3701,-0.23837033384953032,-0.19801426894254162
3702,1.0621710135593214,1.188143392455787
3703,-0.17393699884074076,0.7879754254903439
3704,1.0726423417485502,-0.24476361371949987
3705,2.0834409815512496,3.050743224013409
3706,2.5115508903204717,4.16398229538625
3707,-0.6631028115913637,2.1828014691633433
3708,1.4955401644241113,4.404599252686847
3709,-1.5884561489255287,2.8663602197819493
3710,0.37784304885624226,0.5318094264974502
3711,-1.1516242960704297,0.8929022486566822
3712,0.7625963814145887,0.4286877824767555
3713,1.3209161951017359,-0.17247655473190257
3714,-0.4398476880357593,-0.08380493750777505
3715,0.012303083726146182,0.35477173523252215
3716,0.5525752610640805,0.5366087694185795
3717,1.276953941959848,0.284526294601684
3718,1.0245445556036865,1.2555130019236147
3719,-1.301011777040753,1.4411956664526793
3720,-0.9455143982373763,0.8004064088092396
3721,-0.14725826721601656,0.6819817693418432
3722,0.3771214345082204,-0.1253763728794779
3723,0.6385073350325637,0.7083085859326711
3724,0.03595574403533591,0.948286195911035
3725,0.1536970237571312,-0.21387036769712003
3726,1.1429017689292609,0.28849323866586085
3727,-0.6891259926090838,0.7391770670506894
3728,-0.8427026200172917,0.07521585693829379
3729,-0.22839755383695384,0.4474425855117449
3730,0.1331335725051168,0.3327630040374396
3731,1.0488328518223378,0.4792521515086045
3732,0.02668898750473432,0.2786295257760753
3733,-1.7900053382939765,0.49540760843847287
3734,-0.9467661974948264,0.4742426734068718
3735,1.0909426532725002,0.342121487478292
3736,-0.5639939258941437,0.1546663408595371
3737,-0.24384260746158312,0.21221909343366677
3738,0.48775715302831385,-0.12346732274548797
3739,0.2244837651103441,0.04864265008918291
3740,-0.03443414280739188,-0.26787171858346
3741,0.6155479785341962,-0.4437997625552319
3742,0.2874109739210744,-0.37429954265511534
3743,-0.06555174654887208,0.0041823410259947645
3744,1.158378072331798,0.6720221948806102
3745,-0.20068316974444056,0.20613562555498194
3746,0.7076226122062333,-0.19084344336362244
3747,1.703115003892779,1.8718081913032565
3748,1.505219280469634,2.1642009460077576
3749,0.30774406577521857,4.130593957334377
3750,-0.8812061499202859,4.2963429218152696
3751,0.5778287649978587,2.8506533887655996
3752,2.9708263491421314,4.3172712079665425
3753,-6.725699226134214,8.318931931931534
3754,1.6546522789787892,5.174386681615992
3755,-1.6811039614189927,3.986512679160278
3756,-0.5776080560259375,2.990190601943382
3757,1.128283406089552,1.1244181579037673
3758,0.4027884493521895,1.0679718059158374
3759,1.3620199503693622,1.781113012952997
3760,0.09743316526699554,1.5273944545662694
3761,1.1441588012753476,1.1838652774696803
3762,1.2018012387205186,2.3448237157270553
3763,0.17552147077875271,2.670604956954433
3764,-1.1277431098183344,5.89279606120169
3765,0.9115912596417775,1.6658999490723696
3766,-1.1865467484521708,0.09135078001112476
3767,-0.9616590077020025,1.530478340987476
3768,1.4537180469940822,1.3026615876509098
3769,-0.386315077601937,0.20629002482891992
3770,-0.09354555558224671,0.10758232868947974
3771,0.940126528528494,0.6774230532214307
3772,-0.7831719373249995,0.8891897848911953
3773,1.4327505096548097,2.3884210429583352
3774,1.3642891774601873,2.4614161366143232
3775,-0.2629195534815853,1.4960582181272752
3776,-4.760588612589163,4.1382817834743575
3777,0.6327625352262334,3.2919033790421355
3778,0.6615951967520841,1.3411681332778218
3779,0.4932903815501499,0.5824493473315545
3780,-1.6164336178935803,0.7868534038315488
3781,0.1270858347652333,0.6439617467290304
3782,0.7289007882784817,1.0427623381355784
3783,-0.6594243309698659,1.1045522540332762
3784,-0.29317008842783765,-0.0985846562034011
3785,0.4490637483773194,0.008420272939313155
3786,-1.738686581565384,0.729968450449644
3787,1.6059722358008504,0.5083830639172613
3788,1.350428277862922,1.0296467947748154
3789,0.19257221337930683,0.05683727217562017
3790,0.5125593818659737,-0.21136236177023482
3791,-0.6783681361389645,0.012856993866213431
3792,0.14293207220149676,-0.39004421383114163
3793,0.20675784379360493,-0.4585228426639226
3794,-0.3833488851356019,-0.4516796967360155
3795,-0.4430671338658474,-0.4883690947200551
3796,0.03704980579370837,-0.3386085807991233
3797,0.1762687463313223,-0.5906720050998634
3798,0.25734492650187174,-0.24336922389288002
3799,0.15995889950074565,-0.2625067958500559
3800,0.45610486284409113,-0.42100217218833175
3801,-0.29540508729385867,-0.3843874175064094
3802,0.6893298917448554,-0.15259283955932748
3803,-0.31182325948362427,-0.40577491946752065
3804,-0.633805027697797,-0.11071542145372572
3805,-0.23818796348945717,-0.3828552693724911
3806,0.6777562864938705,-0.5398773763292687
3807,-0.04187881815503339,-0.44798376932959555
3808,0.39216845294380354,-0.5697404489013532
3809,0.0298147596761283,-0.5058760772884664
3810,-0.6902368353605458,-0.28127860611856786
3811,0.377816408709595,-0.3043850671038304
3812,0.6690486941723462,-0.08667375568955196
3813,-0.3859106402779922,-0.06832949593322485
3814,0.5127404953008354,-0.33423694863788755
3815,2.2455551783069536,0.49030821728814655
3816,0.0625823736972658,0.8127657345100502
3817,-0.8834423936041553,0.19125236442655505
3818,-1.6498476270039568,0.0862830772689333
3819,0.5635134694250337,-0.10404176887300771
3820,1.1073332944753147,0.17244109405875677
3821,-0.12881125791924639,-0.19639314813907094
3822,-0.3922626157991011,-0.23177210862399128
3823,0.5676877886675286,-0.32291022055028284
3824,-0.07956571844366886,-0.34797664052936716
3825,1.1046799857125518,0.047645543221416384
3826,-0.0966839979945108,-0.3208060496781758
3827,-0.7416605314634879,0.025816463497441114
3828,-0.25254757595855143,-0.07987265884213307
3829,-0.4060736087793776,-0.3091689572490513
3830,0.2670113424507785,0.10229368176410497
3831,-0.9994595420967891,-0.20875745752222655
3832,0.20550407830305015,-0.3252853836002532
3833,0.05915290809393356,-0.47732643755869625
3834,0.3446648750741717,0.014194157528975964
3835,-0.35603237459643594,-0.49899715719062365
3836,0.10951475969687145,-0.2213845366966504
3837,0.5483755524312387,-0.47654142937431815
3838,1.2299591143545863,-0.34691074621914125
3839,0.3197917945293506,0.9054437956336565
3840,1.0109321181347188,0.422280758636544
3841,-0.39592987565059784,0.2516134127467392
3842,1.6619938988838052,0.5016111964581729
3843,-0.8093350378567918,0.7531517523602775
3844,-0.4388335948557264,0.2160973797132401
3845,0.0677074066528219,0.22410598270677146
3846,0.8357468314180042,0.12184950493430384
3847,0.30189653452647036,1.78013839611967
3848,0.8987698996975619,-0.09831523626064508
3849,-0.4760057052397084,0.1336117638610023
3850,-1.2183782829233503,1.226595669675325
3851,-0.9606048915702458,0.7009819835398975
3852,0.7035410802363793,-0.2253855623798952
3853,0.7202318410237496,0.48601608549133624
3854,0.4592128143421019,-0.29910613099223926
3855,0.21135635181905563,0.3537559401133462
3856,-0.8627039991747545,-0.01237012875532649
3857,-0.143641053826197,0.2540258510207279
3858,-1.492042727437605,0.9176965561276209
3859,1.1377447686717392,0.0395213862497699
3860,-1.24200367101057,0.29123918606840077
3861,-1.5284185163680248,1.0099683147406315
3862,-0.25220105046836777,0.07025191651362503
3863,1.883211282017288,0.7081672926532175
3864,0.5542560454071603,-0.10762260960903129
3865,-0.8821066632472926,0.08340686657992823
3866,0.8398452196762325,-0.30402232977236054
3867,0.2320814309231542,-0.19263120703184547
3868,-0.06483445316737758,-0.2024694602951676
3869,0.27382590032805665,0.04739292489452644
3870,0.16165578326806906,0.33500096524850415
3871,-0.5394978268518669,0.29797682228031896
3872,-0.3012613338916528,-0.26874546469656
3873,0.3518546404251085,-0.4738487191285441
3874,0.47510770469765307,-0.38816020508472976
3875,-0.5352576539911206,-0.029107124064881952
3876,-0.030666010973089852,-0.1521149406098944
3877,-0.7835262040440789,-0.20154495378723802
3878,-0.3004868787580664,0.25637990942286076
3879,0.5716078042613989,-0.10164811233072109
3880,0.732695809108693,0.6743885416692094
3881,0.5145687065204827,0.1753978925666903
3882,0.28351751747059195,-0.31860294470816397
3883,0.6153372758415167,0.8452790065549485
3884,0.6487947398409877,0.028000952539092024
3885,-0.10010934330029578,0.8870372236030639
3886,-1.8344449047078097,1.8940008685567635
3887,0.7210308575647604,-0.29890334955342224
3888,-0.8453134291029245,-0.22763606402829087
3889,-0.08857279888511244,-0.020895691253886572
3890,0.8508128377532311,0.3253319585903032
3891,-1.0469198325408349,-0.16044955054827809
3892,0.9417594061318195,-0.08065281089583153
3893,0.4190039689346892,-0.40914285554918706
3894,-0.28098873212789094,-0.35500953348456316
3895,-0.2255466778846926,-0.3162455058797189
3896,0.21515918621165817,-0.3802585493795523
3897,0.5709222485570665,-0.29435421946351803
3898,0.013907306603191262,-0.37654208214981394
3899,0.43606555444475426,-0.30567939055806037
3900,0.42272689551836123,-0.371496627938219
3901,0.5032173959377174,-0.3201130909423682
3902,1.1388525478402065,0.1289570494537038
3903,-0.9732061623802635,0.04883387560864874
3904,0.4050459892468888,-0.22297647225310674
3905,1.3123873390040672,0.13729663192605068
3906,-0.1598346538614882,0.03641694652538166
3907,1.793958726092754,1.2197493242782633
3908,1.618361449452263,4.233026720404744
3909,-0.6393366322466494,1.1058725860310878
3910,1.6689731154108274,0.7636940625387845
3911,0.3984311151022655,2.704862284203151
3912,-7.749073625597026,4.164157402464833
3913,2.8954651893875125,1.655250160182898
3914,0.48615817969042907,0.8897731545017483
3915,0.14579197761782847,0.07881411022905252
3916,-0.9851703444555708,0.5585111524553804
3917,-0.14754447872216317,0.5236647330030525
3918,-1.7736433007569026,1.0702246898294514
3919,0.4543608498410613,0.5523473315758654
3920,0.5116379561497014,-0.28906632009317634
3921,-0.43722002257772674,-0.11580453553391253
3922,-1.7137953828777845,1.722295686520066
3923,0.7659272255751075,0.2933080447916711
3924,1.1136047154336324,-0.09101805668569188
3925,0.23702231714256572,-0.078906407014191
3926,-1.0446179847381272,0.12487750990095771
3927,1.389874774192528,0.3337497399939492
3928,0.06316946817380951,-0.2019366795312206
3929,-0.3921854060895992,0.21582571364997383
3930,0.31486491024080493,-0.3493728890081353
3931,-0.014030208388771193,-0.16873351987150426
3932,-1.2269947501098846,-0.08087876408017611
3933,0.6050511474490188,-0.43773367564038196
3934,-0.9926726215161117,-0.11660990775160913
3935,-0.8746884523132532,0.6937515085248955
3936,0.9766292654835645,-0.04396965140380235
3937,-1.7208170390243216,0.5027597978384251
3938,0.2870461785646121,0.07948097516994199
3939,-1.1895173434568396,2.2609803499180985
3940,-0.6870422798153903,0.46174536614139255
3941,-1.9469784874673,0.7903716935821216
3942,0.7422078197523672,0.5544773474318465
3943,1.8009663554441497,0.27737106317483806
3944,-0.48817302246866473,-0.2812109806154222
3945,0.033721599104920764,-0.04596939770553439
3946,-0.9125941064000999,-0.2883414239587055
3947,2.08563840171731,-0.17565158530744895
3948,0.4249046704469074,-0.061922165614751036
3949,-0.17516811781146138,-0.3936905918734119
3950,0.2082013556134791,-0.3195520815476677
3951,-0.3880913305204058,-0.10540281837764091
3952,1.095487122281897,0.17566658800116208
3953,-0.693589973173824,0.23729112866181074
3954,0.8728920959895263,-0.194355495085056
3955,-0.4311580274634075,0.01379941617392946
3956,0.2935910146361655,-0.48864133952238126
3957,0.1834727704579077,-0.4243355752608208
3958,0.3127478590255296,-0.44027016162294436
3959,0.19463981505260602,0.3074850554152066
3960,-0.9589020000786727,0.1622830499502865
3961,-0.2768215464833646,0.019439193268969212
3962,0.27927325558026356,-0.3044576582041002
3963,0.2592161395083679,-0.4286488952262442
3964,-2.027887206587092,0.26756414648334864
3965,-0.607785954801306,1.849525263783379
3966,-1.9513570558795996,2.109946635479432
3967,0.7102907648655794,0.26415314584981386
3968,-0.13060277787038901,0.4424023510535807
3969,1.226054896814432,0.1428033699065468
3970,-0.2570792672760887,-0.33399872089691773
3971,1.833755649109106,0.21295060647363873
3972,-1.1397428373652008,-0.04380528063844773
3973,-0.6131739926364989,-0.45171515913569815
3974,-0.9277336192984209,1.7033462316088883
3975,-0.8280289293646959,0.8467489591361479
3976,1.3009572025791434,0.3934006293818541
3977,-0.594979287375118,-0.33076408262049567
3978,-0.23609883690423714,-0.359307142016191
3979,0.6168222069345696,0.20696792041323078
3980,-0.03543991066109533,0.35321990779845946
3981,0.9977166073671426,-0.024239974764864395
3982,0.20555470241027504,-0.23243700845795964
3983,-0.6530672650230608,-0.25397125084710603
3984,0.010163036360551941,-0.5277661439292383
3985,2.2933458624295,1.0391556936218103
3986,0.14701429996024643,0.585289063648968
3987,0.08191244950526105,-0.11061736039681432
3988,0.18448097455337717,-0.3022682562848315
3989,-0.4198267982282985,-0.20250911800364982
3990,-0.23659675713298037,-0.41269741932044846
3991,-0.03872697074264179,-0.33863980180482406
3992,-0.21628977074740802,-0.5126294409123787
3993,-0.39467493380635554,-0.41542919230999975
3994,-0.11972279186823975,-0.45684273626596605
3995,-0.7996891012882206,-0.33233890863155024
3996,0.9045279367949197,-0.4037309873790204
3997,-0.14617603006792199,-0.6033470464484841
3998,1.438809637730529,-0.41656375103349547
3999,-0.9594516129206044,0.5450030280190888
4000,-0.6129899677479056,-0.41112930287323474
4001,-1.543032664113773,-0.06078257759370522
4002,1.2010004439385842,-0.5071459294589539
4003,0.5622641135060611,-0.08006211313079543
4004,0.021985767688161427,-0.47969718597791866
4005,0.027900759203119758,-0.5130130025246578
4006,0.18259931074113567,-0.3931026604033102
4007,1.4277167648662044,0.2935866110786214
4008,0.39867260858944414,0.19064462516325567
4009,-0.2696506656306756,1.1217192612386386
4010,1.0314343983311127,0.1637943472367192
4011,0.9202149098715399,2.028684940965924
4012,-2.6105242551416534,0.7417667925241997
4013,-1.4217288820565492,1.6507525868933748
4014,0.3790202271779583,0.15459570057366886
4015,0.2954048328739339,0.22361247555038982
4016,0.1769465195767191,-0.03353020222942421
4017,-0.09526429070239292,-0.11945579860490171
4018,-0.04087847052522925,0.4196188737095269
4019,-0.29098939916186084,0.012725207697924502
4020,0.6418406472048885,-0.04795909071839324
4021,0.22804364652805603,-0.1525525455629911
4022,0.8645095165138779,0.016609621504364076
4023,0.1493340971516494,-0.19236472656352377
4024,-0.9448778139487974,0.7462281998316495
4025,1.247644744378109,-0.07447727898357066
4026,0.36523896469833345,-0.26085959112927903
4027,-0.7939768004820686,0.08782090892640589
4028,-0.9232988969990299,-0.27226133145479436
4029,0.5496784094632309,-0.3043298145158686
4030,-0.2953759764400721,-0.23013235611699998
4031,0.42333179057780046,-0.23994122573473098
4032,1.0875263709595493,-0.35596942095241746
4033,0.18956887464137906,-0.13692575951133568
4034,0.2289595468948436,0.07095616979917127
4035,5.611512657528952,8.874522730041761
4036,1.045475384251065,4.8044503501630365
4037,-2.800101465714318,5.414933452517625
4038,-1.7832659417667416,3.7547119405801586
4039,-1.246754615205829,2.392346360620689
4040,-0.10450708022732082,0.5448122924530981
4041,1.944916451766956,0.36019874283764836
4042,0.4853769830773899,1.4359559132929594
4043,-0.574886623647962,1.067359382822162
4044,0.454955064507373,0.2754999463199893
4045,-0.25240977552858646,0.19674457723287067
4046,-0.8630985907836453,-0.14875927365108593
4047,-0.4848488688062559,1.6081214886711321
4048,0.20679038359306745,0.6369071062827651
4049,0.7397447890727642,0.08726604377500034
4050,0.7187027862548098,-0.08336028435065346
4051,0.421787546487416,0.6121016316593704
4052,-0.5148101281826292,0.5971848895313954
4053,-0.7757356838694198,0.824695913184391
4054,-2.1453108036884734,3.6532169063097375
4055,2.9291884784836246,2.2679734291480025
4056,0.41192427167190715,1.4639820672703845
4057,1.3037713874927903,1.8779558316975256
4058,-0.9645747078766859,1.884982692511233
4059,1.4316415073289805,0.2196061839592189
4060,-0.94794895200647,1.6002904603935297
4061,-2.214775580012122,2.6305902054557952
4062,1.5628964796058624,3.2954190965939625
4063,-1.5487136792457048,2.8821397001999274
4064,-5.297841951395567,6.088697471790449
4065,2.4001459899144546,5.442036252780583
4066,-3.752453097668191,1.9883355869284267
4067,0.09636339200244087,5.324322461207003
4068,0.4898531499305369,1.7054413899791154
4069,-1.7841749223005916,1.0670968786285697
4070,-0.1920573389866251,2.0912756144697586
4071,0.7120672850598275,1.735300642150382
4072,1.340141748809596,0.525212119405764
4073,-0.07955474231694405,0.46550220856669855
4074,0.1609135629991121,0.3883290447319906
4075,0.7823737230808903,0.4508052969909997
4076,-0.6880766536952926,0.6263014896962451
4077,-1.2425557999912231,0.005643822839469391
4078,-1.5516239323787118,0.5714917667163635
4079,-2.3831867023253235,3.785798952503471
4080,-2.0245845276324936,2.3470326485019952
4081,-1.080419996337436,3.8435554857591336
4082,0.561822495854158,5.317088316029302
4083,1.4817250873837446,1.8621832207701101
4084,-0.8336918204250316,0.4576034565945931
4085,-0.4031690791897509,-0.11172587052415758
4086,1.7385451684366344,-0.29412443381961767
4087,-0.8598495143622037,-0.2717199369183599
4088,1.8385627899713168,-0.2534366070124947
4089,0.9498483061513088,0.4066147972054779
4090,0.4024514078363085,0.36714573271581513
4091,-0.5735290433240463,-0.048148347202338154
4092,-0.43437847166338217,-0.3120628589430933
4093,0.9229497324917176,-0.32811435796022165
4094,-0.006665559413666197,-0.31229196654858316
4095,-0.15135855261245332,-0.010709910351480237
4096,0.4690164461949577,-0.43850844522100024
4097,0.5008163594118311,-0.13272629472278294
4098,-0.05876736366211857,-0.38454212415669603
4099,0.19899528942731531,-0.3279012186946069
4100,1.2059994201010638,-0.24185980824844125
4101,-1.0560448906913278,-0.472141433839174
4102,-0.18830478796762062,-0.46675225776685036
4103,-1.573969657475331,0.6800030045262502
4104,-0.3030948576829471,0.38720004195678626
4105,-1.6358559269069397,0.21846858571424574
4106,-0.029742728158391896,0.08457177406944086
4107,0.054278870933275075,0.3597902205549196
4108,-0.4536476294487257,0.08436440718060252
4109,-1.5262733011095497,0.28840595734037633
4110,0.8726241257092492,-0.23361506698971035
4111,-2.1107688195692917,1.6766548063322526
4112,1.1956956791640265,2.5732727420017927
4113,-2.241716046379241,0.7004503143132506
4114,0.6801809787296498,0.48897317551500025
4115,0.5666734132693041,0.0635609158575205
4116,-2.4830412531016264,1.0637009423937835
4117,1.0667996717038857,0.5808184466190418
4118,-1.074434733079671,0.36992968602687065
4119,0.6842413633912284,0.6387575129675137
4120,2.536780195986962,0.7020302037523518
4121,1.0377654379217633,0.8092851106619874
4122,0.8290846838151457,0.17686889134642997
4123,-0.10308493548322349,0.0672258619940863
4124,-0.49237524437320906,-0.09121750599050454
4125,-1.108223546142541,-0.010314039670091115
4126,1.1098126390883996,-0.39631781670929245
4127,1.4909632513714968,0.3269458666569669
4128,-1.171453819475052,-0.04377449543730187
4129,1.0576873927013972,-0.43044560463960096
4130,-0.563735930219536,-0.4789106340571319
4131,0.9250949259286704,-0.10911980078590608
4132,0.3890690208644581,-0.3133395334861989
4133,-0.6331891605248794,-0.27953364407788367
4134,-0.18685172049786997,-0.34423207047458454
4135,0.6247960040992477,-0.4303041567099584
4136,-1.556209151542332,-0.31444119638871343
4137,0.8507796574163291,-0.5063469903614835
4138,-0.23687586510611783,-0.2298883528206707
4139,1.1496833298680638,-0.11758374036884353
4140,1.5310960354278493,0.6459158771062384
4141,-0.18565884887028328,0.2114770427689699
4142,0.6751466925275758,0.2466182738288187
4143,-0.5970604866689464,0.02710364301910792
4144,0.29147718312793525,0.08822022865409732
4145,-0.1491332947783738,-0.12765909500419662
4146,0.35566332733501854,-0.22805834894196153
4147,-0.36294772818333065,-0.2873153405945212
4148,0.8361831163322289,-0.4792921377102119
4149,0.45529364903663194,0.7745588475481158
4150,-0.773937967005486,-0.16246944845343075
4151,-1.094699923639234,0.6661816271719814
4152,0.09544107342368456,0.24292740658997403
4153,1.6350190158262075,5.225656095593405
4154,-0.176220456942713,-0.17796231150337738
4155,-0.49335992416951446,0.01715320615304888
4156,1.4002120489459162,0.5893677501885527
4157,-0.7787228271347909,0.6045885125849498
4158,0.019406432740076775,0.2862941510301399
4159,-2.5318793887217543,1.1052434247963463
4160,1.177898469220532,1.7078552050457483
4161,-1.2235444162460378,-0.1881920853856062
4162,0.005087391885417243,0.5168927669499804
4163,2.1858052107983355,0.8915965285819341
4164,0.17804256908427252,0.09422040538237958
4165,-0.13785590101694106,0.11585580886502951
4166,0.358661334403707,-0.011459816750830347
4167,3.546842507127274,1.3680092445247503
4168,-0.30636032467830376,0.5134311063504492
4169,-0.9461731450930718,0.8627933215202332
4170,-0.8670041002331718,0.2309627305799228
4171,0.6978436693819943,-0.2114556399002324
4172,0.3010392540349342,0.27940340659595053
4173,0.5958541436989452,0.08663566062371177
4174,0.24746610176235986,0.2941834248728469
4175,0.6290355607088199,0.22251478593772894
4176,0.07885475625802985,-0.4217747242823806
4177,-0.9136838791699939,1.111955280752764
4178,1.779252989726715,0.02568633735457382
4179,-0.4905100806021393,0.7515211216717304
4180,1.8212928040864946,1.5469945102057416
4181,1.0344889391440926,2.490694948910027
4182,-1.3093805831756689,4.9329326331757155
4183,-1.1515464763088705,1.278916499195451
4184,0.679552704590693,0.4235650113768466
4185,-0.02096069912164903,-0.02314286969363155
4186,0.24717347162562459,-0.2801141549417241
4187,-1.3599179793758316,-0.05637332233454064
4188,0.9989892491410718,0.04820182471405306
4189,-0.8881108648248737,-0.11457455036620176
4190,0.667529970977157,-0.4776071496158176
4191,-0.6819425137723719,0.04131060986054402
4192,0.18955213098406123,9.858291882935688e-05
4193,0.5027537873943572,-0.18328648762010769
4194,-0.5291105457055463,-0.15222749545366857
4195,0.2772695619916574,0.033784418918831376
4196,-0.6223352482227399,-0.38731318203778903
4197,0.9248128116089888,-0.45175220756008755
4198,-0.36829066123053494,-0.19233452193925163
4199,-0.41329542910662104,0.5007449975382061
4200,-0.38649804234098867,0.059599278836356386
4201,-0.40283437414628165,-0.07510964969300093
4202,0.20015561842819465,-0.1643927635537768
4203,0.9983429115342594,0.705700714344132
4204,-0.4428494390371494,-0.032854741885189345
4205,0.8557267060924824,0.48548001716277506
4206,-2.0192681109140485,1.1546051208963706
4207,-0.9660476756770532,1.2653906482115547
4208,-0.703284146818026,-0.23699229644193878
4209,1.38186422823049,-0.3978637780126846
4210,-0.2319249864124735,-0.24087429687773004
4211,-0.16362076068355555,-0.3736227356594089
4212,-0.5829214208732443,-0.27567484995901376
4213,0.6432985972623659,-0.3285560646390826
4214,0.07875131351275773,-0.29582587507724895
4215,-0.5764283145371182,-0.5154423271219217
4216,0.6638704160013974,-0.21524128323329422
4217,1.2255181883477269,-0.008674607740091198
4218,-0.017287682164163445,-0.35721953226853514
4219,-0.1832723247824695,-0.15534862182298256
4220,0.09965500071050648,-0.5509621374719298
4221,0.5878685462713886,-0.3636036955866691
4222,0.4485522845643091,0.24671234175168114
4223,-0.30472775469142577,0.0008486764729917117
4224,-0.32811210462551865,-0.19797429613705686
4225,-0.25070173486019826,-0.23121396037768935
4226,0.27473196112788867,-0.42705614272502734
4227,-0.7982255175813526,0.1473696395339524
4228,-1.193454739937806,0.8073942998997503
4229,0.6895178165096604,0.0687535368876174
4230,0.13098046389978102,0.6913978446833419
4231,-0.9087964729810029,1.7853181028024696
4232,0.4277688636602724,-0.32489883175561723
4233,-0.039742132833143956,0.4239256680605263
4234,-3.6993879224211623,2.955031826025457
4235,0.6075448731267226,2.838902180410173
4236,0.8739808697751633,0.7661007130506126
4237,-0.1359356763753893,-0.08938114817677714
4238,0.9162190951217558,-0.14597023618327437
4239,0.4046638896303138,0.3408825422759377
4240,0.6616013974480645,0.2960870160701482
4241,-0.16918326030965955,-0.34486613770698654
4242,-0.7307986326529339,0.16447627091304376
4243,1.4231662361950006,-0.42803610509571116
4244,0.009816519241390128,-0.5449875834990576
4245,1.1060141454379577,0.2684831344852871
4246,-0.7555696958531992,-0.13079172469995196
4247,0.22496031575938427,-0.4083420219878225
4248,-0.027795773822824086,-0.1690020700328737
4249,-0.22152729800914092,-0.12000064120360962
4250,-0.9290365927611929,-0.21150785400072653
4251,0.14802270550937827,0.5420589977258415
4252,-0.12512527545439536,0.11192210275483136
4253,-2.2081327240210906,1.635299397463605
4254,1.1024636293040293,2.7270322235468
4255,-2.100705387738327,0.6539235317050344
4256,-1.4299405503723654,2.3902809729599674
4257,1.0730339140729392,0.6548774349979257
4258,-0.5569758832111151,0.3384334289262066
4259,0.3330340317165483,1.022646172747565
4260,-0.6479806233718445,0.14078224242587892
4261,0.12642737372065477,0.07227986964932136
4262,0.3504099804670435,-0.1778028392829625
4263,0.4732456884428048,-0.42564118736315437
4264,-1.223594415935309,-0.3814503960230961
4265,-0.29855681315027494,-0.06619832434231966
4266,-0.10324218628961136,0.5518320067062457
4267,-1.3088537300417928,0.01859878403046465
4268,-0.36365115853432634,1.2597430486790526
4269,1.1891577921697236,-0.16544613909348752
4270,0.6625649695783341,-0.5710414387215395
4271,-0.14234329311225064,-0.5013596782332052
4272,0.34843125019996,-0.328378546549876
4273,0.14975368266082675,-0.5015324983965538
4274,0.8632542985122609,-0.4642823072876188
4275,0.15270641015652942,-0.41212750472841186
4276,-0.23380828366943704,-0.3135788451673694
4277,-0.10995152836742456,-0.5646584584735246
4278,-0.1837975742010798,-0.4734344937168777
4279,-0.0834971525612739,-0.5141457770007866
4280,0.3458443646247757,-0.39309607156654336
4281,-0.10353489636618081,-0.5989549477179688
4282,-0.15747184172715717,-0.49046542858906117
4283,-1.0036053973534655,-0.34703246700505985
4284,0.6396475018370917,-0.5969606365785467
4285,0.1596233838343723,-0.5545592483769558
4286,0.6229780620776488,-0.6122240077469328
4287,-0.7406108627304876,-0.4684046838051455
4288,-0.03076241572826039,-0.5690987775622959
4289,-0.5261662275330701,-0.5147768567038695
4290,0.03519232661616792,-0.46197828330750296
4291,0.10551228933726169,-0.3569182513283511
4292,-0.07781946707334074,-0.32660088226823414
4293,0.2758534262623016,-0.5792977451582461
4294,0.039228854606007814,-0.5747192389519022
4295,1.1694341926316894,-0.5414766922113136
4296,0.3352084514428328,-0.25066883464645534
4297,0.3006205000760124,-0.38090720324224414
4298,-0.13605315738756463,-0.5556741344046042
4299,-1.1955218651566963,-0.18628834687285473
4300,-0.628280362916593,-0.29486871741565135
4301,-1.5376612156368636,-0.26277257909928947
4302,-1.0529730756513143,0.30701999522519846
4303,0.6690180588362264,0.39595549311604644
4304,0.46368520909559957,-0.09988722209381656
4305,-0.4171052360571003,-0.3551074884094335
4306,0.563652514275129,-0.23442501310937205
4307,-0.43060546103385144,-0.06549926596954446
4308,0.4760658913053981,-0.3280431959168639
4309,-0.38697683519737003,-0.44637163086672055
4310,-0.8267796429851599,-0.15730189713126008
4311,-0.02960346687523634,0.42277260490305296
4312,0.608158738922895,-0.584869303086904
4313,0.053137263538821304,-0.38983226890053985
4314,0.16680727402037973,-0.5058178898060717
4315,-1.150539778882181,-0.18664352875212945
4316,0.12543044940946094,-0.32304159555571205
4317,-0.44930646061267593,0.030779443450222817
4318,-1.2016195256580995,-0.18811132543492093
4319,1.0908388148052524,0.5489229537393214
4320,0.09506491300412798,-0.4132367742602664
4321,-2.5860565700840605,0.14981804647255137
4322,1.0439474390230306,0.15450280353479035
4323,-1.3509403699274813,0.7512369452513685
4324,-1.2871564401195112,1.3634358944641725
4325,-0.22269485141675965,1.6446072944599592
4326,-0.5578824271451418,1.1076865630472807
4327,1.4868761411694102,0.2841948436047341
4328,0.9300136622918825,-0.26752451954695233
4329,0.6157454044686239,1.144801934261701
4330,0.6841306759713954,-0.2539742326164371
4331,-1.5420313606121254,-0.012651347921104377
4332,0.04097223792402142,-0.45741031786443775
4333,-1.9456318539246693,0.6589759458911749
4334,0.7553896305723761,0.7399706302052842
4335,-0.880618948223208,0.31889049319663026
4336,0.6922305503761865,-0.1920167394287624
4337,-1.3019275892302864,-0.16988401224958882
4338,0.8787251871269145,0.168378965056926
4339,0.6897402525621006,-0.03057686367461315
4340,1.0371102376746435,-0.2755175690552877
4341,-0.12629256071349948,-0.08163395348322786
4342,0.47996682226383314,-0.22252727139537837
4343,-0.49672146715007676,0.13129589871323902
4344,0.6303649144734951,0.13587849619045433
4345,1.7441908640148673,2.505059258491965
4346,-1.4653949355932594,0.7057538152330625
4347,1.0144836364968275,-0.1313158762352488
4348,-0.9062557878330388,-0.13964426983888797
4349,-1.6961631645476978,1.8596359778979248
4350,-0.7973868682763086,2.0247882084208677
4351,-0.9063567691715275,1.3828925094961522
4352,-0.4326158255210754,0.19349474909414763
4353,-2.1291612571099616,1.7586491207959123
4354,1.4560947457612945,1.716973202300918
4355,0.37915499575585593,0.6697581592624847
4356,1.828317614143137,0.24000470107956368
4357,1.825477419577333,1.4065748596603935
4358,1.2486576417296944,1.445606940342114
4359,-0.9079776677427545,0.7957465245826998
4360,0.18400146319115548,0.1825136369514242
4361,2.500961741996082,0.7260558650403346
4362,1.9009305483093228,1.1708203641174477
4363,-0.8584764083084747,0.43727813246477454
4364,1.7645731085143417,0.4573447223149355
4365,-0.08635221045516595,0.3154258571049584
4366,-1.202671611610836,0.8309163320964494
4367,-0.17312599662562675,0.40826490410228894
4368,-2.3210318843426294,0.49585637044262687
4369,-0.9651775833580717,1.4546660447084523
4370,-2.6436941966416443,0.7111973646178542
4371,1.8428371740165068,0.15150649465659277
4372,-1.5406130081491687,0.07115091986831629
4373,1.36019784174285,0.15822097662585816
4374,0.34128228239575364,0.035758763723794204
4375,-1.1434466193230066,1.5753772926951222
4376,1.6391648105518113,0.27704667909611336
4377,-0.5588621811752297,0.3153107686731092
4378,-0.11000288475841097,-0.558156092572379
4379,-1.0263494580604275,-0.20963576031254774
4380,-1.0046160447354424,0.35768152237594497
4381,0.9991423176474926,-0.17714419196000075
4382,0.47309832867552076,-0.5189872068654864
4383,1.312895196718864,0.08273875228591748
4384,-0.1852011197468686,-0.44821136762014613
4385,0.22687989139299905,-0.5663773089355647
4386,-1.6858295771368095,-0.024144479860298086
4387,-1.0917681399277566,0.22098672666599628
4388,0.11979913399708918,0.6861627844024253
4389,1.9536102225839433,0.24792759927007407
4390,0.1462043566718502,-0.3741194553225975
4391,1.230161602432282,0.0668060740915132
4392,-0.7262879651820131,-0.17887500682758298
4393,1.5839973272270098,0.15175516058575728
4394,-1.1167062115585609,-0.23903230450560006
4395,-0.8193414548909389,0.10555413469917578
4396,0.7257069341005792,0.36065404750420965
4397,1.6967283078872872,0.3401938942057945
4398,0.05239780923321701,-0.14516921541692968
4399,1.7631884840125032,1.6440950461144734
4400,-0.03129735285234356,1.3602356588981908
4401,-0.495483521197837,-0.28445981335532833
4402,0.34272126504679534,-0.46467412643359607
4403,-0.1090490736315068,-0.22976138341136004
4404,0.6771430725192044,0.2941742875169091
4405,-0.8575032632309667,-0.3449881090012283
4406,0.14560406416107724,-0.4456312444608524
4407,-0.04833176616603978,0.03498422897178828
4408,-0.6974234108754499,-0.25137334274911927
4409,-0.753985006514015,0.11315055930004003
4410,0.8223713389749061,-0.5431750355956274
4411,0.6836252593462028,-0.3884919464816932
4412,0.3363551632363175,-0.37687115020497053
4413,0.057969655593584586,-0.26024680441580983
4414,-0.5738094782950247,-0.32669132525525735
4415,-0.15873093788353904,-0.3575163472167469
4416,0.16820749974348342,-0.46095718287231924
4417,0.11968562517670767,-0.4938564113214525
4418,-0.0057755894397725875,-0.3184210884360721
4419,-0.8923009251805852,0.2476380013834583
4420,1.1631265838738523,0.26572681914395935
4421,-1.6508142996387323,-0.2839113842408116
4422,-0.12185016345968767,-0.4824260358722594
4423,-0.7197361819359516,-0.1855657089384033
4424,-1.5096118932764528,1.521106262030552
4425,-0.320000996378567,0.597946032632835
4426,0.3528304994318183,-0.2608698159574871
4427,1.3806308389524176,0.25764950611228676
4428,0.43316881802373325,-0.5333823280905703
4429,0.15778500257741926,-0.06964105864210608
4430,0.9243841704942952,-0.04744409035665275
4431,0.020123025387577223,-0.13348164020763467
4432,-0.5542186771296259,-0.5064473268354833
4433,0.5587591834737892,-0.23392211617298936
4434,0.4098744175941322,-0.39977160726137784
4435,-0.09169372539074638,0.45140825725914063
4436,-0.928132093159511,0.3402667499317083
4437,-0.42838649433228276,-0.39579234738807023
4438,0.4429344496404672,-0.38832369125620425
4439,0.3416586243820804,-0.419442315928502
4440,-0.8089149363766305,-0.027297948063703444
4441,0.05430306034473213,-0.5752981624186996
4442,-0.4271366012158559,-0.4922580118378035
4443,1.0107836578023914,-0.45682318269631333
4444,-0.5757249356581303,-0.39465422387842686
4445,0.9255769171919694,-0.09124724878396018
4446,1.06115565088145,0.13315783694799072
4447,-1.6043036626074825,0.9705108368483885
4448,0.58456408286589,0.5444279250337791
4449,-2.5740758417145804,0.6842612481291502
4450,0.9393277736071438,-0.3530877783758811
4451,1.9702446068406698,0.3674739572977242
4452,-1.1286696024921907,-0.27506453992043967
4453,0.39081464650180564,0.16436478046599817
4454,0.5569124424183979,-0.4800587875980627
4455,0.20237433389257975,-0.03433020922346965
4456,-1.8057402609416504,-0.30476181906875427
4457,-0.6990720837555929,0.06357272626506003
4458,1.4754232562428375,-0.19864029922346813
4459,-0.23319941959140636,-0.3010723873305785
4460,0.6858870144557164,-0.48779724516600526
4461,-1.1684720535259288,-0.39045085059691714
4462,-0.7344725919478128,-0.26465373783294105
4463,0.7709766352484105,-0.4034468585770247
4464,-0.8606344779825287,-0.4773322752967617
4465,-0.09121778453206032,-0.45093509788782304
4466,-0.16348951117410604,-0.5130242165499689
4467,0.11452191537473926,-0.30640277965439433
4468,0.0850734293294369,-0.5379857729024828
4469,0.11916059540757899,-0.35258680616721705
4470,0.9041089957649335,-0.4934161675849187
4471,-0.6173592303117882,-0.36854307126481706
4472,-0.585801795961842,-0.41195238874107376
4473,-1.7004032066424395,0.10555653903263995
4474,0.705016626290801,-0.059286697177015096
4475,0.6522624745247559,-0.46802016857172973
4476,-0.8147106922959745,-0.44859386198872464
4477,0.7700120177099318,-0.37126162664004986
4478,-0.7637855451028486,-0.4886342260042057
4479,-1.031794802432151,0.05944175773455628
4480,-0.14289383260964386,-0.2542341477624051
4481,-0.27991901147482384,-0.5571968350551889
4482,-0.031192354881013386,0.08369396152269816
4483,1.465851581139958,-0.1723562051526682
4484,-0.15292193093813172,-0.5801074424308039
4485,-0.2690079568437523,-0.5059943858829936
4486,-0.5129737842665993,-0.43149079592090117
4487,0.5738421846457483,-0.200737108995213
4488,-2.160633478511572,0.529387555440303
4489,-0.5742665937720892,1.8084655381364017
4490,0.5669648159257202,-0.028249120650653034
4491,-2.1285546369933557,0.9999014546247544
4492,0.22131425059709142,0.9665472711339289
4493,-0.4669148186627996,0.21315550322641538
4494,-0.8313034913583545,1.6518867505492674
4495,-1.0712598561510527,1.0851638601481526
4496,3.3159147461563454,0.2861091799931288
4497,0.7039509610685261,-0.3230773291855053
4498,-0.14495977102647134,-0.30405877751348165
4499,-0.5937467476113718,-0.481698307608889
4500,0.36469774989207865,-0.3173708522462936
4501,0.9833644111986152,-0.4419095172545432
4502,0.4627799080568813,-0.32383101539893117
4503,-0.08641101441946245,-0.4470401339197697
4504,1.1410272203257934,-0.22484014692303492
4505,0.2771100757982655,-0.4825525253977314
4506,-0.268903656953318,-0.4918201493677127
4507,-0.3674522047342863,-0.2753539510438793
4508,-0.1105374478087725,-0.5064507927187308
4509,-0.5047386776814198,-0.4900430913548658
4510,-0.8029828307112087,-0.27093438577005163
4511,1.5073887138632773,-0.296122902643887
4512,-1.0647344053608447,-0.4110777384251057
4513,0.8514044291167104,-0.46698523477243725
4514,0.247624379837324,-0.3945758375907646
4515,0.5082983204192033,-0.23488912230479328
4516,0.3390561987257081,-0.4970593557588863
4517,-1.0981574742502778,-0.30017600514208553
4518,0.1505372673395187,-0.4536039648595714
4519,-0.49926878400285624,-0.38698759508754926
4520,0.6033711335703091,0.17026855989812337
4521,-0.32378693729645036,-0.4881760801398827
4522,-0.6003602663568185,-0.4485093313653975
4523,-0.52893953387138,-0.305914267514858
4524,-0.8075239946453466,-0.006805540268892563
4525,0.38371429947624486,-0.09833668277686622
4526,-0.10989141980709005,-0.4820688591312689
4527,0.8007282033457745,-0.4926724376080769
4528,0.15129502402042946,-0.5408282662022204
4529,-1.2028877024948508,-0.5001093934495245
4530,0.2629869641721863,-0.3322178739429678
4531,-0.6155357485064661,-0.3339233436447355
4532,-0.24040048433633796,-0.3245014332571363
4533,1.2386735888567442,-0.4314346140419241
4534,-0.20680749080734515,-0.46901275030168965
4535,-0.4706449409632225,-0.5309369872863534
4536,0.3915894745376868,-0.4505990819431189
4537,-0.18087499186383182,-0.6159785388874729
4538,-0.5499069757799451,-0.44409755199426904
4539,0.6985741181089867,-0.1502254372633645
4540,-1.0263500544850803,-0.29770454022604176
4541,-0.9387347514802254,-0.17049265189821422
4542,-0.12383494093888014,-0.3058445588431332
4543,1.410148650355346,0.027756798097555116
4544,0.7053015005819594,-0.28050809795931125
4545,-0.20052046199417906,-0.36128126309640396
4546,0.6579888654250545,-0.4739605323054606
4547,-0.2446136022226413,-0.46037289804972636
4548,0.06620028207960545,-0.48183400141833616
4549,-0.06975597713726069,-0.5921478064177993
4550,-1.0975299347506549,-0.33408364054973533
4551,0.029206067556149736,-0.45895135049998037
4552,-0.6262281953707995,-0.41354457681379514
4553,-1.1591530589066146,0.6990339631062582
4554,0.5659172235862261,-0.05029907471957548
4555,0.9317518235272345,-0.45107724879762484
4556,0.7647702905504558,-0.3847105362240823
4557,-0.09407150523006493,-0.4321939238725079
4558,-0.904452309066857,-0.36799152345482145
4559,1.007693215955112,0.28150125542660104
4560,0.6252480315665881,-0.11680025911447528
4561,-0.7729237723464398,-0.24448201832944377
4562,-0.9601052494123651,-0.3947546109780105
4563,0.5834684210816454,-0.470014404642075
4564,-0.14076470449154432,-0.33482514861550955
4565,0.11903676617727367,-0.4753914090377506
4566,-0.44831985572079236,-0.5560104729071412
4567,-0.48149295710972057,-0.5540426357300945
4568,0.6367824589468843,-0.18443086043334536
4569,0.3415768128073131,-0.42543464300103023
4570,1.6256914492832073,0.05965253006433821
4571,-0.5498428735948427,-0.13249808862059698
4572,-0.33573700402376117,-0.3380155002001218
4573,0.07816483936767017,-0.608339041366923
4574,0.19558138622484614,-0.6367417245984229
4575,-1.8752568651465498,0.19939730608785328
4576,-1.02364826358324,-0.20046130208623616
4577,1.0656436786302133,-0.5225640600425016
4578,-0.055403475234726,-0.4803265894402522
4579,0.684669849439971,-0.47735840879251934
4580,0.49984206569285333,-0.478139075868004
4581,-0.27596347734120186,-0.5313675768531718
4582,0.11320581224713465,-0.5346228675241925
4583,0.46909779374756544,-0.43288885120601983
4584,-0.008284871548246954,-0.4330838224048389
4585,-0.41188004698238356,-0.5107758108869028
4586,1.509400297755193,-0.4820536634624297
4587,-0.6417551234466423,-0.5218090082378994
4588,-0.06405196392717816,-0.4117236626134618
4589,0.023530664217119798,-0.6050431148125184
4590,0.9607704633295079,-0.6153952189590515
4591,0.27808169037397035,-0.6030300878493529
4592,-0.31850834418017276,-0.442698396497928
4593,-0.31248291241086235,-0.5605805445714969
4594,0.3100989364047888,-0.596045224253337
4595,-0.388883121841021,0.007947276762011362
4596,-0.8123605404519267,-0.2976826726228351
4597,1.1433612666013158,-0.34981730763441665
4598,-0.20765629653804518,-0.5421806696936436
4599,0.6812572416820738,-0.5853948249204315
4600,-0.012722066872543247,-0.5592383949664339
4601,0.6339709837179079,-0.5126281711764162
4602,-0.18023671421585102,-0.4134564793666322
4603,0.637305708825726,-0.3970125186903892
4604,0.6216779460067707,-0.2404684098194392
4605,0.0020357274678275373,-0.5037824101972777
4606,1.0484055543072452,0.055849592770772095
4607,-0.13724244875811456,-0.3991334875840639
4608,-0.7869892359979457,-0.36301766656394413
4609,-0.13473705178649975,-0.2593612018631857
4610,-0.24001900437466656,-0.48396192851419445
4611,0.5411851517243458,-0.4438778780518399
4612,0.3057344661395021,-0.4059877128701682
4613,-0.15682232097878043,-0.6138459519878822
4614,1.1965683261142943,0.011141938691631336
4615,0.338872455153853,0.12172382903007586
4616,0.8462825374794555,-0.026513310126038005
4617,-0.6183495004721139,-0.2317283395673763
4618,0.23772102963881847,-0.47299229239368096
4619,0.5066560017452684,-0.3706115000512939
4620,-0.62297624394369,-0.0549776885379376
4621,-0.9251826973649747,-0.4596261390437523
4622,0.17365666398318014,-0.3899871242696318
4623,0.5687528555370751,-0.5986892315222739
4624,-0.7204850046171443,-0.33776316284622615
4625,0.1247844108550095,-0.6337284450829991
4626,0.35347363397259884,-0.5803764887880356
4627,0.13129016459006437,-0.5826359805902401
4628,0.06064601270294768,-0.6029037081171693
4629,-0.4651687417533148,-0.5457035690405185
4630,-0.15245043362516458,-0.3491831866563445
4631,-0.2930023028076826,-0.5049371535851014
4632,0.7909526808555674,-0.54901113497442
4633,-0.11022760272067096,-0.6065254209396465
4634,0.6430866318939479,-0.6020588144221726
4635,-0.18087982793073945,-0.5879067439138744
4636,0.10693643810570229,-0.5679196690365763
4637,1.6693679350949322,0.6149522110758905
4638,1.152918625715096,0.6112655157706398
4639,-0.8965032376867447,0.13445760897486747
4640,1.0596251274786626,-0.14119267587773346
4641,1.710493754903449,2.113484355319027
4642,0.2398325858405662,2.526209452171385
4643,-0.3255833698812487,0.7622735520253676
4644,0.9515129349910574,0.22699426013042687
4645,1.0326540815457301,-0.13724751805307395
4646,0.5620140707179632,0.7459206379639832
4647,-0.2934537188558902,0.08929294207944828
4648,-0.4326353277366448,0.8360398776295886
4649,-0.07429526802424591,0.2060671748346198
4650,0.8788438303229644,0.1514154424667136
4651,-0.17228190103759025,-0.30534339632841584
4652,-1.3285507432844599,0.733773552037691
4653,-0.3109079155983264,1.3166067967254054
4654,-3.2229380406862718,1.3577611391537456
4655,-2.679488907813604,3.3691634031057407
4656,1.1185937386207914,3.0200702080088093
4657,-0.44667202053474275,0.36759057087381586
4658,-0.42945465686551665,-0.21186448975102867
4659,0.4487254386139587,-0.367274847123581
4660,-0.23047132409594404,-0.253182537722045
4661,-1.7446638797930272,0.2704890081902445
4662,-1.739810135351614,0.8556856349992842
4663,-1.812829113909424,7.16702360998255
4664,1.267717033529741,1.2890869636952729
4665,1.6988747081402906,0.430045197172988
4666,-0.125412496027805,0.048387527957770134
4667,1.2104244718365522,0.1130958567281062
4668,0.6018796207823603,-0.3738751491633743
4669,-0.1292183184725848,-0.24258269390197157
4670,-1.3599287590772784,-0.36150869629213334
4671,-0.8556081119688621,0.14267851560045877
4672,3.239768562938963,0.16310492415205893
4673,1.0356561221990126,0.17159576171127788
4674,2.498922778804314,0.16037844961347253
4675,-0.9469519073577998,0.45914156214523993
4676,1.27924168175729,-0.0056902058061111685
4677,0.17738897875777884,0.3760371070853783
4678,2.548137658422901,2.7893373852981718
4679,-0.511618641212942,1.2189927706857409
4680,-2.565621191632748,1.4325342112840227
4681,-2.1952337726269433,1.073574448490103
4682,-0.6991324163093179,0.25684665378920113
4683,-1.0380368347485713,0.5918350453317242
4684,-0.15805882580090083,0.43402586012347366
4685,-0.5486265654682652,-0.25226266222810123
4686,0.2656708894287255,-0.3174906851804296
4687,-2.4943408096069657,0.8163373073775101
4688,1.6340189586651888,0.06589290529488717
4689,-0.4705148390150654,-0.3344925123606506
4690,-0.5090440773786199,-0.37845458092930473
4691,-1.9365137751232577,0.26127215880860183
4692,0.33706388080156985,-0.19116286779173441
4693,-1.7339166053703687,0.47276684610369135
4694,-0.32810395674520665,0.42528091381234373
4695,0.7665378671309873,1.2598862728724303
4696,-1.6358001396900579,0.28332187071978965
4697,-0.3834054195442416,0.8430275717541892
4698,-1.1150270561286935,1.633724303685585
4699,0.08930919092781923,1.4163022644533938
4700,-0.6306601673008774,-0.0646459915314433
4701,1.3173822714745205,1.3534058749147926
4702,-0.1895842409542938,-0.18586790323589691
4703,0.9059692427212037,0.6476758036875192
4704,-2.0582729217892246,0.22545074276883115
4705,-1.5718377500535468,1.9846261594572934
4706,-1.5965581452221278,1.0263774069084053
4707,3.686270631157689,1.4413116039911997
4708,0.9821777165039504,0.7430993479199681
4709,1.0971253962519925,0.4830474605001413
4710,-0.37814912104579557,-0.1270624310659313
4711,-0.40875369730061195,0.8916466484533051
4712,0.1484585497601723,-0.19718351612056234
4713,-1.0294979935441644,-0.11809400771186905
4714,1.025613671220464,0.09090160995523988
4715,-0.6149669195550523,1.4979073380402794
4716,0.8002377484084485,-0.4137379008055803
4717,0.12920560898707756,-0.3495829540242915
4718,-0.8370305612429446,-0.38915904159538917
4719,-0.9416692627708381,0.25199072187592025
4720,1.119228121439987,0.2631062256106719
4721,0.11719639878729836,-0.2958665363854482
4722,-0.14559567221451672,-0.4944322834039496
4723,-0.2816571378136627,-0.07927368113019942
4724,0.546072091210782,-0.4782127163128837
4725,0.820805857803066,-0.17540237354436364
4726,-0.42614241608726194,-0.5066282720365263
4727,-1.5568332113088943,-0.22228226606441517
4728,-0.027390823552419053,-0.1696959223299971
4729,-1.1417962759182774,0.23860053866984565
4730,0.14014826985955922,0.21204257084100545
4731,-0.24808633018551274,-0.1909731735552639
4732,1.2223448294699992,-0.45372432419235426
4733,2.534011991069466,1.539879324205504
4734,0.1994686471089011,1.1794456878181103
4735,0.537278425690647,0.1271749513643557
4736,-0.06474442336383009,0.33073847602899753
4737,1.3470346851653565,0.22064653530594877
4738,1.3174197317735432,0.34359688602173144
4739,1.1180362905295835,0.09681304428875444
4740,-1.0645704789703008,0.5426341678898767
4741,1.5141667942934804,0.38441545424547463
4742,-0.5501756151142133,-0.27135620495114365
4743,-1.2404775090048308,0.49119123823114613
4744,2.2393942104077444,0.21118951045714696
4745,-0.5097370866182304,-0.15391339838770365
4746,1.988847056381356,0.9247140915621291
4747,-0.7789588043290067,1.6445292434398275
4748,0.6117085981701927,0.16668931452496294
4749,-0.16229803130763995,0.1752020774264668
4750,0.0828453170284885,-0.3088735647842499
4751,-0.2895565904174538,-0.4208376608127697
4752,-0.7649034021557057,-0.06996384310145026
4753,0.2383988115812648,0.6008109097836288
4754,-0.6897422794296422,-0.48130835201110245
4755,0.3592860640978277,-0.39202440048322607
4756,0.09630167289718433,-0.16626409772313122
4757,1.3551676778000823,-0.06751580363577349
4758,0.32312840675508775,0.0033653157553916973
4759,-0.6938218168805088,-0.27294029545415
4760,1.6279649770560929,-0.2979705373308401
4761,-1.1037618447057964,-0.4457291574389156
4762,0.15510817366285368,-0.3953190059577847
4763,-0.19757987060864363,-0.47743636258815647
4764,-1.729627330304769,-0.4219044190659202
4765,1.0425919839240767,-0.5021965224233462
4766,0.6364637877198304,-0.49909320912972044
4767,-0.786230403915063,-0.2950590474057844
4768,-0.6320109283086273,-0.4232096275139006
4769,0.8587620184434211,-0.2257728447158099
4770,0.23061773775502561,-0.43292480083740736
4771,0.566601066387287,-0.2910015109459722
4772,-0.5919078071223255,-0.3755690959028174
4773,0.828584913372983,-0.40086090279375364
4774,-0.11799535058636254,-0.6362590546434
4775,1.5716061725756865,-0.2531875481020933
4776,-1.5284843065309288,1.3597414685724691
4777,0.40842012004442607,-0.028523067954584105
4778,-0.7749912156665615,-0.20843322194179925
4779,0.6969330071577733,-0.14043433693929275
4780,1.1745877094462478,-0.08448729800181712
4781,1.0686935565869127,0.5926881892041355
4782,0.486130532344417,-0.028615287442595835
4783,1.4298863260213048,0.4248236514507523
4784,-0.8160975302252883,0.6137101569715004
4785,-0.7121842112526154,0.8551450694777395
4786,-0.6553715439914954,-0.2702687723674376
4787,-0.6992407195787621,0.1593571970959026
4788,0.35154520913107307,0.006888926307615466
4789,-1.3779491570904159,0.4810526798084775
4790,0.32726807690594983,-0.39812392182651524
4791,-0.8215743238437706,-0.4450226127410992
4792,-0.18749606797063945,-0.46424314840143543
4793,0.6929515032736896,-0.5850305012198764
4794,1.727319027436659,0.20560021366913017
4795,0.4779258000790128,-0.2958745768736768
4796,-0.06917207584776139,-0.34575874584906074
4797,-0.802677198449327,-0.1638040983460098
4798,-0.21231144220901885,-0.47989315939773625
4799,-1.1812613215788461,-0.4004416720806395
4800,-1.0094489373681272,0.2854911411991786
4801,0.11591104530365531,-0.17824891372703724
4802,0.0038704447646090833,-0.4601942412303377
4803,0.25203413667873564,0.2584533768447208
4804,-0.6904341139630806,-0.3928865977007457
4805,-1.4202464916116728,-0.18915046485393344
4806,-0.36738356801907507,-0.1645975649873399
4807,-0.8220368307319502,-0.10627406379242793
4808,-0.12317167388682831,-0.2691241596750819
4809,1.229991019142344,-0.23491422835935086
4810,0.33627190476947005,-0.25293477706733547
4811,0.15050838135680555,-0.4855960117112034
4812,-0.25824156128063697,-0.3420365384941959
4813,0.2997379155209095,-0.4652691191711575
4814,-0.43611313919180084,-0.42809397385071707
4815,-0.12600111612499812,-0.00023033619455100908
4816,-0.29968549485087415,-0.4166478568797125
4817,-0.23005991308198573,-0.041382734122445974
4818,-0.3216417655621238,-0.3976526306392197
4819,-0.6776844521916203,-0.4016677888421249
4820,0.7128598879900627,-0.12090321816566094
4821,1.0045956674210947,-0.43084508657012016
4822,-0.5048816769053959,-0.42596231195380674
4823,-0.6752752670405517,-0.2401588304011988
4824,-0.685589172729422,-0.28648353622318795
4825,-0.31249813854893654,0.30197155291822547
4826,0.5609737298350125,-0.4199277933988666
4827,-0.6964012760693157,-0.04208417397956746
4828,0.36535746485016996,-0.17036218766482633
4829,-1.266419796851852,0.2955764824092061
4830,0.24419965776494415,0.31892502280899454
4831,0.055732611179274916,0.08786519018977629
4832,0.7375330121327233,-0.2637085754504838
4833,0.5550195304997342,-0.13623377860171887
4834,-0.9111082322898625,-0.2645209249179176
4835,1.0974166638136424,-0.3159041022890664
4836,1.0686588230959135,-0.23169100037339405
4837,0.02906745687716204,0.3543770019174453
4838,0.6039966602044081,-0.17263750258831276
4839,-1.0017902096819662,-0.15265425470604585
4840,-0.0823067132280443,-0.2898801457913378
4841,0.47759995802524535,-0.5529466758627538
4842,-0.7015441143669612,-0.4430041069894311
4843,2.948929314930292,0.29819500308814173
4844,0.14666633916437366,-0.2839201859520576
4845,0.3886322028772392,-0.4858950982834552
4846,0.008302080875624729,0.24012501281133913
4847,0.1552541447897036,-0.3979588903519727
4848,-2.4489848708622106,0.14034694273992926
4849,-0.027811886053039806,0.1132012139811362
4850,-1.9481585352294573,0.15004207215410947
4851,2.0263482777166373,-0.2414319643976548
4852,1.6967080159926828,-0.31291680399555866
4853,0.5263053837634905,-0.21991729951846517
4854,1.5797218932534398,1.5736852268061243
4855,-0.6141970322257058,0.7255388375718127
4856,0.32061181922803944,-0.3388042687015673
4857,0.3543477443581768,-0.20280659094525372
4858,0.9130756679259587,0.10610598234550916
4859,-1.3148558349137596,0.4713596339593942
4860,-0.4798230273529218,-0.4169132265452315
4861,0.6964304847275661,-0.21305658819350654
4862,0.37538193058237196,-0.5131285857955692
4863,-0.8814474399450367,-0.40275226073219417
4864,-0.1646855688037108,0.028550267697471713
4865,0.42899094363948465,-0.5075592144981448
4866,0.6790747437101207,-0.5090973220666295
4867,0.8567665137675351,-0.43741012060020984
4868,0.2441221288063882,0.4314255429466025
4869,-1.0864931706386947,-0.23089551507636247
4870,0.41313393639437107,-0.3275736738713118
4871,0.625447368049188,-0.01013729736810464
4872,-1.4421984007671984,0.20193908045338257
4873,0.1108251846178573,-0.0688496347764402
4874,0.1670052048660252,-0.4962580026955657
4875,0.7790796459479377,-0.14652811557753861
4876,-0.49715255128016117,-0.33048044693116785
4877,0.18151401660858638,-0.3153624577599836
4878,-1.3043964690522682,-0.19851904416020966
4879,-0.44309349436649986,0.46673469277690105
4880,0.35448219455917607,-0.04844780002924611
4881,1.26295045987087,-0.4122003238670511
4882,0.5870829188865087,-0.24297698895605063
4883,1.1319322760867383,0.02365714050820915
4884,0.44664060917534987,0.19848743988643122
4885,0.11951478731698457,1.5200962515181151
4886,-0.46333946214001104,-0.011250651773478136
4887,0.26583001322437144,0.20081198121293767
4888,-0.3526169591897274,-0.47217916745930383
4889,2.138696586532614,2.116270169493292
4890,-1.1541070432442675,0.5237198697274641
4891,0.39818790347929023,0.38802734811178113
4892,0.7808379222938031,1.0370694117598966
4893,-0.4776234222570912,-0.015757215569633047
4894,0.2230693963378241,0.11714964585945731
4895,-0.8715951112636248,0.21403151531529852
4896,1.5349941316302982,0.180202804552542
4897,0.2054349936671211,0.2579180900004392
4898,-0.7285883557268987,-0.0572764767412385
4899,-1.5993036812994093,0.5468908201246561
4900,-1.9967031367340922,1.6767456466797181
4901,-1.2107156406733506,0.6507739384593368
4902,-0.31227153209095826,-0.10479259979113698
4903,1.0296792546466658,0.1469746183813659
4904,-1.416314137871514,-0.318386208485811
4905,-0.20123510165289182,-0.2416195074064118
4906,-0.39407179183640983,-0.1379657007373716
4907,-0.20240165974773439,0.2637884348480146
4908,0.04654796984118959,-0.3844736423620187
4909,-0.7753180435957799,-0.2611172352930742
4910,0.38665693164043624,-0.24085608876616546
4911,0.8215038982637936,-0.20683220479925393
4912,-0.6289576848724321,-0.4768042696770158
4913,0.5781344285482901,-0.3874636469711792
4914,-0.07046379258351307,-0.18883142371380054
4915,1.1176905687587355,0.09555998799487203
4916,0.5326561489936492,-0.04444267693933992
4917,-0.4953943284894393,-0.20566671912157933
4918,-0.16654181288677936,-0.22056810217355605
4919,-0.3497764000335806,-0.4606208278696732
4920,1.434003168681574,0.031834895732975245
4921,-0.9175364049503245,-0.39104997244816725
4922,-0.2537316273325196,-0.33006870890324935
4923,-1.2084884922213976,-0.2973571195200177
4924,0.21272584397838096,-0.5581462015838496
4925,2.4975740145721645,0.4122507935985489
4926,0.1691475954953919,0.723468959109781
4927,0.5183280143625562,0.3809962254371152
4928,-0.3966165458073768,0.16162916557709323
4929,0.840786518325331,0.17310111351189073
4930,3.961712511590538,2.926974559440948
4931,-0.670710923667155,3.9379291837404393
4932,0.41541416272169335,2.391315619358114
4933,-0.45945890562951286,2.9702547243638038
4934,0.405425081166542,1.535035314385971
4935,0.6162614088296889,0.739123158242714
4936,0.4334576713906039,0.6869830404083337
4937,2.3731023263126416,4.827490640554213
4938,-1.7988976584215908,2.276964149883714
4939,-0.7786809494244331,2.4203332362337777
4940,-7.61117827413374,7.324335195724529
4941,-0.9825812826140273,8.553694428768717
4942,0.026743878486040196,3.5346725161938366
4943,1.3933773826700948,2.1403650039809192
4944,-0.8887639732586085,0.25758275970771033
4945,2.948846224978051,1.1326467225153989
4946,-2.030702653751053,0.9118741592700157
4947,0.16732823584196624,-0.11346722943387871
4948,0.26830314654619836,-0.36912298221596834
4949,2.962907117896118,0.649227883909158
4950,1.3631740539345798,0.47358844073572953
4951,-1.1163282625472648,-0.2540125588239484
4952,0.04211989918645557,-0.29497111920321784
4953,-0.6951158406327768,-0.4604874688070267
4954,0.9070107877186687,-0.08050168677081869
4955,0.3382920636281455,-0.3315684860972485
4956,-1.040843286546541,-0.41498898568178383
4957,1.1323656142698435,-0.3669443876589543
4958,-0.054775528736130896,-0.43004499567627796
4959,-0.017462626219073046,-0.3608898471523749
4960,1.187217546041167,-0.4940712071043617
4961,0.9902704442685386,0.015889853204528938
4962,0.10407181044569201,0.16161987192190458
4963,1.137643092641749,0.2547848884071238
4964,1.4750362491159625,3.885508767590488
4965,-0.5197840647521444,1.0079669578415915
4966,-0.41372072992464565,0.5435740953746729
4967,1.486633683772597,1.1405407254718665
4968,-0.08923192975117182,0.5024919069943916
4969,-1.090741964938707,0.6136902599811107
4970,2.5559507657295497,0.3059330206859398
4971,0.5756138529191186,1.5649637131799101
4972,-0.3908014520432511,0.1577297865427074
4973,-1.1945717478203373,0.2865366418769038
4974,0.36383613623110045,-0.22890780762600577
4975,0.6137875494453957,0.07601963628811813
4976,0.9571273701122438,0.01334719071395645
4977,0.14396742404378118,1.2949566255099623
4978,-0.09888936321320291,0.18536286906461488
4979,-0.023891433405301622,0.0717578756335481
4980,1.2534577240084956,0.5844815822347589
4981,1.6662682031913587,1.4756263659220252
4982,0.8314457262252926,2.928053604198301
4983,-1.0871901425313013,0.9613953419099188
4984,0.16268659209994726,0.25401312716407526
4985,0.9982808752197928,0.16512532931884982
4986,-0.5119954935582297,0.10683118528670464
4987,-0.8411965826752821,0.37262632491466974
4988,0.7307958295361836,0.16090260136615187
4989,-0.43560925114267385,0.1754704186407649
4990,-2.083482264145238,0.9714175092505632
4991,0.5520534428180938,0.14056525955955465
4992,-0.624235960954141,0.8564721720788705
4993,0.15040941207901162,0.2905320623607858
4994,-0.6726594715979191,0.5505835524390773
4995,0.8178359193627405,0.2652474915434783
4996,-0.23440943428831582,0.3398977596076334
4997,1.111862435919155,0.5623559070309091
4998,0.594492538341001,0.5832652639890904
4999,0.3435376364236934,0.4687999470907523
5000,-0.02291455694839507,1.4432632548187923
5001,-0.46667389723708885,1.2944724839610522
5002,-0.06915039886206585,0.51245203319748
5003,0.4475075055307807,0.8644558533633204
5004,1.8289644949912174,1.0537105813394565
5005,-0.8115505177047218,0.8943667499998523
5006,0.19168917397278812,0.34205208372570683
5007,-0.5046477515532144,0.41996574077529253
5008,0.6507437392427097,-0.16720864104978056
5009,-0.12734463206574825,-0.0694682341999423
5010,-0.5087221276635321,0.26299218076689174
5011,-0.3935307880086014,0.8512371708035574
5012,-0.7664466405936083,0.16493306586324766
5013,1.0694108017744035,-0.27241401808628024
5014,0.5591527281947533,0.3292650265548851
5015,-0.6831581802160452,0.053746787866777564
5016,1.6260533171064093,-0.14059624901305218
5017,0.2660507026567435,1.2087241900092058
5018,0.5908574505136763,-0.24327505703907698
5019,-1.4105409050099038,0.9135356955148797
5020,0.8296604444492038,0.0010954519918857624
5021,-0.41306722803067536,1.2241983401039165
5022,-1.2347091465590854,0.45124731932317563
5023,0.202155789912851,0.27045560617026415
5024,1.3399110501492337,0.7437490815440136
5025,-0.4119700421041756,1.2632379607334228
5026,-0.26011445246767395,0.8513215201299085
5027,0.2476599654136544,-0.03466379103773362
5028,0.36948222105594763,0.3627351585045032
5029,1.1539876359708712,-0.06794157938161342
5030,-1.0581593908638773,0.29143871378995057
5031,0.8075543444614297,-0.07587847422232787
5032,-1.289796326760329,0.6365117882333585
5033,0.6995586277664835,-0.04285197181503687
5034,-0.9864735031300316,-0.12357468885184796
5035,0.36393901175729615,-0.5249169332000977
5036,1.3305976935027395,-0.08253190749292394
5037,0.12156152369322999,-0.21879717479720476
5038,-0.5834523947954541,-0.378728892054464
5039,-0.18646242060625007,-0.27945402443936496
5040,0.9339777279832309,-0.18279884617574985
5041,-0.12638740318839942,-0.2408919988318146
5042,-0.17874462597237006,-0.4312103455622007
5043,-0.07286561341156815,-0.40446159730998915
5044,0.1535770569395696,-0.44697826807788926
5045,-1.4125531819205086,-0.14269100718069003
5046,-0.38843897755788953,0.12931131219989514
5047,0.6801027409484484,-0.30102875649023825
5048,-0.714059747033581,-0.2887738224888347
5049,0.14378882022724715,-0.07128327419841976
5050,-0.12190480380079718,0.004928956922860173
5051,-0.34599558510592054,-0.37698375315103777
5052,-0.9226181076028499,-0.28672230043537245
5053,0.8180883773709537,-0.5911196156932924
5054,-0.2835826124273725,-0.541306859178769
5055,0.9568417839757543,-0.1889315824940262
5056,0.1065824062845631,-0.4068907630485119
5057,0.5070867357963018,-0.35738882380891257
5058,-0.8982229506579864,-0.5206500140590602
5059,0.8589328916157997,-0.24916881855691794
5060,0.20804462963163736,-0.46441086135721965
5061,0.4582724114264876,-0.3418908123334722
5062,0.6281439851845348,-0.3445645774046814
5063,0.6797122604568554,1.19509008445442
5064,-1.0198521633082103,0.519043634962348
5065,-0.009037698822842674,-0.1950659140107556
5066,0.5473908539125687,0.04622065959064983
5067,-0.2640262767332979,-0.1753344806881768
5068,0.823753372782045,0.618126816389088
5069,0.2662966408147541,0.6083972364091526
5070,0.47621993272495056,0.1096140522064601
5071,1.2118316120420445,0.46540683650174275
5072,0.48451529997853376,0.6942844556792687
5073,-0.6641693007029197,1.1609293575065918
5074,-0.35217952532055563,1.059619759667131
5075,0.2095877229151836,-0.2192619410688762
5076,-0.4910283612346836,0.22605639712057243
5077,0.3686840232203698,-0.25392623329816133
5078,0.07459605605466123,0.12385290459471188
5079,-0.8291485782969614,0.19461143408391252
5080,-1.168227963950151,1.4331013438946374
5081,-1.002180580108466,1.2663586941044342
5082,0.9703751510018418,0.3798008293532178
5083,0.20969976880895672,-0.1622347644182759
5084,-1.3097129243603698,0.4319789685488585
5085,0.3873970277015001,0.45471372019990325
5086,0.42995627985346485,-0.2449196110347055
5087,-1.2575037744898225,0.6869834176525135
5088,-0.4134340734698572,1.1069224830135527
5089,-0.0498791549784602,0.4966994969207136
5090,-0.7724576925189549,1.6253385249814827
5091,1.506201454820025,0.23129892812327554
5092,0.1335157625757705,-0.16932196773741215
5093,-0.6002384433552101,0.1123797808417728
5094,-0.5722492331868503,0.6344523134794059
5095,0.8766949611941623,-0.3545529876585214
5096,0.3168476389816811,-0.25289608194403007
5097,0.6431275142297281,-0.04407211575039791
5098,-0.14227434694501245,-0.37961706580161086
5099,0.6650766815846255,0.13352640871691973
5100,0.3972279201934674,0.6680059238884033
5101,0.3701004412647256,-0.40974242877750394
5102,0.5411363677130162,-0.43685142617148087
5103,-1.9951346635720837,0.5781552989710338
5104,0.14203132155212286,-0.37537058699203024
5105,0.13444751964751034,-0.18422595228357624
5106,0.046390014627138106,-0.5237235159639144
5107,-0.6782630023664621,-0.24900367770135393
5108,-0.6567812985640537,1.0344091637884718
5109,-2.0054114608885247,1.4191162486091824
5110,-7.016555644568306,10.690712604257005
5111,-3.5444475438434,8.601474856272093
5112,0.8678007415082811,8.478575067776339
5113,0.31822432401023015,4.091073102944296
5114,-0.605974710398285,2.171915987069628
5115,-0.01980708999746292,3.110760676413547
5116,1.1514485987287655,1.3644516438438075
5117,1.6101757156306673,4.182134687424222
5118,2.01719005323725,2.436860078893012
5119,0.41962065142723104,1.9964629986869655
5120,-0.9393426147757495,0.1605227040038294
5121,0.856160210103935,0.7897900835686589
5122,-0.3100702507054802,0.5428992937748535
5123,-1.7847725400453955,1.068444331453057
5124,1.0616470058330025,0.2211543545783524
5125,0.1366722411048945,0.14542359899173693
5126,-2.348099272608492,0.4533072091431694
5127,-0.7725554360184862,1.05813336609327
5128,0.6128248301709894,2.2604330321125783
5129,-0.811901885590952,0.09449371681578571
5130,1.873456079274952,-0.11123215948747917
5131,1.2573420816593661,0.5094569954034597
5132,0.8924204562622681,-0.136942968368412
5133,-1.7697224005666328,-0.01144281070796009
5134,0.6145133810829241,-0.11878073032275963
5135,-0.6238648058414799,-0.19897472164205646
5136,-0.7034898928349897,-0.04341894875205561
5137,-0.3897280179030828,-0.41119279249567386
5138,-1.016708457178174,1.0733798595304302
5139,1.4185533143531692,0.3593646485955773
5140,-0.681439731769857,-0.2963691174387069
5141,0.17368319617870756,-0.48927156487022366
5142,-1.0130130289766843,-0.023630247845715494
5143,-1.1712942080884596,0.1347558679216655
5144,0.8017912220841608,-0.4637626847356316
5145,-1.3285072355872807,0.10952528239433328
5146,-0.4604695324263093,-0.16840105745996842
5147,0.22075612941745149,-0.10230089482054425
5148,0.3780119201029659,0.5793581533524056
5149,-0.17678690387089083,-0.3474514421543835
5150,-0.7222262291028543,-0.1163334288167667
5151,1.082347738455488,-0.11218890997878875
5152,-0.7797762711128955,-0.505548316421415
5153,-1.4956453457624934,-0.10549892680898562
5154,-0.6610832362843102,0.10105381566981472
5155,-0.4747230965842884,1.2123559133037118
5156,-1.50449138624923,0.5157053292646235
5157,-1.7647455808681525,2.4888517281773668
5158,0.6811239332092653,1.3371431812672538
5159,1.0409257874766846,0.8637857496005239
5160,-0.7423640214180759,0.5908250685722537
5161,0.9866968466821555,0.2584666317549672
5162,-0.9292411428855791,-0.054606758992973764
5163,1.025605799885065,-0.05299366741113042
5164,0.8234721008325481,-0.32648817009952963
5165,-0.1816067471000418,-0.29591534026006366
5166,-0.6707629707740113,-0.43659608422766893
5167,0.8942110355840726,-0.1428150945590192
5168,0.47893637206548645,-0.32117474631519827
5169,0.49179244374762215,-0.5030613658251635
5170,-0.18138550942407786,-0.5823755766116391
5171,0.96265860372979,0.04458630328678474
5172,0.7199620667109957,-0.20961229153871838
5173,-0.8453305139884825,-0.31870470962124536
5174,0.5177609543124551,-0.5391691787567321
5175,-0.03337750007567199,-0.33783892460792747
5176,0.5135358463402937,-0.1978790821254437
5177,0.15626521974042126,-0.5131004496167547
5178,0.11026769793163478,-0.29810137968847294
5179,-0.7032197046244159,-0.16784005563466192
5180,-0.06916182284475696,-0.3753986073300315
5181,-0.40054366976223343,-0.4709865466020724
5182,0.24824147999841703,-0.46566932215715623
5183,0.016600624928862866,-0.4831026012343838
5184,-0.27402524790647925,-0.6162847540161488
5185,-0.9210938744204836,-0.06713393897325759
5186,0.32724334295980617,-0.4681465559390622
5187,0.80589158882912,-0.13452020506353324
5188,0.18577420694502084,-0.4155089768234002
5189,-0.9491201870746955,-0.23640274483759202
5190,-0.3016926042975337,-0.19181600152774436
5191,0.47747065487091866,-0.15597096117676107
5192,-0.07856329011150917,-0.2671152254660235
5193,0.5828969861269865,-0.6187901132365027
5194,0.8284845511122514,-0.3697588564590237
5195,-0.19492721126965004,-0.31187642690740935
5196,0.5849089478995508,-0.536855522469622
5197,-0.3248173800987634,-0.584984579977452
5198,-0.3639472161779977,-0.39696068623325376
5199,0.08441413609202207,-0.3882833712722167
5200,0.9343091759556127,-0.10020428928250358
5201,1.5749102153442904,0.6194599311251175
5202,0.5093601938272357,0.32962213880063973
5203,0.12929182274830348,0.4642877307454906
5204,-0.061079639747541895,-0.12338394458967966
5205,-0.7030279909989936,-0.26212055262915523
5206,0.018526664734578854,-0.5009469922406341
5207,-0.8471812602788016,-0.08692713519660282
5208,0.05148016792534129,-0.351190434140341
5209,-0.11383850058194601,-0.5524276527651011
5210,-0.0640260901543921,-0.3854313486211818
5211,-0.5763675282011205,-0.49385003379029047
5212,0.5664423865619076,-0.33978850568842967
5213,-0.5350950207133945,-0.309033266864017
5214,-0.6052498664598601,-0.18661095372205724
5215,0.6236259083167669,-0.40626841632299127
5216,-0.36873027529476077,-0.5211568965261021
5217,0.6641404550505859,-0.33040879762638553
5218,0.5692498553934611,-0.5555786642129354
5219,0.5075688493130568,-0.3503951455490752
5220,-0.9957459354277328,-0.4841029223715768
5221,-0.3172808595293855,-0.3749126531324338
5222,0.3489091584968344,-0.5273487434504389
5223,-1.1652892462454485,-0.1495329414228058
5224,0.2418555638929792,-0.37862782826766656
5225,0.3695817213004242,-0.5173406347651366
5226,0.5430420652237483,-0.4163862934647116
5227,0.6630585082252664,-0.175519645634322
5228,-0.5219760399712364,-0.4458687344764989
5229,0.035534540657453276,-0.6292483054315863
5230,-0.21100667775597612,-0.5768273931797786
5231,0.6679304006489112,-0.5801123521860156
5232,-0.13612802246772027,-0.47042633170241727
5233,-0.48602539930502403,-0.44941872946896255
5234,-0.5861645231719917,-0.45925523948407315
5235,0.1291342348616292,-0.39321645359216395
5236,0.06943778084682052,-0.5740295145998059
5237,0.1388283421096418,-0.606669207406094
5238,0.4096267864875686,-0.6434651674334131
5239,0.002761526044944743,-0.3756605205477086
5240,-0.09583613104509135,-0.6722884389194528
5241,-0.016041425381291528,-0.6101448394273966
5242,-0.2504986839231062,-0.3787158633891829
5243,-0.27809395500626916,-0.419204399362567
5244,-0.738770709415058,-0.21310622954387806
5245,0.4101009161891712,-0.5040561435903794
5246,0.2590201508479739,-0.5477411323862863
5247,-0.5834976725563744,-0.42466330639789185
5248,-0.6967947033165562,-0.44514055740545805
5249,-0.5183849476252549,-0.5167679111959711
5250,-0.3574072110621112,-0.47567141128315626
5251,-0.3016836398506323,0.2529626651989598
5252,0.08255309768150189,-0.18447741789870536
5253,-0.9737251881702237,-0.06037078023143324
5254,0.4397473612671147,-0.05928144080947274
5255,0.06735232477802842,0.36712878366274426
5256,0.358968847236574,-0.5004007581433823
5257,-3.1106170876622397,1.8439589393823845
5258,-0.32448666163028356,0.8357894816812018
5259,-0.6519372119443847,0.4221910266051471
5260,2.0612503612202357,1.170609227263624
5261,0.4162415671046567,-0.1726363218222075
5262,-0.9693092014685647,-0.3570981012787889
5263,-0.3941715304566377,-0.07194420453994405
5264,0.8932578887909577,-0.4955470804888684
5265,-0.19142080446563972,-0.1168715409146725
5266,1.0653764422404362,-0.5372249698520678
5267,0.68699710718933,-0.316135934482237
5268,0.008740906704307943,-0.5068877238776904
5269,0.45131984387071467,-0.4781898335087042
5270,-0.4223880730800959,-0.5742768230228068
5271,-0.734029104298855,-0.49077586732762307
5272,0.10746022559219844,-0.5426773339187527
5273,0.7253687267721766,-0.548992790512703
5274,0.5066580921280684,-0.5851184419915787
5275,-0.445738698351194,-0.5297426370127234
5276,-0.061834025608645066,-0.584959036774135
5277,-0.26338757929069706,-0.4455764329462899
5278,0.5311002034464652,-0.6407182808006455
5279,-0.46883539146538844,-0.5478567342298584
5280,-0.02373144570465024,-0.5500515664629124
5281,-0.20545443944389447,-0.5871636775163698
5282,-0.16921665773045635,-0.39266461358703253
5283,-1.2038105149178207,-0.3788116462218053
5284,-0.6759421068875251,0.252244688192176
5285,0.21995624335620584,-0.26438855876841844
5286,0.30524471337928444,-0.5065993952247024
5287,-1.1220150037912116,-0.49688378721437976
5288,-0.4589257634049734,0.2533621049593839
5289,-0.15065527015684257,-0.41016543659702565
5290,-0.7823155646244703,1.1257660977602644
5291,0.36627260717978344,0.2546567257880309
5292,0.031364560962652145,0.08414646433378234
5293,-0.8501682259709143,-0.07742853128254129
5294,1.1001667924852896,-0.3015266493702292
5295,0.09911866429044405,-0.20825656562970177
5296,-0.4996515192252473,-0.4517252905217569
5297,0.3855225482086729,-0.38656954128319254
5298,-0.7035946343778273,-0.1348623327452709
5299,0.8245991753822094,-0.2835447993885512
5300,0.16855860059555108,-0.38017707729090716
5301,-0.433588586664055,-0.4449018348827328
5302,0.5551480875347972,-0.5626472475937507
5303,0.08311200191076086,-0.38626530247242935
5304,0.7273330973190925,-0.290330799125857
5305,0.04299887530964805,-0.5017130814007318
5306,0.38639620909336414,-0.3863467884689846
5307,-0.6894836571943737,-0.1803815195090077
5308,0.7300802501077461,-0.509996212101857
5309,0.28902860675667646,-0.3290950378878917
5310,-0.4689313376325878,-0.07994696414981116
5311,-0.1529034272339337,-0.41891705258153367
5312,0.27107447998159545,-0.4432380913855486
5313,-2.140720469385558,0.060027561458054206
5314,0.476522197338048,-0.13958958097548618
5315,-0.9134996847874218,-0.13245802887493333
5316,-1.9354772913967648,1.659883498799057
5317,1.6015473389549397,1.612542400166464
5318,-0.3104714041830393,-0.052186378634964996
5319,-0.4126817296783575,-0.18135209446286424
5320,-1.1400451538367704,-0.08799332941086986
5321,1.7638423170531694,-0.29855221445086977
5322,0.16625840984177814,-0.405364417045196
5323,0.6242787899189627,-0.2303423699141186
5324,0.05173298975880813,-0.5104190890582125
5325,-0.3453509295019079,-0.5632585805986645
5326,0.3210862652416864,-0.595495684644324
5327,0.3722036034263674,-0.5416351150407761
5328,0.6047437440584037,-0.3937576779703587
5329,-0.6431880016496468,-0.5536938110153646
5330,0.06539985280140057,-0.5874529845553217
5331,0.0896106682511837,-0.4345755445319741
5332,0.4569112862509921,-0.5280154440898186
5333,0.329629907797634,-0.4846613656183038
5334,0.14453019040475076,-0.2928316890960718
5335,-0.6443005699971575,-0.46552682050399086
5336,0.16450899817857476,-0.3172295048120592
5337,0.4064611982189762,-0.6353856797223627
5338,-0.24008081258461586,-0.5702028601768641
5339,0.8847026847665806,-0.5824872467782135
5340,-1.3953227341686687,-0.4251222813065587
5341,-0.20714697082992578,-0.3589229078594218
5342,0.017009252621328144,-0.5142251581620778
5343,3.2881543796132746,0.43084650123957063
5344,0.5476396286945252,0.6946994788605798
5345,1.4034657480006518,-0.052819484167431756
5346,1.2184485214361462,0.3248880176470076
5347,-0.6984659889382949,-0.2844395850992424
5348,-0.741370282359043,-0.2254224526461975
5349,1.3111218239346303,-0.14251736934055587
5350,0.32104933304001954,-0.23774076278555498
5351,-0.49530305260840374,-0.31165357256629667
5352,-0.16612793472654228,-0.32619535877238853
5353,1.4288413755867413,0.22347652801936133
5354,1.2419538118964406,0.5609729005902102
5355,-0.8115900943430144,0.26655559993004646
5356,-0.2708381222666288,-0.19472410491554626
5357,1.161018209638499,-0.2614543013605989
5358,-0.2824855947803682,-0.44383380789162513
5359,-0.22360242836053357,-0.08835926404033442
5360,0.057192568404965394,-0.44678697834430764
5361,-0.8126888208691515,-0.40207269970172094
5362,0.2665403725618999,-0.28435267929593644
5363,-0.20972147971720226,-0.5638495010548868
5364,1.107368852018119,-0.23520065912975294
5365,0.28834227619741504,0.07920594091761095
5366,-0.020464604062532688,0.037931262858532065
5367,-0.10953236370813547,-0.40797870448029466
5368,0.3672504189532237,-0.45353305969785884
5369,-0.07180060771872677,-0.5275305184628505
5370,-0.12468103378184937,-0.4217736564054477
5371,-0.3536167726181064,-0.4563554544056652
5372,0.5756263692229077,-0.40492775001557196
5373,-0.10622382636814709,-0.23665165387307052
5374,0.12452515907300661,-0.6402938188329861
5375,-0.15921100269891558,-0.514290453225989
5376,0.5427306094260144,-0.2980996405286277
5377,-0.6387377460995414,-0.20085916808906226
5378,1.1619110948613605,-0.1891689592456709
5379,0.17037275835245982,0.45524987331788375
5380,-0.10464715341672823,-0.15619592744398222
5381,0.5150543152850834,-0.06298044176470169
5382,0.41110350056666606,-0.3516727136200156
5383,-0.4447738881836977,0.05696448359170765
5384,-0.557045350482027,-0.3134813291903954
5385,-0.5637558583796589,-0.11801083477754189
5386,-0.2667020103637148,-0.1866543978558483
5387,0.615557085166126,-0.4026849622501987
5388,0.03002334003127668,-0.44956609849316626
5389,-0.8751482735911317,-0.10583814497219776
5390,0.07276201406954672,-0.32721080016216786
5391,0.10834154250259387,-0.48091452511412724
5392,0.3931724969871537,-0.5892416703926504
5393,-0.14854218099199637,-0.6253158657466346
5394,-0.72121313308299,-0.340636288080562
5395,0.07298451916089282,-0.4753209694670682
5396,0.08353050628762801,-0.5780660788139286
5397,0.16908825760622745,-0.4417045282637661
5398,-0.1040435024017979,-0.5143571193844823
5399,-0.4491372891134427,-0.5675727138601707
5400,0.22749149537759614,-0.49728226302503303
5401,0.25551613288695924,-0.4419398186547263
5402,0.5199964077624426,-0.4372543490874816
5403,-0.29802057260727816,-0.1406374484016372
5404,-0.022538627823235045,0.04720937759681423
5405,-0.0048606104754639655,-0.13647851956195356
5406,-1.2703831030475403,0.9221497602706126
5407,0.6321854838925552,0.12328683223595707
5408,-0.4932823836387371,-0.24544403072843704
5409,-0.48967092860624567,-0.26657169301869904
5410,0.36403223040445204,-0.26449350265567056
5411,-0.2895422207510624,-0.4489218213382238
5412,1.232793707204473,-0.47270809622703525
5413,0.5570395082126578,0.8706837784042054
5414,0.1839912453231246,-0.08627415078834808
5415,0.28183538764208127,-0.0582018707344859
5416,-2.7532115061788365,1.4810938244018006
5417,0.7501013429329315,-0.194014746492124
5418,-0.6340913324586537,0.12276754138270476
5419,0.41726947596068165,-0.33539939454862133
5420,-0.6319713049234847,-0.16846658312837243
5421,-0.6379855006770417,-0.10193533498980731
5422,-0.2692677938365331,0.0032415078426235133
5423,0.7191464872497795,-0.3381287680368456
5424,0.20366419708273792,-0.49591564508254954
5425,-0.09838896823632683,-0.46474712813248437
5426,-0.7228070557356275,-0.4517068690254351
5427,0.12823412035970752,-0.45826958479589275
5428,0.26977803355108265,-0.5253310179558637
5429,-0.4116777674916363,-0.6052053587516412
5430,0.3263375276155287,-0.6464452739968745
5431,0.5494176589475216,-0.5925741649416445
5432,-0.2226494347998629,-0.6257732774679626
5433,0.9286804163836987,-0.3643982929858148
5434,0.6737413036756047,-0.30311329742674326
5435,-0.8494621225119139,-0.5215606993309309
5436,-0.045156083220546116,-0.49659726843792723
5437,-0.24945311425542385,-0.5838355053416552
5438,0.5250338246972334,-0.6481291277946335
5439,1.2469516196718426,-0.4385420562910782
5440,-0.8821930946213727,-0.49551363703886364
5441,-0.25951932168708636,-0.5724910144123841
5442,-0.7513636026528239,-0.45202699396315205
5443,0.28130509655609126,-0.592302043526454
5444,-0.30461328750232286,-0.5671565224004308
5445,0.5383700135539149,-0.5572060619884442
5446,0.4435714605960448,-0.5185545632047752
5447,0.45383673841048827,-0.5837789972785555
5448,-0.6763444250361518,-0.4576205512551409
5449,-0.6738505574017992,-0.44677291927881996
5450,-0.31495327173246523,-0.49690920044912895
5451,-2.272496547365908,1.2482939416506853
5452,-1.1347254727261764,3.0473879191539934
5453,-0.16307863721964722,-0.2530678289963626
5454,0.4706742767108527,-0.2655605521641642
5455,0.4191310796471535,-0.20377523653600488
5456,0.9707404433712098,-0.43146492945846837
5457,-0.15442789790636663,-0.4402930421457789
5458,-0.8697083735519202,-0.3482108924944537
5459,1.8282250218733085,0.21707253189283396
5460,-0.253094602203902,-0.3021291155917505
5461,0.24317204862147523,-0.48018337577361087
5462,-0.2899220777796014,-0.6031657155103705
5463,0.17749288584679399,-0.49290232189231026
5464,0.4501225843969385,-0.5551270342741056
5465,0.06659623774271439,-0.39551016106570996
5466,-0.5868971039182145,-0.2874904328367021
5467,-0.20539668246415474,-0.25238854953892675
5468,-0.7105435228430281,-0.32388629810346287
5469,0.7232002047798428,-0.42433799126778426
5470,0.7498484904935786,-0.5486357449391533
5471,1.6869850581623114,0.2682367700422311
5472,-0.08252646740279525,0.07964782421923981
5473,0.5971764429274555,0.08793106922213294
5474,-2.0927218164542967,0.40950663776415147
5475,1.2006524916749797,-0.46588575822781
5476,0.2277625635252412,-0.4375723010524841
5477,1.1030930615699837,0.18127905079016274
5478,0.07941861117018098,-0.21708386016088504
5479,0.7708685275620433,0.6469313011904425
5480,0.41976110094178926,-0.1250396853106692
5481,-0.40859987152377314,0.1017245855164242
5482,0.2984063820580954,-0.21973123854937623
5483,0.1090967243970234,-0.3536570451780225
5484,-0.8786236676808313,0.42148418074685884
5485,0.3095892126614177,-0.2844990960437932
5486,0.54955081962391,-0.06658933786200119
5487,-0.20180199267235008,-0.25175508001525615
5488,0.18704065895353686,-0.3307135564096113
5489,-0.3539233680582506,-0.2611704745022701
5490,0.1381631103730926,-0.5141301994987921
5491,-0.322175161552779,-0.13266064683971046
5492,0.06585390079556533,-0.33055623991118893
5493,0.1354987251739748,-0.5692902949886647
5494,0.14232498366049856,-0.46078962210966345
5495,-0.1598250919690377,-0.2761051892390108
5496,0.6637069470033887,-0.3220566948011608
5497,-1.201432015691252,-0.43212887038527803
5498,0.5602183492409601,-0.4697752131626961
5499,2.261807886647325,2.411230069662498
5500,0.3043274379542348,2.0600539647512672
5501,-0.8357433128761091,1.5103402334580645
5502,-1.2083544162144428,0.21865964784396563
5503,1.0388917002190388,1.118530997179437
5504,-2.24252972441341,0.7912589072151394
5505,-0.03374552697904889,2.5618613117074016
5506,-0.48445964705871936,0.2310719763388515
5507,0.6239210626165274,0.2055675043905978
5508,0.40735046670326147,-0.12504891352073721
5509,0.9044698373456533,0.06011800272646592
5510,0.45076300072081793,0.09531758271565699
5511,0.1875561203914384,0.014304552272878933
5512,-0.3440804859242976,0.26494926565554733
5513,1.1555561669286711,-0.11537591275201546
5514,-0.8978952198449519,0.11311923692737727
5515,0.0811758284206926,-0.15662789328389398
5516,-0.23536116713089877,-0.40142550730495274
5517,0.8326579819900334,-0.33622148421645237
5518,-0.395462672920111,0.3407732724711623
5519,-0.1950827435244415,-0.3509945962827042
5520,-0.6696213780781811,-0.17828383912798118
5521,-0.4203688755035151,-0.35167461098722036
5522,-0.2525400959389674,-0.3727182013995199
5523,-0.061398960806130304,-0.1255950703554488
5524,-0.2812068071041493,-0.5606221148234934
5525,0.4654271872189046,-0.24560126458669118
5526,-0.34984765671787366,-0.5455826893272808
5527,-0.06177031833026967,-0.5377199402181282
5528,0.3103078605382168,-0.5507776360686062
5529,-0.5069051745336945,-0.45103965030910254
5530,-0.010729827984042333,-0.45064940268718146
5531,0.574423602426393,-0.3889890725173881
5532,-1.98883907748172,-0.23262125548458124
5533,-0.5576414804365802,-0.19560661478959196
5534,0.19031197391793506,-0.5265405869638451
5535,-0.4899677973114237,-0.0563207091359831
5536,0.065839145620744,-0.4018470288087114
5537,0.3715378815803291,-0.4963560365039105
5538,0.05651976817904903,-0.4314014492581832
5539,0.07216330776266636,-0.4983080192528904
5540,-0.6039664913766143,-0.4899349516604574
5541,0.6322162178755214,-0.5550117185701268
5542,-0.1410317171721789,-0.48674007521912144
5543,-1.059773068865231,-0.296487940542098
5544,1.254959794836501,-0.24230804334933448
5545,-0.09601093025572334,-0.4094256112969636
5546,0.9446267101242107,-0.33602996427298165
5547,-0.7750757415847221,-0.43602900797627603
5548,-0.6500642675911072,-0.4174009809354896
5549,0.07524810304201628,-0.3760856233059392
5550,-0.9758215389304264,-0.4095105347507406
5551,-0.21320179686007618,0.2283907234329063
5552,-0.7471717531420756,0.09767387454565553
5553,1.0650888236502112,-0.2885766019833318
5554,-0.2779207460640133,-0.5223104490313425
5555,0.5598843933044468,-0.29769541359994606
5556,-0.5517790071160537,-0.4639391759532517
5557,0.5637107364413014,-0.5081941771171743
5558,0.14513955932263792,-0.3484314958746927
5559,-0.4749455374961591,-0.42750611582895276
5560,-0.48486813767126846,-0.3445555778913777
5561,1.9583923550872955,-0.5232746873917002
5562,-0.1245292540460767,-0.4758854386342335
5563,-0.8651400820195047,-0.43372741038405443
5564,0.23967648439689074,-0.4501297623128655
5565,0.03534872997328256,-0.44947387636537883
5566,-0.0606919428688906,-0.5137991852949143
5567,-1.5799679228510635,-0.09268973179505928
5568,0.574740810899709,-0.4543546546582538
5569,-0.2796993134486957,-0.5133614937315883
5570,-0.24391297788979022,-0.5066077990369484
5571,0.6843166284903782,-0.33038822586200817
5572,-0.09746915441683748,-0.4542229384582249
5573,0.6115817342172791,-0.44162265398730327
5574,-0.6146494591585732,-0.19982427381777737
5575,-0.37731038553889645,-0.46657431788878734
5576,0.671123098559428,-0.38575750072520726
5577,0.6124445197973469,-0.3290408837838373
5578,-0.14709518305933952,-0.43150512690846116
5579,-1.0111143668555962,-0.38213976588850573
5580,-0.6057133223525765,-0.3413171982598524
5581,0.5707303982870173,-0.2061269777831857
5582,-0.06589463678977062,-0.37065784998602
5583,-0.46599798593027897,-0.060164708060796074
5584,0.21458129189006153,-0.39274840248406684
5585,0.4148558305121155,-0.456478462766882
5586,0.45968116963357775,-0.16729784154269173
5587,-0.03269012263693431,-0.3371098467645178
5588,-0.5519247900194703,-0.4208875738321738
5589,0.568845804164529,-0.4679530645803085
5590,0.4635098054302794,-0.4277900843158837
5591,-0.11847212364941873,-0.464943801759105
5592,0.6987727880150661,-0.2916833124913491
5593,0.19772636205496558,-0.16487721645569692
5594,-0.8200748877390329,-0.24938178877878495
5595,-0.26011595013477956,-0.28851202438952195
5596,-0.44494019753021824,-0.03682971032792383
5597,-0.9847802586851838,0.3989714897234944
5598,-1.9231504681057863,0.25411556068309293
5599,-0.6277998977025608,1.348616928796717
5600,0.18515737408654243,1.5909857818657431
5601,-1.3637282289788095,0.40082843657123524
5602,-0.7425623529302358,0.14980188506554498
5603,-1.8472962349977988,2.206071007019771
5604,0.9673054556965317,0.39289500964125446
5605,0.4526878927119261,-0.04853354585930561
5606,-1.1698087703635158,-0.2677845064946674
5607,0.7066231227869939,0.27947903467699403
5608,1.0458696459178851,0.2819551837427906
5609,-0.4738582962284681,-0.33650064290995146
5610,0.4930820196967749,-0.44390026648872377
5611,0.8834998881179071,0.44665195719442047
5612,-0.37591837256158683,-0.33461111675369226
5613,-1.0252806896399285,-0.3663414743327626
5614,0.9107365140717962,-0.5296052673126748
5615,1.021854029938582,-0.31551237971634394
5616,-1.3190929103811084,-0.32325778351299517
5617,0.5718639566206446,-0.5023756539142323
5618,-1.1911600722113287,-0.3827614129475204
5619,0.8466074050916559,-0.5462223095260638
5620,-0.7110941259163901,-0.38272844556837654
5621,-1.7616700129078444,0.3272630038836298
5622,-0.34429023406500164,0.3066552512928565
5623,0.5337481349450197,-0.32453009661222915
5624,0.6283376776598094,0.13890940436018961
5625,0.6188254853472217,-0.5266549201903892
5626,0.42489468940132386,-0.5326518765952899
5627,-0.08734257147169261,-0.596525705578254
5628,0.14270772263195286,-0.4702092244673579
5629,0.6396079069600012,-0.5276264491765749
5630,0.2457104264612413,-0.4571566935846977
5631,-0.8785442127277772,-0.46785728316703495
5632,-0.2705342932513563,-0.4828342222159035
5633,0.20718017432342228,-0.4302745574857741
5634,0.4574745057910567,-0.5197914706087533
5635,1.6515988810503899,-0.17395253604692487
5636,0.4808798241585543,0.2453537979883724
5637,-0.07290361111626022,-0.36353477808821794
5638,-0.17244610787194595,-0.5239629872609445
5639,-0.8610555539414684,-0.010723250905158466
5640,2.028353929447816,0.11550643915936015
5641,-0.418801143175834,-0.3901802110785133
5642,2.111433851723607,0.48775755284408556
5643,-1.1256619707533293,0.48235759052334004
5644,-0.49858974513887666,-0.4459827229834838
5645,0.3649436698860308,-0.29219215127667875
5646,0.2792431384060013,-0.16432743289418636
5647,-0.8578942961067252,-0.44365672800923867
5648,0.860965230810053,0.1801289090211317
5649,0.4593876353579846,1.030605859883591
5650,0.7581396512937773,-0.10513159025639743
5651,-0.9419636078201821,0.28558494861932576
5652,0.054975416810998566,-0.44284071065021
5653,-0.9843558284799137,-0.08842618901139122
5654,0.021050373639574814,-0.38264069808699774
5655,-0.6755240924475818,-0.4341760012079475
5656,-0.12559045458977597,-0.3157740020473555
5657,-2.1177791199227407,0.46704524581762535
5658,0.4337370899512801,1.218995588906373
5659,-0.3143975854823749,-0.07615872392870869
5660,0.34534259952675783,-0.5935432306710512
5661,0.6239973797745442,-0.5247326043940591
5662,-0.5014491862627919,-0.1267531432754505
5663,0.27606414402459967,-0.46958711829708055
5664,0.5935481204227591,-0.4297343183756175
5665,-0.1361897137838248,-0.35174296713317554
5666,0.17211000660064532,-0.6242512692229794
5667,0.03289508681093839,-0.3256402481556634
5668,0.2739940735152074,-0.4828999703329363
5669,-0.48545040986407256,-0.5482762345002485
5670,-0.124191376966521,-0.3026202183825923
5671,0.1195079589392706,-0.3223759900131929
5672,0.28983723558358315,-0.08907412140797112
5673,0.06355714781896041,-0.19924795990086414
5674,0.7143192875174936,-0.3834183594256273
5675,0.08405997305701929,-0.21897943544997323
5676,-0.16589324410258274,-0.42975965536356403
5677,-0.14541797591218444,-0.32397122706902837
5678,0.32920730644415547,-0.5640938914800732
5679,-0.3697582601966032,-0.10402813303438925
5680,-0.11975564859120301,-0.5202513189625929
5681,0.34841120749775484,-0.37366532007978626
5682,0.663296518457938,-0.24731576450954607
5683,0.22836949204571805,-0.365677898019626
5684,0.1080503511620639,-0.5177007033154343
5685,-0.14821059841778747,-0.5108029368219319
5686,0.1523417209079567,-0.44453734871031725
5687,-0.751496958937514,0.04261420169768962
5688,0.04992657943070784,-0.5320058625408112
5689,-1.1739377135892457,0.006860456629440856
5690,0.2850418207025492,-0.158961050819208
5691,0.7811773248987212,-0.4518714133980693
5692,-0.5993148970575262,-0.2919217305141877
5693,-2.4800347521350083,0.7093090297994534
5694,0.1141779477072349,-0.14028680134177118
5695,-0.863314464321716,1.120813583528732
5696,-1.5395147822706037,1.5591594368331203
5697,0.9222399345927695,0.962325404060461
5698,1.3636752264220973,0.4871993883552566
5699,-0.5536152542085527,-0.3064924018989615
5700,0.16056110916906127,-0.4807019722087126
5701,-1.1738267893906786,-0.04211888815093181
5702,-0.37676339390437236,-0.3409032885467719
5703,-0.007171418866283557,-0.19112022593925798
5704,-0.36959330515364835,-0.2318837915713745
5705,-0.12121066333733818,-0.09421941174790899
5706,-0.7792387734471069,0.2774037722803995
5707,0.0908660930907294,-0.41416874620674304
5708,-0.24346583334848543,-0.25706589455270284
5709,-0.6623467769729073,-0.38397351155493875
5710,0.8620491503694704,0.5396955016289292
5711,0.9405540535538754,-0.4235571223686194
5712,-0.6953415869151253,0.005065164476274121
5713,-1.0383580906347598,0.17388011638235068
5714,-0.763842156015757,-0.29071621532756353
5715,-1.1498444610694427,1.7424501589455275
5716,0.6609878126775491,0.815315605247948
5717,-0.5474200295895773,0.11130099783166479
5718,0.38604595771339817,-0.2533578812482416
5719,0.5143620431008084,0.593129809125062
5720,0.6401188081133026,-0.49292767800656906
5721,-0.7208849602427968,-0.4551060168089414
5722,0.7559289088511687,-0.5245208409309424
5723,0.3982569972801761,-0.477731192910122
5724,-0.38314201366738065,-0.2812048603302028
5725,0.8289493537727783,-0.45701402376773664
5726,0.6319073718604316,-0.37390926241950523
5727,-0.6804570909614863,-0.3912693801093232
5728,-0.45406666506312876,-0.38775301346023283
5729,-0.49712452117908007,-0.31697519659374335
5730,-0.8065229084821426,-0.24953749709749892
5731,0.08961220150134717,-0.5132548734354799
5732,-1.087884702436343,0.08687810525466232
5733,-0.13259397225625563,-0.5534818794609591
5734,-0.8890145857400076,0.5909230775817931
5735,1.2890201559584957,0.4774921701925963
5736,-0.2172010772692443,-0.19276121096751136
5737,-1.2179377256911688,0.4597095610166671
5738,-6.698057016879116,11.342186520379373
5739,3.6252973846972854,4.086399757762027
5740,0.9475007345856358,1.3234324386405758
5741,0.05407878377226709,0.44060684327679944
5742,-0.8530076846973135,-0.014112201758353706
5743,1.1951955883381438,0.3093338271207382
5744,0.4451283784609143,-0.24046111688010652
5745,0.6507913595758582,0.27508715018998314
5746,-0.8034345540507413,0.1138456705471017
5747,0.24613444391515396,-0.1201618253892345
5748,0.5469606517134807,-0.4368241595888333
5749,-0.3467202474663121,-0.4053497871773819
5750,-0.34085140068802117,-0.36211817707133503
5751,-0.5725135387138967,0.1724664386174214
5752,-0.003987796359551745,-0.20445221500435923
5753,0.37829873248402024,-0.18021662891870985
5754,0.44951923075120276,-0.42666256608767283
5755,0.13288517858669877,-0.3261818056913258
5756,0.286516547245499,-0.4153909383413174
5757,0.09316013332916795,-0.21606050557199144
5758,-0.31877215517371915,-0.4844452288863497
5759,-0.7599042514940048,-0.21737798762968588
5760,-0.7418473623053642,0.2638993267139742
5761,-0.5225857065410091,0.503363353387723
5762,-0.39047066742783626,0.9106381262735923
5763,-0.7802277558656542,1.0159468137148702
5764,1.2811956145563967,0.16368653159550234
5765,-1.3543032323752278,0.16767034718688684
5766,-0.43535451975713274,0.6069005532333995
5767,-0.18961712888603457,0.2811356341470806
5768,0.9228931742065772,0.019963988123155467
5769,-0.04825418563957687,0.03923053077194928
5770,-0.19630420116451383,-0.29790588402568813
5771,-0.2451480962522693,-0.09758113319555176
5772,0.4201479156936021,-0.010415864661292303
5773,-1.214896656555963,1.4397881577345013
5774,2.0490936809067977,0.7163378089866458
5775,-1.21508449420609,0.07732558521131444
5776,1.457698927061609,-0.10018152810078773
5777,-0.08650611642895419,-0.3277406006478716
5778,0.8501645245132555,-0.24582756719456517
5779,-0.30938969877476996,-0.12652291138253147
5780,-0.3335111364524097,-0.25739215486130074
5781,0.08854941170995864,-0.4007085758162372
5782,0.5498557072279362,-0.1408102562311279
5783,-2.1928263158274635,0.3900752876528606
5784,0.6527634240210071,0.26275877963301164
5785,1.844611934354928,0.025892328327159497
5786,-0.7489602836077023,-0.3005639803883347
5787,-0.46926644986156485,-0.16748676252431172
5788,-0.2748017446455119,0.339506036064123
5789,0.4032733791809599,0.16111920933913418
5790,-2.0204463864364857,0.8551112693262357
5791,0.5586710772110965,0.9380305861497078
5792,-1.2001258293766397,-0.03433629690597915
5793,1.4268147792423256,0.4863195114003194
5794,-0.5292323133363328,-0.03923386017292243
5795,1.029285141153369,0.1221965545472765
5796,0.7553768170685409,-0.32176845113991137
5797,-0.41164830574173605,0.05258172373151969
5798,-0.8383431719986918,-0.28017639027093405
5799,-0.26350028571627837,-0.26454033747748507
5800,-2.703994312642742,1.0828069914469434
5801,-2.0442308054452365,7.829715417185927
5802,-1.0912135352263612,1.9067076019918492
5803,1.0026112409700019,0.9107586222511395
5804,-0.4282085202234315,0.028356661310148103
5805,0.4761037022497018,0.7043581283433636
5806,0.269963721330142,-0.020684472154356173
5807,0.8197879179778248,0.22582041341663292
5808,2.2965156291781743,0.5613954274844437
5809,-0.18900416117447424,-0.2351444170870417
5810,0.635254365518037,-0.39202529926982566
5811,-0.17641241204349256,-0.3944581071857781
5812,0.30205743924594364,-0.5443014279201
5813,-0.5335089873236333,-0.6092592610751607
5814,0.07338808431960465,-0.4042711391056217
5815,-0.925136231989234,-0.2654111632135181
5816,-0.15199520271913453,-0.556309603863994
5817,1.020392641991045,-0.33952129455500796
5818,-0.8708273730588428,-0.3033244581023827
5819,0.48453360307054105,-0.5214932386420537
5820,0.043518968347373586,-0.6110091015606275
5821,-1.1025332855292012,-0.4792773503409169
5822,-0.007208281787209273,-0.41298421779932554
5823,-0.1579779842594477,-0.2855533849340654
5824,-1.3269853034400307,0.16916362481568128
5825,-2.53293430792944,0.8795444001660074
5826,-0.6371902000948724,0.15477434799050446
5827,0.29456758027690216,1.0801047315603218
5828,-0.9675715873149966,1.1485193222758048
5829,-0.053724374468501146,0.147126386669661
5830,0.4449065341831644,-0.33991202707692364
5831,-0.9981376163980457,0.7397855707943642
5832,-0.988430310842969,1.8925710019502169
5833,2.497903368807606,0.33834350632888915
5834,-1.8652922555214926,0.04906493067870803
5835,0.5374579914503941,0.18231007329613924
5836,-1.3982403510922103,0.5267227680131104
5837,0.19456751288495572,3.202371665091059
5838,-1.060701435297843,1.179998345820669
5839,1.4367655216492197,0.20295807089993406
5840,-0.3818686976142152,-0.16586483442834027
5841,-0.7676585973766632,-0.27570285302256015
5842,-1.2860252437129875,0.4962442902852056
5843,-0.16614004749204578,0.4922400912815755
5844,0.9244865977197293,0.46219474763339596
5845,0.4701629392178169,-0.008358248592675529
5846,0.465336047337267,0.06033148624648179
5847,-0.4704661590910114,-0.22601558669363336
5848,1.3387151868080336,0.03501932817123187
5849,-0.02908010295696233,-0.011557483713925865
5850,0.622062324233386,-0.4755625054361653
5851,-0.4895184829145651,-0.35217662707165714
5852,-0.08071465716001203,-0.36266223907616923
5853,0.6637146169032202,-0.47282120929584015
5854,-1.2119593172273062,-0.26798483526835476
5855,0.7537206008666879,-0.379280935030813
5856,0.5626745521149501,-0.5001823705132697
5857,0.8424250468633726,-0.4505664744863143
5858,-0.4783594363393639,-0.5085560535272888
5859,-0.7958575361331657,-0.28046600669598176
5860,0.42094966125205624,-0.44563631391694797
5861,-0.03781365098272405,-0.2802756723186048
5862,-0.1117671593053698,-0.43311574305235623
5863,-0.3169294227988424,-0.3028990454157914
5864,0.3326922626258063,-0.47307314119700494
5865,-0.7095229813138654,-0.09425212261112742
5866,0.6172663348368576,-0.23822320891127763
5867,0.06730334699788959,-0.43998438180798244
5868,-1.0607488034458072,-0.1257701849028357
5869,0.3141994399345758,-0.39307671416477946
5870,0.10076290415939292,-0.4496938659556003
5871,1.0465829053202234,0.38337367294736757
5872,-0.659237589212536,-0.3968172928595839
5873,-0.8121578570465071,-0.364485473287603
5874,0.6732793459258268,-0.3408328101664374
5875,-0.5406040114586209,-0.5347401095292862
5876,0.28643856404567225,-0.4596942112454169
5877,0.15909390453762495,-0.5303447083967376
5878,-0.016726633357455653,-0.573165851157695
5879,1.8253813342020668,0.1867497127413994
5880,-0.4106018040678232,-0.1668150227910906
5881,0.5819224850138986,-0.30924747553091225
5882,1.2279382610308707,-0.2549646005970759
5883,0.6158194232737506,0.39410690332632925
5884,-0.35068668476095377,0.24773784708117486
5885,-0.10483729928938802,-0.43437493351367096
5886,0.004742377324614268,-0.4585704805335078
5887,1.2964631516030474,0.21277851728016287
5888,-0.22267925493088875,0.055538722099583084
5889,0.38796427134943845,-0.2761540099375993
5890,0.36010179647557883,-0.243018548469814
5891,-0.04643161316272808,-0.03850718744092838
5892,1.1452134496931845,0.32201610130384034
5893,-1.288609041754836,0.360515966765804
5894,-0.0818143131113091,-0.31517853360275205
5895,0.5515890414017954,-0.2389583365754305
5896,0.5543534811456121,-0.39418608121515564
5897,-0.7534574884713287,-0.3629712352619605
5898,0.44070318889808185,-0.56502984431409
5899,0.10139270543956291,-0.38970456471560694
5900,-0.3364457628952108,-0.5212424714771712
5901,-0.08175216142956401,-0.5754032290912228
5902,-1.0085609636635007,0.05313030041488137
5903,1.0657057342912981,-0.6012079695671574
5904,0.1715811435496356,-0.4462906404973029
5905,-0.50027216709873,-0.4905553447423056
5906,0.2949674315399923,-0.6356667229128131
5907,1.353051378854154,-0.4768244307100101
5908,0.19125980918320334,-0.5635717649982447
5909,-0.008980301635165338,-0.5725047579454273
5910,-0.13523388765609043,-0.5074040842696731
5911,-0.4997001708570428,-0.5537001533936436
5912,0.5167965666721615,-0.6389762791297188
5913,0.08380936897976186,-0.5817249032823352
5914,0.41700373985082656,-0.5820217436814391
5915,-0.27700824063221163,0.04876028681417897
5916,0.4138866424697216,-0.6367111142789678
5917,0.18010522773574372,-0.4577386701262146
5918,0.03410551290971689,-0.5453834741964642
5919,-0.32073963295054336,-0.4672265810896454
5920,-0.5211496955161082,-0.39416463144348685
5921,-0.05163980169380095,-0.6173100696964245
5922,-0.6362499957560351,-0.42864322352017575
5923,0.7014895159794297,-0.08788796348004954
5924,-0.712630861361912,0.003927786322962581
5925,-0.23606151818677312,-0.574486961587195
5926,-0.1361610795743607,-0.5300986841297014
5927,-0.7290730556522614,-0.4569642125218117
5928,-0.43608426700053715,-0.21596964792181442
5929,0.6174316013947628,-0.5486095641153013
5930,-0.023868612848553336,-0.6387638203896803
5931,0.4008189120847985,-0.40532051205929565
5932,-0.5690885958733213,-0.3788279288631253
5933,-1.0316126030067296,-0.35137793176139764
5934,-0.4869825964708802,-0.23446246948310417
5935,-1.1622358331390104,0.06776051771337864
5936,1.2537931150408999,-0.5421829627111875
5937,0.4708762753070292,-0.2963947249317436
5938,-0.15454973695681956,-0.5797848502174017
5939,-0.8394857822441645,-0.1264576725625637
5940,0.2006528783943455,-0.5013524597967941
5941,0.7476812136216108,-0.5859054536322158
5942,0.24720471959071585,-0.5547543507049094
5943,-0.03385417519685105,-0.52411717583518
5944,0.4866205192603704,-0.5197917235675616
5945,0.8874301333088129,-0.4219533895716461
5946,-0.1529943896191669,-0.5033764385472002
5947,0.04669009135358522,-0.5687482232535725
5948,-0.4343766864611143,-0.49272487293750367
5949,-0.17724636294809798,-0.5399560713617632
5950,-0.0300101741790029,-0.6241049990884011
5951,-0.8170300825341675,-0.5218437984519305
5952,-0.19618539753416964,-0.3465575356438968
5953,0.07429344958492323,-0.6840290963367481
5954,-0.4136486326074474,-0.6119917017717094
5955,-0.0309729746771743,-0.3784679417153595
5956,0.15104669089289002,-0.6231591679737067
5957,-0.3656583237485235,-0.5166975722164026
5958,0.13044349501146216,-0.5224930966444625
5959,-0.47216746366692386,-0.5018898557126514
5960,-0.2886527468971627,-0.5425782252353091
5961,0.20479497949937994,-0.5898722119416298
5962,-0.14455155838781977,-0.3734086858882427
5963,-0.707781112942796,-0.07605902573168373
5964,-1.1293137154870205,0.01814709922341624
5965,-0.7864881471284757,-0.17690693428211862
5966,0.1860430662736004,0.835818154389694
5967,0.3216797832202393,-0.4686925063912588
5968,-0.12441997724003168,-0.44833373850743397
5969,-0.5037920155400538,-0.2559668217260823
5970,0.8604392771855076,-0.4188555216082221
5971,-0.3144981996716969,-0.48301073671109734
5972,0.994384310953696,-0.4553612041149369
5973,0.5803768587865815,-0.4061357288976003
5974,-0.24256086016886905,-0.5575809247028674
5975,0.20296721859721947,-0.5329422551194827
5976,-0.603355537501689,-0.5391271553480886
5977,-0.9039800118616664,-0.07859330549036705
5978,0.11397489182051368,-0.5039038927159446
5979,0.9855360168258261,-0.47838795413675966
5980,-0.17355925346432366,-0.5905034909141982
5981,0.8406156867123726,-0.5525404719061459
5982,-0.4447800161353686,-0.49383933681899506
5983,1.0125409708243547,-0.23848969227050928
5984,1.4726323090866362,0.22670730590239915
5985,-0.2063564601370631,0.04331853962275185
5986,-0.48046087028121337,0.06513512974003866
5987,-0.4926807207933915,-0.4432263589499098
5988,1.3619951818254834,-0.34663798827026177
5989,-0.129813346850506,-0.5128870465097866
5990,-0.023734846930180777,-0.533543481773994
5991,1.9438286893041201,1.321961118397091
5992,-0.07032816481882224,-0.03050244833852507
5993,0.5898321922269162,-0.04647827322445631
5994,-0.9827501614465235,0.06292158754022754
5995,-0.12639918920097723,-0.24139438788045697
5996,0.12414955924841614,-0.656331343695305
5997,-0.11495843888404679,-0.5950237439963345
5998,0.03441574846453977,-0.4947579351607106
5999,-0.6227562001207081,-0.46895696242945034
6000,-1.4604074079213678,-0.15845142514546032
6001,-1.544570390232068,-0.10888634719583314
6002,1.9884484357513523,0.333533474798097
6003,-0.028063870635329495,-0.36624107021871405
6004,0.5756810697977569,-0.5973421882684888
6005,0.16650279882674884,-0.5532688582202286
6006,0.5031362083855817,-0.5177319431890812
6007,-0.8383565529389148,-0.36424432283487085
6008,0.8488388268794551,-0.5936773522226861
6009,0.6257531053937585,-0.6244682629600783
6010,-1.268104737963816,-0.4144784464988243
6011,0.642482766240053,-0.4953491717082769
6012,0.24434439919259318,-0.5528149344318092
6013,0.43560010716036296,-0.24007934739355613
6014,0.483345816683556,-0.503803463097705
6015,1.072403668783926,-0.09085283646702556
6016,-1.0675188003838212,-0.3018098597382382
6017,-0.1339330630236353,-0.49040400151639324
6018,0.18720887769288413,-0.643600711064099
6019,1.408528925212443,0.03461038472213836
6020,-0.5863239782938059,-0.3899615610594121
6021,-0.11194189814849768,-0.6699068243181319
6022,0.009591085235522429,-0.4444084938212598
6023,0.014659899202523887,-0.3934806456857819
6024,-0.6367583453811924,-0.4048328907179019
6025,0.6044156329167063,-0.41699250572098573
6026,-0.6242517601333596,-0.46232722439682994
6027,1.3575171584055996,-0.4172003187327942
6028,-0.7083923367530156,-0.5055025110811308
6029,-0.5998209044690203,-0.4292283632468255
6030,-0.16370196779438173,-0.47148221408982743
6031,-0.6101111855367161,-0.1888787849579601
6032,0.09605712866497498,-0.4096143185452763
6033,0.060512581605683534,-0.5728236371791633
6034,-1.2795622157845348,-0.2790812791191357
6035,-1.2230539860400895,0.10855743346270877
6036,0.11854857820529738,-0.29777746560105056
6037,0.5619257403995915,-0.5666946886251367
6038,-0.5375023035951709,-0.49186049238069757
6039,0.6369605483344086,-0.3922629125342608
6040,-0.010653777831697802,-0.50690373128229
6041,0.015980835040855436,-0.49099386245123805
6042,-0.709455648480565,-0.4342718254848277
6043,0.8275178012477845,-0.4315435944659636
6044,-0.46845730229930543,-0.5525883712366295
6045,-1.015717716973259,-0.3788157730380741
6046,0.8850365189647427,-0.5778819644177058
6047,-0.29771625320565925,-0.4229589575398844
6048,0.7626257600267377,-0.3573362404464864
6049,0.9920600312605298,0.15747175741181108
6050,-0.2601499569867809,-0.5623588234212419
6051,0.7535110181630236,-0.32812426871900835
6052,-0.42352745278729403,-0.4151320651497769
6053,0.35762195969125593,-0.2886372000355084
6054,-0.4763684689335871,-0.551988131779519
6055,0.24786901600979364,-0.3234502851840666
6056,0.9860526279462241,-0.3927657842054201
6057,-1.3223991809437448,-0.016124047504857908
6058,-0.5845265826370276,0.002725132331933493
6059,-1.7212003459742384,0.7793355429834127
6060,0.13896135545939414,-0.2535783302538177
6061,-0.32785460995746646,-0.5611572501932802
6062,-0.24480715689518995,-0.49871790191541515
6063,0.7199015936327079,0.31397185732301663
6064,-0.9426976444265521,0.32129304668417236
6065,-0.31264587316723275,-0.3747718381304118
6066,0.2653275253879626,-0.3918632387816988
6067,0.07129508922001922,-0.5319606407294537
6068,-0.40072973730129563,-0.5717127890082979
6069,-0.7433915323513939,-0.427989029236406
6070,0.18297506324147184,-0.3691332956492716
6071,0.08167905002560723,-0.2149685212169462
6072,0.24126445347107456,-0.3479862409487844
6073,0.9617814038235931,-0.2094789293202424
6074,0.012347642140226713,-0.5114468987008483
6075,-0.31333313374887883,-0.31530474174877304
6076,-0.18265583071287775,-0.23005835799755528
6077,0.706107326961172,0.02600626047498716
6078,-2.0239087586733957,-0.005474869312513778
6079,0.9285511058177316,0.4409965048553678
6080,1.492399186530854,0.16006747079181877
6081,-0.456660912400123,-0.21934952057112042
6082,-0.3394807646061647,-0.12383881862507189
6083,-0.05122116943644457,-0.17674635987952209
6084,0.5128049184751131,-0.19560102694198808
6085,0.19812444455633263,-0.45666080371710593
6086,0.13136329945055975,-0.4194087799541441
6087,-0.7593593829722264,-0.11222338080053237
6088,-0.5457330556628404,-0.5485228613821603
6089,0.09489254000412056,-0.5743125140695029
6090,1.0332996471887967,-0.31474941003373064
6091,-0.6280777553524297,-0.21338994724732985
6092,1.1287809259106545,-0.4727910712028359
6093,-0.8363040589237128,-0.2563540234703365
6094,0.7657278336690831,-0.5085150421419505
6095,0.08133485455088905,-0.5792411857086814
6096,0.9613361284679884,-0.2665915332599108
6097,-0.8866150116521019,-0.3575732509173934
6098,-0.3186693276661725,-0.5057905948618263
6099,-0.6407851183326926,-0.5059076049615091
6100,0.5284117368734358,-0.4884147667026016
6101,-1.0697745817756898,-0.19268960038878125
6102,1.286326865377515,-0.4464634097625545
6103,2.523773539656071,-0.43450860446835465
6104,-0.03516023025700699,-0.42839737483123
6105,-0.1902428786939564,-0.42508411245366895
6106,0.05658030325271656,-0.6131717319913276
6107,0.9447914660813397,0.12902413541985047
6108,-0.6800945292442337,0.1447914931585077
6109,-0.16631355618443405,-0.47045424749273496
6110,1.1273444642790047,-0.5453527416088838
6111,1.141015775451448,0.3610104262305959
6112,1.4348414654354755,0.49502433817312386
6113,-1.3117669332017479,-0.09827608934358713
6114,0.4683964221277154,-0.4957999525995809
6115,0.1050290855754,-0.39355665852396415
6116,0.6104334615042972,-0.1976962792563356
6117,0.33756305957995003,-0.16759999883238139
6118,-0.30646068227408024,-0.22640870230819754
6119,1.3875936098795636,0.32968540918168016
6120,-0.12207131917719233,0.697585880341565
6121,0.5985509672616007,-0.43123473788583794
6122,0.2017363286313778,-0.4106705668996933
6123,0.1019156266528237,-0.12210051798057263
6124,1.198661785372774,-0.3340516737774972
6125,0.040288712470651605,-0.3052047871411215
6126,0.8747262810480245,-0.3575321223026435
6127,-0.5406671411060503,0.02149127396192127
6128,-0.9651028928978603,-0.040583383912256105
6129,0.017758468349548986,-0.25772416820633454
6130,-1.453458720694605,0.3420032149241684
6131,-0.9828418096511367,0.18577595201439523
6132,-0.02737725056273242,-0.48713916609875496
6133,0.2930560214621111,-0.518940091726065
6134,0.017765862804565005,-0.5566205208535591
6135,-0.5710593179365396,-0.5109532258890391
6136,-0.08108864962454171,-0.33748957670115687
6137,-0.21656276041080133,-0.4728083216282244
6138,-0.273769647060873,-0.5762477714573
6139,1.0055703515702543,-0.47931967426554295
6140,-0.22621271918604588,-0.4669720594684841
6141,0.4870535858718013,-0.5518807333116031
6142,0.4598668521840928,-0.42347380090665854
6143,-0.39929575740961715,-0.4193049308066077
6144,-0.5144689192672505,-0.5321792821839391
6145,0.4186483421522742,-0.5316705215567279
6146,0.8117909173150737,-0.5441947171478648
6147,-0.4514174871936161,-0.5052395854299877
6148,-0.5510741468834077,-0.2938654938203444
6149,0.228027683054938,-0.5016602369444113
6150,-0.43020153234862996,-0.25019654111133627
6151,-0.7496402641857658,-0.1886861786531316
6152,-0.35228880765173975,-0.30747038395239235
6153,-0.06900098895028997,-0.4381967698503382
6154,0.6297458257915118,-0.631854388391106
6155,0.057414444445025206,-0.6626721050409384
6156,-0.352827966093642,-0.6466011573212337
6157,1.1479810994494841,-0.40272839599769594
6158,-0.06902487019658031,-0.5046508687416226
6159,0.5408209726441151,-0.5707330635068749
6160,-0.06633564405703206,-0.40800314501593915
6161,-0.10071650560331673,-0.34774616354959775
6162,-0.017147320512626685,-0.5386357596260616
6163,0.1854979501932011,-0.2883923130356263
6164,-0.44346974119828436,-0.5557196634483881
6165,-0.23768158744567466,-0.5390991334736619
6166,0.12881401410615662,-0.5154409684941899
6167,0.44314955938495304,-0.4154999886465635
6168,-0.05010185544390837,-0.33218960625444216
6169,-0.2962958138528364,-0.33835000081304395
6170,0.13510670281380635,-0.4749265543324426
6171,0.4396947483726957,-0.4886728984523735
6172,0.3122678585817679,-0.49246402813615064
6173,0.026943050593221197,0.5104627785479798
6174,-0.7219363201231763,-0.2988158603715964
6175,-1.256469628926833,0.3851888230196901
6176,2.1580809406664154,0.23046209194677342
6177,1.7900978504149572,0.5422919173809235
6178,0.8608016669316275,0.8229590288514429
6179,-0.7017503844539904,0.34846473586429
6180,0.931416491780879,0.2874187758808705
6181,-0.04536374042509876,-0.2806530515101512
6182,-0.4406353196863095,-0.11406871904856301
6183,-0.7392188943958424,0.0988318113318617
6184,-1.0144410985073333,0.07456935287379099
6185,0.6572309904839829,-0.30080350150724006
6186,-1.438935676461447,0.40614912570487166
6187,0.3719230277945751,-0.3369415373713769
6188,0.7714524897964219,-0.49948768559963946
6189,-0.82657355878687,-0.2524896358004648
6190,0.11505128703649771,-0.5276252918781845
6191,-1.142193215934925,-0.358305669567658
6192,0.2718926632172127,-0.46377301660114084
6193,0.8330577240565398,-0.3194716162540364
6194,-0.09651193593171119,-0.6116168589730655
6195,0.48693532929899896,-0.5560844653333262
6196,0.9348830034617189,-0.44397245445688555
6197,-0.33199404042016695,-0.5981112350608186
6198,-0.09487514795474321,-0.4859908529969765
6199,-1.1323019020858367,-0.2751442475467065
6200,-2.4970976101834004,0.10817521986330524
6201,1.044747495982124,0.47121084738537256
6202,-0.4331573076256339,-0.3412022205327402
6203,-0.5606170687564203,-0.47378329712207234
6204,-0.025428440188393055,-0.45087037463667995
6205,-0.9344362304837646,-0.5189870870054879
6206,-0.8536291786076982,-0.27070562095334294
6207,1.23323493663843,-0.11015974830150527
6208,0.6295032369319958,-0.5685901457034727
6209,0.5463535773567441,-0.4141929371760238
6210,-0.2632454120185871,-0.3841324029100635
6211,0.036786391634611594,-0.4549475185705856
6212,-0.7656146813251383,-0.5033414616048653
6213,-0.4389630792596637,-0.41113932519481816
6214,0.10780070632511878,-0.6101652316021942
6215,-0.03711089393230801,-0.40750833234628664
6216,-0.12291217948144631,-0.43874201050327605
6217,-0.2346924152628818,-0.2650476681540194
6218,1.4420926531869178,-0.3757443804150112
6219,1.0399034643375622,-0.2354369952260114
6220,0.22153458705764423,-0.3923754044301603
6221,-0.237523316075029,-0.3050747941132733
6222,-0.07152794645353093,-0.5533108061443026
6223,0.9813317069697848,-0.18514757777990798
6224,-0.5249242944847403,-0.4651528900245691
6225,-0.5641256408471655,-0.4964996626586055
6226,-0.26380229593759663,-0.5879171728774771
6227,1.2339244864167265,-0.4358874065154435
6228,0.03485614861733422,-0.3862921834651711
6229,0.055424864693787865,-0.6315261471322604
6230,-0.4225965037690167,-0.41532903150274875
6231,0.39742232658235577,-0.5128259977899033
6232,0.1498403026283114,-0.5016302250577959
6233,-0.5417903055528939,-0.5672482269871247
6234,-0.25130963432774495,-0.5588758528578742
6235,0.22647042770731088,-0.327627805386529
6236,-0.5644007641493547,-0.3831148948828263
6237,0.28899994606830265,-0.41591119595886505
6238,-0.15172554081767303,-0.42913095054933825
6239,-0.14531870248037276,-0.2832086522209055
6240,-0.07331484486388176,-0.49499522767852144
6241,0.5544469648163006,-0.5841883183497643
6242,-0.32727718879382567,-0.5545770029200424
6243,-0.08832768979973599,-0.5915186640516539
6244,-0.13492150793166924,-0.3070521593369626
6245,-0.05082853356704543,-0.5358742603841189
6246,0.2563597665635433,-0.4684765542319253
6247,0.32605816463573506,-0.41151743580780314
6248,0.36006702680552755,-0.38232297610725646
6249,-0.15703301251883717,-0.48051310568825356
6250,-0.18801669062661427,-0.4866835037254769
6251,-0.07508981042439022,-0.5812552946542133
6252,-0.015677914865242143,-0.6041458333477984
6253,0.721501138972319,-0.4259453395681879
6254,0.3461988120170376,-0.394594888602566
6255,0.40060994040387626,-0.5017509139572975
6256,-1.1910262124822708,-0.41501858325400703
6257,0.06182460088854123,-0.517500292434085
6258,-0.3940394438944659,-0.51143535996983
6259,0.12187685071294523,-0.43763770633328475
6260,-1.0253320579695577,-0.184291485434259
6261,-0.6234471360201256,-0.25202057750891965
6262,-0.3641764356204972,-0.18213801831628648
6263,0.2897561997522532,-0.33586691428783305
6264,-1.1235265366253053,0.5812855386707487
6265,-0.14143632010770502,0.43055688897256844
6266,0.004053955162229926,-0.5056760146773551
6267,-0.3956295196666909,-0.492440011703733
6268,0.07581875356451015,-0.43824614625314096
6269,0.5367251663136976,-0.38879371800116386
6270,-0.7568827730218028,-0.44310243852126463
6271,-1.0808872034198218,0.8405774782431371
6272,0.2764444140914024,-0.19236586431169606
6273,0.4362916428717047,-0.3302884234488843
6274,1.3054658296737653,0.08759505723209732
6275,0.14978590647493895,-0.24300583129070977
6276,0.9321459989287859,0.13644511010852095
6277,0.13988415106620333,-0.11434587084820264
6278,-0.45393766462959867,-0.18697990186426366
6279,-0.3129039385819284,-0.2520514295460291
6280,-0.4257112399062157,-0.4090369066233893
6281,0.5866054897511255,-0.5665790883420494
6282,0.33649230476877273,-0.5401470793904026
6283,-0.6215608114105409,-0.33261066655735816
6284,-1.1286726089066397,-0.3055576060955737
6285,-0.4182391980288671,-0.04679215107822061
6286,0.35390159524004716,-0.5486766413174461
6287,0.1595974475058551,-0.5946291118979383
6288,0.5537459235270381,-0.6485102121593874
6289,-0.35164834719655125,-0.38509452528465515
6290,-0.7104952139735384,-0.5021349171813922
6291,-0.3301082955593691,-0.5765726632323427
6292,0.04358191131665413,-0.5752831820518616
6293,0.5549966502755981,-0.5792085358788353
6294,-0.9337135877782695,-0.3922519182848447
6295,-0.9513666021979926,-0.1876080806351746
6296,-0.10343795931526945,0.7346379343315391
6297,0.15918961302967294,-0.5045771404487573
6298,-0.561284782026608,-0.24376990600076717
6299,0.14625370352867836,-0.3190004903233752
6300,-0.059721156292232146,-0.44620328452799995
6301,0.9021165290652371,-0.21555816789060261
6302,0.19640057143425416,-0.5066560972593369
6303,-0.465316462710858,-0.4680270237060665
6304,-0.6906218866700362,-0.4962941422537683
6305,0.4490562905271461,-0.4971703582060242
6306,-0.6275685794032736,-0.49321351147298453
6307,-0.33279181500357974,-0.40458693009432894
6308,-0.13076031159801574,-0.2893348142833137
6309,0.5007016266609998,-0.6231478969094116
6310,-0.4659412155622887,-0.22780661894885415
6311,0.1874049735777654,-0.5048584937775369
6312,0.43722556683759856,-0.3151194509332603
6313,0.4431460837914161,-0.43806961402170397
6314,0.28961573421280506,-0.43855034014266026
6315,0.4492696532703678,-0.44866094778556237
6316,-0.5113404689193201,-0.41154332117382175
6317,-0.3184495334865071,-0.5463273206643511
6318,-0.27798638427643374,-0.5176341394180717
6319,1.0504715153897435,-0.5371211255099232
6320,-0.7181927793932057,-0.4966784867162381
6321,1.041346106936024,-0.031364685789039046
6322,-0.9512915903989448,-0.5048595226512639
6323,0.014048971937424335,-0.5791511950697509
6324,-0.16079294479905176,-0.650785533133009
6325,0.3732762409906412,-0.541869028560564
6326,0.2197026274857535,-0.5891331931103874
6327,0.28028791936271924,-0.4277432264150797
6328,0.05060503012526159,-0.6224591097726178
6329,0.3292965159921668,-0.5349387141831028
6330,0.0417999081085584,-0.5291365685256383
6331,-0.6297740913267456,-0.41420040455137586
6332,-0.6651398253171864,-0.38177482715244154
6333,-0.772341580209956,-0.33016212922215016
6334,-0.034880485468258476,-0.06776176015457618
6335,0.004729899556527412,-0.3647439299833217
6336,0.5150737545193664,-0.24321899861463223
6337,-1.4334480361399298,-0.343902689151496
6338,0.14354815178139368,-0.38604755322788054
6339,0.6183947579897432,-0.32013891219058693
6340,0.7520357093519136,-0.3142996257926864
6341,-0.7795425440871696,-0.401559528524613
6342,-0.0032815935679008828,-0.4417126292885756
6343,0.4041990464440422,-0.4562876533863396
6344,0.05410027955304657,-0.37759248027790654
6345,-0.18481564343550536,-0.5436457947460344
6346,0.42789732610103626,-0.5372083325128564
6347,0.5160292576607998,-0.3866479535000869
6348,-0.06464052504943342,-0.2802208238485011
6349,0.34372782070455954,-0.5942203853535559
6350,0.11776214852989478,-0.43529116637285115
6351,-0.3191773617318252,-0.40612762527922786
6352,-1.0911266108387188,-0.4385667688495667
6353,-0.45055736432326216,0.08873282029249639
6354,0.6956335756337295,-0.4601043994661947
6355,-0.23629130510237722,-0.44691725940157967
6356,0.5567644045270321,-0.5601952085915436
6357,-0.1329021624366703,-0.5401892823677766
6358,0.2764391386032305,-0.6122707402042963
6359,1.2548046106579005,-0.14751208933250637
6360,1.164970694047941,0.1157041715110306
6361,0.03795299301317108,-0.21500234732734647
6362,0.37857809993670366,0.14321244202596045
6363,0.43700587309854755,-0.09918987709391142
6364,-0.20771925393308688,-0.5298132927661915
6365,-1.3903975123395356,-0.06559213652853962
6366,-2.9416669163185585,1.1162412414589618
6367,-0.33505727093413573,0.46062750416462367
6368,-0.4610107185583378,1.1231852669672846
6369,1.2704097294586831,1.05450785279844
6370,0.35490607727723,0.293418952635342
6371,-1.0495847310065016,-0.3083306625030484
6372,1.6475203210608043,-0.09878057371865295
6373,-0.3037610969364552,-0.6207084017496309
6374,-0.6824641346369189,-0.5506057261779644
6375,-1.1700287015857287,-0.38539799244391637
6376,-1.790676617494734,1.3432973421473917
6377,-0.9704762688586459,0.6864029519155176
6378,-1.136800480878058,0.583180860539443
6379,0.5578784268092398,0.26840673824045047
6380,0.24685472414569787,-0.21006470128495322
6381,-0.42955933473739394,-0.3500868354567328
6382,-0.2231530553118718,-0.41364805813523053
6383,-2.3762342221039763,0.8382331112127743
6384,1.9981751551487539,0.22227341048776303
6385,-0.7582999998976527,0.03871449945991853
6386,-0.06253644653018967,-0.3591218302309581
6387,-2.1278561586642284,0.5442241470342976
6388,-2.610801875765422,9.842382698433198
6389,0.043296574207541794,1.4521684197839124
6390,-1.1979487323393148,0.46759238042459494
6391,-1.6217124471153006,2.249159127533161
6392,-1.15378081586628,6.1940562858200305
6393,-5.007060976819755,3.327411861161698
6394,-1.2648340025919167,4.336122800397653
6395,0.31838403905100476,3.655335746020745
6396,2.092620437072498,1.2779270399980411
6397,2.4519399450976165,2.5516682819061547
6398,-0.34290924221083297,0.4959892765551587
6399,-2.6465861088679627,0.9015937011932877
6400,0.9666967737371721,0.2680501584273794
6401,1.013096795393779,0.1864087755253105
6402,0.22676524429907963,0.2003304304456872
6403,0.38637117760900147,0.15289252343270693
6404,0.642061083419076,0.2418992291280029
6405,-0.9952624854167503,0.1435621971387808
6406,-0.2515675170146358,0.20833787739101306
6407,-0.6460265372250307,-0.15613796043004746
6408,0.548637709760281,0.6821601815040838
6409,1.070195351328481,-0.2295850379992093
6410,0.5391968462237632,-0.333872972426988
6411,-0.254513566154395,-0.21026828783690985
6412,-0.11771501809003483,-0.36235027764860844
6413,0.40086566178702376,-0.231771878359989
6414,0.009870011041606064,-0.5032244554485841
6415,-0.25766819587902456,-0.26286880821807307
6416,-0.5729840100485767,-0.47841009799175765
6417,1.2650031997414477,-0.2323432859273871
6418,1.1561311553067481,-0.16658026317178556
6419,-0.34111106995457163,-0.24377020518823234
6420,1.058629378603607,0.3024891825987117
6421,0.7683436422389479,0.11375159741422829
6422,0.35731281251276026,-0.3017042852581314
6423,-0.21419305023054583,-0.43123153155148664
6424,-0.018130037853175015,-0.0198775740831616
6425,1.0024138579856305,-0.16875744414213023
6426,-0.08187390325953277,-0.39043496431738656
6427,0.23496347117229596,-0.2801475855483712
6428,-0.9495113092827464,-0.10274618062692366
6429,1.0275343009913493,-0.5065100899053527
6430,0.08293613425076864,-0.4162419323907363
6431,1.0961289127055758,0.16682983077775027
6432,-0.7058132659987774,-0.3110420200271932
6433,-0.20936403345159335,-0.42307076872812566
6434,0.4266284397064617,-0.4548817123953334
6435,0.4101186774053541,-0.3982478693420035
6436,0.41256994160725896,0.04021359435880484
6437,-0.8446041228121356,-0.3591806216168783
6438,-0.14425582643112034,-0.50964873814754
6439,0.6636375740422572,-0.27272340086664265
6440,0.1199213740358587,-0.5699354139210143
6441,0.22127112461702073,-0.3813281605275426
6442,-0.022708612263873076,-0.5667276149659977
6443,0.7580762471824164,-0.13560606989454727
6444,-0.0911465810405485,0.12441475312067839
6445,0.2524529895413368,-0.40841569522472326
6446,-0.3977590229650479,-0.228602500325985
6447,1.1696229490626833,-0.09117887485088723
6448,0.04878064650782165,-0.4182553610636876
6449,-0.3863571608591699,-0.2563844861751543
6450,0.30874996273892125,-0.5149065470650316
6451,0.4490372181305658,-0.4116238439670897
6452,0.32664226850819583,-0.09898101537835303
6453,0.16209738351677586,-0.2739386067799877
6454,-0.03694445933748888,-0.1333688510909723
6455,0.43317023490908246,0.19711389021536022
6456,0.012184409245606723,-0.17083681075071622
6457,0.05660666580740832,2.9971713234911816
6458,0.13126612390633072,-0.16040894741916994
6459,1.6267310642842918,0.25270780200683585
6460,-0.15449960727757528,-0.022070335723378066
6461,1.3842450873611027,0.6814777778238031
6462,-0.8193232584062397,0.24056072406317622
6463,0.8034115731015353,0.1525805419440005
6464,0.5787186960676063,-0.04767075921550207
6465,0.5624190515756071,0.052395945414972465
6466,0.06558920922022214,0.706694898527486
6467,1.0570572259144813,-0.09760142020907998
6468,-1.7086589768779554,0.27044634784286314
6469,-0.6337772309980523,0.48038730433079047
6470,1.141415551072584,-0.4035662669424936
6471,-0.27419140119170266,-0.5051654169221638
6472,0.07635123955033599,-0.31299807072417357
6473,-0.666554545345957,-0.24117018402660648
6474,-0.6140459770733186,-0.18726931698140686
6475,-0.7908488056232723,0.08223206365374464
6476,-0.24629430797837276,-0.04739691592850834
6477,-0.0189432901760704,-0.3760344442290596
6478,1.2576203674542377,-0.31544376025534054
6479,-0.9182320601565354,-0.17470714152693428
6480,-0.9628824425413876,-0.48009313146308896
6481,0.31298910085214493,-0.46035825414619985
6482,-0.3300620176350834,-0.48863749520868305
6483,0.3310558959432593,-0.44380326942445697
6484,-0.6372717257867968,-0.4897788957636217
6485,0.3679817511922514,-0.35766962564284993
6486,-0.26546032193753083,-0.5254930681838216
6487,0.6314957936195743,-0.5144368775298438
6488,0.11087787340997947,-0.6067576060120036
6489,0.6066771797744828,-0.49755387469442036
6490,-0.6755859268478157,-0.5856693928827599
6491,-0.39234549507812894,-0.561467199494939
6492,-0.0033612741146652482,-0.5339865170965719
6493,0.8783923501261017,-0.5183760356606496
6494,-0.3306363577134556,-0.4617108553471263
6495,-0.8401974437192038,-0.43530107976879523
6496,0.3323059921199316,-0.4866895729728444
6497,-0.28987623815018115,-0.5574994691745264
6498,0.6350109651797848,-0.5369384595168026
6499,-0.9190286663267554,-0.2275880886469948
6500,0.650178672515139,-0.46936863682729957
6501,-0.00012433327135569257,-0.44071817660839263
6502,-0.3780759428147416,-0.5738897372321241
6503,-0.9420783325988249,-0.383993321416379
6504,0.5631637469835623,0.06914616605508225
6505,0.9575571774845736,-0.38926963761330624
6506,1.174077644059065,-0.4498095663650507
6507,-0.21683238995769652,-0.33174502662174254
6508,-0.8449871228853044,-0.5766727819447109
6509,0.022039544329267614,-0.5430576154176037
6510,0.20399863405649935,-0.5471283868008507
6511,0.10912975594283773,-0.5675938434280798
6512,0.4854865575027996,-0.39765418343793757
6513,0.09215621533857994,-0.5032931002964943
6514,0.5000093370618357,-0.5359023018947557
6515,0.9442168920974963,-0.5675534926719635
6516,-0.08385888191221595,-0.5502646853183628
6517,0.43761227066945607,-0.3970568043317367
6518,0.18619518024151854,-0.5755825354884901
6519,-0.7983790958321378,-0.38742657457491425
6520,0.012811353509671566,-0.5927469819680491
6521,0.2664327276210699,-0.5456836549078871
6522,0.19143787971423543,-0.4327319408200566
6523,0.2613074906390602,-0.44007013038108894
6524,0.14699465670424736,-0.6008468630850516
6525,0.6043933602159444,-0.44293661106887583
6526,-0.055540191763325746,-0.5841108129082655
6527,-0.29350824896759425,-0.4784037360822001
6528,-0.21941825978428636,-0.5548577564975409
6529,0.6697858908023122,-0.5959059551671705
6530,1.5982609130947782,0.0641503742703364
6531,-0.8257960676426863,-0.38063139378695765
6532,0.3066811842327763,-0.4189282340366552
6533,0.013010896793854771,-0.45565593465822035
6534,-0.2187520352343611,-0.4711040770128522
6535,-0.23032474242774306,-0.4861465400374195
6536,0.3243812969307841,-0.633906477374144
6537,-0.34185255290020367,-0.5847947374926747
6538,-0.3097163356850224,-0.11412264799566643
6539,0.273374786726854,-0.5771081350948191
6540,0.13648282921710636,-0.5197636252638008
6541,-0.6806056208642071,-0.4185206610660416
6542,0.11659014875397825,-0.582447187258671
6543,0.7408718402038794,-0.5509772834469355
6544,0.6692886835793733,-0.4012414883613281
6545,-0.3908127718157304,-0.6154767483025685
6546,0.4351058656609885,-0.45020372286087396
6547,-0.007290291957130324,-0.6157464884045946
6548,0.3284548686081613,-0.4279191853451596
6549,-0.31910833163491775,-0.3546596700448274
6550,-0.17016193571132723,-0.45947191104481183
6551,0.2997220350994237,-0.34448935872909153
6552,0.22352636064483813,-0.5738251361395627
6553,0.7238386444365154,-0.020598143802921354
6554,-0.5484012638453197,-0.5941258611486376
6555,0.2353669193163945,-0.3517097992080107
6556,0.07437450924279543,-0.28321616538962924
6557,0.5192804208488806,-0.43311562492537264
6558,-0.3253055519088535,-0.37388616698128296
6559,-0.00742284147027576,-0.6029940055115062
6560,-0.3321896469255924,-0.397332957981189
6561,0.3769181736142268,-0.43021341264369406
6562,-0.3901691053661581,-0.5909726789083891
6563,-0.3347674288860507,-0.4672376340449786
6564,0.2946883095636371,-0.28042109358308864
6565,-0.460424538130745,-0.5425653789644982
6566,0.49390540644972136,-0.5080011722226221
6567,0.2318089418955262,-0.5383499566808224
6568,-0.5750947208384435,-0.4830320715608593
6569,-0.2550234442475941,-0.337923540428961
6570,-0.5241418581899369,-0.349419931942041
6571,0.5646958737949721,-0.5173191429974537
6572,0.036831996850746875,-0.5933672485989656
6573,-0.37582981420785716,-0.6251837545060022
6574,-0.3896236044393099,-0.5498382497667992
6575,0.7140344503165226,-0.3081514715894287
6576,0.5202984015009576,-0.44003379220221445
6577,-0.7916440463559791,-0.5665221633662529
6578,0.07862880821998046,-0.6054472096910235
6579,0.47180015058985597,-0.4757989453477275
6580,0.5492824164641107,-0.40668638137791924
6581,-0.554573663629192,-0.49515473372901586
6582,-0.03607088915236204,-0.5458565433401966
6583,0.4926675605982686,-0.6234448652845677
6584,0.0923327509708853,-0.5326640655481937
6585,-0.4072331396008455,-0.43534809830093
6586,0.31699913592954077,-0.5446758974764387
6587,0.0977834921228471,-0.4627442488174623
6588,0.14015192029073467,-0.6673786699404078
6589,0.30803197318395126,-0.6330015279608522
6590,-0.2294950775060176,-0.54213179260671
6591,-0.1585069891231302,-0.6301120213215922
6592,0.16797338311945306,-0.6604683580084566
6593,0.31818777649283086,-0.5093986387717574
6594,-0.2588968547138686,-0.3175483052137989
6595,-0.7279533937254896,-0.4620519847338167
6596,-0.08460932545692806,-0.6457202943640781
6597,-0.22255075543202174,-0.474081768093055
6598,-0.02285718537796959,-0.5068161120912955
6599,-0.8380900660902064,-0.41867007825832814
6600,0.03490829074164727,-0.38388297096624713
6601,-0.023463000394314634,-0.44748174760833004
6602,-0.09027434737169417,-0.6283176798723404
6603,0.09631595732710338,-0.5125781326041102
6604,-0.02229955246684707,-0.5532125999809019
6605,0.6591761767701283,-0.4318431209238778
6606,0.32060142828485305,-0.5972315065467343
6607,-0.8616937348491233,-0.3177227876013806
6608,0.011577070590625505,-0.5821541469136808
6609,0.4093678592525354,-0.5640448594273275
6610,-0.5260718052843923,-0.45003171566850964
6611,-0.21125775070939581,-0.5736139642697874
6612,0.007415995989628014,-0.4763072867039002
6613,0.3587807329383963,-0.5923495790526941
6614,-0.14510591074197024,-0.5178895068865699
6615,-0.05392773794469543,-0.5964751670108714
6616,0.25238359968481267,-0.6593811818606079
6617,0.6592549604902002,-0.5154663379771521
6618,0.2021150197744531,-0.6058010625148921
6619,-0.4612864172395214,-0.6316028721081478
6620,0.5406580201003361,-0.5590380886112909
6621,-0.47773606566883436,-0.5120855430339531
6622,-0.2855197839013825,-0.4534532823013926
6623,0.7433944118210222,-0.5444404761102579
6624,0.12722472682988661,-0.5503296333891897
6625,-0.16930672934292862,-0.5621738973671252
6626,-0.4324013608437896,-0.34454443743870433
6627,0.2545316639969001,-0.5683386714224833
6628,-0.4886991649836571,-0.5590979585177102
6629,-0.2269484465247981,-0.5619355586088801
6630,-0.1518577272261266,-0.30760632981578684
6631,0.1758766638461105,-0.49191800296050525
6632,-0.24412752093251483,-0.23849971805307002
6633,-0.04570145367827506,-0.3795215010833017
6634,-0.14396868604947252,-0.559311441191101
6635,-0.6120268274143543,-0.11010410430215276
6636,-0.8368087565550397,0.6273644211474158
6637,0.17199899531236743,-0.38466025014331967
6638,0.028147307590617118,-0.5179632724694648
6639,-0.4871322777565631,-0.5433090472034441
6640,0.09835042140374782,-0.6465155376574081
6641,1.2289665411055437,-0.29941202204859957
6642,-0.050626029965610976,-0.43318747460968465
6643,0.45061448930329107,-0.2730598936661233
6644,0.6282284575259882,-0.17247770628235626
6645,0.2554890193739185,-0.508190244017511
6646,0.2945129311393312,-0.494517538000596
6647,0.445577683452189,-0.4595148093455517
6648,-0.5364050699696961,-0.21111185332208546
6649,-0.33661030248499957,-0.38577761231745794
6650,0.6567327632770263,-0.3200897264902227
6651,-0.10658272026399568,-0.5087627270924485
6652,0.3366454122174868,-0.6241061257692461
6653,1.0642942469252292,-0.20462456950870073
6654,-1.2404435519710793,0.5517082520793315
6655,0.39216270470847164,-0.1599243845631188
6656,0.13569907478894425,-0.4050988924458867
6657,0.19369339576297623,-0.4511718145473209
6658,0.3134657460175034,-0.32729175635483826
6659,0.7946362173550316,-0.1216453673298642
6660,-0.0703890727931526,-0.5184290674591747
6661,0.08107066236763733,-0.5143375665798058
6662,-0.22793536097576514,-0.4986759530620366
6663,0.8867484794370962,-0.09518829308635286
6664,-0.16005069554232673,0.04413168742846678
6665,0.2587188040591711,-0.47774159249955017
6666,0.1614282454604954,-0.550173056832422
6667,0.02074867665096327,-0.4881991958533341
6668,0.22556516256605538,-0.5618063374541676
6669,-0.12848455640386522,-0.41026863603514174
6670,-0.5392450158244055,-0.449893536799089
6671,0.7906486930363534,0.0038864376456534027
6672,0.0024188113145749866,-0.5889975882666905
6673,0.16863776423250745,-0.5346349062638376
6674,0.13059180317631758,-0.4958057433678592
6675,0.06932839946125269,-0.48670365289328543
6676,-0.02082236064174901,-0.5213859437075326
6677,-0.4948248783480769,-0.41435901317825147
6678,0.578806807266363,-0.6401349410124229
6679,0.20197511221122982,-0.5213768698481978
6680,-0.06501175244322487,-0.5344961898249504
6681,-0.14631520598706646,-0.5716581191618655
6682,-0.5049239437325097,-0.4583491019894124
6683,0.5327731532330753,-0.4642546860641088
6684,0.17205066291173826,-0.6513830124165083
6685,-0.031773882831915186,-0.6093443808592087
6686,0.0012730638732939199,-0.4941678991821805
6687,-1.545897638553675,-0.26712561996415124
6688,-0.06022916036617415,-0.5149223562969509
6689,-0.41582555684895894,-0.34605793848222477
6690,-0.5484433520921598,-0.46214003515169866
6691,-0.21339927441838602,-0.4689430499390737
6692,0.013818048040436268,-0.5759659215070925
6693,-0.03737940679688807,-0.43764344515885933
6694,0.14326824841683927,-0.5734284768029552
6695,-0.20377222691258165,-0.5078288196854986
6696,0.062285140969786795,-0.29637251649432256
6697,0.029851421426301466,-0.4218553084288674
6698,-0.21617203046174005,-0.4188388104243997
6699,-0.5168210318729483,-0.36143043166788813
6700,0.2853337747947922,-0.28420924608751763
6701,-0.5182146332578458,-0.5605372678851519
6702,-0.4885109422125064,-0.5478106705275212
6703,0.6927011177524105,-0.5807444070632828
6704,-0.11221267395296015,-0.6310498073767115
6705,-0.6902289565565932,-0.29799997458441074
6706,0.02961112594058194,-0.6411565864620176
6707,-0.5754605543964624,-0.15035791377522925
6708,0.10389539855442267,-0.42834980332841505
6709,0.4475881882629727,-0.42082033597601937
6710,0.658498901709154,-0.591038158238574
6711,-0.1241854204861028,-0.35653861837072265
6712,-0.44138471305294985,-0.44862582216710906
6713,-0.3278325566618403,-0.49993934875551543
6714,-0.46058705938637545,-0.47032701353891776
6715,-0.12316584906860906,-0.40775577322710554
6716,-0.03144579017525802,-0.5943895288748627
6717,-0.31681806270554635,-0.5542718511734858
6718,-0.1494045602219194,-0.49916431000097394
6719,0.013263488901202283,-0.30866015102818856
6720,0.49357711908081553,-0.500776442793256
6721,0.29787309463282635,-0.3877310231684593
6722,0.6011765794311899,-0.5484235940328955
6723,-0.4716514268701431,-0.5568927675920387
6724,-0.25424473178404666,-0.5529675348403428
6725,0.3669760337792608,-0.577427522968748
6726,-0.011770152895461603,-0.3773436222319504
6727,0.0447917128540165,-0.4352617800915622
6728,-0.3600329754281851,-0.5926805895977365
6729,0.8923243413095929,-0.5002287813659569
6730,0.825814171832598,-0.36757795999041504
6731,0.07722671709978575,-0.6115223729131984
6732,0.7101052406515447,-0.4477842423570407
6733,1.645852015190012,0.3930187445605723
6734,-0.06025380431581584,0.560484148997359
6735,1.9549192506613287,0.6563927160712874
6736,0.010911726270016875,0.9706450830847637
6737,0.5081464538810989,0.29237425627665226
6738,-0.23622787587114705,-0.1480354008076239
6739,0.6714980508319293,-0.09635026635514865
6740,0.15914787613209247,-0.13744740776753436
6741,0.7175484273150959,0.020987555669466845
6742,-0.362373608128,-0.2651450763930291
6743,-0.909793050722185,-0.23497939711766083
6744,-0.0019160179539391873,-0.2621839540815422
6745,1.2340545971659231,-0.23865802981420706
6746,-0.16625490777386312,-0.45372122465086373
6747,-0.6847867849688636,-0.3109078556022994
6748,-0.5017553986261003,-0.24883496367421032
6749,-0.5586595983373489,0.798194064448693
6750,-1.2810421227588795,0.3220110498999572
6751,1.4421357549925145,0.2469958610097106
6752,0.27810814502460707,-0.3369916080865881
6753,0.6830523366469063,-0.1057017618454463
6754,-0.6169192172954873,-0.20070508981305163
6755,1.1087459350706301,0.16171333850326575
6756,0.23825948734010757,-0.35311416904248427
6757,-0.785800199237877,-0.19820085215114364
6758,-0.11428361513753371,-0.42123955380500844
6759,0.9676442279700085,-0.444382897189562
6760,0.9459051364913698,0.203544150467662
6761,0.24936301929341517,-0.15257215695603335
6762,-1.0926057125318314,0.010054703521115005
6763,1.8891789964620345,0.1174136225090958
6764,0.014236661714885537,-0.07886620036220933
6765,-0.28603773401618854,-0.09308877691167852
6766,0.14782895488065073,-0.4302413487931051
6767,0.3431600886333369,-0.08548501496845368
6768,0.09931349623606224,-0.43910484776375214
6769,-0.47836048245547586,-0.46050351999734246
6770,0.41387845421365077,-0.4188325558683054
6771,0.08525265347278121,-0.2168680385244773
6772,0.34594786117785664,-0.47590750762539485
6773,-1.0226572107878702,-0.3820500834299839
6774,0.29673744408673036,-0.44405459291327787
6775,0.03316853191280225,-0.33943793325476274
6776,0.9312775721476527,-0.5128444485386617
6777,-0.034245437613319246,-0.5566137684062124
6778,0.1682856299795814,-0.44083258124125757
6779,1.7149811581720358,1.0095110785717991
6780,4.216734844048218,2.150097868501758
6781,-1.4981986917547203,1.4989522031368434
6782,0.4561780465551212,0.22701773701327155
6783,0.1831850900082711,0.9457539521146612
6784,0.9799705089015528,0.08254376850708946
6785,-0.1920373163476907,1.603066069560923
6786,0.16152168175085535,0.05411434177563613
6787,-1.1827656965820474,0.3285127225307405
6788,-0.04272624300289889,0.11628837653016966
6789,1.137925476076011,0.6424234775384409
6790,-0.21746779374437097,-0.08740268960758461
6791,-0.34853110331085135,0.4266128189509674
6792,1.4798909333227142,0.9939137408809096
6793,-0.7813906980903305,0.32558644188405705
6794,-0.2036398170937419,0.05568047774927962
6795,-0.6245571403164429,0.02042079896122091
6796,0.45573734871607585,-0.15761596800523284
6797,0.17649187797245613,0.06904923727448223
6798,-0.356341253576798,-0.2848548127197589
6799,-0.8866252990460226,0.26284414210529805
6800,-0.0003481546369877106,-0.31198817686484953
6801,-0.0456851148120971,-0.43097636600610706
6802,-0.06082629806154569,-0.5847215887549005
6803,-0.9341422770389876,-0.17196805089375083
6804,0.017600969716988,-0.47321834204101554
6805,-0.30504013549501624,-0.4662573223753881
6806,0.22281411103309576,-0.5567460215095176
6807,-0.526729811273104,-0.40421090090177975
6808,-0.1669065591178579,-0.4081251827185715
6809,0.3512135193146904,-0.3962331060179677
6810,0.06449313427439364,-0.4523682631752733
6811,-0.14578367202806414,-0.49239862683681657
6812,-0.7628761199245576,0.16758558925271239
6813,-0.2976120405638853,-0.29748413404293195
6814,-0.26245127070100077,-0.15033583006314155
6815,-1.2597600048397002,-0.1220967387705573
6816,1.1125565628915561,-0.4333035217299502
6817,0.6136221951175791,-0.3419689538294324
6818,-0.1464583918922655,-0.528787806959864
6819,-0.5762327626857475,-0.5021342689365217
6820,0.5575680050711819,-0.4701300612898126
6821,-1.1409089079123338,-0.25997768279602046
6822,0.2367822912880597,-0.22448937584953682
6823,-0.08426955439516731,-0.39791526742297095
6824,-0.44332669181062306,-0.4577949274839757
6825,0.20539190096248838,-0.3762717723230354
6826,-0.6954601488195307,-0.08998726918828825
6827,0.3803952835586579,0.33706016875348105
6828,0.49005228178248833,-0.07654842653447909
6829,0.2865425160977752,-0.23205690633960357
6830,0.9616007474589418,-0.387429914969579
6831,-0.0559832200112959,-0.40553949215491836
6832,-0.36300435552700433,-0.5035022959096653
6833,-0.9131388679425753,0.13467073068747676
6834,0.5090392313299319,-0.32224069181646475
6835,0.22607141574177464,-0.08853700745690318
6836,1.8938304200216363,1.3107075284084726
6837,1.2329486238908447,1.7128857241967743
6838,-0.6088292343640288,0.8169176274418362
6839,-0.5644717697033111,0.05897162744852842
6840,0.4589809923624423,0.050290301272462014
6841,1.0211353137517436,0.009543694107601492
6842,0.3748964038695051,0.4538353818782566
6843,0.20836030303716727,-0.13678292263870376
6844,-1.015332827055528,0.6270350617298204
6845,-3.173766468935741,1.9942353184052957
6846,1.1942599786434287,0.9290887474865511
6847,-0.814994764137515,0.21830002253163197
6848,-1.0173533106078114,0.11515723355699921
6849,-1.1139468962825905,0.46017810467904063
6850,0.11552996522139175,0.20363325719279807
6851,2.044052438484827,0.3898215008858147
6852,-0.24597012110042754,-0.26575531443381084
6853,-1.285314517194937,1.085391281358649
6854,0.9756946189643333,-0.23051561521634042
6855,0.7347277181682422,-0.191747506635408
6856,-0.37171367389320303,-0.01003456091962383
6857,-0.32737653909109715,-0.32007840184865133
6858,-0.6217542849938745,-0.2813657007985482
6859,1.1169606798508334,-0.02484878565685261
6860,-0.4239107016335853,-0.38789727843580757
6861,-0.038893634523189856,-0.5268871732197268
6862,-0.24293181666277439,-0.5109176111712361
6863,-0.2430252512349869,-0.47267947896959583
6864,0.7479221962456066,-0.5365199165285673
6865,0.7179065008722553,-0.5774661311993317
6866,1.243151708325789,0.25436164308112347
6867,0.6083472070170931,-0.08166757110877106
6868,1.3448337203495264,0.116697781764397
6869,-0.047439687800503984,1.318983913009467
6870,-1.1942900265575418,0.48213139402590277
6871,-0.9611103509184861,0.03894808056922248
6872,0.6731733617266887,-0.4684502891263247
6873,0.5304274417557405,-0.4797812900957148
6874,1.0597255706400133,-0.3133768113096654
6875,-0.5615316391972633,-0.1797836445619949
6876,0.4730309887901014,0.29421540200778074
6877,-0.07124103223288465,-0.4170669437364735
6878,-0.1566976951642502,-0.3798991584550784
6879,1.5830689222087784,0.5915436201518913
6880,0.2834265144920349,-0.30333933508072874
6881,-1.009822705280421,-0.13273281753913072
6882,0.10604503647848057,-0.12725560752725618
6883,0.0035945210765772036,-0.2561219266538825
6884,0.5741645243679446,-0.38968345511877267
6885,0.924083631007225,-0.066407604164273
6886,0.40370588216965075,-0.4180822409273521
6887,-0.48490800092216296,-0.24852871214483335
6888,-0.6936519103676373,0.7996976667728538
6889,-0.2141650727649142,-0.3052036947963052
6890,-0.5502816440465889,-0.4133973522235243
6891,-0.31024557651950535,-0.005403216879367532
6892,-0.4460688957702488,-0.361225051833723
6893,-0.07373600354781294,-0.2971622199226024
6894,-0.24492133449529416,-0.3669778128389896
6895,0.8583738763438427,-0.3469387404988399
6896,-0.4495589212022828,-0.5686717889308063
6897,-0.10613024150595306,-0.47466062901007805
6898,0.17988277384976542,-0.47433222577048534
6899,0.8459284675769471,-0.49078305918869
6900,0.24022994031935027,-0.38267643771344223
6901,-0.34461796038231735,-0.17542257878192832
6902,0.33793071141196984,-0.4937715817838211
6903,-0.5878567392603801,-0.34510879113070514
6904,0.09867158113576531,-0.48960810340255523
6905,-0.1638780759390012,-0.43128435630743434
6906,0.07865134487254362,-0.4601017599074115
6907,-0.42353825293891345,-0.3715578528518771
6908,0.6982900175526733,-0.5872267099649016
6909,-0.6416667344543932,-0.4922042030929435
6910,0.04798880729123814,-0.6269789185841819
6911,0.6469408808768687,-0.4125284317803482
6912,-0.1677574878602965,-0.33144630277626264
6913,-0.1607371531205651,-0.3101098645626989
6914,0.6123079621145413,-0.45643456738877947
6915,0.45148914708138627,-0.009890849185175422
6916,-0.2946396888713209,-0.32332069974982114
6917,0.21746144144023294,-0.23753555297920137
6918,-0.12355236360410307,-0.11704410367613112
6919,0.5469853438321713,-0.33242453018037205
6920,-0.3470245917699899,-0.15246294936590415
6921,0.3321539521512949,-0.32202387920268577
6922,-0.34901220602050104,-0.1243917824255486
6923,-0.3230499677307311,-0.23978714515919786
6924,-0.24791055058730724,-0.29569035828679124
6925,-0.7663083818373237,0.12171029015530303
6926,-0.526779768762933,0.06705545549986426
6927,0.17504358834399042,0.030606815328640718
6928,0.015682855723095825,-0.3954086160348066
6929,-0.1664898277819601,-0.434372001211126
6930,0.3545093225048507,-0.3165848807663649
6931,-0.4385508739198991,-0.47752867676378746
6932,-0.38534649467194654,-0.2578268303228101
6933,-0.418081134111098,-0.4062471352098829
6934,0.35464811054129675,-0.47624984537359766
6935,0.33498838963860755,0.368014000037216
6936,-0.5821559741368845,0.005907847229940023
6937,3.163114835296933,3.875562193947405
6938,-0.44423976513409724,0.4015918639248438
6939,-0.31830685551525006,-0.2978254822520387
6940,0.6587359911961339,0.3695439075459269
6941,-0.6675384506463267,0.6100227629363096
6942,-0.25276408463023925,-0.5054162994554577
6943,1.2378702379619302,-0.12828311258232314
6944,1.219056666365821,0.5860405495812554
6945,-0.6142037235931703,1.4474229485535122
6946,-0.765035221029846,-0.2424420286843529
6947,-0.9245701517340156,0.16965631678575277
6948,0.41916168857565145,-0.16921039376406505
6949,-0.01489736517602735,0.09530467293673497
6950,0.33105982599807293,-0.21009658966565084
6951,-1.0752360673920862,-0.23590364789072293
6952,0.8191494134821213,-0.21159826021307113
6953,-0.5628272361214729,-0.46178167205736353
6954,-0.24584813102924308,-0.1133770078572692
6955,-0.13680041773453236,-0.3050793336469455
6956,0.618662113347777,-0.5032515595614084
6957,-1.528851911027564,0.3488015061817558
6958,-1.5550898420157646,0.39116903223362975
6959,-0.8279939365552798,0.6432483419748034
6960,0.029694216234446336,0.9634771301058407
6961,0.8152516040837129,-0.3945686690302357
6962,-0.6063300390503246,-0.45942790832073027
6963,-0.16123965231609863,-0.14518119648537514
6964,0.15380945646334254,-0.4156042072337984
6965,-0.440948338676569,-0.4566360641857826
6966,-0.21866990018626148,-0.47464508718844284
6967,0.19509046506599245,0.21908407330228755
6968,0.6082659291557908,-0.4409677936876383
6969,0.14586424154819325,-0.5751684762721253
6970,-0.3447772452863746,-0.3843241493292923
6971,1.411864572376405,-0.4413254662063231
6972,-1.7675956634617285,-0.35438233885399034
6973,-0.924396171291786,0.016628312443999968
6974,-1.0783738469766855,0.07599863040857216
6975,0.6138543706799819,1.027571326754587
6976,-1.557596872141127,0.5000974220055424
6977,0.10550723448538152,-0.24554837503653515
6978,0.44150510214018107,-0.458879464256166
6979,0.39121694366944376,-0.4274557069437609
6980,0.5586790724297246,-0.35099378946441356
6981,0.3619934377178736,-0.36917260067838137
6982,-0.07212280869036286,-0.5696332604897194
6983,-0.22495037095592543,-0.2809525603181377
6984,-0.41617635405228265,-0.31659372740136876
6985,0.6483231275969327,-0.26987016310145656
6986,0.18606751464109625,-0.45675943845006567
6987,-0.5839256392664387,-0.39000199804603847
6988,-0.3686126607428372,-0.41007434499216106
6989,0.24570317974155453,0.3738111939914102
6990,0.31347200582615736,-0.41143594224844926
6991,0.3032489500429521,-0.3312886479183386
6992,-0.44565976714060873,-0.2786470607578612
6993,-0.5555569906153867,-0.5424207021902471
6994,-0.13550387234895014,0.0013468874400137942
6995,-0.06658271754489746,-0.5871477568409256
6996,-1.6807908188437795,0.9559387863705626
6997,1.0032484384477267,-0.07906588495021437
6998,-0.8575787532721063,-0.18576651535965438
6999,-0.428257971403195,-0.25318848938013455
7000,-0.019511578976238765,-0.21732993297856001
7001,-0.5392758982889766,-0.20826731651431607
7002,0.899043424759554,-0.3285940889001958
7003,-0.4685557618933142,-0.4671289317981769
7004,0.9519077097817585,-0.46242725478325075
7005,-0.7166255095393421,-0.38745263506101557
7006,0.4581288312735238,-0.6059638532504519
7007,-0.16910981086232602,-0.3851961926919371
7008,0.06380958502727117,-0.46677962302540954
7009,0.7783863753101075,-0.33237853111482835
7010,-0.37641578284719535,-0.37228157068062784
7011,-0.024494262631778407,-0.5937930889569049
7012,-0.7649432869513224,-0.3954640284303097
7013,-0.5410511860705008,0.29415779148418186
7014,-0.10647769118276829,-0.2237102918572157
7015,0.23701104739884102,0.6620375505512015
7016,-0.11491750832504884,0.195808557442909
7017,0.1727269512267765,-0.4425388020200867
7018,0.1391274524212002,-0.5559294277675476
7019,-0.3212638749824545,-0.48664841151908816
7020,-0.03307449202403113,-0.28480705765074815
7021,0.274978608550019,-0.5248733356204457
7022,-0.29595635756099875,-0.4454375493321857
7023,-0.7635784400646554,-0.4448198365029046
7024,-0.4520825826144734,0.08303414871908661
7025,-0.06587686194257347,-0.46015630482371456
7026,0.21745539558256866,-0.41662166287797775
7027,-0.3831663400903893,-0.3620456987320304
7028,-1.3676280304873416,0.547035976397491
7029,0.4679148457331359,-0.05613752923903051
7030,-0.6640999402376855,-0.4379027088094478
7031,-0.05216507415858523,0.055308342046701195
7032,0.7108735251646849,-0.2787318794044302
7033,1.3552585675175657,0.909551616976937
7034,-1.2030110886534742,-0.17176515615957821
7035,0.3372478846563376,0.06646054385136745
7036,-0.7864307494513578,-0.20183671207220194
7037,1.2469729032502013,0.07727726719777939
7038,-0.2916418881578789,-0.5554069108471419
7039,1.4317147548969933,-0.24381435327855389
7040,-0.044513103577040136,-0.15111784401567166
7041,0.3835713207748853,-0.3272076945909474
7042,-0.050989222074097285,-0.13379815067968728
7043,-0.19860894192728787,-0.3396577188297968
7044,-1.6383528104490037,0.06759012490867425
7045,0.4628446817426223,-0.470488199760914
7046,-2.0042901241120896,0.5277095965724881
7047,1.2297862300896207,0.11175942739867688
7048,1.5740198074700193,0.010478714995130667
7049,-0.20271177186184913,-0.4098837862601182
7050,0.2547987538358397,-0.4245983138285673
7051,0.5974217062588574,-0.3496188590606797
7052,0.8824851675588691,-0.4731242010006524
7053,0.6148330772644236,-0.34143461705381734
7054,-0.1292277058639087,-0.27379275425836747
7055,-1.2272044992633013,0.4671373147367987
7056,-1.2462515970133834,-0.05913662983028723
7057,-0.7419241590762776,-0.3654978115981558
7058,0.20278369809726185,-0.5258612469595325
7059,0.36530761782158416,-0.4509232119132638
7060,0.014737690459422,-0.5378211097081357
7061,-1.1882987643814902,-0.3995994758401824
7062,-2.8281632302274655,2.8492794738794656
7063,-0.5430488793262506,0.28127940238685833
7064,1.0530510003341302,0.1156516980360166
7065,-3.4719438675334606,1.6343356953593686
7066,-0.4348930650463911,3.2470037179873144
7067,0.7262010902227519,1.0022887080778085
7068,1.3938133769591463,0.47216428934588145
7069,-1.0234920479021907,0.010967687249018018
7070,-1.1366760239896814,-0.487895217118623
7071,0.9945349438401584,-0.4087303435162542
7072,-0.9638377609453543,-0.5416436252440707
7073,-0.3881719202155554,-0.13026303548073875
7074,0.3246539487089173,-0.42062599928950084
7075,-0.3661499331189265,0.04065863894046133
7076,1.6812911937566182,-0.31803497695022753
7077,-0.08104621428776902,-0.5509850168549083
7078,-1.531288233097519,-0.2497814459027853
7079,-6.64832577971058,9.91399753189265
7080,-2.3948691211580386,5.1197250752933146
7081,0.06045519931022815,9.142134733363463
7082,-0.5356313342652136,2.9700024100703217
7083,-4.976517445943138,7.158366029145489
7084,1.5987318447559589,2.646173122189223
7085,1.021106994805571,4.263410608544884
7086,0.29476019994305974,1.6810928709107387
7087,-1.0612050724406026,1.1974970858254976
7088,0.3189437194053277,1.5418666720573377
7089,-2.357302365422996,2.5197720121862575
7090,2.091657273545891,1.4065231238583182
7091,1.5929186363880725,1.2532159289165967
7092,0.6020041103496325,0.7908175194260693
7093,0.3883164320779942,0.8309069863048975
7094,0.7414767579393481,1.3481491833767947
7095,-1.6777668094380587,0.4485794144001165
7096,0.40175743868883884,0.3577424203457758
7097,1.5100059799703363,0.04669405468652887
7098,-0.3967581057832477,-0.27102144244194853
7099,-0.4522738324126859,0.02937628542134709
7100,-0.10059940842331859,-0.3280794823313411
7101,-0.2766730842905048,-0.2357772953452294
7102,-0.43460119320051904,-0.1745232462772565
7103,-0.04249859909591337,-0.4655551437086686
7104,-1.1524608781648127,0.009902522346240152
7105,1.0020187563187586,-0.33980619006435453
7106,3.5182078797486263,1.072671552399965
7107,-1.1981721605672684,0.3135159176694279
7108,1.1856968063718676,0.7170001572497167
7109,0.015313204025982585,0.38805949377177434
7110,0.26272931490521273,0.6694401267064595
7111,2.8713674479095466,1.9826153187096036
7112,-1.0465054065767658,0.41419080485407717
7113,-1.056502598163678,0.7009171598390275
7114,-0.35701586978993793,-0.11168437368357295
7115,-0.17927353755452383,1.1764147595475538
7116,-0.3883137800202544,0.26577630763077853
7117,-0.21711589852171298,0.07807135710067613
7118,0.5211118259140465,-0.11576477411654591
7119,-0.32482346475773755,0.33019118369293204
7120,-0.38484385039711133,-0.16646574454964036
7121,0.6235383923598126,0.11753466169074579
7122,0.8207826254111588,-0.39215113886892616
7123,-0.2261505806184812,0.0859618535835022
7124,-0.6440910617124797,-0.06781772484439594
7125,0.82640548825025,-0.4004869242980492
7126,0.7394076236733816,-0.3913694435441105
7127,0.4346193880712125,0.1534623809968899
7128,-0.5615188520599601,-0.08652323643050831
7129,-1.0061667529725258,-0.24569442882475523
7130,-0.2236685768553971,-0.38401315502960337
7131,-0.12672231001397918,-0.16797022947612084
7132,0.1354352107949291,-0.17600607202760193
7133,1.618562614048726,0.3275802666433655
7134,-1.6885756220394008,0.4536415523409151
7135,-0.9313591921479286,2.0655408893922527
7136,-1.3292369951677483,1.0686869093448028
7137,2.162161010468809,0.10747885138744497
7138,0.840935717066498,-0.22305090383105886
7139,1.7459666204769004,0.592671548212657
7140,0.626251135283033,0.540336354296102
7141,0.2140765630650199,0.33961299627058933
7142,-0.7932815533762145,0.20476917391928584
7143,1.83586717099106,0.6664632083092803
7144,-0.7009473017637491,0.006103465047961562
7145,-0.8756874104323943,-0.19086617397562156
7146,0.8983511452039946,0.2750667523844888
7147,-1.5190730597769948,-0.40177181566616293
7148,-1.0203022928107617,0.11887155140341216
7149,0.4968893448313182,-0.49046901850557295
7150,1.0516782080180616,-0.2368965908783489
7151,-1.5490971056457374,-0.16101680305291083
7152,-0.4341905520780624,0.027171972854135577
7153,-1.0335350555912322,-0.2864658682629173
7154,1.2817903463094535,0.059669340300003315
7155,0.4398170852173024,-0.4605347956477305
7156,-0.7837667261370883,-0.30285776869960773
7157,0.17680964654541476,-0.4081594472322184
7158,0.2298071349139791,-0.3465640155344991
7159,1.096469167571014,-0.4968445843666091
7160,0.0696017710084789,-0.5232935846630425
7161,1.3659731809297964,-0.3525837935521448
7162,-0.3638425541184946,-0.4446659744489888
7163,-0.33133977693244376,-0.44035076432159603
7164,0.7848055205513821,-0.5263822930437343
7165,0.12072755992697572,-0.5720632308344934
7166,-0.10094573140975166,-0.4467337210600736
7167,0.36276831837644535,-0.5775081665780967
7168,-0.41408759895954617,-0.6138606403698236
7169,-0.1339789303226269,-0.6253038590630421
7170,0.7791996318937552,-0.49927097337916615
7171,0.031889603659858524,-0.42307762855570663
7172,0.5350946393998869,-0.5762773109962817
7173,0.4291058275700299,-0.3196283934276044
7174,0.1574247050205736,-0.23394597400709116
7175,-0.6406625900546135,-0.4215952674554928
7176,-0.5036685276212337,0.35141438529115177
7177,0.46179353852405347,0.13360371585489544
7178,-0.6394447364553303,-0.0019902589121387746
7179,-1.2641886018402713,0.06595521165941032
7180,0.15487923629277633,-0.48862099275642357
7181,0.12124109454987195,-0.3048963700437281
7182,-0.4636489394713,-0.5164760934647122
7183,0.10561317056472212,-0.5189109629803789
7184,-0.2547866096033146,-0.457514729995372
7185,-0.41644081107836206,-0.5471760121721263
7186,0.3254020897406517,-0.5253655493067603
7187,-0.038844479010322695,-0.3332761593959481
7188,0.41184637208507835,-0.4968813989963347
7189,-0.013979680329467638,-0.5462074580553878
7190,-0.4337143376644674,-0.5930422005322776
7191,0.22379244290058897,-0.43965246523123064
7192,0.24277811624557485,-0.3361236904543185
7193,0.052196570163623675,-0.4787408730967799
7194,-0.1141356354906279,-0.6105413342633992
7195,-0.4956696536919828,-0.514741246797019
7196,0.045936626929276844,-0.5114548023520662
7197,0.3504443058517813,-0.6389159269184524
7198,-0.11160836373979777,-0.5046470312153101
7199,-0.3718493272810586,-0.32059128363981154
7200,-0.4926313250371478,0.14990463786163524
7201,0.206579186351094,-0.5342555987991018
7202,-0.3754287451974447,-0.3656832866433208
7203,-0.6761823512382198,-0.5411739137787928
7204,0.25899729516137643,-0.4037872684154994
7205,0.8530390796292076,-0.5932184992332793
7206,-0.31731318782986556,-0.5943588110435053
7207,-0.8178567833465243,-0.5533121590517461
7208,0.48855213537374426,-0.46847617215397264
7209,0.2765225258334036,-0.4047557547837811
7210,0.02904018424601317,-0.6360563987318097
7211,-0.3017522530180923,-0.41237263844073496
7212,-0.20676481245457226,-0.5461807876169593
7213,-0.04761516813897016,-0.6008019991480604
7214,-0.5036943819957397,-0.49832940945689325
7215,0.5419725178561632,-0.5674475080386069
7216,0.08256866533040559,-0.605023622853208
7217,0.17783136684903453,-0.6023124929454791
7218,-0.0344910711838808,-0.4005191408238409
7219,-0.023094745611762283,-0.5492180813248198
7220,0.1575195580159793,-0.5291704840759701
7221,-0.2577992450343547,-0.41464874351443237
7222,0.4921350465657627,-0.598533016501789
7223,-0.6359514833362224,-0.5046149577683989
7224,-0.33913429542910073,-0.6259757152697858
7225,-0.19425269600296205,-0.44530725010708067
7226,0.9135092402568432,-0.6168341295398673
7227,0.2141474985505194,-0.48435777460359203
7228,-0.3289946987176007,-0.4669656938828451
7229,-0.27299063245352095,-0.5556826574220388
7230,0.3283904568821714,-0.47465531345373646
7231,0.05767409386915026,-0.580373135585975
7232,-0.0997479409395292,-0.49422467086178
7233,-0.5228071798604588,-0.5190495205382557
7234,0.008459773866417657,-0.3021048869151761
7235,-0.17202906058548936,-0.5741551279182742
7236,-0.2424774955948726,-0.5736442733731376
7237,-0.932814250300209,0.3469385178062944
7238,0.6183176641890515,-0.25277731069188664
7239,-0.24787453657932457,-0.40013011359014317
7240,-0.7583814756872959,-0.5254506829666366
7241,-0.5296018990963003,-0.3147142256707507
7242,-0.8125535701598915,0.8720727811616649
7243,1.1038814188700448,-0.4300588171860782
7244,0.5582969370152914,-0.4690882847528169
7245,-0.7732962736553727,-0.43139396135756536
7246,0.5567906663926597,-0.4984240295718149
7247,0.9438808374957478,-0.5423848200913518
7248,-1.935264556160522,-0.3724605943750724
7249,-0.7653741158542471,-0.1918591707230979
7250,1.7573518757881166,-0.35665205578821985
7251,0.3155750507522529,-0.47746729912225594
7252,-0.150517147086293,-0.5543212200721871
7253,0.1842968443194366,-0.5848459982925689
7254,-1.2989403761832206,-0.4159307744789082
7255,-1.2817750202900036,-0.30014841458852853
7256,1.154953998099449,-0.39420441182419147
7257,0.6568353391784596,-0.6150538803307527
7258,-0.014524161920285937,-0.5918078821218686
7259,0.3539790846570204,-0.3217129149099373
7260,0.9042411963512643,-0.48023051159302355
7261,0.1361372782763216,-0.4801191957847912
7262,0.6000360921001099,-0.35136900949744265
7263,0.30755225226256805,-0.54948284392863
7264,0.0009815311313223585,-0.5413521467857653
7265,-0.8179549282544079,-0.4843063199369053
7266,0.5423914220813936,-0.49255302352393765
7267,0.1642729942849644,-0.5327925981054986
7268,-0.13750675163080414,-0.47313837217357535
7269,0.5183715485128523,-0.6482848198020076
7270,-0.37783761811141686,-0.536679279414146
7271,0.15305869493864946,-0.5890108233875803
7272,-0.06195947013910427,-0.5322676491878731
7273,0.13964282911495043,-0.6035974634713002
7274,0.6156430587891806,-0.45707764670310075
7275,-0.20526532005302772,-0.5417138651565317
7276,-0.5789130240320957,-0.4813751508034998
7277,0.15043151070179947,-0.5812323221207142
7278,-0.19730348165075115,-0.6734326473677748
7279,0.9206347315138799,-0.52037306985597
7280,0.12169632760823731,-0.6594535580143278
7281,-0.2836152523805705,-0.5749359977583088
7282,-0.2052942090382595,-0.6242831552497013
7283,0.18557581305171264,-0.6534166462064431
7284,0.2400395372137491,-0.4588853725470129
7285,0.0236983013053342,-0.6487163592861136
7286,-0.26995805741310674,-0.4339788029153246
7287,0.42911807635667215,-0.6786480431039484
7288,0.10373471179971921,-0.6311496601474418
7289,0.14824004683973005,-0.5501566060555765
7290,0.14464935762187878,-0.4154354583698009
7291,-0.40154166050991136,-0.4502917367601825
7292,0.2738387605934613,-0.5435478327479374
7293,0.7033434679511629,-0.448417358389652
7294,0.6056314348594387,0.026323067269250777
7295,-0.9131804138445727,-0.5793784936550624
7296,-0.6901638356646076,-0.30907245400608985
7297,-0.0038786810712216234,-0.37259072516887065
7298,-0.35854360208448005,-0.5399050384872006
7299,-0.10442569994272363,-0.31860093350763546
7300,-0.6424543728083862,-0.4189689114649643
7301,-0.0055159147742009805,-0.6395785131917342
7302,0.17866843853053202,-0.6298477203743413
7303,-0.7090157424690156,-0.4834621078992721
7304,-0.017866897829663955,-0.30093216376514204
7305,0.009960847665397843,-0.5991468736215503
7306,-0.048690070081426215,-0.6545777724766758
7307,-0.7536777413074529,-0.5385245717057108
7308,-0.04753446322742824,-0.273128135951146
7309,0.07665959996097675,-0.3852024080587801
7310,-0.3363511375063674,-0.4071722645404202
7311,1.2013077105923562,-0.5859097975157386
7312,-0.4993638181510822,-0.5212326359943572
7313,0.4730448711059566,-0.46679251216608963
7314,0.16220876411943244,-0.5531492667875413
7315,0.04992680576968391,-0.614941295238298
7316,-0.5018840782040332,-0.5634443622826638
7317,-0.0647517487641163,-0.3497327694256191
7318,0.3259634390053461,-0.4693883499770201
7319,0.33362936688651423,-0.629879399507891
7320,-0.31243762821999876,-0.5539227246616635
7321,0.3366004811379612,-0.5210513491982003
7322,0.888932697971769,-0.5921438981575886
7323,0.17698676238358615,-0.3406778772318937
7324,0.18943215811754044,-0.5649674948137101
7325,0.1510516036484463,-0.41185055964209516
7326,0.17240043213835574,-0.32883295003748275
7327,-0.5624493212145238,-0.009392186469381924
7328,-0.28344377807181514,-0.3520372480949193
7329,0.6011290351718787,-0.47596925887892966
7330,0.8638201051926498,0.0033168929034545227
7331,-0.3385521044346894,-0.3244511569132088
7332,0.09648136206046276,-0.38316612771925934
7333,-0.46045491228677393,-0.46298497461060867
7334,-0.4050278923242765,-0.3162631123382009
7335,-0.13576394948527293,-0.5596678668449016
7336,-0.18773589758458972,-0.5075829492592088
7337,0.3710783646709551,-0.5616553018512739
7338,0.030316925264530184,-0.5600891874997787
7339,-0.49567528266339933,-0.5288964835820399
7340,0.3791243049750662,-0.5118652579804589
7341,0.713818861268711,-0.4478574388141407
7342,-0.1627546015784404,-0.46954574654029346
7343,-0.5090228021615241,-0.5457400504249348
7344,-0.1275267927692977,-0.5240936378139289
7345,0.11350237617698763,-0.5153760041330332
7346,0.058333120507792914,-0.5463603936580367
7347,0.3948859652073608,-0.44998161697289235
7348,-0.24091343152664357,-0.5363671725257985
7349,-1.377717718223544,-0.46799586771287466
7350,0.5969024373221915,-0.610547741907429
7351,-1.0259485715405017,-0.39621707393084954
7352,-0.8408522824300091,-0.4737998169962189
7353,-1.4270069770330636,-0.39808669973750294
7354,0.3539710440436889,-0.40165042612469676
7355,-0.6657163190164473,-0.33054799277201263
7356,1.3447558958939163,-0.5599821018804584
7357,-0.46175963604438747,-0.5915402979857387
7358,0.7301293536543985,-0.6012807813750755
7359,1.3190886807302238,-0.075670572924491
7360,0.18853642584011104,-0.11648712533417345
7361,0.09506544130045264,-0.4643720329100129
7362,0.15723581739302656,-0.4536724514290821
7363,-0.17188636487886982,-0.5522592716269312
7364,0.5348924840893319,-0.5221638995745506
7365,0.6605492726168116,-0.6441854253843292
7366,-0.09831251731253139,-0.3845458696525575
7367,-0.3591050309568998,-0.41999972816743086
7368,-0.19192501521994856,-0.569384301449452
7369,0.10443011419244368,-0.5336099197924443
7370,-0.25432623993235526,-0.44942913151485864
7371,-1.4556366673781838,-0.15542646573302282
7372,0.0692126843540068,-0.3398775213645826
7373,1.7410580846907329,0.0840278796623014
7374,1.254981155655977,0.44914144031284187
7375,0.660922434236185,0.5457878920479631
7376,-0.6579903104629485,0.2453833509915092
7377,0.11206212911417071,-0.504232894842876
7378,-0.17304204318539354,-0.4584983054930198
7379,0.3014862651251064,-0.5737913694171115
7380,0.24928127911313247,-0.4034579646427075
7381,-0.2166772380913113,-0.4956329647315441
7382,-0.2984760212483824,-0.509014507030131
7383,0.6450389388812451,-0.5328408621696766
7384,0.5173493315519926,-0.15370102265085234
7385,0.2317438554513296,-0.5196619047683376
7386,0.03378054733317417,-0.35667211618590394
7387,-0.12380654486848913,-0.2489837613164399
7388,1.3794832532463932,-0.21746832123940674
7389,-0.1280184149698332,0.30966688711464296
7390,0.008312934521757926,-0.20780830658636057
7391,0.03956883671941284,-0.5619253144765748
7392,-0.004758840392572461,-0.5239545794768152
7393,0.05812722376452812,-0.0904476497596295
7394,-0.22234177357658091,-0.3778063002088874
7395,0.7449540555088354,-0.15568154661547376
7396,0.24719291506117622,-0.48746285588285615
7397,0.899014626482969,0.20508413701163505
7398,-0.14934051771260098,-0.3269806978723804
7399,-0.12300212085047212,-0.43510695215014633
7400,-0.6607091898930042,-0.43708515181917545
7401,0.6482857782648259,-0.42743489494888187
7402,0.17497120776068303,-0.1882229605731088
7403,-0.4806902624201525,-0.4466149866169578
7404,-0.06483620812122734,-0.5306599904299946
7405,0.08667385880253425,-0.5068903171712407
7406,-0.2926690290564866,-0.41440073899508034
7407,0.6200738450625346,-0.30222471374488935
7408,-0.200053606950626,-0.5833978795946319
7409,-0.7125081547224918,-0.45970970869099526
7410,-0.284636545197216,-0.2845357950099399
7411,-0.4638072123692714,-0.43256682464716095
7412,-0.44541732118470273,-0.09765639247706659
7413,1.1997730873040846,-0.4828332964439033
7414,0.16910296089315685,-0.46002812164283197
7415,-0.4061225895812905,-0.5223887109681984
7416,-0.36045385708546773,-0.23601186829214263
7417,0.3325125307291186,-0.2756055267348382
7418,-0.0890970985218344,-0.4136834244561692
7419,-0.006434006573820654,-0.4849766344004653
7420,-0.002574522689237777,-0.5776800681982784
7421,0.5505342086267371,-0.2329424316921015
7422,1.3549718492850173,0.28597886404130346
7423,-0.643227792431674,0.14929956673165828
7424,1.0691659852278128,0.16696311465147154
7425,0.7228221133968674,1.384943443431191
7426,-0.6381429366438713,0.05413367017994346
7427,0.46246312077862484,0.05692512488408323
7428,-0.6361590087351278,0.06135237645259219
7429,0.2793419901073067,-0.12013795462184527
7430,-0.7126925141297246,0.06124557800711886
7431,1.2299888038611797,0.18238123698042677
7432,-0.3362560490363096,0.15998688239526435
7433,0.1370260440438492,-0.4056794689632482
7434,0.17024012179756337,-0.4104268269730315
7435,-0.13913188767235796,-0.4708798270402731
7436,0.28588003659052225,-0.5560045490240634
7437,-0.0319519483479131,-0.0627544674095875
7438,-0.35623403424673106,-0.32705369049023625
7439,0.5844921311945598,-0.5029748008859509
7440,0.505240769659467,-0.36031122864860193
7441,-0.05617294291892872,-0.3516604221674976
7442,0.7045016717177955,-0.4289427378066357
7443,0.5842836841969986,-0.1715709196582036
7444,0.5515134363393389,0.2712495055541745
7445,-0.9487781576967653,-0.35549305752527594
7446,0.32395332518675196,-0.29201733959938175
7447,-0.5129516256349402,0.4605927045129368
7448,0.05769140653406645,-0.4163326800034555
7449,0.45275061243802506,-0.4032761390258684
7450,-0.06263598544230406,-0.2429090764216921
7451,-0.75660506587784,-0.57204605587593
7452,0.3466600518465365,-0.576257580638849
7453,-0.6441273007416075,-0.25331567616647865
7454,0.02478624120486765,-0.5826950263016366
7455,0.5501095294124805,-0.48168572040521546
7456,-0.2520795414060506,-0.4378885890426469
7457,-6.44848373692502,3.516782059661219
7458,0.5969777771290266,2.8160311231476265
7459,0.8677038799899853,-0.14098004814526793
7460,-0.7288338157885644,0.07916884497687483
7461,-1.6979498129170065,0.2666654058633787
7462,-2.2752109620722756,2.0730141742146464
7463,-2.6751487958253763,3.9210766997736304
7464,3.3561041019971665,1.097569449141598
7465,-0.9023798675071967,-0.260657702206489
7466,3.063441732319197,0.053588827898120334
7467,-0.5493069764611545,-0.28139754568362924
7468,-0.19625705840372998,-0.5937050290887688
7469,0.3475647659543463,-0.21909456367160815
7470,0.11160436509981783,-0.5718468190901642
7471,-0.09438321850308627,-0.4386257886405678
7472,-1.23769685411925,-0.053968759750948045
7473,0.7102011800782817,-0.30087809613315214
7474,2.078400249233015,0.2565067821966641
7475,0.4168657440910301,-0.19499494588005725
7476,-0.8134864036894909,-0.21630897569638394
7477,0.29326007350483746,-0.5773882433044265
7478,0.22511674283478098,-0.3312066022111435
7479,-0.02943313204448111,-0.4020925339414328
7480,-0.47468508692752015,-0.43302638798835574
7481,-0.5446400279999323,-0.46569005019179854
7482,0.15870040397842114,-0.5259487663342771
7483,-0.08600361411205767,-0.6431516392336667
7484,-0.11641505292897864,-0.589254153467874
7485,-0.0764129035897666,-0.5009001781541863
7486,-0.30836395896391733,-0.4458316644058817
7487,0.59609966371855,-0.5007294000582945
7488,-0.9497146203298484,-0.4325411061361155
7489,-0.6129404748871496,-0.3691836157047294
7490,0.050810626442361,-0.48283664437726176
7491,-0.15201387180607567,-0.5071163211569643
7492,-0.8453611733178267,-0.26110148878069067
7493,0.5633725123642697,-0.43578198238478244
7494,0.2861405357513277,-0.29602855151318935
7495,0.013160721625036943,-0.4726031590830791
7496,-0.06966301088209016,-0.49241652666541386
7497,-1.5697344042942711,-0.15260897761322129
7498,-0.17386265486100266,-0.24924316165388866
7499,-0.027446743662151656,-0.11826124106844028
7500,-0.2078531185369048,-0.2562482456694883
7501,-0.5204211422191775,-0.22293510037584652
7502,-0.2567083225986593,-0.17704510845004384
7503,-0.4011039015093575,-0.17191133645363724
7504,0.1228135163005966,-0.1160049074743014
7505,-1.132139318041704,0.39523180302978406
7506,0.959664011902617,-0.35271208063394804
7507,-0.8542834268987687,-0.27378625174378496
7508,-0.6245110566490198,-0.08742202597768882
7509,-0.15329467152289383,-0.23893562660888804
7510,0.48440542255128477,-0.43835618362263984
7511,0.7251560825161083,-0.3174104513978071
7512,-0.46869251477477436,-0.5270036086031671
7513,0.45395699921897004,-0.26588764682478455
7514,-1.1043974358303557,-0.26165923844965333
7515,0.1785538718564198,-0.5220567066076398
7516,0.664225668776433,0.27196603117965035
7517,-1.305985168360028,0.4346531825616717
7518,0.17220160228874015,-0.31921227046801215
7519,1.2585530398234108,-0.17653346581571827
7520,-1.106801965409439,-0.4013486379933617
7521,-0.9383468979873768,-0.07382767687393058
7522,-1.0181530109881904,0.24966473354455265
7523,-0.6595415989806608,2.073599782227466
7524,-2.234076652070864,2.5577391347956406
7525,1.0197466029312836,1.6903533967841868
7526,-0.4789335285384981,0.3117509720425091
7527,-0.1628855586230003,0.7269718739753652
7528,-0.7907523290511632,0.5561989636006345
7529,-0.3932795918685524,0.3006673703070366
7530,-2.400780371124728,2.4782103778341273
7531,-0.03511544506021806,2.057757519349049
7532,1.686689701446035,0.23693737026997883
7533,-0.18591415514377638,0.2673823459553684
7534,-0.37698686661717645,-0.09054572848114122
7535,0.5582350231528991,-0.35724756371244387
7536,-0.7088145327511137,-0.35047497206415346
7537,1.431269944098703,-0.5023681894549743
7538,1.9260118364581265,0.08522848796008266
7539,1.4452294593471249,0.32256425541783107
7540,1.28891888841687,0.36667112720021905
7541,-0.5000504758271251,-0.16072104031038684
7542,-0.8047655103040852,-0.39777910008786016
7543,-0.33873511054460403,-0.4668710333194058
7544,-0.009774917809969811,-0.02748651609168405
7545,-0.16851625647352667,-0.5973996962428645
7546,-0.8532047272999741,-0.33455706225785803
7547,-0.26443086931923376,-0.235890716168613
7548,0.45184971298691035,-0.3077985926875241
7549,0.603243254694703,-0.35132968273972875
7550,-0.858647310067315,-0.4460375242814954
7551,0.3001893371550044,-0.5531587657280458
7552,-0.4727037579088325,-0.5109811439576828
7553,-0.36376862362418627,-0.5608302359331246
7554,-1.1600917484040663,-0.4710228244584878
7555,0.9910276615000296,-0.5603385686723061
7556,0.7891513034604435,-0.47631610496099186
7557,0.5505762954086714,-0.47227281452867037
7558,-0.7649422828391629,-0.43236205175149073
7559,0.4478801300699147,-0.40096011237294493
7560,-0.7304048776304061,-0.4505463430861154
7561,1.4441453013348582,-0.4715570962405544
7562,0.3325850984523078,-0.608715915080944
7563,0.5824015307235473,-0.5624102063457795
7564,-0.5812355295838695,-0.5332942738806572
7565,0.0638294944863399,-0.5253757793189152
7566,-0.35807253891243235,-0.4529170810844974
7567,0.11279147179705008,-0.3134673370266017
7568,0.850501674094452,-0.27603187582073174
7569,-0.7236459683486409,-0.4871584013986036
7570,-0.21634390445838136,-0.3305964707432362
7571,0.5160797154482833,-0.5132274620763588
7572,0.21564359194892319,-0.5874249806575257
7573,0.7122969586002017,-0.34672699105643284
7574,-0.27517878539247476,-0.5926034698134588
7575,0.372685848807197,-0.5392858687153873
7576,-0.24447987022065132,-0.41330738885419754
7577,0.8080158505856971,-0.5931932792108139
7578,0.21780877198143023,-0.39301314902953705
7579,-0.17415887709941105,-0.3679126498865829
7580,0.22629079105200087,-0.6068658850685658
7581,0.19180770616170398,-0.3136605345613316
7582,-0.432070170163677,-0.5332386447621381
7583,-0.1742050629511673,-0.26916629343137694
7584,-0.3640741199166525,-0.42369416064312887
7585,-0.8078928502232217,-0.575283444992566
7586,-0.3007136573576302,-0.412760128220137
7587,-0.3634169494603714,-0.542124788109629
7588,0.3397888847612134,-0.4533915509685516
7589,0.29595258260372126,-0.37832052889189355
7590,0.21381488219371278,-0.4885218181818887
7591,0.5527104017206038,-0.5206599378633618
7592,-0.8263745659530235,-0.4512760396373452
7593,-1.0016824424164927,-0.3193752281685741
7594,0.5216959243955483,-0.5823356481426574
7595,0.1944689204689547,-0.5437126217485881
7596,-0.42100430682743073,-0.47757447425194166
7597,-0.8659851674367094,-0.410180214037311
7598,-0.17661815210824028,-0.2278390206076489
7599,-0.3493652479674684,-0.021306428107496653
7600,-0.9429130006949297,-0.21412602932379102
7601,-0.39678486758457604,-0.1972882153440466
7602,-1.1587493929719124,0.005124473966395856
7603,1.2878806992274574,0.07629511704269322
7604,-0.04664048831332718,-0.4546629368570572
7605,0.7838806656765297,-0.37234816196145654
7606,0.5390020596644497,-0.30264269654852816
7607,-0.08732209644486662,-0.4762781427088211
7608,-0.7316926542116042,-0.1507376352409621
7609,-0.8926746636450599,-0.31498485448921865
7610,-0.16039429014174433,-0.5104453026464572
7611,-1.7435892098344434,0.6716662604505188
7612,-1.1638974886520703,2.6328181318230337
7613,1.991996246160383,1.238428057639809
7614,1.1704013684864751,0.39684059845415764
7615,2.6705819680550387,1.661783413387555
7616,0.2898420327268503,0.3416575491215334
7617,-0.29355772249327505,0.1843474799847975
7618,-1.9650808129760862,0.9366970756213233
7619,-0.6350081745223235,0.20273326619465892
7620,1.0409899007244547,0.34001032365748907
7621,0.3783497782457158,-0.09585428970625952
7622,-0.24368566269917127,-0.0680587685563708
7623,-0.720572827975018,-0.22559977031263667
7624,-1.0649055931604214,-0.0693779871462568
7625,0.626985493570897,-0.16061714468667024
7626,-0.361194600773498,-0.3248521417230482
7627,-0.789330072543036,0.27869090616134495
7628,-0.3744360732395841,-0.39242859308364386
7629,1.0315429723836669,0.450246396573742
7630,0.23363542365396703,-0.08706838919979384
7631,-0.38620682957390345,2.1640003897674402
7632,-0.19382891335147368,-0.031140164127113443
7633,1.1373441052228819,0.2701966360093479
7634,-3.2288385093708327,0.7629035997106487
7635,2.911518459388318,1.0934568932106092
7636,-1.764524878878297,0.433398202592708
7637,1.197771473507448,-0.3321450914612251
7638,-1.359799156882135,0.039166268627135126
7639,0.04941675964353316,-0.20406541606315798
7640,1.4336514545202013,-0.41020966711699175
7641,2.201246230055505,0.19098072360910812
7642,1.0394212107886793,0.9512063373276181
7643,-1.298982082536745,0.07673638295235777
7644,1.063709071296078,-0.29820836922587385
7645,0.25764579014666755,-0.1768809292188396
7646,0.7850846558775118,-0.24161328716299937
7647,-0.7581222173600467,-0.4031223130807181
7648,0.2880819375014697,-0.4918370985581258
7649,-0.44847155113880305,-0.17228305302324926
7650,-0.16321346590538546,-0.48420650825038514
7651,0.3962410882352843,-0.4207354208581666
7652,-0.46383997257314313,-0.5412894934235116
7653,-0.8783590001861059,-0.4060777888384701
7654,0.9755645001702594,-0.39716749888229086
7655,-0.6352605094558874,-0.4282187021794104
7656,1.859196726263379,-0.36016654381131796
7657,0.3186181563925153,0.24102021572199037
7658,-1.0117656999829134,-0.0022810584055058362
7659,-1.8018180000376387,0.35740856015562883
7660,0.6651886563846325,-0.44835492865491416
7661,-0.9310373967133575,-0.11882158559768703
7662,-0.03079972975826985,-0.0028426442178998636
7663,-0.11398464977041027,-0.07120888088520917
7664,0.3855758625777621,-0.4646767951544986
7665,1.0668629816943878,-0.4948632241755195
7666,-1.19542514135788,-0.3984404919644288
7667,0.5357461878346496,-0.4530308351361715
7668,0.6875289745749622,-0.6063173407900974
7669,-0.14863959193694729,-0.5370047594593266
7670,0.5343212649258896,-0.44555176690681203
7671,-0.03450091877769054,-0.2972935283951478
7672,-0.7855130205520767,-0.41454561391180056
7673,0.27790921125190116,-0.39545077151302993
7674,0.6801396610743111,-0.33413466134590036
7675,-0.043254617851663804,-0.14660734759846072
7676,0.16137663956907386,-0.21190805492267203
7677,-0.4351517183925889,-0.328298564237127
7678,-0.4603936674823744,-0.4677256649126706
7679,-0.6229352120573047,-0.2505150750200562
7680,-0.379694679429035,-0.4004316773013861
7681,0.12482037417247699,-0.5269653648729151
7682,-0.07827139820015028,-0.3101467156609995
7683,0.48811878088777716,-0.44846281700302043
7684,-0.27813804674269793,-0.47569871801117813
7685,0.09929734421126175,-0.5342736458843269
7686,-0.5186306537920221,-0.5366014081301013
7687,0.8249802954807248,-0.4802284767055183
7688,0.06073948595487378,-0.5187029720889534
7689,0.1727420063700682,-0.317825664184071
7690,-0.7474130477417585,-0.45384561738047835
7691,-0.02886784729087792,-0.45798509287979283
7692,0.8705221958456169,-0.4941924926126793
7693,-0.2266695327021139,-0.4385764270907629
7694,0.20411497213912677,-0.036938820690641416
7695,-0.14106690559915847,-0.5150317850744984
7696,0.4438284893092159,-0.32824652705176094
7697,-0.5021212035037257,-0.442411062057428
7698,-0.26520198043979476,-0.4474116671589089
7699,-0.39528459814861994,-0.4533817738485718
7700,-0.19348559997317022,-0.5283595987373346
7701,-0.2628220754974875,-0.49362183713392654
7702,0.04460795745109855,-0.4797888996013843
7703,0.6925146556584076,-0.46822904436254154
7704,-0.2374730108301657,-0.5185058146318153
7705,-0.6525203013138483,-0.4437856987420215
7706,0.46822075646344014,-0.407681476047143
7707,-0.26711659427093193,-0.395064279315979
7708,0.5582256620927541,-0.5131696510038176
7709,-0.9872163088122551,-0.48280648496363765
7710,-0.9613129021329962,0.18910968834763203
7711,0.536252141915461,-0.3415351946433034
7712,0.54978950374851,-0.5363573826029271
7713,-1.208053535402287,-0.2859565971547552
7714,-0.6788124019931291,0.2378024586757415
7715,0.9608450042309287,-0.3944073028585687
7716,-0.2626203621189768,-0.3230530897257164
7717,-0.39683794871226297,-0.5334743612093272
7718,-0.512412843299587,-0.36719234583799976
7719,0.7164179500499246,-0.13944394636602198
7720,0.2660050901212083,-0.2896069503154336
7721,-0.33649778619549553,-0.47124577072700274
7722,-1.0231260522206473,-0.4327949210895143
7723,0.6162382559396417,-0.4449970605026931
7724,0.1398618197346797,-0.556361770281282
7725,2.38817264872016,0.20753474086698165
7726,-0.32402688156763565,-0.27909456450395714
7727,0.9081106143211389,-0.2847337469201061
7728,-0.6389128505235678,-0.4318684036720061
7729,-0.3470096482562295,-0.5596290089498354
7730,0.5544736106541964,-0.45485299822601855
7731,0.05269839234032911,-0.4620303392687938
7732,-0.38861177915567263,-0.355267302487821
7733,-0.5632798645178057,-0.46446001960945166
7734,0.34269324553915914,-0.6073252545849498
7735,0.4815019737416217,-0.6511462924971916
7736,-0.007450728319220981,-0.42113910303804125
7737,-0.8710454293062478,-0.562058854932318
7738,0.4849135848877858,-0.5879643121828587
7739,0.0711339072881679,-0.6065453619588009
7740,0.17578259102115013,-0.36882953318729533
7741,0.04079753723199027,-0.1194003792429592
7742,-0.052484984573809276,-0.6069930005486017
7743,1.0214550947575196,-0.5057898361098461
7744,-0.06160325723652246,-0.5287838093161095
7745,0.62974922501632,-0.5151163480608543
7746,-0.39140886510408296,-0.4013379703799046
7747,0.3191482971908878,-0.5238029470220881
7748,-0.4515377998016599,-0.4209150736387936
7749,0.3882045024705627,-0.5118030568437161
7750,-0.2733019646303188,-0.5382148617979349
7751,0.3321965547121452,-0.539202069410789
7752,-0.643971216936782,-0.5085755147387676
7753,0.384627323193451,-0.6676279774761547
7754,0.04974704603803379,-0.5483982381445657
7755,-0.552851079193432,-0.5973897190514842
7756,-0.7910332199190836,-0.5324825001111422
7757,0.6269171077133394,-0.2582392899956354
7758,0.5802346364197282,-0.574961123936108
7759,-0.40223866327819235,-0.6119534673297474
7760,-0.2042504708624299,-0.6361558574967113
7761,-0.5603086798740453,-0.2817179763188855
7762,0.11192229565122996,-0.543941262453531
7763,-0.17583001818573207,-0.48692979588155333
7764,0.38780240330716836,-0.5036948991529808
7765,-0.4495826800395601,-0.4024675878033943
7766,-0.12278248399900427,-0.5572297951810897
7767,-0.2332893154647059,-0.5435667191757063
7768,-0.6792206664755251,-0.1863134822113696
7769,-0.6120245174596649,-0.1961422404280824
7770,-0.5155136774990791,-0.30922262810041984
7771,0.4357162749147352,-0.32396421019867083
7772,-0.42815463226600786,-0.44483714341209646
7773,0.8549788080131654,0.02231852592533606
7774,0.30315896060730974,-0.554941211453693
7775,0.06218796473375208,-0.5040401438034552
7776,0.028067249666822603,-0.5189436570004637
7777,0.3399633610353603,-0.4843554577400183
7778,-0.25582748573647457,-0.30724625568174807
7779,0.15135564971446916,-0.5229843246943222
7780,1.56414248464667,-0.19523621851061518
7781,1.0211515517539334,0.7413192292731334
7782,0.9690766854894278,0.40130073232714936
7783,1.1981315677743056,0.9793686727192294
7784,0.15903303820177767,0.24366166236003753
7785,-1.7614432640485296,0.6989831533811359
7786,0.4476277452370768,0.10569657219009854
7787,0.28601602535225223,-0.17054698755019423
7788,-0.7251491322910507,-0.3042389641559042
7789,0.20717282763185088,-0.2740579075675744
7790,-0.04713209438975818,-0.20809626527587766
7791,0.126493813714872,-0.19975257862780166
7792,0.44860380386292553,-0.312544535371315
7793,0.436975051694937,-0.3884323222953927
7794,-0.42857965917633856,-0.48048215772982916
7795,-0.11477701254864014,-0.530922814680919
7796,-0.1608949879744437,-0.5100212939849789
7797,0.3751456348400358,-0.5362827031980902
7798,0.041751757010030824,-0.522751206957587
7799,0.03596645699808457,-0.5415779769296335
7800,-0.0836025756161151,-0.5962289953931408
7801,0.34645735330321903,-0.4322828702837964
7802,-0.26282058727451985,-0.4250101480773564
7803,0.3806971454816911,-0.4430806639034923
7804,-0.033765582060853776,-0.37062991521700733
7805,-0.6910623373829362,-0.2692573493843473
7806,-0.9340342885280961,0.6192249057368711
7807,-0.7363449495076025,0.22202047194892172
7808,-0.9061478830948501,0.4563280820828557
7809,-1.4086016088997666,0.2887719823409448
7810,-2.984015585625028,2.651451812305418
7811,1.3045211802450343,0.8163911813983308
7812,-0.1578901627743491,0.7765091421982737
7813,1.0649857122335546,0.25733496503875225
7814,-1.5419508120337966,0.2679594034094621
7815,-0.8103516803474912,0.5729046554330466
7816,-0.4701542800844073,0.3657402968011007
7817,-0.48797174106013186,0.01733939746987594
7818,-0.47245260907012965,0.2875099571490639
7819,-0.29673028367898807,-0.24027970650059888
7820,-3.2574016691172947,11.801158343511506
7821,0.2641608337910375,4.422352255457884
7822,1.1027022355020712,3.7136128078381034
7823,0.24452580828896875,1.3731144130396964
7824,-0.4176568105870734,0.7927050984193192
7825,0.2872781775597535,-0.11230875610068859
7826,0.13586916841988297,-0.3778622084000425
7827,-0.7707560317850768,0.013268353980402875
7828,0.47092115961798753,-0.3674949651527137
7829,0.937947702079206,-0.32351547436968064
7830,0.32697621387127385,-0.17090451418997787
7831,1.437655290749313,-0.022566597217920283
7832,0.1601702657643429,-0.10487392682352809
7833,0.2156993875985615,-0.3631962670975097
7834,-0.18100027401444327,-0.5372687248850501
7835,-0.6581827409292751,-0.3713483363906265
7836,-0.3612951411298942,-0.4170867332202988
7837,0.39408623899519973,-0.5167349631634952
7838,-0.5687196163353674,-0.5294458929236623
7839,-0.9770682130131106,0.07987625068563083
7840,-0.44520014187012713,-0.5095278731688567
7841,-0.18508709178560562,-0.29613750775633657
7842,-0.0845591545983396,-0.42708520190109006
7843,-0.2718743187167152,-0.4250317940439448
7844,0.9255356804215417,-0.4444962498032741
7845,0.6721870606569871,-0.5057438025000702
7846,0.02126816350438253,-0.6300553525419538
7847,-0.1973882524728034,-0.4088699832832384
7848,1.0351548858584314,-0.33023049838683904
7849,-0.14950490359900595,-0.41829742000889036
7850,-0.42731564477656037,-0.4616087696818089
7851,0.42560942900426774,-0.46507990363434343
7852,0.27934950118266105,-0.5540412255586351
7853,0.565452484075759,-0.212392111704206
7854,-0.06380465773442125,-0.44894630798412893
7855,-0.6618683681576357,-0.3630215356774808
7856,-0.1639398600112571,-0.6186123214783833
7857,0.3650462784087056,-0.6365025570387323
7858,-0.049065164656992996,-0.6233941443974734
7859,0.28670264101885523,-0.6383145391482059
7860,0.41767109941285513,-0.6115017471337905
7861,-0.09884135607600066,-0.5653129590279761
7862,-0.3017638301024018,-0.6356386779017833
7863,-0.2687270992925929,-0.5553268553891129
7864,-0.0947870811946966,-0.6022929447959678
7865,-0.13007311013726797,-0.6005419536541695
7866,-0.14626588062064758,-0.5358326777528443
7867,-0.17442015144583103,-0.32220795398780816
7868,0.6199069569569253,-0.3065208112985457
7869,-0.41742501253038033,-0.5461597859172399
7870,0.3237604709631501,-0.647548701677488
7871,-0.054203073289114716,-0.5660651746139033
7872,0.17198576802008478,-0.4262495036369103
7873,-0.20178404765461433,-0.5685597109663615
7874,0.14343702624885146,-0.5991392167271863
7875,-0.8117539517120363,-0.3172668883156454
7876,0.28792017598869774,-0.46278940062830437
7877,0.043206848956531374,-0.4612192966358095
7878,-0.04053650518661935,-0.4503110557784954
7879,0.15663338554787692,-0.6288640325720103
7880,-0.12865057389622317,-0.5755513994531007
7881,0.7534484193989565,-0.5475766428651341
7882,0.9929244830185873,-0.1854221329153586
7883,-0.6733565476451489,-0.2698092625537982
7884,0.07772247245599777,-0.4397022236901272
7885,0.22145320937503424,-0.48006044323991015
7886,0.08591607047710753,-0.4944478642041815
7887,0.4822206562003833,-0.3940998199007367
7888,0.16218460698903756,-0.4408437046204683
7889,-0.40382160398447936,-0.49378654779627573
7890,-0.19597945627755017,-0.5278738432595419
7891,0.0947076298137613,-0.2590631703041049
7892,0.054440649482959014,-0.5569895484033563
7893,0.05422584331938036,-0.46842266262593696
7894,-0.17564953964285923,-0.5755661263389669
7895,0.16918484242903492,-0.6148030078390467
7896,-0.4298417223544855,-0.4101216483422996
7897,-0.4110383324071533,-0.5158352372098939
7898,-0.3948439205372264,-0.45257463671933723
7899,0.14857629184952048,-0.6126160858933042
7900,0.01560725747403728,-0.5224480015182525
7901,-1.0367579335819017,-0.350613317163517
7902,-0.6204394298021016,-0.10651205338514094
7903,0.116509969390707,-0.3737653994766962
7904,-0.7415516290572066,0.05079087838717089
7905,1.1850709148534595,-0.2106708635086654
7906,-0.8740295812318639,-0.36589696351283946
7907,0.1868747175867984,-0.39195892021051804
7908,-1.1770263595413255,-0.019630146408457352
7909,0.44064870015915153,-0.0664074323118819
7910,0.41819537449948657,-0.41283764405994505
7911,-0.02582961193605124,-0.5831870133546407
7912,0.4414396457044682,-0.5818997056223326
7913,-0.9430420192426441,-0.3061231189300755
7914,0.29662549785786474,-0.465225624329861
7915,0.32797158454380193,-0.28402968687999725
7916,-0.8131589014830014,-0.3466013573711581
7917,-0.9580617031596463,0.011259256625722887
7918,-0.26639800432374566,-0.08857750717114027
7919,0.7842707633626083,-0.4202111777648439
7920,-0.31062612808975104,-0.4498631881315842
7921,0.08743074102643295,-0.3888684137329658
7922,-2.2058691716837386,0.9935806488788178
7923,-0.16072338544045928,0.5480081482685649
7924,-0.2905246738842118,-0.31124692704371526
7925,-0.29003232890378217,0.572754225762217
7926,-0.8188913303755304,-0.26667711892779367
7927,1.177047402849821,-0.146752630674825
7928,-0.23134480133224142,-0.3330820081211292
7929,0.8802915629650804,-0.36318187936464214
7930,0.37441451469124054,0.0742852755271835
7931,-1.3132009931334638,-0.26732343058985253
7932,-3.560643504415738,5.14745273675066
7933,-0.8960441384044553,7.260603091649554
7934,-1.632439440634824,1.023618654417531
7935,2.550053892493483,1.1762249227613182
7936,0.42094112592781535,-0.10605183949367726
7937,-1.042425939495249,-0.21878943248534927
7938,0.46527089725001247,-0.38299891669526404
7939,-0.6137193388488658,-0.008773828261259053
7940,-0.7849910297245454,-0.14684405839378445
7941,-1.179515957067265,1.7887727185300306
7942,4.263724009900714,3.8898098211302248
7943,-0.5769180972492512,2.018828976711299
7944,1.9014990973692836,1.1503944967644189
7945,1.4563639513912776,1.602889358998368
7946,-0.1720317604766546,0.49910506782604913
7947,-0.09107506637890167,-0.19761398669877317
7948,-1.0238675140545537,-0.3023303021613852
7949,-0.3218812644627417,0.302560731391555
7950,-1.112430297893394,0.008051839352846151
7951,0.009044821216877096,0.192487262414087
7952,-1.4883275428637972,0.5141385344194095
7953,-0.053860666640868075,0.8614818501893181
7954,0.429454739743792,-0.12353067738359215
7955,0.28441519502267393,-0.16569688862273607
7956,-1.2329799399524304,0.020545743357216338
7957,0.4159745137982307,-0.43283172776425327
7958,0.3200668287027504,-0.35529134864462847
7959,1.6889424910919413,-0.08268649389892163
7960,-0.4307569940045927,-0.4967536104519165
7961,-0.5525640361386599,-0.3794802073640511
7962,0.6098838757906908,-0.5049938399639923
7963,0.524876259785254,-0.433816416890636
7964,0.3218295014850828,-0.3111424171389332
7965,-0.8281393029774354,-0.48651792824181656
7966,0.9686863801000389,-0.4656723318256705
7967,0.4659083934814234,-0.41036073458254896
7968,-0.27249119995384785,-0.5225427915893636
7969,-0.27750167378268265,-0.5129272430406039
7970,0.07203730012376551,-0.6289095871337618
7971,-0.4715256864564434,-0.5893499205318783
7972,0.020778531640894046,-0.4653672425757314
7973,-1.278995795345746,-0.06307016184367921
7974,0.07753685134026159,-0.3887380634375204
7975,-0.17816885607664878,-0.16441900270060447
7976,0.47355520736991685,-0.5043778130809359
7977,0.09730950250953338,-0.40671963034017133
7978,0.12400488975129711,-0.49181555396670956
7979,0.039351655646396574,-0.06104202030302821
7980,-1.7188354473595018,-0.13572405454113412
7981,0.31977770053540194,0.1593478214456139
7982,-1.4433923742211945,0.25028441877546476
7983,0.9273520909375718,-0.179164857115288
7984,0.20167942329351127,-0.11814308024257385
7985,0.71128840012548,-0.3438850070116738
7986,-0.5646597356502535,-0.3460186649460493
7987,0.7280832877146566,-0.45576291165620364
7988,0.15170810214182107,-0.3034910718882304
7989,-0.2492376092289967,-0.304391041453493
7990,0.43327457528859986,-0.39903533508469313
7991,0.011082507673745336,0.05258138360376503
7992,-0.6440509060746021,-0.07191967124836672
7993,-0.5390387397407834,-0.4534093435568517
7994,1.1073738825937953,-0.35746843677600404
7995,-2.634887623047305,0.23226121915564527
7996,-6.631148017062555,10.656977004530074
7997,-2.439569816669671,8.938511209016882
7998,2.1088133050184608,2.8255082071387476
7999,-1.429997306472314,2.210081031948554
8000,-4.180211565964855,7.329678238455821
8001,-0.003302855724706067,5.078030885002002
8002,2.8708138106393015,4.40313914615005
8003,-0.9712822233823978,3.4000039122203547
8004,-1.3417411601035516,1.0595445397861558
8005,-0.2812517780671176,0.280316190072713
8006,-1.2150105700418674,0.8368921198288671
8007,-0.12926739755172686,1.3366006744420287
8008,-0.513541350509679,0.30666962205300236
8009,0.4881834584671455,1.1151279594152377
8010,2.2701246950649256,-0.20040473422274185
8011,1.9161314372811307,2.1856191249702923
8012,-2.372093190658378,0.8859892586353739
8013,0.9918510888701253,-0.058083426827631214
8014,0.01636855096283115,0.04059993805833191
8015,-0.6215708922870213,0.09069521504482975
8016,0.601871632362853,-0.24049177962766033
8017,0.2577682747494855,-0.4802113155193969
8018,-1.2977036357234857,-0.09650496167919076
8019,-1.0546665173070464,-0.062362808992057796
8020,-0.31016540483289884,0.019547346443714954
8021,-0.2169748401665748,-0.3123652745007753
8022,-0.4431831435205612,-0.28905183209842183
8023,-3.311412384925633,3.5475240749734995
8024,-0.2390114336125968,3.9972763732319834
8025,3.5921599461221474,0.8962336279735446
8026,1.7228957305340031,1.1941577141423187
8027,-0.04201701967278565,0.5915096109252962
8028,-1.8132472817418412,0.30041304629095783
8029,0.75122526006412,-0.21451857962046592
8030,-1.1033139897307145,-0.39979053544504467
8031,4.841888439437874,1.4582997735914134
8032,-0.1304876260333277,0.6240183512647365
8033,3.1611297841684274,0.6274569133707015
8034,0.4234502919592872,0.1467694002676138
8035,-0.7281671087796489,0.2128289131935915
8036,1.1023411320248562,0.5428267103024258
8037,-0.628976685183763,-0.1200551317611211
8038,0.4695531170346947,-0.04091825082662544
8039,-0.47518712492524834,0.2374055055604363
8040,0.5784353355482059,-0.28180042415420276
8041,2.019506185586185,0.16772672778058254
8042,-1.3960448619249388,0.4745795458627338
8043,-0.37667045914158254,-0.4788066907056403
8044,-0.9488245123009029,-0.4195897577680548
8045,0.9519636585521138,-0.47073263876708826
8046,1.6940439211567757,-0.06536178396420086
8047,-0.4517524750822242,-0.4211634751128031
8048,0.6529917852084846,-0.5101380016563472
8049,-0.20915315608479443,-0.40710928953170716
8050,0.2527409049899584,-0.47521013617030006
8051,0.5537970748379185,6.369707883848025e-06
8052,-0.5679167623369016,-0.584277473073259
8053,-0.30552340724406873,-0.3502475193830206
8054,0.4675710530963126,-0.4792360554236986
8055,-0.19978588879252224,-0.4913228603037457
8056,1.0482869128700902,-0.09619396811917527
8057,-0.3283593494572169,-0.4729684338133041
8058,0.07697036750726757,-0.5190831212787003
8059,0.7646614435663612,-0.46280500907728767
8060,0.24748967994599344,-0.4942918738553807
8061,0.08144459704591901,-0.37607912312405645
8062,1.2397681937042986,0.16967560857557312
8063,0.5239492417996405,-0.05025115921272924
8064,-0.748255191216413,-0.1251602206874389
8065,-0.12661600012911417,0.15434832451091604
8066,0.7139726926468137,-0.009871351404846976
8067,-0.11606197530668086,0.288027666336574
8068,-0.45335499645735217,-0.402484480932771
8069,0.09922827662593654,-0.2610040975534924
8070,0.15806175089159233,-0.36879144153509935
8071,0.4018258477591047,-0.34255377093285005
8072,-0.5208106112169303,-0.5849367924231292
8073,-0.5723182494129332,-0.33280181900882994
8074,0.30466782781008817,-0.5946511510464683
8075,-0.6270867592984861,-0.37957102304385093
8076,-0.97981411667478,0.1899732106371962
8077,0.13204722297713611,-0.3443841682359527
8078,0.26406516882229636,-0.36555127504392204
8079,-0.3937679724613509,-0.35101054575870677
8080,-0.8122066096669023,-0.4652339014322344
8081,-0.7413637846263625,-0.44823857203163925
8082,0.9180445531841508,-0.37712543674575033
8083,-0.22971534836123042,-0.32180995829565945
8084,-0.6850479693894398,-0.33720327545653184
8085,0.27391870244987687,-0.4954246005051746
8086,0.3405490373325914,-0.1579988228645658
8087,-0.32172942741589083,-0.3370145519283963
8088,-0.0719395129277835,-0.4468529257518028
8089,1.6817709334804292,-0.09199529077756317
8090,1.2963946144239333,0.041060234156088844
8091,-2.108678942785114,-0.2804870627964186
8092,-0.5147557834421349,-0.22464978520261183
8093,4.8631872787357455,3.9585219101986633
8094,1.348029274516868,2.970679915537212
8095,-0.1218611194071157,3.6734612938592064
8096,-2.5140891211973324,1.3986028754086837
8097,0.13062708493427272,0.09338747675810513
8098,-0.704365890527889,-0.45265190299422065
8099,1.4354507944973556,-0.20716808994505562
8100,-2.486048056879699,0.32408626639214433
8101,-0.3112135509799736,0.41145992284682215
8102,-0.8036015154045755,0.2248033157599243
8103,-1.4267660406822864,0.5140280451007895
8104,-3.234394289398194,2.739682881413298
8105,0.8832456340617831,3.80075679101876
8106,-0.03629444720360498,1.6289218605874536
8107,2.403261755445223,1.525977631669481
8108,3.6776108348525764,2.617263853114233
8109,1.3774760119973166,3.275571078994923
8110,0.14033115217707318,0.505897407537038
8111,1.776010935613083,2.5595951730178688
8112,-0.704642331277332,1.3924276363535983
8113,1.374758043710445,1.1473234691003442
8114,-0.45038790137678186,-0.06905791810161747
8115,0.6115081649656297,0.08985051791188604
8116,-0.2565166920523891,-0.01980632352062305
8117,-0.6381563560091668,0.434672646232811
8118,1.5665933910976093,-0.0587602805502079
8119,1.5573057841587212,1.7084396890823732
8120,1.7947110247526807,3.009950544350803
8121,-0.3577101979649978,1.091447653081399
8122,-0.8555379010744554,0.001883714441906275
8123,0.23969197776945653,0.7622478308024239
8124,-0.43899105965001184,0.6221709103311487
8125,-0.004556598508358833,-0.180431497218689
8126,0.16037556296138583,-0.21336629615392816
8127,6.9806239904238545,5.24373544820125
8128,2.385029795615815,5.403931244094988
8129,-3.2239886592678078,3.041739299736154
8130,1.8427754554170135,2.1530392235985825
8131,-0.5626235349445886,0.996963717587236
8132,0.15310558744254618,0.8411878052356964
8133,-0.17604803709110095,0.638505395782203
8134,-0.20882290362293546,0.335626091128795
8135,-0.28182923770292034,-0.031196531513820104
8136,-0.41133767739045346,-0.304809377555921
8137,-0.11689385169636629,0.08921773766096842
8138,-0.13458349894192345,0.5597421741193525
8139,0.011536256172214153,-0.5214007161483698
8140,0.3124915311590656,-0.31531512605738554
8141,-0.4674887114199716,-0.45946479012961183
8142,0.9125141023003878,-0.08310044492318693
8143,-1.724257999101892,0.08508603922885918
8144,0.00697143258289162,-0.16894021640771203
8145,0.20322762576323863,-0.39926857329875776
8146,-0.721104260255483,-0.3111872808121494
8147,0.6084587180404476,-0.1991135520663638
8148,0.7555055911321686,-0.20006501051371697
8149,-0.4454397567587464,-0.4845468362024547
8150,0.15058372063274278,-0.43971971260897597
8151,-0.5219766794616453,-0.3607369605869114
8152,0.3361763250595282,-0.5457622686682955
8153,-0.11144999230253541,-0.4011329946737442
8154,0.09174385488921277,-0.4663421667331893
8155,0.9210297453397962,-0.1908141300310903
8156,0.6138420303721966,0.32335026931791383
8157,1.1651262305144365,0.5373541134449945
8158,0.6765067736040201,0.4600918421657165
8159,-0.5378935385672218,0.3643409729103272
8160,0.4737490239780009,0.18445405760450048
8161,0.8139559658515931,0.4940026599421516
8162,-0.2876059730385537,-0.22630530791443415
8163,-0.707082287630747,0.4298426232607747
8164,0.2432400090273181,0.353724331384548
8165,-1.6646251141891275,0.8474587108693987
8166,-1.0702595755326536,0.10271565442040803
8167,-0.44841498335506413,0.9317933623458816
8168,0.7675738741150329,0.3638447407689783
8169,-0.35783765709007115,0.42826348473750336
8170,-0.03040272845898768,-0.48999349068060943
8171,0.2939498647670226,-0.3700226224552929
8172,1.8730316460881502,0.12674641606221995
8173,-0.7928596751535548,0.1872895007675337
8174,-0.38830281371990544,-0.44504521367735256
8175,-0.17775507247980774,-0.41171500853086024
8176,0.032231582923940454,-0.4901057144352336
8177,0.033590396466981164,-0.26912509902930093
8178,0.2695320450502328,-0.4067835102974097
8179,-0.4945337547373219,-0.17716842095269902
8180,0.796185031248131,0.0031892153220816383
8181,-0.5573621673257408,-0.4012742068292942
8182,0.3083126499458325,-0.4400754222870527
8183,0.21058311348391837,-0.2385344263926893
8184,-0.7882697944028049,-0.3532086346050826
8185,0.48784588627029885,-0.28934541038277184
8186,0.01696186415491399,-0.390800416781432
8187,-0.04954984640576625,-0.4143931800056895
8188,-0.42695860087061016,-0.18552786731540952
8189,-0.04917195992406545,0.5641325653555275
8190,0.05887790448485217,-0.20784710889146676
8191,0.7079725575729519,0.35461184703448345
8192,0.7265522434612073,0.7716321259070782
8193,0.9156704777833953,0.04317494307008271
8194,-0.7632481062771558,0.04273089374156562
8195,-0.09502648704111659,0.005468522550618863
8196,0.29714135240853107,-0.15789469451766705
8197,-1.4856335628762736,0.1645503109552525
8198,0.712655495911402,-0.38333814298118596
8199,-0.05068657999939515,-0.4201139273396086
8200,0.9980512481641618,-0.27456747520742075
8201,1.338634324195514,0.3744199437811248
8202,1.41420559642757,1.362855252963971
8203,-1.8644275155218373,0.7354084690704012
8204,-1.3274984332712094,0.2631910385644995
8205,1.2021379518505129,-0.45468753761533953
8206,-0.13370328253542074,-0.48793780603783654
8207,-0.8753461541375691,-0.3304025680959176
8208,0.16231631097516314,-0.34841504699947834
8209,-0.5283676178466948,-0.5061169330882064
8210,-0.42783575398074924,-0.5075130889875072
8211,-0.4915672686149655,-0.329861962174609
8212,0.3080770530644939,-0.6216153455623467
8213,-0.16145326498351908,-0.6046757902017259
8214,0.43356253980649795,-0.42455597225199054
8215,-0.4314404001397086,-0.4285067635311948
8216,1.3676409352666,-0.5734863994913555
8217,0.2590381391616798,-0.515385602878264
8218,0.9461214781356788,-0.3433899250609265
8219,-0.9760295178430565,-0.45548125807745876
8220,0.5562184629234401,-0.6154073394191529
8221,-0.22639828866262315,-0.3818418535875984
8222,0.4564480911468857,-0.5212760919648547
8223,-0.7276108981468358,-0.2823568704341712
8224,0.11391610313700964,-0.6100392212884784
8225,0.039849991388813386,-0.6302755315162307
8226,0.3520652325597253,-0.6423024080704889
8227,-0.8546092071975258,-0.5299951704257563
8228,-0.06200877168254855,-0.5174507909894885
8229,0.45572799106450756,-0.4826885339593657
8230,0.5791661936940049,-0.5485503847247721
8231,0.6648074783675213,-0.31887076423212396
8232,-0.7628349062274417,-0.34938097698701936
8233,-0.9659753563997611,-0.42730606282523753
8234,1.7169103866624353,-0.2353311723983877
8235,-0.16396684834417427,-0.46529989494033264
8236,-0.7762265326878728,-0.31071670733493656
8237,1.06238981760008,-0.3334340818459312
8238,-0.3409490172451,-0.5660897900614029
8239,1.4272762379421342,0.037372970863115286
8240,-0.8022466256035925,-0.36159235363263664
8241,0.005532896238090682,-0.5999426752782704
8242,-0.19935554958810328,-0.5152956845714045
8243,0.09458061610545261,-0.5501820749332004
8244,-0.13213715303447826,-0.4331974512341019
8245,-0.453996552192519,-0.4960851540461432
8246,-0.5949590487446073,-0.4641024725853762
8247,-0.29483331526370377,-0.44163921291262326
8248,0.40982656379581495,-0.47186200841867765
8249,-0.798763579891316,-0.25189563442463386
8250,0.299154420720922,-0.5236511890663507
8251,-0.004162073013833522,-0.4342012446749965
8252,-0.12411901044901134,-0.4205264107996571
8253,0.22040988635354938,-0.5172535182301682
8254,-0.09175719562185534,-0.533819590371798
8255,0.0806500055429897,-0.5080735078541384
8256,0.8976683630612002,-0.42736409376317125
8257,0.18111541096210473,-0.576655455264362
8258,0.13981137331331406,-0.5984679772724006
8259,-0.23336239885699317,-0.48070297147251423
8260,1.2131748356817553,-0.5019115313545264
8261,-0.11329079082062604,-0.44364302318525467
8262,-0.32198054540468113,-0.13455205920960425
8263,0.07912685347878862,-0.4654900279714862
8264,-1.114427916767039,-0.15474147779479375
8265,-0.5394860994543034,-0.4045533742906665
8266,0.8621560444032162,-0.16228025678797986
8267,0.4982004423347547,0.05267070159860154
8268,0.0928411111056554,-0.5159497207785816
8269,-1.6652171809669973,0.6830885174963655
8270,0.6525523808273143,-0.4428813138701236
8271,0.09082981715596222,-0.37309705891216316
8272,1.3330211355126431,-0.27470030433771964
8273,-0.7087602312046978,-0.4271537411624209
8274,0.48939625477984167,-0.5309082386928633
8275,-0.4220416406350953,-0.5561364408248461
8276,0.19395631140448785,-0.31726737232768243
8277,0.8742168889838717,-0.48831173849999937
8278,0.21084473372589804,-0.18051272131739857
8279,-0.872985327712712,-0.23345807566566282
8280,-0.24761551177967717,-0.2630508817170487
8281,0.22826702173621002,-0.13753951785186103
8282,0.5403022393687364,0.009383034666037834
8283,0.6554719539887064,-0.06917302902048263
8284,1.5045391968225315,0.8367999079861996
8285,-0.269799333634584,0.8206032850810101
8286,0.4439707710235947,0.9143663167277257
8287,-0.7444967664730315,0.15486952765538756
8288,-1.8752409111625687,2.7814452505407115
8289,0.9467630314219019,0.7213287818895843
8290,-0.3587464541518557,-0.06132316876761117
8291,-0.8764019762661739,0.35444356113084186
8292,-1.859728123377039,1.2193452179840556
8293,-0.7217983153013862,0.6550683389623755
8294,0.26589845062553497,-0.21692509598338452
8295,0.832532436702264,-0.20359616383304646
8296,0.3622646125908946,-0.2847742823712121
8297,-0.8536353941306453,-0.20958127688432107
8298,-0.21244234894230718,-0.3694878506999135
8299,1.188428201198147,-0.3291957550102485
8300,0.5662296273352593,0.15996579382052925
8301,-1.1755895073059157,-0.3984064819445294
8302,1.4280958388029668,-0.5597119322524304
8303,-0.0811275568339178,-0.6231594043125193
8304,-0.3497733043933756,-0.413899048432105
8305,-0.06838517755366647,-0.5172283907454658
8306,-0.09154121254558621,-0.45447227587988115
8307,1.2650222869317416,-0.12331475254124928
8308,0.6158321783660266,-0.23900941676985787
8309,-0.5682068745220158,-0.48489864177099856
8310,0.29094086091925586,-0.42147185086678507
8311,-0.5549244976379485,-0.6356992308728596
8312,0.13881883745755624,-0.5344052193446039
8313,-0.20316110474342783,-0.591092118881648
8314,0.7610319410722184,-0.5243325698556418
8315,-0.5825320360286214,-0.3745784086519279
8316,-0.4977252195027574,-0.3312325677621177
8317,-0.011929503422048935,-0.2986805859239207
8318,0.23244025518484362,-0.58387973209522
8319,-0.53482499355079,-0.5146296986558853
8320,-0.3956376444680859,-0.4618044363587572
8321,-0.4133559797595018,-0.3664353887326684
8322,-0.035306467266196025,-0.5245257311951077
8323,-0.09260590244494513,-0.4856643624072797
8324,-0.25088029729775485,-0.6133975661833818
8325,0.3465610478274179,-0.605779666813202
8326,0.316023236437186,-0.42502612469206746
8327,0.6648369932207406,-0.4410285691735649
8328,-0.2745801500562837,-0.403830146907496
8329,-0.22456651569911623,-0.5364626155778265
8330,0.039668065378833314,-0.5654372890017947
8331,-0.12666687224113887,-0.6227247326604141
8332,0.964545084077208,-0.3636016125723805
8333,0.5931434805378529,1.159451552405218
8334,0.09269562358061326,-0.6329277332556319
8335,0.5248552167784235,-0.24654349813916698
8336,-0.3251148358039041,-0.5124636094084812
8337,-0.42812983950293515,-0.510325811976556
8338,1.7309467348016825,0.9692151097051938
8339,0.19737159016448236,0.9847727534599217
8340,-0.5940010026355593,0.1111568302868485
8341,-0.13264502265452274,-0.4762289977465477
8342,0.011047509842580516,-0.39143840004850056
8343,-0.3897723473106349,-0.32613599683939554
8344,-0.39502436823571735,-0.4498704109225437
8345,-0.22644742656415384,-0.38478103354815474
8346,0.4177363512032983,-0.4359222404104736
8347,-0.2881114581127633,-0.40299601095404997
8348,-0.5838918785662003,-0.5754082660165377
8349,-0.41135141274511233,-0.5725770783660582
8350,0.4174046287427265,-0.40022191824578945
8351,0.47273582346379833,-0.4015747690574717
8352,0.05647231579391816,-0.5691026632417484
8353,0.07713766931687649,-0.5615055013478919
8354,0.00410940351572945,-0.5999688562856705
8355,0.26507675306481293,-0.44012605862787696
8356,0.5395803420385186,-0.008670917429359644
8357,0.27361297755887243,-0.32424451547116784
8358,-0.753263966792235,-0.26396739335802405
8359,0.6586765488112704,-0.2798888626902904
8360,-0.7460381869722482,-0.30890986934088505
8361,-0.2704096502343717,-0.3525743575879111
8362,-0.1421255702582561,-0.5722665629949295
8363,-1.596827049586196,0.15904543342109118
8364,0.216588962263417,-0.052321284959993115
8365,-0.3944779901449488,-0.26964905533690386
8366,-0.3819201606638182,-0.3845182902647404
8367,0.23048851713971547,-0.1457041093241756
8368,-0.18279088936309923,-0.517706821797954
8369,-0.1700045207818532,-0.20213928530336614
8370,0.0965891043506489,-0.4918480629132913
8371,-0.06559347302668472,-0.5833780036840476
8372,-0.5343377397509537,-0.2919949132302536
8373,-0.13874333832012486,-0.47288749625948734
8374,0.3724917161862847,-0.26658509788988516
8375,-0.36106271336756296,-0.44305555650383505
8376,-0.3256862321721264,-0.3968408323736328
8377,0.46789635408193136,-0.3576795819561907
8378,-1.1015132407126695,0.02108437800942991
8379,-0.462616608451008,0.14622385766270266
8380,0.1366274490137149,-0.009786662236573698
8381,0.5574440044716283,0.9309300835804544
8382,-1.4129174457248315,1.2484722818077991
8383,0.3867320767338835,0.019196545947106583
8384,0.8821560104511562,0.0034035970813741556
8385,1.2749609331739458,0.30425945759687684
8386,-0.660801645767783,-0.31915591441815366
8387,-0.1612752559534399,-0.5061543817774269
8388,-1.3895544383252822,0.3448985135723679
8389,0.4713745124960456,1.4230045104201805
8390,0.8717899690551439,-0.25790408388283903
8391,-0.4822532851158311,-0.4061734364185911
8392,0.1545751551449461,-0.36958222159393794
8393,-0.146806642620627,-0.5361719027609866
8394,-0.08140547986928252,-0.5037171717699267
8395,0.017179914143963554,-0.39288546043530176
8396,0.5507885122741966,-0.419793475112687
8397,-0.02195542940399978,-0.3825124330551771
8398,-0.70318038299671,-0.4560500380156904
8399,1.3974515411871287,-0.4675856024114053
8400,-0.9953153251088861,-0.31830703178841113
8401,0.07542570066608055,-0.5629345143496068
8402,0.10349501155062095,-0.574164408025498
8403,0.021789646137172554,-0.6286409096988894
8404,0.46127733479902505,-0.48648239199568066
8405,0.6720683757471069,-0.5313831418858891
8406,-0.35953887804980866,-0.4033698950771518
8407,0.5375998090456773,-0.5048162843721299
8408,0.32260720835945134,-0.5765064661355155
8409,1.715249890654421,0.21543977511789122
8410,-1.0938765593647657,0.127743041749547
8411,-1.4825155065000657,-0.15968667665485037
8412,-0.357351222281892,-0.22056247636912063
8413,-1.3276117566653287,0.5511175964080521
8414,0.4996331066988314,-0.3689804334862231
8415,-0.48553067667530625,-0.336675166693466
8416,0.2759718718233621,-0.3883151413222685
8417,-0.879644743923371,-0.49515952573933414
8418,-0.0217857478484076,-0.6287909866837085
8419,-0.3366415714897322,-0.5680926585973157
8420,0.7005836003442621,-0.5535406867340844
8421,-0.25245906313132777,-0.45959524381536454
8422,-0.04334970896429307,-0.590940397321972
8423,0.03940177330614255,-0.48818875400748873
8424,0.6775319225698782,-0.5820103591649652
8425,-1.0926096678367216,-0.1905371132959856
8426,-0.9639409223270576,-0.25631527708044677
8427,1.978198993578025,0.43458307353322895
8428,0.38038588314945604,-0.24082807001526368
8429,0.6787145841929727,-0.4022717414936601
8430,-0.16282225546471893,-0.4818698706692758
8431,0.5006052059475173,-0.5752076783544389
8432,0.0019876478401012797,-0.4492655077341427
8433,0.20516708545721818,-0.38652384005654733
8434,0.12736777125115675,-0.48409532474721684
8435,-0.5789451308501644,-0.11299270283954317
8436,0.7452006786464979,-0.38446077952005375
8437,0.3778755044336654,-0.6459105014643532
8438,-0.1805608722517834,-0.4034226902687284
8439,-0.36131501458027865,-0.48055117983477585
8440,-0.030436252733251092,-0.4955794502300444
8441,0.11817027880806837,-0.3894774840414557
8442,0.1326923420727946,-0.3372311769851096
8443,0.3059245912867423,-0.533041963233841
8444,-1.2039645716947935,-0.41064318242124564
8445,-0.46882079308348695,-0.5109735823977807
8446,-0.3321154824690757,-0.483775645856337
8447,0.1895702805489591,-0.44135590301637684
8448,-0.2193969450495181,-0.5646750974622651
8449,0.7722549267527323,-0.48200826773158895
8450,-0.20767850085493614,-0.5591667816916427
8451,0.5725616928230738,-0.5555801775999055
8452,-0.6673758422418788,-0.29655463976100194
8453,-1.5180742011801498,-0.3135076016321352
8454,-0.09433172544610668,-0.03977522626151359
8455,0.39883701144571554,-0.3650146285817165
8456,-0.5140465008024353,-0.44805073005004864
8457,0.808237015531072,-0.3361618980037804
8458,0.5996770919136047,0.06211706641226014
8459,-0.6951352486439515,-0.434328542521606
8460,0.009136407845801952,-0.5246876831563523
8461,0.7006828400878803,-0.23101972080797423
8462,0.21648419892066698,-0.0528435079612853
8463,-0.6700506083268322,-0.40946861785417704
8464,0.12763798549647892,-0.4530301161205032
8465,0.009874025503663087,-0.5903669374748636
8466,-0.17037738914603565,-0.6010078756680785
8467,0.1748828395402469,-0.6501200662168704
8468,-0.4411677588830895,-0.5369028929584904
8469,0.2578502696420812,-0.5185346320291299
8470,0.08158152339627922,-0.609128632893296
8471,0.09351090693951897,-0.4970588337881652
8472,0.8577631863073201,-0.47668245024737177
8473,-2.014777105297505,0.6658168233778211
8474,-0.4169750571902875,-0.444864092483663
8475,0.6062539533356888,-0.4089542842593902
8476,-0.48332585860756117,-0.3765133123321594
8477,0.620864671727228,-0.16292085552251415
8478,0.19571092775466561,0.25243541296820693
8479,-0.3065673858879761,0.1474306967921181
8480,-0.787887072792142,-8.909358821590579e-05
8481,0.17170843419652917,-0.1432252542025727
8482,-0.07103517205381608,-0.18156092020242323
8483,0.135911441579608,-0.3015699243617792
8484,0.8373307882351678,-0.3972276655628874
8485,1.4938007225832584,-0.10696488009835198
8486,0.2360193377848065,0.05025424581582891
8487,-0.615908233955983,-0.313482474958154
8488,0.7690932997591929,-0.35643360227844284
8489,0.6921914409751065,1.2780041739953036
8490,-0.11117468511146918,0.011503138841356888
8491,-1.3376316581694965,-0.24872748907214684
8492,-0.8394356171807467,-0.37831217259803324
8493,-0.8833261693361798,-0.1246899793927258
8494,0.23427900901589072,0.024714329787512253
8495,-0.3830938134180172,-0.46037370078540674
8496,-0.6959772895409426,-0.19038875710348319
8497,-0.6089047752388352,-0.11426762716796286
8498,0.3493581010359314,-0.44829464814755376
8499,0.9610795159928612,-0.36031927018853394
8500,-0.11682737406289195,-0.4157287543179188
8501,0.18685918511217472,-0.5570952675205958
8502,0.12372755888695387,-0.5157757924030406
8503,0.8722031493622567,-0.5121808454917093
8504,0.09777459614027777,-0.6294390910568154
8505,0.48083768693493845,-0.5610418421664514
8506,0.15563974399309669,-0.48408657315442505
8507,0.08531237170051022,-0.41703359549353325
8508,0.5919623972284264,-0.3661299561992387
8509,-0.3436265526977419,-0.18012061357560843
8510,-0.041329082815291907,-0.5313022420931124
8511,0.5385856262678143,-0.5669147485818222
8512,0.05646454228413185,-0.4648770454872956
8513,-0.21191498924784496,-0.5151689696906577
8514,0.00846120146615875,-0.5504983907846458
8515,-0.20687023035664048,-0.4670002910559193
8516,-0.6437450537027338,-0.5074000148564011
8517,0.02845139218803332,-0.5782141286414043
8518,0.30992603978167693,-0.5434776272256865
8519,-0.7813269863136059,-0.48863490712346597
8520,0.8233362830654067,-0.5413984012618196
8521,0.12635630309730633,-0.5598003173248762
8522,-0.23931472692960004,-0.5337227817389463
8523,-0.41863456238110425,-0.5193416288440107
8524,-0.19703151723594164,-0.4997885143304535
8525,0.7476812035228683,-0.5511010348165144
8526,0.6601809654446206,-0.3762983703581182
8527,0.09658733992775062,-0.40545499428214593
8528,0.5081247544079428,-0.5534595751747812
8529,-0.11320109022293004,-0.5808702932029075
8530,-0.4816097053354589,-0.4390874697067781
8531,-0.09549559979774537,-0.6279589363989377
8532,0.2989611820875486,-0.6230930151015327
8533,0.02280325070358244,-0.6000188992298949
8534,0.201316025965844,-0.6259100089386642
8535,-0.2424380649610093,-0.6106665319672892
8536,0.17589602990595338,-0.6147755529216022
8537,-0.21023250441599475,-0.5779103536835158
8538,-0.1404864938539127,-0.5640440452721676
8539,0.5069864438335283,-0.4276165087254662
8540,-0.2510244882690575,-0.4175352558054882
8541,0.007548526778728788,-0.5591995785832352
8542,0.019077666194245814,-0.6206499831347535
8543,0.42821425744481045,-0.5432485697680676
8544,0.21487858446513947,-0.42789723948952846
8545,-0.31551712509498214,-0.5928368401727201
8546,0.29366167941691756,-0.5386012244597382
8547,-0.13110318688669112,-0.47532299863244876
8548,0.16467401240564727,-0.32757049707475594
8549,-0.09045629528257346,-0.465936591009255
8550,0.38491147029675554,-0.5113814348997403
8551,-0.5826797767713121,-0.5336488476110055
8552,-0.0479574952916669,-0.5178379580365032
8553,-0.2461229918888537,-0.5001143806139043
8554,-0.04741562324736117,-0.6046594839786494
8555,-0.31572967718178574,-0.4427296554432075
8556,0.24908215608473783,-0.5068976930631485
8557,0.31918266333509504,-0.5110652087083168
8558,0.1639859030571714,-0.5580027914018337
8559,0.0260292213229394,-0.4412840628587933
8560,0.1733392878351825,-0.5942104397132483
8561,-0.3657345244970597,-0.5380589883703868
8562,-0.022644783435255725,-0.5872923110104986
8563,0.09698188431725507,-0.5939136942771565
8564,0.030709597939934948,-0.5734000364693889
8565,-0.032473108500651625,-0.5353670947949515
8566,-0.0021500764433767215,-0.5728898939902386
8567,-0.10313913754953606,-0.6048447739729393
8568,-0.2911828509700233,-0.3823717254235891
8569,0.016347266448389873,-0.5971545191834887
8570,-0.09266082036982091,-0.5431030385859467
8571,0.14928912550973442,-0.5761515575342793
8572,-0.6359422105615927,-0.34911823858331714
8573,-0.019608408465382147,-0.49913277436475356
8574,-0.1323153708757434,-0.6321790957514009
8575,0.39908360991754244,-0.5037081669733797
8576,0.37716299573794676,-0.4613609889909976
8577,0.04625280682981219,-0.4805093663114476
8578,0.013175920894644817,-0.5800549740721389
8579,0.14236932619803272,-0.6427283379229369
8580,-0.16929836710103646,-0.5243401912080793
8581,0.4411979570279401,-0.5752493225051607
8582,1.0198345402423998,-0.20644556077839304
8583,0.18308456346322693,-0.22854895108390763
8584,-0.18963001963013024,-0.3417932665007819
8585,-0.23721965879002024,-0.5472180430182021
8586,-0.23291566450577808,-0.4486394357446366
8587,0.345144378981726,-0.6072974425814719
8588,-0.17306485511569647,-0.5672385454186333
8589,0.6105273882563413,-0.4926867848774036
8590,0.8020463612079394,-0.050801849664547316
8591,-0.385370946094229,-0.47889334891486834
8592,-0.3689572007930155,-0.2872882547771988
8593,-0.01733177705703506,-0.575085653647869
8594,0.47428950540178905,-0.28428631274093097
8595,-0.15678396179895862,-0.5049711164607177
8596,-0.004279845616649986,-0.5146142577145564
8597,-0.2103294451241293,-0.5433828282002329
8598,-0.31402013501242215,-0.5444948343767447
8599,-0.25086682372598373,-0.5610980123370455
8600,0.15876576203099307,-0.593449211625285
8601,-0.19906677688560115,-0.42613191102249526
8602,-0.14996743605127302,-0.5463977194741637
8603,0.1278766034010987,-0.6168128682014621
8604,0.22856162009835926,-0.5256818591216295
8605,0.03043703804019947,-0.6434555125050703
8606,0.4353199831731677,-0.5395001060016806
8607,-0.21961507913450584,-0.44783772224753543
8608,0.2663866265267718,-0.6578466238714388
8609,0.16642049017813057,-0.6390427677015368
8610,-0.24017767155726,-0.39858783322877117
8611,-0.17507828473510134,-0.4691169662073866
8612,-0.21113351736049318,-0.6171897731101128
8613,-0.17322742499524124,-0.5522317169337356
8614,0.14121957791974152,-0.5796281828952983
8615,-0.07031170575176947,-0.5120637854456317
8616,0.5587373790022427,-0.3355910743013467
8617,-0.28967824379584334,-0.5249445440633278
8618,0.27615462163367527,-0.5124470719163975
8619,-0.3128617596358894,-0.4461569277771576
8620,0.12040889941256727,-0.48316678875918967
8621,-0.524564270999739,-0.4601562413279151
8622,-0.16646997300163627,-0.5301218495028731
8623,-0.349629249360047,-0.537009439376266
8624,-0.02005595521560079,-0.5104368154019925
8625,0.40349123124736463,-0.6304628243477657
8626,0.025144178767850054,-0.5964161474478605
8627,-0.13004877952057664,-0.6241914198814569
8628,0.14213568842661137,-0.6182573480538426
8629,-0.49365223626264215,-0.4031654565329403
8630,-0.054783330187706675,-0.47750475244576124
8631,0.24346535155322563,-0.5551117111267467
8632,-0.18216643975339408,-0.5138308715185876
8633,0.0672553803524482,-0.40494827517882925
8634,0.06073139689299668,-0.622413195299263
8635,-0.06979444700803401,-0.5542801491726577
8636,-0.10326742374364742,-0.43563365632266304
8637,0.15172814224747197,-0.6301234352158943
8638,0.30837840765982827,-0.6388572324152519
8639,0.1467324393550039,-0.48414690813674693
8640,0.08694071555221228,-0.5713865225754634
8641,0.07017484852728857,-0.5277071280251463
8642,0.21763580495813778,-0.6083369772794431
8643,0.03094491616108885,-0.6305438576749863
8644,-0.08205618273757613,-0.5027692053983707
8645,-0.12401661221222864,-0.5363958519785595
8646,0.21817609867378304,-0.41812532523994067
8647,0.14838088601527044,-0.48118567324644684
8648,0.07204384220049524,-0.5715275630701335
8649,0.8552337054069047,-0.3209938275086284
8650,0.043781898311417426,-0.5494965478546905
8651,-0.024178488660455185,-0.43962989656530743
8652,0.27369494447298104,-0.622044691777384
8653,0.46773396336973966,-0.40001834314578244
8654,-0.35671931484294817,-0.4355638541849135
8655,0.7257805960947212,-0.47677394980465465
8656,-0.18409048723001084,-0.2850800221554156
8657,-0.47697409118093853,-0.3502038130771104
8658,0.47528277219781484,-0.33775447194857927
8659,-0.3044420934170682,-0.5072705706774219
8660,0.16397435201886443,-0.5188537104652827
8661,0.2516320531073022,-0.5521215704574426
8662,0.7877380217212625,-0.27684824245757245
8663,-1.0309181410004578,-0.342555327900923
8664,0.17822156761705293,-0.6538932636684764
8665,-0.4624367822799514,-0.543936639198747
8666,0.7529996275421935,-0.381669622219582
8667,-0.09331926405867211,-0.5482845985642143
8668,-0.049522875787593915,-0.5236291486789864
8669,-0.03181714296285091,-0.3684314194363023
8670,-0.19454922179625586,-0.4787793110386617
8671,0.5569044259863518,-0.5006674200329031
8672,-0.3419727131599234,-0.45217409974211903
8673,-1.0671389256414863,0.06344710393009452
8674,-0.008943337810911731,-0.10695625789599682
8675,0.0923837721283176,-0.5250098579966667
8676,-0.28845017065428086,-0.3506388752597044
8677,0.08062640946249043,-0.5599358143000022
8678,-0.6244204100712629,-0.3638508625238095
8679,0.010811285438215301,-0.2958704740819422
8680,-0.3605796048109752,-0.3558549303939354
8681,-0.06766417962073755,-0.5048748159439339
8682,0.418212410792203,-0.49954056871966496
8683,0.032128386287819076,-0.48118146024060926
8684,-0.29781364453954784,-0.462722736764162
8685,-0.3542863439860762,-0.4876750409146884
8686,0.786150442760724,-0.6131266280610123
8687,-0.333102875952828,-0.5557448702070261
8688,0.6597770959829528,-0.5598755563102966
8689,0.2887391698361532,-0.5857216229479129
8690,0.05821526136212546,-0.2649880472623809
8691,-0.31149323097740955,-0.48797887216042973
8692,0.20079847242049137,-0.4216463180119049
8693,-0.37925016559009445,-0.4843846055345682
8694,0.06901880574430154,-0.4932834964846225
8695,-0.17366293930865276,-0.5546798977727976
8696,0.12695195498012335,-0.641427218720435
8697,-0.25245131690196543,-0.4290815266451603
8698,-0.3585290309831958,-0.44064855089068494
8699,-0.028949997789909858,-0.37975975133618045
8700,0.6367445439942877,-0.5657938095187603
8701,0.6371869261950174,-0.5491443702883353
8702,-0.16152484741347073,-0.4441761026772395
8703,1.4360828895445326,0.35919860516026714
8704,2.1967292124346085,2.781333122456133
8705,0.22461747616477726,-0.0074879565779428755
8706,-0.25926983822535066,0.26706482512667795
8707,-0.17725382896365574,-0.04330813529680423
8708,1.0093606674482123,-0.036021526611581145
8709,-0.683052603589803,0.4565227389985468
8710,0.14484535895081133,-0.38151990840243
8711,0.012962669531817725,0.13372443054997663
8712,0.6983860405702099,0.582306079424111
8713,-0.3095397843533234,0.37279243627957387
8714,-0.20836670517741532,-0.39677325586405404
8715,-1.0450889642468466,0.09977334799965654
8716,0.2544503824960271,-0.43708693282401656
8717,0.40631854677016627,-0.42051915997812733
8718,-0.8034772502775449,-0.38411227147759497
8719,0.2019727657560228,-0.46432627522734404
8720,-0.3682232054855772,-0.47509720624840024
8721,-0.04271440838659802,-0.3561804172452453
8722,-0.6141486661710597,-0.217659181870484
8723,-0.010762527483395653,-0.6095926610643225
8724,-0.35833647591229156,-0.4110617750597999
8725,0.5943120997857424,-0.5918423472124319
8726,-0.17318270383897116,-0.5376684733068426
8727,0.04395939291512232,-0.361396952694665
8728,-0.4892676729125215,-0.5744655457675948
8729,-0.6507562167051026,-0.19039788517116052
8730,0.007935708458946611,-0.5044087265099422
8731,0.3057840528608716,-0.6273102534406162
8732,-0.46207380716423624,-0.5410997548781697
8733,0.2412749832279121,-0.562469307987353
8734,0.16300706886436467,-0.5965001025167771
8735,-0.13402321032605685,-0.5559575469564357
8736,-0.23960657126556853,-0.5778246525625711
8737,-1.2805593833107622,0.09309736738711819
8738,-0.8803756332166769,0.5298006088559414
8739,0.2744963536566962,-0.24031965728665136
8740,0.5023305013591481,-0.41745521507668704
8741,-0.07109441277193498,-0.47678343574563536
8742,-0.0045580046368269775,-0.5745417706733793
8743,-0.22391903841883212,-0.4601719342962584
8744,0.101919913610062,-0.2738536571641363
8745,-0.644199808937771,-0.34939986731063594
8746,0.05326792631418309,-0.3917484290617739
8747,0.5516324963808036,-0.3885915654851605
8748,-0.08282149329076421,-0.5914110224757644
8749,-0.7576038309658187,-0.39269543294425785
8750,-0.28595249758904046,-0.42604096750454146
8751,0.0882980594585786,-0.5076744170900888
8752,0.23066185777943196,-0.46208240112687543
8753,0.2830775368155923,-0.5858372369903367
8754,0.023280449223533773,-0.5360481433150605
8755,0.32393605196059466,-0.48826862416001865
8756,0.2920149075238607,-0.3330149563149225
8757,-0.16643331477138068,-0.49990076132170846
8758,-0.42894258219524817,-0.45471007788625495
8759,0.10239054919035598,-0.6321085819203079
8760,-0.14313630899468857,-0.5118375799331188
8761,-0.3729117221955983,-0.3979947727235992
8762,-0.38542861029518943,-0.3257478158626189
8763,0.5278801870470408,-0.5202655445889642
8764,1.0171440133718164,-0.306868356470933
8765,-1.0377302702175668,-0.1568460117680414
8766,-0.31904803830935125,-0.3585279327695685
8767,-0.05270193597492857,0.03958214804322119
8768,-0.1238283606807176,0.11259024765685784
8769,0.05046027264523193,-0.32575731379632716
8770,-1.7975985314362426,0.505611530527422
8771,0.23319037015575655,-0.11178567075403827
8772,1.5431781969997014,1.0326774330250155
8773,0.2670654395460133,0.44814533498116105
8774,0.7306350155041125,1.2246704278208131
8775,0.46922181977138017,-0.2576333931329231
8776,-1.482040295346903,-0.40878597685187723
8777,0.8373506805844317,-0.15581382654506387
8778,0.47996595367032246,-0.27836832209147006
8779,0.22281276491310206,-0.029359749198779917
8780,0.06554715411337618,-0.5088528118370423
8781,-0.06836579832569417,-0.4990060867895313
8782,-0.7100552998483736,-0.4302285085402623
8783,-0.5496280399056708,-0.2959040883833588
8784,0.44643234259241565,-0.24540204002736768
8785,-0.47568262516036985,-0.32374263485908045
8786,0.03577409273274758,-0.5388043454356423
8787,0.971193111933311,-0.5582771764779111
8788,0.9435430484260503,-0.4288968154410717
8789,0.028761996990502903,-0.050174514896868486
8790,0.9943005847268591,0.3229052913854661
8791,-0.7581413958251069,-0.45431422426404633
8792,-0.02873039265103956,-0.29086443057807904
8793,-0.122492497287057,-0.49632535054612076
8794,-0.12018361637763614,-0.2542100153489072
8795,-0.4109260014545157,-0.17704520185217976
8796,-0.3079018068072893,-0.5411639499902541
8797,0.1175910653616172,-0.46733712885028195
8798,-0.9408928914979058,-0.3949893672208045
8799,-0.06465865244785421,-0.40463766004974033
8800,0.3038020409474726,-0.586143609969953
8801,0.10905882250627265,-0.5448109029258732
8802,-0.6731581927550627,-0.4405303178164933
8803,0.46594337706617933,-0.40228848346576357
8804,-0.545859907899816,-0.5915163019038957
8805,0.12034156553036021,-0.3710023048710034
8806,-0.20969813028290155,-0.47588705243158896
8807,0.9408300708819816,-0.5192172957552154
8808,-0.8207772876426873,-0.3976971869185537
8809,0.4853928679455896,-0.3628973365445176
8810,0.31178301750425613,-0.5320124112148483
8811,0.7046644121162632,-0.507011240002597
8812,-0.28937617383756836,-0.18349134074286055
8813,-0.42544750657390573,-0.47839314975865543
8814,-0.5489057808502319,-0.41306043360308436
8815,-0.09297587841809606,-0.4534748748499455
8816,0.3313983592568215,-0.559500968037156
8817,-0.5826946879493959,-0.5043092170107341
8818,-0.6082445911898322,-0.2723077884759038
8819,0.025920381829720947,-0.5943642404396471
8820,0.5981355327301116,-0.5763855463987893
8821,-0.22309448590720382,-0.39044617781469915
8822,0.24871121053217965,-0.44313550967433196
8823,-0.35529277873746196,-0.3660066044964416
8824,-0.5873457584201587,-0.46836937148465685
8825,-0.17877009908634447,-0.5414664235125725
8826,-0.8160870858415437,-0.4022511885336707
8827,-0.3848113577614154,-0.2940878571257206
8828,-0.3859369877008754,-0.22405103831557985
8829,-0.010169756023765237,-0.1707437582944138
8830,0.40577526724817337,-0.42674724427654326
8831,-0.5417825032003468,-0.5590966374985717
8832,0.09415571261909635,-0.5749062495334565
8833,0.46691793555220124,-0.5691666901000519
8834,-0.01220485733458512,-0.47054839641909546
8835,0.05237692977511939,-0.5956787871317331
8836,-0.26282456199678345,0.324265625642562
8837,0.0969120407730859,-0.3737661418803189
8838,0.6108941433443721,-0.2804163394975505
8839,-1.024171539192959,-0.46727862748227494
8840,-0.01931209335096043,-0.3622012089796204
8841,-0.8541728121609397,-0.5096610028415929
8842,-0.14900288608274986,-0.39735738097957557
8843,0.14035414033454469,-0.4295877162801062
8844,-0.03577326137131779,-0.34580244874109645
8845,-0.24761981465634403,0.02584721956631369
8846,0.231402764728718,-0.5350248357232116
8847,-0.17342062572357636,-0.35044420310675484
8848,-0.1751963379778253,-0.5063101572491349
8849,-0.03544219815014348,-0.26461822888117564
8850,0.3678661929011325,-0.4846948563096586
8851,-0.8032880732739087,-0.5061773005161134
8852,0.5226391910701271,-0.4851841270418737
8853,0.14011850609529555,-0.49149984027222127
8854,0.039275693166241285,-0.3953576726333759
8855,-0.16888016519375632,-0.4699549490351906
8856,-0.6073171536003261,-0.44269865222687804
8857,-0.07297266433432624,-0.41050935830006013
8858,0.09810709703356867,-0.21513073428830773
8859,-0.5805645999780453,0.3793501039621666
8860,0.6662826812900663,0.1949533780792745
8861,-0.7669938873212092,1.3415844317678782
8862,1.378281325741525,-0.1493968141827674
8863,1.074248702888299,0.10019846601266959
8864,-2.4958272678701987,0.445615098878809
8865,-1.4463909229627736,0.8100706872928086
8866,0.36685972959425867,0.5426361418936553
8867,-0.5669459375790716,0.16821181392513437
8868,0.7366439811977697,-0.5313346140861921
8869,-0.3350177566253866,-0.17800672928278638
8870,0.1366884031418084,-0.6084286431466898
8871,1.086794966674573,-0.28622585236343123
8872,-0.3517645980666032,-0.5331843390343266
8873,-0.2152272377534311,-0.42362837114308477
8874,-0.03681975557862971,-0.2415089919980492
8875,-0.2461848971759178,-0.04052206347650162
8876,-0.08924004084751401,-0.5046242385684283
8877,0.0695764462799981,-0.4808386026980729
8878,0.05820178766330287,-0.47846440343687147
8879,-0.4677548504117348,-0.4986843296834575
8880,-1.32795589267285,0.3686860182495366
8881,0.11003403313433094,-0.33676825142330974
8882,-0.5650676027705487,-0.27456304474855797
8883,0.517891390602077,0.6242849408400037
8884,0.07140271087647222,-0.46677876539938884
8885,-0.7034618631934988,-0.24349760028618683
8886,-0.36800595280145465,-0.5102030587485675
8887,-0.274880776274615,-0.09508100611055563
8888,1.1612274990055105,-0.4404059713867393
8889,0.3378463846276608,-0.5035908356687308
8890,0.16203162903967105,-0.4985791584768304
8891,-0.37958041981349483,-0.5555058500298854
8892,0.7464255471659409,-0.30503046181404575
8893,-0.3882476545176268,-0.55203131486598
8894,-0.10325223226423008,-0.5899085488149924
8895,-0.034218181406532475,-0.4999868760271816
8896,-0.2987467817923138,-0.6025613762281447
8897,0.5201907425188206,-0.5480007019629979
8898,-0.726304662897805,-0.37151097143532724
8899,-0.8189690004443526,-0.439509465829955
8900,0.525912099309652,-0.5855815062259869
8901,0.20443468097697998,-0.6459912340608226
8902,0.3064166338123482,-0.5337917733140809
8903,0.2930705519207712,-0.4430204350741485
8904,-0.06047292747134358,-0.3856442801901223
8905,-0.029806692034808693,-0.5397663075239199
8906,-0.9370866528771363,-0.5524593636605745
8907,-0.006085262253244239,-0.45657208247855846
8908,1.200702875033993,0.2964147585234853
8909,0.7398876756956183,-0.4526864204796554
8910,-0.09259359274063651,-0.5593909720183716
8911,-0.5005486345961577,-0.4637453543515238
8912,0.48066914483714684,-0.577704975467088
8913,-0.14256743984930936,-0.5206558078712127
8914,0.5356498222693582,-0.5504692920486793
8915,0.6430816369681827,-0.4153878747917163
8916,0.4330721297131293,-0.23921882440434977
8917,0.056735808712539644,-0.5352404855772425
8918,0.06800892732409046,-0.55594001162325
8919,0.014415789386955256,-0.5068172620456175
8920,0.22539748271130797,-0.5286175314691673
8921,0.14199104233235052,-0.5892725712540382
8922,0.6116483015539496,-0.5206058097572545
8923,-0.337081749698682,-0.4636250882521163
8924,0.4627236466084703,-0.22488026417574974
8925,0.2936984907016845,-0.6122197245296563
8926,0.29667832335393296,-0.3159597241670982
8927,0.4114154419042135,-0.4793982893727295
8928,-0.5210499182517218,-0.5108454426391648
8929,1.1171000696957938,-0.39531084436361075
8930,0.5445052862241258,-0.24399606394313955
8931,-0.611618658604925,-0.22228657616540626
8932,-0.2804674138060283,-0.36068357964871145
8933,0.810118081588097,-0.34379741200920727
8934,-0.08534882226292113,-0.6430451157117626
8935,0.7550979711494095,-0.18494585907743194
8936,0.47081285153262875,-0.48903216038854475
8937,0.09161420768944473,-0.13693055333412862
8938,-0.12237946024081796,-0.14250784449207043
8939,-0.2284832528656618,-0.17473848973656333
8940,-0.3628605469206697,-0.433079292672651
8941,0.2767867503873804,-0.4311561823711289
8942,-0.3136990456430447,-0.5721840091158645
8943,-0.0396807090051851,-0.40966369365506444
8944,0.30128551727143493,-0.5975401284313565
8945,0.4179291586231308,-0.3724643900866995
8946,0.04330149861033673,-0.3407980242314915
8947,0.1601481174445882,-0.3843045786301009
8948,-0.2950587330852035,-0.4864120036615824
8949,-0.5850680054884162,-0.28423084629680545
8950,-0.26324187121997367,-0.3887234887626206
8951,-0.37334106942757084,-0.43801272517953693
8952,-0.2748627909259495,-0.25038291635009413
8953,-0.5085347368047475,-0.17571920105857888
8954,0.6678332253258138,-0.607269577308866
8955,1.2438781373145995,-0.2461315310582488
8956,-0.5110196429062317,-0.5413122567591229
8957,0.869862378386242,-0.28553503495040805
8958,-0.0832753538501601,0.013520964167608687
8959,0.6909366642464337,0.15431737897824516
8960,0.08816896361815661,0.18543829243491794
8961,-0.44218274571931426,-0.2970674858657646
8962,1.4834348634102619,-0.05892549340772667
8963,1.2447663491011525,2.3356594021071775
8964,-0.1864618687790392,1.930347346932247
8965,0.6227910958272587,0.36487477751575703
8966,0.8994594266470329,0.2073606428825358
8967,2.2687990239308067,3.2462624336973445
8968,-0.11485333541919053,3.653611738403689
8969,0.8837540824850769,2.3678263911022035
8970,0.27576290083561816,2.2070379094159627
8971,-0.021355709606115367,0.7022838951804958
8972,-0.2196229453791439,1.2926870746810097
8973,-1.496399219999967,2.7507666237911987
8974,-0.11497147561543081,-0.1988792397497989
8975,0.1597872933450486,0.24180915110173332
8976,0.6537670112861161,-0.13442629950604382
8977,0.01211296692635391,0.007864276699491251
8978,0.3099843150757401,-0.34159352298349177
8979,-0.4598741273120501,0.5677687610325366
8980,0.3358012105258043,-0.40248927972226
8981,-0.5737815130757459,-0.29270565028598616
8982,1.0590476926953765,0.5183517481759499
8983,-0.08735380585843311,-0.05378471286614846
8984,0.34651034208730663,0.14191022691413707
8985,-0.3930203798655611,-0.13696525712360388
8986,-0.7788494462382429,-0.4718761472296745
8987,0.5612734621869266,-0.16766097941962296
8988,-0.4364297557097471,-0.5036550120956444
8989,0.1624028703130278,0.18032009723104864
8990,0.5594729893871055,-0.2091769555521455
8991,-0.27386724596912815,0.029435848186271603
8992,-0.06875491035172392,-0.5371751591240423
8993,-0.12678033582077053,0.1288184708650991
8994,-0.3518319422961568,-0.5625015427567547
8995,-0.35128874164047746,-0.45486748454608344
8996,-0.8512949494612997,-0.05831249474504659
8997,-1.005472055396577,-0.08391775488358466
8998,0.3353769842932983,-0.18914391339157993
8999,0.46371003082678525,0.2783195351923068
9000,-0.4093049785670369,-0.008819165706441711
9001,1.0849832503127876,-0.2589816158914126
9002,-0.4796234204415499,-0.5397977657681624
9003,-0.1351363912644461,-0.5096434397759504
9004,0.7490473028106379,-0.14194141525474327
9005,-0.21125858595536026,-0.48277530084368686
9006,0.30620131752803104,-0.5331589326372941
9007,-0.7501642635461754,-0.4686082413578717
9008,-0.9764197839135694,-0.44856837274323796
9009,-0.2751671962363318,-0.5762728600463608
9010,0.9362200220212064,-0.5183193442510459
9011,-0.24500439816629624,-0.5860804610226237
9012,0.4966298834030727,-0.44597348682183297
9013,0.1761401818108953,-0.5082924151681933
9014,-0.6569211379392214,-0.5465012487880133
9015,0.7928933290510102,-0.4908018595213114
9016,0.5043164676543705,-0.4853915493845604
9017,-0.09467690520904974,-0.5028240315811086
9018,-0.043906524903773836,-0.46951300388023454
9019,1.1495399836949358,-0.1441052461106838
9020,0.4942804949848339,-0.0527592078943083
9021,0.7089813484506281,-0.06019886958228042
9022,0.3114769213130432,0.06673751725788228
9023,-0.3548094013514039,0.17082179562185132
9024,0.8280596881338702,-0.0575916776222142
9025,0.02348013577399807,-0.19570632157190818
9026,0.06724762487974126,-0.3683500289379234
9027,-0.7184383010454184,-0.17844071769896255
9028,0.441537823673025,-0.14700118163783715
9029,0.22471363249505275,-0.20246590974209255
9030,0.11723596490400168,0.29541416851767105
9031,-0.12837720260787386,0.024635375472421582
9032,0.4301937441914195,-0.24750246678698498
9033,0.02050811379997929,0.17811322240633076
9034,-0.8141391521370656,-0.278419545591088
9035,0.8429148792617879,-0.2830235426893526
9036,0.40424664714234765,-0.11967639214817241
9037,0.9647694824818376,0.5557670757199827
9038,-0.8175600012602705,0.38563600641523427
9039,-0.11825033187147765,-0.34822752262568707
9040,-0.9934635468519823,-0.0005682001306298618
9041,-0.09723703937863458,-0.12302949449111748
9042,0.12358459010896392,-0.4903604741966511
9043,-0.6936683251962132,-0.1285796544652321
9044,-0.36714870339913924,-0.3970252244523029
9045,0.12232395355213939,-0.49138597950562385
9046,-0.12134890694506213,-0.5993261051687337
9047,0.160821746734352,0.1724851221723268
9048,0.4958067914367893,-0.4407109738254972
9049,-3.476421897340351,4.094159788573059
9050,0.47075336335889917,0.8530306906906295
9051,0.36625767570324674,1.025113770016895
9052,-0.41305842955385935,0.01267372546366821
9053,2.788925734566062,2.2659002660972547
9054,0.5025855232394705,1.4464591678048315
9055,-1.2699624379658552,0.9060082524147839
9056,-0.24744596368016403,0.5548729396623743
9057,-0.18194812263103072,1.21643583135674
9058,-0.46328021762760024,-0.32622003332309285
9059,-1.2468638936339511,0.5288745783109579
9060,-0.24784056025802875,-0.20576015111578644
9061,-1.2650306610547077,1.670179023707014
9062,-0.9638024876683072,0.09844144402684465
9063,1.3022658118181678,0.2637752368084005
9064,-0.7431457946588357,-0.13407287542176383
9065,0.7820652855542062,-0.35213083961337527
9066,0.02143599011057107,0.03820259799221201
9067,1.1927400089395501,-0.33319252582249187
9068,-0.4387255450166439,-0.4861239422739013
9069,0.253633753056801,-0.5964499058948549
9070,0.14772414942268355,-0.6331626698596128
9071,0.03963394756203797,-0.26835389804022625
9072,0.6714671707104277,-0.6017655574415675
9073,-0.0028431761387498833,-0.5711688870414523
9074,0.18439919925461606,-0.6027078439806592
9075,0.29435509922474123,-0.47131607097269834
9076,0.3547621896799948,-0.5679956156946457
9077,-0.22209097317429122,-0.5408320099439937
9078,-0.1895318875388822,-0.6421124914634951
9079,0.2699835344429192,-0.4649148043661074
9080,0.46921169328475104,-0.4823042435179639
9081,0.13936502377595972,-0.6246413066449401
9082,-0.013836842450639309,-0.563162253761957
9083,-0.42022623753913707,-0.46765820063903035
9084,0.009730575859881664,-0.543649415743526
9085,-0.05586943268019712,-0.5646781973892158
9086,0.19224991621469584,-0.5695865952805076
9087,-0.1242118656348082,-0.5863287781760149
9088,-0.2355782064686634,-0.5444850176855621
9089,0.15170316735641817,-0.6070974460445148
9090,0.25371409307654574,-0.6489088824170376
9091,-0.39909993585105646,-0.43021181332274305
9092,-0.34965587470343257,-0.5303004930602523
9093,-0.10702930765257132,-0.5473941538472455
9094,0.18759654118729077,-0.5717308426763552
9095,0.24645567165164628,-0.532204874461605
9096,-0.6153593719903374,-0.41370595920667924
9097,0.7451333409061877,-0.588857333010856
9098,-0.6362910524156759,-0.5776985951355811
9099,0.5681575310271129,-0.5983862732791788
9100,0.06679771259258649,-0.6084584138683278
9101,-0.47135836554914173,-0.516852147900049
9102,-0.06672383341948113,-0.5771108211002941
9103,-0.464969795708793,-0.2859796060012428
9104,-0.25559016272018537,-0.3580936438438689
9105,-1.250358381599392,-0.30238666623741933
9106,0.09567085575316658,-0.37047964884957835
9107,0.402546327876784,-0.49898484710882846
9108,0.601243773163906,-0.3515850341519775
9109,-0.14316375091544958,-0.6135775640602208
9110,-0.3590317137815389,-0.3453757501550961
9111,0.15360876169447155,-0.6256492722817137
9112,-0.4456992923405775,-0.6099678525733024
9113,-0.662097964203681,-0.41924010723697636
9114,-0.48313521160672074,-0.15637626319468004
9115,0.581760261432053,-0.48561121860494905
9116,0.081820662980725,-0.6357188369051753
9117,0.2405876890473026,-0.2882823116406602
9118,-0.39844918184248634,-0.38142151410986735
9119,-1.362979961858376,-0.20541863268859495
9120,0.020171530925946906,-0.425218740139844
9121,0.2191366095067024,-0.3702925331296495
9122,0.15356141599029588,-0.5742429364898477
9123,-0.9654151212099488,-0.3526855849110303
9124,-0.4505363602279058,-0.1377067091151201
9125,-0.07110708737981634,0.3569235023940601
9126,-0.6806275161957052,-0.15340167256288198
9127,-0.9021282233663348,0.408958822449464
9128,1.435786982901516,-0.03955738908512544
9129,0.5751776271624862,-0.07452828380892756
9130,-0.34916927511277335,-0.585214900865369
9131,0.4986633263515979,-0.45218345159862033
9132,0.46105456406701395,-0.3672420140547381
9133,0.027433355634977334,-0.42397353766662377
9134,-0.17166427830941924,-0.36742355331272725
9135,0.046195366802650975,-0.6390154403813786
9136,-0.27430250843891246,-0.5080896894512242
9137,-0.18624061962065064,-0.6086889121742778
9138,-0.15378373877490728,-0.3609005260613634
9139,0.31866118953874145,-0.48092280485584765
9140,0.4882585428754539,-0.395324426640133
9141,-0.21649177274746723,-0.5971946294396827
9142,-0.4085929152641233,-0.5721020576265985
9143,0.08110433752566223,-0.527416569386833
9144,0.1375535536728496,-0.578665536806347
9145,-0.564606607638829,-0.536097603300431
9146,-0.09155664033771725,-0.37904566114418903
9147,-0.5528930277557708,-0.3390142369152679
9148,-0.24473357820907038,0.045692054736140894
9149,-0.7993878041188262,0.09486925849077373
9150,-1.3249292486190567,-0.218343551877647
9151,-0.9631224593274861,1.3273282319897008
9152,1.118210137821516,0.8831061813227631
9153,-0.11417631033851654,-0.08342135947537811
9154,-0.672933081221003,-0.4684401373892842
9155,-0.7101742602060113,-0.015738438767433603
9156,-0.3053708377396293,0.9184398095079712
9157,-0.34705909548855124,0.20729456967513524
9158,-0.3208353317329488,-0.3780102223607544
9159,-0.8221808435644479,1.0733071741471822
9160,0.11287814185129877,0.5753625081179643
9161,0.08529435626751473,0.7809903855782712
9162,0.29861623906764573,-0.31873507717769045
9163,0.07460554415586466,-0.19750818485782518
9164,0.17325532111445074,-0.5246658673893537
9165,0.3867325717995787,-0.2661587975633397
9166,0.4245902239752188,-0.36950863968752146
9167,-0.5738108466833372,-0.23274777396986082
9168,-0.6106866465986766,-0.43174627294347123
9169,0.3448620469485105,-0.5735951014296394
9170,-0.595896520825775,-0.42872921332714997
9171,0.4780977892479686,-0.43810447334837876
9172,-1.3904163397424043,-0.5003993787036766
9173,1.0025714574205056,-0.5741720660829985
9174,-0.17720839746396944,-0.5245198758961147
9175,0.8450752171482554,-0.5054952420923476
9176,0.3459883180166664,-0.44252696041621453
9177,0.22606468973649935,-0.2871436513592583
9178,-0.1297734676690023,-0.58819941053085
9179,-0.22424717730315222,-0.5447456103774567
9180,0.6258315735290292,-0.4836992297036845
9181,0.04457498139814416,-0.5419986923130026
9182,0.348877595609325,-0.5377803798155838
9183,0.5924530912774802,-0.36002349966639224
9184,0.23767078708982758,-0.41424509413039806
9185,0.5560202157547012,-0.46511949535388036
9186,0.11626181614710611,-0.6403087171880205
9187,-0.725333495566968,-0.45310851078626085
9188,-0.29752748377358135,-0.5337344387559904
9189,-0.5496113361084272,-0.5400580197907267
9190,0.10948644842011465,-0.6193780687463604
9191,0.38930780454546904,-0.4959808272563755
9192,0.32617853855166906,-0.5097808697062884
9193,0.18267234661175866,-0.5950686770038751
9194,-0.0519570165324057,-0.5414096794483818
9195,-0.36964218063089255,-0.4579118223513568
9196,-0.5994637805561471,-0.5761366486057742
9197,0.1512722281953865,-0.5483554575123403
9198,0.19049660787814868,-0.6207826987778323
9199,-0.2998475245573618,-0.5759842579134521
9200,-0.41980293749349523,-0.4408500972893981
9201,0.43883350724057757,-0.512627015065041
9202,0.42278492546812296,-0.6315664243242793
9203,0.23747806095258128,-0.6689415814567363
9204,0.3972439072342485,-0.5677978512135465
9205,-0.08876862500577315,-0.4815474998408249
9206,0.2146952531762329,-0.5008249273324529
9207,-0.3740078681928577,-0.4804132576954581
9208,1.069064995318763,-0.5098812122551408
9209,-0.6649025024213983,-0.5422657984690402
9210,-0.4717379222509671,-0.2302781240146673
9211,0.02273705785785163,-0.6239199159757802
9212,0.3026641368098638,-0.6449258316053047
9213,-0.17022894975962924,-0.6265018668754124
9214,0.483351105412633,-0.6349037106781901
9215,-0.10121756719986824,-0.6050604197842886
9216,0.6193343753085746,-0.5544606366258337
9217,-0.07722521193643585,-0.5776128016297902
9218,0.40955641028012346,-0.6141807036938087
9219,-0.4274111960689757,-0.2144011361322965
9220,0.03809928095672935,-0.568320050046399
9221,-0.40413252272317607,-0.5395347653434232
9222,0.030115092803654778,-0.5042669150957021
9223,0.2706576607435261,-0.5130596809645601
9224,-0.27523530141341834,-0.49548150876369657
9225,-0.7593336121680361,-0.47882582356340964
9226,0.15166581279369523,-0.35196462751569685
9227,-0.4804116013405896,-0.5375016706464677
9228,0.019290396563638713,-0.5932915134723841
9229,0.24039976613419728,-0.6249720347580479
9230,0.8123012803836968,-0.4565919738300617
9231,-0.03376987646874689,-0.5196800772811623
9232,0.05139304361213535,-0.5625397756056087
9233,-0.08586155938573578,-0.6355107787991884
9234,-0.4573641281470396,-0.6591104072524244
9235,0.2502122053507064,-0.5306344756480478
9236,0.36818308726948673,-0.5473446496303476
9237,0.04956729436774307,-0.6180710020726196
9238,-0.4937149226606364,-0.505975051971349
9239,-0.39135873545000316,-0.462853692332185
9240,-0.13848862820443447,-0.5696094999471439
9241,0.3271728782437947,-0.6235825964709654
9242,0.376144369121826,-0.6238936857637678
9243,-0.1587429008846829,-0.6269667512007641
9244,0.39247732593577267,-0.5991129963267334
9245,-0.26076098746454507,-0.5785838255854127
9246,-0.2267703831289821,-0.6482173592875244
9247,0.004347656746376802,-0.6333432520406569
9248,0.19589996170804094,-0.5439832403723432
9249,-0.2131053827155487,-0.5959983164287865
9250,0.4122733135955403,-0.5962204340616636
9251,-0.060368492256677196,-0.49020777360948015
9252,-0.47639354063898387,-0.4893275636035115
9253,-0.10666156544376407,-0.5992240954311532
9254,-0.0925248264490372,-0.48876403096088067
9255,0.019140105155273347,-0.5237931642820705
9256,-0.4832832012031522,-0.4752506484608226
9257,-0.46436223547162236,-0.40466691591796
9258,0.8155457394028464,-0.49895424707699776
9259,-0.43830409817319393,-0.5360648561359072
9260,-0.18724920671321577,-0.5817917646473403
9261,0.35481060474065573,-0.5616674227355093
9262,0.12726812868892817,-0.5427732932691574
9263,-0.5078446206501227,-0.45160625743050864
9264,-0.4184023426897307,-0.5455321378826699
9265,0.26366783792649096,-0.6257558333019186
9266,-0.12551206614871654,-0.5386765361548973
9267,-0.28199439441557195,-0.4075356491309627
9268,0.7980777428667046,-0.6300207803089602
9269,0.3348955236233844,-0.5936911009783445
9270,0.16729199031378536,-0.6101349006371406
9271,-0.24939307509883604,-0.49416797258675366
9272,-0.23774706855367042,-0.4180970802111627
9273,0.529681843289074,-0.6092498045054384
9274,0.30640261122142354,-0.5818633783598316
9275,-0.2948036805369231,-0.5806996316152134
9276,0.3097871169191873,-0.6158341393677099
9277,0.12762214948955827,-0.6594128729546704
9278,-0.01441230372609374,-0.6277337948493167
9279,-0.2025081895681409,-0.6681696261181438
9280,0.11162281344936673,-0.689886562891923
9281,0.26185479129757483,-0.647214587652465
9282,0.2521731808567121,-0.6554667163476913
9283,0.22332414339927048,-0.6406205378632062
9284,-0.1886946801152202,-0.5872669686460052
9285,0.02688488954254472,-0.480465116515971
9286,-0.05290201290540431,-0.5642730536147428
9287,-0.2964145904394452,-0.43762423957794433
9288,0.22007633265034557,-0.5754260950710922
9289,0.12180762674120509,-0.6677614666196294
9290,-0.0295705907991104,-0.627385656957364
9291,-0.2852154933701528,-0.5666042291556177
9292,-0.2961739677321212,-0.38425015320805533
9293,0.11703355324260635,-0.6129263209600901
9294,0.09488469022330198,-0.5710565540876109
9295,0.13624405908749684,-0.49444623646697733
9296,-0.43528576291742577,-0.5406225988435138
9297,-0.145344680252004,-0.5516230293611085
9298,-0.3315219850044578,-0.45947950911444535
9299,0.1337938171093617,-0.6120260997410055
9300,-0.15696773391882454,-0.48393317589286716
9301,0.1583836236635828,-0.5777564381515707
9302,0.11307990489761693,-0.6467886795616287
9303,0.22644207444510842,-0.6255928559072736
9304,-0.4884146620920013,-0.4311603149094736
9305,0.09224362368084078,-0.6275704795053203
9306,-0.08472125993433233,-0.43239904460314044
9307,-0.08149519131660433,-0.503935554852156
9308,0.13883838036787505,-0.6293018488858421
9309,-0.18768529796641173,-0.555345430716656
9310,0.05247787113963834,-0.6079415720636554
9311,0.37908918482249726,-0.5485865131324614
9312,0.2356763226155853,-0.4359182858412123
9313,0.17547733515535985,-0.520968454253697
9314,-0.027554915383248408,-0.4958193538929834
9315,0.06384581250589821,-0.5286432501162595
9316,0.0101343139631359,-0.5289900940169714
9317,-0.3150444503721366,-0.6461254947721957
9318,-0.03654900354873051,-0.6427540133500775
9319,-0.18185752340482128,-0.5264147592044973
9320,-0.2873574093708709,-0.3964800074758741
9321,0.5254568588097838,-0.4704955339897372
9322,0.08417672077293638,-0.5087180142026747
9323,0.13351888466951997,-0.5995651936973837
9324,-0.11722508334201885,-0.6291694392531769
9325,0.13849985543439294,-0.5721412154644233
9326,-0.6959505976405399,-0.41650510840705834
9327,0.174341533972792,-0.3748788360093298
9328,0.35714712839951895,-0.5535726991893716
9329,0.49105341330768965,-0.2007618370744448
9330,-0.11265059775272207,-0.5351617142453449
9331,-0.16431734696593914,-0.31427063422420554
9332,0.17232945961212692,-0.4742278552804165
9333,0.27388871326829844,-0.6064916430290562
9334,0.4873448392386438,-0.5840987786306464
9335,-0.18199901945108163,-0.40033624440473337
9336,0.03578573538432486,-0.5638470226835496
9337,0.5636640016803194,-0.5461283654692991
9338,0.6825956385982789,-0.21906760895615487
9339,-0.06618767679189302,-0.49153700681846557
9340,0.8813765522283212,-0.349283337207787
9341,1.105877713409093,1.301158747102169
9342,0.45862537812657656,1.5856951568253965
9343,-0.45960938928096806,0.5037491100989899
9344,0.16370859026565612,-0.3025335940672348
9345,-0.8306447402889482,0.6848766067474331
9346,0.8560264795429052,-0.12737551037267486
9347,0.17234050954991012,0.040014140999714384
9348,-0.43371250960027885,-0.5394025277255893
9349,-0.22652838760471317,-0.30312711075021503
9350,0.36166653095760687,-0.5295813448491338
9351,-0.46874373528328855,-0.273190583948885
9352,0.3712479811919577,-0.5427891526784455
9353,-0.24542569408173368,-0.5441478747690018
9354,0.5789688733347489,-0.5356219467548327
9355,-0.530358673279326,-0.5449960213782714
9356,0.34248888314596826,-0.5541852622389464
9357,0.18469390023099216,-0.4317163669477286
9358,-0.19908907534322662,-0.5562706956999527
9359,-0.3532885010315149,-0.5665056979497025
9360,-1.0573376647296415,-0.4624016525733129
9361,-0.5916095960707045,-0.3848081344402502
9362,0.28961167721301434,-0.41623231177213227
9363,0.46209894309881067,-0.5595395074286068
9364,-0.15126532054045366,-0.6049319680033965
9365,-0.5190945135310783,-0.44991117724473867
9366,0.7134846253489706,-0.5399961205997702
9367,0.9006586097397744,-0.5329947395045835
9368,-0.378661114832398,-0.4652627731314235
9369,0.15885842351985796,-0.40346832002156746
9370,-0.4167479754571066,-0.5335181764306799
9371,0.9021390410779807,-0.51095964127539
9372,1.2426570552432536,-0.315501905356313
9373,0.6341704279083168,1.1552851528125836
9374,-1.0123200801213506,-0.09014988183573103
9375,0.8399812187525879,0.30771215175091493
9376,-0.034639020293211614,-0.2941947001247419
9377,-0.39948808443323036,-0.397592711997959
9378,-0.21574913794328446,-0.5784801830746861
9379,-0.5397385141798133,0.12461699727043349
9380,-0.7276356437979508,-0.3229039953346769
9381,0.5390069958414115,-0.40939157116799685
9382,0.0896201971153245,-0.621655711346276
9383,0.13821066600812112,-0.5453682824200048
9384,-0.9840721328722036,-0.4692496880791921
9385,-0.6381934935966186,-0.37468628574974494
9386,0.28219885518668275,-0.5388551628709051
9387,-0.40309253300905334,-0.5473712900444851
9388,0.4997928801011542,-0.4360614699144956
9389,0.37403349878984743,-0.643189541160702
9390,0.11108029210163442,-0.6414850426856118
9391,1.4561204313979306,-0.32512622525305807
9392,0.18039532197341296,-0.3382274441510862
9393,0.40074920786630325,-0.5220078256775756
9394,-0.695752998425273,-0.5394819548123696
9395,0.08529288560164076,-0.6089079616426311
9396,0.9903102306118758,-0.5426158569467711
9397,-0.3758876955295652,-0.4761975672420686
9398,-0.6466051604489202,-0.314257559380585
9399,0.0010744859261129982,-0.5834492345131337
9400,-0.4013761277628067,-0.5680857386657907
9401,-0.23593673900642828,-0.5328859222169939
9402,-0.11444050460993954,-0.5845552385586198
9403,0.03849726285222584,-0.605457666056079
9404,-0.15944113664617604,-0.5587773667340289
9405,0.21906119056734855,-0.42478314465833883
9406,-0.3824325979437575,-0.6157928304157401
9407,0.072701879950131,-0.4705541827339783
9408,0.1533947683485677,-0.4874489863312851
9409,-1.2844312746330053,-0.30327819930544025
9410,-0.1598531787990453,-0.4154785480743689
9411,0.4832958819022914,0.035944007300293596
9412,0.07532479408512976,-0.5698861079289452
9413,0.1884869225364597,-0.452037492569847
9414,0.47151974046623546,-0.21734376532836486
9415,-0.39418308725986234,-0.43738317429402274
9416,-0.0806715364267626,-0.5353754040897466
9417,0.43976875200742455,-0.5998442341311557
9418,-0.11220582999780343,-0.5732524298956706
9419,-0.49778155850025385,-0.5987473529973397
9420,-0.3291875587275346,-0.3503754882263976
9421,0.15112513432205574,-0.5060158934231557
9422,-0.3757348099143729,-0.4479179861192111
9423,-0.08791286247980018,-0.20457405244979987
9424,-0.2769465938017379,-0.34207690472906527
9425,0.23147333066832465,-0.4547115463175592
9426,-0.3505746905191907,-0.5591665002173873
9427,0.10672430505419399,-0.2742649664867381
9428,0.29944326739887894,-0.42696475313089655
9429,-0.033414248053066364,-0.330804609109003
9430,-0.4221178520099068,-0.5566818706584872
9431,-0.7348980027876354,-0.4818061582355121
9432,-0.5777819199433503,0.05916004093725397
9433,0.3249105144562481,-0.383117257300133
9434,-0.38099349530341214,-0.594352604044298
9435,-0.022976901612123166,-0.46788395888332546
9436,0.8657584851267428,0.4001486598970476
9437,-0.7230934035124197,-0.4518054197293698
9438,1.6923247697512047,0.011048803999208611
9439,-1.88214979764324,0.6924068459058241
9440,-0.06559874680564116,-0.2886350306517518
9441,-0.3734583909341906,0.06806531060659533
9442,-0.016726932834390532,-0.2989009888391637
9443,0.8746186631705153,-0.07813485860569341
9444,0.035365364322114706,0.1509255252679772
9445,-0.36750812136905686,-0.3111707363774406
9446,-0.5452751539035094,0.07409693007936469
9447,0.019799427713115,0.11990996633782654
9448,-1.1901802867726503,1.1972963168200934
9449,0.4555324451529323,-0.27187281979832933
9450,-1.3477454427021465,-0.1680954058168692
9451,0.3952409915727545,-0.3225557702815978
9452,0.14168902859644922,-0.5563656667271727
9453,-0.45453795402889574,-0.38017759152291997
9454,-0.0690382553400472,-0.49713068789645803
9455,0.44414783252645534,-0.38380756005948896
9456,-2.008868627502689,0.6082079017454501
9457,0.8656316762060196,-0.09527834465807426
9458,0.874689774274621,-0.5271369642315754
9459,0.32129553828712754,-0.15966933383726
9460,0.46962972455935165,-0.4478696413038679
9461,-0.5012879133926266,-0.5319294101451263
9462,-0.18985598192514824,-0.10864899180871453
9463,-1.1357824532398808,-0.5720028557849661
9464,0.14644654957700426,-0.47878882138080436
9465,0.022072639980021024,-0.5197588115225911
9466,-0.4707895638020426,-0.4631389083391339
9467,0.12379664017565864,-0.42190947107937615
9468,-0.9204108160769771,-0.14516122086314912
9469,1.4149583183390062,-0.2607798929082067
9470,0.4013717805595842,-0.48144735747829287
9471,-0.45138324298844806,-0.49060168969090034
9472,-0.5930804607917317,-0.4730269906881417
9473,0.7401701375495559,-0.36702376766606654
9474,-0.21796913603874166,-0.5423430637405544
9475,0.651739858967468,-0.45103896713151387
9476,-0.04827518683094282,-0.5676102382224404
9477,0.15469494192508568,-0.5992091931584119
9478,0.32531621169797326,-0.4998278424212609
9479,0.3607671161730841,-0.3868061856649183
9480,0.6485541273062051,-0.3457822730577081
9481,0.14829951832590457,-0.4194706799210284
9482,-1.1036306238899287,0.5586617518082907
9483,-0.4816634156038919,-0.34783873257218395
9484,-0.4616420613097423,-0.501377361529003
9485,-0.5192800144969423,-0.5082585005574953
9486,-0.39109634500854495,-0.5481753917105603
9487,-0.28989619842107367,-0.07347886756140393
9488,1.079347915751888,-0.35405899626724563
9489,-0.9603231925127118,-0.09965254754042813
9490,-0.08937214963502281,-0.5274058971825208
9491,0.3910475735490497,-0.5492703956568527
9492,0.6713597152202478,-0.5831218636526124
9493,0.20095931857325447,-0.5870365398601977
9494,-0.1313792586299153,-0.6343009215077455
9495,-0.45205427582994945,-0.5510273993581218
9496,0.15290487187529844,-0.6372229547611481
9497,0.47310186354824124,-0.4784383460401553
9498,0.1447537298907612,-0.6162484089697127
9499,-0.2368998864461416,-0.6586575514103434
9500,0.49989512069026354,-0.5554557916571129
9501,0.12748471721869464,-0.5363920858090739
9502,0.19196150965384984,-0.5519748205711036
9503,0.08577661143033379,-0.29755111872128176
9504,-0.41120293715582723,-0.48304663613496734
9505,0.5296314718643909,-0.46426890788552855
9506,-0.17892847487739758,-0.28417623423117605
9507,-0.4925385888348133,-0.5510879578046424
9508,0.27445875784496804,-0.49094084241383357
9509,0.2773309321691749,-0.3376049141412568
9510,0.6519692984230994,-0.3465455995544599
9511,0.17876775016264687,-0.3999686540502492
9512,-0.4517107449639235,-0.45405140960394846
9513,-0.4785898212850156,-0.3985740110947239
9514,-0.021212950290228013,-0.4660941968530834
9515,0.39249069429544114,-0.5683544210399103
9516,0.3056899817429391,-0.5625618025117852
9517,0.36407262623760894,-0.4244018660406166
9518,-0.226648195717042,-0.4988279722914249
9519,0.4365902033227773,-0.4474273682905801
9520,0.21381616902440423,-0.30896307737677553
9521,0.9676517270877498,-0.4034556564409239
9522,-0.07965233645319582,-0.43999209302464565
9523,0.5795778756723894,-0.059363297911843575
9524,-0.03230585677874827,-0.28237263365040444
9525,0.009475341334299782,-0.2826881215255906
9526,-0.5455652790619547,-0.4171620213928559
9527,0.37880364030431635,-0.5505378049233989
9528,-0.47545359770060436,-0.40106185605646116
9529,0.27743928560928954,-0.5582028469337947
9530,0.8299840883900462,-0.40706545186373044
9531,-0.500187085375915,-0.5707057002457957
9532,-0.011102692886342478,-0.46983493677089183
9533,0.39387448639599154,-0.24823546219744036
9534,0.05552811721396507,-0.15113981703124105
9535,-1.449681160682906,0.28159202821430424
9536,-0.5304103747587228,-0.39574119935057744
9537,0.6080690781834049,-0.48709809285371486
9538,-1.4977503423473812,0.14384318770182067
9539,0.37872946666356583,-0.2551828599172205
9540,-0.6945141199991354,-0.4552272065231987
9541,0.2927668640282331,-0.4578578598394262
9542,-0.1580689336022342,-0.44278685100626186
9543,-0.6027173898346295,-0.5642557666114911
9544,1.2286408927296648,-0.3755787759406941
9545,-0.3320334134875456,-0.4713107743228514
9546,0.30737165423679935,-0.5801252817536141
9547,1.6853229150619047,0.09042297425837242
9548,0.4091750097649441,0.6763547966696606
9549,-0.5710646576013045,-0.36189763013950815
9550,0.7478073633921235,0.4819354577590844
9551,0.5152879671630283,-0.47743738213017856
9552,-0.25314989582389047,-0.46414222506642744
9553,-0.010067753465085634,-0.359880959569616
9554,0.5399004324693543,-0.3465764018252225
9555,-0.7587380479882201,-0.39421323986913237
9556,0.012229931717990894,-0.5247921357388229
9557,-0.698528604039319,-0.4209952230808188
9558,0.12160317339997677,-0.45310852365719606
9559,-0.3810064051440984,-0.4442394488396682
9560,0.5713947292429217,-0.44219640744736005
9561,-0.49447832858257973,-0.5317995713587955
9562,-0.9706117210622484,-0.4891122572438944
9563,0.7414664352548502,-0.5326333174413288
9564,-0.08203849988377594,-0.6233065894832286
9565,0.5542891725690926,-0.46239543272094574
9566,0.061792108796291,-0.38767214422710355
9567,-0.15578560174851744,-0.5190203314475107
9568,0.10391391524002058,-0.5631988702142099
9569,0.3086200400807623,-0.6218586419565136
9570,0.0788288464518596,-0.514945227370994
9571,0.1295798934702096,-0.5596832477461031
9572,-0.46701095988587077,-0.4189244086606876
9573,0.4029227273792734,-0.5517848365357733
9574,-0.06796587796400302,-0.5963160981814297
9575,-0.40448328700685904,-0.46330548201282673
9576,-0.20512092571217683,-0.3706656602809106
9577,0.21247521998415891,-0.6247280343186454
9578,0.14165312850231174,-0.5439859728831924
9579,0.821720983782066,-0.5397380299116109
9580,-1.1427967558199896,-0.4434359373702908
9581,-0.16986951117303586,-0.49201025821422356
9582,0.23920318203751328,-0.6294059198135142
9583,0.5071227489629812,-0.5068897665134275
9584,-0.33260372734276067,-0.6121005958062845
9585,0.23127964591330838,-0.3211421824458994
9586,-0.4548506573862604,-0.5295464747786695
9587,-0.5409433088626947,-0.3581639467396901
9588,-0.11412785502598341,-0.5580417007840787
9589,-0.22432475866233717,-0.45084446310957843
9590,-0.006492974007107887,-0.526328395313572
9591,-0.1315583074784601,-0.5302166812235977
9592,0.15305223466687104,-0.54191795007376
9593,0.5709065197858323,-0.5951177295396662
9594,0.3485205461626393,-0.5615895385290898
9595,-0.06088702391705754,0.28384079149346186
9596,-0.15018387073695597,-0.5969717944238173
9597,2.285481413217233,1.7006203875030892
9598,-0.4755097370885826,-0.04303435095829283
9599,-0.2666752793434189,-0.3616017962163876
9600,-0.16485277797272488,-0.4952915711567856
9601,-0.11613470511959033,-0.5035316396582741
9602,0.6113091847223953,-0.4807274176578557
9603,-0.4223919945011182,-0.2578627613325936
9604,0.19797981893417313,-0.6061079364224732
9605,-0.41498480845552854,-0.5834208201387997
9606,0.46082181936672306,-0.49043367559360773
9607,0.11069569611729399,-0.6264111717476876
9608,-0.07057839479874822,-0.3975646626848349
9609,0.007034587594524422,-0.6009172455147502
9610,-0.4569060684874677,-0.5052275490614275
9611,-0.6048059614996303,-0.4583136113735435
9612,0.21615343083242697,-0.5523117051703599
9613,0.23053113345445478,-0.5312767597813091
9614,0.2814138128511001,-0.4823046864382736
9615,0.03255428144132741,-0.49679328850495225
9616,0.03739935573122132,-0.5172928171959608
9617,0.634988781530907,-0.41985613888843765
9618,0.08488506801268521,-0.34507078903425614
9619,0.4437360915724483,0.010678880720764474
9620,0.04300933910234212,0.04200560419944612
9621,0.21510499162594876,-0.19189117636650604
9622,0.11105406671122812,0.5896873344818916
9623,1.031573697100888,1.1381910856699666
9624,0.46827027997622855,0.6581665913974117
9625,-0.0012255608641434594,0.4968285098583472
9626,-0.6052054114602092,0.41223408968760544
9627,1.3860834929418604,0.14453177991425142
9628,-0.768018054879297,0.16203031723881928
9629,-0.4243251409531938,0.3100403071490293
9630,-1.0389897660962553,0.756490701701784
9631,0.38867827152200946,0.38905377868865615
9632,-1.0514006938247593,-0.2990398510697729
9633,-0.9413991496322592,1.2055578487914143
9634,0.6587127327100696,0.46463866120016
9635,-0.3566830862320072,0.0198289764937437
9636,1.149649387638036,-0.11156099691733423
9637,-0.4421388065116353,0.05861730562784241
9638,0.5244749504024163,-0.3747118077876236
9639,0.5327092318142069,0.011441024793470589
9640,-0.05726081096971034,-0.35475514869125
9641,0.24118691167639494,-0.531185701714863
9642,0.31029327142465024,-0.48186080523407804
9643,-0.5508685646458705,-0.5068089868623857
9644,-0.7446017835183835,-0.2623509460544248
9645,-0.044275644018127176,-0.4194168798288606
9646,0.013071044691081451,0.002468962249336368
9647,1.7736091685793107,0.8585246415828831
9648,0.2921229843175484,-0.3354338930826353
9649,-0.7736998571329738,-0.2227199163244984
9650,0.4141529283546728,-0.37645524018579074
9651,0.44002086282882147,-0.3175720582527942
9652,2.196008039673791,0.987305357141441
9653,1.6590601116830124,4.360776266371989
9654,1.4638694265150818,3.8804256140085753
9655,-1.3131750873111805,2.6398334219460278
9656,-0.9768040892947757,0.9582154003511333
9657,0.5292840118937169,1.1875536669972007
9658,-0.9367380496750793,0.24552007157584074
9659,1.1452888037433442,0.6147465165212577
9660,0.39785146673559707,-0.0734275250260632
9661,-0.5893655086865862,-0.3512232676937019
9662,-0.45689605349240026,0.07769198001764005
9663,1.7435281486610605,0.25884585099282637
9664,-0.7537728423163061,-0.19280865962348265
9665,0.7212460363203285,-0.5825047471431855
9666,0.2606488712133554,-0.0412407181551478
9667,-0.4649030593065911,-0.39582391082921825
9668,0.33627843524557854,-0.16590798665513098
9669,-0.44522455501589986,-0.3057725245016158
9670,-0.3907353510231195,-0.23232418360849344
9671,0.40222677627618564,-0.30438650305960563
9672,-0.8976587363008889,-0.38753238355623765
9673,-0.4686620926487921,-0.04922899191399232
9674,-0.4779815895752438,-0.37444242386002174
9675,0.7518861739212965,-0.3881197084358002
9676,0.4514397596156012,-0.44285907594769064
9677,0.4864909694043417,-0.5134810548224614
9678,0.21548572284718406,-0.15007813733769207
9679,0.7125608788784671,-0.31678400556198005
9680,-0.20380536607639727,-0.2991992664804743
9681,-0.30591839697214407,-0.42600796460627355
9682,0.315270689298712,-0.5088209995166684
9683,-0.30839916910590964,-0.5336244306914165
9684,-0.2763077455815299,-0.5430939352385207
9685,-0.2779339981789845,-0.4846481460387318
9686,0.20559246269822,-0.46479083205834976
9687,-0.8193530546955503,-0.42134533043033195
9688,0.615882432708539,-0.5343526853122625
9689,0.6732433638050144,-0.5092677027785019
9690,0.11192734207962869,-0.5710761621514415
9691,-0.5333024736800968,-0.48592255209283985
9692,0.11731714245893184,-0.4628532709553068
9693,-0.5057033268569232,-0.5169340383766857
9694,0.3087398709359903,-0.039586654818805925
9695,-0.14001290305811945,-0.45501531533957923
9696,0.5276510680847257,-0.48605376554180646
9697,-0.544672835673625,-0.19781792352344824
9698,0.5370401361249919,-0.3335600127843652
9699,0.9343492574992066,0.4974676029668948
9700,-0.0704532133718313,0.4320983791433088
9701,-0.07930953278137058,0.26896808725676946
9702,-0.3286488146700618,-0.2679278072274501
9703,-0.28065765044496727,-0.3395992783552563
9704,0.6051068241372246,-0.46868820018914986
9705,0.6039225755513413,-0.22156593329292482
9706,-0.32845161323042354,-0.27486666152231526
9707,-0.5475565403204875,-0.36099938533003256
9708,0.011153358055905876,-0.20954429191942903
9709,-0.21196900652398537,-0.17422867759313085
9710,-0.2494676332379917,-0.5285171556737863
9711,-0.6585694169412298,-0.11027741548123933
9712,0.09153260314616972,-0.41469780621196956
9713,0.20628995106450446,-0.3781600451439607
9714,0.4970142225830483,-0.2372079191089858
9715,-0.3086436891554081,-0.24265600198005852
9716,0.25850856705940317,-0.5592403292316205
9717,-0.19439670130232314,-0.5140309218559556
9718,-0.167778427191833,-0.4965380414460946
9719,-0.7003364973232945,-0.4536227931209929
9720,0.27428205090346586,-0.19235680074018244
9721,-0.6545074877372227,-0.3816922015635227
9722,0.43934099780689245,-0.4758150659994843
9723,0.277141976432641,-0.40979853875379085
9724,0.6620010325271609,-0.3748428073655927
9725,-0.9471125182269278,0.47606512815059965
9726,-0.2775095245576178,-0.31834013177273607
9727,0.5348355628291493,0.3541992764882655
9728,-1.0335748429806604,0.5575698898216082
9729,0.6977039932050211,-0.21524310840283498
9730,0.6021239526909746,-0.4447130175017848
9731,-1.1109429439178593,-0.17721909475311165
9732,1.1458882616478057,-0.36711188363228203
9733,-0.5769929382949051,-0.09354282510287491
9734,0.5952948039293361,-0.34715560626770875
9735,-0.023523498230247596,-0.337452439488693
9736,2.9704570564414543,2.6918431255427997
9737,1.1970690135737223,1.6991288605207564
9738,-0.0898780392103523,0.80033061697189
9739,2.1442594154240178,1.3341773254464098
9740,0.014557059788718178,1.222588506693965
9741,1.0657722708952884,0.6014715199998747
9742,0.42670185998099747,1.3086307692580803
9743,-1.0654837719824821,0.5181754105384201
9744,-0.8083147239468406,1.8543947494798427
9745,-0.6966750532251297,1.334194514047755
9746,1.1235638648997326,0.7186370714454848
9747,1.0930449170400585,0.3654514261571735
9748,-1.150773568677371,0.15419587251414793
9749,-0.15677099113313853,-0.3382558562300201
9750,0.12026741990681565,-0.14564993878824264
9751,0.6847095922942824,-0.020594941627304422
9752,0.10650028740060105,-0.2785087582890441
9753,0.36346918918593124,-0.3833607241067437
9754,-0.0400323998942129,-0.04751394673006845
9755,0.7080783147957079,-0.08515557121601383
9756,4.98025091579324,10.141687535030888
9757,2.3445068203680184,4.927341922722359
9758,-0.044115197459230114,3.6393588555810386
9759,-0.08137100077424825,2.0168733423165333
9760,-0.4123773950851601,1.8630493755373367
9761,0.42848608177530706,0.3669982625503755
9762,0.3515327963240591,0.273511320408934
9763,0.1335258684446402,1.0811956437437882
9764,-1.0184745916383378,0.5541208061677483
9765,-0.33126889010612326,0.9811961916274143
9766,1.029105934060035,-0.03433073436241067
9767,-0.6170448280081997,0.2502961450818067
9768,-1.83140249005304,2.14296663998398
9769,0.369000261004951,0.8595151342608618
9770,0.7455074205554202,-0.36692252970288
9771,0.7164236460034996,0.5326428265052473
9772,1.7114615563570847,0.4826843583034667
9773,0.16902535920037404,-0.12788959542553863
9774,-0.11453546885690541,0.8503570657071344
9775,0.20577144891914378,0.10590057387703083
9776,0.8500403677629583,0.3603551460017196
9777,-0.016727849131850513,0.6426982135341431
9778,0.5871638293224097,0.3612251051795793
9779,-0.7879111866282551,0.38266231182425736
9780,0.13631505199069854,-0.15104119514642436
9781,-0.07613895380854524,0.15417867765819224
9782,0.6456413953529999,0.07251556835626766
9783,-1.0068761281695204,0.45047203796181046
9784,-0.09795486536750221,-0.19583511772157802
9785,0.1940535758092626,0.4806813000972409
9786,1.2549267834843219,0.5326328601780997
9787,1.1404184399360162,1.0423273180763433
9788,0.20832950881282453,1.0874623242175305
9789,0.9755383950739928,3.3415468998671587
9790,-0.5971400868656161,2.4551154502445627
9791,0.5794654119977742,1.3928617998606947
9792,0.07698598993317195,0.17045858853015264
9793,-1.4831225324967594,0.926157955822493
9794,-1.5021870609292693,2.3812020333209056
9795,-1.1771405765368474,1.9304393602501826
9796,2.1390605782819754,1.7531713764687078
9797,0.10181521732286607,1.2479188154359173
9798,-1.4548701715984367,0.9027442440522802
9799,0.650971952020577,1.5468474484641828
9800,0.8347695312973156,0.35220991508959065
9801,0.5462884726362378,0.44540988625124783
9802,-0.19099797981084166,0.2197250181699074
9803,0.19467799745810818,-0.02577260431874492
9804,0.9346107504226099,0.45158386705951536
9805,0.617643692707609,1.246999596459005
9806,-0.14011591521271113,0.568980315072778
9807,-0.3364986337087357,1.3586491762942727
9808,0.7137752485137816,0.7147772540083999
9809,-0.5653800959451845,0.168645994191786
9810,0.13972721419897668,0.4409326258852518
9811,-1.2031776486858212,0.46805848417669743
9812,-0.023793479258854,0.40699173531340554
9813,0.04331715447640411,0.33114756426494457
9814,0.08468027580655653,0.5004737131526003
9815,1.2288806223760638,0.27948152932312714
9816,-1.6144834693377224,-0.2687934560876508
9817,0.3928210683226662,0.08288775985466046
9818,2.647220623561731,-0.11444971347473613
9819,0.15933997693474097,2.8314777372899376
9820,-0.4180521367461633,0.9278418239104386
9821,-0.7715325692130481,1.2801622464963236
9822,2.4788083967090917,2.1184461667313927
9823,-0.34299733708905467,1.1672908384048184
9824,1.1040362400111152,1.7952067552803113
9825,0.48307042582204496,0.6626900799914285
9826,-0.9237175712264485,1.6647991612680624
9827,-0.8843116574980978,1.4991138396354124
9828,1.667122762850198,0.9696589267551893
9829,-1.807804613579003,1.2739395755990945
9830,-3.6376419723862226,6.418856185030637
9831,0.46345204070741153,2.3372445584966366
9832,1.3620190433788932,0.7805791068312847
9833,-0.4374685575683069,0.14774490686229455
9834,0.9416195291101513,0.7048396418607608
9835,0.2789630723003945,1.3645543834311138
9836,0.9924407860027583,0.39661563342773937
9837,-0.6175104171169684,0.08689405697767213
9838,1.0679498020734968,0.2702634774708448
9839,0.7584568299325938,-0.21155605558032572
9840,-1.2635547890687235,0.09073933123129117
9841,1.054518088581741,-0.18976139582863
9842,0.13597314724931764,-0.016899032320029185
9843,-0.6523579632916875,-0.21986424271811128
9844,0.2588243374818673,0.38282211702757096
9845,0.086123087390548,-0.05737022115043997
9846,0.8773610477585801,0.7385084981999535
9847,-0.7902382800758209,0.006985887342707663
9848,-0.5662359084289991,0.394661843244427
9849,-0.9425309341042103,0.2883772146290141
9850,-1.1902611305378994,-0.2138527556596715
9851,-0.480056707230204,0.32694513261494146
9852,1.0362450789822317,-0.11684046422562924
9853,-2.628941141757827,0.9944908659651258
9854,1.010181104404395,-0.1727602176872598
9855,-1.0129186825598966,0.0426881156877258
9856,-1.8185308236448956,0.7590293125607424
9857,0.6522360304149263,1.4018025639550422
9858,1.280194371974272,-0.24545483302745974
9859,1.1633191072608384,-0.03558164184392464
9860,-0.12712463932281248,-0.22723391344460833
9861,-0.2553120385863274,-0.378081242786115
9862,0.16310186052884948,-0.43070842616544014
9863,0.1299990010105223,-0.22323454106633464
9864,-0.22069367400105327,0.14943647880513825
9865,-1.6610978676961892,0.9248325005790734
9866,1.9722425994477546,-0.4929665231455514
9867,1.6033353715968024,0.4025154456124269
9868,0.2354492357727508,-0.13160229145225905
9869,-0.183106630137749,-0.11210818223863418
9870,0.1489281911680183,-0.33294961552262436
9871,0.4236380513653888,-0.279483980270596
9872,0.341120924094148,-0.4660498350457623
9873,-0.1037064270019973,-0.37688495406340083
9874,-0.766115130660451,-0.3919300586760939
9875,0.8964986949748941,-0.5110538388200799
9876,0.23472008245335757,-0.26074770621938403
9877,-0.4237064055766829,-0.4545063244440508
9878,0.024052638689807913,0.010344502379338514
9879,0.34976129007959433,-0.05784177835723032
9880,-0.152733954091339,-0.325663344381736
9881,-0.683298966812039,-0.3318045012918768
9882,-0.5444365225451423,0.02862289903798805
9883,-0.8283759255445783,-0.1389656927105288
9884,1.0301944879259555,-0.09081569506481908
9885,0.11608956294061343,-0.4001959978026614
9886,0.18033443688397735,-0.4830436245267974
9887,-0.36252437632186923,0.20239662887194818
9888,0.8588000561665878,-0.48723192850249136
9889,0.7702582690157275,-0.3669954802118757
9890,-0.2529084669749028,-0.4238934191003494
9891,0.29176693156195743,-0.30835306694044706
9892,-0.24259463919214994,-0.2019211216622415
9893,-0.8747276398312662,-0.4775018002970571
9894,0.1609134068147622,-0.4007945648437991
9895,0.29177491064332867,-0.2305558373560071
9896,-0.37638782350713723,-0.5064652743464572
9897,-0.16299969218738647,-0.24187172767542756
9898,0.06222717606083645,0.2757120071740825
9899,0.05102547654342629,-0.4086454033581824
9900,0.2588265187114648,-0.32250633201489587
9901,0.9960291762841531,-0.3407320102092997
9902,0.15101031231812864,-0.2824729991638214
9903,-0.5311734439901448,-0.3640751118381002
9904,0.11897792029417775,-0.23462553579760176
9905,0.6351442257763218,-0.41278285196066283
9906,-0.2935370184999108,-0.21176818330123764
9907,-0.513612634657256,-0.40749571182263616
9908,0.10764097696348639,-0.5530914072217431
9909,-1.1109947794328123,0.058942710388393674
9910,0.2168956526473403,-0.3474582463985509
9911,-0.6158262058360536,-0.1637025863435353
9912,-0.90858392499063,-0.057817772305654096
9913,-0.9477026951698925,0.5270074952499478
9914,0.2544026840734259,2.209346192259304
9915,-0.3190470416730545,1.051990651171836
9916,-1.2219104339322504,0.16425464826103783
9917,-0.20212720314440147,0.8645629960951475
9918,1.2951856670326223,0.29504254008873887
9919,0.8651212238859795,-0.061381875157793114
9920,0.05206538960264722,-0.3641521088131354
9921,-1.2068599799876905,-0.20486377067411068
9922,-0.9065484176057511,-0.3581990886516136
9923,-0.4037671841997533,0.010185641579372472
9924,-0.6768702262844228,1.3173955877129817
9925,-1.6131005825704623,2.259519239007891
9926,0.35403520851993586,0.7635820021175032
9927,1.5026249121687436,0.947376482571419
9928,0.18563982211180502,-0.08898969750126895
9929,0.06793928271048913,-0.5112368020850359
9930,-0.7414034051202906,-0.49526994919392986
9931,0.9061668921085844,0.04517054684861953
9932,0.811260707481532,-0.24129957201197946
9933,-0.12507870428950923,-0.35234319758694327
9934,0.2506053275554587,-0.4861980642844138
9935,-0.15353462717726626,-0.16720019809467776
9936,-0.08688934359085496,-0.5728953874828872
9937,0.21893521033966143,-0.5460682706434924
9938,0.24040638060944755,-0.32284281576848683
9939,0.26440749841108313,-0.38578990679032094
9940,-0.6333220696310652,-0.43085777184461227
9941,0.7293674145909166,-0.5314236032910056
9942,-0.016966885394443663,-0.5120085973484261
9943,-0.9812413941875883,-0.6074272597405215
9944,-0.04983498332230831,-0.6082715135295886
9945,-0.6459233669047396,-0.484867722560414
9946,-1.3651867444871995,-0.4481475437200657
9947,0.5311290922712502,-0.3767070354753708
9948,1.3936259728599523,-0.5113701352658392
9949,0.8582226193857326,-0.4244876808095907
9950,-0.07263449709659597,-0.6237395035958361
9951,-0.35769091118229646,-0.5783436278148678
9952,0.25794751217925294,-0.6339439242096092
9953,0.01672371727559792,-0.6222162122988286
9954,0.07348314941110615,-0.6215676143960037
9955,-0.611014426998387,-0.5081670936713448
9956,0.3290270796476439,-0.5880096990697844
9957,-0.16867127115679176,-0.5085195503149095
9958,0.870972921484356,-0.3195903640669558
9959,-0.25450204900372325,-0.4859823908016229
9960,0.5721537693654667,-0.17328160622316358
9961,0.14336553818270714,-0.2854126975791467
9962,-0.6420252939269967,-0.5487553574343299
9963,0.18840471807306491,-0.5913517698298688
9964,0.0961646976549999,-0.47324178841528713
9965,0.5852281393901344,-0.1951171467423373
9966,0.2483648704884814,-0.48355378789053793
9967,-0.49671631021370904,-0.4494457837154343
9968,-0.40131453799632655,-0.5215320932708749
9969,0.5686950830891225,-0.5450569770995274
9970,0.6112047048466939,-0.36994969185553184
9971,-0.5668811063026323,-0.3361567329677523
9972,0.6561152142046499,-0.39355171204172185
9973,0.2029712271536224,-0.5127254944168612
9974,-0.10470293213200657,-0.5911624132316571
9975,-0.020910484479702774,-0.46285145802619
9976,-0.046201788190230283,-0.38540621827443367
9977,0.28655395924940125,-0.34819654314778586
9978,0.5225205624714999,-0.13760642992621333
9979,-0.15399669278281844,-0.1466819966448044
9980,-0.1109534656632068,-0.5830382155141766
9981,0.13645089189139203,-0.599893227008295
9982,-0.41706991054013104,-0.27161262264709257
9983,0.5528581087323596,-0.23246105389677185
9984,0.3965207747775333,-0.24529069103339973
9985,0.5287840896421865,-0.15891053223204635
9986,-0.6886768495930855,-0.38731342559589704
9987,0.20016014600490903,-0.03486135975689602
9988,0.3898762573270397,-0.23869228424155065
9989,0.0587837098137827,0.16594124012033867
9990,0.36424941571288977,-0.23482671404681754
9991,0.06862570506645574,-0.2069355383948881
9992,-0.33736322073822256,-0.3107728990401266
9993,-0.2969849415286438,-0.3399699424999244
9994,-0.09317116679222526,-0.4074220333013968
9995,-0.12269027086845272,-0.5405843174514225
9996,-0.25492590120934666,-0.26481551665339437
9997,-0.4537869137349446,-0.42392434385496514
9998,-0.328043763772988,-0.4222068928196029
9999,0.6694886639859484,-0.5508373096861662
10000,-0.20498082773783677,-0.5604363823940028
10001,-0.25841458244016174,-0.4092117305115227
10002,-0.3996924521102057,-0.3644655134850992
10003,0.9316723322368905,-0.4777478799404685
10004,0.36465170001061425,-0.26715101665482943
10005,-0.4376622532309223,-0.4442464390449101
10006,0.3787269536342691,-0.49263261779059386
10007,0.06004963662362929,-0.5232413215733045
10008,0.7563949637626567,-0.044570431686254394
10009,-0.028445799965226445,0.04420041027665179
10010,0.6177059522211462,0.5779700584607792
10011,-0.9560576619797501,0.4539891375854473
10012,0.509578909629014,-0.23118032422821722
10013,1.00116729739732,0.2268200006659021
10014,0.055085215662878245,0.1501001646382954
10015,0.21732324160684424,0.24300006141065894
10016,1.7241673119991265,4.6013370331991545
10017,-1.992213792408495,0.7514691220404052
10018,-0.25208321303672787,0.6457493401936286
10019,1.1100621911033486,0.3747606340557779
10020,-0.46436571236817725,0.5194406645773231
10021,-1.6926512052261982,0.39167269572436153
10022,0.21447245177133792,-0.00683942537111242
10023,0.4556285566590219,0.022681904942514167
10024,0.18900429434984814,-0.24111368262292
10025,-0.36108097906571035,-0.5093813435583573
10026,-1.2821381669451264,0.6547611961851529
10027,0.26536315808697736,-0.11133164981006667
10028,0.47657373345504206,-0.41612474748399414
10029,0.6178070488203494,-0.2867580107508528
10030,-0.08199309918236607,-0.4610933776084893
10031,0.18843927098271307,-0.37870398813309697
10032,1.1226659611702232,-0.17230658002286048
10033,-0.19344934379919804,-0.4072002860695526
10034,0.2980832444332204,-0.4313243609276365
10035,0.09089085647827307,-0.5793392019830506
10036,0.8034734971146088,-0.17401619417935651
10037,-0.8591545623483536,-0.05652084200050926
10038,-0.5009665254581451,-0.36997749564138394
10039,-0.14296777940053731,-0.4352442598050545
10040,0.9817209303921699,-0.4140409540592818
10041,-0.5246447636779284,-0.5886180413709724
10042,-0.026258899035615166,-0.5314990080179655
10043,-0.7539720730998092,-0.5092840553464678
10044,0.15902298960723432,-0.3999697771688347
10045,-1.4130391655258179,0.2762499570177071
10046,-0.15126982820536228,-0.3057136892476504
10047,-0.6439676338715999,-0.0636624115990568
10048,-0.43008613222518277,0.3723773196947089
10049,1.8464644744443313,-0.12718446866896693
10050,-0.8359970758375208,-0.45082600067691664
10051,0.264323250991897,-0.41474849897376
10052,0.12615005010079158,-0.2670054070777664
10053,0.2520730939602699,-0.557921762179187
10054,0.9222419071707405,-0.316670084128423
10055,0.5113668475121681,-0.43743155348150203
10056,0.377302318447132,-0.03657465513725245
10057,0.6021205014490928,-0.16257446415377738
10058,-1.1890571201616884,-0.0012376640918126058
10059,-0.018864699308945528,-0.5107394000275102
10060,0.24309566255806012,-0.3229098405405164
10061,0.5781452685282263,-0.10729043160091947
10062,-0.053228929556208435,-0.3269539663192338
10063,0.32385159193873364,0.2855767837267026
10064,1.9070458725310342,0.9663488039194431
10065,-0.10367916419196133,0.19204119699496808
10066,-0.2831882146804474,0.5401654682112957
10067,1.2830800094519907,0.5351474855268611
10068,0.2059148490751608,0.0231540045853123
10069,2.7050552903736964,4.872852538652844
10070,-1.1034671406616805,4.056755526470085
10071,0.28947241819070085,1.5262990000497976
10072,0.57634045937403,0.6628061078393894
10073,0.32100161553384643,1.4106241416258618
10074,0.6176073813823014,0.5632122227600957
10075,0.13709361966968123,0.706447026982345
10076,1.8156263169290083,3.3422946925404817
10077,-2.1038122058668716,2.057054170309932
10078,-0.41724941176566227,2.829861592843906
10079,-1.2817751008544258,1.916312989911095
10080,1.31121537721639,0.4160850756410444
10081,-0.7887411574380339,0.5181314560013721
10082,0.10146588648725369,0.16307951394096493
10083,1.0540502168505264,0.949058794897021
10084,0.3798336888419037,0.6981672640428114
10085,1.3408190894602134,2.941781588086566
10086,-0.25116269424314797,1.7022202765910281
10087,-1.3944894591139303,0.6110221186731163
10088,-0.5136835795336129,0.6670543654091968
10089,0.9226185552520224,0.018747416940866447
10090,0.1119298890010869,0.6831772605769075
10091,-0.697911471023002,0.17224882545672607
10092,0.12555808407735436,0.7447621782783791
10093,0.7386073903141728,1.044572977414212
10094,-0.8446773221770612,0.4142308978283355
10095,-0.8664103699158494,1.886729194240649
10096,0.631107817902461,-0.0805015232022528
10097,0.5060823986469788,0.3308889848232836
10098,0.001481882065242237,-0.4054285688875442
10099,-0.5421442038671634,0.3221192180200081
10100,-0.9651334154538698,1.0677532767655749
10101,0.37041646155413616,-0.06744714037659386
10102,-0.6559384620187779,0.23829252828625866
10103,0.7666695701706747,0.1750599472073878
10104,-0.5705202529509932,0.43115085564766853
10105,0.1979831870209737,-0.029074060865847063
10106,0.18644650843143903,-0.12818543206786412
10107,-0.08321756355835863,0.1890479080727835
10108,-0.8059092525141358,0.6708155213992584
10109,0.3608553375542138,0.75752390512977
10110,0.4131545902860389,1.1890789508280084
10111,0.19459605587300233,0.893919481318104
10112,-1.687936038902267,1.4910177833948342
10113,-2.1636321817188926,2.786772026952324
10114,0.8425506441753688,1.2797825226968433
10115,-1.8511537467575392,0.9972032536524299
10116,-0.6794337119733201,1.2440063186003485
10117,-0.8276325986044702,1.207127334120585
10118,-1.7678979210189356,2.693165100595995
10119,-1.9470429440559542,1.286290902966707
10120,2.9493162637727632,1.4644774970570626
10121,-0.5747322064647856,0.6836108081497262
10122,1.1538030935541415,0.6100280162652637
10123,-0.3398530391131544,-0.1796570973401721
10124,-1.0418124845739818,0.1659112063588679
10125,-0.7084886729068791,0.129152719626612
10126,0.47922141901600385,-0.272466846264563
10127,-0.806170724855418,0.05438614798261764
10128,0.9852742316833922,-0.2663802134328821
10129,-0.7238678374397507,-0.09958328183726362
10130,-1.357600315036785,0.5372285205524118
10131,0.21158505615978554,0.2566768388686037
10132,0.30856219729258955,-0.4460948593940677
10133,0.09283328512724681,-0.22118407058110315
10134,-0.06243612206673363,0.12663393970938913
10135,-1.488913957199749,0.24431585577214243
10136,1.0110380178823506,0.7148067872192834
10137,1.053234351986778,-0.2958788926516711
10138,-0.18821498504845,0.03569923549825618
10139,-0.8894979498609881,-0.273810911121873
10140,0.5695820755025851,-0.4647392116899736
10141,0.14666033174040222,-0.28393033351465763
10142,0.18760455327765643,-0.47384368709684016
10143,-0.31876836456220653,-0.2661662800205448
10144,0.3497178710521888,-0.5572633740943616
10145,-0.08849933053481526,-0.4628600559571177
10146,-0.20685641019236975,-0.5517470962494413
10147,-0.41010496049019834,-0.6010073438853787
10148,-0.6327944425482533,-0.49754313763761826
10149,0.444468759113984,-0.44556332057408615
10150,0.0629990729953786,-0.5731314695032002
10151,-0.9285690653153935,-0.23307462586017905
10152,1.7248554588724883,-0.07615555836276139
10153,-2.3422690174347265,0.40408693777164034
10154,-0.12336330896832241,0.3203722460150648
10155,-1.296392977891969,0.6208706801131149
10156,-0.35383047957649355,0.7626687030361837
10157,1.6374625854451392,0.5839436024196898
10158,-2.0033099068193785,0.07937517725652424
10159,-0.1534257691552971,-0.027662833883706578
10160,-2.1413979254440476,1.8341375893929648
10161,1.4515178028673201,1.0635274746534809
10162,-0.4102690384824158,0.10403294393976754
10163,-3.1497795917215528,3.3092664403132166
10164,-0.17085440126966364,2.3025179627212795
10165,-0.16028965258873792,1.1390063387964917
10166,-0.10517632114521286,0.4950110675240405
10167,-0.44080221103629014,0.7694626020419524
10168,1.584574771338868,0.7092005318260961
10169,0.4633706643234941,0.030496048419682332
10170,0.13034113322307841,-0.44896446115618993
10171,0.5979797452433339,-0.11213169407209238
10172,-0.3130429032936481,-0.08254837235249392
10173,-1.0029427651547973,-0.2934727190255392
10174,0.5111641229452145,-0.4508240702412252
10175,-0.10149533941555625,-0.22423235246388726
10176,-0.3475180901073515,-0.4359943831408184
10177,-0.07886168419185925,-0.35988538607892373
10178,0.2639506842120511,-0.24102083809662073
10179,-0.3175984205187957,-0.17033339200744937
10180,0.08342034570774924,-0.32180560340918146
10181,-0.8488200572525276,0.05676085697331347
10182,-0.4963724944234083,0.09352054726548278
10183,-0.32148694800733624,-0.06322019652352946
10184,0.6048451522832414,0.49102822182763695
10185,0.006316258083747608,0.17381651905148554
10186,-0.3991725043323512,-0.3805542132759298
10187,1.345589188017803,-0.31296695690864174
10188,-0.4232787202702167,0.009414853890050623
10189,-0.42634417081126214,-0.0069282534958113266
10190,-0.4535451404206661,-0.5597592532504038
10191,0.1337422519288889,-0.3182119040677661
10192,1.1102884496807386,0.1682556708724835
10193,0.20834405791082297,0.018781573261013713
10194,-0.20486444080131488,-0.3113812978420256
10195,-0.4908163857723979,0.31073088180627156
10196,-1.281064957208194,0.04132780608723243
10197,0.5672390707305582,-0.37971748661739496
10198,1.1226734422094107,-0.022139546860224808
10199,-0.30111837144180637,0.2708517466058804
10200,-0.506889759949178,-0.06852026083403263
10201,-1.299879927919288,3.652440781068967
10202,2.67707410540666,0.6323478015032751
10203,2.8882740178531128,2.3627527352160427
10204,-1.0317518369343543,0.3651572872862587
10205,0.8630840504737864,0.7870124497733734
10206,0.29216253281187304,0.9218651128546321
10207,1.1375535368292076,0.778009633390312
10208,-2.5206516595812833,0.4816799775546727
10209,-2.771219147533655,2.534964473111625
10210,-2.8201833613807543,3.1041784381976756
10211,0.6923129095559112,1.436978097289372
10212,0.3447111225404115,0.4892634317442518
10213,0.915017098769637,0.807528822051899
10214,0.6788164146049945,0.6410254048290019
10215,1.3898881781246728,0.8958653239183824
10216,-0.06403134546386197,0.1397184047829978
10217,2.2969370397784052,0.20590058775462272
10218,-1.4763212999099122,0.5243038616442073
10219,0.4063971689274172,-0.28087344560649014
10220,1.4734520014926884,-0.23309724346873714
10221,0.2502443278335082,0.31362981910375204
10222,0.6896863398897541,0.3810371521520286
10223,-0.870277970998783,0.9522360822116466
10224,-1.3167985550889978,1.5413055787492638
10225,-2.3330015723123805,2.2305532133495323
10226,0.7430469801886356,0.10020062869776421
10227,1.2170250293487082,0.09501207686933723
10228,-0.9096527997347792,-0.09815080918317345
10229,-1.7615880035422926,-0.13177358947466947
10230,-0.9154036151011986,1.013746675422124
10231,1.1264093310246415,0.1499299321357697
10232,-0.057990397257348884,0.008604402178973536
10233,0.12816482236729912,-0.4629758198401062
10234,-0.5351854539051323,-0.3047664736221863
10235,2.1110418637354984,-0.1386479631360807
10236,0.37400857933950216,-0.4471562872629243
10237,1.6583201279741793,0.08277453808034092
10238,-0.01567052520377392,-0.46182051030190147
10239,-0.4109864481047487,-0.4345818499816964
10240,0.18239742492760017,-0.49783076295305434
10241,0.5432102457903794,-0.23207933371174153
10242,0.4665430357851735,-0.43364845607658603
10243,1.1940864395471562,0.24097548724237675
10244,-0.3255347281673331,-0.2822803290425675
10245,0.6486049442559993,0.27616636588792093
10246,-0.19837316987116263,-0.28166987486101513
10247,-1.3906384804657157,0.43756294753571284
10248,1.0832995282440836,-0.21798426293918838
10249,1.6398309222030636,-0.12386362933511945
10250,0.3035121766789104,0.2201216588056637
10251,-0.6989781944979954,0.04973857079912614
10252,-0.396346196150145,-0.03189682341720017
10253,-0.2488232538845259,-0.12194116014066111
10254,-0.0695090476655849,-0.11387094848298157
10255,-1.0643963068601654,-0.20332978620844278
10256,-1.469572866654571,1.0324221860408014
10257,-0.9733809701424948,-0.3984983242889143
10258,1.0097712680718167,-0.3718061762332951
10259,-0.40919207409812264,-0.4167307928774069
10260,0.4194314989385752,-0.40217144919009634
10261,0.4813422393462291,-0.329106550850741
10262,-0.3190297699612719,-0.5481859562004433
10263,-1.3088133893970406,-0.21587728923099359
10264,1.3213228444283707,-0.552246903587423
10265,0.19556078187514156,-0.6131368118662621
10266,0.24193287835865435,-0.5436330727251427
10267,1.2225976428348329,0.1327453644059775
10268,-0.40374395828898196,-0.4560412001427435
10269,0.5289969344335256,-0.48141382369303437
10270,-0.5007074328030057,-0.05181410817364911
10271,-0.4678064965985319,-0.19192978550023004
10272,1.0274560618729232,-0.4815641063579752
10273,0.9853016369140604,-0.2973407048339706
10274,0.15859591239117454,-0.10790622096855142
10275,-0.5722040149116109,-0.4302651819441243
10276,0.7125735617764876,-0.5101302053989691
10277,0.231250417358395,-0.10197432023749496
10278,-0.2700766872677889,0.22074358368657154
10279,-0.19834468243860154,-0.34747758925375316
10280,0.2573293364763522,-0.389177813564172
10281,1.358028013408074,-0.12246012399579027
10282,-0.1371272577921067,0.2765508877614123
10283,1.1701087049836223,0.21254426308155952
10284,0.060512712200864786,-0.2877731938297266
10285,-1.0549879570679244,0.7206812415795002
10286,0.9703592547729596,0.38067040872292346
10287,-0.21817884076475147,-0.060946944914672854
10288,-0.14172502557702338,0.058634513842547094
10289,-1.0941115244343407,0.5258352696322329
10290,-0.2738382738534606,-0.03421182034272204
10291,0.7060012329810788,-0.18020133746420725
10292,0.07601508626248282,-0.43159047136895773
10293,-0.0009840514064272015,-0.472899443278226
10294,-0.05213496793078258,-0.34530518115116293
10295,0.22422760707223,-0.26294407781211077
10296,0.5474161710469628,0.1175703272876401
10297,0.2005216205016491,0.2827942946969161
10298,-1.22659839756327,0.2988052410992892
10299,0.29578236701178257,0.7732636925837825
10300,0.35003236049824316,-0.2515770817570389
10301,-1.4494142557605203,1.301823265221759
10302,1.1346506397616527,1.0374555202672409
10303,-1.5919472011918494,1.3642984009370696
10304,0.7762402812439394,-0.12601982459431518
10305,1.4396717608771796,1.3393392967086601
10306,1.7423213349494835,3.442631635735853
10307,-0.3212911560349126,2.8116591840489678
10308,0.38982993208735217,3.6007639781074317
10309,-1.7718573374868904,2.121627760394655
10310,0.5317245766362881,1.2171416120707752
10311,0.05840439748150051,1.7233366424773475
10312,1.8551353268954174,0.2543095945212053
10313,-0.30536042994769597,0.7289035397907468
10314,0.5980104103911368,-0.006628425698866485
10315,-0.479118650029718,0.43781451517301023
10316,1.4985605403479196,0.3843563057549648
10317,-0.409367114417463,-0.006336212824912614
10318,0.220618759417919,1.148601718319858
10319,0.7113392896656656,0.15420997444208473
10320,-0.21858984095955689,0.1291290248273212
10321,1.5818954932669456,0.5285364015338844
10322,-1.3915425903387786,2.5722880932001995
10323,-1.1019184500108772,1.0984536626944514
10324,0.6538498425144934,0.5122811781501748
10325,-0.7602462864587117,0.665133518983065
10326,0.5099533936975875,0.07065729688173936
10327,0.921244778423671,-0.013834635752581068
10328,1.5156760033872358,0.7819339210545263
10329,0.5046950235486972,0.13739194753871078
10330,-0.38420473356566376,0.23940239371783106
10331,0.14575293722497518,0.6018423671962112
10332,0.6923144179686489,1.15991414441133
10333,-2.5980712491556828,1.4677386120190719
10334,0.2286569174582651,0.1183099012390092
10335,0.647804015100012,0.8020631387651446
10336,-0.5956409279922233,0.5553833211719202
10337,-0.5414560489450413,0.04864410921263941
10338,-2.054610946567403,1.3804972049390714
10339,-0.7331994562098665,0.12973318212270657
10340,-0.030018781810989593,0.1059432281570522
10341,0.49767472675186786,0.2082705463565034
10342,-0.4281275738245833,-0.4917762835639338
10343,0.4363198938658533,-0.04233208801518944
10344,1.6181872857970274,-0.26251353831201807
10345,1.0775372426270158,-0.4226688329335647
10346,-1.1921128990924323,-0.17728943231124716
10347,0.724004062605674,-0.00784358203288106
10348,-1.5566228651959073,1.0491954491390925
10349,-1.6177903321950737,0.8000666992585229
10350,-0.5229029894564052,2.2621343157015805
10351,1.0087311957317524,0.36629613356189933
10352,0.5702204891890679,-0.2631177224657231
10353,-0.381033906933973,-0.12551375018899338
10354,0.15911255972273672,-0.3143145874497273
10355,-2.057670023241822,-0.21002673773579253
10356,-1.2829996327135884,0.403015010569461
10357,-0.06281703528795293,0.38130088009564156
10358,0.7013664061516103,-0.4354715647339604
10359,0.7279463296370937,0.07036427790770132
10360,0.26246353223918384,-0.29869335054337687
10361,0.24971059043922808,-0.26556689438263686
10362,0.7466567326037928,-0.17838567809197328
10363,-0.9064021476541652,-0.22321954638633926
10364,0.8169885609095529,-0.19478066496059074
10365,0.9558718292838347,-0.032053701117439416
10366,0.4701654693753233,-0.3118518229353154
10367,-0.25814522428605086,0.10652658216593924
10368,1.8245237291693794,1.032430941623752
10369,-0.19331323525518637,1.2094195521495898
10370,-0.029862049237823096,0.6734589048264185
10371,-2.2205235710970586,0.9559011730713148
10372,-0.3979002518555494,-0.17926527523387795
10373,2.47418904166502,1.0912519371668237
10374,-0.7064551667731267,-0.05643741118639159
10375,-0.5386907429186604,-0.32681614275017845
10376,0.11092020366030426,0.20815639071286957
10377,0.1953318031972087,0.3882217455872388
10378,0.7821337603755663,0.3178067660023173
10379,1.48263815820578,0.9554750073582823
10380,1.5738025032545155,1.6058280892433894
10381,0.693538432092818,0.3081535054651529
10382,-0.9810654324642657,0.9194738392505988
10383,-0.5701706633186467,0.6451742713291152
10384,-0.22049429063498283,0.3319297638583996
10385,-0.894643770753969,0.16877968895946716
10386,0.5989533075810443,-0.07263924197017418
10387,-0.12388374633767443,0.3490331470455078
10388,-0.20967178965230754,-0.1600782809588141
10389,-0.3107563079482487,0.13276645380340202
10390,-0.16562691230757032,0.1469935534394554
10391,-0.6655995852667543,1.3450045285629681
10392,-1.4704212139159145,0.9373351279494427
10393,2.4641191640638436,1.4636870280856804
10394,0.04479700368226564,0.655202241140437
10395,-0.7456694442797219,0.19788300943629605
10396,-0.2011476664165766,0.19012139562464306
10397,-2.0223966552023374,1.5653249584733764
10398,2.2701954421313513,1.6679585487836739
10399,0.6436681847607395,1.175839702556237
10400,0.4396197082618254,0.645342814511332
10401,-0.3327320661889987,0.005771177469346731
10402,0.3884517791575679,-0.10181769051842979
10403,-1.9175771587296762,0.2812947757107698
10404,0.6989056529179991,-0.07917640735080302
10405,2.0125186856666026,-0.10201748234739876
10406,-0.6241494892026859,0.2915779416960046
10407,-0.8710815318926061,0.027800028780877412
10408,-1.0058095650475907,1.179132160886076
10409,-0.020452148161527395,1.0574617025454236
10410,0.5276578304891714,0.24575257391695313
10411,0.933944272035394,-0.12822424779574904
10412,-0.5188437076029958,0.18136727093925453
10413,-0.10868666003990253,-0.22606229973648045
10414,2.788911542561851,1.3711481126515104
10415,-0.221629835202643,0.7835168326681861
10416,1.2421385923798638,-0.13000554765791164
10417,-0.07136705176519642,-0.2408244591675848
10418,0.37140970185093863,0.2434187241707596
10419,0.2498789065319842,-0.021502076674223228
10420,-0.45504431967051195,-0.16607161167602896
10421,-0.6736574708787251,-0.09481607824006848
10422,-2.891170649372759,2.574048846090211
10423,-1.0197352156243966,0.7260574715916499
10424,0.7767979637625821,0.24053994675017878
10425,0.8273653613678245,0.08691065109774397
10426,0.5276982898003755,-0.3103839397671127
10427,4.051565515809854,2.269248610712528
10428,2.3304313499246145,3.1313027827914124
10429,-1.1228785441345281,1.6370290582855853
10430,-0.46004270841833994,1.013801162764173
10431,1.784645998759428,0.7748774671653986
10432,-1.2494169819205674,0.4121009656775094
10433,0.6726552077450179,-0.19130680244407303
10434,-1.0525901373317048,1.1531540170683983
10435,-0.11320885634789407,0.42494231300130686
10436,0.6906073107250771,0.8874326920927385
10437,-0.8363225700858249,-0.14192643053680515
10438,-1.0558217436027635,1.1112246705164905
10439,-0.4357243037300531,0.9418829488364483
10440,3.155278267895818,0.1144571069595297
10441,2.1565163791152537,0.8230983800628507
10442,0.28280341916650903,1.3700880552353811
10443,1.614513909981865,3.347689026479218
10444,-0.5898013929974805,2.108883097104549
10445,0.6042562547255055,0.84953033216026
10446,0.6572084320666812,0.37845501451155306
10447,-0.9341170626551354,1.993721327721373
10448,0.5232547059124096,0.4767388970494861
10449,-0.45520881877715325,0.47636764817584215
10450,0.4103781866063294,0.015496313047522048
10451,0.2613025227924767,0.3111534408896109
10452,-0.15342668075744945,0.46905188499952366
10453,1.3264589282963988,0.04158229139147197
10454,-0.21334011604442818,0.16766027276899886
10455,-1.3077760313948472,0.4574461092625274
10456,0.9453816608563556,0.5194081422081348
10457,1.5299532827066624,1.438203013874829
10458,0.21219161040790116,0.27342074076513767
10459,1.5411560879558732,4.865858327294416
10460,0.25938531923304287,1.748913331747635
10461,-0.27641715331869215,1.2167630205119864
10462,0.9925109601010575,0.9786468150941464
10463,-0.5954430653271646,3.2288569590238008
10464,-0.8431323705763678,0.9353987298985145
10465,1.1071951022833055,0.7772846570463934
10466,0.09578704310888238,0.514132141914727
10467,-0.20344852896140353,1.3771045425140251
10468,-0.9454273890545508,1.9977364272644493
10469,-0.9860615966779724,2.3155348475741846
10470,-2.343897727937245,2.632496436016557
10471,-0.02520289190198371,2.6157512942794643
10472,0.47994644870401937,1.1021069370392182
10473,-3.6315372763896634,3.4232697817987776
10474,0.6868153651293214,1.3716703559827508
10475,0.5518414590969076,1.1128778252892173
10476,-0.8773546843765365,1.4789827969238312
10477,0.4969997344987464,0.027526339409506308
10478,0.8400518307441645,0.4604973876957149
10479,-0.9895693420008642,0.9352096686250682
10480,-0.18030508942723703,1.0910104061383965
10481,0.4780609202564362,0.4511197896982812
10482,1.4443127868276386,0.46264259618736225
10483,-1.605689225066876,0.6227679923940329
10484,-0.9560259346991943,0.6328597753388279
10485,1.166688774609118,0.46687867000785793
10486,0.14527513670027725,0.00022801969974383496
10487,0.11144017010498632,-0.23408725047151321
10488,0.32137578192993727,0.21437914966760666
10489,1.6136943642274306,0.49571066466528363
10490,0.863730070727779,0.407252749630603
10491,-1.0766549280415245,1.6702688544451834
10492,-0.059737393175838795,0.9518090232043086
10493,-0.14813950540156698,2.2285626952543236
10494,0.2517287008182699,0.962942041289504
10495,0.5118221546759074,0.8595314312497024
10496,-5.435194110309858,6.213790431935922
10497,-0.6399395367782342,4.6262542996185445
10498,1.3013944449770452,1.3123765620188599
10499,-2.289136264334833,1.875089337628807
10500,-0.9095705990361593,2.5656088355186477
10501,-0.535470869857646,1.7577025511632172
10502,1.1076835412304222,0.3825459058596725
10503,-0.4258031240752897,0.5047732294871767
10504,1.0400803029333512,1.2186067180561202
10505,1.4456038384780059,0.6817057830596029
10506,-0.9447253817193171,0.5979426098641119
10507,-0.5160827548274798,0.09669728405935832
10508,1.873484705953014,-0.05142981069012073
10509,-0.9778534605503323,0.21892997740165002
10510,0.15430302008827185,-0.3065950922350368
10511,-1.4567413011059043,0.008963984537327586
10512,1.151830270404584,0.44646342869904293
10513,-0.5135265507894711,-0.30599709263895236
10514,-1.2149827415729262,-0.05916927684386111
10515,-1.151345545987312,0.329830852637188
10516,1.7813357898899964,0.30944286202036575
10517,-1.376750852102242,-0.1058536033095561
10518,-0.1649142506368311,0.23525706376257563
10519,-1.1542363259542616,0.22438750337987048
10520,-1.8370911798470362,1.524277660627765
10521,0.5854016418699506,2.798245403897001
10522,1.4997641641075168,0.48114531512944814
10523,2.3213742821701473,0.10120445923179763
10524,-0.10185172317072838,-0.10011365306959527
10525,0.39870840286123105,-0.19251880008912084
10526,-0.9882404407068407,-0.14950020684660828
10527,-0.6497659329375751,0.3321984732453223
10528,1.8215141551299228,-0.06871353438367335
10529,-0.620835917672209,-0.3592466457699072
10530,-1.1484272686121977,0.027592601845893194
10531,-0.47630297091398227,-0.18827727201134276
10532,1.2702889273165336,-0.03375105122493515
10533,0.2809142608213128,-0.46955805100927894
10534,0.5928669207211251,0.24824270951212093
10535,0.0988231025354359,-0.45820696201996575
10536,0.19263041040550288,-0.19230183139228182
10537,-0.31947776827527097,-0.1456071370908661
10538,-1.6435139226830833,-0.2571454940738245
10539,0.2574670267064073,0.34011065225695836
10540,1.4886142309054202,-0.0955062272263375
10541,0.34093439563584,-0.13662097917353136
10542,-0.14074962704298488,-0.46514573959694255
10543,-0.40728600427151773,-0.2529497670796397
10544,-0.0622828602360896,-0.35573063040602904
10545,1.2949573498598774,-0.3992736906515574
10546,0.42583293155246726,0.13490771829073522
10547,0.49770587016528195,-0.4798148362486039
10548,0.2776468461602068,-0.46931782779613224
10549,0.8212987867676488,0.18189944117198917
10550,-0.0021029857966069665,-0.33732921560014195
10551,0.9449784993118497,0.19099130764797054
10552,-0.5989015947722749,-0.47361145303240454
10553,-0.14490393667332666,0.06732815173014274
10554,0.012815166008097054,-0.5008453174448454
10555,-0.8103633437404645,-0.37579172604630323
10556,0.34712658008599445,-0.3829922250462027
10557,0.48629926291907305,-0.4713969555232415
10558,-0.47855454290083926,-0.4654391295411815
10559,-0.028966546653998403,-0.517425353640927
10560,-1.227544301141792,-0.3895802568559764
10561,-0.001133573331983171,-0.27257528595656455
10562,0.2553835298706834,-0.5736304073238473
10563,0.5498314046909047,-0.3444400488270681
10564,0.3186540018563423,-0.30168545985544837
10565,-0.715390660673551,-0.25431827163591825
10566,-0.006035182326294527,-0.5661390344702422
10567,-0.9954075840751764,-0.3204697857201274
10568,0.08725298709766767,-0.42662655366722985
10569,-0.13227973851457214,0.031106331395410667
10570,0.23265995101332598,-0.4738228306169443
10571,-0.00728890452419499,-0.2913079619524224
10572,0.5225004409063431,-0.35009399551742815
10573,0.4215701976866509,-0.3165411829197449
10574,-0.35416780555420824,-0.377853747630355
10575,-0.4836668399790753,-0.47062454632661543
10576,0.5187433602853995,-0.5271147689257458
10577,1.2365897661277196,0.16535630843229795
10578,-0.7935488460454487,-0.2938808150903138
10579,-1.3014032764882513,-0.3923138810859287
10580,1.1035415011248286,-0.07423361993463423
10581,-0.517113664994711,-0.5331667912340806
10582,-0.6903380269587589,-0.41190332940280244
10583,-0.4814901165114715,-0.3323929949130983
10584,1.2562116280913067,-0.28569833268465294
10585,0.21282455010133725,-0.42459225584180565
10586,0.5778233916294438,0.04429371278250577
10587,-0.49691941099062,-0.17409898374298075
10588,0.1560723203058732,-0.48990987519510865
10589,-0.18789887263131072,-0.110562965579241
10590,-0.40781678548802797,-0.26719526219133705
10591,-0.9492755622623836,-0.3772056451663772
10592,-0.6640297505119982,0.09659328085023544
10593,-0.1706202409996871,0.4523521456001378
10594,-0.9813670534440074,0.5103048821912165
10595,0.9860648775697167,0.4293517234012347
10596,1.6919420211984018,0.17129015478935497
10597,0.2833836041215579,-0.1366493271918829
10598,-0.8298929380404658,-0.2537772481184931
10599,-0.7345590283503616,-0.4919187824025558
10600,1.5697494272437729,-0.1276352801728696
10601,0.14349232193205244,-0.055069428917975616
10602,-0.4377953881756504,-0.06670681525914464
10603,-0.42268955359394417,-0.4270097893634855
10604,-0.3022524947664613,-0.4093893760229637
10605,-0.5725774943376801,-0.4984261239617289
10606,0.23952307256820723,-0.5581051035459111
10607,0.6681921560212762,-0.37142150477878966
10608,0.03901057901956875,-0.4980616790042866
10609,0.07874287437705842,-0.5162406747439404
10610,-0.3628436183163406,-0.5772604594515915
10611,-0.40213824074299515,-0.3019371266148845
10612,1.3624672411105008,-0.37899604446904817
10613,1.2908646234656656,0.013730111280836343
10614,-0.6185518603051621,-0.013009881260119998
10615,0.13543769933248545,-0.4608371449173695
10616,-0.04612546669230851,-0.5363716363844866
10617,0.21677118363503184,-0.4908773511058124
10618,-1.0339868226988116,0.6187573047514282
10619,-1.551916924602705,0.3804748808545851
10620,0.08992475400600976,1.1974787513356608
10621,-0.672987108349077,-0.28537005365885965
10622,1.299789463203398,-0.4157238583945979
10623,0.23361857202658587,-0.32596346265365606
10624,-0.07652318159674863,-0.4962323854893567
10625,0.4670680502743025,-0.4793449896926634
10626,-0.1810098475173937,-0.4694010521271801
10627,0.4686708958915164,-0.5724008112312474
10628,-0.3129118225352319,-0.48918980455322414
10629,0.3393201643039094,-0.41750002979853984
10630,0.15813897295290405,-0.5712395233703301
10631,-0.5870795410933691,-0.17928574923672172
10632,-0.10690555812107164,-0.3243620582955809
10633,0.3684835237098379,-0.4306546005562566
10634,1.0808092223683443,-0.2455404342375793
10635,1.3571685133816647,-0.024773183412999965
10636,0.20884872441083335,0.11298477695655969
10637,0.17447184651933015,0.31265319570960687
10638,-0.7964372318436667,-0.2578039702877041
10639,-0.13892652972816374,-0.42368705951153823
10640,-0.4488316216940991,-0.4514613569314011
10641,0.6771623801854355,0.12521007843207516
10642,0.23131394142106526,-0.1614139281134073
10643,0.008613310254816924,0.08267016104685126
10644,0.23684741787544822,-0.009492400992215771
10645,0.662463983641304,0.4928936776856482
10646,-0.1724339772481435,0.014498094896208036
10647,-0.16357247316511456,-0.3801103551418344
10648,0.5034394057011937,-0.29506328788182873
10649,-0.9658118878297391,-0.03822123640443278
10650,0.2449769876239399,-0.2945264921666776
10651,-0.4697055530486092,-0.32018509722335414
10652,-0.5076955168543903,-0.32912423512577943
10653,0.7350134002779776,-0.05615180588073512
10654,0.5485696468100211,-0.0727284522567225
10655,-0.4939155756359692,-0.39511658860152643
10656,0.11308013786859301,-0.16297637299120718
10657,0.2336913097229794,-0.5460178497151504
10658,-0.0725709123501172,-0.5378076701456413
10659,0.4765502973853436,-0.29098095325067347
10660,0.8720329505660824,-0.29079382681253174
10661,0.44459301868592205,0.09655213540344831
10662,-0.7709567716567038,-0.2422945921550063
10663,1.0045088836270788,-0.2338653932258179
10664,0.3284108888403424,-0.020955407010074537
10665,0.5781454497477783,0.4085410747757674
10666,0.5940179990506949,1.3458227442393493
10667,-0.7782954169306826,0.3288587906586131
10668,-0.5786189860821609,0.16237584298465219
10669,0.6049604522986705,-0.04192790784433294
10670,-0.6562868011480105,-0.17165706011815066
10671,0.0858547626629733,-0.19599804598338463
10672,0.43135167828361,-0.23860900614271763
10673,-0.3274139022991394,-0.2267760486278193
10674,-0.4754786149018445,-0.27791095950981676
10675,0.14810401777483675,-0.0778876350243142
10676,0.1729563875424711,-0.08908901516082482
10677,0.5027210664314575,-0.33789624156651926
10678,-0.1402462880360924,0.42118026539865405
10679,-0.20364850636956144,0.33944198265144027
10680,-0.5294365024866314,0.32095060277026166
10681,0.0724054116306369,0.05734581563772669
10682,1.0429279538191518,0.513138665750417
10683,0.5340721900887906,0.2319380297020051
10684,-0.18819567541729892,0.33483160994547595
10685,0.3526820612913925,0.24485531892050102
10686,1.2991469675368443,1.379883837793561
10687,-1.06464894662514,1.9312231092863774
10688,0.5460731475865152,0.4224708566849094
10689,-0.17457813130039718,0.0819798764639185
10690,-0.2404994689827039,0.6089215026334247
10691,0.28784723777895826,0.08212172175523808
10692,0.24474053181150993,-0.10385655572724044
10693,0.10546779050832997,-0.03402580818542169
10694,0.46998669640933377,1.2859673400260772
10695,0.9986089681149157,1.2738528436249987
10696,0.1412011111567992,0.9877682919102413
10697,0.6766979549380872,-0.06507239050327898
10698,-0.9339516202961471,0.5408542489742151
10699,-1.1738783902456766,1.5622308656849473
10700,0.24996575307392302,0.061125789571394404
10701,-0.4912858131227879,0.21779906796149878
10702,-1.1369008892381514,0.6461996006696279
10703,0.2554011091010996,0.8962294104084346
10704,0.11991057911948973,0.22822917872458678
10705,0.18432270214123656,-0.05704698785000104
10706,1.3938881038658348,0.6272844496461112
10707,0.9217556925542807,-0.136985733330473
10708,-0.14595313395458945,-0.49076414716596317
10709,-0.4996423493185593,-0.10350722042653306
10710,-0.6526401456727965,-0.031262737162595616
10711,-0.6401302570173584,0.8069063487078462
10712,0.1681536735005319,0.045896351919080536
10713,0.5360108046924401,-0.3236362111295508
10714,-0.4636450969398956,-0.4522099776213338
10715,-0.8782844253303247,0.1829910602556208
10716,0.6802299950147663,0.011199532051914167
10717,-0.025311879764235008,-0.31028659697978517
10718,1.299067648675342,-0.38562976383205627
10719,-5.257112523689288,3.0946262549479115
10720,1.3793472460805705,5.06273952783722
10721,1.4578024411118466,1.501857846002379
10722,-0.5003494646045904,0.4303800144289929
10723,-0.3700028754846921,0.7917357794932032
10724,-0.3488857443087982,-0.15721701509974204
10725,0.6956295215565881,0.1776923965118106
10726,-0.1550609720829501,-0.17809226338202372
10727,-1.9456546876033918,0.5866640237673528
10728,-0.08274307635449459,1.4216219011856226
10729,-0.2085547881980587,0.19392154681777388
10730,1.941590895112854,0.59965889760381
10731,-1.1282253306747698,0.279634599253274
10732,-0.264088192169463,-0.27313352859265244
10733,-0.5408575757882838,-0.06850341024510283
10734,1.3939874298158768,-0.299616098019141
10735,1.9562839959359164,0.15712473908205682
10736,0.7485942370772175,0.17702771647929816
10737,-0.3355867062896276,0.21387805130660023
10738,1.333266219176426,0.5293636369167124
10739,0.8005250985201393,1.7736964437228995
10740,0.3881827703569373,-0.027127032319484122
10741,-0.28360815094268,0.14730880860087964
10742,0.1387929363058109,-0.10985958584307869
10743,-0.43687488251422013,-0.16343863524029836
10744,0.36008669642908403,0.4677365092149738
10745,0.6516714461621479,-0.3926115326787471
10746,-1.1428211931803884,-0.2764396375184103
10747,-0.15863742987547194,-0.07919790795810716
10748,-0.4793440666908941,-0.3349881423169069
10749,0.9072874160939689,0.39590104276038945
10750,0.8182350565356632,0.1445374840742171
10751,0.24675937239310486,0.3306586893442988
10752,1.6436158603420472,1.4348078030720428
10753,-0.8153824791290495,1.6225968936540063
10754,0.5217547730099312,0.35272142006340834
10755,0.5826452639522256,0.9130945678133442
10756,0.7763999764811276,1.176828652290659
10757,-1.0013266199591606,1.0206211500113789
10758,0.1453478469932048,-0.16121177715863458
10759,0.2306493924168468,0.49462749748488233
10760,0.14723785485893748,-0.08163672295196957
10761,-0.6502332013724369,1.5569807141269945
10762,-0.4436833122020958,0.8803134684057993
10763,-0.3751909478512209,-0.09986861007190644
10764,-0.803907231160858,-0.10681219206983517
10765,-0.29093928100911126,0.35612552961811167
10766,0.650280919701936,-0.1714635010820592
10767,0.10326592994355759,-0.0358877281688038
10768,-1.1332168238552205,-0.15678440214462677
10769,1.2207772142905775,0.9641695865266289
10770,1.107300299961147,0.4412942307323061
10771,0.38341176675145433,0.8228174587414915
10772,0.6793318442753454,0.5984964979116544
10773,-1.1753745597257048,0.5753570437549704
10774,-0.3212433902488679,0.7417511508168887
10775,-0.4043938923735299,2.2247446131604476
10776,1.443903397903422,0.6086318125610554
10777,-0.6124616797376496,0.3342910177465108
10778,0.0072453724297431975,0.40411462780510776
10779,-0.9654006805071909,0.38155007232285804
10780,1.0950984119160452,-0.1827893281494515
10781,1.4780110243330153,1.4182913273739521
10782,0.8159977169302818,2.3832406662065853
10783,-0.45955964406746247,1.8237684896723079
10784,1.8756231432432404,1.6496691347177197
10785,0.6885896103854647,2.101991585785655
10786,-0.4678946172727707,0.9509907144557086
10787,-0.05801254501154131,1.010208654410627
10788,-0.3652299712892473,1.6148722560853386
10789,-0.8867964498248706,1.48628468096955
10790,0.05043025326644626,0.2111638465024727
10791,-1.96240235289659,2.849069172121096
10792,-1.0960604863127554,6.290317679633608
10793,0.12307597812212798,2.3464284317557587
10794,-0.373481408323959,0.7027238384299391
10795,1.1278262712328924,0.05039479571638591
10796,-1.4318214995188578,0.23961039429731643
10797,-1.046272573074023,0.5558471330508896
10798,1.4057424795709472,0.5206554441738999
10799,0.5211936594569245,-0.18943647458773286
10800,0.05352266794532058,0.5852042339485013
10801,-2.5225226965101357,0.09120613379298578
10802,-1.9603646961050762,1.6288749496539463
10803,1.4170120731986595,-0.1272204913365248
10804,-2.187011524455198,0.6159564574069974
10805,-0.4688188504362204,1.7997064325727
10806,-0.32706853579615625,1.2934230939812483
10807,0.8066256047890217,0.6417794073319605
10808,0.5326624192659848,0.46823838585315153
10809,0.025848884856698357,0.07341451213356227
10810,-1.1992250327434824,0.49332692202453293
10811,0.4431408551340993,0.34387121263721426
10812,1.2967916163709823,-0.3889272771166503
10813,0.5072701236107973,-0.18490059272602793
10814,-0.3008670500316521,-0.09397385293799956
10815,0.5739861366918213,-0.4097723732149688
10816,0.06858193654174524,-0.3799500455352361
10817,0.9188246378848021,-0.1971591249860648
10818,-0.866146860177078,-0.2197811047978289
10819,-0.4067543284056049,-0.3305173060008591
10820,0.37476258118150674,-0.2683383869242734
10821,0.04344872753546421,-0.3191912881690474
10822,0.03595594935482004,-0.2836425259592824
10823,0.18792485372524187,-0.22423601286479872
10824,1.2605772785770457,-0.441385386471985
10825,-1.9684031880055017,0.7644000656006026
10826,-0.7395162035864421,0.37635851876586707
10827,-1.7996550867009473,2.6202689822508836
10828,1.9766194547241847,6.677348493715656
10829,1.945583268688999,3.3919515716578856
10830,1.124751002852756,0.8752863550528801
10831,-0.6512989407406115,0.793891168964191
10832,0.46643455617151625,0.04921941258298345
10833,-1.1365593959650833,1.3552685234984287
10834,-1.945178005207467,0.18862551510476877
10835,-0.08736356047337032,1.3245624563972296
10836,-0.20700918098668308,1.0999407901949203
10837,-1.1388881339949615,0.8796171606020305
10838,1.5263395464328742,1.286629341693204
10839,-0.751821854488939,0.04846162507694249
10840,-1.0261691269816957,2.369249282577905
10841,-0.6981453910419612,0.37534728126697603
10842,-2.253309436552682,4.9250501238328415
10843,3.652290167241966,3.4322726061913915
10844,-0.1959828576459761,1.1333043718303732
10845,-0.7032501135107208,0.1912723915852653
10846,0.9993573712614285,0.4482989001947456
10847,1.3753848961572237,0.3616429821437891
10848,0.2695939474934313,0.4018509696940884
10849,-0.7935732450190167,-0.021039251056579063
10850,0.5467652282431262,0.5156593795128803
10851,1.8936339278702787,1.5023494088765148
10852,0.9821184232279018,1.4449671360904242
10853,-1.5556338896282025,0.7306772959649347
10854,-1.140168016448693,0.6647796330344151
10855,-2.2132626537565936,2.3445043928833855
10856,-0.7519886947803925,1.1671890194931764
10857,2.237878320413844,1.1717698481223902
10858,0.7438861805403613,0.0003365870175626684
10859,-1.648908258041092,0.5523356304739306
10860,0.7228820445096649,1.9190140464705185
10861,1.552225125926188,1.2112323432096814
10862,-0.5809463825303576,0.7313547044176144
10863,0.12379468789714534,0.42432837291844555
10864,0.12781252895767284,0.2946821369072353
10865,0.9106743695567343,0.25156833467058975
10866,0.9382727058627343,-0.20339305013512
10867,-0.4393002089703655,0.5905740896157021
10868,0.3960488105680709,-0.12387469322499747
10869,0.11426398254817689,0.22080069311789832
10870,0.6068985232887618,0.3839116157954026
10871,-0.16451430340014156,0.6191374234911692
10872,-0.14730047925443926,0.16915790677684572
10873,0.4526335600269436,0.18351106191218008
10874,-0.6427681017002262,0.6085225898220353
10875,0.5477939612989055,0.6559572354351941
10876,-0.7363243999673861,0.24320276762367446
10877,0.9787262659767056,2.5220314057088067
10878,-5.277522020001299,4.471797530299654
10879,0.8346542859029973,3.422357476600705
10880,-0.35001341082765053,0.5214835828448934
10881,1.0160457761200379,0.7135258134390291
10882,1.9296509892979505,1.5835680808806318
10883,0.9152074974739383,1.7748943871644967
10884,-0.9704217192553811,1.2779291589983826
10885,-0.6643942642678927,0.32950173625472445
10886,-0.14488576026622282,0.9866058262742733
10887,1.8761003920235695,0.8661185643809151
10888,-0.569867609192276,0.8842929614810052
10889,-0.21062957602262591,-0.13576796345167227
10890,-0.5678163571975098,-0.2292379202232137
10891,-1.0771101808478054,0.6528405625424928
10892,0.06826383301539642,0.021046081303096393
10893,1.1746352663624133,0.39500695891307563
10894,-0.11602197376888965,-0.3407666009411324
10895,0.4084022658844979,0.47337115930328444
10896,0.29044813998943986,0.2750581313865199
10897,-0.7576744467243889,-0.24537835759237633
10898,2.5884869709466325,1.9927333096367612
10899,0.3988050465134624,0.4456761919813094
10900,-0.5780233902182205,-0.26748421194103256
10901,-1.395914871783928,0.23814459782216726
10902,-1.0784782416718042,0.511367187096433
10903,1.9304413363669435,1.0209252540867515
10904,0.6026760320272817,-0.05016846711637447
10905,0.4056240222199573,-0.1260233362696349
10906,-0.07849788619359777,-0.1401982562910106
10907,-0.3853344334675321,-0.19130910338344215
10908,-0.07138922866453906,-0.31663777865114145
10909,-0.25246459875437205,-0.34262462567502133
10910,0.933026144677467,-0.27227679585517506
10911,0.3176903491978685,-0.40227066058400124
10912,0.6100439845295171,-0.32871726382715666
10913,0.5877292536978866,0.1599741085594098
10914,-0.9560114609269382,-0.15320884908834176
10915,1.4043256174033731,0.21035751940633607
10916,0.779298300163688,0.8258270204982087
10917,-0.020814737204266954,0.20478302462401998
10918,0.08208508582669531,-0.13837225286452756
10919,-0.8400578247380055,0.9750076933787478
10920,-0.5255258290303209,0.4853208608216064
10921,0.6378508676089665,-0.09227175800308657
10922,-1.1539651800177715,-0.01646395129726322
10923,-0.9409344153691266,0.036540150927926625
10924,0.40570554596725605,-0.4401138605405771
10925,0.6037028341158857,-0.20896432134608267
10926,-0.2648048838277748,-0.357060161532521
10927,-1.347921484588295,0.7544821758184493
10928,0.6331629006079993,-0.17879122747197948
10929,-1.2153610919754383,0.02407145597553658
10930,0.5354289511007305,0.656647245312108
10931,-0.17270295152761153,0.13293332676563174
10932,0.12906794750328288,-0.24255757237520809
10933,-0.37376876751466453,-0.15123437044155646
10934,-0.614203288788626,-0.3573277363242165
10935,0.2991399418739181,-0.549762874391537
10936,0.7301008941567878,-0.29791277706919833
10937,0.30753399506750356,-0.28629115695081575
10938,0.45897169629249435,-0.4283778756360325
10939,-0.5429591862913781,0.618237869945417
10940,-0.5792654769335145,-0.3606999220604887
10941,-0.03742177805784137,-0.3724381977807504
10942,0.04235657594448677,-0.5325909450331996
10943,-0.483813513438318,-0.37470466625963395
10944,-0.29907835151240497,-0.057862579480480514
10945,-1.0208488759842398,0.5672346712169137
10946,0.47212886095270123,-0.273337760146169
10947,0.16047962869493115,-0.08069084264568194
10948,0.4469496934387363,-0.4317302896385308
10949,-1.1319445923682185,0.010806803430342748
10950,-0.035043824946996455,-0.2654433911002252
10951,0.8580553478689251,0.6563974355777904
10952,-0.566651419915311,-0.3162662390495416
10953,-0.44866125970728754,-0.19348260357040195
10954,0.7686632351566847,-0.28358104766408926
10955,-0.7392871017665622,-0.0541935579415199
10956,-1.1136280788584798,0.7811561182345435
10957,0.08763705074589191,0.6256088557754204
10958,-0.10293822617397344,-0.006122395587649681
10959,-1.4974850124159562,1.006929080198997
10960,1.7274083415744854,0.5679206691516715
10961,0.13233197625598694,-0.2453139049597339
10962,0.48893979883316,-0.29841461521242324
10963,-1.149291219164676,-0.17918837782319447
10964,1.817838305486733,-0.15913710815641155
10965,-0.12694695827786984,0.09785544775355667
10966,-0.09326436872132023,0.11858370841839808
10967,0.22362018102391762,0.004818075098233494
10968,-0.8577958551459681,-0.2576633622387232
10969,-2.165144613877135,0.8999059432637602
10970,-1.9495384440135082,3.7790907803932554
10971,0.7352656648068503,2.5836323052825456
10972,-0.008244661794920342,2.0607208251525875
10973,-4.836847562301274,5.078111986943626
10974,0.3113359517049457,8.830169684438754
10975,0.8865137714847937,4.215087069041449
10976,1.5800251141791435,2.386767243128986
10977,-0.8286104550579629,1.091616100754469
10978,0.6140881227254239,-0.04868192627305357
10979,-2.186569026399889,1.3165762828151377
10980,1.3801530909417565,1.1962226657095616
10981,1.7108843401277218,0.35255417206902445
10982,0.968633601134587,1.3745859967228933
10983,-3.214534441755831,1.4125582555186482
10984,-0.11348778713314628,0.7846738051263522
10985,-1.2818981457883145,0.9913217579296766
10986,-1.7045927170674642,0.842846597765003
10987,-0.9016388085375282,1.7854947269525456
10988,-0.33497780959406076,2.4601119728133503
10989,1.4835500233204175,0.5799484670480127
10990,1.01933444590125,-0.042834261926435906
10991,0.17523896699036098,0.7515924844853042
10992,0.16936455358801822,-0.09209136247116112
10993,-0.056829028436544984,-0.29366605685712377
10994,1.3735448365894791,0.4967909500521514
10995,-0.6571536278600011,0.04971345090491537
10996,-0.17403150861466543,-0.22730697352670237
10997,-0.43552182612547496,-0.3684838943302381
10998,-0.3153502427568978,-0.1809946997836519
10999,0.3086090330002635,-0.08344451368578606
11000,-2.530491042165757,1.5844455875909704
11001,-1.6103634017918502,3.350960917232535
11002,0.33752265478458165,0.6037395351514268
11003,0.37754002375942625,0.2707279124523115
11004,-3.90222390608322,2.7703721218704462
11005,2.216634318420772,0.9256677511761617
11006,1.0738479319897842,-0.03790538948202025
11007,0.759579083660539,0.054254628277411746
11008,1.7380966590163354,0.19789485474268365
11009,-0.20916380203064236,0.2102072837988174
11010,-0.16960813314645817,-0.02574005412296969
11011,1.1910138766965748,-0.03914664385311323
11012,-0.4300805914649954,0.39319970089131046
11013,-0.43109716672542236,0.11368170128571232
11014,0.252390734329915,-0.029361488928164137
11015,-0.4230259775182109,-0.1324173301092062
11016,1.7843931190299538,1.5422354767459916
11017,0.785191823127375,0.6076784067583229
11018,0.3617392669844561,-0.27055184101751484
11019,-1.0301605444011335,-0.1657103350105754
11020,-0.009590470453006646,-0.3398878123569274
11021,-0.19220237486223168,-0.18709558697083498
11022,1.0937531526808093,-0.036944400561247516
11023,-0.640120317860299,-0.19678491217977473
11024,-1.0120954610275008,-0.1319227309956004
11025,1.099171287566184,-0.10836315093772075
11026,-0.41122760996680924,-0.26719051431404245
11027,0.05191202284381588,-0.5428167558781688
11028,1.3803131216441795,0.19906610962485893
11029,-1.0081263354396024,-0.05466278422106889
11030,-2.0109936818012613,0.544378951507823
11031,0.309970051537329,0.6980281438075211
11032,-2.0853781901940107,-0.19922446067934715
11033,-2.145793015795561,0.7917396382889137
11034,-0.2669281376641052,0.48999581924552954
11035,-2.2167994985758295,3.207439018343345
11036,-0.16182179184773318,0.9818931131213791
11037,1.4863836319242507,0.21071172440246444
11038,-4.742907252852097,2.8392191171209307
11039,2.3085769238339293,3.1361334799440477
11040,0.3789241128777883,1.1534307224504283
11041,-4.189989925846341,1.4440811348426232
11042,0.4804604178527955,3.0470303661535207
11043,1.771202785695521,3.870352479131854
11044,0.7827002408349961,0.9846577888916407
11045,0.6785789359479314,0.6120119075075892
11046,0.9394406181783527,0.6962057497812342
11047,2.1828583744621253,2.0952806087677356
11048,-0.7975050209193613,0.9898086677519976
11049,0.38085999819722793,1.0105308976396603
11050,0.6334155655258153,-0.04453231532684277
11051,-0.4076404943280332,0.5625150142619729
11052,-0.11724150836863055,0.4109813744626078
11053,0.4746280099186361,-0.1322451310087858
11054,-0.48148608084052325,1.264384950312229
11055,-0.557497847505366,0.42613712852046143
11056,-1.6050270223561254,0.11798265939428414
11057,0.14143705107990123,0.40335883828812674
11058,1.6948376806289969,0.45909558817299806
11059,1.8226106462240128,0.44901479405132827
11060,0.49444824940187304,0.06290398190130474
11061,1.2915486445670692,-0.15396121155525808
11062,-0.38450960904971443,0.29327211066057557
11063,-0.4832318613984875,-0.05610629184395741
11064,0.25706815089868035,-0.0407909210298276
11065,-1.4467606385275908,0.474391793625017
11066,0.9859007582969015,0.4207515891362534
11067,0.38624870286186,0.6897002410013079
11068,0.21792557651765648,0.035296670753182734
11069,-0.34299290756032774,0.023355087729264506
11070,-2.0248588441574333,1.1695206027134564
11071,-0.9864305504441074,1.9553992686003587
11072,2.058678028730107,0.4802618302614946
11073,4.170555706310426,2.622255060680873
11074,2.223240254427252,2.1626501861337246
11075,1.5642983254434921,4.449125858109667
11076,-1.4735272298117894,4.193102167562037
11077,-0.7430715920539284,1.3890910907148832
11078,0.2878723018462881,0.14488452493736795
11079,-1.3174133886717598,1.1875076512082898
11080,-1.5743776949373234,1.8499919541043888
11081,-1.2126676583957556,1.9625846582263702
11082,0.8500331539418227,-0.035335718022942726
11083,2.0881583250447893,-0.04183846442837825
11084,0.6926635319457394,0.566265404596831
11085,0.9461319801513451,-0.21435542176951547
11086,-0.31003853367092615,-0.02491940839091809
11087,0.9527374821671502,-0.009903641224754109
11088,0.033076318580573826,-0.09169499436982212
11089,-1.0915020630028736,-0.022020488675696937
11090,0.3002674887205701,-0.029916355341067874
11091,0.6488760131450678,0.20249062896616685
11092,-0.6211658493873451,0.09868823427876466
11093,-1.161600154021405,-0.32069327559371463
11094,-0.3567215886487351,0.0744621347847127
11095,0.4394574788604723,-0.20860047474261997
11096,0.20581352938784964,-0.45704056680330823
11097,-0.16771537713178195,-0.34779577683483553
11098,0.41786019692833065,-0.3024623537777495
11099,-1.0033256921586793,-0.22808148362358263
11100,-0.7131321518234587,-0.2650096837274277
11101,0.08797099426334681,-0.2540079100819337
11102,-0.6313098167004954,-0.3982465053465164
11103,-1.087432478374077,0.19613826859633915
11104,1.0328014018771476,-0.2313298099023677
11105,0.466984198099931,-0.37181996579547194
11106,-1.1570152891636056,0.017192345823540515
11107,-2.2081841503776385,0.010719776731309732
11108,-0.32392804752790705,0.5118263588153744
11109,-0.15573918015486182,0.06039451170899368
11110,0.2099232109243052,-0.3498252791008087
11111,-1.1994122448076205,0.7149284818140571
11112,-0.02513450375587445,0.139022425188479
11113,-0.8019227863758533,1.1257448336891849
11114,-0.5588465286772645,0.6163369813134697
11115,-0.3110948019174665,0.6640021614094678
11116,0.13191792083739565,0.4825561199068954
11117,0.7618440410326179,0.5203929872933467
11118,0.541167383197425,0.7206158882821587
11119,-0.17603395144430267,0.3914244495902966
11120,-0.44227488463932224,0.07070292667874295
11121,-2.655677873046437,1.0250026703204953
11122,-1.3966517623145904,2.0489691596855497
11123,0.5128455120951168,2.293346437262331
11124,-0.9306406823981074,1.0240061345502105
11125,-2.6157127239402866,4.334879816217541
11126,0.7848592827486673,2.0763871660500435
11127,-1.277790875004811,1.4122664751429388
11128,1.0120262416788663,0.7415203280585179
11129,1.6067277661307104,1.6572172739645106
11130,2.0592496822819326,1.2405344323326988
11131,-2.488991752983225,1.1419763995214722
11132,1.0636830707839335,0.42813573113000464
11133,-0.481864845843905,-0.024462590008329163
11134,-0.48252812588880833,0.2977753773425224
11135,-0.48403677706634807,0.3049809500744476
11136,-0.31383802983945586,0.052682196768616844
11137,1.264785239185174,0.25013724003541027
11138,-0.4640808341839335,-0.10519342364340184
11139,0.49962733960192146,1.2042410089404834
11140,-0.14872060839372442,1.250483278651532
11141,-1.6621199875736925,1.3275054148456922
11142,0.7167955927512358,2.8918652201197443
11143,1.0626502636782573,1.3376942641589005
11144,0.7621124891855942,1.532068411546709
11145,-2.6561989695496946,0.6143083271010858
11146,0.5744139801777095,1.800011764830602
11147,0.35889587959322833,0.31315498158725297
11148,2.697904758299959,1.2539345331993903
11149,-0.6344768702836344,1.0589541560824738
11150,1.7899512208730233,0.6805991461820291
11151,0.22203604003765506,0.8363498650399833
11152,-1.0566646862003304,0.19319435431408294
11153,1.4196301933942226,0.0016270114097081767
11154,-0.15424597811184107,-0.03178716845673293
11155,0.4365427211256393,0.40724839755747744
11156,0.9711045510220224,0.25006591641977094
11157,-0.948873767918909,0.23490572949363828
11158,0.40782222653780453,-0.19496343954576012
11159,0.7538626721438451,0.6224942436329386
11160,-1.5604330963322581,0.658661630181021
11161,1.0447331177539447,0.8020397427118873
11162,-0.9684728664124647,0.25308652472329557
11163,-0.22054485065251722,0.19010800539476602
11164,0.014489962694543479,-0.13510560834157764
11165,-1.93312555041145,1.3986940036114037
11166,2.0048984803164833,0.7673686106152932
11167,-2.154994589491651,0.7034322618069081
11168,-0.8071982850034088,2.339691561215694
11169,-2.5270036926854695,3.7302399579372416
11170,-0.7362753700495194,3.1265949203276677
11171,1.770105036203467,2.019894602390659
11172,0.41783220110476044,0.531933783867227
11173,-1.4324900060015153,0.6983299551924795
11174,1.967232362371427,0.5588554026502579
11175,0.5979797813569888,0.20158631954624553
11176,-0.5103030567004435,1.1063708390243223
11177,0.473158453417846,-0.003651480416960611
11178,1.7584080313783554,0.25075284422148786
11179,0.6980386451617843,0.3734361351663461
11180,-0.40974438506073385,-0.4687738349500272
11181,0.6573115758397832,-0.47716963385727273
11182,-0.6477573340080987,-0.12673053396498563
11183,1.2211284918339391,0.09251590242738106
11184,-0.4047777141693697,0.13467852849674794
11185,0.6168829782758427,-0.14662498585113762
11186,-0.3238254621319634,-0.2656194043049253
11187,0.4253589085786883,-0.4171226310344287
11188,-0.4156719321621018,-0.5186537310609981
11189,1.5632243939775732,0.20017600439832076
11190,-1.1549430824534022,-0.09172116537771723
11191,0.21073716319900104,-0.5551372267716004
11192,1.3742425999560857,-0.045503556573585555
11193,1.709483661650726,-0.2825556768171022
11194,-0.37404275361471506,-0.006893435361602882
11195,1.204148027364797,-0.21778141545882326
11196,0.2080566856022007,0.12964201056436772
11197,-0.8014326365900711,-0.3385875177720537
11198,0.646947349734107,-0.36603031849831424
11199,-0.018275743812773998,-0.2520118635430954
11200,0.1462764915653128,-0.17733846277603324
11201,0.543775336448228,-0.4717263989024733
11202,0.18494180890702583,-0.45651994292114084
11203,-0.3906887080888933,-0.39131414199917913
11204,0.36196643837049125,-0.4317524210339615
11205,0.09974560652850537,-0.32966313511342515
11206,0.6757548009615266,-0.2851136040015674
11207,-0.8310879849255066,-0.39458452275498634
11208,0.6286600296275258,-0.2898683761188534
11209,-0.43302742368798874,-0.3110904900531047
11210,-0.1444732454392212,-0.3926071064546101
11211,0.37907113106237067,-0.1434912194374711
11212,-0.7054091687288121,-0.39403819165597354
11213,-0.8066943390771213,0.05662429642115404
11214,-0.47337922568508917,-0.30820961176899453
11215,1.1064279535620603,-0.4197899129463705
11216,1.6478868991911872,0.31330903073625477
11217,-0.19524695612946302,0.2862281430860808
11218,0.1794689233503908,-0.4569652098273748
11219,0.0822892954676574,-0.3560598798554481
11220,-0.4852106581758164,-0.4437461454235319
11221,0.4934319649294914,-0.5764866562142851
11222,0.08663735734334116,-0.5038005883744779
11223,0.28225262049060085,-0.3819959961311932
11224,-0.3364702502145902,-0.5394527872074625
11225,0.03259987177614858,-0.5821319557794391
11226,-0.269906800700636,-0.4790368955716171
11227,-0.4598755581796671,-0.35349043279723064
11228,0.5110420751811489,-0.5177109927658197
11229,0.009361530669871802,-0.5362960440616079
11230,-0.09546916797313569,-0.5115200927550523
11231,-0.39672387184757213,-0.3181166820311711
11232,-0.10867371674838008,-0.4788344804878335
11233,0.051685742361197856,-0.3053841726748235
11234,-0.21325984867304132,-0.5627282611456262
11235,0.20082153356456442,-0.4384002761923733
11236,-0.19564395297872397,-0.6068751070301813
11237,-0.08550729071268562,-0.34356531102194077
11238,-0.21324407357738312,-0.5843336295709332
11239,0.1451468815555413,-0.6298095131459377
11240,0.845175124363397,-0.3048981988432999
11241,-0.20284683814998147,-0.4430828845483628
11242,0.41247299058280257,-0.2903558433112078
11243,0.009437183014737581,-0.5078832079853107
11244,-0.3423433187030962,-0.5359827075503083
11245,0.328652695042128,-0.5477380437458599
11246,0.2353107717092958,-0.42976742871919155
11247,0.1813653618008404,-0.38087124634435027
11248,0.17024944049350657,-0.4125884203665634
11249,1.0140748412128078,-0.03197509173044902
11250,-0.9772674808760161,-0.23152580624258204
11251,0.3041649196498263,-0.45784647443393534
11252,-0.8363848264874961,-0.20060364166073177
11253,-0.46854874767826,-0.038149404896231254
11254,0.32704699112718155,-0.4596784394252142
11255,-0.16236856949761022,-0.44561465195646677
11256,0.6651480467703981,-0.5359105081059021
11257,0.1565758857102882,-0.5751047764994249
11258,0.0349589815288427,-0.5278479775728527
11259,0.3760746154963311,-0.3387488900821443
11260,-0.28963645434214286,-0.22557050681424634
11261,0.8260985784563357,-0.4716878966180728
11262,-0.403546266760703,-0.41435331939644743
11263,0.28416497196041396,-0.35677421894928685
11264,-0.5880180872280393,-0.06466367125094562
11265,-0.038031402440562564,-0.26550986243741254
11266,-0.1897642995330905,-0.2595126239756894
11267,-0.43240280426696026,-0.26265492110069916
11268,0.011912993900458939,-0.21437887050617913
11269,0.501462716660184,-0.43209998032239616
11270,0.7643875601632782,-0.3723867431051627
11271,-0.45727552665200366,-0.08666470795050613
11272,0.4670307443574167,-0.4365321264417408
11273,-0.34881662010168213,-0.2396504666601613
11274,-0.20031229670990305,-0.2764072058258298
11275,-0.3391033702662935,-0.47664587577338396
11276,0.10229774891487338,-0.6455003038346117
11277,-0.5774028949814264,-0.15998636348199935
11278,0.20718812666854433,-0.6024149387024803
11279,0.14928969397660655,-0.47331435112697967
11280,-0.08135517437826008,-0.38938078126599973
11281,0.3667626122199888,-0.4327981774504734
11282,0.4172990276923383,-0.5204117587891948
11283,0.10029736754256559,-0.3645737993093798
11284,0.09329912472680381,-0.4668355381245287
11285,0.2741087008406279,-0.5185478617936146
11286,0.46156482808733446,-0.4347359262642453
11287,-0.6876988402400859,-0.4472513054892356
11288,-0.6556335906688885,-0.3752200912964747
11289,0.4387138435158235,-0.5254808143421844
11290,-0.17949548631417056,-0.4382151554509462
11291,-0.5321602430538893,-0.597667109124026
11292,0.3971623610862695,-0.5522799623417262
11293,0.10065498700866027,-0.5946866248674445
11294,0.4816268999998041,-0.5526908994767696
11295,0.38821962757878253,-0.28765754267453897
11296,-0.7349083694068631,0.5025167233682115
11297,-0.2133620791507471,-0.4364868477224047
11298,-0.44430704818326794,-0.45457195322583455
11299,-0.21336140428634864,-0.3015166580357438
11300,-0.053470817720557395,-0.477736900980415
11301,-0.2826645499894974,-0.3224266085315896
11302,-0.1946179681472961,-0.3460108462341988
11303,0.1242320221966964,-0.16699180642711145
11304,0.1725176910231006,-0.5041380264913335
11305,-0.14723920666079054,-0.4917807118044287
11306,0.4648831989270512,-0.4462460624508078
11307,0.6735282323568483,-0.3590255483043483
11308,0.22365560152952493,-0.40802254858346154
11309,0.12532547266313285,-0.48713371597728056
11310,-0.42935552396585785,-0.474218808608334
11311,0.33786082216835644,-0.49536655608212116
11312,-0.26162703022926237,-0.5448877984540251
11313,0.5659244610001973,-0.5796695727523172
11314,0.3588414954515411,0.08914277351648296
11315,-0.8976570020162863,-0.24068281132418615
11316,0.31235787723860997,-0.4301076728758631
11317,0.1701728439275121,-0.5509105604115466
11318,-0.24872132078277914,-0.6066048272106385
11319,-0.16795430114166504,-0.5535226288043762
11320,0.3852215185701377,-0.5016677367023635
11321,0.3306611994705451,-0.5419873141802413
11322,0.17144298781353517,-0.37956862545477293
11323,0.06877859872915514,-0.47149538071942554
11324,0.5264670551992104,-0.17427896618436262
11325,-0.2027238071818311,-0.14139866372784024
11326,-0.017476773223958905,-0.5055928284591086
11327,-0.45558438410025326,-0.24942284962994546
11328,-0.28159603474079165,-0.48556955889724085
11329,0.2913735955221577,-0.46101850213675766
11330,-0.6521282229025565,-0.5145235879924605
11331,-0.13389714684886053,-0.3508807586715675
11332,0.08175658835631168,-0.5913156872792296
11333,-0.02174253496768914,-0.2486509776864282
11334,-0.3596756908118385,-0.38702276725931384
11335,-0.13042289991780792,-0.5666360025766306
11336,-0.6676246912297341,-0.4377534819140328
11337,0.22683060757906534,-0.4471410377862524
11338,-0.21939902577988307,-0.46361776883900224
11339,-0.1856729499096175,-0.45568410255567116
11340,-0.17940182930355428,-0.4260899651038316
11341,-0.22617819801227668,-0.44079930688037
11342,0.03226624585484853,-0.3911231790543098
11343,0.8615393028964408,-0.40146184683025227
11344,0.29977311596008194,-0.3442660417901136
11345,0.9411760456066286,-0.37195776168836786
11346,0.15788758791991606,0.6444850943357565
11347,0.18779521260059984,-0.3825641392114807
11348,-0.2072399701578062,-0.36408867004958057
11349,-0.6734529727346985,-0.3318535757384333
11350,-0.4159556465027696,-0.39701561791088014
11351,0.44889809466995795,-0.28039900583562083
11352,-0.8216311168779091,-0.2600903321722198
11353,-0.2915692327488553,-0.16520549344552157
11354,1.042964215613639,-0.1526841587504763
11355,0.1294322326946752,-0.38375957949973327
11356,0.04807518900030492,-0.43211925177763755
11357,-0.5025212569598853,-0.4255331843748989
11358,-0.14179708104250166,-0.3561884228206899
11359,0.41641214512773334,-0.37326096816464377
11360,0.3644014239005924,-0.4335513149570989
11361,-0.5269654554839042,-0.31794949027177694
11362,0.09679629181650128,-0.1525197125393446
11363,-0.5010489298323456,-0.029900948792061045
11364,0.529008930609949,-0.19119055479538216
11365,0.16211373456182598,-0.3864630498578549
11366,0.956191719664925,-0.022836143460210526
11367,2.284480129244067,3.466562050838697
11368,0.7840511019188457,2.3721616446817917
11369,-0.4647423692424968,1.4372000476168012
11370,-1.038093220104651,1.334537155096624
11371,-0.20898965026763797,0.07391013324835993
11372,0.601161390951278,0.04763490855332637
11373,-0.2685611960172873,-0.1995772558702428
11374,0.5545536079734907,0.42687152807608486
11375,0.5329411605066512,0.09732527483388516
11376,-0.04500515041001171,-0.37627446030327066
11377,-0.4265384617951897,-0.5557569119162334
11378,0.08519748601975755,-0.17302263789548347
11379,-0.10288054810072804,-0.4930688906278749
11380,-0.322718206801224,-0.5709574659742273
11381,0.10618090299305996,-0.4395788787009641
11382,0.058951315564438216,-0.4783160702624302
11383,0.9125664495046871,-0.17990950143392825
11384,-0.037342225524035585,-0.44503880261402684
11385,-0.7213840724423958,-0.4544622242970423
11386,-0.24211834044670805,-0.253951482062179
11387,-0.3894872759162385,-0.34355592774835875
11388,1.031820760749119,-0.5384540066785302
11389,-0.08906570090200279,-0.3595717328363368
11390,1.4761720450778457,-0.4743038462401071
11391,2.3246307295136663,1.7968290775400373
11392,-0.38751042334550845,0.3371284995003232
11393,0.23624165020150978,-0.23214582583238308
11394,-1.0829921440443429,-0.35508859533443277
11395,-1.249298082410713,-0.12200596939661294
11396,0.8075064992997529,-0.35602640257817564
11397,0.05585942450907869,-0.6207330153685766
11398,0.45332900998820636,-0.3168403686612819
11399,0.24702804302458034,-0.4104477343440893
11400,1.2340513679632759,1.2276006914901143
11401,-1.4977645444057668,0.5037315530585232
11402,-0.3784032549371687,-0.1646277940960843
11403,-0.3148517032854676,-0.03955275886222337
11404,0.3440770574226369,-0.24142044339795976
11405,-1.3679430326122999,-0.16106947932746443
11406,0.34813153480152165,0.11658907661119815
11407,0.8484172318709032,-0.2175591820999389
11408,1.1713549812136634,-0.07181978085162953
11409,0.8003141844426905,1.2468295298569045
11410,-0.5271924392068521,0.3488020772970173
11411,-0.35579204701636025,-0.42901833741242973
11412,-0.28838391328085056,-0.005158625869291147
11413,0.16727227758498103,-0.2799348374832153
11414,0.38005770762762464,-0.3930641511551884
11415,-0.42385351641490837,-0.38617982658368505
11416,-0.07487718557442881,-0.20597054174118998
11417,0.6077281058842686,-0.14436741624880028
11418,-0.3091357748350272,-0.236650895537396
11419,0.33562058686697904,-0.2110754386253934
11420,0.5706115949562969,0.4789520574953172
11421,0.6908867551313631,0.48964538139336594
11422,0.21048028842090258,1.543188944985491
11423,0.11793103149370186,-0.05863829974937856
11424,-1.1371228768567327,-0.19745411214704284
11425,-0.18493378576066516,-0.2721280550430744
11426,0.11457574735095126,-0.22037589249168069
11427,-2.675849655191088,0.5423910415293807
11428,1.1192143903035596,1.108775068400406
11429,-0.7346664973601807,0.4309924479379962
11430,0.13298796373133942,-0.3704927275760765
11431,-0.3833138639356754,0.3006837735074588
11432,0.5770656806078804,-0.3701564486407939
11433,-0.734424100735839,-0.020578834014915358
11434,0.5916814438375924,0.0019622720922702003
11435,-0.6773656100923398,-0.2780539214679702
11436,0.16718719911398217,-0.22326274949495586
11437,-0.5720414989745105,-0.2447424219938297
11438,1.3254821032056783,-0.26364460883442314
11439,-0.9595219134619876,0.06698579724850506
11440,0.6733346664807476,-0.3353923552922361
11441,-1.4543976009066923,-0.2710912719836003
11442,0.4179040844052379,-0.19605347582697605
11443,-0.6347593657346043,-0.1846372162900039
11444,-0.4154579338761721,-0.06381785781342983
11445,0.6449125914738896,0.6960879600544846
11446,0.5123719419150246,-0.14655269658445877
11447,-0.04287593127613284,-0.2171460835787168
11448,0.5464998014193384,0.363376477818612
11449,0.3359659400261274,0.26921099988440883
11450,-0.846754450261413,0.29307477693076867
11451,-1.1728734331809496,0.001449034463687165
11452,-0.8776206837586079,0.680014804357882
11453,-0.12911329295185753,2.70685954633939
11454,-0.7283225101606672,1.2029732823772803
11455,-0.4386668386177859,1.1638641726654237
11456,-2.1325771939822524,4.405335359066981
11457,0.9295488490554371,2.56214380831298
11458,-1.4194172009439985,0.8914878134879367
11459,1.2103744058252308,-0.11970760021205294
11460,0.9015103939179021,0.3937495165297619
11461,-1.1030924092601833,-0.3241156465970594
11462,-0.4602422686741403,0.09882593690870023
11463,-0.5814470431543645,0.3862988013756675
11464,1.0198477840089963,-0.04676174753972107
11465,0.48452612700713404,0.5630412626271519
11466,-1.1722845408276252,-0.20879871805808325
11467,-0.6518595856109703,-0.3618971870305848
11468,0.8018911456591422,1.1045614571978353
11469,-1.0659139621936204,-0.0763288350685811
11470,-0.46812141307897753,-0.3179582868356285
11471,-0.2574587883820192,0.8331834477522908
11472,-1.3092543799347909,1.0169419156698334
11473,0.6645329921172345,0.44821249299938803
11474,-0.21562697776731202,-0.1824175350324664
11475,1.352128041952988,0.27728571548913594
11476,-0.1657517442037453,-0.14417073507484765
11477,-1.859378120794324,0.5476444158409446
11478,1.3712057589994893,0.3582845894982238
11479,-1.6899656377597492,-0.07516467583837272
11480,-1.6156083867758446,0.5473026262311425
11481,0.8541206713060033,-0.06591415439570163
11482,0.5288506091894761,-0.4322385538041036
11483,0.13897948066925864,-0.18507343494025036
11484,-0.33882245929325855,-0.20129785719843432
11485,1.7583658415980494,-0.1500680896846407
11486,-1.225386271602001,-0.206922077320562
11487,-0.13137232238334826,0.05709842283081164
11488,-0.43043016455509986,-0.3743179333636123
11489,-1.726571414994878,1.3779399360828988
11490,0.5021931012909284,-0.3069478092631013
11491,0.09166013803084926,-0.27320988528430995
11492,-0.3529395894863861,-0.2734624479527961
11493,0.153602506734996,-0.37158330602193523
11494,0.4358448285709243,-0.09975917670391718
11495,1.4295363234607257,-0.36604427797287026
11496,-0.2244255984980769,1.2213275946058797
11497,-3.0941235654580406,2.2138154193934594
11498,2.21176730611049,-0.10973467960893035
11499,0.23264097197285188,-0.425643034855979
11500,0.5638747152957406,-0.323373546270413
11501,-0.36579939306893644,-0.4187682264365987
11502,-1.86748595197215,-0.06689080915469901
11503,0.5259478058340582,-0.16250300285646918
11504,-0.2405733055771018,1.0144996069324117
11505,-0.24016282085805427,-0.2412445662682959
11506,-0.04431796475276331,-0.20228077370099146
11507,2.5346675084674173,0.28051745979097853
11508,-0.5303197888778951,-0.1568703777850817
11509,1.0426903099227132,0.5646537494888398
11510,0.6678680933125071,0.3913892461613988
11511,0.41924272476908003,-0.06249714447951494
11512,-0.6455385212621304,-0.21769041194083918
11513,-0.7179747190424386,-0.4451477788686134
11514,-0.37071615496207583,-0.30194615354293836
11515,0.5308133916794491,-0.2593017847868151
11516,0.3767265188050978,-0.45956110869517247
11517,0.5706293397644351,0.0908378152650458
11518,0.535911017068502,-0.11443745268027128
11519,-0.09535877286490756,-0.2146094811936627
11520,0.4750653141247343,-0.14351860278184866
11521,0.4950732541509161,-0.287786413720246
11522,-0.781405976781085,0.4910920213498607
11523,0.37405253627823143,-0.05184025198667909
11524,-0.17159948721714016,-0.10364440364916977
11525,0.8616116030588978,0.6098419953815908
11526,-0.3171097959523163,0.6369593686653829
11527,0.1649166435587815,-0.28938362688539665
11528,-0.855467810695665,-0.4244372681680635
11529,0.7566644972985287,-0.35798610235339046
11530,-0.3718660405386222,-0.2200532558544196
11531,-0.7563964881391346,-0.24974235129691055
11532,0.5278647191667466,-0.3448906495689048
11533,-0.12737953339668184,-0.43529933696009054
11534,-0.20093273128110456,-0.4563059427912178
11535,-1.2634581724269927,0.3089924112307948
11536,0.21740865497310985,0.022049333390847664
11537,-0.8449953109642272,-0.004629514027784176
11538,-0.9701438519281073,0.17334415949114718
11539,0.8131666432803903,0.0571779135715045
11540,0.4136296962819,-0.36837388365592444
11541,-0.2543478689327197,-0.13394009271466814
11542,0.6205544409424404,-0.5245880392622269
11543,-0.20174094596811534,-0.2620014843057074
11544,1.9106444098084767,0.2651062253649974
11545,0.7767276590052623,0.18592452198351345
11546,-0.694461504243186,-0.19222678684179875
11547,-0.1537340440811371,0.10390911186275628
11548,0.4764185810380642,-0.1080270090503415
11549,-0.9181654297113029,0.026743885063111254
11550,-1.5046277487707422,0.5675685952949153
11551,-2.2248421073146036,2.6319931672936168
11552,1.0705290575781277,0.4174410408972097
11553,-0.368976556062221,0.06540231551404531
11554,-1.922917697352361,2.5498972483576723
11555,-0.11871309992672759,1.1162802684489257
11556,-1.1778471308610992,0.9465700102888017
11557,-0.13364836096179927,1.0410676251453999
11558,0.23012966133744983,0.5549352308753946
11559,-0.7263472851696803,0.6759439895949337
11560,-0.6713752694847227,0.18928632856502098
11561,0.08714690382031519,2.4618847739804934
11562,0.9722493753314424,0.5953517830721065
11563,1.313746111073161,-0.15682923188671893
11564,0.3122506307285126,-0.008709527132982026
11565,-1.135270438394653,0.4781290076542594
11566,0.8007854896307813,-0.19921263527796196
11567,-0.619610141053052,-0.19240167032857378
11568,0.5433462608356222,-0.49678703096793086
11569,-0.4163828191116554,-0.22549375142622372
11570,-0.32368470392820575,-0.49643762359986077
11571,0.3563955920340041,-0.2816307113371261
11572,-1.7162649105689933,1.1707030194366341
11573,0.5338290905938128,-0.40609321900726447
11574,-0.36401000940732886,-0.47539471144392864
11575,-1.5584621947098753,0.5341927431351096
11576,1.2201050258614103,0.6585234852909282
11577,-0.9008021824463992,-0.28771153760836066
11578,0.8254431900342334,-0.34047608878896773
11579,-0.18844413282792935,-0.2425011150180023
11580,-0.4095698384013124,-0.3159226674911685
11581,-0.04653026770170154,-0.4070527058743847
11582,1.7629152330575766,-0.2795728922837581
11583,-1.277608283755218,0.11204624670743961
11584,1.1081702605192805,-0.5527248270179107
11585,-0.0024240058460594143,-0.44098609547659945
11586,0.5392275094308464,-0.4718963355160809
11587,-0.22715510091533034,-0.5662857046189285
11588,0.3912542291771611,-0.2510012080890404
11589,-0.48537489453046645,-0.3605608062300878
11590,0.5480870020826526,-0.49957683465266867
11591,-0.3079761303143139,-0.5038216410543227
11592,-1.0440157430619852,-0.321849829012769
11593,-0.5639534870165899,-0.20899166146812234
11594,0.7488289160905872,-0.3826494687707497
11595,-0.15849258322373555,-0.4407514771929769
11596,-1.0089126800367652,-0.3422231130860567
11597,2.8600662333783102,-0.24949004242495548
11598,-0.05655111117097714,-0.3562140459463403
11599,1.0968494839479859,-0.5099376487693157
11600,-0.7332652825073284,-0.251469283971471
11601,0.3170241099227951,-0.4470654628833378
11602,-0.39924221514962754,-0.45607582047070044
11603,-0.1317394703919244,-0.5644553522583321
11604,0.23829999183629552,-0.5337340089084789
11605,0.25996456110649635,-0.43987605108401034
11606,-0.5409968733927409,-0.23567591799258816
11607,0.374521356805542,-0.635997528751893
11608,-0.5790705404344313,-0.4244253318534159
11609,-0.8886242035304969,-0.3568853661663589
11610,-0.342550180149736,-0.4991778972999207
11611,-1.1426834093672695,-0.3420425990656094
11612,1.7337639331895383,-0.20112418257160436
11613,-0.06035425650025299,-0.5181267225949177
11614,0.36352133488296057,-0.46286074808476313
11615,0.2561427690286569,-0.5016063181361055
11616,0.38510334261543233,-0.47830005351771165
11617,0.39413660975165554,-0.4711830451218722
11618,-0.02057720918821355,-0.5278819746660941
11619,-0.4982414546704619,-0.2532886151105649
11620,0.4007306039722341,-0.46425905116211597
11621,-0.8104139954656259,-0.15353093811043803
11622,-0.2734545371204033,-0.44742376877076745
11623,-0.6164661800892182,-0.21303474852253043
11624,0.7639393782314179,-0.043334454544552925
11625,1.102636806547404,-0.09350408200379792
11626,-0.4163398386993489,-0.37142335701094387
11627,-0.8027472344781534,-0.2409248541451187
11628,-0.5759572483686815,-0.12857485724873352
11629,-1.0898014142003403,-0.0006886209644443581
11630,0.4250365952790074,-0.32326972103519813
11631,0.7127156127977178,-0.036342177003448085
11632,0.09332644361409292,-0.0756643960594602
11633,-0.020663522280536514,-0.26680908469718617
11634,-2.1367929291087715,0.9311694929257405
11635,0.3387589643016619,-0.38641855050600904
11636,-1.839319953380083,1.1745810688551719
11637,-0.23409751031441797,0.27111626647999
11638,-0.680201735742738,1.522663365928207
11639,-0.41208725273730223,0.5502811040259844
11640,1.5776315865839334,1.2241985515029377
11641,-0.9723187264740081,0.7232840667400546
11642,0.6670506651402037,0.04978589996460372
11643,-0.44200491758899296,0.6323839835005542
11644,-0.6477766411797876,0.7887582569906115
11645,0.9091462867385822,0.7914211444997058
11646,0.44574919216148795,-0.014742192393363072
11647,0.2782359676129828,0.12436524313777805
11648,-0.013279139849442977,1.3062921787919435
11649,1.5346450237297762,0.5284635210167088
11650,3.126103585704968,2.4624143005516177
11651,-1.7135146639832781,1.2514644059900355
11652,-0.5575320204974358,0.8711324124173636
11653,0.23545229961646122,0.041476905457004797
11654,-0.15055826879054324,0.16131046332407217
11655,-0.0681469473580316,0.23599092678404784
11656,-0.09169932460456881,0.6226465950862018
11657,-0.27883231761684074,0.38270810277226386
11658,-0.06764514160720131,-0.39946083226110995
11659,-0.23388936667145313,-0.3611891181289646
11660,0.1539658654716843,-0.30959260602765176
11661,0.32510957948140606,-0.36297986807629534
11662,-0.08040942296751295,-0.3174830445926766
11663,-0.3857631047328309,0.9438523246860306
11664,-0.00790825885469412,0.29408980163705906
11665,-1.6366426741367932,0.8749050517463975
11666,-5.018699998210787,4.06953087661343
11667,-2.1021561421930985,9.501920795260464
11668,1.8709744744959977,3.0288035992688718
11669,1.7359768811132108,2.600087816145617
11670,1.209989424535338,1.1223595053585198
11671,1.8772501174251053,0.5120854165616291
11672,-1.0656284511804792,0.08462117152410269
11673,-0.31700568835273124,0.026701556805720797
11674,0.05217285624705994,-0.5079787077443454
11675,0.08469481144815592,-0.4834035261489456
11676,-1.1344806584088527,-0.24388218029276854
11677,-0.5542793105527373,-0.2927741055886363
11678,1.6726879929731544,-0.27961176430499246
11679,0.03304042671827211,-0.4540841136206391
11680,-0.48908536916987566,-0.37067439124786683
11681,0.5064390351522176,-0.4321587343090642
11682,0.2516327890846756,-0.6374687056039239
11683,0.7921638886831909,-0.34627347058045665
11684,0.5664262577804619,-0.30633790376987363
11685,0.7410600164714005,-0.3370677913376275
11686,-0.025187390853536135,-0.1857459562381205
11687,-0.1627908512344003,-0.46392569422573915
11688,0.9302418432348867,-0.43235503951951293
11689,1.2243416067562898,0.6712541983838198
11690,0.17984231536657078,0.08273213753649605
11691,-0.09633875493877608,-0.31826233207428234
11692,0.28253674041139654,-0.334994064603825
11693,-0.2685864579520008,-0.1762834634298313
11694,-0.39437674600536043,-0.41709395366705526
11695,0.18587273790175954,-0.37208123446366254
11696,0.0011136727585177736,-0.49077140222390514
11697,0.9765389056041013,-0.21874146746000808
11698,-0.07183591311848954,-0.20796579546496022
11699,-0.11709659051174798,-0.21959593278000386
11700,0.13572632606068274,-0.3978128056065096
11701,0.2727857165046006,-0.2129570718290897
11702,-0.06328860533070582,-0.04131285446975215
11703,-0.2065184855227653,-0.2788310202434529
11704,-0.4720309085875639,-0.5420042538695182
11705,0.591589601436178,-0.472370329854259
11706,0.22528835216922505,-0.32757667611955066
11707,-0.437647380187417,-0.25512399869337576
11708,0.2644675477211946,-0.42675690249116066
11709,-0.03629526294224128,-0.6073694587652628
11710,-0.25253385608358125,-0.47401799758492
11711,-0.2927594060990613,-0.41365744806334853
11712,0.6256221957146089,-0.4234042579327613
11713,0.47453248510650703,-0.4587073952438965
11714,0.5697408560632474,0.1210203790053997
11715,-0.13394266168982458,-0.22115117232271225
11716,0.21242478432988934,-0.3404715834159483
11717,-0.36286622000796476,-0.3163303173459866
11718,0.010433370262074788,-0.5141371663766306
11719,0.19624974669429907,-0.4128779797838331
11720,0.23383078272559465,-0.41019565622946025
11721,0.7204685664550878,-0.38041530916626276
11722,-0.6342319330668318,-0.5058463422132419
11723,-0.20292406470995006,-0.34553525248871686
11724,0.09440470267686538,-0.48993693457060744
11725,0.1286182446041986,-0.3851645489104997
11726,0.2942887662773534,-0.34152666350965083
11727,-0.37689909456829446,-0.2068428447428651
11728,-0.3962261884482235,-0.4092568396704063
11729,0.530258984150124,-0.33366491580363605
11730,-0.5036811192668388,-0.3983183051852005
11731,-0.07621173851371442,-0.10324860975541687
11732,-0.7376534639726232,0.35327506466877856
11733,-0.022971559971914725,-0.3339088349007684
11734,-0.16444400736543,-0.24271121991294442
11735,-0.20463968027041246,-0.4776097685624726
11736,0.28877111539289047,-0.25747662896081563
11737,-0.9909979013110618,-0.24383824326953416
11738,0.6146315738723928,-0.25451422361472426
11739,-2.54155920012661,0.38871644092408814
11740,-0.5352759617248988,1.1051219821472176
11741,-0.06520848003229168,0.9750625338717991
11742,0.8951884453579048,0.4497571319430491
11743,-0.9276277056183148,0.011190644922553606
11744,-2.2562347484799545,1.2142230146684312
11745,0.18630259858754944,0.7479719691933238
11746,-0.5490513632672002,0.29562402699042933
11747,0.5368718754937568,0.31295957312627687
11748,0.807197883133448,0.32022207959795684
11749,0.8667313655468888,-0.04523212938124807
11750,0.053988891152900224,-0.2975014173545005
11751,0.45852826443397904,0.7466118418889827
11752,0.8587914010488613,-0.31364328404097985
11753,1.404962009540195,1.2700475485617104
11754,-0.48911115193200494,0.220966432449559
11755,-1.8342255974452166,0.04896365690464132
11756,-1.6273861817394029,0.4898512039650719
11757,0.4581807762467189,-0.19718934433385474
11758,-1.4423692335499358,0.4383205578520428
11759,-1.0451933684707404,0.9585942380240029
11760,1.7575835818659724,0.2568498946588257
11761,0.35674529526417564,-0.1440279427966754
11762,-0.8239741625925384,-0.4396815946973035
11763,-1.9381843291169716,0.3777019391035533
11764,-0.3484504566185094,0.007305996184141914
11765,-0.36816063823070216,0.8153025305389359
11766,-0.6246490354965144,0.28679394118615936
11767,-0.7081626918091339,1.6373713118173425
11768,0.5518418090706969,0.30222470626261977
11769,-0.40516809752387384,-0.11414304822226665
11770,-0.22161463743077178,-0.17403181090390393
11771,-0.22238904853789795,-0.12209695601101629
11772,1.1332986689015434,-0.36769188824342147
11773,-0.08108994755383728,-0.4375960180899401
11774,-0.8070205676989625,0.9714787161344408
11775,-1.2602756329805365,0.6677709707476843
11776,-0.16002497731939314,-0.019634795037599795
11777,-0.8154412143210638,0.6789820096848566
11778,-0.3358440751580663,-0.18598804072538544
11779,1.5942117548429655,0.3486046653677885
11780,-1.5566499334786856,-0.2734390345484005
11781,-1.223030895338396,1.8801572835515374
11782,0.042403131652178676,-0.05692667475617297
11783,-2.0864241328499857,1.938339865045866
11784,1.43715759794588,1.1936544309494492
11785,-1.3206618902675618,1.5808641334733855
11786,0.7391219462637106,8.323361814530296
11787,-3.3976261188094186,2.4575227927007104
11788,2.0651109202495705,1.8923670286000975
11789,0.45717504365363404,0.7040366161323761
11790,0.12325312275248965,0.28241701551472215
11791,1.7486770547474502,0.4281596678257094
11792,-0.3125812146339455,0.7005483785914909
11793,0.9026837152860664,0.31242450825378937
11794,0.4234242886853031,0.004037714894578683
11795,-0.701584992908746,0.005422622929833372
11796,1.3292010102529068,0.0076166328595185795
11797,-0.7589504092446375,0.10319024621055947
11798,-0.8158386866259552,0.011284758321878719
11799,-1.0548309517651275,0.34411075922949536
11800,-0.262451939910958,0.3059124842038608
11801,0.32181695506285735,-0.5176004245147791
11802,-0.26154801185913285,-0.48340729304359825
11803,0.7316412233696554,-0.39714569837816494
11804,-1.4926321640799534,0.027664160865949597
11805,-0.42434129102897833,0.3725321382660187
11806,-0.08214724938900728,0.019351417710034194
11807,-0.8954489315152045,-0.14648523544811096
11808,-0.6896203098694236,0.5788905856470173
11809,-0.42108117772862064,0.508867367128016
11810,1.7546659001445692,0.35047195912998924
11811,-0.6578895864385048,0.7977528636525723
11812,-0.6977467321316304,0.8910679544193982
11813,0.46774543238794686,0.771730366061212
11814,0.6343001298178274,0.4593523002061539
11815,-2.737211313838015,2.83581184153096
11816,-0.23860197397403546,1.8103747000567776
11817,1.180243863280008,2.4127617704108952
11818,-0.5419322589285451,-0.15275015154140034
11819,0.9969307895927975,1.563121745655247
11820,1.248453311402121,0.31057841200932573
11821,-0.021666797715601184,-0.36895878773297675
11822,-1.7050770340955443,0.3871752945410592
11823,1.088082485196818,-0.26113386848768777
11824,-0.48304746793455144,-0.31751054009407914
11825,0.6753993790847735,0.34431240727426354
11826,-0.47682983308514715,-0.20642554913869382
11827,0.08009203275176174,-0.31871273087273233
11828,-0.10968933083517511,-0.010724435753498785
11829,0.673783588863058,0.05278144296797487
11830,0.9117064610833496,-0.3643992493681308
11831,0.7245103224024231,0.3554027912734333
11832,-0.40698071060591784,-0.007011079558250521
11833,1.6785085468397534,3.108532705579253
11834,-0.9265337842756939,1.0944636517791377
11835,0.28850401522321784,0.6208253477117976
11836,-0.7545522313481721,0.6620900226831236
11837,-3.1136819781699216,1.1985515566255667
11838,-2.1717984880312198,4.938533789369
11839,2.673133447106791,3.4034260257715174
11840,2.9943127567595273,2.058326703798961
11841,-1.2442603270451982,0.6966693597234896
11842,0.7567738875391611,0.9086999127353124
11843,-1.9658431791278803,-0.20744561903849315
11844,-1.4039450401080023,0.9372870121339119
11845,1.8997926872667135,0.25093884057922916
11846,0.16465357340189013,-0.21650843644081808
11847,1.3621457237004444,-0.3060841360527428
11848,0.01160586874330987,-0.45485806052018213
11849,-0.8374292506721466,0.5383277544668331
11850,-2.324969326480897,0.17105944276403803
11851,-1.6185891421303356,1.055294598406971
11852,0.5855165926834209,0.017278175668358976
11853,-0.7905993088932607,0.5829085770449814
11854,-0.09712536648581604,-0.03829728554872108
11855,-0.2973497196342409,0.32963318669488073
11856,0.6747283063631628,1.411254434342747
11857,0.3391451617974618,-0.08589537114222563
11858,-1.2962120080064128,0.6292746503650378
11859,0.15679422009630056,0.1166703457917852
11860,-0.05022377138136485,0.32431849989444705
11861,-0.05795510351901912,0.45788342956925165
11862,0.5871081851031856,-0.09512225906032282
11863,-1.99500217200435,1.4285629178968609
11864,0.4666218043193123,1.0323702170482858
11865,-0.4749170698079021,-0.04291641152567781
11866,2.167198161452152,0.7103124820066617
11867,0.8923968757700568,-0.1604946847349957
11868,0.03600702251367892,-0.04974512290480681
11869,-0.24392038900273927,-0.43765798574947967
11870,-0.5205651743192277,-0.45206417201390914
11871,-1.7292630371722015,0.09295345622217005
11872,-1.7102789985714932,2.21778127642314
11873,-0.8204395118524984,6.088926662770911
11874,0.4273131334292901,1.6446355636382994
11875,1.7568073063519765,0.910939930268627
11876,0.9356335457888387,0.01436607855057828
11877,0.22816554127783412,-0.3566643753501625
11878,-0.26692563880456605,-0.4527872651513654
11879,-0.34570716758345843,0.5137045548649883
11880,1.3611484766526214,-0.020067982899367606
11881,0.09566051462197901,0.3003004387664128
11882,1.2500246511773312,0.27795128700817173
11883,-0.19282412022033238,-0.14710188925696432
11884,-0.9885979339512369,-0.33214047524131884
11885,0.5134376416633614,-0.4306029887649649
11886,0.49141131667209387,-0.5318645890637189
11887,0.26472537179796174,-0.3753305932061113
11888,-0.30864891246149484,-0.5457435756579391
11889,-0.045124580179851534,-0.5980407080356768
11890,0.07619689845183159,-0.612692833250822
11891,0.34922186375402686,-0.6311460358639497
11892,-0.0888094516264129,-0.606263945677074
11893,0.17184921181444993,-0.6557716466690615
11894,0.15152880791582113,-0.4148196816963942
11895,-0.17505972406175174,-0.5187083676103164
11896,0.6466170404002485,-0.46529985434251736
11897,0.5722191274158955,-0.28661947645376584
11898,0.1424426040826145,-0.24149936225639504
11899,-0.787416318037124,-0.35104979943591325
11900,0.7492851116427848,-0.4977081858172871
11901,-0.32464774860875606,-0.4266526413070775
11902,-0.10380994447211139,-0.49261528460384235
11903,-0.7334409128013409,-0.4115386000428187
11904,-2.258504884505021,0.8918612857793267
11905,-1.2728144599587858,0.7791515470952133
11906,0.6929870362427413,-0.11517808463400239
11907,-0.5103010128795219,0.2947700873207568
11908,2.223219218222122,0.29963528926860844
11909,0.477836988947723,-0.14704713079005685
11910,0.6370566785174637,-0.03755771821336736
11911,-0.13147807552132346,-0.4043113682266455
11912,-0.6054178747379003,-0.4171379936385761
11913,-0.6769374534860344,-0.09995984895024188
11914,-0.49623236644462304,-0.3906055739148789
11915,0.7883591235915631,-0.4952175399349318
11916,-0.5278998333238494,-0.47811396441293974
11917,-0.6881975863617904,-0.31308990106021367
11918,1.4049679281754532,-0.6044075570929344
11919,-1.156638804355714,-0.3826040242235114
11920,0.29963178918429767,-0.22254063735267848
11921,-0.9312329847429575,-0.2367960646670177
11922,1.179474745853443,-0.4763488768874574
11923,-0.7600442939791396,-0.40933765275890627
11924,2.9288754934855956,-0.19830539307814388
11925,-0.3853122633637471,-0.22975239629222302
11926,-0.2870215708482209,-0.46314932302517503
11927,-0.31072664767442487,-0.595587346868462
11928,-0.14749360024052638,-0.5037431732455759
11929,-0.6655198917438832,-0.3646252716205642
11930,0.9608137596141763,0.1297807906886515
11931,-1.0919317194929798,-0.5279318345112574
11932,0.11404404724429176,-0.5298448979658567
11933,0.6850423176899294,-0.10473480413574077
11934,0.5424582611979664,-0.3835580340075826
11935,-1.1862429734014979,-0.48073115167026487
11936,-0.5946345229465545,-0.33462355498623786
11937,-1.52400210027746,1.2028980099144675
11938,0.18101409588504772,0.013783554049808334
11939,0.8090804422296854,-0.17764526631183308
11940,-0.06505530403459461,-0.3033734114834974
11941,-1.5209592433112271,0.30279334612985326
11942,-1.3175536020350092,1.0899894273807096
11943,-0.04128624035582252,0.5972418625461442
11944,0.06595555882938098,-0.11214910528789768
11945,1.3515457516635876,0.9499021977616887
11946,-0.05675564681372223,0.14539455950781818
11947,1.1295557965132286,-0.2185676996694271
11948,0.025731262652216036,-0.48545197591032574
11949,-1.57649871641528,-0.37213115822526305
11950,-2.351803304631862,2.0167871055137665
11951,-1.0924435910118302,0.6692978447752047
11952,-0.8340398682694229,1.6153304976313414
11953,0.07047228424393844,0.7803842655262955
11954,-0.6014800927260616,1.94351211943765
11955,-0.2325717182965092,1.4760759044325211
11956,2.531336420537476,0.6544821946137145
11957,0.0563614115816887,0.2764036518949637
11958,-2.338332999627098,0.06795689900084904
11959,1.0329953112447123,-0.14348412739373337
11960,0.33149186889784227,-0.38865417570224464
11961,-0.5443348400944796,0.051550436696905386
11962,1.571617674398145,0.11629422061874928
11963,-1.0934763151175257,0.26760602126758654
11964,-0.12689187032013774,-0.5132829547917865
11965,0.7741529483393382,-0.12775068070187223
11966,0.09828346379057704,-0.4768113093634932
11967,0.032792724204339534,-0.38219196613295414
11968,-1.6375400632768113,-0.0645351160167579
11969,1.8433019200163268,-0.48029373875600995
11970,0.09272818670972831,-0.4261176630901995
11971,-1.533044735795731,0.14025855642402293
11972,-1.6799211165118229,1.0395253745932598
11973,2.9377449999207994,0.16276954920100228
11974,-0.6324969882891289,-0.19515177832776806
11975,0.5245325536045674,-0.10361380523743502
11976,-1.5233567451283008,0.24717040590112993
11977,1.9058821525784264,2.2220575631290544
11978,1.4736034783820664,0.0074472167804452176
11979,0.10247632634243532,0.3920500281578502
11980,0.8211232890655714,-0.41502809091218595
11981,-0.0076071209588125825,-0.20998921530333078
11982,-0.46700092949158367,0.03588794481161039
11983,1.357244125389741,-0.08265006989964135
11984,-0.46895196897104924,-0.32084008918848317
11985,0.6662183519135211,-0.3569978232047305
11986,0.34690299199470426,-0.5011018653447264
11987,-0.3860200996741407,-0.5189446570620858
11988,0.0854497664478736,-0.5490091108978072
11989,0.8010662842398394,-0.2991703732149729
11990,-0.47505046125301975,-0.5372148428008733
11991,-0.7094514368066303,-0.4423081238857642
11992,0.481766456896661,-0.40644513565423496
11993,-0.5930205689707829,-0.33739530872032975
11994,0.48021328914844263,-0.5525062123449015
11995,0.10838828849103996,-0.5012137475583525
11996,0.49885100786138714,-0.5940902986480663
11997,-0.3894784836968792,-0.5487825069886118
11998,0.23458402068481057,-0.5665997164303116
11999,-0.40322148928665597,-0.5567635530364178
12000,0.30331825478190205,-0.5994604792095879
12001,-0.05003460844451449,-0.5151483480923281
12002,0.40795737509771995,-0.4981930246242282
12003,0.6916180258753389,-0.5437173022503954
12004,0.17071038329061813,-0.3332048375341205
12005,-0.07699927810229185,-0.3851754334334681
12006,0.0322182650377785,-0.5585941244665976
12007,0.640814785529301,-0.3089035864798407
12008,-0.5020201740932385,-0.38808640512981574
12009,-0.1795038154409967,-0.4977916317748752
12010,0.4355996892424197,-0.14185696483846455
12011,-0.3994770093965596,-0.31728316056084094
12012,0.10898080568648022,-0.536781985428865
12013,0.09768457214690365,-0.19336575985078366
12014,0.11700679328081938,-0.5055974540250183
12015,0.7580494994053124,-0.4151745550907712
12016,-0.16866164660907837,-0.08848863230953442
12017,0.2032823895395813,-0.22080090368586966
12018,0.1357980716922081,-0.45448706289947266
12019,1.9094114328748304,0.9159119107931168
12020,-1.2625809084095387,0.17266176916500453
12021,-0.4786900913048347,-0.1404816896620319
12022,-0.20912657635275544,-0.4637631707063919
12023,-0.5439832900034881,-0.368285459927687
12024,0.21214337492763843,-0.4496770880818856
12025,1.0028078303809662,-0.31421144524007477
12026,-0.023014693147191623,-0.5048368314918668
12027,0.3157582087475064,-0.3163167826441054
12028,-0.8473843738086692,-0.38164053090934025
12029,-0.02810431293282302,-0.495754274685602
12030,0.21221860551830307,-0.38658836741543817
12031,-0.6294441610416197,-0.2864494839328836
12032,-0.625522880185229,-0.21427328609400342
12033,0.8189195810393265,-0.3160568395123262
12034,0.02540866276529525,-0.39223923117790505
12035,-0.21643780291489,-0.468663150069378
12036,0.5304054929545211,-0.46952526303431064
12037,0.24348284804722142,-0.2920017475812833
12038,-0.002872821243525324,-0.4936899556805548
12039,-0.7839568762408349,-0.048744175063570386
12040,0.30968705008822367,-0.43462278857029085
12041,0.5941333260652858,-0.5240001070049197
12042,0.3824729005254068,-0.43225160493415976
12043,0.36293137473193143,-0.24696093295510602
12044,-0.7315865545352997,-0.3587438899328133
12045,-0.16174867421806383,-0.44519076751812847
12046,0.6049791080342137,-0.4627228476072219
12047,-0.38505101601997715,-0.3448074948199593
12048,0.5029785218930205,-0.305192239519988
12049,-0.2692835135401725,-0.4583790854876157
12050,0.5200953709125131,-0.3924979006793044
12051,-0.28813919229977475,-0.5660604455196426
12052,0.8201134700031516,-0.08702588506128367
12053,-0.47238596856608334,-0.2150576977554057
12054,-0.26289416006337163,-0.44001770823467246
12055,-0.45435640467107136,-0.4874787688081256
12056,-0.05257451964523676,-0.5627123298780697
12057,0.6040761189020176,-0.5233900429645932
12058,-0.05702033794917936,-0.4973572044369867
12059,0.3624912337998124,-0.39040238378716535
12060,0.08521429324780896,-0.5410501939357286
12061,-0.4151559430803631,-0.5220603215587263
12062,0.4324993433826058,-0.5518684086484139
12063,-1.1193949640634988,-0.3004628091612674
12064,-0.2634761525721742,-0.47050628948737677
12065,0.7389744233788026,-0.5561554786400803
12066,0.19439133506613948,-0.5692584366547409
12067,0.6351184353781482,-0.08154728358203042
12068,-0.5430232480566171,-0.4103368630067138
12069,-0.4810748256214224,-0.48778344121841355
12070,-0.029588923237831532,-0.5623797374641523
12071,-0.186069125647538,-0.2993643848593855
12072,1.5317981095524928,0.47540866846683116
12073,1.6244481378966518,-0.0009427302233376255
12074,1.2091393099587031,0.04994155407810866
12075,-0.8351091362951948,0.03142222023793593
12076,-0.02175598612506084,-0.21121365196938657
12077,-0.40102791709482494,-0.3587686435117816
12078,-0.43458995731880257,-0.4151186525687609
12079,-0.8791014395546866,-0.4005668729620788
12080,1.343678249633742,-0.41226682422531596
12081,-0.389078266196374,-0.4119828144757254
12082,1.2980142697719623,-0.3218792647395474
12083,-0.5508164266656164,-0.3788608267597636
12084,-0.2037985331880517,-0.5584091110526136
12085,0.08242429025364538,-0.4642633491870793
12086,-0.2714804356431463,-0.555551653765301
12087,0.17950406882149983,-0.47576059768453915
12088,0.01727497364188972,-0.4943698368472922
12089,-1.051074370265387,-0.20546000804954093
12090,0.12271851251083588,-0.5400505696955796
12091,-0.43647850368439733,-0.3963533670902822
12092,-0.3923021676907404,-0.5051225251774295
12093,-0.12876133058083686,-0.5605534889825861
12094,0.9865361955570786,-0.4885220049831765
12095,-0.6491602451655355,-0.44692462576693637
12096,0.08122165937922629,-0.552487370951599
12097,0.7258481964148493,-0.5517114060172248
12098,0.32211697898698494,-0.3000364116798747
12099,0.3137845652491456,-0.31352407396949356
12100,-0.06887698021008566,-0.5038204676494917
12101,0.6220967046136063,-0.252465508365801
12102,0.042580587654960846,-0.30901683419206266
12103,0.0741459377060944,-0.1878674838455842
12104,-0.6162826654591658,-0.32122025787849734
12105,0.26948565335785607,0.1682687582052624
12106,-0.12907754503540056,-0.4428569376143148
12107,-0.04045490409413856,-0.4165780712978877
12108,0.4739792248939266,-0.21794617381052692
12109,-0.5188565561046874,-0.44068267257167415
12110,-0.7480694455168675,-0.3073017292927413
12111,0.718781406994323,-0.46759172554310696
12112,-0.22601565061247045,-0.16283887964004903
12113,-0.3115584632820853,-0.4797582473493606
12114,-0.12814883487951562,-0.3616681665489918
12115,-0.1927307636320065,-0.5052138661946983
12116,0.04451903465068583,-0.4453886768747815
12117,0.09728708247980826,-0.4345627566608064
12118,0.10055558659484584,-0.4148935815000639
12119,0.3243445763527503,-0.4895701667863461
12120,-0.29326732527631755,-0.5435078438610352
12121,-0.029480341630177192,-0.5246173985052544
12122,0.6551244912380909,-0.49697688273564344
12123,-0.22682715119531532,-0.22328511743334237
12124,-0.5856077592735057,-0.4636528183919068
12125,3.3309527013939824,1.0738099660918754
12126,0.6226754266934187,1.5126232742803631
12127,1.3321321197788338,2.6918462697932437
12128,0.4984567448485348,2.006740372747528
12129,-2.0643771267241946,0.5083304631328128
12130,-0.9282586566363885,0.9762760688140076
12131,0.9538430164433058,0.35442795672908106
12132,-0.4137385374506164,-0.38973617637806207
12133,-0.4760456708763246,-0.20896458873312274
12134,0.2997785303793673,-0.1857481391313955
12135,1.2330024588598005,0.12759270795947403
12136,0.004678514826776546,-0.09624286613933827
12137,1.2219872603767088,-0.20397829641677936
12138,0.7803304374190415,0.22535997951346104
12139,1.6356124002753012,1.0250666085153528
12140,-0.9192102524228369,-0.10312310571720681
12141,-1.0748572819810172,-0.13466655616317036
12142,-0.3074372975144287,-0.24906878314314643
12143,-0.7399957468977498,-0.09538983344528829
12144,0.5596186017657062,-0.4085438405606603
12145,-1.0950611253585947,-0.4123837315230186
12146,-0.19752237741523346,-0.3699999920162505
12147,-0.08117967794039062,-0.4765309593778836
12148,-0.4115565711400476,-0.30501471220213416
12149,-0.6056133820001129,-0.3620714864746569
12150,0.28454952497053415,-0.5430967671053224
12151,0.17939243157096485,-0.4060576243532965
12152,0.3758660162823504,-0.6284365533984748
12153,1.4494685640599474,-0.36424287017525286
12154,-0.5143195746850641,-0.4770805799465402
12155,0.8540374239935683,-0.2986752647797417
12156,-0.005772090523832081,-0.4117035356302944
12157,0.999642039572524,-0.04244595436081272
12158,-0.4409333739181375,-0.30519014896371455
12159,0.5365140266150126,-0.07596339645014215
12160,-0.43629721892815065,-0.572450728184962
12161,0.0636443482724375,-0.4586141942849516
12162,1.0125379862799782,-0.3337904224720319
12163,0.15758060113947747,-0.3429782761416287
12164,-0.34848789373973565,-0.5443409503608951
12165,-0.12704291665667655,-0.26840450628010637
12166,-0.19457013070665702,-0.38638077687128886
12167,-0.38617239245030943,-0.21626232989248353
12168,-0.2463769138912411,-0.484427353884808
12169,0.24323140587269737,-0.4420753609159291
12170,-0.16826286466899204,-0.2499070489331351
12171,-0.10088264944467867,-0.2562849470213605
12172,-0.012850406529265241,-0.409211637092193
12173,-0.2798885885896809,-0.5462448351424138
12174,-1.0699929737938982,-0.32789216720172787
12175,0.014747791850203425,-0.3313088676535999
12176,-0.12482308691948373,-0.5759333092830214
12177,0.26089120146562333,-0.47122694817636906
12178,0.5967121591894324,-0.43963159727734635
12179,-1.5422796839971304,-0.08354453683114035
12180,-0.4798562030878889,-0.28476659257552517
12181,-0.3110995603802083,-0.3530596618747249
12182,-0.14385674324176734,-0.379483182002376
12183,0.786560992153301,-0.15148765988456675
12184,-0.7710564411311828,-0.28267997047433824
12185,-0.3081989849960057,-0.4330122539565414
12186,0.236596265245833,-0.48884900086944355
12187,0.40718076864344144,-0.41174433829182905
12188,0.015892194966386157,-0.5834478782772972
12189,-0.46385879895217047,-0.5219647004267118
12190,0.860113795561779,-0.265577382242146
12191,0.2259515638296782,-0.5043898710862902
12192,0.16767567904145508,-0.3957657939768606
12193,-0.6920972250752716,-0.5322138571278606
12194,-0.8290424301529622,0.15318660865508962
12195,0.10840404293405793,-0.18195966490636106
12196,-0.5547863577090375,-0.3899877819232671
12197,-0.9201770628192092,1.975309431423356
12198,-0.21649322256363215,0.541342825391704
12199,-0.023729784138097832,-0.1660262531938501
12200,1.3716607343821627,-0.06590826329764027
12201,-0.15749528000391633,-0.21871004103678238
12202,0.1528996421809302,-0.5878796241100369
12203,0.7489922534891241,-0.32707325512818153
12204,0.45280460780927173,-0.3944091087731658
12205,0.7683156097396051,0.2695316390072208
12206,0.488512670393148,-0.006831042406569209
12207,-0.1706599248998425,-0.3718895710919126
12208,1.5787243083991307,0.12340515567024399
12209,0.2784647207329923,0.14973652628696643
12210,-0.4259186074284398,-0.4263373679596436
12211,-0.05507096415991221,-0.44976024684901794
12212,0.3806882489730004,-0.42861070058883016
12213,0.0807079986401364,-0.26032405049115165
12214,-0.4623806874053866,-0.48471056587581157
12215,0.17899627230156362,-0.4208204511815088
12216,-1.9785821318208705,0.5381758646622399
12217,-2.330724655214103,1.0429383412894027
12218,-0.23023782268986528,0.3200531430249577
12219,0.22641576316564,-0.24098852205433502
12220,0.4711269188877646,-0.3973935041738075
12221,0.024001264300141024,0.36689157162537667
12222,0.7129235324822,-0.26483113523960555
12223,-2.8567855336256827,1.633671923640792
12224,-2.784611843974282,3.381747961121884
12225,-1.5737867513033836,2.3521867856648715
12226,0.7877320524519195,1.285253872400566
12227,1.1162484368295993,0.6498970544680739
12228,-0.9841222484940065,0.2618277486429346
12229,-0.971779679688552,0.8739206510205619
12230,0.32253089828362264,-0.18784869617138822
12231,1.0269239435584456,0.18877399689957042
12232,0.43951149863644184,-0.008910283519043136
12233,-0.848347310130887,0.4137842786139808
12234,0.3300790142426465,-0.541147254053372
12235,0.1969196027884574,-0.5981426457414722
12236,0.5967800335266842,-0.5228331547067089
12237,-0.25337451190998556,-0.40252678448612206
12238,1.1485550516408147,-0.39446434555099297
12239,-0.8314187300391275,-0.5010941938801893
12240,-0.3173016464047068,-0.4489762022657209
12241,-0.3332658549168587,-0.3492821805324822
12242,0.9309015508393479,-0.3912833361731844
12243,-0.2712544396460023,-0.5059102758154921
12244,-0.20072071560748644,-0.5498608474980273
12245,-0.250969601029774,-0.447271583426677
12246,-0.2745665542913784,-0.17031444046880254
12247,1.045180550754427,-0.5469085681217257
12248,0.9859927267621356,-0.4363089428827843
12249,-1.3353301982051258,-0.391707626806616
12250,-0.32132710003561377,-0.3348478172858961
12251,0.05863510645522804,-0.4992608902493415
12252,0.9408920295799992,-0.5361411579119364
12253,-0.5082554859477457,-0.419645531695422
12254,-0.7497769392166515,-0.4070831951809906
12255,0.5553186786639398,0.05275810080805794
12256,0.44410960699993285,-0.4766285193838318
12257,0.39340593603547575,-0.5036366331160581
12258,0.3408822199996297,-0.45355745297520167
12259,0.547225817890325,-0.37606044268784117
12260,-0.02237030639648037,-0.5060596298819715
12261,0.2945444967949669,-0.5954739069553328
12262,-0.2288439694835375,-0.5127253026405212
12263,-0.4825967333527843,-0.12312194931505596
12264,-0.18795917251627947,-0.4874971221223155
12265,-0.2662798125496394,-0.5415262577469572
12266,-0.838526635986445,-0.19519401843536371
12267,0.10510468983437145,-0.45060612058131594
12268,-1.2841812867976736,-0.17676828340313563
12269,0.8261509825469114,-0.46753524290273824
12270,0.40751223138579795,-0.4937073016476888
12271,-0.97505180617882,-0.2337339030285348
12272,0.7006477830202636,-0.520827082334918
12273,0.09179782140873348,-0.6180165532546853
12274,-0.3599643908623176,-0.44398798551751506
12275,-0.3969193073252053,-0.6063030270738872
12276,-0.9396229247171332,0.0161981448965005
12277,0.5485800656999594,-0.49112730648859526
12278,-0.2761184532554699,-0.46135567779073633
12279,-0.6168942979611257,-0.44843089763568955
12280,0.5542491459757657,-0.4451825650571045
12281,-0.07077717163086178,-0.5307680879431098
12282,0.2700594356152899,-0.5279779554605107
12283,3.0414648479065147,-0.07619507983933253
12284,0.1779935008073742,0.13635231981246168
12285,1.607693829273588,0.3697620639933079
12286,-0.6011116717616835,-0.22078487488149195
12287,-0.8646607688293102,-0.5833475322240044
12288,-0.1642762787363174,-0.5613816926977687
12289,0.7581536593830432,-0.45092068343935066
12290,0.08292731619948222,-0.6173306087637652
12291,0.9113759315516008,-0.41851559721705656
12292,0.3656429378995888,-0.427431401900795
12293,-0.5492532601041852,-0.35431699714878817
12294,0.2336751593790154,-0.5423433707113503
12295,-0.6889950039385455,-0.19402991239913173
12296,-0.04915998660538667,-0.4349813948968722
12297,-1.6851690578242449,-0.4023917001306153
12298,0.5591405609308451,-0.47540066473499265
12299,0.9529179765389935,-0.36951967679160125
12300,0.10713498523612465,-0.421538283253858
12301,-0.7255630482381941,-0.20350988851197285
12302,0.45876002239243996,-0.5790536040372674
12303,-0.1608681151480892,-0.334451273435726
12304,-0.5301755430885344,-0.16378510309186345
12305,0.6645133465860552,-0.4314937593054207
12306,-0.36057222636767583,-0.44821473295135916
12307,0.5745885402535192,-0.4176557536091009
12308,0.45118610835450246,-0.4587551344290982
12309,-0.1429570745662619,-0.5918150142459891
12310,-0.5477843648726227,-0.5347842164846859
12311,-1.368160441302801,-0.24545186140271041
12312,0.5458650033246945,-0.1730955281984937
12313,0.06838259948418461,-0.5673708061630525
12314,-0.554963003220111,-0.34502023090387246
12315,0.8510456372325216,-0.4745435409496524
12316,-0.04721498843898311,-0.4515976203118461
12317,0.6086940006561405,0.7423999432558085
12318,0.42005464768231104,0.6678762316705176
12319,0.5730295287638166,0.6038996926677115
12320,-0.7175965535642043,0.22785044124052867
12321,1.2581996951733414,0.09408291422629379
12322,2.4769472672501385,1.008529434284573
12323,-0.7731060221322066,1.5519198259623794
12324,-0.08991340142394105,0.08170278917135469
12325,0.7741581960903099,-0.05048189534367577
12326,1.7282552939780178,1.3019574929311342
12327,-1.0152820422058384,1.0061244822388598
12328,-0.2728686809331856,-0.1301870321321529
12329,-0.7182884481651616,-0.27931418000843494
12330,0.5633288925751391,-0.5766061251336316
12331,-0.10319884392594572,-0.4752666558678007
12332,1.135081155510329,-0.39778375512344055
12333,0.6890692118328314,-0.5345728521427822
12334,0.40872852310535085,-0.3731806504510351
12335,0.9505743822427487,0.21911586309689773
12336,-1.2463213504960002,0.04711138802927496
12337,-0.23982051371911495,-0.4974474875321269
12338,0.048231103450299954,-0.5445025979254151
12339,0.041869471827507505,-0.4669784305298408
12340,-0.04963455737425086,-0.5912051783865098
12341,-0.4708920745164379,-0.5851361502680174
12342,0.21183626308268966,-0.2371466475817279
12343,-0.22017488106112826,-0.602807364134179
12344,-0.23176281600448148,-0.4716339424766743
12345,-0.5266901521575639,-0.39019849427283476
12346,-0.04282829908512556,-0.6031075795582855
12347,0.5309638167426829,-0.594032276094207
12348,-0.18136908631686605,-0.5981480466602256
12349,-0.9483732345771017,-0.5190619446668374
12350,0.6562041279193935,-0.5362277471764458
12351,0.2297972363301853,-0.3682332852049565
12352,-0.017383454138925093,-0.5852679875309339
12353,-0.2741042469434118,-0.5312903550503452
12354,0.2325418551992828,-0.6339842625638279
12355,-0.21518931606304853,-0.5256847480933353
12356,-0.21500314227079578,-0.4587844273973705
12357,0.1313978970017426,-0.6026153316746208
12358,-0.14944639961686537,-0.5331053138232354
12359,-0.25683811882352164,-0.42971139346589043
12360,0.07069935281244177,-0.6206758404713036
12361,0.1595261393437547,-0.43574504802222713
12362,-0.1489326965103747,-0.5558044678919949
12363,0.09765186661379346,-0.5308651122112846
12364,1.195580083737219,-0.4183292907618087
12365,-0.5539209228622726,-0.374715791245603
12366,-1.300558658690828,-0.12387544668049054
12367,0.29962056557841754,-0.4040690913651547
12368,-0.18326841822947576,-0.38373062229463395
12369,-1.0254695188863066,-0.42412279295972577
12370,-0.04394658668854985,-0.334624694358417
12371,-0.2927565368405527,-0.540167480308707
12372,0.044359198130875355,-0.5384122071282296
12373,0.2976957184438785,-0.48152458264595377
12374,-0.25305651815490504,-0.5427588692757811
12375,0.3174885742188862,-0.5487357292475515
12376,0.5723270684383399,-0.48417705142512896
12377,-0.49124686967489395,-0.5549072342361048
12378,-0.16043883835930625,-0.454952221739369
12379,-0.09916295998214787,-0.5181207552056
12380,0.6692841619611238,-0.4669813046865597
12381,0.0646405561315775,-0.37617836820522627
12382,0.7959666919374558,-0.23707460451225257
12383,0.8091869618278461,0.7264674081890987
12384,-0.4023574280257811,-0.24499930148165125
12385,0.1574220083542461,-0.24562131367433504
12386,-0.19566008849934985,0.12370745186379362
12387,0.5448726327202924,-0.3387781084178018
12388,0.16719732366340329,-0.1952926020506611
12389,-0.4313378051984899,-0.39059262677957657
12390,0.20895523864827603,-0.48564043426549136
12391,0.4101955836241043,-0.181383027455171
12392,0.5068681357399875,-0.45116317124109023
12393,-0.4476296315147221,-0.41199681205257127
12394,-0.36423565376275036,-0.5070063788182175
12395,-0.37004188148357725,-0.43253015354280094
12396,0.5884270378150177,-0.3965250040860704
12397,-0.0498932619956224,-0.6101738633897102
12398,0.2624305565858659,-0.5361122680583873
12399,2.9608509718415315,1.958121585483532
12400,1.1338655429486744,2.3071767432869392
12401,1.9114256906281824,2.608312582198087
12402,0.005601091812942897,1.310157789681727
12403,0.44003115193183384,0.36513364772999224
12404,0.7995930135344406,0.42083875345135907
12405,-0.21624987100340698,0.8714581058710593
12406,-0.18216580738720278,1.079555216670863
12407,-0.8975347762207369,1.532609410862306
12408,0.10815207548433955,0.5146599410452758
12409,-0.22188274716683412,0.6111021629252142
12410,0.35385773783136465,-0.11453835327667311
12411,-0.2966090277290896,0.11632763726760263
12412,0.16596922217213986,-0.07744607790795797
12413,0.37928377633241356,0.7110400574079612
12414,-0.16827390206434914,-0.04114851075424352
12415,-1.532063416183794,0.6804319406610603
12416,0.020595853018404116,0.4108683471551732
12417,-0.18007930416695342,0.5233341526735051
12418,-0.21730186070714744,-0.06856125311726975
12419,-0.04852500817132116,-0.38417930227637664
12420,0.594976437877313,-0.343201843219662
12421,0.7026096642355013,-0.2610402740202416
12422,-0.3154225337150491,-0.2387451454851698
12423,-0.2810787816140826,-0.23972345860627783
12424,0.12680317066787664,-0.4321089383813511
12425,-2.4049892572068137,0.25865394857347396
12426,0.019141952965609187,2.809636889003706
12427,0.23558095003394353,0.1336500153550531
12428,-0.1507798191467346,-0.0677122338052617
12429,0.5565438098857826,-0.36672939476824923
12430,0.2794409178456083,-0.5269163900316508
12431,-0.7945294902180567,-0.41732276804944
12432,0.6115552851874401,-0.4632287766583568
12433,-0.4792345673925043,-0.3321840470747431
12434,1.0309906405629174,-0.5646867174979734
12435,0.020034140881689543,-0.4996288542349094
12436,0.426656377417812,-0.5489533478074563
12437,1.4203742850025984,-0.2896152439285418
12438,1.3581767721512295,2.6388953214421234
12439,-0.24139477281835858,0.03524564871124403
12440,0.7534398347546238,-0.2944841821041596
12441,-0.14125585541032107,-0.21814973901397539
12442,-0.12637909514077303,0.23273464011476774
12443,0.04427240501983709,-0.2853919407703643
12444,0.799500355741378,-0.24189443319071371
12445,-0.2275084477418699,0.10216850190770252
12446,0.2327163507033861,-0.23226445393701817
12447,0.9978469146732946,0.17082835603640237
12448,0.25481407389622485,0.33601730447672956
12449,-0.04769633013569611,-0.19223520582788364
12450,1.212580697443572,1.3644348401249398
12451,-1.0583023039455322,0.3267642716034138
12452,-0.13629576520653675,-0.3651009694727172
12453,0.5572673334021858,-0.3607658621135551
12454,0.4927427297948432,-0.40845850145995777
12455,0.06217529818377669,0.06347439790409455
12456,-1.2031593539831862,2.673569205673729
12457,1.6894751238724057,2.27572766219689
12458,-1.4140346983225733,0.789394884289972
12459,0.2318466484815599,1.9613717535909314
12460,-1.1395027337390062,1.4516776211790678
12461,-0.3659492215987231,0.09570621462533771
12462,0.301520538041155,-0.002894856352915404
12463,-0.12721106093688947,-0.07530618300993934
12464,-0.5215720766270966,-0.3566573420690414
12465,0.4555515105326348,-0.4430459790523479
12466,0.0934872249102741,0.18519513502667048
12467,0.560259611253254,-0.43278006227523536
12468,0.843293677039267,0.9778097558537643
12469,-0.8693446123735663,-0.0884633778038564
12470,0.003908020712065225,-0.30177007223626817
12471,-0.3595205103995757,-0.2706672036402069
12472,-0.015674731944633306,-0.3801694078667546
12473,0.04640236326784376,-0.3187709964399959
12474,-0.26919781694384615,-0.33096451358675494
12475,-0.33315651998404566,-0.07667050603254395
12476,-0.22826644681134922,-0.385232512368781
12477,-0.12753786788630078,-0.46375773001826814
12478,-0.30216064996521813,-0.3579788586738318
12479,0.5670098853041695,-0.17705460604264148
12480,0.5978527480048821,-0.5103835171013178
12481,0.4747308761183623,-0.40164453123228716
12482,0.5977057418081507,-0.3619697919157735
12483,-0.3492544705815168,-0.421665778947191
12484,0.8083796678473466,-0.020630965459111632
12485,-0.2277819440413422,0.14784300099450584
12486,0.24747156232860892,0.09106047010705863
12487,0.5564764323517846,0.10121861646430765
12488,-1.0799368407066456,-0.14543540465232369
12489,-0.6278072460166711,0.2827979689414637
12490,-0.009608594105263048,-0.24414274411677908
12491,-0.25328051566309995,-0.27901249448247883
12492,-0.22025289099644543,-0.4619549241802187
12493,0.08146251835305227,-0.4429059330968154
12494,0.7387967043389115,-0.41163952266415776
12495,-0.058191135333231975,-0.2852982583732519
12496,-0.516498697790896,-0.3962038658264816
12497,0.04229709865032785,-0.3864784835413535
12498,0.35518107244552793,-0.35132611544633713
12499,0.6940741204761202,-0.26173520156546287
12500,-0.17322699319648596,-0.3787368055505407
12501,0.1889516353075808,-0.4326867740451493
12502,0.34208459405947444,-0.5663887514447935
12503,-1.3692370031894427,-0.2435916005005611
12504,0.03134867462088273,-0.3147329836628991
12505,-0.15374565478223615,-0.379444821579815
12506,-0.43677297481516936,-0.21381077219037464
12507,0.45399015137884874,-0.47625072774609317
12508,0.8134519789218686,-0.45677349652355786
12509,0.5362334799497984,-0.0970828289645747
12510,1.8453899870097983,2.392959960082089
12511,-0.9750965639168833,3.3427371624092994
12512,-0.37085412183181915,0.5033170638365528
12513,-1.40559644659226,0.45539996621232776
12514,0.12485883538504668,0.4755667419184944
12515,-1.4417542445080176,1.0386981484875915
12516,-0.05755602418617383,-0.20025482496336744
12517,-2.008530087179141,1.2222227424701204
12518,1.2665286041485695,0.3989688079030518
12519,0.037518754617443716,0.20676869473843978
12520,0.10786790511314408,-0.4097900211708915
12521,-0.13316522967636765,-0.40104817142950194
12522,0.6920533798529936,-0.5143382702328669
12523,1.1720476123582733,0.06208509234432448
12524,0.3714285861350655,-0.22522585453322697
12525,1.4936472884374294,-0.05643210559782122
12526,0.791642046577858,-0.032150305999477984
12527,0.031194384164474478,-0.35522680811098717
12528,-0.5780997064024025,0.40147942442543133
12529,-0.7613625919734747,0.9608058422165645
12530,0.015002899138484117,-0.25714059982255133
12531,0.15940107898618364,-0.38860531285752914
12532,0.6824853462076242,-0.45617063102073047
12533,-0.2011350101723785,-0.5645665747174258
12534,0.7336759363456935,-0.28247089366097666
12535,-0.8181199295962077,-0.14793898348772505
12536,0.12263636137417723,-0.29364049435946465
12537,0.7793519888059,-0.5125482521252269
12538,0.284096036161908,-0.44566894532269963
12539,-0.22893056900043837,-0.4021400936729713
12540,-0.3906891109874715,-0.490173948562971
12541,0.5541057997709493,-0.5277722025506892
12542,-0.11900135587914891,-0.5065330686391276
12543,0.3870310219579221,-0.317471567832822
12544,0.20858486847980295,-0.44132466297714756
12545,-0.38185591618031667,-0.28712559589140996
12546,0.047531550986942214,-0.5481729667147313
12547,0.11029379878832458,-0.43062791317253096
12548,-0.43918637502956737,-0.4979829830785157
12549,-0.5305716986075782,-0.2533919966787223
12550,-0.08261969110842751,-0.47399540643781934
12551,0.506353815826047,-0.4611158188685503
12552,0.01644855613458099,-0.547438253178462
12553,-0.4895496940160208,-0.5265848764741844
12554,0.033130198611647135,-0.5744346634047727
12555,0.2532988601540942,-0.5908490114888159
12556,0.019988379081643262,-0.5226450112234838
12557,0.634282609986349,-0.4228985913166054
12558,0.14229146182205138,-0.38279490656196374
12559,-0.3533072032097228,-0.41984353251592216
12560,0.24242329382201722,-0.4243696376694902
12561,-0.27920018834986154,-0.45165771718757775
12562,-0.14751742818538854,-0.5712413269826461
12563,0.14576407211539966,-0.4020784196297078
12564,0.027563028218288158,-0.38343156517530014
12565,-0.2616984683491169,-0.4704694839962695
12566,-0.1823074240732324,-0.4927012603957375
12567,0.592770824636854,-0.5693258863005777
12568,-0.2756148475214392,-0.5765664407872998
12569,0.31529078864432825,-0.01637794316308538
12570,0.37619771323981305,-0.4676084185410739
12571,1.4903168217067488,2.919190379862175
12572,1.990357432926934,0.7811855047483592
12573,-0.6644101194129551,0.3575960639502065
12574,-0.21307237307253224,0.1332075350126094
12575,-0.947038760876907,0.08358218071102577
12576,0.16594620706797525,0.5650511664563738
12577,-0.518362678014193,0.0891046152871052
12578,0.09743722614604054,-0.39176818435321403
12579,0.7346708523956359,-0.1697090063855043
12580,0.3256549556788326,-0.35647163612832794
12581,-0.22460126374434977,-0.3954850228514366
12582,0.18078212141467584,-0.3749731366947628
12583,-0.18313441226710445,-0.5114586384583748
12584,0.5656501738115169,-0.20657327815873613
12585,0.7757032333197768,0.2445647968661571
12586,-0.5115060288577495,0.12541684262040823
12587,1.2192249710089882,0.10441351508825587
12588,-0.47345400264407894,-0.28389692748089496
12589,0.028419097479109673,0.5626356754225784
12590,0.5351805601772726,0.5195566646676643
12591,1.0725775369555672,0.2367679543544428
12592,-0.24991175944408714,0.5113220144810049
12593,-0.726370053140316,0.28686788848918254
12594,-0.3879914285034796,-0.23794039327224933
12595,-0.6722111491191725,0.1327922855629099
12596,0.38198740879193965,-0.4064282440187603
12597,-0.37543301374803967,0.08231172551005365
12598,-0.4680376484368719,-0.22572167333763662
12599,0.7270172680793676,-0.11075188638898202
12600,1.1068675471764224,-0.0577210881262925
12601,-0.5585117591808054,-0.20319215751678726
12602,0.5340833267533721,-0.10676795713775747
12603,-1.441244871662733,-0.020028912651358532
12604,0.4992152068214958,-0.3093937041749798
12605,-0.3550189550140053,-0.2591917465213088
12606,-1.113098073887014,0.07355278358136973
12607,0.3268032411185031,0.2203630576187392
12608,0.0860923034888804,-0.365890111724829
12609,-0.29859480313364467,0.025987089108894582
12610,0.5218768513366726,-0.20909440709308796
12611,-0.5138472444143259,-0.08786983004195019
12612,-0.7818428105814754,-0.06781324519284651
12613,0.0452578350629463,-0.21578550166735894
12614,0.1931125141207761,-0.4609652766006225
12615,0.6638593997289819,0.26232550405559446
12616,-0.33220927371062664,-0.31692976625891295
12617,-0.21006485770758648,-0.2713126730350901
12618,-0.6086930301773077,-0.3330574667666314
12619,0.7169532165286693,-0.16482544850456246
12620,0.20979021033538145,-0.03094078554544856
12621,-0.0809998550200973,-0.3077307331697349
12622,-0.24462924070364903,-0.17945128918903386
12623,-0.4215642974227517,-0.39583787778648793
12624,0.5671195760340908,-0.3888136390556802
12625,-0.35630128367076447,0.14834243728624233
12626,0.33788423941940127,-0.42177653793707187
12627,0.5492583155315445,-0.03388239481582892
12628,-0.3557003891457754,-0.21191692564662534
12629,-0.3571065336737017,-0.3275314659156488
12630,-0.22691211389374819,-0.24885077210514697
12631,-0.19132272338793255,0.2598810579224517
12632,0.7785380430391282,0.1855375931949674
12633,0.6704993649396939,0.37412694632312465
12634,-0.2715435741095516,-0.3645899969757961
12635,-0.22768954409985348,-0.3992202653628165
12636,-1.720057166491165,0.08882482339237946
12637,0.028712875360995503,-0.22635683149693656
12638,0.5010412590657647,-0.45472407903950507
12639,0.14202799779703498,-0.5171463956466935
12640,0.9561089579302489,-0.3561669520909683
12641,-1.2231776277621238,-0.08934863171489534
12642,-0.5394852628458584,0.18730747767060915
12643,-0.39848962051843656,-0.25396284411030434
12644,-0.023449142224612772,-0.5507516389554703
12645,0.5112959487579354,-0.38815606756384696
12646,-0.24125609447989227,-0.5326043625013578
12647,0.8203648193400235,-0.29677088655192807
12648,0.2513608653759297,-0.3000940699161626
12649,0.41798886903368604,-0.4063771309025115
12650,0.6776967939525609,-0.33475555442145544
12651,-1.0082384444736443,0.15317629257808812
12652,0.31317177770224874,-0.4050791077705344
12653,0.3756977232043554,0.07552342720650411
12654,-0.01331525776264387,-0.33070681046372113
12655,-0.006255491441940934,-0.3910993385508466
12656,0.3741504493072326,0.06743047550281313
12657,-1.367585460407947,0.3257436558657158
12658,0.7354807583630525,-0.0029626540462443607
12659,1.3280239887087775,1.1230794828704576
12660,1.5750705946515857,2.157345031651202
12661,-0.1384817752849851,1.1229518214954641
12662,0.37187078272399127,0.6711942263373719
12663,0.5493426765939923,-0.21843841264762315
12664,0.45472969986496997,0.2869258025917343
12665,-0.25273192454841875,-0.42729272247659833
12666,0.1833424747206767,0.2816591117702123
12667,-0.9408571827517137,-0.04629028501296109
12668,-1.6692810188978382,0.549217271682488
12669,1.064330504373896,0.21543263039266608
12670,-0.8793839541301289,-0.16080383033371476
12671,-0.41591658034489065,-0.26569844452159663
12672,-1.2801748329743952,0.3653577345371074
12673,0.9020278387094739,0.02460579009541296
12674,0.012411869655606955,-0.28979253348607814
12675,0.3172341356537451,-0.1551914725210156
12676,-0.8245620801256386,-0.5229606559153246
12677,-3.5611417626990702,1.8875108599751778
12678,0.554560377493315,0.9624240286265154
12679,-0.5656914491620167,1.405997806305494
12680,1.2355108809290645,-0.3226151007225541
12681,0.3310448144818423,-0.29048928774359584
12682,0.5697074639508869,-0.12479861917968843
12683,-0.21446414933411742,-0.1385929425061095
12684,-0.012340592051091665,-0.33321570585110566
12685,-0.12129115847716632,-0.4881741858786034
12686,0.15063067868455518,-0.3250991229692189
12687,-0.5463655438641992,-0.31464103446936376
12688,-0.6194680972455905,-0.3295968454371594
12689,0.4584731506089961,-0.09718991833595374
12690,-1.1008653847768004,-0.29698508430668863
12691,-0.16386544619069712,-0.23765757322552794
12692,0.8853743899874688,-0.2921326719186227
12693,0.2700140288795206,0.038455051169255315
12694,-0.5730110325641725,0.007915371160606581
12695,0.08721546088153896,-0.07915901593561171
12696,0.15366616751881504,-0.4152788389623896
12697,0.6866089092407351,-0.2905660661989042
12698,-0.3187332678725603,-0.3074889999034286
12699,0.3660411238411047,-0.4769986234617059
12700,0.04995966747595887,-0.3482351971184506
12701,-0.7567261958161298,-0.024324159716588124
12702,-0.6389181145856627,-0.23395876615429445
12703,1.092419902210081,-0.09825683210570645
12704,1.0630292506583139,0.0930632089125006
12705,0.6636032791186878,0.45605788859333807
12706,-0.24800721303431777,0.21834193127901674
12707,0.5027775022254182,0.10932759532243656
12708,-0.3609058075664364,-0.17151799735601184
12709,-0.09303554111664615,-0.41113689921290336
12710,-0.2844009722275884,0.33091836792483215
12711,0.2167885102696103,-0.4091682665799064
12712,-0.009806987563113701,-0.40224782650948526
12713,0.17941830367806788,0.005891051836115533
12714,-0.1647393514991826,-0.3384177398959424
12715,-0.32573986389384246,-0.35682774456456096
12716,-0.4667682668450429,-0.4091078844441555
12717,0.3839153117224655,-0.4198795162163509
12718,-0.10566123163723118,-0.20602297443748196
12719,0.4809517418075231,-0.4935520812667182
12720,-0.4056125077507155,-0.4878280102723814
12721,0.36747644360686627,-0.5870800977624846
12722,0.31700506587220395,-0.49008650989453556
12723,0.48616580200201476,-0.443131905299926
12724,-0.2913232932406496,-0.5100743555171892
12725,0.129622948645489,-0.4428351490892887
12726,-0.15402287639783946,-0.4206593436321445
12727,-1.0720180451674948,0.20651922351389956
12728,-0.41597972637406927,0.2568152791786783
12729,1.2910900321635665,-0.2805254110734678
12730,-0.824161649399145,-0.530701919804489
12731,-0.5561731906254512,0.0905198474181816
12732,-0.1634243035354503,-0.2618514385631163
12733,-0.23398194743802006,-0.02969442454297043
12734,1.5353353844903797,-0.41406148383729807
12735,-0.12413802686566251,-0.17151281066493174
12736,0.16227650471371924,-0.48121230073034205
12737,0.5212586739760343,-0.4052438161913108
12738,0.2619510852122431,-0.2885577063854974
12739,-0.43560696986185804,-0.39612262006010374
12740,-0.033621976974234045,-0.37987945144065366
12741,0.5431641410543641,-0.38989034506910636
12742,-0.2815883770514165,-0.016830891945965907
12743,-0.5058817785465609,0.045642101591452544
12744,1.552951269029392,-0.016191504370967186
12745,-0.9044726249311578,-0.05211095029123428
12746,-0.5379770314847913,-0.35817977725277655
12747,0.8381364206389825,-0.4965925524319262
12748,0.5652448004968472,-0.28664380868852396
12749,1.2987633666319878,0.9952405903993977
12750,0.07765799906224533,-0.3219227776041227
12751,2.7898405807992823,3.2498253986036905
12752,0.638526567192434,2.5086085788864967
12753,1.3158379099329733,1.9335277509789308
12754,0.3108309192206306,0.8203739336956011
12755,-0.2609630035574052,2.083247834072488
12756,-0.855079074240378,1.2675907795747212
12757,-0.7382306720121828,0.4379564596294693
12758,0.7952942480969578,0.05817533149939488
12759,0.9533116807280099,0.19061649656331192
12760,-0.36367502168431254,-0.0009283055927557468
12761,-0.18103650196095547,-0.027485185964738434
12762,-0.028899092559012334,1.1386357597321395
12763,1.0845213013414574,0.904852575971859
12764,-0.9925572800165906,-0.16914388894669444
12765,-0.535806142025358,0.6169735152895819
12766,0.09555474046607956,0.6962342386449504
12767,-0.078474781591038,0.1069059029830054
12768,-0.20940570993748658,0.37770850779020454
12769,0.24308800363609767,0.15501764051870454
12770,0.12921427629193588,0.4174657387449554
12771,-0.8365383904015934,0.464568060150211
12772,-0.7942052361161616,0.6436167961834566
12773,-0.607368913037019,1.1543808789035668
12774,-1.3037052829016735,0.8164389007751582
12775,0.5727364666840074,1.3964029316398807
12776,0.8193224742196128,0.23077516108491863
12777,0.27660386223612465,-0.15584907314043922
12778,-0.0801787257801442,-0.41057222434255053
12779,-0.5445729291446032,-0.3264655129250788
12780,-0.5052049075248417,-0.3597758415085333
12781,-0.030807839733851382,-0.25459792189184755
12782,-0.3849137580952454,-0.0069190498677875936
12783,-0.646054304174777,0.17514542881362125
12784,0.21554651126115792,0.4024184550196371
12785,-0.8617747163823902,-0.15124865024206927
12786,-0.2866462146157103,0.13308178617612562
12787,-1.0921291071009165,1.025061785682218
12788,-2.5312401041043264,2.4103319819652342
12789,0.8695744777795984,3.7071282837242374
12790,-1.2402911645246768,1.7382879853737225
12791,-0.33397811156767426,0.8101117437450894
12792,0.024150842485108917,0.1762323955473159
12793,-2.086390484485946,2.699346796260101
12794,0.5588391132797065,0.9595558691626018
12795,-1.1319623261330067,1.593062043524944
12796,-0.07433567773064392,0.27146766427569075
12797,3.1407999397718105,2.339340828284305
12798,-0.3603386202381198,1.3498285837564135
12799,-0.04376589294177476,0.4179198096302943
12800,0.35570756446837626,0.2452964071010255
12801,0.5009098509631368,1.0976950778294452
12802,-0.2382577412232918,0.3152150757358885
12803,-0.7764090767115683,0.8278836731376208
12804,0.23755752620200388,0.01194096096320095
12805,1.9028407253440573,0.23203967921290225
12806,0.29207195638145966,-0.026196999790382286
12807,1.4352988011098367,1.872319267309115
12808,-0.7238856235601129,0.12219356547139994
12809,-2.3930596518860794,0.5673844991507035
12810,0.568291619779907,-0.30655798765951353
12811,-0.0481535858173685,-0.4035235979379494
12812,0.3078424294354083,-0.2743033924813511
12813,-0.5017137301782756,-0.2795845365048865
12814,-0.6779616039227961,-0.1591589266849798
12815,-0.36849218302858333,1.112767268284527
12816,0.41913423662519933,-0.261275545859919
12817,-0.10170515419532339,-0.3550664111568278
12818,1.0094367842944556,-0.5282412771096875
12819,-0.7197173796995672,-0.42851197684804476
12820,-0.2635866242758155,-0.30228477988598645
12821,-1.3827533033935513,-0.3289810981781222
12822,-0.6720797910474917,2.1019518177678624
12823,-0.9747607550247617,0.22717938421237835
12824,0.6501895286693521,-0.32216101267417485
12825,0.2966904863519074,-0.2779077074462861
12826,-0.23668604748102745,-0.5021151734865037
12827,0.636625425770074,-0.4632636653907384
12828,-0.66741171289686,-0.29961398131188266
12829,-2.0303772786949104,1.8224351566749915
12830,-0.01572539719626396,0.48784551381497754
12831,-0.9091832686478923,-0.15363503233267584
12832,-0.2849028665526731,0.9224612431712711
12833,0.9065704794838275,-0.15285992986308541
12834,0.5185898310202622,-0.35831736052558133
12835,0.46394554776264685,-0.5228833031294197
12836,-0.5022058246796227,-0.48668560345481304
12837,0.4314027468495879,-0.15069590681075407
12838,-0.7268065972718406,-0.3769169206001562
12839,0.41021774623351137,-0.4545526160149519
12840,0.6299002569823162,-0.1768885410690114
12841,-0.32958453127539383,-0.2836348715199901
12842,1.3144088185871596,-0.08635019856559438
12843,-0.2416060503429232,0.47214509684822614
12844,0.7060545878630141,-0.28538565716284764
12845,0.022322948088678234,-0.46108010264143096
12846,-0.30235511661165504,-0.34389978917173847
12847,0.04727321947954015,-0.38110702488305054
12848,0.7004218332506027,-0.3600349404239761
12849,0.32842614714158214,-0.24327886974874283
12850,-0.6195326235721194,0.05361188012180008
12851,-0.5477682812298804,-0.28086274619618584
12852,-0.30061063977312874,-0.13654625970386974
12853,-0.0724779397438125,-0.452900888436549
12854,-0.14171734495790386,-0.638150755552693
12855,0.5660989049251595,-0.5475961071148463
12856,0.4716628222188962,-0.41750413026732436
12857,0.20645665233453805,-0.1840016703957935
12858,-0.15645351428632595,-0.34060357738747515
12859,-1.0314182855879437,-0.1405452084616251
12860,-1.5537998601056295,0.04343792049916592
12861,-0.5933665667959169,0.4522359477891086
12862,1.0918536751653602,-0.42861585957473414
12863,-0.770737501889071,0.143292770893827
12864,1.8448494083562403,0.2950089326321459
12865,-0.04057572958456181,-0.02948882201330724
12866,-0.5436922173516489,-0.5966885706925392
12867,1.6578309397086002,0.16051617855018022
12868,-0.06806657680861672,-0.39433503351490434
12869,-0.5018102363411805,-0.0666610623495243
12870,0.1183551496196822,-0.46066103969054933
12871,-0.5864934513503259,-0.2730498238859391
12872,-0.45750512612867944,-0.17635657195154825
12873,1.3837683603492823,-0.02536623601220266
12874,-1.0488480880459254,-0.24902800993875776
12875,-1.1949310478496094,-0.28358310185848246
12876,0.5761990369228068,0.17353787807546625
12877,-0.49798056605807317,-0.46140608395227695
12878,-0.6534014386378246,-0.2897623321974406
12879,-0.6669738026542035,0.10514538063779082
12880,1.0109531736586295,-0.09925045803100285
12881,-0.504428065629794,-0.4030693696873411
12882,0.15249566046395546,-0.2902844823254249
12883,-0.9080832598194672,0.4426053959054576
12884,1.157083633928794,0.02061077325653919
12885,0.0076783915941770345,-0.4787187526008986
12886,0.656085265077816,-0.22445277532905294
12887,-0.5877239748150835,-0.0690234661006027
12888,1.2116523139922,-0.07932843726221789
12889,3.588497701549309,7.114045400185923
12890,0.1263449714340551,2.988495764426001
12891,-0.7403966855575862,1.7171925677920938
12892,0.9624672073619199,0.4943522662790884
12893,-2.187152964054569,2.573640208758263
12894,0.19235741029660858,1.9714200412533975
12895,1.590962005296439,0.3963549287921693
12896,0.3528213902395587,0.19534692738981974
12897,0.0067674800628909635,0.09017892441264784
12898,0.9184114604142087,0.07333116940974878
12899,0.14512686161659658,0.791487218099375
12900,1.6390914628886855,0.9385834882467229
12901,-0.217499615399154,1.4579982462908807
12902,1.1407486920517338,1.0349508379448629
12903,-0.4329929486544531,1.1333931119738236
12904,0.7619216167801119,0.08544104432247009
12905,-0.26988447128773346,2.1645528074706926
12906,0.6052496220232001,0.8180003661064248
12907,0.4408549164808537,0.9512396071175409
12908,-0.7810223291175256,0.6563761204706985
12909,-0.15092881790111895,0.05164213904400723
12910,-0.17379935210498837,-0.22631184828828876
12911,2.1711748975600695,0.5281365523819489
12912,0.3690518059865525,0.6102456550937625
12913,-0.21918948041497152,0.025124025715497784
12914,-0.6223737117531287,-0.03945296671287462
12915,0.6225857989692033,0.4424105428839965
12916,1.0373275601875076,0.141873834459732
12917,-0.2770724846256272,-0.0608540536517653
12918,1.0027197359174203,-0.13065718218175149
12919,-0.028141267590236642,0.17502087104429268
12920,0.6902761639663288,0.8829912017653885
12921,0.23865129543057392,0.36169879064724275
12922,0.3625739997086127,0.8912038563534934
12923,-0.7665123688752261,-0.07262235380661412
12924,-0.035603966777522256,-0.16519393901906668
12925,-0.1174915722988634,-0.009843795618668785
12926,-0.7003597770243666,0.03895750064621245
12927,-0.12264561387047074,0.1997351083491745
12928,0.38912866068642615,0.18079656668935842
12929,-0.23872433159376907,-0.011660257374610803
12930,0.262755856106796,-0.10116209527003325
12931,-0.3065588358266809,0.3135484503370235
12932,0.2091295930740939,-0.26103500925876466
12933,0.3062104456791579,-0.38008527749611476
12934,-0.5165319784645978,0.01789278616721447
12935,0.3779623282329353,-0.17753336059460056
12936,-0.4234491026370965,-0.001173303921529389
12937,0.926176056179061,0.22450048061345845
12938,-0.918256369069874,1.12129656261416
12939,-2.3164978545558887,1.0337017339846435
12940,0.9676299159364605,0.5294727238201261
12941,-1.1655665282411898,0.04257219768812508
12942,0.33580159717485647,-0.1710332036831248
12943,-1.084713144420138,0.16155460901273322
12944,1.0332138413560958,0.1910642035351648
12945,1.7889312187110789,0.3208618917608447
12946,0.8406669925525161,0.2576328722272889
12947,-0.765406407706488,1.3502488057231719
12948,0.4046507977619425,0.019559063999206157
12949,1.0753900927977973,0.39753211333612876
12950,-0.22343443453976922,0.9004140975368661
12951,1.0160229023263683,1.0697495391210832
12952,-0.20169299964348897,1.0635424930501458
12953,-0.5530060043132803,0.2692526983723641
12954,-0.20277023636215635,0.5362381382729615
12955,-0.08534798182946096,-0.33994913598476784
12956,-0.020962897708268348,-0.221699340693601
12957,-1.460165694481735,0.6779733485331483
12958,-0.5261149741568246,0.5080194654476489
12959,0.7783378322200616,0.15438201203731688
12960,-0.6889592193534932,-0.2582148314166113
12961,-0.04817004619546483,-0.24480254329246418
12962,0.8094502392067018,-0.2752650407518508
12963,2.193631427230104,0.08659892928926777
12964,0.359234096582912,-0.47239254095068267
12965,0.24688440297557057,-0.1156018787480669
12966,0.903313220606502,0.8792535663738903
12967,0.8862643266796733,1.2519341650085989
12968,0.5272779154195315,0.2383358338785069
12969,0.47200712558620045,0.8918097206202188
12970,0.5999415382509011,0.4929115294770598
12971,0.5567749475731746,0.8489202001404756
12972,-0.590727205495076,1.5376520123656345
12973,0.15345777401436025,0.17234364844064465
12974,0.8759426155731934,0.8015268653502103
12975,-0.1976641658611042,1.0074234938605178
12976,0.17397819514374027,0.25253197422358836
12977,0.134655777445033,0.4705208668325573
12978,-0.23836354584470987,0.9131298394110786
12979,0.3115978463065585,0.34734220933946475
12980,-0.2913229298045609,1.0046621154851687
12981,0.30317111010865583,-0.3416597946639257
12982,-0.048571655627398194,-0.22200030582069832
12983,-0.25263376329508136,0.12499599191297514
12984,0.3454303990485789,0.43723109397365084
12985,-0.09786102594584384,0.5559095882619298
12986,-1.2293208426168574,1.288603919875855
12987,1.0000172898733428,0.35814326362420373
12988,0.867539595395628,1.6180954324103984
12989,-2.6024589216250353,3.476518784010959
12990,2.3941715964447297,6.290351936093386
12991,-0.2465835118833386,2.8997024692941467
12992,-1.2880098399084485,7.150696271026931
12993,0.22630196967572322,1.0888374750746839
12994,-3.0376255717112683,2.5871723597076546
12995,0.12395295515456133,2.981510679643352
12996,-1.6122026200338269,2.0631236264284856
12997,2.19562223950385,1.5334481594618614
12998,-1.2332299877413448,0.5156016148395748
12999,1.2637623107561553,0.8769206229286746
13000,1.013623093707432,0.9192801246424402
13001,-1.3247726835124047,0.9940311249761581
13002,0.2255260514898154,0.013926353789130382
13003,0.6226985356745341,-0.10486811633183814
13004,0.8099448685555756,0.239923272363727
13005,-0.8097206577711914,0.00015401450667423293
13006,0.3196318327369657,-0.2742449778346739
13007,0.3420011801452691,-0.23675578096202587
13008,-1.692217337756383,0.5746636968914653
13009,-0.3073375008872912,1.0559602738294585
13010,0.6246981216610918,-0.3262458070442419
13011,0.2862455596416656,-0.08050031023887472
13012,1.4341583629205317,0.09145702012143683
13013,0.07567657962408543,-0.014126585518574951
13014,1.1081653997234193,-0.24213729698645103
13015,-0.46934367326227494,-0.04869325763554876
13016,-0.5487909301125891,-0.3938771070183707
13017,0.6253992960113878,-0.22175524565137525
13018,-0.21908743636488126,-0.24598411614764276
13019,0.3548145581351848,0.014407584646447678
13020,-0.1135893124359047,0.12322008380497249
13021,-0.7080479286178434,0.061523363513179816
13022,0.45452669083712693,0.027589844047489508
13023,1.1264917384933069,-0.0713135306077213
13024,-0.06021486697227632,-0.007113441209874101
13025,1.5577129308764992,0.2960213915018887
13026,-1.048779916589055,1.8439031964257087
13027,0.5051624915997982,0.9776581301475384
13028,0.44993571899948653,-0.14489532983725303
13029,0.2971884531683818,-0.03359558316225807
13030,-0.6838236673196134,0.21726732768964147
13031,1.3611454065339146,1.0332933130381086
13032,1.1152370052099805,0.9476611162921773
13033,-1.8905537611595418,2.4887916015239506
13034,-0.3987985326042685,1.0344556447406805
13035,-0.9211585300738208,1.3091409771596179
13036,1.3142595350515396,0.8430761557709512
13037,0.6153051742498704,0.5426357814325502
13038,-1.0494189323474672,0.19295802488380998
13039,0.39755106900201154,0.651255458638962
13040,-0.2437252570403643,0.440581510647315
13041,1.6903734154307855,0.34792633309714255
13042,1.9051359006210253,4.54494284378762
13043,-0.09399921486316141,0.36197274885217334
13044,0.2451592200707426,0.6626158145867609
13045,-0.17933442497735716,1.1856591009702067
13046,-0.6699195458118693,0.7159374679296259
13047,-0.9056490337894458,1.0207807778260054
13048,1.083399280331248,0.7720610544597087
13049,-0.44127330324389424,-0.03653030259139328
13050,-1.0385560706674877,0.04814418031876369
13051,-0.29164058847125607,2.283281941213631
13052,-0.5181889646890983,0.8833545038568157
13053,-0.8016333062329815,1.1978728686124192
13054,-0.11736068045001628,0.534586099217195
13055,-1.7942408900855165,3.570153255647404
13056,-0.013587984223946217,3.36092921669593
13057,1.6663746582497092,2.0415645649948995
13058,0.8750293077645277,1.7904909305850845
13059,-1.2231398517131113,1.938118920187432
13060,-0.3511620942703082,0.042851603502038246
13061,0.4222640139700687,1.2042406325870347
13062,-0.2692134562100266,0.22979671739634455
13063,-0.4859528324308187,2.4106460382881787
13064,-0.11266581373267266,1.2191322259634054
13065,-1.4460623809133935,1.698091093529817
13066,0.5391075848817682,-0.22806575692115014
13067,0.6157638974972194,-0.08679708751940513
13068,0.2560344025304435,0.23534501008039235
13069,-0.8234708133580338,-0.13500981377410778
13070,0.803311075306939,0.45812876976683514
13071,-0.8943909041207949,-0.10227518921533829
13072,-0.04742973084595348,0.18812959912335522
13073,-1.9682388537271256,3.149727704695153
13074,-0.11334366129604095,3.1933494012009684
13075,-0.1613770685613308,0.8102198230321694
13076,-0.030792904053944716,0.447502709803428
13077,-0.37165749389168523,0.8663223854237435
13078,0.5890556111398109,0.07846318703578571
13079,0.4132409804115808,0.9288026674898966
13080,0.4815847219166651,1.294118455747613
13081,-8.428552865585353,26.65713264321365
13082,-4.279213917462588,7.786811869637298
13083,1.8615818043418733,10.698971605101569
13084,-3.6274129934363737,7.219322101757207
13085,0.7644808707415676,5.21942135023932
13086,0.7778243559362912,4.372310581994935
13087,-1.4129158939814945,2.1631381092921655
13088,3.3915530270364695,2.953895938474625
13089,-0.41760405014612095,5.034825514355298
13090,-0.061577617705633914,1.6969447744294728
13091,-0.9838775372171579,2.0124411800261255
13092,-1.3725849432550132,2.798026334127521
13093,-0.2845322794671338,2.489588021735003
13094,0.28506474173283297,0.5832611924820156
13095,-3.5130106790390254,5.035083877874978
13096,-0.47979632691405383,3.2208531711965804
13097,0.7358662117295945,1.9216029495736606
13098,0.4516677778359425,1.2722751985861764
13099,-0.676171578593168,0.9514400960173981
13100,1.8486677205486317,0.7176908474601323
13101,-1.4855134467896656,0.14623158264415217
13102,0.6657975854186374,0.5895672397142423
13103,-1.4280271048786466,-0.31817669035202284
13104,0.8324822003662091,2.2590321374497573
13105,1.261290451366782,-0.2225461449220766
13106,-0.13297078132935738,-0.15890206397434034
13107,0.09832204269779582,-0.4663280472150591
13108,0.9086857466636178,0.1860016949478904
13109,-0.09968876817943452,0.08115330472187149
13110,-1.4846963220747864,0.23351799164198447
13111,-0.6664470596849275,0.48453696677831665
13112,0.9908345815441574,-0.3147415709087364
13113,-0.837878414288138,0.05050976418000861
13114,0.01339921019409318,-0.08553858543465007
13115,0.11680519189894792,-0.2529712357542645
13116,-2.7301458006978425,0.3862648402336288
13117,-0.5667913097600854,2.409188839722187
13118,1.392762781177453,0.3028942152084849
13119,0.10064885569574127,0.142547090798099
13120,1.101172552920307,-0.06590794599946369
13121,0.22929788754063252,-0.45221232054943
13122,0.5791089754336833,-0.2534187525141748
13123,0.450320220690643,0.9591670457334237
13124,0.7742267432016363,-0.1661585753342795
13125,-0.48669291466222075,-0.036261935959509176
13126,-0.2369931447100464,-0.2210498397822816
13127,1.3908015570527945,-0.09444409207606437
13128,-1.4261517834932085,0.21104195374901738
13129,0.7275109133447241,0.5762740256977054
13130,-0.8392409597398511,-0.19027690577094625
13131,-0.4924931053032958,-0.29892079659834997
13132,1.3726163617758673,0.25575640146963674
13133,0.40891400311937626,0.3081018246039813
13134,0.38356107838251324,-0.045871377894756406
13135,0.27092830315682187,-0.23740490396348643
13136,0.26726846830238044,-0.19215325222979474
13137,-0.2595161729689545,0.34669460275092234
13138,-0.4851030113629838,-0.041185834472712825
13139,0.6916614400057038,-0.30146067412787564
13140,0.8886016817865464,-0.18007403565650645
13141,0.08289596635254524,0.39643061927606965
13142,0.09674692537921467,-0.16310237262721464
13143,0.5065177078302048,0.2567478618975567
13144,0.06433676923938095,0.2823212643416487
13145,-0.4785089517060203,-0.10069775038038939
13146,-0.8721734235819987,0.5325346303690293
13147,-0.6636064464460412,-0.13325632472838558
13148,0.6052956053490923,-0.3305611667703876
13149,-0.15299015291657983,0.06294341417679515
13150,1.768144796442493,-0.051739582427225185
13151,-0.008049839766736502,0.6155357674442847
13152,0.6182739025099521,0.5208227927838132
13153,0.15010986531459428,0.13349280869917232
13154,-0.5532275562006049,0.47267315459257697
13155,-0.9509406716127432,0.07018527243594339
13156,0.018895412510963813,-0.2037434279630997
13157,-0.44881632023433615,0.1504008912787602
13158,0.2222771689690839,0.5204780517194224
13159,-0.07825941865006136,0.030992282982434248
13160,0.7280907793499807,-0.21604387219803417
13161,0.23359703416556607,-0.3377549396931107
13162,-0.910383371313503,-0.40932820376466295
13163,0.30081570667970936,-0.198033102215819
13164,-1.2644833428015265,-0.08399339285435956
13165,0.26400123634543965,-0.21615537246116048
13166,-0.43366670184660394,-0.040873927558771096
13167,0.5325709499715873,-0.05843999642638334
13168,0.8378010234521794,-0.17415896132682004
13169,-0.025807173823773302,-0.3626714183716578
13170,-0.6979509612600455,-0.16317489540857186
13171,0.3435757712945557,-0.13486389192467188
13172,-0.4860564789162876,0.14383385794846656
13173,0.3613519912745308,-0.3718969450500103
13174,-0.22449294254210408,-0.3079483691290955
13175,0.6124583083533327,-0.39133380771372134
13176,-2.0160841477301035,2.0421034906328703
13177,0.7455929985502254,5.221364717851702
13178,-0.23488058473489326,-0.17073710992897947
13179,-0.6700380066343498,0.23651564594882685
13180,0.1316870372510876,0.08353431332382315
13181,-2.5283309870424286,2.499413037315305
13182,-0.790014819768147,1.3465083747718987
13183,1.0429684603194986,1.6402374931650379
13184,-0.8186222277315964,0.5650591920703852
13185,-0.6185699630981435,0.6478388658424088
13186,-1.6842578065409233,3.5474492747748543
13187,-0.5074291374371431,4.0071454407220015
13188,-2.073749984390237,3.553520391182227
13189,-1.4017907986715634,3.8568215832727564
13190,1.2926843161213741,3.4323384134359767
13191,-1.1383404722367532,3.8494935271014383
13192,0.7449535473558204,0.0038495596976009837
13193,0.813821790624478,-0.06486777377915164
13194,0.5291226257543005,0.6614788857844545
13195,-0.8142902465703103,-0.13828364846551044
13196,2.410269105378346,1.7664334842400515
13197,0.6350959254461178,2.3446014695805264
13198,-0.6796173165286414,0.23185847058198797
13199,-0.6382762867385666,-0.2732245278787326
13200,-0.16808880677650817,-0.4458214873617601
13201,-0.3395530020396642,-0.14461181232250786
13202,-0.7747231231011392,0.7676664603269349
13203,0.9456182956681191,0.14830802814336874
13204,-1.03765851068054,-0.196019986861784
13205,-0.20940681390026838,-0.09621643860468755
13206,-0.3674431657557169,-0.09801220963288998
13207,0.8120721562516586,0.23842933853270332
13208,0.24927940335301416,-0.3965980185470716
13209,0.09988734713205724,-0.35045523702414244
13210,1.2884656785527864,-0.22926505419129825
13211,-0.6306395241566153,0.04324785059765511
13212,0.44094811389963673,0.11901841521469653
13213,-0.13527050342306582,-0.4536444251566565
13214,0.5777709671242752,-0.245354186832887
13215,-0.350647060893637,0.17431159792443462
13216,0.8003147592357139,-0.44885913604490013
13217,0.5438060439825355,0.07129210431783578
13218,1.8878324389059142,0.31886593819445913
13219,-2.0643405577460827,0.4473999914996294
13220,-0.4881505245634459,0.12466894136261084
13221,-0.3852447981350344,-0.14983025488875581
13222,1.0318185872976084,-0.38777081953713677
13223,1.1303041138341963,0.16104492236853724
13224,-0.5249436696872417,-0.015034241197620453
13225,1.8050258385178282,0.3641400842414956
13226,0.31124996218722084,-0.28610608725601616
13227,0.0166896982106906,0.1287600123029477
13228,-0.5432075079822549,0.1054650551415858
13229,0.3842606017674726,-0.11590050355173552
13230,0.06009003101911556,-0.44005136406482387
13231,-0.3983648508739981,0.2682851495194078
13232,-0.1293652363198209,-0.3881060488039122
13233,-0.5941739643692474,-0.45852024499915084
13234,-0.30956288800348875,-0.07608111868333202
13235,0.9564307142838964,-0.00575184903429712
13236,-0.14057247614644464,-0.3647881629978592
13237,-0.5099144383828954,-0.4257387309761424
13238,-0.40463246877764264,-0.37339781686424756
13239,-0.06243120800914111,-0.1731912775790912
13240,1.1387910789108935,-0.5728597281088996
13241,-0.23627226982995223,-0.31548311446612265
13242,0.502953421037558,-0.5984154426660954
13243,-0.3743804841658771,-0.5544264926307401
13244,-0.9744081434432857,-0.3660140492244865
13245,-0.2873428211919851,-0.08726009329301646
13246,-0.01244680014878022,-0.49228839843275773
13247,-0.2700331732663658,-0.4216952913546099
13248,0.33087144065996443,-0.46757354927303724
13249,-0.18287061579390113,-0.5287778817904858
13250,0.2963598072426782,-0.22165233296164263
13251,0.5711555745898769,-0.43385539463400924
13252,0.45010439819753095,-0.38789990999245033
13253,0.44018907596846296,-0.39038019432589727
13254,-0.07648717568224794,-0.4595356536616712
13255,-0.49971611139823763,-0.44074696334491636
13256,-0.001374348893924737,-0.3941881911554643
13257,0.47410288042706666,-0.5061273391909564
13258,-0.08927156483493646,-0.573874598586362
13259,0.2684859168781296,-0.5060313866181357
13260,-0.004821698714760518,-0.3518053838373657
13261,0.00832990783920466,-0.396268084930204
13262,-2.071275688597167,0.10917406824611665
13263,-0.04666292881300107,1.4786144356908821
13264,-0.25585966233991336,0.28714837705956126
13265,-0.39543317668068717,0.013291226330599717
13266,0.1635853817631164,-0.3732861373132363
13267,0.7967850569381337,-0.39921098055854176
13268,-0.311977197162167,-0.42052226177322005
13269,-0.5464567669771551,-0.2404184529561994
13270,-0.807186995138943,-0.08754709159138928
13271,0.14428054501940663,-0.3190675588092082
13272,0.4211163071597588,-0.2729860857635184
13273,0.3914622221862338,-0.4034081256083509
13274,0.6013726621818195,-0.42335984922579256
13275,0.4493723740860876,-0.3137332159813805
13276,0.29106657057669083,-0.3420103829303802
13277,-0.7493921060890959,-0.4530106686552853
13278,-0.6450520427425503,-0.16357810391065605
13279,0.24348415833359405,-0.3721660102471472
13280,1.2140940734613732,0.08822020089204628
13281,-0.2513961807436436,-0.37587393566935773
13282,0.8553380351069642,-0.463073122926711
13283,-0.24095517106657657,-0.3113312615974239
13284,0.3337046579547925,0.12092922885727615
13285,-0.6401931958042582,0.10517135887119268
13286,-0.02443738344882772,-0.3297681900605731
13287,0.6102670259178187,0.3548954969060933
13288,-0.07322212000342494,0.2757792165880938
13289,-0.45918959261545084,-0.1750357427554277
13290,0.08068449275889002,-0.6122668783782532
13291,-0.5720389429718835,-0.4568433696618098
13292,0.05999227536675619,-0.5240501740336614
13293,-0.22438303464293277,-0.576765236418466
13294,0.24187798420338918,-0.2894696872253555
13295,0.45283752489722134,-0.6303305472318365
13296,-0.35865205540857803,-0.517727980126852
13297,-0.07973258323424222,-0.6630729579683445
13298,0.08947201146889253,-0.4770659115644388
13299,0.12138416270348637,-0.5217957652203937
13300,0.269441430596897,-0.39104586592992324
13301,0.06639497451272969,-0.38631079471670055
13302,-0.47296150907074397,-0.5679123027655519
13303,0.034714915709822484,-0.4571210046029431
13304,0.38597837214432507,-0.5087278348508645
13305,0.04321800039996271,-0.4124406106048009
13306,0.16005949727313112,-0.5122873417920952
13307,-0.6254856109707669,-0.29006969794419446
13308,0.3666417184722199,-0.40228522715964593
13309,-0.35851099332439285,-0.5412546084935422
13310,-0.13591021620136148,-0.6170481821190488
13311,-0.04007938240531977,-0.4021869637072929
13312,0.2774209766243975,-0.5948820435134461
13313,0.3669251527038634,-0.4656395603543115
13314,0.10526328570986189,-0.6342910237600655
13315,-0.18428823102313982,-0.4023346501505449
13316,-0.48175532307967545,-0.45646359013930726
13317,0.21507456737397196,-0.5732371497352959
13318,0.3919741384047793,-0.3716708195894723
13319,-0.32722055700481645,-0.5090681431756925
13320,-0.14417287553397404,-0.5966868994445678
13321,0.06567495212787146,-0.5122334065935067
13322,-0.02158271158580376,-0.11236184141135963
13323,-0.449661172899168,-0.3030157301774202
13324,-0.22591826019051275,-0.4065912513957285
13325,0.6847834576460861,-0.0006134806307601595
13326,0.3033582136782206,-0.31980584376020355
13327,-0.2408692547648214,-0.333012769279268
13328,0.9803720108357915,-0.46938851751527116
13329,0.12746264988304193,-0.5538063901840284
13330,0.43457459290365397,-0.33748317441868103
13331,-0.3099533143899296,-0.29972283489132
13332,-0.029393510824760483,-0.532756123750355
13333,1.1770347132258723,-0.2635397538625198
13334,-0.31723896460685086,-0.44189199398868395
13335,0.4695555964097035,0.04664745904617775
13336,0.43809439968406233,-0.01805899574196029
13337,0.07923148375945326,-0.3716410185233079
13338,0.9948998351333361,0.42895356932486783
13339,0.2426796680934052,0.3178957457276661
13340,-0.2631333094496517,-0.17640366663118548
13341,-0.2832992815049174,-0.23416186572985423
13342,-0.280838257463335,-0.30745481034369315
13343,0.5199400175793402,-0.4806667754196625
13344,-0.18879352101935795,-0.17064959444819125
13345,-0.5326566037662535,0.03460767843208359
13346,-0.3269176584594638,-0.23168087165833964
13347,0.6960106527679628,-0.24547402359914458
13348,-0.17713800134888813,-0.4162494251587336
13349,0.2949138813556539,-0.26443861582222894
13350,0.2828497278285266,-0.45437316357442414
13351,-0.16537125728881943,-0.16039074854236035
13352,0.380166705554782,-0.6007929233087365
13353,0.23383450349348162,-0.32893942335730364
13354,1.4791414477332443,0.4649843107618849
13355,-0.21249774524068799,0.20978381148260103
13356,0.08557428229174958,-0.01916133228812026
13357,-0.4260071835180837,-0.2489987175972472
13358,0.7669639657939062,0.5123299860324408
13359,-0.4895253185480024,-0.05070216210691008
13360,-0.41653788152361576,-0.24744920558219938
13361,0.5295276686498658,-0.4265349053344954
13362,0.32459471264771855,-0.2788890757070623
13363,-0.5526235043115141,-0.17941760702341017
13364,0.26160690879000836,-0.5140203787583217
13365,0.1420354246602049,-0.2907482679403903
13366,0.2151127074441905,-0.22266913827517493
13367,-0.5831261250444335,-0.25026058807756413
13368,-0.3234771856326893,-0.26589631003669195
13369,-0.09641270796745768,-0.3323959463656536
13370,-0.27843272095236604,-0.3600000676548125
13371,-0.38900395608144295,-0.3566706816575787
13372,0.28409431012520603,-0.519692018229657
13373,1.000432145208058,-0.49903728158568406
13374,0.3275659851262466,0.10558298138195546
13375,-0.21343864260951098,-0.4749191673295969
13376,-0.26206601811811603,-0.23672929002197315
13377,0.945274610917231,-0.26632008082167846
13378,-0.3840150462306051,-0.29578171550398064
13379,0.6017408415668626,-0.10604775856588358
13380,0.13924075272662848,0.022840354344675178
13381,1.0806567107220904,-0.039808845192430754
13382,0.34323112634130576,-0.07988957387493323
13383,-0.7728244245179815,0.16705018074125114
13384,-0.28630459057515795,0.6003835966934506
13385,-0.2710267063359343,0.07351714471622517
13386,-0.5972141322294724,0.46837519157457513
13387,-0.028136182337437473,-0.022031204905390123
13388,0.15339545989035241,-0.20332933552520724
13389,-0.054547168002299445,-0.3536625904453489
13390,-0.2989253278866866,-0.362309700215256
13391,0.035861981621870494,-0.32965069542519254
13392,-0.431499646410199,-0.5417915334832568
13393,-0.015029301465969811,-0.48799931184861856
13394,-1.1655224845618104,1.915609690085098
13395,0.4267866621047904,-0.12856785921966382
13396,0.20191723149304353,-0.47478898195528885
13397,-0.9886742941893748,-0.2596442710454048
13398,-0.25530919300294663,-0.33850762490595293
13399,0.36505154774129656,-0.4793358731963548
13400,0.03189884144435103,-0.3819397539149783
13401,0.636534012567959,-0.5435756050456141
13402,-0.6773599849449305,-0.4348262105482397
13403,0.3292318376941435,-0.47138988833780426
13404,-0.09943490199321289,-0.46493157826661646
13405,0.4989287590020218,-0.354842661238966
13406,-0.1513487822546057,-0.5831617585838906
13407,0.5541668803246582,0.0713164972210293
13408,0.5196730055652636,-0.009985229678968489
13409,0.9658124236897092,-0.24705789681149895
13410,-0.12234928706157279,-0.4521373446810679
13411,-0.8267281415840884,-0.4229278644519559
13412,-0.8082972008363782,-0.17878213883267052
13413,0.40960835294822845,-0.4694709974464723
13414,-0.871509758429954,-0.21448252934174353
13415,0.48238579991468583,-0.3197506597012881
13416,-1.6971177651220386,0.3692143941853784
13417,0.38638340359654,0.23685147415731778
13418,0.26153710686086784,-0.35187345604643155
13419,-0.12129509694155524,-0.1995814759517516
13420,-2.882980680862371,2.1669864318401526
13421,-0.9506788198496922,3.62042535965592
13422,-0.7189640114580815,1.8722802818142552
13423,-1.1519105150582738,4.310860300412452
13424,-1.2823139107594015,2.126838297218471
13425,0.68622585974973,0.8375710788326556
13426,-2.2280400953884945,1.847998562622771
13427,-0.04462755780279501,1.0009782908398968
13428,-0.6079007146819783,0.6152105403560448
13429,-0.6723855605439608,2.2990856833706856
13430,0.9494685606981749,1.1193739681415047
13431,-0.28054293675637104,0.1630589130054447
13432,0.783162521091398,0.2249302367286192
13433,0.08926844947797184,0.33614993895658496
13434,0.46882650498740935,-0.10448662798026227
13435,0.7302456438664245,0.291056292018352
13436,-0.9299911070349808,-0.2812953443439581
13437,-1.59906911408973,0.8165762301004443
13438,2.4661966019838366,0.579359986723135
13439,-1.5392209109449373,0.3271104964161469
13440,-1.0032611410228314,1.774302737503159
13441,-0.6009750020914897,1.2044920594506914
13442,0.9543497477706702,1.0570743265792002
13443,0.006070131361176773,0.1321753047462097
13444,-0.02457018763635477,0.13413049903261384
13445,0.07938745635208236,-0.273417120643782
13446,-0.4012246425137033,-0.2711127969404821
13447,-0.21160304336416944,0.20469462294485175
13448,1.2453203809980742,-0.2222665047106017
13449,-0.5736208362233622,-0.09421278607920107
13450,-0.5369801146785204,-0.0007032820496642076
13451,-0.6763127393274786,0.4760647541627429
13452,-0.7606997320580473,1.0271987632317074
13453,1.752640100375817,1.4587772003000454
13454,0.036317964297166,0.6836504358600222
13455,-0.32585076565466586,0.8069062439134733
13456,-0.15391967298604564,0.35772831596666144
13457,1.4846336163409928,0.11315532012726516
13458,-1.0164581502503738,0.07154312960017953
13459,0.14543484395263487,-0.45664930382851204
13460,-0.22430498084142222,-0.2621144060100688
13461,0.23568306111986,0.12433658112532403
13462,-0.128260940560531,0.3747666243060918
13463,0.8011176450869694,0.9413713641353545
13464,0.15923912370226947,-0.02039467888584237
13465,0.9907542962290979,0.07047180435901203
13466,0.9965746357501023,0.06557678415152146
13467,-0.6670231020990037,1.091385151317744
13468,0.49038426395121915,0.41561859259093054
13469,-1.6697406469123561,0.627511109661027
13470,-2.3478779914228967,1.3984428754555003
13471,1.6646005523817158,0.36190328817683864
13472,0.4589948457650024,0.10151178684094589
13473,-0.9463680076280921,0.025175259771241642
13474,1.6174072794227932,0.3122422213006704
13475,-0.8127042463230632,-0.17620357817945068
13476,0.12860315749121823,-0.3620952312761892
13477,1.049253210754494,0.8891179794931859
13478,1.3565713928515668,0.5509924126240165
13479,-0.23829151633458526,0.10471660905996438
13480,-0.6380596176294955,0.2804899483107441
13481,-0.39875092041711613,-0.38717956889220423
13482,-0.3928864862860866,-0.41049368968614536
13483,1.2016439982059852,-0.5133974915690824
13484,1.5766598642435006,0.32598989236825765
13485,0.49810453208210737,0.9514262113183536
13486,-0.8733680087000647,-0.04160082522229465
13487,-0.7052185479871307,-0.3803653225556199
13488,0.3561124200744702,-0.4549744476919871
13489,0.5333456018130547,-0.3030442098906361
13490,0.5511888168921009,-0.4449453784039969
13491,-0.9763183845414934,-0.24087888618234066
13492,0.46281465693373147,-0.5137629820288844
13493,-0.5605472007512389,-0.18391711744450046
13494,0.3182733212647129,-0.0847262359976109
13495,0.5088436914387574,-0.550494318397756
13496,-0.004942685457581831,-0.636119664513458
13497,-1.7232106708627561,0.17041844826477537
13498,0.9247898528202155,-0.3613695728816326
13499,0.7872942119011185,-0.5671406660593938
13500,0.28664657759521583,-0.29851317105717057
13501,-0.985735085471319,-0.5005360047277552
13502,1.0150080425705064,-0.487298055880037
13503,1.154825400668679,-0.02600017960752819
13504,0.28565792348560765,-0.3134977245137209
13505,-0.5259255343748613,-0.13786766885115534
13506,-1.1610982242279162,0.022624547346612886
13507,-0.19496093118846627,-0.5426862556512514
13508,-0.4451779242133206,-0.38763150310410416
13509,-0.8603228478184475,-0.3532885898565008
13510,0.300289814002468,-0.47124710713092827
13511,0.25394695833288944,-0.30094238370265697
13512,-2.130427143787079,0.7088387353760411
13513,0.5013759005033709,0.8947147178251518
13514,3.281286554423569,-0.13734321160207816
13515,-0.546782983809167,0.02629303546668131
13516,-0.8745061997140254,-0.3897353978845418
13517,-1.1218416206902693,-0.07712241999897486
13518,-0.5030357266022341,0.08029095974236063
13519,-0.3637218081387037,-0.45073489903375985
13520,-0.03235089329172676,-0.18971402386164227
13521,0.014542518554610011,-0.3609366886853511
13522,0.014541580445968125,-0.32451134196594206
13523,-0.32397353228738573,-0.10726551442976662
13524,-1.113153098103608,0.015666618733349322
13525,-2.344855691628472,1.9176458933264475
13526,-0.8813976007903108,1.6179464116958948
13527,-0.594877285271436,2.339327988738761
13528,0.3310141146738477,0.5332711238575638
13529,1.979359556243419,-0.15334398257634
13530,0.5877867891430212,0.16796446001279494
13531,-0.49634485571097636,0.7339887401627279
13532,0.7047165917575775,-0.24089802575482633
13533,-0.3753369054798474,-0.11779831436277789
13534,-0.6572637352828054,-0.5337905877019398
13535,0.03290545693177176,-0.21505203745524962
13536,0.40490752893655857,-0.30519600143193865
13537,-0.3641244527348707,-0.07889623660602486
13538,-0.00631817358044126,-0.38229796241142006
13539,-0.6582650239090292,-0.045466349230294585
13540,-0.7193865743824556,0.47570457090275103
13541,0.11450841671759855,-0.0556713244112442
13542,0.9566660113420824,-0.4614018189046585
13543,-0.037766380421020034,0.04588751337859044
13544,0.13676532519371423,-0.18629724035025585
13545,-0.07542467142785597,-0.312422615553834
13546,1.1876900608469796,0.055099742009578706
13547,0.994614584803015,-0.148989258934995
13548,0.46707018628468583,0.19103450191610583
13549,-0.30131371403275337,0.23264643078495564
13550,-0.13763361559931414,-0.430794714710311
13551,0.26062567956129723,-0.454431809280507
13552,0.642274459659652,-0.4652726414765247
13553,0.13474633434237768,0.21789210848630425
13554,-0.32792888083252847,-0.41609974043229336
13555,0.1350943370753535,-0.47959454078996105
13556,0.16983150789096665,-0.05624907174930872
13557,-0.6045303662866846,-0.410569874045752
13558,0.6672503080957776,-0.4248492593895884
13559,-0.16031347008933214,-0.4393172525440053
13560,-0.2062396488055366,-0.5516208051648541
13561,-0.1944232022995641,-0.5786376726212665
13562,0.22255029043699676,-0.08535597628905307
13563,-0.5281059210893577,-0.14511922211820638
13564,1.4757680766101948,-0.468901677021407
13565,-2.8052097354184893,1.878670160564977
13566,1.076831025421037,0.716856066826021
13567,-0.9989330522356188,0.1515951446086824
13568,-3.5779301559312033,2.4617645274331337
13569,-0.8820328387493656,4.084836966359191
13570,-0.272006740743896,2.0688578840834437
13571,-0.4037722409625422,2.57023401030887
13572,1.8827390833961828,1.6400541000163882
13573,-0.8596454425830822,0.09088860845785303
13574,-1.9098142579844124,1.7548738089647313
13575,-0.47156496083314636,0.9450151972194435
13576,-0.2860121887260654,-0.05005933146147009
13577,-0.09229701575210938,1.4726813103394656
13578,-0.8157692615276008,0.8854324424889494
13579,0.37054373978341915,1.423567496648557
13580,0.5721221942780561,0.4690237201390802
13581,-0.0463515711460679,-0.42116490471371465
13582,0.37116184767417904,-0.18742502066438302
13583,-0.2831421644473334,-0.15699268753423826
13584,-0.5054533916352297,0.05908888606731519
13585,-1.1764882235309206,0.34060444866700307
13586,-0.335770543113441,1.3228221670754996
13587,-1.1274694044937856,0.4061514827116225
13588,2.977233624826754,0.7184271514411283
13589,-0.06610712687755595,-0.16878391277822766
13590,-1.0945498267724143,0.23433389266308222
13591,-0.8342555199047488,0.06961253088352165
13592,1.3110451203316802,0.17695910859769104
13593,0.6343334934854837,-0.3144461785161048
13594,0.8583480172855097,-0.039041116326500716
13595,0.447451509260996,-0.18313262927254165
13596,-0.31019114238745493,-0.2996722415800669
13597,-0.07320028658987987,-0.1184769119608649
13598,-0.004747408307638985,-0.5682561798815783
13599,-1.1623911267095561,0.1258205917353279
13600,0.1836319860211805,-0.22685686936715602
13601,0.04961276155018501,-0.5199842806938635
13602,-0.34711371554528475,-0.14666365063893813
13603,-0.7267933411346276,-0.06329888990200855
13604,-0.740076249115627,0.4380298303631938
13605,0.003927518170854337,0.39693831324675116
13606,-0.7959110377350954,0.37436883612546695
13607,1.0313026327005357,0.030195923502146168
13608,-0.43145692644669786,-0.187178276518321
13609,1.373284118788538,0.2760308532069919
13610,-0.23885064995249303,-0.25999554720419366
13611,-0.09156039648919996,-0.2109794380148719
13612,-0.870648149757004,-0.3224590172184164
13613,-1.453694342495954,1.2674414770265212
13614,1.8175112903323332,2.0555183486606716
13615,1.079149277882499,0.35811984570028593
13616,0.15768154345470137,0.23027091194243274
13617,-0.06780628103397399,-0.2633089712435254
13618,0.016037973131248596,0.24268190477529483
13619,-0.44209034788988466,0.05049959958726492
13620,1.7748572378856824,0.29590790519703974
13621,-0.5567671889655472,0.0950387108965815
13622,0.20438543106676618,-0.5024710189210553
13623,0.36288814576637585,-0.04235158795085229
13624,0.37562964191656256,-0.0003130238822028586
13625,-0.47262693589838,-0.08144823924775327
13626,0.3022242918288059,-0.34386780624943225
13627,-0.6251246302119696,-0.21771715472164177
13628,0.11909100968490276,0.31183981829013957
13629,0.1492234023625877,-0.20636242956734271
13630,0.5171712516610936,-0.3582558858180302
13631,-1.028561532284852,0.1518787016498815
13632,0.45014363352413717,-0.24822727980121617
13633,0.4464858683155757,-0.4181765715324444
13634,-0.21214160297306212,-0.4997331982446813
13635,0.4516661247951849,-0.020069825738365247
13636,-0.012962337430198145,0.006873693111645805
13637,-0.4917292092456467,-0.257618295213158
13638,-0.36980109158708674,-0.4009629153956669
13639,0.6765918177563072,-0.2703830064053895
13640,0.9509553205977452,0.06788645871912957
13641,0.5385245846816299,0.3240374084331601
13642,0.4211052497915058,0.8743204990787458
13643,-0.5866536594567713,1.2147680534375394
13644,-0.3584522726725981,0.12728486810885303
13645,0.1520443079476036,-0.08081683206861172
13646,-0.7428320235726089,-0.1880609932657672
13647,0.14518729353331175,-0.3513531623823712
13648,0.015329344006656581,-0.584312595881132
13649,0.6906976571220288,-0.4611265511823742
13650,0.1730868066970014,-0.4345353915395957
13651,-0.9459064604407027,-0.30805518747772864
13652,-0.7150667021489215,-0.2555644047484552
13653,-1.9077480703587362,1.5569883653807077
13654,2.4023536513709844,0.03678535497689259
13655,0.6374600783045777,0.6081385502516752
13656,-0.582370977529365,-0.27120444856839276
13657,0.8993945105384354,-0.015759974999452798
13658,-0.49972084096642994,-0.36416617709287846
13659,-2.2070090103354287,0.3547412978640216
13660,0.7557950307994067,0.09381460070406092
13661,-1.2366005095938981,1.6481714027491885
13662,-2.292397911874178,3.5287875390159282
13663,-0.5648078056123005,2.677008758806776
13664,2.027496409238421,1.7354608341537625
13665,1.6926954486654306,2.786238729707524
13666,-0.21494957190368388,0.038895294382874854
13667,3.821287366674453,1.789362458845736
13668,1.3372393720552729,2.9651701123542686
13669,-1.2332521569312853,1.2558550026799211
13670,-1.929427133978194,0.7977852846044594
13671,1.774080576245609,0.3991508002608625
13672,2.0203303419693377,0.8657148373331317
13673,-0.9025726443515403,-0.06069837921151978
13674,-0.4206866509794122,0.25652532982779686
13675,0.5778080146874932,-0.07981595972403871
13676,-0.4705210873788628,-0.34258035251085056
13677,2.785167141902714,0.8920368958815207
13678,-0.2937586472135023,0.6463553296343708
13679,-2.1822252190281155,0.1258589026990306
13680,-1.2397995300076732,1.2010630969655016
13681,1.233161801216739,0.3127296679642239
13682,0.1787352605371049,-0.2793150886393294
13683,1.7472805775207234,-0.1447619375270211
13684,1.1475030606220533,0.7888454014057625
13685,-0.03107161778002109,-0.06070608730927343
13686,1.2152924596918648,0.36525902829542195
13687,-0.6812109854168598,-0.1686444236942616
13688,0.014044346775503631,-0.3460495057985593
13689,0.29761251384271553,-0.2248338488191318
13690,0.26988946920130624,-0.1672683787487729
13691,0.1328251541901447,-0.19208844706283076
13692,-1.5646680178299985,0.7105505537047447
13693,1.4776883485559886,-0.08625410732760413
13694,-0.16521461620954464,-0.38344425069912724
13695,-0.14350851412521995,-0.09704826400363079
13696,-0.021703888108806472,-0.45811963538150335
13697,0.3313181930483738,-0.3901309054604332
13698,0.3551626193310728,-0.19244647150462985
13699,-0.6859252716817142,-0.421287758103472
13700,-0.3831749564261154,-0.4739814479408426
13701,0.3971299894361158,-0.4151348114789817
13702,-0.41579720341003806,-0.4643929838736469
13703,-0.6170737146732701,-0.40228299064752737
13704,0.07450948360950915,-0.00031008976146920523
13705,1.2157424025923675,-0.14132161187300923
13706,-0.14185708334209987,-0.37731114054048687
13707,-0.4852620692138053,-0.41581631713570544
13708,-0.2340646860157277,-0.5025660098935303
13709,1.10567504072156,-0.40255742922009013
13710,1.8653856797631492,0.1996560477693565
13711,-2.832078655567941,0.125863418208534
13712,-0.7010336730569839,0.8829692424936959
13713,-0.3513085878762021,-0.18405903625792278
13714,0.5782544159533869,-0.4288863547691325
13715,1.9366822730801976,0.36025893065854186
13716,-0.8580504805354069,-0.21404929048350343
13717,0.08324159150076917,-0.38301344834093565
13718,-0.9651600382446387,-0.2332382171351436
13719,-0.45135028319461795,-0.4850159978012442
13720,0.038035305195009146,-0.4854717281335684
13721,0.5019140283993476,-0.4697171325627896
13722,-0.33928347288250377,-0.1703622592466503
13723,-0.6455653594776414,0.01319410923942805
13724,0.15929108019365296,-0.18621008546735177
13725,0.6334350471140804,-0.5176002879627309
13726,0.5279655361066574,-0.45893462852228895
13727,-1.5429216351573916,0.0441205999599176
13728,-0.15218884805908717,-0.4006316225552324
13729,0.6820400160756719,-0.5008779695564454
13730,-0.15135182541285594,-0.2730003044075973
13731,-0.7963649815131371,-0.3691815644722951
13732,-0.0776866577749142,0.15781895615775401
13733,0.8071389217703228,-0.06420631458499125
13734,0.1709305047484071,-0.6144565243627926
13735,0.1030038295660514,-0.3948369159997245
13736,-1.086479466963055,-0.3518111750442748
13737,0.06686055619064388,-0.3276347354539413
13738,-0.654127186031602,-0.33327287427072977
13739,-0.7343235176844695,0.39206232526475654
13740,-0.2293106897258955,0.46630240800615275
13741,0.8734217061244326,0.6427555730764349
13742,-0.9922268353113146,-0.2873248387381343
13743,0.11944631842970885,-0.43918148005074065
13744,0.07884044242750246,-0.44971920290859635
13745,-0.006865248129512915,-0.561306466281218
13746,-0.4092459470885348,-0.49377720336232217
13747,0.8136863338599473,-0.5119371669636773
13748,-0.02404631024687331,-0.5467823737516057
13749,-0.5711444904018451,-0.259117940718605
13750,-0.5641042545634227,-0.04702509830060931
13751,-0.17077721104378615,-0.45565286392186155
13752,0.13137778723736848,-0.11753034727301365
13753,0.12134203397929473,-0.27942538775680753
13754,-0.8340731646194296,-0.32690130359217606
13755,0.6146681334422367,-0.2589405580834625
13756,0.8530309505755739,-0.5211610989475214
13757,1.0277142801734278,0.2631666700374835
13758,-0.9345242522502711,0.1467434589398432
13759,1.6197924438172608,0.19353571507892567
13760,0.6170877370197869,0.0320541379848948
13761,-2.836515858219467,0.7793893462772483
13762,0.1471615217553378,-0.3591099289398966
13763,-2.6667161758669944,0.47891471464467
13764,1.2940675012426879,1.004574953788195
13765,0.036022082418466474,-0.07797740197913246
13766,-1.2096466964203982,-0.0754647935292771
13767,0.8344678922924623,-0.2796096199982305
13768,-0.4467857172536715,-0.09967487543798939
13769,-0.5820276496158978,0.2446829321082703
13770,-0.9202571120567162,0.06830727866295906
13771,-0.6099012369686658,0.34186826588224756
13772,0.1411678997574352,-0.4381994774440932
13773,1.0440816418475616,-0.4232828589978773
13774,-0.08670605324431337,-0.46973083006912036
13775,-0.0267608753230254,-0.3824978157782507
13776,0.6809136279299558,-0.146057626607615
13777,-0.6521765830586354,-0.518934476990159
13778,1.0781358082236465,-0.1461651684098865
13779,-0.11192111429747623,-0.44231724383404214
13780,-1.7423526977512347,-0.1139847847346071
13781,-0.8357123435162335,0.19148679842510763
13782,0.1642547731498861,-0.24419453148492415
13783,0.24283317951920033,-0.4817869059032774
13784,0.36426229516661635,-0.49737062651889774
13785,-0.10409300255445997,-0.11523304624574626
13786,0.7138121690336011,-0.33910577644862017
13787,0.3105657538211328,-0.3943710282688661
13788,0.2093389410173871,-0.5327327468492555
13789,-0.3222502615406889,-0.4452114148339544
13790,0.45671314980754135,-0.5882698543680478
13791,0.42066680541597523,-0.5471604189984098
13792,-0.007185424309599769,-0.4219129740686241
13793,-0.7332215548176545,-0.32315078034817435
13794,0.39483730057417377,-0.4806690835132763
13795,-1.1215922036465853,-0.47606947759072155
13796,0.3835635436248618,-0.4664639162911277
13797,-1.115729675269636,-0.25207246734805716
13798,0.8669012658361446,-0.5145885189187762
13799,1.024053035256442,-0.43204381829885746
13800,0.21656339761995466,-0.4258080683394485
13801,0.19507834826784268,-0.23616691172386056
13802,-0.6415774459484372,-0.5820298431653484
13803,-1.1017555176619573,-0.20512184661949207
13804,1.4054948117746244,-0.3333538299464964
13805,0.5402604454144955,-0.49917464719011617
13806,0.016936016230661665,-0.2781908118159721
13807,1.6108329363387002,0.36821758949750993
13808,1.3564452909799019,0.8238481191583193
13809,-0.8984994004731646,-0.22927565346691595
13810,-0.46912750203882625,-0.2610172168078579
13811,0.5956543791699622,-0.44086337960969013
13812,-1.135453836982839,-0.3676846263820466
13813,-1.1034726806566268,-0.44069239790896936
13814,-0.13287430153505878,-0.522448697257737
13815,1.4410034315489568,-0.4602959761294777
13816,0.35845708167924495,-0.12273103973512885
13817,0.02644631308366014,-0.5839482595172377
13818,-0.7632850839033597,-0.46669440419186825
13819,0.6172346637950943,-0.29748360581649175
13820,-0.3773937422528098,-0.48601192654821845
13821,0.21612210165599244,-0.5664121803711225
13822,0.42141294735564144,-0.32347584814177743
13823,0.17856940385705167,-0.05426521946427532
13824,-0.19654109412703513,-0.4345686638283951
13825,-1.5370324361064704,0.01267921994616963
13826,0.35807966294519356,-0.20236717989032724
13827,0.9131834858699643,-0.4138595925774146
13828,0.7368125608395902,-0.15105004239210282
13829,-0.05440516313789814,-0.2181346744356457
13830,-0.2618275360814703,-0.1715408485039391
13831,0.795913252474303,-0.08708390213746524
13832,-0.1494902137058576,-0.22930978265162494
13833,-0.5195259473090412,-0.32254392802544496
13834,-0.5142888404760404,-0.2590376566872303
13835,-0.5492166475440632,-0.33179544487435597
13836,-0.015614220152689514,-0.25097468492773806
13837,-0.30424012389231064,0.26038204019233807
13838,0.5025165862995805,-0.23103834956192126
13839,-1.1943900419882805,-0.2588069688505236
13840,-0.32836941544811316,-0.3325138941357077
13841,-0.6632750645122928,0.032802709709908534
13842,-0.16568695028759323,-0.2938385200220083
13843,-1.0864112381374258,0.6332599868250927
13844,-0.13781049077859917,0.05631585951899659
13845,0.022563180113034847,-0.14293657634134324
13846,-0.2053328516969723,-0.06605525933426741
13847,-1.3030778471623008,1.8432648130628064
13848,-0.22996459052904794,0.013276247770747516
13849,0.27135194345893937,2.7782840851176753
13850,0.29511290599340717,2.0030140270847863
13851,-0.11917588945560262,0.14333424826010152
13852,-0.15841420935154732,0.07100697676137943
13853,2.027036813416849,2.035348760848431
13854,-0.32186525937199745,1.664522968090495
13855,13.861523249907162,19.321688669308877
13856,-0.5690853355375203,15.392494440343464
13857,1.5507912392249688,7.466998908723719
13858,0.36944816165479566,5.6044447221424525
13859,2.076538958336666,4.804910285656078
13860,0.5541152591258061,2.870000533960954
13861,0.72805102323424,2.0850591382206716
13862,-2.2300196706774384,2.5324932679327508
13863,3.4300752395694065,5.748974055441995
13864,-0.7248654184197748,3.3785807450578984
13865,0.355705859185429,2.2033297794521634
13866,-1.1606798028294876,1.9055795656404746
13867,3.3350664414758837,1.927885981619385
13868,0.7196228128597665,3.176645232294508
13869,-0.8200427132605707,2.2927491162418527
13870,0.0021385028613189853,0.44592331859092715
13871,0.9891449089654363,0.5604930078405445
13872,-1.9739451870082645,1.7554762779535733
13873,1.0259115577748905,-0.1310703215645269
13874,-0.5329781354104114,-0.25593640827809777
13875,0.6215140276775387,-0.10171962404681571
13876,-0.023812412925911363,-0.16580021397420258
13877,0.18892907190990324,0.3805658791510143
13878,-0.2716188252819501,1.110535805867198
13879,0.7427825182758402,0.7942259279586834
13880,0.2781106658449849,-0.10958331482526554
13881,-0.04779167141650859,-0.2967229040972788
13882,0.3603532206415384,0.45642555365720106
13883,-0.07519358315345397,1.7808175950966532
13884,0.7150047359191233,-0.0517076034363193
13885,0.17482682421123297,0.26099732848493534
13886,-0.09762697717494744,-0.17650929676948074
13887,-0.9789055884429214,1.1605281406841867
13888,-0.36403624249806765,0.4478722472745712
13889,0.0038785390015608546,0.17330660804260836
13890,0.08847358478602764,-0.03981477944688605
13891,-0.24915042212499558,-0.16216112776897865
13892,0.6603370573800512,-0.30601074580144394
13893,0.4867750543137418,-0.0489260950164704
13894,0.05161199177137925,-0.2959418906983158
13895,-1.171524620790725,0.7815367583158813
13896,0.5113820240055673,-0.23951241449311078
13897,-0.8459891256222829,-0.05615087636378562
13898,-0.20677842267254065,-0.12570293055231505
13899,-0.2552160591402983,-0.061892912156408963
13900,-1.498413547212725,1.1841319869389486
13901,-1.0780269465730945,0.8419639552638213
13902,1.6406461277133275,0.01592685904729429
13903,-0.8837897909010388,0.2616966581937405
13904,-2.308149776587994,1.1551885079423962
13905,-0.18294677351244804,3.016633003969079
13906,0.6842778042700667,0.33704509592199317
13907,0.2853555305055889,0.22133891528997737
13908,-0.15987518742904863,0.3287426554522305
13909,-1.348748010030365,-0.20965477931404802
13910,0.5339095710246999,-0.3854632647574997
13911,1.1052047510334193,0.027696866046221527
13912,0.1561372042043706,0.4737159741778448
13913,1.3186509924763874,0.9362467486988183
13914,0.42220186826515826,0.4231492674943024
13915,-0.228865416603285,0.502071283467764
13916,0.643339006125215,0.10110570902907749
13917,0.5994789067732005,2.1158581544489246
13918,-0.329428647915022,0.5313022560636868
13919,-0.4625262573093281,0.0610489247579184
13920,-0.1633905479973975,0.23828094237701766
13921,0.09656640129743285,-0.1146695088724563
13922,0.3254911615551147,0.09501971379301173
13923,0.5866513342922528,-0.07461444307007223
13924,-0.9255351155117474,-0.20030123314567977
13925,0.38220741328018903,0.34788675100625965
13926,-0.5071715246462078,-0.10530647524128586
13927,0.07454847920326031,-0.06164883633056534
13928,-0.8923974196704322,0.5738005584482293
13929,0.7622597630141007,-0.15029426918735303
13930,-0.10395129546740912,-0.20777449495120018
13931,-0.4726719172532792,-0.20465010002113956
13932,-0.20970684581463203,-0.287540899197364
13933,0.8705434341380837,-0.0901139742181134
13934,0.008067241330988465,-0.380746982586299
13935,-0.8714964877484084,0.1455503327982401
13936,-0.18526460557748667,-0.018261602520882665
13937,-0.43197228328507636,-0.22170072352566797
13938,-0.1695366619131493,-0.3586876963711311
13939,0.7213030824555267,-0.37199968013309503
13940,-0.3685897149448801,-0.4740692319853757
13941,0.055187334067675425,-0.2784243463481745
13942,-0.4709013252491647,-0.3440692998669563
13943,0.551759991051167,0.3870241297701558
13944,-0.006501706779331462,0.14851671561055363
13945,0.22797645113467035,-0.40439892952947354
13946,-0.6463289037523131,-0.33302401959584543
13947,-0.035401034589915274,-0.23640967540031668
13948,-0.6666474219186794,0.007117383263018571
13949,-0.5108893093257731,1.0088996870298137
13950,0.12039736609483244,0.322066912652659
13951,0.14486428109015054,-0.028386560513218882
13952,0.8819043161909594,0.48247668380559516
13953,-1.112940850793359,-0.11401606924888993
13954,-0.23851024927749898,-0.3814727994519504
13955,0.3437213898229981,-0.04030568662668295
13956,0.5624000424229174,-0.15116448619295192
13957,-0.2585052014556435,-0.6193976832983492
13958,-0.09187175576200277,-0.4747184840312172
13959,-0.4473994334542592,-0.2741450172158573
13960,0.33833599805769876,-0.394248643673862
13961,-0.3883475477440667,-0.27640006217152474
13962,1.0534832399867111,-0.3791409021244836
13963,0.24141584646057332,-0.4278580953272621
13964,-0.6446307327997709,-0.0927721763077815
13965,0.30254457893720393,-0.16858241640474644
13966,-0.10563223117024284,-0.5017250905703674
13967,0.36642151562286207,-0.4526958190876298
13968,-0.21235258535018717,-0.5685826210818352
13969,0.31048037400503986,-0.6268131159176847
13970,-0.07811327106452134,-0.591925191792861
13971,-0.08196721415940168,-0.4827088312975357
13972,0.023800108012392872,-0.5464512976777886
13973,0.05063625853824948,-0.5142556141637421
13974,0.29491606711414076,-0.5457194694075234
13975,-0.3868325870013287,-0.3789634521887858
13976,0.26141721368278714,-0.563444007378514
13977,-0.5285821157881401,-0.2689785827972872
13978,0.5412820583732061,-0.4516385977274232
13979,-0.8376790506343483,-0.07663142959701143
13980,-0.35281870177147007,-0.20603770659743034
13981,0.06640808046328246,-0.39124193117390527
13982,-0.024786448832218352,-0.3946656838914415
13983,0.5842629125591304,-0.4645156236761621
13984,-0.038852340983542004,-0.5774002289380252
13985,0.20844187883884335,-0.534306833528655
13986,0.6599918149302866,-0.457493487958452
13987,-0.10595055250556719,-0.29364601794750184
13988,0.21987601430840328,-0.45953705494790975
13989,-0.12161359668365775,-0.5484507141922808
13990,0.2502280206735128,-0.3617636471403652
13991,0.21155889481619194,-0.390914772335363
13992,0.2385937368086247,-0.12367827134157221
13993,0.7910253112199443,-0.4372238468220236
13994,-0.3390141989378456,-0.23677436744775554
13995,-0.3365864530974211,-0.3599830868748509
13996,-0.5179940991708282,-0.3696718572765269
13997,1.1561779483866874,-0.34166648928701676
13998,-0.2579437515097629,-0.14001329984177682
13999,0.07200446259222634,-0.337495832718991
14000,0.4583778973991394,-0.47868916195346445
14001,-1.1752335897942066,-0.14396108266530472
14002,-0.9395908069193901,-0.04674127513982258
14003,-0.2679692628468238,-0.1597785766479105
14004,-0.34653327551137286,-0.3734445410138423
14005,0.16960349211754458,-0.30625407693651846
14006,0.6030663819544058,-0.37341704349151006
14007,0.3946379711753304,-0.2088158678878018
14008,0.048681501675105175,-0.34298177671331037
14009,-0.5844172943047967,-0.3918466801361397
14010,0.3978319255429379,-0.30449507053234665
14011,-0.29094384812439145,-0.35355686853822377
14012,-0.20738104879453906,-0.3844842742834696
14013,-0.17901527634710873,-0.2918994404584056
14014,-0.25307461230808503,-0.1346532489765654
14015,-0.4910869836141728,-0.38229272087923927
14016,-0.32332026017195686,0.2871896959486076
14017,-0.2719834971716928,0.3383487864268866
14018,-0.9952854665757523,-0.01588111937710942
14019,0.773508744737748,-0.169209767617846
14020,0.19008252404604772,-0.2929703193478974
14021,-0.4398767921038852,-0.11976213616536496
14022,-0.661541888631472,-0.4319997985797477
14023,0.46647548260863836,0.3459682066189878
14024,-0.22770791975661075,-0.4110715116553118
14025,-0.09045566276517363,-0.2766029643477057
14026,0.25171908505990453,-0.34835508088845407
14027,-0.6727302563154897,-0.27070080594310925
14028,0.40675470328996993,-0.5189467128319212
14029,0.6378040858590572,-0.3678004994589377
14030,-0.702684404223068,0.035040589432107694
14031,-0.7136027017079088,0.30464063054970103
14032,-0.44402521619663365,0.3294327259073098
14033,-0.22322963585633612,0.6045015533249667
14034,-0.2881140781335813,-0.17251774571869866
14035,-0.25063694715691853,0.2206946230257782
14036,0.07000746320149537,-0.22998414254527283
14037,-0.2265409239515111,-0.06019797450014577
14038,0.5573287932897729,-0.424912556760336
14039,0.3311456543256728,-0.2566174221046617
14040,-0.21372157971307026,-0.48658233749128593
14041,-0.07098367444915603,-0.45522384178055786
14042,0.26935894037323144,-0.5629530100080569
14043,0.16055946409111604,-0.36633531665845376
14044,0.22315026842777186,-0.07295368212627457
14045,-0.27826479915615027,0.2755452436023728
14046,-0.3566847909249007,-0.3741283881508019
14047,-0.4302355318356402,0.3920945946560021
14048,0.6551580065918998,0.2178493351770492
14049,-0.03905491046065597,-0.2318926129985993
14050,1.0231740444683934,0.4884032783449974
14051,1.103122612667011,0.17255609152814547
14052,-0.2082062052131786,1.2872757622359172
14053,-0.31206518398577016,0.8093695593945867
14054,-1.024022734392353,0.20043151189668262
14055,0.5686595909563829,0.6046000952838257
14056,-0.7614401676108352,-0.009552709757560214
14057,0.6546941112802526,-0.34533067118363775
14058,0.02091353337122548,-0.21414748042114673
14059,1.8238165051210062,0.7078414343801173
14060,-0.6375032447552628,-0.26293259840240607
14061,2.0989187161671548,1.1196938507446397
14062,-0.43151648919066504,1.6988524213475147
14063,1.2929363199038804,0.6802065643071394
14064,1.3447563206655646,1.7600067658605274
14065,1.0733957135296115,4.157035861446444
14066,-0.3368115091273956,1.422752857406348
14067,0.11313676280486339,1.1775025719316679
14068,0.33979749126732656,0.5818400756056112
14069,-7.049053778208942,15.681486887316078
14070,-2.507532954823175,7.418638273187481
14071,-3.0971745100311194,7.323703567812488
14072,2.409527100466426,3.8959861894240744
14073,0.8420467065064493,1.583866615298755
14074,-1.3240627791533803,0.6846703527188138
14075,-0.205918581417167,1.906218311855051
14076,0.3430079046808974,0.12123223533835707
14077,1.0758856861271746,0.6074793390394658
14078,-0.006951158755811644,-0.38106599106464856
14079,-0.4603769308881796,1.07140586334469
14080,-1.6942639777079977,0.677377596607714
14081,2.6351451366492413,0.2920487635324626
14082,0.7775414267956982,-0.22121414253464203
14083,0.3635857176266152,0.30367398301890147
14084,0.2972037489146981,-0.42440973261426995
14085,-0.001502463782244002,-0.5770962656300227
14086,-0.6687575971751869,0.16091544219973378
14087,0.5877897069776072,-0.1531056489117339
14088,-1.3363790705678718,-0.282874172597514
14089,-3.8537361499116196,3.127236475710159
14090,1.3311803069788697,0.8957573056682064
14091,0.9328099685569291,-0.3027306208921763
14092,1.3298147938758316,1.3181878949907022
14093,-1.4058598736032248,-0.1666143983131467
14094,1.4217137425086965,-0.201565704684363
14095,1.5852109779017827,-0.037193760600691496
14096,0.49591516889071047,1.1404164749309402
14097,-0.24761666496662027,0.0827022092885375
14098,0.5010332186080882,-0.2654992474561222
14099,-0.27152243395728376,-0.1591299872389996
14100,-0.5742025656123403,0.1467372340100585
14101,0.2658389613586074,-0.29507383927095027
14102,-1.5226668422285283,0.08064675434342
14103,-0.6460787753377812,0.744954648015158
14104,-0.21296481754838095,0.7468101555392416
14105,-0.14523024136696583,-0.25164414289808285
14106,-0.0464681262003259,-0.13280780381890642
14107,-1.068242145640467,-0.1155149277465271
14108,0.42542643417889425,0.6256812456226312
14109,-0.3441261151071393,0.25209377488359946
14110,-1.3009934298139825,1.8254625547842682
14111,-0.34001964014271807,0.01026354646599731
14112,-0.1305782480337123,1.8742076232313594
14113,-1.1743171909687569,1.347881422053846
14114,-0.9511397419527526,1.9300107748538533
14115,0.724984996217536,1.6465994762303922
14116,-1.308729049569588,0.550120465069393
14117,-0.45497793418693094,3.2807230878084925
14118,-1.5703480289827783,2.754895568051168
14119,0.00753890821145204,3.5036606000089723
14120,0.3585774721159616,1.4381204985058877
14121,-0.27468653970666657,1.5679162227899333
14122,0.011977145675350832,-0.15689862910927713
14123,-0.6562879601506735,0.05689484472863552
14124,-0.13895519175545787,0.08654800311486822
14125,0.7052114645589853,0.06876690933023748
14126,0.4903464640916722,-0.12007267538292252
14127,-0.7955112785199435,0.9190172663309759
14128,-2.4753803903817992,3.7818961785461345
14129,-0.21533383209888338,1.2974307408606771
14130,-0.0768455199363394,1.145651509768143
14131,0.503028458202515,-0.17621203097291235
14132,-0.1100158596976602,0.27148038299229504
14133,0.40010357268798463,0.5546238320934476
14134,0.7491258584417527,0.08663670621283286
14135,0.14589471722630187,0.0951682304847116
14136,1.4481831551664568,0.07952520992575227
14137,-0.10787406541802483,0.3031602528482167
14138,0.4168496324171689,0.41110570369344146
14139,-0.7220453516613026,0.42560427447306215
14140,0.615444221706617,0.4520317580372077
14141,-2.397542640114477,1.9920854514322317
14142,1.733177097125127,1.3758160167569826
14143,1.5759103141682527,1.7215285631853579
14144,-0.029519200306990036,1.0931868107888267
14145,0.05751033327185315,1.0714830806967959
14146,1.2913901123056075,0.18525018330092982
14147,-1.3777148358157887,0.9766995016099616
14148,0.8685990284576742,0.31066959817171275
14149,-0.4891789521888095,0.20611883799933367
14150,-0.7695249632696917,-0.3158453166042394
14151,1.4354944380338497,0.9897991744650227
14152,0.15423258176465557,0.37180419588023594
14153,0.35946121790646723,-0.30280931503974323
14154,-1.1064612942796133,-0.24371622923561184
14155,-0.5631675033935908,0.6775342260651566
14156,0.9561354446564421,0.05905014177201202
14157,-0.883040163152758,-0.44722189267985796
14158,0.24973864740514323,-0.40402466161602435
14159,0.2163473635390673,-0.2061001023022486
14160,-0.02670163020691588,-0.3514741765731699
14161,-0.9918871653406706,0.25198414936559455
14162,0.3345558307868442,-0.6394318340350226
14163,-0.8717146167800255,0.13200470608049067
14164,-0.7267150651813635,2.1692400864762114
14165,-2.5509004607159143,2.2103440659433264
14166,-2.036350861973493,3.6407270623297934
14167,-2.2098596410362252,6.834556385711318
14168,0.8511380594982184,1.6844584620290808
14169,-2.5370430212722197,7.806423101820551
14170,-2.277053910142244,2.8258029420505877
14171,-0.11678845985008614,5.138616397452283
14172,0.13673046242456785,0.6774766444942928
14173,1.4765989253328005,1.6021558778352158
14174,-0.5384214361510459,0.66670531091473
14175,0.5649877701350402,0.6527704988459186
14176,1.4405002049108526,-0.148067655217656
14177,1.1868980158936469,1.3109756875654768
14178,-1.453972942505864,0.10469807655456463
14179,-0.4639023388048185,0.67731468676061
14180,-0.5895215727773531,0.25051955654753044
14181,0.9672844697086294,-0.3706143025878605
14182,-0.24813505599021032,-0.36150357344887063
14183,-0.23288113532900415,1.1279309350585571
14184,0.043759717464294114,0.6200907991792886
14185,-1.9493774439135907,1.3959685176843348
14186,-0.1410005955294692,2.696966568462355
14187,1.0976000927278802,0.5588972388197155
14188,1.6575169702818155,0.1499933750927277
14189,-0.1548613353449139,-0.2792499948564268
14190,1.046338207398342,0.36395716854979093
14191,0.9880483637082805,-0.05738681685196563
14192,-0.7283495548061418,-0.2604966635317299
14193,-0.9564281790860651,-0.18600474767383035
14194,-0.06671966559125281,0.4119420555920606
14195,-0.7702668223858657,-0.4093919192318874
14196,0.6054597915034501,0.11461473386946527
14197,0.464388935008473,-0.37626642294037504
14198,-0.2536362280857671,-0.5068378798863257
14199,1.3297325064989536,-0.21339051212282795
14200,-0.11519104170887877,0.012128959305237878
14201,0.21398295178139828,-0.39452157048121295
14202,0.22329444348305852,-0.4277564140790939
14203,0.45177453340025936,-0.3071050702358981
14204,-0.3386737427750791,-0.36308120044392816
14205,0.7928664630956221,-0.355634678159427
14206,-0.9228783238265237,-0.03486571819408648
14207,0.3371612591258183,-0.12730543693668406
14208,-1.382932225275793,0.8278661774387598
14209,0.15523148905978867,-0.05835493047023021
14210,-0.16308729561588042,-0.4509991527149682
14211,-0.44401311849120545,0.28109504289889403
14212,0.3250335710031381,-0.44403249268399386
14213,1.6352489260106966,0.7020773600139689
14214,-0.19347533301957295,-0.006992559933561801
14215,0.10425611643998334,-0.23817014343609397
14216,-0.9546485605498115,-0.2991239225573987
14217,0.2165587752548314,-0.3268091308280228
14218,-0.10375185596111289,-0.29946143561542216
14219,0.715482023741279,-0.4659545587801743
14220,0.2433859940344279,-0.4558930364900112
14221,-1.1379340100007642,-0.13316756290283635
14222,0.49571902552004493,-0.17094298435215993
14223,0.5986665304583837,-0.0857153870262169
14224,-0.3358557113050346,-0.3714613986823002
14225,0.403008168109892,-0.33490718253746715
14226,-0.5677952474571272,-0.42389352328863483
14227,-0.45141226128954837,-0.08960486876776332
14228,-1.0570583699428153,-0.22558488268734092
14229,-0.40262587739928557,0.05155251940999567
14230,0.6692345907626691,-0.1852077022259999
14231,-1.3339073741843155,0.10775870213027362
14232,0.748118993097455,-0.5497590784940672
14233,3.8717628125450045,2.889595448791904
14234,-0.9479661850751985,2.7252430114674397
14235,-0.9865216831599717,1.027870787120358
14236,-0.36892357092226086,0.15205465672210866
14237,0.3685388177663039,2.6855661051025264
14238,0.4160949486894544,2.922079953876624
14239,-0.8432624343018879,0.7946593733183446
14240,1.6893508579493894,1.0073638931003592
14241,0.6226115703485048,0.6621692268713821
14242,0.43127428736876106,1.5892161113146048
14243,-0.5592364741361566,0.3007407449190996
14244,-0.10736331429189166,0.5518512369674131
14245,-1.91036399783072,0.9476735252113875
14246,0.3944939472501495,-0.31715286844456636
14247,-0.33752150910316475,0.050374961077688594
14248,1.2436544410352655,-0.12644633987778017
14249,0.518257720118536,0.15204419931527094
14250,1.3293577840504216,0.27474120790882073
14251,-0.8082859599738691,-0.03193945977179327
14252,-0.10498660454851412,-0.42116843099370116
14253,-1.0079874899236174,-0.21634405165245657
14254,1.246617708133111,-0.09370225883836605
14255,0.42122849924716976,-0.3748866886016078
14256,1.1697698196410724,-0.16334389976740804
14257,1.1572747992063885,0.23201077382014165
14258,-0.5320857123580545,-0.2071145716054976
14259,-0.03278744804775403,-0.30486204584880533
14260,1.7970361343610028,-0.179603339929678
14261,-0.5289205088606088,0.5322878213695534
14262,1.4597754261107467,0.8456649597264421
14263,0.14171034575972605,0.449441988780784
14264,-0.24602483737665376,0.12654299847579914
14265,-0.771900503644088,-0.3107617244405992
14266,0.3147443216840529,0.2426147664858197
14267,-0.8964722593340185,-0.2774783452183403
14268,0.22529629365725673,-0.40246786011540514
14269,0.10777993245406454,-0.48852390190158496
14270,1.1972670511368273,-0.27110161020921464
14271,0.3293028416320953,0.012882922510855542
14272,-0.862827263254365,-0.49262281087465953
14273,-0.2152001999675665,-0.1662729073781531
14274,0.8410950040472536,-0.44234726876004204
14275,1.3740502082274428,0.23205908593441704
14276,-1.2976788097733267,-0.4322884609607101
14277,-0.24813064758647724,-0.3536513789324076
14278,-0.5122081101893262,-0.5782918390976728
14279,-0.38382512732801055,-0.4140544199530627
14280,-0.1735358528136245,-0.42634309237624196
14281,-0.19426066285093355,-0.43352345619225363
14282,-0.8767725587583344,-0.12288894014216895
14283,0.11488062783815088,-0.11468712926346317
14284,-0.36126069133242694,-0.5428536946844514
14285,-0.27105631922646034,-0.5698039339316966
14286,0.991840185731362,-0.16273764092527557
14287,-0.8676921162472151,-0.5120125266968965
14288,0.7333047173877374,0.13375734559128005
14289,0.5406890087239371,-0.10440689776687817
14290,-0.7387847254389753,-0.5067767557312
14291,-0.4743149834995114,-0.5539412970667013
14292,-0.5112817882149288,-0.09221271707717998
14293,0.8878941023099033,-0.2775847989017621
14294,1.4397355269839047,0.914579551792268
14295,0.9045710758251114,1.1403352820079933
14296,-0.5497120704255605,0.2905447788531435
14297,0.7708551616501412,-0.37454142668454365
14298,0.08628400379683608,-0.30328533906433247
14299,-0.11816959691081676,-0.27881253525075633
14300,-0.8767743323331786,-0.5355515330885678
14301,-0.07129433996572855,-0.20494570818368302
14302,-0.31618754981017594,-0.562588621208294
14303,-0.46622959696674526,-0.3734852022446096
14304,0.16819163492421715,-0.4232396192327181
14305,-0.34005384171418684,-0.5301808548372906
14306,-0.6022742202871669,-0.5164220316090801
14307,-0.14300371240877288,-0.029815841399530595
14308,-0.9634558645695525,-0.04903771652115356
14309,-0.25326691428250514,-0.15130677090800293
14310,0.03156665950934015,-0.15989382137758476
14311,-0.04958976583420061,-0.4621864661566946
14312,-0.4570821363366526,-0.08885964359150655
14313,-0.25129477769888336,-0.32651248667421334
14314,1.1852481558099976,0.17083387717917506
14315,0.4165701453494255,0.323085250294918
14316,0.6198469232805249,-0.0976162444471647
14317,-0.3731217398719999,-0.17825472568617529
14318,-0.21286826358802202,-0.5334404817559142
14319,0.6458207426171101,-0.4301746704627537
14320,-0.2480338238824046,0.13140061215947635
14321,-0.5364982866392035,-0.44469493984535063
14322,-0.24063350375228595,-0.5397636047033706
14323,0.7856942521340194,-0.18832869749236814
14324,-0.396743349881236,-0.480987282050751
14325,0.19813586890381082,-0.402301575140973
14326,0.37807195336533483,-0.5657320556262915
14327,-0.15823448608929108,0.08841576613730835
14328,-0.8174518554532514,-0.5202388067905056
14329,-0.4035743346744761,-0.4764237276410086
14330,1.2545303820109437,-0.3389795777936316
14331,-0.8464792645724079,0.029841408064068077
14332,0.633780811684177,-0.5546421631043813
14333,0.9717730603111349,2.0009815953135295
14334,-0.5601061572033234,0.7839295835826394
14335,0.6252161926891087,0.2883819357509424
14336,1.591709252240016,0.4423851075972079
14337,-0.21351445858714727,2.326175557550751
14338,-0.5522824603607934,0.6418671583044819
14339,1.225386542766891,0.015339058547869676
14340,-1.081132657475412,0.9546972519991439
14341,-0.023842927558955566,0.44833500312669394
14342,0.6712366805426427,0.10509760681822451
14343,-0.5714915602540923,-0.1981097184761033
14344,-0.3804362158492608,0.43725338097651034
14345,0.04408463547745121,-0.0701423463667596
14346,1.076379427350156,-0.229070004305785
14347,-0.5069507125142924,-0.4723067968914893
14348,1.0830957239150165,-0.09718114601920892
14349,0.3492751406661491,-0.124746488938214
14350,0.11015319528525841,-0.179419619649715
14351,0.5664907856515244,-0.40962167677760597
14352,-0.1314064360046191,0.11044878225319571
14353,-0.6993749382404097,-0.2654282687781455
14354,-1.3675638994761856,-0.2621982577498833
14355,-1.4922425751349528,0.7926468048827112
14356,1.0864320444522637,0.1121235133997941
14357,0.27596015602132395,-0.2914580880054031
14358,-0.3539236280281768,-0.28545050201862743
14359,-0.6398823193974235,0.7637928378426315
14360,1.2844809541368845,8.874522188621356
14361,0.940343828384623,1.563267959149144
14362,0.1337468520195019,0.16584018433328854
14363,-0.8357395208408248,-0.09388528121408882
14364,-0.9465186337864482,-0.18271706819036598
14365,-0.5302883985518089,0.0013377859246458618
14366,-0.8990293513020096,0.38643615227400213
14367,-1.993187014944082,0.2594220994083588
14368,0.4471483930373536,-0.25740416710715786
14369,1.6196696324220852,-0.07213355144817299
14370,-0.9426102857792725,-0.1738761409566045
14371,-0.05687162397604794,-0.48611360851140567
14372,-0.03535280043270293,-0.46899679489742285
14373,-1.1813550782961761,-0.23166518118609727
14374,0.35705234992737983,-0.2507386576378015
14375,1.2314429870918369,-0.19944727918174043
14376,-1.4723554128888146,-0.16446065619412756
14377,0.32862126262139085,-0.29584549579361796
14378,0.31608543853624044,-0.2566641988951439
14379,0.7480662073665527,-0.32744234174543785
14380,-0.1193819282843983,-0.4549438919117275
14381,0.6570804216842434,-0.34668564629552256
14382,0.2541916302458329,-0.432594207311586
14383,-0.47225288925205694,-0.39523225913240445
14384,0.6678120879464674,-0.37337950488822763
14385,-0.6446348759869015,-0.5392049343213614
14386,-0.214195238479442,-0.3866393462657913
14387,1.3437053368701215,-0.24200235719588367
14388,0.14381377507242366,-0.31094578814072543
14389,0.16863961725669097,-0.35766504695529994
14390,0.36075379768721205,-0.5201280974938886
14391,0.8533572407138459,-0.14314815342444173
14392,0.33288757780349665,-0.32616982201300765
14393,1.2486519606040887,0.5822000628340518
14394,1.1898516542359086,2.3866545788607216
14395,0.030408134388063415,1.293166406133824
14396,-0.36763403187066324,0.9502086024968456
14397,-0.2496047297263874,-0.25074833937778396
14398,0.11834599072628597,-0.12057134071117737
14399,-0.09770641494729258,-0.4045660333402676
14400,0.8690725600789222,-0.4827440002881063
14401,0.1436166637853416,-0.3972474957025517
14402,0.36693914662727556,-0.03772444838667865
14403,0.2705906061573782,-0.20220192400086826
14404,-0.6815334456408263,0.6997150144210204
14405,-0.26386849122866995,-0.08657686249600421
14406,0.4807660189127915,0.013224723780776932
14407,0.8253442188872042,2.3757586483471576
14408,-0.742476538687972,0.20326777206979926
14409,-0.061568897101991905,-0.21684447732724138
14410,-0.24561578392743447,-0.20411252730344798
14411,-0.8580237892115402,-0.12147867402172734
14412,0.10106061535746207,-0.40523014262412116
14413,-0.5252145828148663,-0.39737364520447926
14414,-0.22599358026872113,-0.41119984671799414
14415,0.6561447826278263,-0.08757656691912005
14416,-0.004405193201652421,-0.471614378741274
14417,0.524706103315136,-0.24262690851721064
14418,0.38687396327632273,-0.5342338759014869
14419,-0.7038772337945265,-0.27164507030773266
14420,0.14917773130471287,-0.5172701561264874
14421,-0.22386341452853714,-0.4570670671068024
14422,0.5710549887825213,-0.4217205289219846
14423,-0.15776498891552737,-0.5138907488616627
14424,-0.20141448886035146,-0.4805401126339668
14425,1.1819954740478555,0.13600759897413348
14426,0.028359525316733202,0.2331818617774278
14427,-0.2201314400426984,-0.3927244481342006
14428,-0.09027678006850953,0.33331368352225177
14429,-0.05082205914134084,1.4702117698408836
14430,-0.4213605660545329,1.857637367780175
14431,0.5924845781495813,1.0753202080600477
14432,-1.4532878351598182,0.7443283502392793
14433,1.506993893815302,0.42273466856862923
14434,0.6295062454797139,-0.14058200649527033
14435,-0.57776095646138,-0.27002517577158464
14436,-2.030423573902772,1.5194512918384668
14437,-0.36399576383673105,0.021171040060965388
14438,0.14104202581421782,0.21385606497512563
14439,1.1902318788511699,-0.3544398652025076
14440,0.10565675895537391,0.38259898839885875
14441,-0.6337498722833166,-0.28909334464204645
14442,-2.807300766223538,0.7398820661222448
14443,2.136948787394878,1.7795607393200499
14444,0.9517507788066455,-0.35321165279222266
14445,0.1402991520691286,-0.310750890378388
14446,-0.2780241154690011,-0.03725872798034732
14447,-0.5327540650064545,-0.42998378150019306
14448,1.4197049275823497,-0.19766506091055253
14449,-0.1884758312442475,-0.35678681819660424
14450,-0.42991839820480016,-0.27400736478614013
14451,0.1227786297231094,-0.4541250935830795
14452,-0.19455321469758485,-0.39097833509621116
14453,-1.4349599063225753,0.19700710637175547
14454,-0.720450886728441,0.22070530844278882
14455,0.740925949570502,-0.12077257089486185
14456,0.16420268814969305,-0.4724581327867049
14457,0.15402898128589346,-0.4625467624816128
14458,-0.15991584602681522,-0.5254381288989224
14459,0.8968050916851257,-0.30049413486453674
14460,-0.04142182924812788,-0.3519206356068419
14461,0.0960049152312735,-0.325963656833748
14462,0.4811831919240781,-0.479648688805331
14463,1.0349556771032844,-0.14759071025001685
14464,0.8474381222941274,-0.3664457050851702
14465,0.13246744554154552,-0.11584016334785381
14466,0.20180005005544913,-0.026272255285271506
14467,-0.1615398018649363,-0.037917311571601345
14468,0.07857997103766047,-0.4783555500820579
14469,0.09469607458238016,-0.42767290219252674
14470,-0.028090722581340224,-0.4160351799757694
14471,-0.16299494036913414,-0.11101338424369393
14472,1.2861453368197973,0.023903375867696183
14473,-1.6489881687965329,0.44744219693432763
14474,-0.1466554971777761,-0.4251525375547874
14475,-1.3945332315804484,0.24655896631572663
14476,-1.2770796228529695,0.9060100319989529
14477,0.8083785421840777,-0.08067225526910324
14478,-0.8273507334508703,-0.42005863720277276
14479,1.0833472709887688,0.15723114858044412
14480,0.06714170521498251,0.3351137599274269
14481,-0.5397276186817973,0.22668400810770412
14482,-0.17236172302607355,-0.5380667866948832
14483,-0.3600961254638109,0.04585963301751476
14484,0.5988076149636149,-0.42657466501876434
14485,0.3397064510993942,-0.021504011797761846
14486,-0.14050623178683544,-0.476266525317354
14487,-0.3872757117117301,-0.4658824841231119
14488,0.315609325568492,-0.3638781839817352
14489,-0.2416850609753096,-0.4656518482018128
14490,-0.8893789557402727,-0.2797456118985932
14491,-0.3229710122719018,-0.4101392772564197
14492,-0.6078254745114481,-0.081330289265038
14493,0.2113322766702902,-0.08864434750791027
14494,0.2837745520754988,-0.4148811016902682
14495,-0.8912577541251134,-0.18182740483859164
14496,-0.7016216360169159,0.5589960513330416
14497,0.6181220962526784,5.146554211356017
14498,-0.6215057223227732,5.290147120735172
14499,-3.488449131840692,3.3564770865930798
14500,-0.9516270301485622,2.414220353938504
14501,-0.2906391215784897,1.1261823951570107
14502,-0.2909652945199892,1.208142096905938
14503,-0.34814627048998115,1.3188292605865453
14504,-0.11300789348760266,1.5304209809302405
14505,-0.36442508215172986,0.9646014056918268
14506,-1.5919871303638227,1.5687521279112369
14507,-0.25989531179710734,1.6451717326006658
14508,1.1544636083884348,0.4085309481537313
14509,-0.30281118338646545,-0.04537193175383698
14510,0.7784496769023198,0.1790906060739564
14511,0.49176337162982003,-0.11087373933869225
14512,0.3635907653063311,-0.26801649625670604
14513,-0.3741921040100065,-0.35773324152387764
14514,-0.05526487535645476,-0.3984398951425168
14515,0.7469880938963527,-0.1065385065841981
14516,-0.4921098905736036,-0.46637194163112317
14517,-0.5494012063331357,-0.03852080393572504
14518,0.6128995527371038,-0.49923386232875044
14519,0.9970360232205416,-0.30034022249630765
14520,0.3126311786754379,-0.28352081963299436
14521,1.3145818649268302,7.838144446622921
14522,1.1126987033771594,0.33251112225310064
14523,-0.3698051843696177,-0.13720999369499956
14524,-0.5567870073498882,-0.157574673889968
14525,-2.2744304892000446,2.4725375175846036
14526,-1.5495635721287053,3.104876969714661
14527,-0.91113612560839,5.677809213831889
14528,0.3687132538963885,2.5543044022980026
14529,-0.13248589067112315,1.183033426565932
14530,-1.4214799918829681,0.42346221934498535
14531,0.709338927983007,0.3935351795681982
14532,0.3540934398772532,0.5727882499684059
14533,0.21940627912131055,-0.19966830865933677
14534,-0.9270080680331106,0.8512801918565087
14535,0.3302466033887776,2.7519677495898254
14536,-0.4668894333343197,-0.13177704828120437
14537,0.46696137204167804,0.08179136235366032
14538,-0.20638815502004387,-0.037481570041629705
14539,-2.450592066649209,0.563955260126951
14540,0.3847590871764389,0.08394204110622976
14541,0.39482392916649417,-0.3949460215938757
14542,-0.3180489491522817,-0.14647362568715494
14543,-0.28409080475803156,-0.23903286914591193
14544,-1.0001127077439798,0.34017008937033955
14545,0.04356051121200598,-0.27437588524771683
14546,0.04376528484725289,-0.44819531629318843
14547,1.1149905606745056,-0.1835886780838233
14548,1.390423085832026,-0.015719125676518807
14549,-0.21901700303953445,-0.315661373163209
14550,-1.0173953120973722,-0.22535884957865268
14551,-1.1889030199034951,-0.0022387195802331013
14552,0.5677872158404373,-0.1837203208396383
14553,-1.2324774437103683,1.1302631589873235
14554,-0.3236038155829723,0.3490011302968747
14555,0.5243995729698758,0.7722006230506672
14556,0.40836648659997477,-0.4134838060072775
14557,1.969266032765064,0.09496470717908939
14558,-0.0686382743846658,-0.5022880383888828
14559,-1.07169627435813,-0.3108150521156404
14560,0.5209611970470701,-0.5418331658375779
14561,-0.31912107983843396,-0.43169626145691964
14562,0.43167941754308586,-0.6320193755741945
14563,0.28137186219081617,-0.380643918403193
14564,0.29247662119870904,-0.4681013876354143
14565,0.726338041098679,-0.39808247148037623
14566,-0.5844930127103245,-0.2692554051917844
14567,-0.4102053726428467,-0.2585939045094127
14568,0.10584280229405381,-0.3077133301290717
14569,-0.6931577455376121,-0.1264142067253569
14570,0.7679133729251724,-0.25866577816279496
14571,0.33021472871026375,-0.5808058677513691
14572,-1.1238884349934137,-0.5088475467591616
14573,-0.1674076877552465,-0.5402006722083891
14574,-2.738184374353251,1.4627549772842474
14575,2.0403572691764067,0.8917585157044156
14576,0.23237875812929734,-0.21925180429868543
14577,0.6327590558671027,-0.12406670055879264
14578,-0.3773867089512889,-0.17913496586299155
14579,1.382305856413344,0.036787986145034306
14580,1.355812275733483,0.8794042468214844
14581,0.05360231943740614,0.5984748265604779
14582,0.2937219954783104,0.4248614140822655
14583,0.16504725407112775,-0.40820189681220254
14584,0.5535280838340458,-0.24565985629685216
14585,-0.8659908688660372,0.25202265504800164
14586,-0.2431791611445662,-0.23691062990902967
14587,-0.11670686906112654,-0.4991702364255717
14588,0.08955240299774678,-0.5887336452767454
14589,0.8083146370296339,-0.18492267388195013
14590,-0.46567209383527663,-0.33243613032900654
14591,-0.1705983709183495,-0.49969701769193436
14592,-0.05721518590155998,-0.4866669325561095
14593,0.4368587780949438,-0.46419125914479614
14594,-0.46296388136283867,-0.5065290500243449
14595,0.01186666060812343,-0.25318682337799514
14596,-0.24720558183556668,-0.5143596145979821
14597,0.7562530581460765,-0.40787273768579946
14598,0.13267752013545608,-0.3772575013525423
14599,0.08323877341255831,-0.45438162189709574
14600,-0.020366283756143196,-0.5797827149346798
14601,-0.39305703552558646,-0.537723395768501
14602,-0.337908743347781,-0.5392804661175825
14603,-0.44645035607836986,-0.565576098581388
14604,0.16259010751029834,-0.4612751571641742
14605,-0.4309548539386547,-0.294343003779521
14606,0.2726480079066474,-0.4458994156324219
14607,0.29990771249803067,-0.3894664244443331
14608,0.25051488756135465,-0.3239055379572466
14609,-0.8485004515458878,-0.3658071077401868
14610,0.07651147073765197,-0.5492771087248431
14611,0.22574842460790695,-0.4098396290608309
14612,-0.20330068616884805,-0.5743457086876699
14613,-0.05300270651283853,-0.5208843571383491
14614,0.548022821561502,-0.425417743205685
14615,-0.5555257922515373,-0.44075797279330914
14616,-0.6689308953920423,-0.4860733567507994
14617,-1.0495510863112876,-0.0014439317677156958
14618,0.7608710644580318,-0.35069639399227237
14619,-1.8084504388982978,0.9137406406637418
14620,0.7446308669733885,-0.007704115243258053
14621,-0.11307628495824819,-0.360811777729184
14622,0.6969782256455095,-0.3315442463968767
14623,-0.6123027418173558,-0.4952543977921028
14624,0.33557637933127227,-0.45259283426391894
14625,0.3381141377565185,-0.3836822523008096
14626,0.41253798869473074,-0.3647073348167384
14627,-0.1538549750404717,-0.37996983743473206
14628,0.7240778723717457,-0.2367396750499909
14629,0.5567002873541006,-0.4010689269183546
14630,-0.284165120506577,-0.3927514002108392
14631,-0.9194007832510169,-0.46891438702999744
14632,0.24073023602007276,-0.5595996441638331
14633,0.344448325870326,-0.5288131059144966
14634,-0.1991853902177458,-0.2727932468342208
14635,0.6382393458550272,-0.5619001849019499
14636,-0.37118576383774154,-0.45721509230529006
14637,-0.6008342838698626,-0.4012090738893705
14638,0.30726501659100003,-0.6460630842469606
14639,-0.09678192037714392,-0.4640834101609992
14640,-0.24025197459155032,-0.45432654132982775
14641,-0.03138921517541618,-0.5936407915745343
14642,0.14306149651970437,-0.5791648704251464
14643,-0.023218563732725274,-0.6345120307590948
14644,0.3801998645367419,-0.5108148988403873
14645,0.29150442467743687,-0.5929929826429259
14646,-0.0862605608860167,-0.5268369811502225
14647,-0.5988631539834064,-0.5941164508118526
14648,0.2593826002520105,-0.5525572631892861
14649,-0.4427264300967003,-0.44987958184992743
14650,0.37477238323026585,-0.5395861345241801
14651,0.36779093887575487,-0.519378180145744
14652,-0.4236820158116582,-0.5241461200290803
14653,-0.05808707881383337,-0.6101237585628874
14654,0.13515606178836176,-0.47779628928944673
14655,-0.5256780380794237,-0.56720513520565
14656,0.4450362169352499,-0.5255697559219329
14657,0.17402579122063003,-0.5372255445108804
14658,-0.035369388247933876,-0.5855403371284358
14659,0.3467581211248338,-0.6143951234026631
14660,0.26577792595337324,-0.47215548968098325
14661,0.10022975239087034,-0.4746370435296094
14662,-0.024021715328461236,-0.4926738583595272
14663,0.35575065377887455,-0.3475104557652066
14664,0.1952175757072755,-0.5060446280790142
14665,1.1665793219271148,0.09487266740861677
14666,0.886252673333896,0.6289852897689066
14667,-1.0647384544203071,0.003572375458386683
14668,0.633383499752443,-0.5156153588824466
14669,0.22826022129993853,0.10491762744339143
14670,0.353730995948777,-0.4489492885784366
14671,-0.2769387643807293,-0.557886776753688
14672,-0.11715271016166076,-0.42735254379651116
14673,-0.42924454685095287,-0.5189937497214315
14674,0.05298480589663819,-0.5009039173028225
14675,0.12942506387159539,-0.561668275192917
14676,-0.05518212437444855,-0.5166779656992704
14677,0.3726316821682992,-0.5204334209435245
14678,-0.06304127725887106,-0.3646608582211921
14679,-0.5694476042754207,-0.4102642808214968
14680,-0.9148937847399905,-0.3042991811841008
14681,-0.40666377249762603,-0.2773673383286967
14682,0.2636628194190733,-0.28860851428843615
14683,-0.6114483356323731,-0.0977605065905113
14684,-0.48862964079839855,-0.2762990951210665
14685,0.5424193754144145,-0.5508528972196353
14686,0.09793794428324439,-0.5205177210845242
14687,-0.06764337031222149,-0.5315472702518386
14688,-0.7531058608571761,-0.14902211368273988
14689,0.09790305949100846,-0.2912825432164521
14690,-0.23838791876951695,-0.4966094652810551
14691,0.39612444203957603,-0.4555878842355166
14692,-0.19703106605587847,-0.38788049098448363
14693,0.1722538168157487,-0.5662219050831946
14694,-0.22592862390924728,-0.6090452706434082
14695,0.5242156380797145,-0.4310176722976838
14696,0.23989802148886685,-0.39521525381024025
14697,0.5896206343767979,-0.5389762745335639
14698,0.13313283548396485,-0.29193663990191787
14699,-0.07378057232100374,-0.35271095049618567
14700,-0.32515290839586347,-0.5220093879471683
14701,-0.06665511606806332,-0.5195493167530036
14702,-0.9587666839742287,-0.3082264897744077
14703,-0.4984746112792264,0.08013582897558154
14704,-0.1891486045705056,-0.2441953566477428
14705,-0.4317642817833473,-0.3915070872346982
14706,0.7223097014977783,0.09132136545767758
14707,0.02927963659776775,-0.5171707902766814
14708,0.3867026063851885,-0.34624834607408983
14709,-0.4474851805370521,-0.4899983902525701
14710,0.5544800319704585,-0.5747032291430483
14711,-0.5747294959594691,-0.41957421163001973
14712,-0.09741853463405677,-0.4733991337536059
14713,0.009226614064070413,-0.5142125370991495
14714,0.5593636481313745,-0.40788782686815767
14715,-0.40344080413295813,-0.458004711426372
14716,0.33167482722466035,-0.41575624328090177
14717,-0.21586888248717112,-0.15482029916322523
14718,0.015359223571124932,-0.33607105600506776
14719,-0.5896456353529124,-0.2567240957993645
14720,0.5148821779844215,-0.5248345837891304
14721,0.31711283466593904,-0.576140366716076
14722,-0.2277244116523928,-0.5107714459066696
14723,0.36589148364831237,-0.27648735265687313
14724,0.11156413793585594,-0.3511603897427604
14725,0.5384183946324346,-0.45036886823980465
14726,0.3228621962361806,-0.35733192434143696
14727,-0.2407575735803245,-0.33476265311875764
14728,-0.315843502876954,-0.4843100404399688
14729,0.6975402692632146,-0.2863909729441412
14730,-0.0756179728046139,-0.4124781939442612
14731,-0.05880857443924253,-0.5118965032899281
14732,0.06567320011266102,-0.5082280117495322
14733,0.18444060799928993,-0.5186141455472261
14734,-0.14044810481030845,-0.5304143740996379
14735,0.07436823616886491,-0.4848966286975678
14736,0.2227866780355723,-0.48261395759834114
14737,0.3562442509617275,-0.5741305547526468
14738,0.2791332724705135,-0.5659609390732279
14739,-0.5591811255857833,-0.43163689187882354
14740,-0.2422408796577137,-0.523275547987881
14741,0.29057228554754155,-0.5943919847361723
14742,-0.747729422665227,-0.32937389353501806
14743,0.474602163291847,-0.454234379024928
14744,-0.030206696729148805,-0.6335989697713377
14745,-0.11584094668056454,-0.5886036095271205
14746,0.29276802187755047,-0.6154622622926655
14747,-0.03121758083025264,-0.5324536473026091
14748,0.0523862803046614,-0.5393389224422434
14749,0.3519362921913905,-0.49154689174542776
14750,-0.27856100176504284,-0.4887454496372724
14751,-0.15459388700839474,-0.456936469579176
14752,0.2919207573706528,-0.5954131741468762
14753,-1.8211324850354456,-0.3706175427444083
14754,0.1680579010123719,-0.4594193101572219
14755,-0.7933602325515645,-0.41546002988553576
14756,-1.1874858902447412,0.5176762812688583
14757,-0.8344697074200981,0.8163369767462397
14758,0.09326476029639523,-0.0027758010068903894
14759,-0.9906952076310445,1.2872296971476234
14760,-0.7361600042737656,1.629017043159215
14761,1.241332033617296,0.5716507750076633
14762,0.1932798764481739,-0.3632508582812858
14763,-0.2741647874197405,-0.038940923556144896
14764,0.7228932005119004,-0.1691143036772783
14765,0.4161009301262925,-0.2959628379933934
14766,-0.877162533449643,-0.3459094449437641
14767,-0.9714533492171418,0.2672806852489446
14768,-1.219061627139116,0.8806485890018044
14769,-0.6847135918870232,0.22563426204594156
14770,-0.3033689537622658,0.758273425074971
14771,-0.5523598648844616,0.34888144081993644
14772,0.28772111636395253,-0.038542949171475126
14773,0.24658939736466604,-0.11630845493386463
14774,0.40852923122188334,-0.189110758943415
14775,0.030440548580646282,-0.38405434088963014
14776,-0.9722451364581972,-0.11629935010417052
14777,-0.9012120585118201,0.42632550320071244
14778,0.4359745481990388,0.12971188285157761
14779,-0.4311071479883681,0.5746190021583688
14780,1.0752471960533365,0.12174739518809964
14781,1.0630203622078767,0.0011127032247971863
14782,-0.3644767897911627,-0.48977307329030045
14783,-0.36073488540824,0.34045955904385283
14784,0.4359037845944665,0.3608393461243668
14785,0.9061747549466124,-0.17296303660690662
14786,-0.3756546045147548,-0.42257870490086447
14787,-0.5927951004099022,-0.09330290773169811
14788,3.5926358858785,0.931155546929099
14789,1.5794870401242604,2.29511832449554
14790,2.772771379877434,3.908089925857328
14791,-0.17733105395933663,4.349432865874569
14792,-0.466058570740833,0.9946307608545094
14793,0.9648820423876941,0.9180377795036151
14794,0.2230898469602824,0.006133141475837386
14795,0.6345080449139684,0.3161070932333453
14796,-0.8331545312955029,-0.09970340405440602
14797,0.17272071600902467,0.4041531562794183
14798,-1.288884805426065,0.15278947714092447
14799,-0.4073311464800242,0.4414724475959427
14800,-1.3611383184958783,0.1833429608424849
14801,-1.6464757285221894,1.971254774998622
14802,0.6773556347254521,0.8623893536398138
14803,0.11761274960663931,-0.4050898839245837
14804,0.05119744229630475,-0.4571100178382473
14805,-1.0935093203496222,-0.06100825285993126
14806,0.767085597219873,-0.048782607140480085
14807,0.5858372572897853,-0.2768229670028521
14808,0.0471997015719238,-0.4741531106086703
14809,-0.32525897061335884,0.2470915497898938
14810,0.34177000326532003,-0.3889580142632354
14811,0.1503178323551796,0.20166510578394728
14812,0.9473288441617637,-0.018564883837761594
14813,-1.3885954493508603,-0.013004342277745934
14814,-0.575856136403315,0.9581781398363538
14815,0.9692377610852115,-0.007944710534037698
14816,-0.6343580303556063,-0.08403891373014095
14817,-0.31253376546091344,0.2366914259041531
14818,0.3458905595660741,-0.14664502088497636
14819,-0.25184908290287855,-0.3082199483512731
14820,-1.2771416687528818,0.016631778869113965
14821,-0.2909626951288355,-0.07229537125641607
14822,-0.08648556323174426,-0.27311436498033553
14823,0.28385812351485284,0.03064804927833229
14824,-0.23918048853478546,-0.2695511524635913
14825,-0.21338366489312757,-0.23993694551919442
14826,-0.40181803217490264,-0.17374520069660948
14827,-0.7790124537617784,0.5040285500329551
14828,-0.23725010578486508,0.16402953421264652
14829,0.37764799287465856,-0.2613813102149289
14830,0.1302214759215876,-0.018042280041060597
14831,0.7096832927240112,-0.22595599356373042
14832,0.3675138700069222,-0.35963120589688996
14833,0.14708990912895056,-0.4666662464512346
14834,0.38130549522131973,-0.36770286376138644
14835,0.15358202186680342,-0.38320141698726284
14836,-0.28177443989879053,-0.4663507788733361
14837,0.6095904714322161,-0.4740393155040677
14838,0.006407747414705488,-0.5541272453331192
14839,-0.5090585387405132,-0.36884054693311485
14840,-0.13383805542613622,-0.5003128368034649
14841,-3.8881524348857175,1.965073598424611
14842,1.6974705005354644,3.7224975522496813
14843,-1.6379222989350415,0.2641081681760953
14844,-1.094710699201972,0.2244416257085556
14845,-2.0323684807354754,2.0569216995007458
14846,1.1327803435129327,-0.2275967660116862
14847,0.27140707166949146,-0.11216358800180794
14848,0.2290563874941473,0.2696999090166369
14849,-0.3065625222881383,0.01913242385629522
14850,1.6188961371651331,0.08059377479730959
14851,1.0088705240780633,-0.14927276298604183
14852,0.12120137762123047,-0.42231504188015634
14853,1.2258358947506607,0.11976432229020811
14854,0.43807033294763253,0.6673208419567209
14855,-0.5003342179575492,-0.4051309279514052
14856,-0.14533824679211257,-0.15481524176549788
14857,-0.528211627430458,-0.28778347749083655
14858,0.5425423409967839,-0.49822468203652237
14859,0.5842493162771126,-0.35845074901710866
14860,0.08724758465858269,-0.27599715934777447
14861,1.187270920594068,0.33627081493567923
14862,-0.7122398059503261,-0.0572655867294239
14863,0.2584541485716711,-0.5665886059832118
14864,0.5014622005589339,-0.2895586583290653
14865,0.5281765171099412,-0.12933501141127307
14866,2.1265100639280927,0.5909024972934747
14867,0.48726763957589336,1.4088292651428744
14868,-0.6435320572710487,0.6821254047111951
14869,0.03473337040346996,0.11944368231156693
14870,-0.018030709992929727,-0.5525719148338286
14871,-0.11990519918406509,-0.1463397851037061
14872,0.2621202486524071,-0.18288658259749613
14873,0.041972700381159654,-0.3048096672179833
14874,0.3090357484985613,-0.2013074628692017
14875,-0.31272490034412465,-0.4505122154722039
14876,-0.11029521520972299,-0.5585739383821235
14877,0.17774286505556158,-0.47873587646057275
14878,0.271861278907588,-0.39009957671221207
14879,0.4979294784036172,0.1359210477069566
14880,-0.01628716701859435,-0.45134871812448507
14881,0.20775900384105778,-0.04175146729405072
14882,-0.020179820937082694,-0.31795928472073387
14883,-0.8969489687750186,-0.06117909268586634
14884,0.19809885012727357,-0.4121079908982165
14885,-0.05954304727838334,-0.1470714952159063
14886,-0.37183676353153705,0.12830386394635088
14887,-0.3413078628531746,-0.1269178063872748
14888,0.9968308706456063,0.16282083914037848
14889,0.262473353209635,-0.27268295949466076
14890,-0.5415531155472554,0.2054750679080175
14891,0.699732489887633,-0.5526780494823214
14892,-0.6009452219813047,-0.19679991324723597
14893,0.1722943230159707,-0.47642101931999115
14894,0.015045422056531123,-0.621897397354039
14895,-0.2524349998235852,-0.36907133733708297
14896,-0.6775103016444585,-0.37145905379286853
14897,0.123304867695672,-0.32199301735760416
14898,0.07860303294888521,-0.3890032798235371
14899,-0.8615563742326923,-0.3921954180136808
14900,-0.33871968239675526,-0.15880120995146668
14901,0.1824243864231669,-0.38509486742101706
14902,-0.8443632501080909,0.17606593307619633
14903,-1.6213344679478177,0.7037453593109108
14904,0.395167976420386,-0.017993571387227805
14905,-2.419759006420113,0.823751639504971
14906,-0.7065196511602732,2.726763364265446
14907,1.3127329156557364,0.636352117011516
14908,0.6345562215867794,0.6497875051802191
14909,3.3103933059952526,4.503427297797272
14910,1.6911596525573898,2.9349769193894333
14911,-0.830119138871837,3.073650596464028
14912,1.3481846641247004,0.5607216514848724
14913,-0.1610738177580843,0.949917731639691
14914,-0.40394455726676376,0.7643426357202863
14915,-0.3486730243837677,0.6206609107547832
14916,-0.45703401380372954,0.2537640457034144
14917,-1.3350702011175855,0.19671990556047247
14918,-0.8746869207033308,0.6677290441811303
14919,0.9693996160794532,-0.14651917912894488
14920,-1.7357388152061979,-0.28481211043503507
14921,0.9484836930279404,0.14262687801132645
14922,0.46303345603279056,-0.47295414420865933
14923,0.4662389910475695,-0.47628386098980596
14924,1.1377182244530233,-0.44421511797570906
14925,-0.21648051877962854,0.18058169284866618
14926,0.13688689280774738,-0.49127805559077986
14927,-1.049156957835496,-0.5020969103910045
14928,-0.4379532231485584,-0.4263646572129772
14929,-0.11137856149796586,-0.47518950048395453
14930,0.9494001163576498,-0.0012781844839104659
14931,-0.6739793523822232,0.07358331310555126
14932,-0.2820809129345163,-0.2200310640310291
14933,0.36230560620700225,-0.4912431604564473
14934,0.493699818889721,-0.3198769788162701
14935,1.2114633739336478,-0.10694998736933937
14936,0.7645117835419397,0.5511887939332408
14937,0.3059511029979014,0.35357442072083267
14938,-0.19373258538512103,-0.2623710210845147
14939,0.6130339969900369,-0.19200031055693992
14940,-0.6739734456801338,-0.4834274886717869
14941,0.5702188026322543,-0.42928452924248484
14942,-0.4061554405098521,-0.39857927651093333
14943,-0.11053757909210801,0.13712882452359296
14944,-0.34049527696005605,-0.38004963214891613
14945,0.5666493558195824,-0.17928041627741595
14946,0.3742698823911534,-0.40524307311349794
14947,-0.029790976024782822,-0.35111750023321997
14948,-0.4938360781446424,-0.4312775501630188
14949,0.03748019265847343,-0.4218840109919376
14950,0.4597975263436607,-0.5232211468849051
14951,0.5451828113586218,-0.23616710560383328
14952,0.3387095264327845,-0.3180461358851654
14953,-0.9046020144546376,-0.44389451754289533
14954,-0.40292091540106795,-0.5033165553898948
14955,-0.8642342634526685,-0.1718635402939723
14956,-0.5605863193718883,-0.3028244725627929
14957,-0.005752603090845493,-0.5136809596676801
14958,1.6607435096955203,0.2977834537488034
14959,-0.4171584340894441,-0.2232718797351147
14960,0.7793061826506228,-0.43418554664620407
14961,-0.3017344348876544,-0.3387370292374922
14962,0.1437542254670479,-0.40633904883412614
14963,-0.7021292811615787,-0.35005510263536294
14964,-0.10767954582831112,-0.5262457038801484
14965,-0.389519050673218,-0.2362716517711494
14966,0.2702439942001957,-0.517038816897735
14967,-0.5509066400333203,-0.42535940002263617
14968,0.2776866529866118,-0.4887624638395945
14969,0.12359876318033641,-0.5328358906509781
14970,0.1551282108237927,-0.5858815404691622
14971,-0.41990038712769084,-0.4808987373718071
14972,-0.4962088344993497,-0.4056457456060542
14973,0.08195563279388188,-0.39628666168110344
14974,-0.17461268120431828,-0.3302835712551157
14975,0.02757412882365287,0.08116867754364897
14976,0.5522113081344809,-0.522982800954937
14977,-0.1307105235093403,-0.39223892944389943
14978,-0.2013699601292074,-0.5738160516154308
14979,0.08362265963603627,-0.2014477956978882
14980,-0.15550364337447264,-0.34532525140187387
14981,0.8004083764063704,-0.3890370088078817
14982,0.30750966608273883,-0.23350701779678143
14983,0.6551212548019361,0.14610043031461376
14984,-0.4383297268258886,-0.292088762709543
14985,-0.3039208561989339,-0.15097300121195592
14986,-0.19498006600951728,-0.4739481334528921
14987,-0.6642182679415485,-0.4540136282097791
14988,0.9414563018109713,-0.5209219231282397
14989,0.40077890615011585,-0.49959127033867345
14990,0.47485588283076574,-0.43914695293680106
14991,0.01792032354184163,-0.34902459806730624
14992,0.674053914049169,-0.331010850628712
14993,-0.26502270418437296,-0.3354895183399044
14994,-0.2526625778383573,-0.2985921889612733
14995,0.7587823848771815,-0.4174001466245712
14996,-0.34128799953673267,-0.3424972396397573
14997,0.19185433192839274,-0.4086999766991913
14998,-0.5496958887786709,-0.42707938003549933
14999,0.1781995849102619,-0.5087498421512716
15000,0.037325770422176066,-0.5026950293180034
15001,-0.9408839023686693,0.04071219273116667
15002,-0.278428143583866,-0.4561957269143538
15003,0.9581351937063428,-0.3581274673118778
15004,0.017434045435420403,-0.4221214115625173
15005,1.5879649115542593,0.7453104572009192
15006,-0.804790643976839,1.528625241129178
15007,-0.5509843182329811,0.724785400686207
15008,0.8249565499830114,0.2721347479845084
15009,2.546772229212442,2.3830277837656997
15010,-0.7143924219960021,0.40106951700396887
15011,-0.384490513194485,0.5892212768302008
15012,-0.5709788116542897,-0.49926847022436305
15013,1.1209112647078694,-0.03157788556045554
15014,-0.34372267671712026,-0.36862300344814014
15015,-0.019919529468223708,-0.05829124271834741
15016,-0.8074690189139274,-0.4988342255137448
15017,-0.7568943040374171,-0.2544480327933616
15018,0.43873467636833996,-0.49984565204121234
15019,1.8892064267513697,-0.4822312268656267
15020,0.1609542475986936,-0.44316307155016843
15021,-0.46073987578773873,-0.25921711697713945
15022,0.10109810968050283,-0.40207867236880107
15023,0.3002418083290652,-0.4974634048582609
15024,-0.5885157391275904,-0.5706187447712812
15025,-0.7292791395967015,-0.19084822701994086
15026,0.23196028292924845,-0.5651415636236429
15027,-0.3321674365136533,-0.5891726382766875
15028,0.32109577980910303,-0.39016616819201944
15029,0.0411879292760792,-0.46406968411802874
15030,1.0596534785718057,-0.08324971199503974
15031,-0.13984765660401768,-0.22360962997550804
15032,-0.572781790131483,-0.5246938177219989
15033,0.16743381360156726,-0.4963345433252847
15034,0.03763786143909398,-0.5640326891026893
15035,-0.1449244601398572,-0.5658491291415042
15036,0.009013497404171318,-0.4150351797474987
15037,-0.8465109487228993,-0.5139178164228536
15038,0.35015640864682906,-0.5003132925393277
15039,0.4391805567705053,-0.33704953977733093
15040,-0.4837148982596392,-0.40583858684437935
15041,-0.1566040815281105,-0.6323638982729646
15042,0.15879037648656946,-0.6448055324402668
15043,-0.5409942660405767,-0.5073608889217635
15044,0.09292396759280072,-0.6555258067008427
15045,-0.6055709667713558,-0.4002310236788387
15046,0.3186393165501506,-0.37141310072180295
15047,0.21919993234111948,-0.40328238984359027
15048,0.5621780820113157,-0.33061605675491273
15049,-0.12428733944437186,-0.60536442848949
15050,0.08310255501485965,-0.6242281941028647
15051,-1.4547847683422201,0.09112256183208749
15052,0.17616519022165433,-0.40424543920702405
15053,0.2421665123785398,-0.26821325051166084
15054,0.15096029341356926,-0.5782654578142625
15055,-0.4996548480846521,-0.47474284015284324
15056,-1.39893267510539,-0.3070553887617815
15057,0.3054544476864201,-0.3064300294047087
15058,-0.3328294734396071,-0.18115044031301555
15059,-0.15488571997303757,-0.2610068896647919
15060,-0.38838679945042076,-0.24440950500488712
15061,-0.4848348736530623,-0.41607078882646475
15062,-0.20648260817264139,-0.41952172307586477
15063,0.2133610029824013,-0.3073393595797995
15064,-0.1975763111158294,-0.47042436681067573
15065,0.0867428324111102,-0.3248112630741103
15066,-0.6676170166648931,-0.3461687939404798
15067,-0.7548376115480103,0.068469574043108
15068,-0.2411343602008309,0.4947468542261154
15069,-0.48821529545376563,0.00025940944633045144
15070,0.3443766439904384,-0.33487561782147784
15071,0.15193684126915297,-0.4154684248380065
15072,-0.3184637654543213,-0.2671083527006071
15073,-0.2748265628229774,-0.16306854089427766
15074,-0.19591854367504896,-0.4390341838804354
15075,0.887053360013584,-0.1148731294473132
15076,-0.46966460886272654,-0.42886040262494796
15077,-0.15285502683295282,-0.5450020996007483
15078,0.35270233837501463,-0.5409180304780843
15079,0.7884626372122742,-0.3794522749327689
15080,0.538754735214874,-0.1320203627344659
15081,-0.3209934963192332,-0.599388640726381
15082,-0.48596748680521373,-0.5840360549773506
15083,0.6839380355168487,-0.47221264765937804
15084,-0.3533207291328334,-0.4626124178643578
15085,-0.030719397012989362,-0.4667293124757267
15086,0.2630024694198696,-0.5190837049680243
15087,0.6850528096663757,-0.4715755891789939
15088,-0.4579894821756938,-0.25889062230205256
15089,0.25606412662843603,-0.6090802932811655
15090,-0.6719247987993507,-0.363251290335418
15091,1.0388557048117744,-0.1610588952356597
15092,-0.3663643591205901,-0.41934853316601967
15093,0.16752221013867183,-0.5094558492106788
15094,-0.6166577018563556,-0.3382852712008019
15095,0.6816640668438965,-0.4276676646371373
15096,-0.16601773996547128,-0.36435566309394773
15097,-1.0707787727454434,-0.2305920973441351
15098,1.2950972014867117,-0.5050917780902706
15099,-0.6204873725749939,-0.4991279935679578
15100,0.14135926976356114,-0.39892373098843253
15101,-0.6248807620569635,0.5042971806190942
15102,-0.40628313161803603,-0.40167531941089407
15103,-2.374567314148979,2.741784171349128
15104,0.8789406542236664,0.21757787262455866
15105,0.3942864360356469,-0.1133687703724036
15106,-0.7573131871302788,-0.23847931254606144
15107,-1.758933395789385,1.043897052163729
15108,0.1348057087856923,0.48922656457117275
15109,-0.18588135597029076,-0.12036032455629568
15110,0.12736044816759282,-0.48172935711983966
15111,0.5629348872715543,-0.022731322039167966
15112,-0.7438159218186686,-0.12863362132698145
15113,0.28951868418854126,-0.28035709971066936
15114,0.03582349755086982,-0.4175005447519021
15115,0.5747603804876398,-0.37361555668471114
15116,0.5180401975429113,-0.4548082966604233
15117,-0.8759696246074686,-0.4505920483727451
15118,0.2843629978078243,-0.5329742978272461
15119,0.6758101748137705,-0.4571919952488197
15120,-0.9988466331988777,-0.08656361516379359
15121,0.2720974933308481,0.15219947607013168
15122,-0.42674532720261077,-0.36634744544824394
15123,0.6433208922911514,-0.40343854500928145
15124,-0.31777445867987114,-0.47232076780761056
15125,-0.5411895646100205,-0.3779112922131872
15126,-0.22593946854707486,-0.5349346306713214
15127,1.460648150711983,-0.2273346994642383
15128,0.6594238924428375,-0.4409037676856817
15129,-0.36127016745422863,-0.5746677892463832
15130,0.2682203764583663,-0.586131227374339
15131,0.048570246989254585,-0.5738239053914209
15132,0.2242645197599632,-0.4669570058341479
15133,0.34387609561133187,-0.6411800093121061
15134,0.04130554565482249,-0.39444354334882226
15135,0.10627786980464149,-0.4789233640012612
15136,0.5758797010570116,-0.4511889971557782
15137,-0.34712939452447933,-0.582507924837263
15138,1.6231307767820082,-0.2823479400218583
15139,-0.3493572099628413,-0.26958178630170054
15140,-0.7630099882406757,-0.4258849169712443
15141,-0.9575146370357424,-0.42164788424888633
15142,-0.4163025915933837,-0.2985988165310426
15143,0.12097348609581561,-0.3355831896352048
15144,0.24368841664424268,-0.4560763319303778
15145,-0.12764396478472273,-0.5165451114861204
15146,-0.9116779540052252,-0.4421006565549691
15147,0.42917410411204726,-0.4860724568446878
15148,0.922014568851744,-0.4121766262209509
15149,1.031408427509681,-0.31438875847338266
15150,0.026666926913135294,-0.4391680082431468
15151,0.24001977228954388,-0.47798783857883315
15152,0.025559662069842774,-0.17177237313878013
15153,-0.010290952905677601,-0.4000778371469844
15154,0.09781483237813773,-0.297448418655569
15155,-0.7919206670203723,-0.5471225928525673
15156,-0.3449120786181023,-0.34372164084966095
15157,0.3896062314329594,-0.5792022678741038
15158,0.585452935477286,-0.40442986884453946
15159,-0.640794347774919,-0.48338292097506064
15160,0.20184371857914854,-0.6049832996046005
15161,0.4999095728242491,-0.503685540663051
15162,0.19777435088225873,-0.3537227639748349
15163,0.30640350411943407,-0.39895109898827613
15164,-0.12008014635544012,-0.5739507232387391
15165,0.30017847310691964,-0.5596776954347358
15166,-0.22234272075562467,-0.586962829921668
15167,-0.03896987793629864,-0.5803762862540078
15168,-0.37398922516196187,-0.22557465509159388
15169,0.5307416558741462,-0.4836282682956458
15170,0.724743300073757,-0.5588351650373136
15171,1.172292312704719,0.38926549688206535
15172,1.2974104045298807,0.3920680213109161
15173,0.5906192285272627,0.803684877617177
15174,0.44424988512019653,1.1250525620888494
15175,-0.9463493115187431,0.3317318866308929
15176,-0.23010227059645288,-0.32884627625864415
15177,-0.029730814929720895,-0.5321625017157661
15178,-0.15056994399595017,-0.391339351367623
15179,-0.2776593799932049,-0.1987784608090562
15180,-1.3222658779208758,-0.3272919212862452
15181,0.5624916324171683,-0.352432152010313
15182,0.21697388241078275,-0.4722889750473152
15183,-0.011839122662472971,-0.017001215392000838
15184,0.13460739914323094,-0.5915784086330108
15185,0.13930874959690454,-0.546754513296881
15186,-0.26550649590704795,-0.5513034232214225
15187,-0.06869623507279152,-0.4554687903098334
15188,0.5523057807511236,-0.468689670188769
15189,0.07331036358623816,-0.4454837428856033
15190,-0.05944934986862797,-0.5415464520309784
15191,0.0820462840827631,-0.4857964497650938
15192,1.2228079811664745,0.021095821759593153
15193,-0.039164212725835534,11.534292823178957
15194,2.0209675263577656,1.6886961758673502
15195,-0.49166581722385294,1.2548031313466947
15196,-0.2955184492287332,0.3549584266898963
15197,0.4333904610597166,1.6385160370322964
15198,-0.12410191580488322,1.0325083888334035
15199,-2.5277016546253317,1.5649576460229093
15200,-3.7300293699729075,5.451466588613272
15201,-0.6429436343670963,3.055161499893724
15202,-1.0341173844208067,1.9698200695143422
15203,0.5489274907630048,0.6391872508989668
15204,0.9626653895159104,-0.34308709277240945
15205,0.39506905249551494,-0.2416471997109846
15206,-1.12871117874476,0.04476023236238171
15207,0.1339763311711347,-0.16593323590574335
15208,-0.32173757442162393,-0.43936856398113844
15209,0.637352494489547,-0.47379022059098863
15210,-0.09725785604101653,-0.570658601607559
15211,-0.2766105047881552,-0.5972662562534041
15212,-0.09181307129080167,-0.4528417686794669
15213,-1.0300416629413653,-0.5182489947054811
15214,0.6227934213587674,-0.5708676622767759
15215,-0.23934449394627028,-0.4180697379545029
15216,1.2196975333640638,-0.45272293493749943
15217,0.8475371848875014,-0.4557141521033776
15218,0.02245765075290359,-0.3537096248048128
15219,0.1634019215123229,-0.49826547678391214
15220,0.6353993914244905,-0.1891595653043595
15221,-0.34867616679731145,-0.5703360296159126
15222,0.800095147238463,-0.4035858080747942
15223,-0.4628045577900211,-0.19205754262364713
15224,-0.06930492874170593,-0.454968474720857
15225,0.5287538880667384,-0.4716255670859865
15226,0.48405381594230934,-0.4203000567499497
15227,-1.0033293760948077,-0.26741820310475456
15228,-1.4361283431502994,1.3760808679529097
15229,0.1575313124599735,-0.44535597795282306
15230,-0.9262432828558377,-0.5074047422286913
15231,0.028279131379016456,-0.6221163458662986
15232,-0.0737492442996615,-0.39637623508035175
15233,1.042778754029386,-0.4827659904364376
15234,-0.11147401786826219,-0.6126639141819222
15235,-0.2539374518600183,-0.5855565121532363
15236,0.05798621714229649,-0.471270580703828
15237,-0.13049389215127144,-0.5980654718879076
15238,-0.280635581791226,-0.6073557191299438
15239,0.17108090740062923,-0.5270000880766507
15240,0.33441743698708487,-0.6170130919979396
15241,0.18035438130777948,-0.595917232531762
15242,-0.10385450604502842,-0.5324671525712449
15243,0.12457418807664158,-0.6150823907268079
15244,-0.15533476960790354,-0.5027707188361539
15245,0.29709687443236643,-0.4624561865612538
15246,0.054320888840022036,-0.5886194297172339
15247,-0.4277472039461474,-0.5440082916035325
15248,-0.18997202240766303,-0.5558264067796908
15249,0.30799295465116994,-0.39721921584921843
15250,1.1444278842809894,-0.5366908719683131
15251,-0.27110881371144246,-0.5045479585528064
15252,0.46201833150487703,-0.49440776001699127
15253,-0.22347422936888656,-0.34618318989438385
15254,0.056880986019603175,-0.5355016177702326
15255,-0.7701723603818911,-0.3308619991794568
15256,-0.23172272237196317,-0.5474124667758871
15257,-0.3188540312539462,-0.2938405142557723
15258,0.11648955732461597,-0.4770749864583334
15259,-0.13095478939796848,-0.4563415515540799
15260,-0.5976409422311262,-0.5005132002777384
15261,0.030707861926814416,-0.5263116851271181
15262,-0.1808839888331345,-0.4472859702241652
15263,0.2640317085408908,-0.4387952676260553
15264,0.01926860214937833,-0.4992466711452048
15265,0.02802120082218297,-0.40523359009079213
15266,-0.10924221347640581,-0.3482376093327326
15267,0.1761800191309873,-0.5924382756778039
15268,0.009277678055655263,-0.5332415777233809
15269,-0.016727523934248232,-0.5567665744152773
15270,0.004233067857244047,-0.531628205006325
15271,-0.23832337075460322,-0.46188901750979056
15272,0.004228868166298243,-0.5849527246158386
15273,0.2865058424118254,-0.46483028789615316
15274,-0.02920205226011644,-0.6001723816671385
15275,-0.7318786441295747,-0.46651302726457217
15276,-0.13293828902269691,-0.5195001648810067
15277,0.47644498879356484,-0.5134323727758537
15278,-0.4612876621002947,-0.4216847378667108
15279,0.21900779125577338,-0.2791946816908102
15280,-0.06818343160589256,-0.5598024756130457
15281,0.44227209957834995,-0.5385064635495708
15282,0.05718893652354159,-0.6146840576174232
15283,-0.15209298159921916,-0.31490398057737656
15284,-0.3282577610770093,-0.5656602970998792
15285,-0.07478305908190853,-0.6095223488848689
15286,0.2482326045060974,-0.4467884768145256
15287,0.3390234152510913,-0.5432717218263994
15288,-0.22519770987100673,-0.5577236492905698
15289,-0.12696992788658987,-0.5017061176287699
15290,0.06899020524035392,-0.5829587355858962
15291,0.33312447568956677,-0.5747355467196784
15292,-0.06689995143984576,-0.47589362725911116
15293,-0.18767379349717392,-0.42430018345764914
15294,0.33867485364354416,-0.539349089937541
15295,-0.005349454807011377,-0.6413080366110695
15296,0.11862433571031737,-0.6271599343258035
15297,0.055483088586613445,-0.5859431984306793
15298,-0.2774330702329132,-0.5672575999088036
15299,-0.5119919079901429,-0.34464344097179717
15300,0.334055265570399,-0.4776777725119919
15301,-0.560988240425418,-0.542802926935138
15302,-0.8297241722439559,-0.2616169720109179
15303,0.08123824109697972,0.04315895919308956
15304,-0.16045282471601183,0.2577722931525092
15305,0.09683868938554163,-0.4151115513823337
15306,0.07816183713105027,-0.25760764739218006
15307,-0.21372001935312623,-0.5487223647316459
15308,-0.3673958772316644,-0.5947018464115797
15309,-0.5764235008039246,-0.25650252126284395
15310,0.40819038475938885,-0.5671402155028514
15311,0.4849842619328419,-0.5521685106884917
15312,-0.03509030897270962,-0.600494476874388
15313,-0.5848024577143215,-0.6050698988884051
15314,0.4970391628641617,-0.4319739178235198
15315,-0.2701698891259295,-0.5084415655317515
15316,-0.15481777015034862,-0.39365498260908327
15317,-0.39428181248088895,-0.5907187772424748
15318,-0.1032812643759824,-0.42766207954315605
15319,0.22379597655229663,-0.6372567256365175
15320,0.019707919706639362,-0.5996281444326272
15321,0.3625868378789312,-0.5135514965807559
15322,0.24516801080624487,-0.5012451771606377
15323,-0.15452214701736258,-0.6136912954828165
15324,0.041194670533085745,-0.6560758460843629
15325,0.1430145562500794,-0.6112219523818235
15326,0.07359023229941403,-0.5680113494751029
15327,-0.12898723070733187,-0.597776041366524
15328,-0.18373769314113647,-0.571162954966809
15329,-0.19587560568098486,-0.6107393637555846
15330,0.09830145925400434,-0.6234613832464531
15331,0.03893346233157045,-0.6176884620263404
15332,0.5686154225449773,-0.4739267038347164
15333,-0.08241089990310797,-0.39085571307547357
15334,-0.22916462077631589,-0.6344432831658375
15335,0.4655023386848916,-0.37100359645247194
15336,-0.11666902404239328,-0.5128394378116482
15337,0.4883353177230111,-0.6274488193873692
15338,-0.010810610862312062,-0.35729396613408637
15339,0.3514376688443186,-0.49747534336522636
15340,0.31091876126403173,-0.35994392698368566
15341,0.10095520740280647,-0.5782148539395977
15342,0.12444682932613123,-0.5714944145013606
15343,-0.14508324780945656,-0.5122613946914588
15344,-0.07194181482095723,-0.5532055828011879
15345,0.14059380200895996,-0.639296576634436
15346,0.57911681687308,-0.5043719107120422
15347,-0.23753031904863556,-0.500687115499276
15348,0.34975520081141265,-0.5219623245821425
15349,-0.2293218604797998,-0.5057046011226405
15350,-0.13639774946269237,-0.5194937914358206
15351,-0.465565192929482,-0.5432969366550077
15352,0.16520095847248728,-0.6474235268755121
15353,-0.10191483514314793,-0.567471464879411
15354,0.22692747387616624,-0.6721385168425311
15355,0.10117493163492491,-0.5317889756201977
15356,0.18442063808668618,-0.529750279332599
15357,-0.13340896187525467,-0.6623087833328352
15358,0.008718706639935353,-0.5242059231964601
15359,-0.2496725852593746,-0.5825463305626211
15360,-0.18300169796257876,-0.6118860276838171
15361,-0.1884100509655974,-0.608508525664357
15362,-0.1398191662320963,-0.5072554432829584
15363,0.05992393840152247,-0.5424058268139735
15364,0.44535428605437827,-0.5183877194982428
15365,0.4766808808680451,-0.27687638466227765
15366,-0.20915010133736206,-0.5158351972813934
15367,0.38987293647823507,-0.46559241603915497
15368,1.0661767597471066,-0.23888411602599371
15369,-0.27546570624459504,-0.40454117677307566
15370,-0.0968217513925801,-0.5908139622507494
15371,0.1553424466368633,-0.6195093114623687
15372,-0.10176433183134805,-0.5895315442790796
15373,-0.6134662457541947,-0.47231577934008356
15374,0.4438692013994339,-0.3875816239565358
15375,0.26834585048240034,-0.6361589341546381
15376,-0.478875467187972,-0.5491715152045075
15377,0.5742245701845148,-0.41334527097552204
15378,0.05485087139490496,-0.4994660161266509
15379,0.027543247860927038,-0.6386808323767454
15380,0.00037983631703134154,-0.6394937915315598
15381,0.15846154548494948,-0.4056598279695274
15382,0.18628025379699564,-0.2040494275858314
15383,-0.44227650125015056,-0.22540534860591324
15384,-0.06180405838019624,-0.1713371413517139
15385,0.06330340678480932,-0.07985268341088302
15386,-0.05042759167481622,-0.5312590218549103
15387,-0.05404436064880281,-0.051680744511690725
15388,0.058088248576293064,-0.43369746090420436
15389,0.3564644446398488,-0.3844986352796993
15390,0.3869757834944504,-0.363545953963807
15391,0.38473615949388235,0.05577905056982534
15392,-0.029156779103673966,-0.24178194362126823
15393,0.4704561225333475,0.08357977869675287
15394,-0.4551865567314371,0.025748463288744267
15395,-0.3042800896376587,-0.17379995261083844
15396,0.7474257370980133,0.35564414948228845
15397,-0.16379266796440095,-0.08107509140055401
15398,-0.34518884086852336,-0.27682967649743423
15399,-0.11230153256067482,-0.23610882110951578
15400,-0.39619909366269757,-0.39726201031077146
15401,0.09220357809985433,-0.4451348721388699
15402,-0.20793187646730377,-0.48256497571310336
15403,-0.40110843618651587,-0.3645350906635743
15404,-0.4596527108562222,-0.17491356239334002
15405,0.5214609063548077,-0.39721773935615695
15406,-0.795080708045385,-0.3883949150612958
15407,0.11496276253268453,-0.4586721612117296
15408,-0.12264992843976649,-0.44329052515496853
15409,-0.29657519904150126,-0.388080547557693
15410,0.3689282883463437,-0.3811183476320239
15411,0.021450961739297364,-0.4374987102961087
15412,0.23839257891516485,-0.47826221293952065
15413,0.7392463992043982,-0.15366072970493963
15414,-0.2446222327680915,-0.523043573696315
15415,-0.39461908523976225,-0.40495277562607535
15416,0.2982632010851503,-0.5138127681717326
15417,0.05762750047454857,-0.5965756580339305
15418,0.7199159145573637,-0.49176129375660876
15419,-0.302566995634199,-0.31907666690598196
15420,-0.15324753468082122,-0.5028859352441836
15421,-0.021754140909541194,-0.4192160408261896
15422,-0.16335318955230804,-0.5060316745596825
15423,0.5164758746320112,-0.36203628208482913
15424,0.40445491247544474,-0.40112739663982
15425,-0.13492285625436062,-0.5045992286428844
15426,0.4207263782192737,-0.17196744932089147
15427,-0.06177339625185543,-0.35229155135837736
15428,1.0521000546682882,0.015722024164267108
15429,-0.1801176966672217,-0.4286007752439361
15430,-0.9628977398091727,0.12628780371006443
15431,-0.1297622881379784,-0.241434919045284
15432,0.5125864774311836,-0.377529427024171
15433,0.23201941324535377,0.3386528514900441
15434,-1.4065085460728026,-0.2063132881183187
15435,0.38203030126696425,-0.04223996888705315
15436,-0.22841893551348125,-0.4284050216782921
15437,0.27899951358933106,-0.22030188950061128
15438,0.07753464003700611,-0.13931847516544532
15439,0.04839661983654595,-0.2896441755610429
15440,-0.3717350787165596,-0.3834740220571246
15441,1.3154552231768608,0.5605034934916342
15442,0.5696232861770729,0.055533015550391404
15443,0.11320692118953028,0.6617842273377142
15444,-0.34835222688860035,-0.035165719078855205
15445,0.2535713024575581,0.6489239394415349
15446,-0.7263023458233434,-0.2754202854473716
15447,-0.35995186830104614,0.44857344051375675
15448,0.37794638619496057,-0.3978704197273823
15449,-0.5514483998699853,-0.26864925726551087
15450,-0.19027512423133242,-0.10686210757523996
15451,0.2577877207070027,-0.2866995753160058
15452,-0.011531661558145601,-0.3806219591785608
15453,-0.49682339571606327,-0.43743480278937397
15454,0.6559134122172662,-0.3271467634652279
15455,-0.6527389365644958,-0.14542433831381524
15456,0.8054912779073462,-0.5653443848739361
15457,-0.10239967111878467,-0.4716229720142441
15458,-0.3618381802547546,-0.32605422718834537
15459,0.7197786797581687,0.009315305091254033
15460,0.5070984163470713,0.11664347981585145
15461,-0.3051929893436621,0.8623968116020759
15462,-0.1793229563597344,-0.2027275623395705
15463,0.11785284914041723,-0.24599405774818298
15464,1.0201971760460693,-0.1947390374260919
15465,0.5504594522223758,1.2235300743114712
15466,-0.673839409957243,0.3459211295489309
15467,0.8618653876964403,0.019284524565494628
15468,0.06400292919080072,-0.08261275124397038
15469,0.014439304043797153,-0.4250575320734649
15470,0.6736355619492632,0.27256659735505107
15471,0.22463216348439638,0.322823549079461
15472,0.7226564531460096,0.327592736779746
15473,0.09775947481472463,0.27296098501774435
15474,-0.4731072698809434,-0.014034198197088175
15475,-0.9485883184059886,0.9929046159168535
15476,-0.18131875367511496,-0.12687170234667888
15477,0.060551174608047015,-0.3324044694623487
15478,0.45901340272696217,-0.2304097783802373
15479,-0.2502575948858257,-0.3212203658873771
15480,-0.19316774784417384,-0.42242279238568226
15481,0.8246800214471599,0.2696393466330424
15482,-0.18540482300166505,-0.26776253207541173
15483,1.456886228677325,1.6672569042020566
15484,-0.7320600264834672,0.2742411112669614
15485,-0.29466067476414887,0.5638640375201939
15486,-1.0858337890237628,1.6580156149482754
15487,0.8999488207752762,1.0182523366435192
15488,0.46659838745329985,0.6631572467096172
15489,0.5856409547702635,0.4715445261763654
15490,0.1594340159920107,-0.04706272175655745
15491,5.7553239820907764e-05,0.019433652972201853
15492,0.8190902421674544,1.347817396439814
15493,-0.8128752192805792,0.34654890239821456
15494,0.04140837948202987,0.023812018006165198
15495,-0.6216364396619807,0.2719522202841369
15496,0.6530924314741725,0.13292465274123091
15497,-0.7428164724725903,-0.22174029403738418
15498,-0.1998244587694801,-0.2693076975104216
15499,-0.2726726575039426,-0.05683811810229332
15500,1.3465092083866332,0.12736572292293202
15501,-1.1226751409107967,-0.22913029370293836
15502,-0.34910636591091415,-0.3932340321055172
15503,0.26976773768503665,-0.4750609645794558
15504,0.3884084904877949,-0.4511195090581491
15505,-0.2524002809449068,-0.5176194316220958
15506,0.8323361227136931,-0.28619188320685357
15507,-0.9171975273699142,-0.14771573313091124
15508,-0.2809460505205289,0.7793400403571514
15509,-0.4366123675728268,-0.31003010413136134
15510,0.03159759826596534,-0.33481967570942295
15511,0.04535725278865438,-0.3994504446141076
15512,-0.4161089010754179,-0.4807383182560327
15513,-0.4999902791602947,-0.16685480296584881
15514,0.3143999182214559,-0.4411165472690143
15515,0.5417766977640369,-0.2639480918681043
15516,0.4603993220612865,0.03785596303229442
15517,0.2914048385908771,-0.3920770320052025
15518,0.3752245499763327,-0.43889047409307447
15519,0.36269757218808146,-0.12118279124938569
15520,-0.4728448749048223,-0.4340178493678358
15521,0.07255757082655974,-0.4381978267444343
15522,-0.4314680144397958,-0.48729871516355117
15523,-0.028403515516873843,-0.2968743980886085
15524,-0.5405342097468374,-0.5001700794859323
15525,-0.14883911817213435,-0.34939737576518504
15526,0.14710558233567983,-0.5028514561937688
15527,0.39940215267440926,-0.1224852526069024
15528,-1.2221539868678635,0.37392843262503384
15529,-0.5772789014711032,0.11124846636147728
15530,0.5233041989068078,0.08221766312567491
15531,-0.2502253101671705,0.37665130233882915
15532,-0.7325241351358522,0.4437772890941671
15533,0.48878510633600014,0.3318979918235722
15534,-0.5427898115123226,-0.48600735693734093
15535,-0.751439630525539,0.23761643670552562
15536,0.003350856033791172,-0.08422706866778357
15537,0.18399179442186214,0.06598866118499282
15538,-0.6673736919709871,0.0718398779625644
15539,0.3548012869878304,-0.371551648835189
15540,0.3514945366665181,-0.001299064745689617
15541,0.37677606861513874,-0.2504129297163211
15542,0.5010586514262124,-0.1949178351892636
15543,-0.470047296109898,-0.33825200855191967
15544,0.9582571281418454,0.21900210660103203
15545,-0.01584189936638591,-0.3795211145985475
15546,0.27489548894214283,-0.10438811734527521
15547,-0.5557302947996696,-0.29702212541616296
15548,0.14650402011847397,-0.337573780524562
15549,0.1084092142908885,-0.4167313790668581
15550,0.9054496030248438,-0.40455025213630014
15551,1.8899880737431494,0.49824942991338256
15552,0.4188625366993832,1.5569442348118951
15553,0.9795082188764158,0.5395820404467357
15554,0.2670692746692637,1.5861522985699634
15555,0.43585246494425534,2.10490352040284
15556,0.7538103595952849,1.8400868542019975
15557,-1.4960435914069032,1.2768989759536267
15558,0.42183728748209526,0.7878346270164543
15559,0.2395955711461953,0.29167652220509355
15560,0.09644979653692451,-0.19556091694683442
15561,0.0364177668711918,-0.1706434295774768
15562,-0.1700673297800078,-0.1426742846616894
15563,-0.35531309086091645,-0.01158174551794535
15564,0.16230666425097978,-0.15986408500240396
15565,-0.44479911997050636,-0.3413239054209619
15566,0.018989148026412776,-0.026903734309525022
15567,0.3259587373009368,0.07294537020474963
15568,-1.2404590328231169,-0.09325850428642937
15569,0.5886828181181302,0.3899858833413027
15570,-0.4627305284995915,-0.17563312080930982
15571,0.21159534852348713,-0.11484668597550134
15572,0.0446000465673346,-0.24317246486034427
15573,-0.2834897707148939,-0.4375939226710439
15574,-0.5156311873596034,-0.20462931298116094
15575,1.2293191522843034,0.5266585048042569
15576,0.31669166999700826,0.126610043215194
15577,-1.4721052605226028,0.25912373820440615
15578,0.22432288905811698,0.42356830539456886
15579,0.08690098481431435,0.5722383494466589
15580,0.1008563428257936,0.6178367203985407
15581,0.36068333738757624,1.000942500082786
15582,0.05003170894423911,0.11587929576520961
15583,-0.6368633575457946,5.265657600055946
15584,-0.8357401827021724,0.9175413930176339
15585,-3.092386866493447,4.614430962974436
15586,0.9410546103584327,1.0157793428226025
15587,-1.5675624918158153,1.286254740676057
15588,-0.33580310276738573,2.053607896247443
15589,-1.7466093287069016,2.319753995781599
15590,0.524332046126168,0.5729250509568549
15591,0.780808039566989,0.36140552652068214
15592,-0.6566773499876701,-0.18269840300728227
15593,0.3756976690884673,-0.4098590560161353
15594,0.05413169829136095,-0.3985065613102385
15595,0.942152859977371,-0.046000165845989836
15596,-0.7663423035209966,-0.006170669982731758
15597,0.35819594927155196,-0.13117602602732456
15598,-0.06732562075588976,-0.4192228885967463
15599,0.22848995365808136,-0.4368588694408048
15600,0.5556312516876067,-0.2274301341420518
15601,-0.5195132161052095,-0.24483373657352347
15602,0.2973722906480927,-0.49673044768499464
15603,0.3036771359232217,-0.4407116084875964
15604,0.36076241016682203,-0.4357385269056171
15605,-0.20170667109347812,-0.379616394389129
15606,-0.0010600884821734646,-0.442322317199321
15607,-0.45720994671352844,-0.5904422571673212
15608,-0.41073111324391975,-0.42647785447177555
15609,0.3932527274946279,-0.49749446636942324
15610,1.1055886355076112,-0.20749211684592964
15611,0.5220138797188033,0.2855240511206702
15612,-1.251837722164825,-0.3362631864046611
15613,0.18779021139408855,-0.5107830203200561
15614,-0.4377161312348249,-0.421568666568281
15615,0.7247585794277528,-0.4814925540120001
15616,-0.24013886043650343,-0.6053360907585578
15617,0.7618408600317278,-0.3940573057094692
15618,0.1976681747682715,-0.38578159313062754
15619,-0.2735627421074605,-0.4319253547997369
15620,-0.34759794733150534,-0.353383303881773
15621,0.21815886672065068,-0.45802056262525526
15622,0.05870281158561602,-0.32373526318856216
15623,-0.27379812920244045,-0.42496085505156755
15624,-1.1322645783060379,-0.08565735253993288
15625,0.5658568461615319,-0.23204573527365227
15626,-1.2942628299684276,-0.03140011689687675
15627,0.6763286660566316,-0.17938629753117374
15628,0.025064222388824744,-0.3738697857936267
15629,0.3153804068064947,-0.441429472456188
15630,-0.09769933812801045,-0.33588576194472014
15631,1.4007729681642473,-0.11186247421840473
15632,0.4903805766270695,0.9584823325233559
15633,0.4427335040533066,0.06861416994681963
15634,-0.4007515839054324,-0.3237923097650175
15635,0.16268397651829672,-0.47646264339255895
15636,-0.5182322113356671,-0.004369883404375077
15637,0.23533181604763495,-0.5020803198738737
15638,0.43993471218335123,-0.4154920258072244
15639,-0.2418374649453978,-0.5609952554702767
15640,0.15841212981066963,-0.4064460211515036
15641,-0.6582805236983716,-0.2705143466434836
15642,0.4158832186663751,-0.5871932538214653
15643,-0.1859844282415737,-0.12139692297954932
15644,0.19125335642879723,-0.152969249517811
15645,0.4318886752338964,-0.4885775460797728
15646,-0.4107196065372301,-0.22251007121010116
15647,-0.28321922794908033,-0.42993740566134014
15648,0.9242395312497876,-0.4127253901767233
15649,0.47758996752558747,-0.24223074345180534
15650,-0.3617301294266234,-0.27386310939991315
15651,0.4392433503778215,-0.350149771185452
15652,0.8686436444041753,1.0310478861596537
15653,-0.17041420369652693,0.27322376608538723
15654,0.4615696617649345,-0.14520848228474603
15655,0.5013601878876542,0.560194520724683
15656,-0.5907244040883698,-0.2353010626991342
15657,-0.631843670283862,-0.28611431284479527
15658,-0.3341600935841265,-0.4995553184864899
15659,-0.46883379195759106,-0.09026181507913146
15660,0.4756466933939801,-0.20928933229000043
15661,-0.21592317543232842,-0.4221224506526719
15662,0.1953803883910417,-0.39972259833943924
15663,-0.09610333986718678,-0.4521789886929305
15664,-0.15672723714789294,-0.3406198671014341
15665,0.005966202587095827,-0.16471076883792674
15666,-0.4469875746337516,-0.03523526795827338
15667,0.32726486361748824,-0.25376728940819876
15668,-0.15282131136186158,-0.4666053625318591
15669,-0.3804197652716516,-0.27574691578672167
15670,0.5529724527887843,-0.36363465415378143
15671,0.4049382434752669,-0.39896474427289147
15672,0.6328151114972154,-0.026017242145503112
15673,3.1770538100151926,8.394203460604098
15674,0.19278084926486097,1.0579705753111426
15675,1.344975022130433,2.6315404216342717
15676,-0.037107228161639784,0.5697250047474447
15677,0.906277068780303,1.4587713968855454
15678,0.16937037596002708,3.510501594278789
15679,-0.4233710003282286,1.3332059643058103
15680,-0.32664378806096583,0.4161039778509543
15681,0.3536375697337409,0.904946947754726
15682,-0.6343129631409775,-0.21454291882159068
15683,0.6922438707132348,0.6557834461063388
15684,-0.8107148908709654,-0.06976718796270892
15685,0.1780046070796155,-0.1641615197636367
15686,-0.3407347661470695,-0.040810708309169115
15687,-0.7075350323711043,0.4323117905265709
15688,0.24198671783606962,0.35067193805057767
15689,0.212813889055778,-0.07522294724662971
15690,1.3265549214711176,-0.20608162507035044
15691,-0.010262659624604225,0.39151253551859627
15692,-2.253379557980289,0.09951090400093415
15693,0.8708236501141617,-0.04364804878493809
15694,0.2545425489833488,-0.3708289527950432
15695,-0.16403288672852998,0.034039188323580126
15696,-1.4058068177508667,0.6539571221596318
15697,0.5043365798853532,-0.40631367913634575
15698,0.4170427926146323,-0.41057792921838404
15699,-1.1243584004803393,-0.10227419611029014
15700,-0.6118643016220358,-0.3289970167822382
15701,0.42168512995764734,1.0740363730974964
15702,0.081101043787078,-0.007269133242433044
15703,0.5169328217425897,0.11133302239630938
15704,0.2980238445828441,-0.5106390238529712
15705,0.018201280559345338,-0.506986295621606
15706,-0.33178213845377635,-0.38972003327237176
15707,0.5336791660585252,-0.19840209673940598
15708,0.02322539692883977,-0.49325638690793316
15709,0.28458384235841994,-0.5225315408952479
15710,0.24955430185901725,-0.47010968882258863
15711,0.4448253926763047,-0.3467735015350598
15712,0.021385726174170058,-0.4653504142120352
15713,-0.4967016215606725,-0.5755920877077632
15714,0.45028379904704713,-0.37217471752549325
15715,0.18905352831766933,-0.5167009491133181
15716,-0.5042134697415025,-0.47242406753354643
15717,0.022307746640096292,-0.44154585844649447
15718,0.39530904957302115,0.14791704456650526
15719,-0.4795354284451404,-0.34977428937898397
15720,0.1709296790102446,-0.25643495031537
15721,-0.38974670488362584,-0.3771889075858975
15722,0.6373533669719124,-0.4904386726390588
15723,0.930929239772188,-0.43559280932185473
15724,-0.3838083379211942,-0.1451915644357566
15725,-0.2231084261558315,-0.3735821015190304
15726,0.07448753486213332,-0.44434030487968323
15727,0.3219660127475972,-0.4197683997986731
15728,-0.9167896489328158,-0.42689140562132905
15729,0.4542929458353467,-0.3349094135366715
15730,-0.4049683131207139,-0.46436123921350836
15731,0.40661565003840616,-0.49342487810614527
15732,1.0321349641394089,0.276314299862839
15733,-0.14251653949893167,-0.34049937053638984
15734,0.6002343073121016,0.25699062370919146
15735,-0.7840128875801611,-0.008497747357354375
15736,0.12216386732313163,-0.048646354409668746
15737,0.058586013409026055,-0.22894379227410397
15738,-0.16950797411717108,-0.4895519947863696
15739,-0.6629855334265943,-0.24163609996834906
15740,-0.1701666633671624,0.11148979751043349
15741,0.30747153752264694,0.3554808197737544
15742,0.3152273735383783,-0.24137750214347098
15743,-0.16960425238920074,-0.47785366405672147
15744,0.3755860177985692,-0.31575991922493657
15745,0.3688447214723158,0.12932657187898763
15746,-0.13738469109855014,-0.3730783970063303
15747,-0.7842625985405597,0.05884886929953593
15748,-0.00012393951164242856,-0.4722647827960943
15749,0.549444968178656,-0.27959004453031183
15750,-0.04819964087438192,-0.4382198293522145
15751,-0.02341244867936124,-0.42340516153744706
15752,-0.11121875504414497,-0.42038176145930584
15753,0.09224743479193044,-0.14485396888412294
15754,-0.10237159187919082,-0.3813199679303612
15755,-0.4360445854539311,-0.3244193744336421
15756,0.2802826595981861,-0.4107292708701529
15757,-0.038489105781985715,-0.4488117145525902
15758,0.08870884310094318,-0.4402113124194734
15759,0.3604976762826339,-0.3379435821976506
15760,-0.04448059707107879,-0.43952140064841766
15761,0.44924574353378444,-0.33896379528911885
15762,0.1879337887958922,0.188930451090706
15763,0.0626910456603187,-0.22247503555505496
15764,-0.6331919750295661,-0.49619349177160466
15765,-0.039493666390694813,-0.03831625135804444
15766,-0.033410822877764396,-0.15986980468417705
15767,1.279120863134873,1.9626897648997756
15768,0.7663681516062781,0.8768510872512563
15769,-2.3449198879553896,9.796173449157328
15770,0.2611047412553063,0.9414957810276693
15771,-2.332100916629405,2.4331125632561386
15772,0.9976706843595082,0.9938021057277333
15773,0.573733943356766,0.8114700981071953
15774,2.023337285925063,0.6096310476200167
15775,-2.0046104408443357,0.12054405019240055
15776,-0.2520053428510584,0.3797927504626367
15777,1.3844635857248793,-0.27521758187507256
15778,-0.33094084160530357,0.05794885432040923
15779,-0.21212471442289071,-0.2923982917327839
15780,-0.4130796974977702,-0.49919371789013106
15781,-0.30338769235659113,-0.5135332601205985
15782,-0.3558250154860884,0.14101927967738703
15783,0.9387138997012724,-0.04752260832878932
15784,-0.3639310488461356,-0.3164345052786974
15785,0.6475271642076282,-0.3846564167292057
15786,-0.25920932884884523,-0.3033753481120647
15787,0.1448943602166506,-0.32933728279993607
15788,-0.17238315701351212,-0.5472906887363326
15789,0.753559568051906,-0.5404344526760828
15790,-0.022439472718097687,-0.4423881736135746
15791,-0.5337510777447481,-0.3705704336456542
15792,-0.1697724133133313,-0.43674182929920435
15793,0.12350233569651409,-0.5892392898583058
15794,0.06795753806469103,-0.5580731127992347
15795,-0.11822823731536795,-0.3038337496068847
15796,0.504431800906239,-0.5040399197059625
15797,0.08719502396832812,-0.35636740472804623
15798,0.09384046814551572,-0.41919902373947104
15799,-0.6417010766957547,-0.45741943702530613
15800,-0.0167544229642005,-0.326769536148414
15801,0.07513057620306773,-0.477790024019993
15802,0.012451898427697792,-0.5117847405113184
15803,0.2714047398485066,-0.37623306541558926
15804,0.0015069462319398897,-0.571791850686675
15805,0.36628870336917685,-0.41309113364831845
15806,-0.08892496408588497,-0.38513067911342175
15807,0.45613778101247554,-0.36149194137279805
15808,1.3915102750277404,0.28027682201280396
15809,-0.03347049907193791,-0.3392359610563281
15810,-0.08955066951070619,-0.3534657530178199
15811,1.1847538234030095,0.6347867788823506
15812,-0.21347346845391604,-0.3800188633077532
15813,0.3453762337855213,-0.23511673138324052
15814,0.05941054557359902,0.025666001235057977
15815,-0.4188827505125128,0.3408953457469547
15816,1.5970518267341176,0.09671271082054021
15817,2.3553044113733215,1.9108231757277332
15818,-0.5793059002949906,2.0470156866484492
15819,-0.0023034941654836967,0.7836814901630609
15820,-0.08972583132611155,0.33810288874249783
15821,-0.4320377693175084,0.28390729956808863
15822,-0.5723776373593388,0.30928902977458844
15823,0.49071647500965854,-0.4299703339218361
15824,0.0758391466335596,-0.3483069708540424
15825,0.19016357988634205,-0.24363549937432002
15826,-0.43960982663445464,0.018907565589027647
15827,-0.48335176480725456,-0.35791897885017887
15828,-0.12146793707192077,-0.29253611814626207
15829,0.0786043204543882,0.14723572851107783
15830,0.25870076295834,0.33853302637621807
15831,-0.11190545281133071,-0.2851379429609604
15832,0.7651703857325411,0.31497868696747267
15833,0.07690522995559486,-0.062458199583392805
15834,-0.047536973905064055,-0.3744421473235645
15835,0.17490015920629273,-0.3418669598894892
15836,0.19348002360938948,-0.21786782511167435
15837,0.1636272206684514,-0.05179461042601059
15838,0.2361310748521069,0.37776963655140655
15839,-0.8844811798900986,-0.1410024481490535
15840,-0.28799699468913736,0.010210062804762401
15841,-0.3406993330253934,-0.03471016038858425
15842,-0.016323840550057058,-0.3011547930116308
15843,0.0035481126715831723,0.20157281106339275
15844,-0.28964159889594354,-0.4607297638756812
15845,-0.332366676241318,0.16026557798060284
15846,-0.17127454214572377,-0.20792351223271496
15847,-0.195280159407584,0.04676004467375766
15848,0.19192680071079044,0.14642567318611271
15849,-0.1755573062267869,-0.5314149829791674
15850,-0.00753202545879528,-0.5482579036666185
15851,0.16214070861345634,0.043907614709809965
15852,-0.2927513451947806,-0.27740221010661714
15853,-0.3312456089805038,0.08233125992472326
15854,0.41995392778470725,-0.0028296435515254154
15855,-0.47585228563647436,0.15735799663640904
15856,0.011341675955906728,-0.20579295068071446
15857,0.12559050876084119,-0.6190144310712519
15858,0.055479768975347954,-0.5556320296558759
15859,-0.1324288910570285,-0.2104798334145443
15860,0.5206152797299144,-0.11931559480277629
15861,-0.4906621303991257,-0.35632537360047967
15862,-0.34716860323419757,-0.29118516843349596
15863,-0.42359714162531814,0.6267286376877074
15864,0.8181838932372395,0.5001074206908893
15865,-0.08248923110711641,-0.2413412892118183
15866,0.49274103972190636,0.18454023145495566
15867,-0.36048176677247346,-0.2781574381565894
15868,-0.12568130911738032,-0.2412171273556201
15869,-0.24413669012732053,0.19915147710861997
15870,0.5711450599433511,-0.11301284433679408
15871,0.11121922002554718,1.7097115819647164
15872,0.5477185356961879,1.8581113081198921
15873,-1.4612422169717811,0.04737176111404381
15874,1.1660259213323574,-0.49072523183308925
15875,-1.1593009560489447,0.042740674818460306
15876,0.007929525167970146,-0.26174204257995237
15877,0.5625879384854763,-0.3731092714245887
15878,0.10266751864364582,-0.11505028719253665
15879,0.5872527325397828,-0.28795219080784884
15880,0.425689198692478,0.29413952981638397
15881,-0.40986664668884976,-0.17866387550112506
15882,0.7408928243107007,-0.11682333001683651
15883,0.20782826231545465,-0.1952435334087113
15884,1.0067427502530015,0.8585612956876802
15885,0.2879877114076866,0.9177276153775601
15886,-0.4571507816304306,0.8347540880556188
15887,0.5897991122766919,0.8002767706072363
15888,0.4970756148577078,0.7797918655313745
15889,0.626177773537677,0.7528473474587583
15890,0.07928860863072966,0.08032553175827369
15891,-0.7544865805547623,-0.04603777907621348
15892,0.6151335257566444,0.08956039539640986
15893,0.15753278117527109,-0.0030944753029755454
15894,0.4271153234107261,0.12504602832178863
15895,-1.0351920358664235,1.152893225369798
15896,-0.47142389576174315,0.9121011324923611
15897,0.5877809022765138,0.011833539075463391
15898,0.02212619054409353,-0.10524125171023696
15899,-0.30140946395419527,0.05999393267537708
15900,-0.3525827424265317,-0.46512416313129484
15901,-0.28256917066186854,-0.4328003953036306
15902,0.17107295681753926,-0.2625978141328371
15903,1.1322226435709764,0.08666792732499903
15904,0.9415461137355315,1.2474642378064076
15905,-0.34291024726669433,0.13889903686750776
15906,0.26914301011545777,0.3474732989910204
15907,-0.35937977805954574,-0.2010574422917249
15908,0.6785799558962876,-0.1984318973473799
15909,-0.05173349007895327,-0.31929113957184435
15910,-0.19471591785834683,-0.3858325440503256
15911,0.07127084397427648,0.5189802223950067
15912,-0.4230574837088995,0.503180935530064
15913,0.7552981838863695,0.07349101453765348
15914,0.3237712382228566,-0.08716471029463242
15915,-0.09882574939204511,1.0161464533740172
15916,-0.5245236538908215,-0.19993927600030115
15917,-0.4157677403818967,0.35998229555912964
15918,-0.7495667034917021,0.2535665443643332
15919,0.7725984156219604,0.08372638705576002
15920,-0.023986286918141083,0.07808299932562615
15921,-0.06689321469461357,-0.15471659317268638
15922,-0.15932408143196314,0.13818363561713654
15923,0.1352621650456991,-0.29241666977390796
15924,0.3322437622201359,0.06174044661041723
15925,0.15396233849500085,0.6074947463049025
15926,0.4057211949762473,0.31799120109846085
15927,-0.32962231975808515,-0.1594164115446772
15928,-0.3584444699021638,-0.1998459700351834
15929,0.38061340467449023,-0.2617261579891254
15930,-0.35574577638184496,-0.07090849834886172
15931,-0.0022836832812606583,0.6503770308090897
15932,0.15541968220569446,-0.2677595874414051
15933,-0.22375309056325002,-0.3317978036227403
15934,-0.05479505852042914,-0.09205142939313186
15935,0.3741161587101303,0.6942778538548724
15936,-0.27150848815860285,-0.33261556927848884
15937,-0.10784226475933748,-0.31272288671122134
15938,0.2429321290858028,0.18933598044207936
15939,-0.08839670053576601,0.04822873608230632
15940,-0.08481604107131148,-0.307506038442817
15941,0.19324779054480642,-0.5059899311232585
15942,-0.15563365876046964,-0.46590783689046716
15943,0.264167976987242,-0.35690218233800247
15944,0.5307930512658342,-0.27299507805399265
15945,0.5182306247183553,-0.08352330526026237
15946,0.16014163912788987,0.04822090359884082
15947,0.0512387115684309,0.8659968087549978
15948,0.23167805919595477,0.24320314700685547
15949,-0.04147817441960333,0.04104638251114851
15950,1.8546624046826148,0.5035136029915099
15951,0.12822680401332254,1.0777849926575553
15952,0.04093674999746746,0.33697643142759154
15953,-0.42506984644472856,0.013813067526666665
15954,-0.08600712440173439,0.13118784551911974
15955,-0.9639276367159946,0.08334524236398376
15956,0.5289865282873821,0.023069725552032093
15957,0.31612983681385814,0.1949759783327482
15958,0.40108914296178666,-0.013098258799242564
15959,-0.5866412770954743,0.4787933909244735
15960,-0.3544417847856487,-0.2859649217161939
15961,0.559682844748401,-0.22854380829680662
15962,-0.07818502469772706,-0.1529521153124986
15963,-0.3049529462136353,-0.013674935156174274
15964,0.2611556095154155,0.029753415861619524
15965,-0.38946529029416327,0.03639423451465759
15966,-1.393288182851614,3.8603860843833058
15967,-0.33776170324015453,0.715971831549446
15968,1.505122717712873,1.1473935737494196
15969,-0.47925398910364353,0.39648228670265245
15970,-0.4613868060507295,-0.15065193580128125
15971,1.19015583496952,0.04706060538016002
15972,-0.39053609097610065,0.29663186633703115
15973,-0.6295566424365819,1.0462686793672562
15974,0.08276685999612261,0.15564863718569727
15975,-0.3994568392418795,1.3082373685968762
15976,-0.34334109455198225,0.7486252543275885
15977,-0.7767145087830656,1.511944574583904
15978,-1.0671652818225774,0.891024820119064
15979,-1.5211151862233905,1.4822891568145289
15980,1.3885782255025203,-0.030883748711347758
15981,0.8699496128552489,0.28135713722384886
15982,0.0288466701079922,-0.3358700993118658
15983,-0.279495987803213,0.06557039306735113
15984,0.38841383833615817,-0.4112511103216878
15985,-0.17941674490960696,-0.5248897851819613
15986,0.22234354426596606,-0.47485757334533296
15987,-0.109777259603958,-0.5223457071693827
15988,-0.033727351492318355,-0.5151825162340865
15989,0.2979033441573995,-0.4368942979764099
15990,0.1603608865582581,-0.4817199267420439
15991,0.931526151416443,-0.20531525292467315
15992,-0.21754177878014339,-0.3383309566123946
15993,-0.14730398858272462,-0.4994420952629665
15994,0.3660052591927716,-0.46157925160208113
15995,0.6327137492177212,-0.10487717994376343
15996,0.32854261931519907,-0.5435504118119237
